--------- beginning of main
06-30 14:12:40.394 I/adbd    (  539): adbd service requested 'shell,v2,raw:am broadcast -a com.aiquota.mobile.debug.REFRESH_PROVIDER --es provider_id gemini'
06-30 14:12:40.411 I/ActivityManager(  690): Broadcasting: Intent { act=com.aiquota.mobile.debug.REFRESH_PROVIDER flg=0x400000 (has extras) }
06-30 14:12:40.412 I/ActivityManager(  690): Broadcast completed: result=0
--------- beginning of system
06-30 14:12:40.413 I/ActivityManager(  690): Enqueued broadcast Intent { act=com.aiquota.mobile.debug.REFRESH_PROVIDER flg=0x400000 (has extras) }: 0
06-30 14:12:40.594 I/adbd    (  539): adbd service requested 'shell,v2,raw:dumpsys package com.google.android.gms'
06-30 14:12:40.722 I/system_server(  690): Background young concurrent mark compact GC freed 16MB AllocSpace bytes, 6(272KB) LOS objects, 25% free, 47MB/64MB, paused 1.710ms,24.991ms total 57.410ms
06-30 14:12:40.734 I/artd    ( 3273): GetBestInfo: odex next to the dex file (/data/app/~~pUpe9D-hsv0lOCLmNQJGyA==/com.google.android.gms-a0e_AySruvvgbDhYG8Z6yQ==/oat/x86_64/base.odex) is kOatUpToDate with filter 'speed-profile' executable 'false'
06-30 14:12:40.736 I/artd    ( 3273): GetBestInfo: dm (/data/app/~~pUpe9D-hsv0lOCLmNQJGyA==/com.google.android.gms-a0e_AySruvvgbDhYG8Z6yQ==/split_AdsDynamite_installtime.dm) is kOatUpToDate with filter 'verify' executable 'false'
06-30 14:12:40.737 I/artd    ( 3273): GetBestInfo: odex next to the dex file (/data/app/~~pUpe9D-hsv0lOCLmNQJGyA==/com.google.android.gms-a0e_AySruvvgbDhYG8Z6yQ==/oat/x86_64/split_CronetDynamite_installtime.odex) is kOatUpToDate with filter 'speed-profile' executable 'false'
06-30 14:12:40.739 I/artd    ( 3273): GetBestInfo: dm (/data/app/~~pUpe9D-hsv0lOCLmNQJGyA==/com.google.android.gms-a0e_AySruvvgbDhYG8Z6yQ==/split_DynamiteLoader_installtime.dm) is kOatUpToDate with filter 'verify' executable 'false'
06-30 14:12:40.740 I/artd    ( 3273): GetBestInfo: dm (/data/app/~~pUpe9D-hsv0lOCLmNQJGyA==/com.google.android.gms-a0e_AySruvvgbDhYG8Z6yQ==/split_DynamiteModulesA_installtime.dm) is kOatUpToDate with filter 'verify' executable 'false'
06-30 14:12:40.742 I/artd    ( 3273): GetBestInfo: dm (/data/app/~~pUpe9D-hsv0lOCLmNQJGyA==/com.google.android.gms-a0e_AySruvvgbDhYG8Z6yQ==/split_DynamiteModulesC_installtime.dm) is kOatUpToDate with filter 'verify' executable 'false'
06-30 14:12:40.743 I/artd    ( 3273): GetBestInfo: dm (/data/app/~~pUpe9D-hsv0lOCLmNQJGyA==/com.google.android.gms-a0e_AySruvvgbDhYG8Z6yQ==/split_GoogleCertificates_installtime.dm) is kOatUpToDate with filter 'verify' executable 'false'
06-30 14:12:40.744 I/artd    ( 3273): GetBestInfo: dm (/data/app/~~pUpe9D-hsv0lOCLmNQJGyA==/com.google.android.gms-a0e_AySruvvgbDhYG8Z6yQ==/split_MapsDynamite_installtime.dm) is kOatUpToDate with filter 'verify' executable 'false'
06-30 14:12:40.745 I/artd    ( 3273): GetBestInfo: dm (/data/app/~~pUpe9D-hsv0lOCLmNQJGyA==/com.google.android.gms-a0e_AySruvvgbDhYG8Z6yQ==/split_MeasurementDynamite_installtime.dm) is kOatUpToDate with filter 'verify' executable 'false'
06-30 14:12:40.746 I/artd    ( 3273): GetBestInfo: /data/user_de/0/com.google.android.gms/app_chimera/m/0000000e/dl-IdentityCredentialsPlatform.optional_262031100800.apk has no usable artifacts
06-30 14:12:40.747 I/artd    ( 3273): GetBestInfo: /data/user_de/0/com.google.android.gms/app_chimera/m/00000001/CronetDynamite.apk has no usable artifacts
06-30 14:12:40.748 I/artd    ( 3273): GetBestInfo: /data/user_de/0/com.google.android.gms/app_chimera/m/00000013/dl-TfliteDynamiteDynamite.integ_252130102100800.apk has no usable artifacts
06-30 14:12:40.749 I/artd    ( 3273): GetBestInfo: /data/user_de/0/com.google.android.gms/app_chimera/m/00000002/DynamiteLoader.apk has no usable artifacts
06-30 14:12:40.750 I/artd    ( 3273): GetBestInfo: /data/user_de/0/com.google.android.gms/app_chimera/m/0000000c/dl-IdentityCredentialsPlatform.optional_261136100800.apk has no usable artifacts
06-30 14:12:40.750 I/artd    ( 3273): GetBestInfo: /data/user_de/0/com.google.android.gms/app_chimera/m/00000005/GoogleCertificates.apk has no usable artifacts
06-30 14:12:40.752 I/artd    ( 3273): GetBestInfo: /data/user_de/0/com.google.android.gms/app_chimera/m/0000000a/dl-TfliteDynamiteDynamite.integ_260580502100800.apk has no usable artifacts
06-30 14:12:40.753 I/artd    ( 3273): GetBestInfo: /data/user_de/0/com.google.android.gms/app_chimera/m/00000016/dl-PlayCloudSearch.optional_262031100000.apk has no usable artifacts
06-30 14:12:40.754 I/artd    ( 3273): GetBestInfo: /data/user_de/0/com.google.android.gms/app_chimera/m/00000014/dl-MlkitOcrCommon.optional_262031100800.apk has no usable artifacts
06-30 14:12:40.756 I/artd    ( 3273): GetBestInfo: /data/user_de/0/com.google.android.gms/app_chimera/m/00000008/dl-VisionOcr.optional_261136100000.apk has no usable artifacts
06-30 14:12:40.756 I/artd    ( 3273): GetBestInfo: /data/user_de/0/com.google.android.gms/app_chimera/m/00000010/dl-Appsearch.optional_262031100800.apk has no usable artifacts
06-30 14:12:40.758 I/artd    ( 3273): GetBestInfo: /data/user_de/0/com.google.android.gms/app_chimera/m/0000000b/dl-Appsearch.optional_261136100800.apk has no usable artifacts
06-30 14:12:40.759 I/artd    ( 3273): GetBestInfo: vdex next to the dex file (/data/user/0/com.google.android.gms/app_dg_cache/9BCBC14EE674B00B958D4B0C5B4BD883630AA39E/oat/x86_64/the.vdex) is kOatUpToDate with filter 'verify' executable 'false'
06-30 14:12:40.760 I/artd    ( 3273): GetBestInfo: /data/user_de/0/com.google.android.gms/app_chimera/m/00000009/dl-MlkitOcrCommon.optional_261136100800.apk has no usable artifacts
06-30 14:12:40.761 I/artd    ( 3273): GetBestInfo: /data/user/0/com.google.android.gms/app_dg_cache/22DA9D7AD8ED7504E0CAC64C41ECDBD7068924E0/the.apk has no usable artifacts
06-30 14:12:40.762 I/artd    ( 3273): GetBestInfo: vdex next to the dex file (/data/user/0/com.google.android.gms/app_dg_cache/FEE57AEA14526BE59FD8AB1365237E7B7A5CE7CB/oat/x86_64/the.vdex) is kOatUpToDate with filter 'verify' executable 'false'
06-30 14:12:40.763 I/artd    ( 3273): GetBestInfo: vdex next to the dex file (/data/user/0/com.google.android.gms/app_dg_cache/1C62BDE86218FBAA50DF06C4A79F5C3FE74B69EC/oat/x86_64/the.vdex) is kOatUpToDate with filter 'verify' executable 'false'
06-30 14:12:40.764 I/artd    ( 3273): GetBestInfo: /data/user_de/0/com.google.android.gms/app_chimera/m/0000000f/dl-VisionOcr.optional_262031100000.apk has no usable artifacts
06-30 14:12:40.765 I/artd    ( 3273): GetBestInfo: /data/user_de/0/com.google.android.gms/app_chimera/m/00000015/dl-MlkitBarcodeUi.optional_262031100800.apk has no usable artifacts
06-30 14:12:40.766 I/artd    ( 3273): GetBestInfo: /data/user_de/0/com.google.android.gms/app_chimera/m/00000007/MeasurementDynamite.apk has no usable artifacts
06-30 14:12:41.520 I/HalDevMgr(  690): bestIfaceCreationProposal is null, requestIface=STA, existingIface=[name=wlan0 type=STA]
06-30 14:12:42.037 I/wpa_supplicant(  961): wlan0: CTRL-EVENT-BEACON-LOSS 
06-30 14:12:44.528 I/HalDevMgr(  690): bestIfaceCreationProposal is null, requestIface=STA, existingIface=[name=wlan0 type=STA]
06-30 14:12:45.622 D/ActivityManager(  690): freezing 20906 com.google.android.gms
06-30 14:12:47.538 I/HalDevMgr(  690): bestIfaceCreationProposal is null, requestIface=STA, existingIface=[name=wlan0 type=STA]
06-30 14:12:49.518 D/SatelliteController( 1128): isInCarrierRoamingNbIotNtn: satellite is disabled
06-30 14:12:49.518 D/SatelliteController( 1128): getCarrierRoamingNtnConnectType: Checking connect type from PLMN config for subId: 1
06-30 14:12:49.518 D/TelephonyConfigUpdateInstallReceiver( 1128): getConfigParser: domain=satellite
06-30 14:12:49.518 V/SatelliteController( 1128): satelliteConfigParser is not ready
06-30 14:12:49.518 D/SatelliteController( 1128): isSatelliteAttachSupportedViaConfigupdater: return null (satelliteConfig is null)
06-30 14:12:49.518 D/SatelliteController( 1128): getSatellitePerPlmnConfiguration: invalid subId or not supported via carrier.
06-30 14:12:49.519 D/SatelliteController( 1128): getCarrierRoamingNtnConnectType: config: null
06-30 14:12:49.519 D/TelephonyConfigUpdateInstallReceiver( 1128): getConfigParser: domain=satellite
06-30 14:12:49.519 V/SatelliteController( 1128): satelliteConfigParser is not ready
06-30 14:12:49.519 D/SatelliteController( 1128): getCarrierRoamingNtnConnectTypeViaConfigUpdater: return null (satelliteConfig is null)
06-30 14:12:49.519 D/SatelliteController( 1128): getCarrierRoamingNtnConnectType: Falling back to global carrier config connect type: 0
06-30 14:12:49.519 D/TelephonyConfigUpdateInstallReceiver( 1128): getConfigParser: domain=satellite
06-30 14:12:49.519 V/SatelliteController( 1128): satelliteConfigParser is not ready
06-30 14:12:49.519 D/SatelliteController( 1128): isSatelliteAttachSupportedViaConfigupdater: return null (satelliteConfig is null)
06-30 14:12:49.519 D/SatelliteController( 1128): getCarrierRoamingNtnConnectType: Checking connect type from PLMN config for subId: 1
06-30 14:12:49.519 D/TelephonyConfigUpdateInstallReceiver( 1128): getConfigParser: domain=satellite
06-30 14:12:49.519 V/SatelliteController( 1128): satelliteConfigParser is not ready
06-30 14:12:49.519 D/SatelliteController( 1128): isSatelliteAttachSupportedViaConfigupdater: return null (satelliteConfig is null)
06-30 14:12:49.520 D/SatelliteController( 1128): getSatellitePerPlmnConfiguration: invalid subId or not supported via carrier.
06-30 14:12:49.520 D/SatelliteController( 1128): getCarrierRoamingNtnConnectType: config: null
06-30 14:12:49.520 D/TelephonyConfigUpdateInstallReceiver( 1128): getConfigParser: domain=satellite
06-30 14:12:49.520 V/SatelliteController( 1128): satelliteConfigParser is not ready
06-30 14:12:49.520 D/SatelliteController( 1128): getCarrierRoamingNtnConnectTypeViaConfigUpdater: return null (satelliteConfig is null)
06-30 14:12:49.520 D/SatelliteController( 1128): getCarrierRoamingNtnConnectType: Falling back to global carrier config connect type: 0
06-30 14:12:49.520 D/TelephonyConfigUpdateInstallReceiver( 1128): getConfigParser: domain=satellite
06-30 14:12:49.520 V/SatelliteController( 1128): satelliteConfigParser is not ready
06-30 14:12:49.520 D/SatelliteController( 1128): isSatelliteAttachSupportedViaConfigupdater: return null (satelliteConfig is null)
06-30 14:12:49.557 W/skia    (  527): AGTM parsing failed flags.readFromStream(s) at 159
06-30 14:12:49.558 W/skia    (  527): AGTM parsing failed flags.readFromStream(s) at 159
06-30 14:12:49.974 I/wpa_supplicant(  961): wlan0: CTRL-EVENT-BEACON-LOSS 
06-30 14:12:50.541 I/AdbWifiNetworkMonitor(  690): Wi-Fi network available
06-30 14:12:50.541 I/AdbWifiNetworkMonitor(  690): Received the same Wi-Fi SSID. Ignoring.
06-30 14:12:50.542 I/HalDevMgr(  690): bestIfaceCreationProposal is null, requestIface=STA, existingIface=[name=wlan0 type=STA]
06-30 14:12:50.544 D/WM-WorkConstraintsTrack( 3977): NetworkRequestConstraintController onCapabilitiesChanged callback
06-30 14:12:50.544 D/WM-WorkConstraintsTrack( 2923): NetworkRequestConstraintController onCapabilitiesChanged callback
06-30 14:12:50.545 W/libbinder.IPCThreadState(  690): Sending oneway calls to frozen process.
06-30 14:12:50.545 W/libbinder.IPCThreadState(  690): Sending oneway calls to frozen process.
06-30 14:12:50.545 I/NullBinder( 1317): NullBinder for android.net.action.RECOMMEND_NETWORKS triggering remote TransactionTooLargeException due to Service without Chimera impl, calling uid: 1000, calling pid: 0
06-30 14:12:50.546 W/libbinder.IPCThreadState(  690): Sending oneway calls to frozen process.
06-30 14:12:50.546 W/libbinder.IPCThreadState(  690): Sending oneway calls to frozen process.
06-30 14:12:50.546 W/libbinder.IPCThreadState(  690): Sending oneway calls to frozen process.
06-30 14:12:50.546 W/libbinder.IPCThreadState(  690): Sending oneway calls to frozen process.
06-30 14:12:50.546 W/libbinder.Binder( 1317): Large reply transaction of 1056768 bytes, interface descriptor , function: UNKNOWN_FUNCTION_NAME, code: 1, flags: 17
06-30 14:12:50.547 I/BugleRcsEngine( 3867): handleMessage processing message:[NOTIFY_UPTIME_IGNORE_STATE_CHANGED] with [non-null]:RcsEngineImpl reference [CONTEXT log_prefix="RcsEngineImpl[DUAL_REG]:[390448b9-d26f]>Handler" thread_id=69 ]
06-30 14:12:50.547 I/BugleRcsEngine( 3867): Connected state: [1], networkType: [WIFI] [CONTEXT thread_id=65 ]
06-30 14:12:50.548 D/ConnectivityService(  690): NetReassign [no changes] [c 0] [a 2] [i 0]
06-30 14:12:50.548 I/NearbyMediums( 1317): Wifi changed new SSID: "AndroidWifi"
06-30 14:12:50.548 I/NearbyMediums( 1317): WifiLanConnectivityInfo is not changed, skip notify.
06-30 14:12:50.552 I/BugleRcsEngine( 3867): No RCS Configuration was found in Bugle for simID: redacted-pii:sim_id[chars:20,last3:897] [CONTEXT log_prefix="ProvisioningEngineDataRetriever" thread_id=69 ]
06-30 14:12:50.585 I/adbd    (  539): adbd service requested 'shell,v2,raw:dumpsys package com.google.android.gms'
06-30 14:12:50.714 I/artd    ( 3273): GetBestInfo: odex next to the dex file (/data/app/~~pUpe9D-hsv0lOCLmNQJGyA==/com.google.android.gms-a0e_AySruvvgbDhYG8Z6yQ==/oat/x86_64/base.odex) is kOatUpToDate with filter 'speed-profile' executable 'false'
06-30 14:12:50.715 I/artd    ( 3273): GetBestInfo: dm (/data/app/~~pUpe9D-hsv0lOCLmNQJGyA==/com.google.android.gms-a0e_AySruvvgbDhYG8Z6yQ==/split_AdsDynamite_installtime.dm) is kOatUpToDate with filter 'verify' executable 'false'
06-30 14:12:50.716 I/artd    ( 3273): GetBestInfo: odex next to the dex file (/data/app/~~pUpe9D-hsv0lOCLmNQJGyA==/com.google.android.gms-a0e_AySruvvgbDhYG8Z6yQ==/oat/x86_64/split_CronetDynamite_installtime.odex) is kOatUpToDate with filter 'speed-profile' executable 'false'
06-30 14:12:50.717 I/artd    ( 3273): GetBestInfo: dm (/data/app/~~pUpe9D-hsv0lOCLmNQJGyA==/com.google.android.gms-a0e_AySruvvgbDhYG8Z6yQ==/split_DynamiteLoader_installtime.dm) is kOatUpToDate with filter 'verify' executable 'false'
06-30 14:12:50.718 I/artd    ( 3273): GetBestInfo: dm (/data/app/~~pUpe9D-hsv0lOCLmNQJGyA==/com.google.android.gms-a0e_AySruvvgbDhYG8Z6yQ==/split_DynamiteModulesA_installtime.dm) is kOatUpToDate with filter 'verify' executable 'false'
06-30 14:12:50.719 I/artd    ( 3273): GetBestInfo: dm (/data/app/~~pUpe9D-hsv0lOCLmNQJGyA==/com.google.android.gms-a0e_AySruvvgbDhYG8Z6yQ==/split_DynamiteModulesC_installtime.dm) is kOatUpToDate with filter 'verify' executable 'false'
06-30 14:12:50.720 I/artd    ( 3273): GetBestInfo: dm (/data/app/~~pUpe9D-hsv0lOCLmNQJGyA==/com.google.android.gms-a0e_AySruvvgbDhYG8Z6yQ==/split_GoogleCertificates_installtime.dm) is kOatUpToDate with filter 'verify' executable 'false'
06-30 14:12:50.722 I/artd    ( 3273): GetBestInfo: dm (/data/app/~~pUpe9D-hsv0lOCLmNQJGyA==/com.google.android.gms-a0e_AySruvvgbDhYG8Z6yQ==/split_MapsDynamite_installtime.dm) is kOatUpToDate with filter 'verify' executable 'false'
06-30 14:12:50.723 I/artd    ( 3273): GetBestInfo: dm (/data/app/~~pUpe9D-hsv0lOCLmNQJGyA==/com.google.android.gms-a0e_AySruvvgbDhYG8Z6yQ==/split_MeasurementDynamite_installtime.dm) is kOatUpToDate with filter 'verify' executable 'false'
06-30 14:12:50.724 I/artd    ( 3273): GetBestInfo: /data/user_de/0/com.google.android.gms/app_chimera/m/0000000e/dl-IdentityCredentialsPlatform.optional_262031100800.apk has no usable artifacts
06-30 14:12:50.725 I/artd    ( 3273): GetBestInfo: /data/user_de/0/com.google.android.gms/app_chimera/m/00000001/CronetDynamite.apk has no usable artifacts
06-30 14:12:50.726 I/artd    ( 3273): GetBestInfo: /data/user_de/0/com.google.android.gms/app_chimera/m/00000013/dl-TfliteDynamiteDynamite.integ_252130102100800.apk has no usable artifacts
06-30 14:12:50.726 I/artd    ( 3273): GetBestInfo: /data/user_de/0/com.google.android.gms/app_chimera/m/00000002/DynamiteLoader.apk has no usable artifacts
06-30 14:12:50.728 I/artd    ( 3273): GetBestInfo: /data/user_de/0/com.google.android.gms/app_chimera/m/0000000c/dl-IdentityCredentialsPlatform.optional_261136100800.apk has no usable artifacts
06-30 14:12:50.728 I/artd    ( 3273): GetBestInfo: /data/user_de/0/com.google.android.gms/app_chimera/m/00000005/GoogleCertificates.apk has no usable artifacts
06-30 14:12:50.730 I/artd    ( 3273): GetBestInfo: /data/user_de/0/com.google.android.gms/app_chimera/m/0000000a/dl-TfliteDynamiteDynamite.integ_260580502100800.apk has no usable artifacts
06-30 14:12:50.731 I/artd    ( 3273): GetBestInfo: /data/user_de/0/com.google.android.gms/app_chimera/m/00000016/dl-PlayCloudSearch.optional_262031100000.apk has no usable artifacts
06-30 14:12:50.732 I/artd    ( 3273): GetBestInfo: /data/user_de/0/com.google.android.gms/app_chimera/m/00000014/dl-MlkitOcrCommon.optional_262031100800.apk has no usable artifacts
06-30 14:12:50.733 I/artd    ( 3273): GetBestInfo: /data/user_de/0/com.google.android.gms/app_chimera/m/00000008/dl-VisionOcr.optional_261136100000.apk has no usable artifacts
06-30 14:12:50.735 I/artd    ( 3273): GetBestInfo: /data/user_de/0/com.google.android.gms/app_chimera/m/00000010/dl-Appsearch.optional_262031100800.apk has no usable artifacts
06-30 14:12:50.736 I/artd    ( 3273): GetBestInfo: /data/user_de/0/com.google.android.gms/app_chimera/m/0000000b/dl-Appsearch.optional_261136100800.apk has no usable artifacts
06-30 14:12:50.737 I/artd    ( 3273): GetBestInfo: vdex next to the dex file (/data/user/0/com.google.android.gms/app_dg_cache/9BCBC14EE674B00B958D4B0C5B4BD883630AA39E/oat/x86_64/the.vdex) is kOatUpToDate with filter 'verify' executable 'false'
06-30 14:12:50.739 I/artd    ( 3273): GetBestInfo: /data/user_de/0/com.google.android.gms/app_chimera/m/00000009/dl-MlkitOcrCommon.optional_261136100800.apk has no usable artifacts
06-30 14:12:50.740 I/artd    ( 3273): GetBestInfo: /data/user/0/com.google.android.gms/app_dg_cache/22DA9D7AD8ED7504E0CAC64C41ECDBD7068924E0/the.apk has no usable artifacts
06-30 14:12:50.741 I/artd    ( 3273): GetBestInfo: vdex next to the dex file (/data/user/0/com.google.android.gms/app_dg_cache/FEE57AEA14526BE59FD8AB1365237E7B7A5CE7CB/oat/x86_64/the.vdex) is kOatUpToDate with filter 'verify' executable 'false'
06-30 14:12:50.742 I/artd    ( 3273): GetBestInfo: vdex next to the dex file (/data/user/0/com.google.android.gms/app_dg_cache/1C62BDE86218FBAA50DF06C4A79F5C3FE74B69EC/oat/x86_64/the.vdex) is kOatUpToDate with filter 'verify' executable 'false'
06-30 14:12:50.743 I/artd    ( 3273): GetBestInfo: /data/user_de/0/com.google.android.gms/app_chimera/m/0000000f/dl-VisionOcr.optional_262031100000.apk has no usable artifacts
06-30 14:12:50.744 I/artd    ( 3273): GetBestInfo: /data/user_de/0/com.google.android.gms/app_chimera/m/00000015/dl-MlkitBarcodeUi.optional_262031100800.apk has no usable artifacts
06-30 14:12:50.745 I/artd    ( 3273): GetBestInfo: /data/user_de/0/com.google.android.gms/app_chimera/m/00000007/MeasurementDynamite.apk has no usable artifacts
06-30 14:12:51.046 I/NearbySharing( 1317): Network state changed: NetworkState(isRestricted=false, isOnline=true, isCongested=false, isMetered=false, isWifiConnected=true)
06-30 14:12:53.548 I/HalDevMgr(  690): bestIfaceCreationProposal is null, requestIface=STA, existingIface=[name=wlan0 type=STA]
06-30 14:12:56.250 D/ActivityManager(  690): freezing 3383 com.google.android.apps.wellbeing
06-30 14:12:56.252 D/InetDiagMessage(  690): Destroyed 0 sockets, proto=IPPROTO_TCP, family=AF_INET, states=14
06-30 14:12:56.252 D/InetDiagMessage(  690): Destroyed 0 sockets, proto=IPPROTO_TCP, family=AF_INET6, states=14
06-30 14:12:56.252 D/InetDiagMessage(  690): Destroyed live tcp sockets for uids={10159} in 0ms
06-30 14:12:56.556 I/HalDevMgr(  690): bestIfaceCreationProposal is null, requestIface=STA, existingIface=[name=wlan0 type=STA]
06-30 14:12:57.237 D/ActivityManager(  690): freezing 2060 android.process.acore
06-30 14:12:57.238 D/InetDiagMessage(  690): Destroyed 0 sockets, proto=IPPROTO_TCP, family=AF_INET, states=14
06-30 14:12:57.238 D/InetDiagMessage(  690): Destroyed 0 sockets, proto=IPPROTO_TCP, family=AF_INET6, states=14
06-30 14:12:57.238 D/InetDiagMessage(  690): Destroyed live tcp sockets for uids={10102} in 1ms
06-30 14:12:57.910 I/wpa_supplicant(  961): wlan0: CTRL-EVENT-BEACON-LOSS 
06-30 14:12:58.710 D/ActivityManager(  690): freezing 4847 com.android.settings
06-30 14:12:58.711 D/ActivityManager(  690): freezing 6089 com.android.keychain
06-30 14:12:59.518 D/SatelliteController( 1128): isInCarrierRoamingNbIotNtn: satellite is disabled
06-30 14:12:59.518 D/SatelliteController( 1128): getCarrierRoamingNtnConnectType: Checking connect type from PLMN config for subId: 1
06-30 14:12:59.518 D/TelephonyConfigUpdateInstallReceiver( 1128): getConfigParser: domain=satellite
06-30 14:12:59.518 V/SatelliteController( 1128): satelliteConfigParser is not ready
06-30 14:12:59.518 D/SatelliteController( 1128): isSatelliteAttachSupportedViaConfigupdater: return null (satelliteConfig is null)
06-30 14:12:59.519 D/SatelliteController( 1128): getSatellitePerPlmnConfiguration: invalid subId or not supported via carrier.
06-30 14:12:59.519 D/SatelliteController( 1128): getCarrierRoamingNtnConnectType: config: null
06-30 14:12:59.519 D/TelephonyConfigUpdateInstallReceiver( 1128): getConfigParser: domain=satellite
06-30 14:12:59.519 V/SatelliteController( 1128): satelliteConfigParser is not ready
06-30 14:12:59.519 D/SatelliteController( 1128): getCarrierRoamingNtnConnectTypeViaConfigUpdater: return null (satelliteConfig is null)
06-30 14:12:59.519 D/SatelliteController( 1128): getCarrierRoamingNtnConnectType: Falling back to global carrier config connect type: 0
06-30 14:12:59.519 D/TelephonyConfigUpdateInstallReceiver( 1128): getConfigParser: domain=satellite
06-30 14:12:59.519 V/SatelliteController( 1128): satelliteConfigParser is not ready
06-30 14:12:59.519 D/SatelliteController( 1128): isSatelliteAttachSupportedViaConfigupdater: return null (satelliteConfig is null)
06-30 14:12:59.519 D/SatelliteController( 1128): getCarrierRoamingNtnConnectType: Checking connect type from PLMN config for subId: 1
06-30 14:12:59.519 D/TelephonyConfigUpdateInstallReceiver( 1128): getConfigParser: domain=satellite
06-30 14:12:59.519 V/SatelliteController( 1128): satelliteConfigParser is not ready
06-30 14:12:59.519 D/SatelliteController( 1128): isSatelliteAttachSupportedViaConfigupdater: return null (satelliteConfig is null)
06-30 14:12:59.519 D/SatelliteController( 1128): getSatellitePerPlmnConfiguration: invalid subId or not supported via carrier.
06-30 14:12:59.519 D/SatelliteController( 1128): getCarrierRoamingNtnConnectType: config: null
06-30 14:12:59.519 D/TelephonyConfigUpdateInstallReceiver( 1128): getConfigParser: domain=satellite
06-30 14:12:59.519 V/SatelliteController( 1128): satelliteConfigParser is not ready
06-30 14:12:59.519 D/SatelliteController( 1128): getCarrierRoamingNtnConnectTypeViaConfigUpdater: return null (satelliteConfig is null)
06-30 14:12:59.519 D/SatelliteController( 1128): getCarrierRoamingNtnConnectType: Falling back to global carrier config connect type: 0
06-30 14:12:59.519 D/TelephonyConfigUpdateInstallReceiver( 1128): getConfigParser: domain=satellite
06-30 14:12:59.519 V/SatelliteController( 1128): satelliteConfigParser is not ready
06-30 14:12:59.519 D/SatelliteController( 1128): isSatelliteAttachSupportedViaConfigupdater: return null (satelliteConfig is null)
06-30 14:12:59.561 I/AdbWifiNetworkMonitor(  690): Wi-Fi network available
06-30 14:12:59.562 I/AdbWifiNetworkMonitor(  690): Received the same Wi-Fi SSID. Ignoring.
06-30 14:12:59.565 D/WM-WorkConstraintsTrack( 2923): NetworkRequestConstraintController onCapabilitiesChanged callback
06-30 14:12:59.566 I/HalDevMgr(  690): bestIfaceCreationProposal is null, requestIface=STA, existingIface=[name=wlan0 type=STA]
06-30 14:12:59.566 D/WM-WorkConstraintsTrack( 3977): NetworkRequestConstraintController onCapabilitiesChanged callback
06-30 14:12:59.568 W/libbinder.IPCThreadState(  690): Sending oneway calls to frozen process.
06-30 14:12:59.568 W/libbinder.IPCThreadState(  690): Sending oneway calls to frozen process.
06-30 14:12:59.568 I/BugleRcsEngine( 3867): Connected state: [1], networkType: [WIFI] [CONTEXT thread_id=65 ]
06-30 14:12:59.568 I/BugleRcsEngine( 3867): handleMessage processing message:[NOTIFY_UPTIME_IGNORE_STATE_CHANGED] with [non-null]:RcsEngineImpl reference [CONTEXT log_prefix="RcsEngineImpl[DUAL_REG]:[390448b9-d26f]>Handler" thread_id=69 ]
06-30 14:12:59.570 W/libbinder.IPCThreadState(  690): Sending oneway calls to frozen process.
06-30 14:12:59.570 W/libbinder.IPCThreadState(  690): Sending oneway calls to frozen process.
06-30 14:12:59.570 W/libbinder.IPCThreadState(  690): Sending oneway calls to frozen process.
06-30 14:12:59.570 W/libbinder.IPCThreadState(  690): Sending oneway calls to frozen process.
06-30 14:12:59.570 I/NullBinder( 1317): NullBinder for android.net.action.RECOMMEND_NETWORKS triggering remote TransactionTooLargeException due to Service without Chimera impl, calling uid: 1000, calling pid: 0
06-30 14:12:59.570 W/libbinder.Binder( 1317): Large reply transaction of 1056768 bytes, interface descriptor , function: UNKNOWN_FUNCTION_NAME, code: 1, flags: 17
06-30 14:12:59.571 D/ConnectivityService(  690): NetReassign [no changes] [c 0] [a 1] [i 0]
06-30 14:12:59.572 I/NearbyMediums( 1317): Wifi changed new SSID: "AndroidWifi"
06-30 14:12:59.572 I/NearbyMediums( 1317): WifiLanConnectivityInfo is not changed, skip notify.
06-30 14:12:59.573 I/BugleRcsEngine( 3867): No RCS Configuration was found in Bugle for simID: redacted-pii:sim_id[chars:20,last3:897] [CONTEXT log_prefix="ProvisioningEngineDataRetriever" thread_id=69 ]
06-30 14:13:00.039 W/skia    (  527): AGTM parsing failed flags.readFromStream(s) at 159
06-30 14:13:00.039 W/skia    (  527): AGTM parsing failed flags.readFromStream(s) at 159
06-30 14:13:00.069 I/NearbySharing( 1317): Network state changed: NetworkState(isRestricted=false, isOnline=true, isCongested=false, isMetered=false, isWifiConnected=true)
06-30 14:13:00.578 I/adbd    (  539): adbd service requested 'shell,v2,raw:dumpsys package com.google.android.gms'
06-30 14:13:00.715 I/artd    ( 3273): GetBestInfo: odex next to the dex file (/data/app/~~pUpe9D-hsv0lOCLmNQJGyA==/com.google.android.gms-a0e_AySruvvgbDhYG8Z6yQ==/oat/x86_64/base.odex) is kOatUpToDate with filter 'speed-profile' executable 'false'
06-30 14:13:00.716 I/artd    ( 3273): GetBestInfo: dm (/data/app/~~pUpe9D-hsv0lOCLmNQJGyA==/com.google.android.gms-a0e_AySruvvgbDhYG8Z6yQ==/split_AdsDynamite_installtime.dm) is kOatUpToDate with filter 'verify' executable 'false'
06-30 14:13:00.717 I/artd    ( 3273): GetBestInfo: odex next to the dex file (/data/app/~~pUpe9D-hsv0lOCLmNQJGyA==/com.google.android.gms-a0e_AySruvvgbDhYG8Z6yQ==/oat/x86_64/split_CronetDynamite_installtime.odex) is kOatUpToDate with filter 'speed-profile' executable 'false'
06-30 14:13:00.718 I/artd    ( 3273): GetBestInfo: dm (/data/app/~~pUpe9D-hsv0lOCLmNQJGyA==/com.google.android.gms-a0e_AySruvvgbDhYG8Z6yQ==/split_DynamiteLoader_installtime.dm) is kOatUpToDate with filter 'verify' executable 'false'
06-30 14:13:00.719 I/artd    ( 3273): GetBestInfo: dm (/data/app/~~pUpe9D-hsv0lOCLmNQJGyA==/com.google.android.gms-a0e_AySruvvgbDhYG8Z6yQ==/split_DynamiteModulesA_installtime.dm) is kOatUpToDate with filter 'verify' executable 'false'
06-30 14:13:00.720 I/artd    ( 3273): GetBestInfo: dm (/data/app/~~pUpe9D-hsv0lOCLmNQJGyA==/com.google.android.gms-a0e_AySruvvgbDhYG8Z6yQ==/split_DynamiteModulesC_installtime.dm) is kOatUpToDate with filter 'verify' executable 'false'
06-30 14:13:00.721 I/artd    ( 3273): GetBestInfo: dm (/data/app/~~pUpe9D-hsv0lOCLmNQJGyA==/com.google.android.gms-a0e_AySruvvgbDhYG8Z6yQ==/split_GoogleCertificates_installtime.dm) is kOatUpToDate with filter 'verify' executable 'false'
06-30 14:13:00.722 I/artd    ( 3273): GetBestInfo: dm (/data/app/~~pUpe9D-hsv0lOCLmNQJGyA==/com.google.android.gms-a0e_AySruvvgbDhYG8Z6yQ==/split_MapsDynamite_installtime.dm) is kOatUpToDate with filter 'verify' executable 'false'
06-30 14:13:00.723 I/artd    ( 3273): GetBestInfo: dm (/data/app/~~pUpe9D-hsv0lOCLmNQJGyA==/com.google.android.gms-a0e_AySruvvgbDhYG8Z6yQ==/split_MeasurementDynamite_installtime.dm) is kOatUpToDate with filter 'verify' executable 'false'
06-30 14:13:00.724 I/artd    ( 3273): GetBestInfo: /data/user_de/0/com.google.android.gms/app_chimera/m/0000000e/dl-IdentityCredentialsPlatform.optional_262031100800.apk has no usable artifacts
06-30 14:13:00.725 I/artd    ( 3273): GetBestInfo: /data/user_de/0/com.google.android.gms/app_chimera/m/00000001/CronetDynamite.apk has no usable artifacts
06-30 14:13:00.725 I/artd    ( 3273): GetBestInfo: /data/user_de/0/com.google.android.gms/app_chimera/m/00000013/dl-TfliteDynamiteDynamite.integ_252130102100800.apk has no usable artifacts
06-30 14:13:00.726 I/artd    ( 3273): GetBestInfo: /data/user_de/0/com.google.android.gms/app_chimera/m/00000002/DynamiteLoader.apk has no usable artifacts
06-30 14:13:00.727 I/artd    ( 3273): GetBestInfo: /data/user_de/0/com.google.android.gms/app_chimera/m/0000000c/dl-IdentityCredentialsPlatform.optional_261136100800.apk has no usable artifacts
06-30 14:13:00.727 I/artd    ( 3273): GetBestInfo: /data/user_de/0/com.google.android.gms/app_chimera/m/00000005/GoogleCertificates.apk has no usable artifacts
06-30 14:13:00.729 I/artd    ( 3273): GetBestInfo: /data/user_de/0/com.google.android.gms/app_chimera/m/0000000a/dl-TfliteDynamiteDynamite.integ_260580502100800.apk has no usable artifacts
06-30 14:13:00.730 I/artd    ( 3273): GetBestInfo: /data/user_de/0/com.google.android.gms/app_chimera/m/00000016/dl-PlayCloudSearch.optional_262031100000.apk has no usable artifacts
06-30 14:13:00.731 I/artd    ( 3273): GetBestInfo: /data/user_de/0/com.google.android.gms/app_chimera/m/00000014/dl-MlkitOcrCommon.optional_262031100800.apk has no usable artifacts
06-30 14:13:00.732 I/artd    ( 3273): GetBestInfo: /data/user_de/0/com.google.android.gms/app_chimera/m/00000008/dl-VisionOcr.optional_261136100000.apk has no usable artifacts
06-30 14:13:00.733 I/artd    ( 3273): GetBestInfo: /data/user_de/0/com.google.android.gms/app_chimera/m/00000010/dl-Appsearch.optional_262031100800.apk has no usable artifacts
06-30 14:13:00.734 I/artd    ( 3273): GetBestInfo: /data/user_de/0/com.google.android.gms/app_chimera/m/0000000b/dl-Appsearch.optional_261136100800.apk has no usable artifacts
06-30 14:13:00.736 I/artd    ( 3273): GetBestInfo: vdex next to the dex file (/data/user/0/com.google.android.gms/app_dg_cache/9BCBC14EE674B00B958D4B0C5B4BD883630AA39E/oat/x86_64/the.vdex) is kOatUpToDate with filter 'verify' executable 'false'
06-30 14:13:00.737 I/artd    ( 3273): GetBestInfo: /data/user_de/0/com.google.android.gms/app_chimera/m/00000009/dl-MlkitOcrCommon.optional_261136100800.apk has no usable artifacts
06-30 14:13:00.738 I/artd    ( 3273): GetBestInfo: /data/user/0/com.google.android.gms/app_dg_cache/22DA9D7AD8ED7504E0CAC64C41ECDBD7068924E0/the.apk has no usable artifacts
06-30 14:13:00.740 I/artd    ( 3273): GetBestInfo: vdex next to the dex file (/data/user/0/com.google.android.gms/app_dg_cache/FEE57AEA14526BE59FD8AB1365237E7B7A5CE7CB/oat/x86_64/the.vdex) is kOatUpToDate with filter 'verify' executable 'false'
06-30 14:13:00.741 I/artd    ( 3273): GetBestInfo: vdex next to the dex file (/data/user/0/com.google.android.gms/app_dg_cache/1C62BDE86218FBAA50DF06C4A79F5C3FE74B69EC/oat/x86_64/the.vdex) is kOatUpToDate with filter 'verify' executable 'false'
06-30 14:13:00.743 I/artd    ( 3273): GetBestInfo: /data/user_de/0/com.google.android.gms/app_chimera/m/0000000f/dl-VisionOcr.optional_262031100000.apk has no usable artifacts
06-30 14:13:00.744 I/artd    ( 3273): GetBestInfo: /data/user_de/0/com.google.android.gms/app_chimera/m/00000015/dl-MlkitBarcodeUi.optional_262031100800.apk has no usable artifacts
06-30 14:13:00.745 I/artd    ( 3273): GetBestInfo: /data/user_de/0/com.google.android.gms/app_chimera/m/00000007/MeasurementDynamite.apk has no usable artifacts
06-30 14:13:00.984 D/installd(  601): Device /data has 467099648 free; requested 622811544; needed 155711896
06-30 14:13:00.985 W/installd(  601): Failed to find storage mount for /data/media
06-30 14:13:01.005 D/installd(  601): Purging /data/user_de/0/com.google.android.inputmethod.latin/cache/auto_clean/stylesheet|app>175851416|os>37_1775809870000/overlay_builtin_dynamic_color_light_base.binarypb:gm3-light-fffaf8fe-ff4c5e8b-4fb1adea13304a190d4abf12326cf60c_1_2_10_12_14_2f1ccc581511186d306b43b475e06780 size=94208 mod=1782816796 from UID=10167 used=21188608 quota=18663894 ratio=11352
06-30 14:13:01.005 D/installd(  601): Purging /data/user_de/0/com.google.android.inputmethod.latin/cache/auto_clean/BundledEmojiListLoader|app>175851416|os>37_1775809870000/emoji.v2.-2147483648.0.1 size=12288 mod=1782816797 from UID=10167 used=21094400 quota=18663894 ratio=11302
06-30 14:13:01.005 D/installd(  601): Purging /data/user_de/0/com.google.android.inputmethod.latin/cache/auto_clean/BundledEmojiListLoader|app>175851416|os>37_1775809870000/emoji.v2.-2147483648.7.1 size=8192 mod=1782816797 from UID=10167 used=21082112 quota=18663894 ratio=11295
06-30 14:13:01.005 D/installd(  601): Purging /data/user_de/0/com.google.android.inputmethod.latin/cache/auto_clean/BundledEmojiListLoader|app>175851416|os>37_1775809870000/emoji.v2.-2147483648.8.1 size=8192 mod=1782816797 from UID=10167 used=21073920 quota=18663894 ratio=11291
06-30 14:13:01.005 D/installd(  601): Purging /data/user_de/0/com.google.android.inputmethod.latin/cache/auto_clean/BundledEmojiListLoader|app>175851416|os>37_1775809870000/emoji.v2.-2147483648.3.1 size=8192 mod=1782816797 from UID=10167 used=21065728 quota=18663894 ratio=11286
06-30 14:13:01.006 D/installd(  601): Purging /data/user_de/0/com.google.android.inputmethod.latin/cache/auto_clean/BundledEmojiListLoader|app>175851416|os>37_1775809870000/emoji.v2.-2147483648.5.1 size=8192 mod=1782816797 from UID=10167 used=21057536 quota=18663894 ratio=11282
06-30 14:13:01.006 D/installd(  601): Purging /data/user_de/0/com.google.android.inputmethod.latin/cache/auto_clean/BundledEmojiListLoader|app>175851416|os>37_1775809870000/emoji.v2.-2147483648.6.1 size=8192 mod=1782816797 from UID=10167 used=21049344 quota=18663894 ratio=11278
06-30 14:13:01.006 D/installd(  601): Purging /data/user_de/0/com.google.android.inputmethod.latin/cache/auto_clean/BundledEmojiListLoader|app>175851416|os>37_1775809870000/emoji.v2.-2147483648.2.1 size=8192 mod=1782816797 from UID=10167 used=21041152 quota=18663894 ratio=11273
06-30 14:13:01.006 D/installd(  601): Purging /data/user_de/0/com.google.android.inputmethod.latin/cache/auto_clean/BundledEmojiListLoader|app>175851416|os>37_1775809870000/emoji.v2.-2147483648.4.1 size=8192 mod=1782816797 from UID=10167 used=21032960 quota=18663894 ratio=11269
06-30 14:13:01.006 D/installd(  601): Purging /data/user_de/0/com.google.android.inputmethod.latin/cache/auto_clean/stylesheet|app>175851416|os>37_1775809870000/overlay_builtin_dynamic_color_light_base.binarypb:gm3-light-fffaf8fe-ff4e5e8b-4fee5571778e92b08ff4c2d3d15b9d3f_1_2_10_12_14_2f1ccc581511186d306b43b475e06780 size=94208 mod=1782816797 from UID=10167 used=21024768 quota=18663894 ratio=11264
06-30 14:13:01.006 D/installd(  601): Purging /data/user_de/0/com.google.android.inputmethod.latin/cache/auto_clean/stylesheet|app>175851416|os>37_1775809870000 size=8192 mod=1782816797 from UID=10167 used=20930560 quota=18663894 ratio=11214
06-30 14:13:01.006 D/installd(  601): Purging /data/user_de/0/com.google.android.inputmethod.latin/cache/auto_clean/BundledEmojiListLoader|app>175851416|os>37_1775809870000/emoji.v2.-2147483648.1.1 size=40960 mod=1782816798 from UID=10167 used=20922368 quota=18663894 ratio=11210
06-30 14:13:01.006 D/installd(  601): Purging /data/data/com.google.android.inputmethod.latin/cache/cronet_cache/version size=8192 mod=1782816798 from UID=10167 used=20881408 quota=18663894 ratio=11188
06-30 14:13:01.007 D/installd(  601): Purging /data/user_de/0/com.google.android.inputmethod.latin/cache/auto_clean/BundledEmojiListLoader|app>175851416|os>37_1775809870000 size=8192 mod=1782816798 from UID=10167 used=20873216 quota=18663894 ratio=11183
06-30 14:13:01.007 D/installd(  601): Purging /data/user_de/0/com.google.android.inputmethod.latin/cache/auto_clean/kb_def|app>175851416|os>37_1775809870000/c15d185e0d3d03afd4fab7027e9aa45d size=102400 mod=1782816799 from UID=10167 used=20865024 quota=18663894 ratio=11179
06-30 14:13:01.007 D/installd(  601): Purging /data/user_de/0/com.google.android.inputmethod.latin/cache/auto_clean/kb_def|app>175851416|os>37_1775809870000/02cf2c49b8dce7152b1e71dad0d24214 size=102400 mod=1782816801 from UID=10167 used=20762624 quota=18663894 ratio=11124
06-30 14:13:01.007 D/installd(  601): Purging /data/data/com.google.android.inputmethod.latin/cache/data/user/0/com.google.android.inputmethod.latin/no_backup/androidx.work.workdb.lck size=4096 mod=1782816814 from UID=10167 used=20660224 quota=18663894 ratio=11069
06-30 14:13:01.007 D/installd(  601): Purging /data/data/com.google.android.inputmethod.latin/cache/data/user/0/com.google.android.inputmethod.latin/no_backup size=8192 mod=1782816814 from UID=10167 used=20656128 quota=18663894 ratio=11067
06-30 14:13:01.007 D/installd(  601): Purging /data/data/com.google.android.inputmethod.latin/cache/data/user/0/com.google.android.inputmethod.latin size=8192 mod=1782816814 from UID=10167 used=20647936 quota=18663894 ratio=11063
06-30 14:13:01.007 D/installd(  601): Purging /data/data/com.google.android.inputmethod.latin/cache/data/user/0 size=8192 mod=1782816814 from UID=10167 used=20639744 quota=18663894 ratio=11058
06-30 14:13:01.007 D/installd(  601): Purging /data/data/com.google.android.inputmethod.latin/cache/data/user size=8192 mod=1782816814 from UID=10167 used=20631552 quota=18663894 ratio=11054
06-30 14:13:01.007 D/installd(  601): Purging /data/data/com.google.android.inputmethod.latin/cache/data size=8192 mod=1782816814 from UID=10167 used=20623360 quota=18663894 ratio=11049
06-30 14:13:01.007 D/installd(  601): Purging /data/data/com.google.android.inputmethod.latin/cache/emoji_kitchen_2026043020.db.lck size=4096 mod=1782816816 from UID=10167 used=20615168 quota=18663894 ratio=11045
06-30 14:13:01.007 D/installd(  601): Purging /data/data/com.google.android.inputmethod.latin/cache/cronet_cache/prefs/local_prefs.json size=8192 mod=1782816885 from UID=10167 used=20611072 quota=18663894 ratio=11043
06-30 14:13:01.007 D/installd(  601): Purging /data/data/com.google.android.inputmethod.latin/cache/cronet_cache/prefs size=8192 mod=1782816885 from UID=10167 used=20602880 quota=18663894 ratio=11038
06-30 14:13:01.007 D/installd(  601): Purging /data/data/com.google.android.inputmethod.latin/cache/cronet_cache size=8192 mod=1782816885 from UID=10167 used=20594688 quota=18663894 ratio=11034
06-30 14:13:01.007 D/installd(  601): Purging /data/user_de/0/com.google.android.inputmethod.latin/cache/auto_clean/kb_def|app>175851416|os>37_1775809870000/9d66ccc9fa172d473343c4b20c5e0708 size=32768 mod=1782816887 from UID=10167 used=20586496 quota=18663894 ratio=11030
06-30 14:13:01.007 D/installd(  601): Purging /data/user_de/0/com.google.android.inputmethod.latin/cache/auto_clean/kb_def|app>175851416|os>37_1775809870000/4155df2110c7dc5ca9deec12aea13ef0 size=8192 mod=1782816887 from UID=10167 used=20553728 quota=18663894 ratio=11012
06-30 14:13:01.007 D/installd(  601): Purging /data/user_de/0/com.google.android.inputmethod.latin/cache/auto_clean/kb_def|app>175851416|os>37_1775809870000/fe48ac68e4b5a67ad7125ce440ebd9aa size=20480 mod=1782816887 from UID=10167 used=20545536 quota=18663894 ratio=11008
06-30 14:13:01.007 D/installd(  601): Purging /data/user_de/0/com.google.android.inputmethod.latin/cache/auto_clean/kb_def|app>175851416|os>37_1775809870000/c5d9ba5ee84a7c0d8518e4f077d7d761 size=102400 mod=1782816896 from UID=10167 used=20525056 quota=18663894 ratio=10997
06-30 14:13:01.007 D/installd(  601): Purging /data/user_de/0/com.google.android.inputmethod.latin/cache/auto_clean/kb_def|app>175851416|os>37_1775809870000/9dc7cf8247c1609b3d6d673562a0db40 size=8192 mod=1782816896 from UID=10167 used=20422656 quota=18663894 ratio=10942
06-30 14:13:01.007 D/installd(  601): Purging /data/user_de/0/com.google.android.inputmethod.latin/cache/auto_clean/kb_def|app>175851416|os>37_1775809870000/8aa54d090e0d456e7c5cd97747635c5b size=20480 mod=1782816903 from UID=10167 used=20414464 quota=18663894 ratio=10937
06-30 14:13:01.007 D/installd(  601): Purging /data/user_de/0/com.google.android.inputmethod.latin/cache/auto_clean/kb_def|app>175851416|os>37_1775809870000/cc21ac0a7b65d64bc53257844a45f150 size=32768 mod=1782816903 from UID=10167 used=20393984 quota=18663894 ratio=10926
06-30 14:13:01.007 D/installd(  601): Purging /data/user_de/0/com.google.android.inputmethod.latin/cache/auto_clean/kb_def|app>175851416|os>37_1775809870000/e5686dd3d9230d3e82075192998dd99f size=20480 mod=1782816910 from UID=10167 used=20361216 quota=18663894 ratio=10909
06-30 14:13:01.007 D/installd(  601): Purging /data/user_de/0/com.google.android.inputmethod.latin/cache/auto_clean/kb_def|app>175851416|os>37_1775809870000 size=8192 mod=1782816910 from UID=10167 used=20340736 quota=18663894 ratio=10898
06-30 14:13:01.007 D/installd(  601): Purging /data/user_de/0/com.google.android.inputmethod.latin/cache/auto_clean size=8192 mod=1782816910 from UID=10167 used=20332544 quota=18663894 ratio=10894
06-30 14:13:01.020 D/installd(  601): Active ratio 8414 isn't over quota, and defy not requested
06-30 14:13:01.020 E/installd(  601): Failed to free up 622811544 on /data; final free space 467816448: Success
06-30 14:13:01.021 I/SharedLibrariesImpl(  690): Start pruneUnusedStaticSharedLibraries for neededSpace: 622811544 maxCachePeriod: 7200000
06-30 14:13:01.021 I/SharedLibrariesImpl(  690): pruning candidate: lib=com.google.android.trichromelibrary version=782711438 pkg=com.google.android.trichromelibrary_782711438
06-30 14:13:01.021 I/SharedLibrariesImpl(  690): attempting to delete: com.google.android.trichromelibrary_782711438
06-30 14:13:01.021 W/PackageManager(  690): Not removing package com.google.android.trichromelibrary hosting lib com.google.android.trichromelibrary version 782711438 used by [VersionedPackage[com.android.chrome/782711438]] for user 0
06-30 14:13:01.022 D/installd(  601): Device /data has 467816448 free; requested 622811544; needed 154995096
06-30 14:13:01.022 W/installd(  601): Failed to find storage mount for /data/media
06-30 14:13:01.026 D/installd(  601): Purging /data/data/com.android.chrome/cache/Code Cache/wasm/index-dir/the-real-index size=8192 mod=1782816857 from UID=10162 used=15704064 quota=18663894 ratio=8414
06-30 14:13:01.026 D/installd(  601): Purging /data/data/com.android.chrome/cache/Code Cache/js/index-dir/the-real-index size=8192 mod=1782816857 from UID=10162 used=15695872 quota=18663894 ratio=8409
06-30 14:13:01.026 D/installd(  601): Purging /data/data/com.android.chrome/cache/Cache/No_Vary_Search/snapshot.baf size=8192 mod=1782816857 from UID=10162 used=15687680 quota=18663894 ratio=8405
06-30 14:13:01.026 D/installd(  601): Purging /data/data/com.android.chrome/cache/Cache/No_Vary_Search/journal.baj size=8192 mod=1782816857 from UID=10162 used=15679488 quota=18663894 ratio=8400
06-30 14:13:01.026 D/installd(  601): Purging /data/data/com.android.chrome/cache/Cache/Cache_Data/index size=8192 mod=1782816857 from UID=10162 used=15671296 quota=18663894 ratio=8396
06-30 14:13:01.026 D/installd(  601): Purging /data/data/com.android.chrome/cache/Code Cache/wasm/index size=8192 mod=1782816857 from UID=10162 used=15663104 quota=18663894 ratio=8392
06-30 14:13:01.026 D/installd(  601): Purging /data/data/com.android.chrome/cache/Code Cache/js/index size=8192 mod=1782816857 from UID=10162 used=15654912 quota=18663894 ratio=8387
06-30 14:13:01.026 D/installd(  601): Purging /data/data/com.android.chrome/cache/Code Cache/js/index-dir size=8192 mod=1782816857 from UID=10162 used=15646720 quota=18663894 ratio=8383
06-30 14:13:01.026 D/installd(  601): Purging /data/data/com.android.chrome/cache/Code Cache/wasm/index-dir size=8192 mod=1782816857 from UID=10162 used=15638528 quota=18663894 ratio=8379
06-30 14:13:01.026 D/installd(  601): Purging /data/data/com.android.chrome/cache/Crashpad/new size=8192 mod=1782816857 from UID=10162 used=15630336 quota=18663894 ratio=8374
06-30 14:13:01.026 D/installd(  601): Purging /data/data/com.android.chrome/cache/Crashpad/pending size=8192 mod=1782816857 from UID=10162 used=15622144 quota=18663894 ratio=8370
06-30 14:13:01.026 D/installd(  601): Purging /data/data/com.android.chrome/cache/Crashpad/completed size=8192 mod=1782816857 from UID=10162 used=15613952 quota=18663894 ratio=8365
06-30 14:13:01.026 D/installd(  601): Purging /data/data/com.android.chrome/cache/Crashpad/attachments size=8192 mod=1782816857 from UID=10162 used=15605760 quota=18663894 ratio=8361
06-30 14:13:01.026 D/installd(  601): Purging /data/data/com.android.chrome/cache/Code Cache/js size=8192 mod=1782816857 from UID=10162 used=15597568 quota=18663894 ratio=8357
06-30 14:13:01.026 D/installd(  601): Purging /data/data/com.android.chrome/cache/Code Cache/wasm size=8192 mod=1782816857 from UID=10162 used=15589376 quota=18663894 ratio=8352
06-30 14:13:01.026 D/installd(  601): Purging /data/data/com.android.chrome/cache/Cache/No_Vary_Search size=8192 mod=1782816857 from UID=10162 used=15581184 quota=18663894 ratio=8348
06-30 14:13:01.026 D/installd(  601): Purging /data/data/com.android.chrome/cache/font_unique_name_table.pb size=28672 mod=1782816857 from UID=10162 used=15572992 quota=18663894 ratio=8343
06-30 14:13:01.027 D/installd(  601): Purging /data/data/com.android.chrome/cache/Crashpad size=8192 mod=1782816857 from UID=10162 used=15544320 quota=18663894 ratio=8328
06-30 14:13:01.027 D/installd(  601): Purging /data/data/com.android.chrome/cache/Code Cache size=8192 mod=1782816857 from UID=10162 used=15536128 quota=18663894 ratio=8324
06-30 14:13:01.027 D/installd(  601): Purging /data/data/com.android.chrome/cache/Cache/Cache_Data/f81e693f9ae23dc3_0 size=12288 mod=1782816858 from UID=10162 used=15527936 quota=18663894 ratio=8319
06-30 14:13:01.027 D/installd(  601): Purging /data/data/com.android.chrome/cache/Cache/Cache_Data/index-dir/the-real-index size=8192 mod=1782816878 from UID=10162 used=15515648 quota=18663894 ratio=8313
06-30 14:13:01.027 D/installd(  601): Purging /data/data/com.android.chrome/cache/Cache/Cache_Data/index-dir size=8192 mod=1782816878 from UID=10162 used=15507456 quota=18663894 ratio=8308
06-30 14:13:01.027 D/installd(  601): Purging /data/data/com.android.chrome/cache/Cache/Cache_Data size=8192 mod=1782816878 from UID=10162 used=15499264 quota=18663894 ratio=8304
06-30 14:13:01.027 D/installd(  601): Purging /data/data/com.android.chrome/cache/Cache size=8192 mod=1782816878 from UID=10162 used=15491072 quota=18663894 ratio=8300
06-30 14:13:01.027 D/installd(  601): Purging /data/data/com.android.chrome/cache/Crash Reports/ANR Variations/eb7ae4f29131af24286429311ae4ccb7 size=8192 mod=1782826322 from UID=10162 used=15482880 quota=18663894 ratio=8295
06-30 14:13:01.027 D/installd(  601): Purging /data/data/com.android.chrome/cache/Crash Reports/ANR Variations size=8192 mod=1782826322 from UID=10162 used=15474688 quota=18663894 ratio=8291
06-30 14:13:01.027 D/installd(  601): Purging /data/data/com.android.chrome/cache/Crash Reports size=8192 mod=1782826322 from UID=10162 used=15466496 quota=18663894 ratio=8286
06-30 14:13:01.028 D/installd(  601): Purging /data/data/com.aiquota.mobile/cache/WebView/Default/HTTP Cache/Code Cache/wasm/index-dir/the-real-index size=8192 mod=1782826331 from UID=10233 used=16932864 quota=50980703 ratio=3321
06-30 14:13:01.028 D/installd(  601): Purging /data/data/com.aiquota.mobile/cache/WebView/Default/HTTP Cache/Code Cache/wasm/index size=8192 mod=1782826331 from UID=10233 used=16924672 quota=50980703 ratio=3319
06-30 14:13:01.028 D/installd(  601): Purging /data/data/com.aiquota.mobile/cache/WebView/Default/HTTP Cache/Code Cache/js/index size=8192 mod=1782826331 from UID=10233 used=16916480 quota=50980703 ratio=3318
06-30 14:13:01.028 D/installd(  601): Purging /data/data/com.aiquota.mobile/cache/WebView/Default/HTTP Cache/Code Cache/wasm/index-dir size=8192 mod=1782826331 from UID=10233 used=16908288 quota=50980703 ratio=3316
06-30 14:13:01.028 D/installd(  601): Purging /data/data/com.aiquota.mobile/cache/WebView/Default/HTTP Cache/Cache_Data/index size=8192 mod=1782826331 from UID=10233 used=16900096 quota=50980703 ratio=3314
06-30 14:13:01.028 D/installd(  601): Purging /data/data/com.aiquota.mobile/cache/WebView/Default/HTTP Cache/Code Cache/wasm size=8192 mod=1782826331 from UID=10233 used=16891904 quota=50980703 ratio=3313
06-30 14:13:01.028 D/installd(  601): Purging /data/data/com.aiquota.mobile/cache/WebView/Crashpad/new size=8192 mod=1782826331 from UID=10233 used=16883712 quota=50980703 ratio=3311
06-30 14:13:01.028 D/installd(  601): Purging /data/data/com.aiquota.mobile/cache/WebView/Crashpad/pending size=8192 mod=1782826331 from UID=10233 used=16875520 quota=50980703 ratio=3310
06-30 14:13:01.028 D/installd(  601): Purging /data/data/com.aiquota.mobile/cache/WebView/Crashpad/completed size=8192 mod=1782826331 from UID=10233 used=16867328 quota=50980703 ratio=3308
06-30 14:13:01.028 D/installd(  601): Purging /data/data/com.aiquota.mobile/cache/WebView/Crashpad/attachments size=8192 mod=1782826331 from UID=10233 used=16859136 quota=50980703 ratio=3306
06-30 14:13:01.028 D/installd(  601): Purging /data/data/com.aiquota.mobile/cache/WebView/font_unique_name_table.pb size=28672 mod=1782826331 from UID=10233 used=16850944 quota=50980703 ratio=3305
06-30 14:13:01.028 D/installd(  601): Purging /data/data/com.aiquota.mobile/cache/WebView/Crashpad size=8192 mod=1782826331 from UID=10233 used=16822272 quota=50980703 ratio=3299
06-30 14:13:01.028 D/installd(  601): Purging /data/data/com.aiquota.mobile/cache/WebView/SafeBrowsing size=8192 mod=1782826331 from UID=10233 used=16814080 quota=50980703 ratio=3298
06-30 14:13:01.028 D/installd(  601): Purging /data/data/com.aiquota.mobile/cache/WebView/Default/HTTP Cache/No_Vary_Search/snapshot.baf size=8192 mod=1782826332 from UID=10233 used=16805888 quota=50980703 ratio=3296
06-30 14:13:01.028 D/installd(  601): Purging /data/data/com.aiquota.mobile/cache/WebView/Crash Reports size=8192 mod=1782826332 from UID=10233 used=16797696 quota=50980703 ratio=3294
06-30 14:13:01.028 D/installd(  601): Purging /data/data/com.aiquota.mobile/cache/WebView/Default/HTTP Cache/Cache_Data/fc17ac7042b9c466_0 size=16384 mod=1782826333 from UID=10233 used=16789504 quota=50980703 ratio=3293
06-30 14:13:01.028 D/installd(  601): Purging /data/data/com.aiquota.mobile/cache/WebView/Default/HTTP Cache/Cache_Data/d33f106debc982a2_0 size=12288 mod=1782826333 from UID=10233 used=16773120 quota=50980703 ratio=3290
06-30 14:13:01.028 D/installd(  601): Purging /data/data/com.aiquota.mobile/cache/WebView/Default/HTTP Cache/Cache_Data/1af6de98227b49b6_0 size=20480 mod=1782826333 from UID=10233 used=16760832 quota=50980703 ratio=3287
06-30 14:13:01.028 D/installd(  601): Purging /data/data/com.aiquota.mobile/cache/WebView/Default/HTTP Cache/Cache_Data/c980454d013db623_0 size=12288 mod=1782826333 from UID=10233 used=16740352 quota=50980703 ratio=3283
06-30 14:13:01.028 D/installd(  601): Purging /data/data/com.aiquota.mobile/cache/WebView/Default/HTTP Cache/Cache_Data/ea8b023556dba452_0 size=16384 mod=1782826333 from UID=10233 used=16728064 quota=50980703 ratio=3281
06-30 14:13:01.029 D/installd(  601): Purging /data/data/com.aiquota.mobile/cache/WebView/Default/HTTP Cache/Cache_Data/e4d8fc7c900f8105_0 size=12288 mod=1782826333 from UID=10233 used=16711680 quota=50980703 ratio=3278
06-30 14:13:01.029 D/installd(  601): Purging /data/data/com.aiquota.mobile/cache/WebView/Default/HTTP Cache/Cache_Data/1c4f2cc5dc28c185_0 size=8192 mod=1782826333 from UID=10233 used=16699392 quota=50980703 ratio=3275
06-30 14:13:01.029 D/installd(  601): Purging /data/data/com.aiquota.mobile/cache/WebView/Default/HTTP Cache/Cache_Data/95e4f82bacc562ce_0 size=16384 mod=1782826333 from UID=10233 used=16691200 quota=50980703 ratio=3274
06-30 14:13:01.029 D/installd(  601): Purging /data/data/com.aiquota.mobile/cache/WebView/Default/HTTP Cache/Cache_Data/b5d3835ee2a3db57_0 size=28672 mod=1782826333 from UID=10233 used=16674816 quota=50980703 ratio=3270
06-30 14:13:01.029 D/installd(  601): Purging /data/data/com.aiquota.mobile/cache/WebView/Default/HTTP Cache/Cache_Data/bd436ff14dcdf5d9_0 size=69632 mod=1782826333 from UID=10233 used=16646144 quota=50980703 ratio=3265
06-30 14:13:01.029 D/installd(  601): Purging /data/data/com.aiquota.mobile/cache/WebView/Default/HTTP Cache/Cache_Data/8a7c69a0118cbf7e_0 size=32768 mod=1782826333 from UID=10233 used=16576512 quota=50980703 ratio=3251
06-30 14:13:01.029 D/installd(  601): Purging /data/data/com.aiquota.mobile/cache/WebView/Default/HTTP Cache/Cache_Data/36753d260aad5e51_0 size=65536 mod=1782826333 from UID=10233 used=16543744 quota=50980703 ratio=3245
06-30 14:13:01.029 D/installd(  601): Purging /data/data/com.aiquota.mobile/cache/WebView/Default/HTTP Cache/Cache_Data/6f8ee71e7213eec3_0 size=12288 mod=1782826333 from UID=10233 used=16478208 quota=50980703 ratio=3232
06-30 14:13:01.029 D/installd(  601): Purging /data/data/com.aiquota.mobile/cache/WebView/Default/HTTP Cache/Cache_Data/85611afec1b41a93_0 size=8192 mod=1782826333 from UID=10233 used=16465920 quota=50980703 ratio=3229
06-30 14:13:01.029 D/installd(  601): Purging /data/data/com.aiquota.mobile/cache/WebView/Default/HTTP Cache/Cache_Data/37894b9c653708fd_0 size=12288 mod=1782826333 from UID=10233 used=16457728 quota=50980703 ratio=3228
06-30 14:13:01.029 D/installd(  601): Purging /data/data/com.aiquota.mobile/cache/WebView/Default/HTTP Cache/Cache_Data/0c0fefda2428c788_0 size=12288 mod=1782826334 from UID=10233 used=16445440 quota=50980703 ratio=3225
06-30 14:13:01.029 D/installd(  601): Purging /data/data/com.aiquota.mobile/cache/WebView/Default/HTTP Cache/Cache_Data/62b8c89d72fff814_0 size=8192 mod=1782826335 from UID=10233 used=16433152 quota=50980703 ratio=3223
06-30 14:13:01.029 D/installd(  601): Purging /data/data/com.aiquota.mobile/cache/WebView/Default/HTTP Cache/Cache_Data/931d789c31cdd2f8_0 size=12288 mod=1782826337 from UID=10233 used=16424960 quota=50980703 ratio=3221
06-30 14:13:01.030 D/installd(  601): Purging /data/data/com.aiquota.mobile/cache/WebView/Default/HTTP Cache/Cache_Data/a8c7c011af3d836a_0 size=16384 mod=1782826337 from UID=10233 used=16412672 quota=50980703 ratio=3219
06-30 14:13:01.030 D/installd(  601): Purging /data/data/com.aiquota.mobile/cache/WebView/Default/HTTP Cache/Cache_Data/6fffbcd90bb805e5_0 size=20480 mod=1782826337 from UID=10233 used=16396288 quota=50980703 ratio=3216
06-30 14:13:01.030 D/installd(  601): Purging /data/data/com.aiquota.mobile/cache/WebView/Default/HTTP Cache/Cache_Data/103aad8c26b1403c_0 size=12288 mod=1782826337 from UID=10233 used=16375808 quota=50980703 ratio=3212
06-30 14:13:01.030 D/installd(  601): Purging /data/data/com.aiquota.mobile/cache/WebView/Default/HTTP Cache/Cache_Data/1509fb67f433dbbd_0 size=12288 mod=1782826337 from UID=10233 used=16363520 quota=50980703 ratio=3209
06-30 14:13:01.030 D/installd(  601): Purging /data/data/com.aiquota.mobile/cache/WebView/Default/HTTP Cache/Cache_Data/9869a3ad47feb5db_0 size=16384 mod=1782826337 from UID=10233 used=16351232 quota=50980703 ratio=3207
06-30 14:13:01.030 D/installd(  601): Purging /data/data/com.aiquota.mobile/cache/WebView/Default/HTTP Cache/Cache_Data/6ec06d1c19bb490b_0 size=16384 mod=1782826337 from UID=10233 used=16334848 quota=50980703 ratio=3204
06-30 14:13:01.030 D/installd(  601): Purging /data/data/com.aiquota.mobile/cache/WebView/Default/HTTP Cache/Cache_Data/d71640f34c1530e4_0 size=16384 mod=1782826337 from UID=10233 used=16318464 quota=50980703 ratio=3200
06-30 14:13:01.030 D/installd(  601): Purging /data/data/com.aiquota.mobile/cache/WebView/Default/HTTP Cache/Cache_Data/4e2fa85081522ee8_0 size=65536 mod=1782826337 from UID=10233 used=16302080 quota=50980703 ratio=3197
06-30 14:13:01.030 D/installd(  601): Purging /data/data/com.aiquota.mobile/cache/WebView/Default/HTTP Cache/Cache_Data/e96ea11b7f9e1dec_0 size=12288 mod=1782826337 from UID=10233 used=16236544 quota=50980703 ratio=3184
06-30 14:13:01.030 D/installd(  601): Purging /data/data/com.aiquota.mobile/cache/WebView/Default/HTTP Cache/Cache_Data/64c0cfa42a768568_0 size=32768 mod=1782826337 from UID=10233 used=16224256 quota=50980703 ratio=3182
06-30 14:13:01.030 D/installd(  601): Purging /data/data/com.aiquota.mobile/cache/WebView/Default/HTTP Cache/Cache_Data/61a4801eda1c37f0_0 size=28672 mod=1782826337 from UID=10233 used=16191488 quota=50980703 ratio=3176
06-30 14:13:01.030 D/installd(  601): Purging /data/data/com.aiquota.mobile/cache/WebView/Default/HTTP Cache/Cache_Data/076c92733e927a2d_0 size=69632 mod=1782826337 from UID=10233 used=16162816 quota=50980703 ratio=3170
06-30 14:13:01.030 D/installd(  601): Purging /data/data/com.aiquota.mobile/cache/WebView/Default/HTTP Cache/Cache_Data/87e3c4903d07b933_0 size=12288 mod=1782826337 from UID=10233 used=16093184 quota=50980703 ratio=3156
06-30 14:13:01.030 D/installd(  601): Purging /data/data/com.aiquota.mobile/cache/WebView/Default/HTTP Cache/Cache_Data/de42f5d9fed2eb52_0 size=8192 mod=1782826338 from UID=10233 used=16080896 quota=50980703 ratio=3154
06-30 14:13:01.030 D/installd(  601): Purging /data/data/com.aiquota.mobile/cache/WebView/Default/HTTP Cache/Cache_Data/c0f65e4103146d8d_0 size=16384 mod=1782826339 from UID=10233 used=16072704 quota=50980703 ratio=3152
06-30 14:13:01.030 D/installd(  601): Purging /data/data/com.aiquota.mobile/cache/WebView/Default/HTTP Cache/Cache_Data/cb4efd063a955ba1_0 size=8192 mod=1782826339 from UID=10233 used=16056320 quota=50980703 ratio=3149
06-30 14:13:01.030 D/installd(  601): Purging /data/data/com.aiquota.mobile/cache/WebView/Default/HTTP Cache/Cache_Data/cead79f42aeb4a7f_0 size=8192 mod=1782826340 from UID=10233 used=16048128 quota=50980703 ratio=3147
06-30 14:13:01.030 D/installd(  601): Purging /data/data/com.aiquota.mobile/cache/WebView/Default/HTTP Cache/Cache_Data/85708d8833de3b05_0 size=8192 mod=1782826340 from UID=10233 used=16039936 quota=50980703 ratio=3146
06-30 14:13:01.030 D/installd(  601): Purging /data/data/com.aiquota.mobile/cache/WebView/Default/HTTP Cache/Cache_Data/4e707209923c648e_0 size=20480 mod=1782826340 from UID=10233 used=16031744 quota=50980703 ratio=3144
06-30 14:13:01.030 D/installd(  601): Purging /data/data/com.aiquota.mobile/cache/WebView/Default/HTTP Cache/Cache_Data/61d6ff118c94b8c0_0 size=8192 mod=1782826356 from UID=10233 used=16011264 quota=50980703 ratio=3140
06-30 14:13:01.030 D/installd(  601): Purging /data/data/com.aiquota.mobile/cache/WebView/Default/HTTP Cache/Cache_Data/61782bf6af2bd11c_0 size=45056 mod=1782826356 from UID=10233 used=16003072 quota=50980703 ratio=3139
06-30 14:13:01.030 D/installd(  601): Purging /data/data/com.aiquota.mobile/cache/WebView/Default/HTTP Cache/Cache_Data/04e458e12731d944_0 size=577536 mod=1782826356 from UID=10233 used=15958016 quota=50980703 ratio=3130
06-30 14:13:01.030 D/installd(  601): Purging /data/data/com.aiquota.mobile/cache/WebView/Default/HTTP Cache/Cache_Data/f73f3e41c45fe55e_0 size=8192 mod=1782826356 from UID=10233 used=15380480 quota=50980703 ratio=3016
06-30 14:13:01.030 D/installd(  601): Purging /data/data/com.aiquota.mobile/cache/WebView/Default/HTTP Cache/Cache_Data/fdbf2b7c02ad4531_0 size=12288 mod=1782826356 from UID=10233 used=15372288 quota=50980703 ratio=3015
06-30 14:13:01.030 D/installd(  601): Purging /data/data/com.aiquota.mobile/cache/WebView/Default/HTTP Cache/Cache_Data/5cae29fa8749ccb7_0 size=245760 mod=1782826356 from UID=10233 used=15360000 quota=50980703 ratio=3012
06-30 14:13:01.046 D/installd(  601): Purging /data/data/com.google.android.gms/cache/chime_gms_database.lck size=4096 mod=1782811206 from UID=10203 used=5582848 quota=18663894 ratio=2991
06-30 14:13:01.046 D/installd(  601): Purging /data/data/com.google.android.gms/cache/location size=8192 mod=1782816798 from UID=10203 used=5578752 quota=18663894 ratio=2989
06-30 14:13:01.046 D/installd(  601): Purging /data/data/com.google.android.gms/cache/nearby_bluetooth_metadata size=8192 mod=1782816803 from UID=10203 used=5570560 quota=18663894 ratio=2984
06-30 14:13:01.046 D/installd(  601): Purging /data/data/com.google.android.gms/cache/httpclient_tmp size=8192 mod=1782816806 from UID=10203 used=5562368 quota=18663894 ratio=2980
06-30 14:13:01.046 D/installd(  601): Purging /data/data/com.google.android.gms/cache/Nearby/cloud_sharing_temp size=8192 mod=1782816815 from UID=10203 used=5554176 quota=18663894 ratio=2975
06-30 14:13:01.046 D/installd(  601): Purging /data/data/com.google.android.gms/cache/Nearby size=8192 mod=1782816815 from UID=10203 used=5545984 quota=18663894 ratio=2971
06-30 14:13:01.046 D/installd(  601): Purging /data/data/com.google.android.gms/cache/intrusion_detection_event_database.lck size=4096 mod=1782816822 from UID=10203 used=5537792 quota=18663894 ratio=2967
06-30 14:13:01.047 D/installd(  601): Purging /data/data/com.google.android.gms/cache/autofill_infinite_data_cache/infinite_data_cache-journal size=4096 mod=1782816823 from UID=10203 used=5533696 quota=18663894 ratio=2964
06-30 14:13:01.047 D/installd(  601): Purging /data/data/com.aiquota.mobile/cache/WebView/Default/HTTP Cache/Cache_Data/08742d28405ab604_0 size=12288 mod=1782826356 from UID=10233 used=15114240 quota=50980703 ratio=2964
06-30 14:13:01.047 D/installd(  601): Purging /data/data/com.aiquota.mobile/cache/WebView/Default/HTTP Cache/Cache_Data/b0dd622de81208af_0 size=204800 mod=1782826356 from UID=10233 used=15101952 quota=50980703 ratio=2962
06-30 14:13:01.047 D/installd(  601): Purging /data/data/com.google.android.gms/cache/autofill_infinite_data_cache/infinite_data_cache size=32768 mod=1782816823 from UID=10203 used=5529600 quota=18663894 ratio=2962
06-30 14:13:01.047 D/installd(  601): Purging /data/data/com.google.android.gms/cache/autofill_infinite_data_cache size=8192 mod=1782816823 from UID=10203 used=5496832 quota=18663894 ratio=2945
06-30 14:13:01.047 D/installd(  601): Purging /data/data/com.google.android.gms/cache/cronet-cache/com.google.android.gms.unstable/disk_cache/index-dir/the-real-index size=8192 mod=1782816824 from UID=10203 used=5488640 quota=18663894 ratio=2940
06-30 14:13:01.047 D/installd(  601): Purging /data/data/com.google.android.gms/cache/cronet-cache/com.google.android.gms.unstable/disk_cache/index size=8192 mod=1782816824 from UID=10203 used=5480448 quota=18663894 ratio=2936
06-30 14:13:01.047 D/installd(  601): Purging /data/data/com.google.android.gms/cache/cronet-cache/com.google.android.gms.unstable/disk_cache/index-dir size=8192 mod=1782816824 from UID=10203 used=5472256 quota=18663894 ratio=2932
06-30 14:13:01.047 D/installd(  601): Purging /data/data/com.google.android.gms/cache/cronet-cache/com.google.android.gms/version size=8192 mod=1782816824 from UID=10203 used=5464064 quota=18663894 ratio=2927
06-30 14:13:01.047 D/installd(  601): Purging /data/data/com.google.android.gms/cache/cronet-cache/com.google.android.gms.unstable/version size=8192 mod=1782816824 from UID=10203 used=5455872 quota=18663894 ratio=2923
06-30 14:13:01.047 D/installd(  601): Purging /data/data/com.aiquota.mobile/cache/WebView/Default/HTTP Cache/Cache_Data/1fe155ce1d2e5db0_0 size=12288 mod=1782826357 from UID=10233 used=14897152 quota=50980703 ratio=2922
06-30 14:13:01.047 D/installd(  601): Purging /data/data/com.aiquota.mobile/cache/WebView/Default/HTTP Cache/Cache_Data/29b63c886a618c86_0 size=45056 mod=1782826357 from UID=10233 used=14884864 quota=50980703 ratio=2919
06-30 14:13:01.047 D/installd(  601): Purging /data/data/com.google.android.gms/cache/cronet-cache/com.google.android.gms.unstable/disk_cache size=8192 mod=1782816824 from UID=10203 used=5447680 quota=18663894 ratio=2918
06-30 14:13:01.047 D/installd(  601): Purging /data/data/com.google.android.gms/cache/cronet-cache/com.google.android.gms.persistent/disk_cache/index-dir/the-real-index size=8192 mod=1782816826 from UID=10203 used=5439488 quota=18663894 ratio=2914
06-30 14:13:01.047 D/installd(  601): Purging /data/data/com.google.android.gms/cache/cronet-cache/com.google.android.gms.persistent/disk_cache/index size=8192 mod=1782816826 from UID=10203 used=5431296 quota=18663894 ratio=2910
06-30 14:13:01.047 D/installd(  601): Purging /data/data/com.aiquota.mobile/cache/WebView/Default/HTTP Cache/Cache_Data/a856af7db9fe4eb8_0 size=8192 mod=1782826357 from UID=10233 used=14839808 quota=50980703 ratio=2910
06-30 14:13:01.047 D/installd(  601): Purging /data/data/com.aiquota.mobile/cache/WebView/Default/HTTP Cache/Cache_Data/8a667c8856683751_0 size=12288 mod=1782826357 from UID=10233 used=14831616 quota=50980703 ratio=2909
06-30 14:13:01.047 D/installd(  601): Purging /data/data/com.aiquota.mobile/cache/WebView/Default/HTTP Cache/Cache_Data/9681999c4d73216e_0 size=16384 mod=1782826357 from UID=10233 used=14819328 quota=50980703 ratio=2906
06-30 14:13:01.047 D/installd(  601): Purging /data/data/com.google.android.gms/cache/cronet-cache/com.google.android.gms.persistent/disk_cache/index-dir size=8192 mod=1782816826 from UID=10203 used=5423104 quota=18663894 ratio=2905
06-30 14:13:01.048 D/installd(  601): Purging /data/data/com.aiquota.mobile/cache/WebView/Default/HTTP Cache/Cache_Data/1794190159ff20fc_0 size=12288 mod=1782826357 from UID=10233 used=14802944 quota=50980703 ratio=2903
06-30 14:13:01.048 D/installd(  601): Purging /data/data/com.aiquota.mobile/cache/WebView/Default/HTTP Cache/Cache_Data/d23b4945ec68a9a8_0 size=24576 mod=1782826357 from UID=10233 used=14790656 quota=50980703 ratio=2901
06-30 14:13:01.048 D/installd(  601): Purging /data/data/com.google.android.gms/cache/cronet-cache/com.google.android.gms.persistent/version size=8192 mod=1782816826 from UID=10203 used=5414912 quota=18663894 ratio=2901
06-30 14:13:01.048 D/installd(  601): Purging /data/data/com.google.android.gms/cache/cronet-cache/com.google.android.gms.persistent/disk_cache size=8192 mod=1782816826 from UID=10203 used=5406720 quota=18663894 ratio=2896
06-30 14:13:01.048 D/installd(  601): Purging /data/data/com.aiquota.mobile/cache/WebView/Default/HTTP Cache/Cache_Data/3b18175283b83dde_0 size=16384 mod=1782826357 from UID=10233 used=14766080 quota=50980703 ratio=2896
06-30 14:13:01.048 D/installd(  601): Purging /data/data/com.aiquota.mobile/cache/WebView/Default/HTTP Cache/Cache_Data/30be51344cbc6ecb_0 size=106496 mod=1782826357 from UID=10233 used=14749696 quota=50980703 ratio=2893
06-30 14:13:01.048 D/installd(  601): Purging /data/data/com.google.android.gms/cache/StatementServiceVerificationRequest.db.lck size=4096 mod=1782816827 from UID=10203 used=5398528 quota=18663894 ratio=2892
06-30 14:13:01.048 D/installd(  601): Purging /data/data/com.google.android.gms/cache/personalsafety_db.lck size=4096 mod=1782816827 from UID=10203 used=5394432 quota=18663894 ratio=2890
06-30 14:13:01.048 D/installd(  601): Purging /data/data/com.google.android.gms/cache/cronet-cache/com.google.android.gms/disk_cache/index-dir/the-real-index size=8192 mod=1782816832 from UID=10203 used=5390336 quota=18663894 ratio=2888
06-30 14:13:01.048 D/installd(  601): Purging /data/data/com.google.android.gms/cache/cronet-cache/com.google.android.gms/disk_cache/index size=8192 mod=1782816832 from UID=10203 used=5382144 quota=18663894 ratio=2883
06-30 14:13:01.048 D/installd(  601): Purging /data/data/com.google.android.gms/cache/cronet-cache/com.google.android.gms/disk_cache/index-dir size=8192 mod=1782816832 from UID=10203 used=5373952 quota=18663894 ratio=2879
06-30 14:13:01.048 D/installd(  601): Purging /data/data/com.google.android.gms/cache/cronet-cache/com.google.android.gms/disk_cache size=8192 mod=1782816832 from UID=10203 used=5365760 quota=18663894 ratio=2874
06-30 14:13:01.048 D/installd(  601): Purging /data/data/com.aiquota.mobile/cache/WebView/Default/HTTP Cache/Cache_Data/f292e1319b4e108d_0 size=1265664 mod=1782826357 from UID=10233 used=14643200 quota=50980703 ratio=2872
06-30 14:13:01.048 D/installd(  601): Purging /data/data/com.google.android.gms/cache/password_manager.db.lck size=4096 mod=1782816857 from UID=10203 used=5357568 quota=18663894 ratio=2870
06-30 14:13:01.048 D/installd(  601): Purging /data/data/com.google.android.gms/cache/cronet-cache/com.google.android.gms.unstable/prefs/local_prefs.json size=8192 mod=1782816894 from UID=10203 used=5353472 quota=18663894 ratio=2868
06-30 14:13:01.048 D/installd(  601): Purging /data/data/com.google.android.gms/cache/cronet-cache/com.google.android.gms.unstable/prefs size=8192 mod=1782816894 from UID=10203 used=5345280 quota=18663894 ratio=2863
06-30 14:13:01.048 D/installd(  601): Purging /data/data/com.google.android.gms/cache/cronet-cache/com.google.android.gms.unstable size=8192 mod=1782816894 from UID=10203 used=5337088 quota=18663894 ratio=2859
06-30 14:13:01.048 D/installd(  601): Purging /data/data/com.google.android.gms/cache/android:/com.google.android.gms/managed/common/shared/cgal.mdi.sync.moonlander.autofill-domain-predictions-prod-spanner/infinite_data_cache size=32768 mod=1782825965 from UID=10203 used=5328896 quota=18663894 ratio=2855
06-30 14:13:01.048 D/installd(  601): Purging /data/data/com.google.android.gms/cache/android:/com.google.android.gms/managed/common/shared/cgal.mdi.sync.moonlander.autofill-domain-predictions-prod-spanner size=8192 mod=1782825965 from UID=10203 used=5296128 quota=18663894 ratio=2837
06-30 14:13:01.049 D/installd(  601): Purging /data/data/com.google.android.gms/cache/android:/com.google.android.gms/managed/common/shared size=8192 mod=1782825965 from UID=10203 used=5287936 quota=18663894 ratio=2833
06-30 14:13:01.049 D/installd(  601): Purging /data/data/com.google.android.gms/cache/android:/com.google.android.gms/managed/common size=8192 mod=1782825965 from UID=10203 used=5279744 quota=18663894 ratio=2828
06-30 14:13:01.049 D/installd(  601): Purging /data/data/com.google.android.gms/cache/android:/com.google.android.gms/managed size=8192 mod=1782825965 from UID=10203 used=5271552 quota=18663894 ratio=2824
06-30 14:13:01.049 D/installd(  601): Purging /data/data/com.google.android.gms/cache/android:/com.google.android.gms size=8192 mod=1782825965 from UID=10203 used=5263360 quota=18663894 ratio=2820
06-30 14:13:01.049 D/installd(  601): Purging /data/data/com.google.android.gms/cache/android: size=8192 mod=1782825965 from UID=10203 used=5255168 quota=18663894 ratio=2815
06-30 14:13:01.049 D/installd(  601): Purging /data/data/com.google.android.gms/cache/cronet-cache/com.google.android.gms/prefs/local_prefs.json size=12288 mod=1782827875 from UID=10203 used=5246976 quota=18663894 ratio=2811
06-30 14:13:01.049 D/installd(  601): Purging /data/data/com.google.android.gms/cache/cronet-cache/com.google.android.gms/prefs size=8192 mod=1782827875 from UID=10203 used=5234688 quota=18663894 ratio=2804
06-30 14:13:01.049 D/installd(  601): Purging /data/data/com.google.android.gms/cache/cronet-cache/com.google.android.gms size=8192 mod=1782827875 from UID=10203 used=5226496 quota=18663894 ratio=2800
06-30 14:13:01.049 D/installd(  601): Purging /data/data/com.google.android.gms/cache/cronet-cache/com.google.android.gms.persistent/prefs/local_prefs.json size=8192 mod=1782828120 from UID=10203 used=5218304 quota=18663894 ratio=2795
06-30 14:13:01.049 D/installd(  601): Purging /data/data/com.google.android.gms/cache/cronet-cache/com.google.android.gms.persistent/prefs size=8192 mod=1782828120 from UID=10203 used=5210112 quota=18663894 ratio=2791
06-30 14:13:01.049 D/installd(  601): Purging /data/data/com.google.android.gms/cache/cronet-cache/com.google.android.gms.persistent size=8192 mod=1782828120 from UID=10203 used=5201920 quota=18663894 ratio=2787
06-30 14:13:01.049 D/installd(  601): Purging /data/data/com.google.android.gms/cache/cronet-cache size=8192 mod=1782828120 from UID=10203 used=5193728 quota=18663894 ratio=2782
06-30 14:13:01.049 D/installd(  601): Purging /data/data/com.aiquota.mobile/cache/WebView/Default/HTTP Cache/Cache_Data/c1d5dd2b8f3f4a3c_0 size=8192 mod=1782826358 from UID=10233 used=13377536 quota=50980703 ratio=2624
06-30 14:13:01.049 D/installd(  601): Purging /data/data/com.aiquota.mobile/cache/WebView/Default/HTTP Cache/Cache_Data/648c38e031baf43a_0 size=8192 mod=1782826358 from UID=10233 used=13369344 quota=50980703 ratio=2622
06-30 14:13:01.049 D/installd(  601): Purging /data/data/com.aiquota.mobile/cache/WebView/Default/HTTP Cache/Cache_Data/0f5c639f5a72b0f3_0 size=12288 mod=1782826358 from UID=10233 used=13361152 quota=50980703 ratio=2620
06-30 14:13:01.049 D/installd(  601): Purging /data/data/com.aiquota.mobile/cache/WebView/Default/HTTP Cache/Cache_Data/a45281c3e1151dc4_0 size=516096 mod=1782826358 from UID=10233 used=13348864 quota=50980703 ratio=2618
06-30 14:13:01.049 D/installd(  601): Purging /data/data/com.aiquota.mobile/cache/WebView/Default/HTTP Cache/Cache_Data/ea8276165d1dd61a_0 size=12288 mod=1782826358 from UID=10233 used=12832768 quota=50980703 ratio=2517
06-30 14:13:01.049 D/installd(  601): Purging /data/data/com.aiquota.mobile/cache/WebView/Default/HTTP Cache/Cache_Data/f858fc82095f7c5a_0 size=8192 mod=1782826358 from UID=10233 used=12820480 quota=50980703 ratio=2514
06-30 14:13:01.049 D/installd(  601): Purging /data/data/com.aiquota.mobile/cache/WebView/Default/HTTP Cache/Cache_Data/c791fa4d65d72a37_0 size=12288 mod=1782826358 from UID=10233 used=12812288 quota=50980703 ratio=2513
06-30 14:13:01.049 D/installd(  601): Purging /data/data/com.aiquota.mobile/cache/WebView/Default/HTTP Cache/Cache_Data/a7d3796bf6d9bc89_0 size=12288 mod=1782826358 from UID=10233 used=12800000 quota=50980703 ratio=2510
06-30 14:13:01.049 D/installd(  601): Purging /data/data/com.aiquota.mobile/cache/WebView/Default/HTTP Cache/Cache_Data/69e426173fcc24ff_0 size=20480 mod=1782826358 from UID=10233 used=12787712 quota=50980703 ratio=2508
06-30 14:13:01.049 D/installd(  601): Purging /data/data/com.aiquota.mobile/cache/WebView/Default/HTTP Cache/Cache_Data/baabe6d17dc8de6d_0 size=12288 mod=1782826358 from UID=10233 used=12767232 quota=50980703 ratio=2504
06-30 14:13:01.049 D/installd(  601): Purging /data/data/com.aiquota.mobile/cache/WebView/Default/HTTP Cache/Cache_Data/21672215d6a7dff8_0 size=32768 mod=1782826358 from UID=10233 used=12754944 quota=50980703 ratio=2501
06-30 14:13:01.049 D/installd(  601): Purging /data/data/com.aiquota.mobile/cache/WebView/Default/HTTP Cache/Cache_Data/c0d9dd6c3c633358_0 size=1167360 mod=1782826358 from UID=10233 used=12722176 quota=50980703 ratio=2495
06-30 14:13:01.049 D/installd(  601): Purging /data/data/com.aiquota.mobile/cache/WebView/Default/HTTP Cache/Cache_Data/f8aea5a0d146e109_0 size=290816 mod=1782826358 from UID=10233 used=11554816 quota=50980703 ratio=2266
06-30 14:13:01.049 D/installd(  601): Purging /data/data/com.aiquota.mobile/cache/WebView/Default/HTTP Cache/Cache_Data/fa08935e2687ac37_0 size=24576 mod=1782826358 from UID=10233 used=11264000 quota=50980703 ratio=2209
06-30 14:13:01.050 D/installd(  601): Purging /data/data/com.aiquota.mobile/cache/WebView/Default/HTTP Cache/Cache_Data/ea20e2742239bc68_0 size=8192 mod=1782826359 from UID=10233 used=11239424 quota=50980703 ratio=2204
06-30 14:13:01.050 D/installd(  601): Purging /data/data/com.aiquota.mobile/cache/WebView/Default/HTTP Cache/Cache_Data/882427cc63e54b96_0 size=8192 mod=1782826359 from UID=10233 used=11231232 quota=50980703 ratio=2203
06-30 14:13:01.050 D/installd(  601): Purging /data/data/com.aiquota.mobile/cache/WebView/Default/HTTP Cache/Cache_Data/a06f2b4119aa1834_0 size=12288 mod=1782826360 from UID=10233 used=11223040 quota=50980703 ratio=2201
06-30 14:13:01.050 D/installd(  601): Purging /data/data/com.aiquota.mobile/cache/WebView/Default/HTTP Cache/Cache_Data/2a63ac53822ad009_0 size=12288 mod=1782826360 from UID=10233 used=11210752 quota=50980703 ratio=2199
06-30 14:13:01.050 D/installd(  601): Purging /data/data/com.aiquota.mobile/cache/WebView/Default/HTTP Cache/Cache_Data/1bbeae9934d33461_0 size=40960 mod=1782826360 from UID=10233 used=11198464 quota=50980703 ratio=2196
06-30 14:13:01.050 D/installd(  601): Purging /data/data/com.aiquota.mobile/cache/WebView/Default/HTTP Cache/Cache_Data/66106eefafceeb64_0 size=24576 mod=1782826360 from UID=10233 used=11157504 quota=50980703 ratio=2188
06-30 14:13:01.050 D/installd(  601): Purging /data/data/com.aiquota.mobile/cache/WebView/Default/HTTP Cache/Cache_Data/623eeeb035ab9882_0 size=24576 mod=1782826360 from UID=10233 used=11132928 quota=50980703 ratio=2183
06-30 14:13:01.050 D/installd(  601): Purging /data/data/com.aiquota.mobile/cache/WebView/Default/HTTP Cache/Cache_Data/e5b06d81bb384cfd_0 size=69632 mod=1782826360 from UID=10233 used=11108352 quota=50980703 ratio=2178
06-30 14:13:01.050 D/installd(  601): Purging /data/data/com.aiquota.mobile/cache/WebView/Default/HTTP Cache/Cache_Data/def431f2195cf000_0 size=57344 mod=1782826360 from UID=10233 used=11038720 quota=50980703 ratio=2165
06-30 14:13:01.050 D/installd(  601): Purging /data/data/com.aiquota.mobile/cache/WebView/Default/HTTP Cache/Cache_Data/5ff33f288425c727_0 size=28672 mod=1782826360 from UID=10233 used=10981376 quota=50980703 ratio=2154
06-30 14:13:01.050 D/installd(  601): Purging /data/data/com.aiquota.mobile/cache/WebView/Default/HTTP Cache/Cache_Data/203b56842fe3a4cb_0 size=12288 mod=1782826360 from UID=10233 used=10952704 quota=50980703 ratio=2148
06-30 14:13:01.050 D/installd(  601): Purging /data/data/com.aiquota.mobile/cache/WebView/Default/HTTP Cache/Cache_Data/f998758b0ee225f7_0 size=69632 mod=1782826360 from UID=10233 used=10940416 quota=50980703 ratio=2145
06-30 14:13:01.050 D/installd(  601): Purging /data/data/com.aiquota.mobile/cache/WebView/Default/HTTP Cache/Cache_Data/27fd2163111597cf_0 size=53248 mod=1782826360 from UID=10233 used=10870784 quota=50980703 ratio=2132
06-30 14:13:01.050 D/installd(  601): Purging /data/data/com.aiquota.mobile/cache/WebView/Default/HTTP Cache/Cache_Data/d15e19a5b1d2aeeb_0 size=24576 mod=1782826360 from UID=10233 used=10817536 quota=50980703 ratio=2121
06-30 14:13:01.050 D/installd(  601): Purging /data/data/com.aiquota.mobile/cache/WebView/Default/HTTP Cache/Cache_Data/9af710926a53a641_0 size=53248 mod=1782826360 from UID=10233 used=10792960 quota=50980703 ratio=2117
06-30 14:13:01.051 D/installd(  601): Purging /data/data/com.aiquota.mobile/cache/WebView/Default/HTTP Cache/Cache_Data/e24a977dfa91a7b5_0 size=12288 mod=1782826360 from UID=10233 used=10739712 quota=50980703 ratio=2106
06-30 14:13:01.051 D/installd(  601): Purging /data/data/com.aiquota.mobile/cache/WebView/Default/HTTP Cache/Cache_Data/97c102a72b44b7bc_0 size=57344 mod=1782826360 from UID=10233 used=10727424 quota=50980703 ratio=2104
06-30 14:13:01.051 D/installd(  601): Purging /data/data/com.aiquota.mobile/cache/WebView/Default/HTTP Cache/Cache_Data/f1b93a96b020aea3_0 size=16384 mod=1782826360 from UID=10233 used=10670080 quota=50980703 ratio=2092
06-30 14:13:01.051 D/installd(  601): Purging /data/data/com.aiquota.mobile/cache/WebView/Default/HTTP Cache/Cache_Data/fadc53ac849e6e01_0 size=12288 mod=1782826360 from UID=10233 used=10653696 quota=50980703 ratio=2089
06-30 14:13:01.051 D/installd(  601): Purging /data/data/com.aiquota.mobile/cache/WebView/Default/HTTP Cache/Cache_Data/fe0e04a6250a4ffb_0 size=16384 mod=1782826360 from UID=10233 used=10641408 quota=50980703 ratio=2087
06-30 14:13:01.051 D/installd(  601): Purging /data/data/com.aiquota.mobile/cache/WebView/Default/HTTP Cache/Cache_Data/fbc6324c26444999_0 size=12288 mod=1782826360 from UID=10233 used=10625024 quota=50980703 ratio=2084
06-30 14:13:01.051 D/installd(  601): Purging /data/data/com.aiquota.mobile/cache/WebView/Default/HTTP Cache/Cache_Data/5e94f51e0dddc394_0 size=12288 mod=1782826360 from UID=10233 used=10612736 quota=50980703 ratio=2081
06-30 14:13:01.051 D/installd(  601): Purging /data/data/com.aiquota.mobile/cache/WebView/Default/HTTP Cache/Cache_Data/c973474093c72c38_0 size=12288 mod=1782826360 from UID=10233 used=10600448 quota=50980703 ratio=2079
06-30 14:13:01.051 D/installd(  601): Purging /data/data/com.aiquota.mobile/cache/WebView/Default/HTTP Cache/Cache_Data/fd7d5ee70a14f700_0 size=8192 mod=1782826360 from UID=10233 used=10588160 quota=50980703 ratio=2076
06-30 14:13:01.051 D/installd(  601): Purging /data/data/com.aiquota.mobile/cache/WebView/Default/HTTP Cache/Cache_Data/b23a6f4d7dc71f34_0 size=8192 mod=1782826361 from UID=10233 used=10579968 quota=50980703 ratio=2075
06-30 14:13:01.051 D/installd(  601): Purging /data/data/com.aiquota.mobile/cache/WebView/Default/HTTP Cache/Cache_Data/013eeb0504a03419_0 size=20480 mod=1782826361 from UID=10233 used=10571776 quota=50980703 ratio=2073
06-30 14:13:01.051 D/installd(  601): Purging /data/data/com.aiquota.mobile/cache/WebView/Default/HTTP Cache/Cache_Data/a8359c62e851c6da_0 size=8192 mod=1782826361 from UID=10233 used=10551296 quota=50980703 ratio=2069
06-30 14:13:01.051 D/installd(  601): Purging /data/data/com.aiquota.mobile/cache/WebView/Default/HTTP Cache/Cache_Data/e3587fad6197dfcf_0 size=28672 mod=1782826361 from UID=10233 used=10543104 quota=50980703 ratio=2068
06-30 14:13:01.051 D/installd(  601): Purging /data/data/com.aiquota.mobile/cache/WebView/Default/HTTP Cache/Cache_Data/31831ce621217855_0 size=12288 mod=1782826361 from UID=10233 used=10514432 quota=50980703 ratio=2062
06-30 14:13:01.051 D/installd(  601): Purging /data/data/com.aiquota.mobile/cache/WebView/Default/HTTP Cache/Cache_Data/72528ebfc6f72d85_0 size=65536 mod=1782826361 from UID=10233 used=10502144 quota=50980703 ratio=2060
06-30 14:13:01.051 D/installd(  601): Purging /data/data/com.aiquota.mobile/cache/WebView/Default/HTTP Cache/Cache_Data/646e0f8d52e243c2_0 size=65536 mod=1782826361 from UID=10233 used=10436608 quota=50980703 ratio=2047
06-30 14:13:01.051 D/installd(  601): Purging /data/data/com.aiquota.mobile/cache/WebView/Default/HTTP Cache/Cache_Data/4ca0add14779a3ee_0 size=65536 mod=1782826361 from UID=10233 used=10371072 quota=50980703 ratio=2034
06-30 14:13:01.051 D/installd(  601): Purging /data/data/com.aiquota.mobile/cache/WebView/Default/HTTP Cache/Cache_Data/73eff9e49b27bda2_0 size=20480 mod=1782826361 from UID=10233 used=10305536 quota=50980703 ratio=2021
06-30 14:13:01.051 D/installd(  601): Purging /data/data/com.aiquota.mobile/cache/WebView/Default/HTTP Cache/Cache_Data/10077b386c2061a3_0 size=16384 mod=1782826361 from UID=10233 used=10285056 quota=50980703 ratio=2017
06-30 14:13:01.051 D/installd(  601): Purging /data/data/com.aiquota.mobile/cache/WebView/Default/HTTP Cache/Cache_Data/3c2dd2625de0647d_0 size=12288 mod=1782826361 from UID=10233 used=10268672 quota=50980703 ratio=2014
06-30 14:13:01.051 D/installd(  601): Purging /data/data/com.aiquota.mobile/cache/WebView/Default/HTTP Cache/Cache_Data/40fd1b49e0709a7f_0 size=16384 mod=1782826361 from UID=10233 used=10256384 quota=50980703 ratio=2011
06-30 14:13:01.051 D/installd(  601): Purging /data/data/com.aiquota.mobile/cache/WebView/Default/HTTP Cache/Cache_Data/c7d501b82d608cdb_0 size=16384 mod=1782826361 from UID=10233 used=10240000 quota=50980703 ratio=2008
06-30 14:13:01.051 D/installd(  601): Purging /data/data/com.aiquota.mobile/cache/WebView/Default/HTTP Cache/Cache_Data/524c37f140e0389b_0 size=16384 mod=1782826361 from UID=10233 used=10223616 quota=50980703 ratio=2005
06-30 14:13:01.052 D/installd(  601): Purging /data/data/com.aiquota.mobile/cache/WebView/Default/HTTP Cache/Cache_Data/8cbdc685761da609_0 size=12288 mod=1782826361 from UID=10233 used=10207232 quota=50980703 ratio=2002
06-30 14:13:01.052 D/installd(  601): Purging /data/data/com.aiquota.mobile/cache/WebView/Default/HTTP Cache/Cache_Data/b724e2a9b7932e5a_0 size=12288 mod=1782826361 from UID=10233 used=10194944 quota=50980703 ratio=1999
06-30 14:13:01.052 D/installd(  601): Purging /data/data/com.aiquota.mobile/cache/WebView/Default/HTTP Cache/Cache_Data/12adfd6148368310_0 size=49152 mod=1782826361 from UID=10233 used=10182656 quota=50980703 ratio=1997
06-30 14:13:01.052 D/installd(  601): Purging /data/data/com.aiquota.mobile/cache/WebView/Default/HTTP Cache/Cache_Data/4113b02fbe3000ed_0 size=65536 mod=1782826361 from UID=10233 used=10133504 quota=50980703 ratio=1987
06-30 14:13:01.052 D/installd(  601): Purging /data/data/com.aiquota.mobile/cache/WebView/Default/HTTP Cache/Cache_Data/ba4f1672d2ceebf0_0 size=49152 mod=1782826361 from UID=10233 used=10067968 quota=50980703 ratio=1974
06-30 14:13:01.052 D/installd(  601): Purging /data/data/com.aiquota.mobile/cache/WebView/Default/HTTP Cache/Cache_Data/009d9ce091b449c5_0 size=12288 mod=1782826366 from UID=10233 used=10018816 quota=50980703 ratio=1965
06-30 14:13:01.052 D/installd(  601): Purging /data/data/com.aiquota.mobile/cache/WebView/Default/HTTP Cache/Cache_Data/183ae3e02b2fca3d_0 size=12288 mod=1782826366 from UID=10233 used=10006528 quota=50980703 ratio=1962
06-30 14:13:01.052 D/installd(  601): Purging /data/data/com.aiquota.mobile/cache/WebView/Default/HTTP Cache/Cache_Data/0dd1ce13061621c9_0 size=16384 mod=1782826366 from UID=10233 used=9994240 quota=50980703 ratio=1960
06-30 14:13:01.052 D/installd(  601): Purging /data/data/com.aiquota.mobile/cache/WebView/Default/HTTP Cache/Cache_Data/2f3bfa7995ea643a_0 size=12288 mod=1782826366 from UID=10233 used=9977856 quota=50980703 ratio=1957
06-30 14:13:01.052 D/installd(  601): Purging /data/data/com.aiquota.mobile/cache/WebView/Default/HTTP Cache/Cache_Data/1d555508d4f9e954_0 size=8192 mod=1782826375 from UID=10233 used=9965568 quota=50980703 ratio=1954
06-30 14:13:01.052 D/installd(  601): Purging /data/data/com.aiquota.mobile/cache/WebView/Default/HTTP Cache/Cache_Data/97df6336484e37a3_0 size=176128 mod=1782826376 from UID=10233 used=9957376 quota=50980703 ratio=1953
06-30 14:13:01.052 D/installd(  601): Purging /data/data/com.aiquota.mobile/cache/WebView/Default/HTTP Cache/Cache_Data/57333c917dfabcb1_0 size=8192 mod=1782826376 from UID=10233 used=9781248 quota=50980703 ratio=1918
06-30 14:13:01.052 D/installd(  601): Purging /data/data/com.aiquota.mobile/cache/WebView/Default/HTTP Cache/Cache_Data/6390cdcbda1e9c03_0 size=8192 mod=1782826376 from UID=10233 used=9773056 quota=50980703 ratio=1917
06-30 14:13:01.052 D/installd(  601): Purging /data/data/com.aiquota.mobile/cache/WebView/Default/HTTP Cache/Code Cache/js/a5c5eda77937578a_0 size=24576 mod=1782826377 from UID=10233 used=9764864 quota=50980703 ratio=1915
06-30 14:13:01.052 D/installd(  601): Purging /data/data/com.aiquota.mobile/cache/WebView/Default/HTTP Cache/Code Cache/js/7bf185cb64281de8_0 size=49152 mod=1782826377 from UID=10233 used=9740288 quota=50980703 ratio=1910
06-30 14:13:01.052 D/installd(  601): Purging /data/data/com.aiquota.mobile/cache/WebView/Default/HTTP Cache/Code Cache/js/1420ace317786518_0 size=49152 mod=1782826377 from UID=10233 used=9691136 quota=50980703 ratio=1900
06-30 14:13:01.052 D/installd(  601): Purging /data/data/com.aiquota.mobile/cache/WebView/Default/HTTP Cache/Code Cache/js/c654758485d3b6b7_0 size=98304 mod=1782826377 from UID=10233 used=9641984 quota=50980703 ratio=1891
06-30 14:13:01.052 D/installd(  601): Purging /data/data/com.aiquota.mobile/cache/WebView/Default/HTTP Cache/Code Cache/js/12069884e366b7f3_0 size=147456 mod=1782826377 from UID=10233 used=9543680 quota=50980703 ratio=1872
06-30 14:13:01.052 D/installd(  601): Purging /data/data/com.aiquota.mobile/cache/WebView/Default/HTTP Cache/Code Cache/js/82eae960a301fa03_0 size=188416 mod=1782826377 from UID=10233 used=9396224 quota=50980703 ratio=1843
06-30 14:13:01.052 D/installd(  601): Purging /data/data/com.aiquota.mobile/cache/WebView/Default/HTTP Cache/Code Cache/js/8be6c1c5ca00db7e_0 size=2445312 mod=1782826377 from UID=10233 used=9207808 quota=50980703 ratio=1806
06-30 14:13:01.071 D/installd(  601): Purging /data/data/com.google.android.googlequicksearchbox/cache/gmscompliance.pb size=8192 mod=1782813598 from UID=10158 used=1712128 quota=10765646 ratio=1590
06-30 14:13:01.071 D/installd(  601): Purging /data/data/com.google.android.googlequicksearchbox/cache/webview_assistant/Default/HTTP Cache/Code Cache/wasm/index-dir/the-real-index size=8192 mod=1782813599 from UID=10158 used=1703936 quota=10765646 ratio=1582
06-30 14:13:01.071 D/installd(  601): Purging /data/data/com.google.android.googlequicksearchbox/cache/webview_assistant/Default/HTTP Cache/Code Cache/js/index-dir/the-real-index size=8192 mod=1782813599 from UID=10158 used=1695744 quota=10765646 ratio=1575
06-30 14:13:01.071 D/installd(  601): Purging /data/data/com.google.android.googlequicksearchbox/cache/webview_assistant/Default/HTTP Cache/Code Cache/wasm/index size=8192 mod=1782813599 from UID=10158 used=1687552 quota=10765646 ratio=1567
06-30 14:13:01.071 D/installd(  601): Purging /data/data/com.google.android.googlequicksearchbox/cache/webview_assistant/Default/HTTP Cache/Code Cache/js/index size=8192 mod=1782813599 from UID=10158 used=1679360 quota=10765646 ratio=1559
06-30 14:13:01.071 D/installd(  601): Purging /data/data/com.google.android.googlequicksearchbox/cache/webview_assistant/Default/HTTP Cache/Code Cache/js/index-dir size=8192 mod=1782813599 from UID=10158 used=1671168 quota=10765646 ratio=1552
06-30 14:13:01.071 D/installd(  601): Purging /data/data/com.google.android.googlequicksearchbox/cache/webview_assistant/Default/HTTP Cache/Code Cache/wasm/index-dir size=8192 mod=1782813599 from UID=10158 used=1662976 quota=10765646 ratio=1544
06-30 14:13:01.071 D/installd(  601): Purging /data/data/com.google.android.googlequicksearchbox/cache/webview_assistant/Default/HTTP Cache/Code Cache/js size=8192 mod=1782813599 from UID=10158 used=1654784 quota=10765646 ratio=1537
06-30 14:13:01.071 D/installd(  601): Purging /data/data/com.google.android.googlequicksearchbox/cache/webview_assistant/Default/HTTP Cache/Code Cache/wasm size=8192 mod=1782813599 from UID=10158 used=1646592 quota=10765646 ratio=1529
06-30 14:13:01.071 D/installd(  601): Purging /data/data/com.google.android.googlequicksearchbox/cache/webview_assistant/Default/HTTP Cache/Code Cache size=8192 mod=1782813599 from UID=10158 used=1638400 quota=10765646 ratio=1521
06-30 14:13:01.071 D/installd(  601): Purging /data/data/com.google.android.googlequicksearchbox/cache/Crash Reports/ANR Variations/b20f63eeb2c1410df415cfbcb15a768d size=8192 mod=1782813599 from UID=10158 used=1630208 quota=10765646 ratio=1514
06-30 14:13:01.072 D/installd(  601): Purging /data/data/com.google.android.googlequicksearchbox/cache/webview_assistant/Crashpad/new size=8192 mod=1782813599 from UID=10158 used=1622016 quota=10765646 ratio=1506
06-30 14:13:01.072 D/installd(  601): Purging /data/data/com.google.android.googlequicksearchbox/cache/webview_assistant/Crashpad/pending size=8192 mod=1782813599 from UID=10158 used=1613824 quota=10765646 ratio=1499
06-30 14:13:01.072 D/installd(  601): Purging /data/data/com.google.android.googlequicksearchbox/cache/webview_assistant/Crashpad/completed size=8192 mod=1782813599 from UID=10158 used=1605632 quota=10765646 ratio=1491
06-30 14:13:01.072 D/installd(  601): Purging /data/data/com.google.android.googlequicksearchbox/cache/webview_assistant/Crashpad/attachments size=8192 mod=1782813599 from UID=10158 used=1597440 quota=10765646 ratio=1483
06-30 14:13:01.072 D/installd(  601): Purging /data/data/com.google.android.googlequicksearchbox/cache/webview_assistant/Default/HTTP Cache size=8192 mod=1782813599 from UID=10158 used=1589248 quota=10765646 ratio=1476
06-30 14:13:01.072 D/installd(  601): Purging /data/data/com.google.android.googlequicksearchbox/cache/accounts/account_switch_lock.lock size=4096 mod=1782813599 from UID=10158 used=1581056 quota=10765646 ratio=1468
06-30 14:13:01.072 D/installd(  601): Purging /data/data/com.google.android.googlequicksearchbox/cache/webview_assistant/Crashpad size=8192 mod=1782813599 from UID=10158 used=1576960 quota=10765646 ratio=1464
06-30 14:13:01.072 D/installd(  601): Purging /data/data/com.google.android.googlequicksearchbox/cache/webview_assistant/SafeBrowsing size=8192 mod=1782813599 from UID=10158 used=1568768 quota=10765646 ratio=1457
06-30 14:13:01.072 D/installd(  601): Purging /data/data/com.google.android.googlequicksearchbox/cache/webview_assistant/Default size=8192 mod=1782813599 from UID=10158 used=1560576 quota=10765646 ratio=1449
06-30 14:13:01.072 D/installd(  601): Purging /data/data/com.google.android.googlequicksearchbox/cache/Crash Reports/ANR Variations size=8192 mod=1782813599 from UID=10158 used=1552384 quota=10765646 ratio=1441
06-30 14:13:01.072 D/installd(  601): Purging /data/data/com.google.android.googlequicksearchbox/cache/Crash Reports size=8192 mod=1782813599 from UID=10158 used=1544192 quota=10765646 ratio=1434
06-30 14:13:01.072 D/installd(  601): Purging /data/data/com.google.android.googlequicksearchbox/cache/webview_assistant/font_unique_name_table.pb size=28672 mod=1782813600 from UID=10158 used=1536000 quota=10765646 ratio=1426
06-30 14:13:01.072 D/installd(  601): Purging /data/data/com.google.android.googlequicksearchbox/cache/webview_assistant/Crash Reports size=8192 mod=1782813600 from UID=10158 used=1507328 quota=10765646 ratio=1400
06-30 14:13:01.072 D/installd(  601): Purging /data/data/com.google.android.googlequicksearchbox/cache/webview_assistant size=8192 mod=1782813600 from UID=10158 used=1499136 quota=10765646 ratio=1392
06-30 14:13:01.075 D/installd(  601): Purging /data/user_de/0/com.android.systemui/cache/oat_primary/x86_64/SystemUIGoogle.art size=2539520 mod=1782816798 from UID=10195 used=2588672 quota=18663894 ratio=1386
06-30 14:13:01.075 D/installd(  601): Purging /data/data/com.google.android.googlequicksearchbox/cache/oat_primary/x86_64/Velvet.art size=1302528 mod=1782813603 from UID=10158 used=1490944 quota=10765646 ratio=1384
06-30 14:13:01.075 D/installd(  601): Purging /data/data/com.aiquota.mobile/cache/WebView/Default/HTTP Cache/Code Cache/js/51642f1d47d9a061_0 size=397312 mod=1782826377 from UID=10233 used=6762496 quota=50980703 ratio=1326
06-30 14:13:01.076 D/installd(  601): Purging /data/data/com.aiquota.mobile/cache/WebView/Default/HTTP Cache/Code Cache/js/25bb75baf6c3c691_0 size=655360 mod=1782826377 from UID=10233 used=6365184 quota=50980703 ratio=1248
06-30 14:13:01.076 D/installd(  601): Purging /data/data/com.aiquota.mobile/cache/WebView/Default/HTTP Cache/Code Cache/js/65f60e33bd3a4909_0 size=3674112 mod=1782826377 from UID=10233 used=5709824 quota=50980703 ratio=1119
06-30 14:13:01.079 D/installd(  601): Purging /data/data/com.google.android.as/cache/hprof size=8192 mod=1782816795 from UID=10146 used=802816 quota=18663894 ratio=430
06-30 14:13:01.079 D/installd(  601): Purging /data/data/com.google.android.as/cache/echo_db.lck size=4096 mod=1782816797 from UID=10146 used=794624 quota=18663894 ratio=425
06-30 14:13:01.079 D/installd(  601): Purging /data/data/com.google.android.as/cache/data/user/0/com.google.android.as/no_backup/androidx.work.workdb.lck size=4096 mod=1782816798 from UID=10146 used=790528 quota=18663894 ratio=423
06-30 14:13:01.079 D/installd(  601): Purging /data/data/com.google.android.as/cache/data/user/0/com.google.android.as/no_backup size=8192 mod=1782816798 from UID=10146 used=786432 quota=18663894 ratio=421
06-30 14:13:01.079 D/installd(  601): Purging /data/data/com.google.android.as/cache/data/user/0/com.google.android.as size=8192 mod=1782816798 from UID=10146 used=778240 quota=18663894 ratio=416
06-30 14:13:01.079 D/installd(  601): Purging /data/data/com.google.android.as/cache/data/user/0 size=8192 mod=1782816798 from UID=10146 used=770048 quota=18663894 ratio=412
06-30 14:13:01.079 D/installd(  601): Purging /data/data/com.google.android.as/cache/data/user size=8192 mod=1782816798 from UID=10146 used=761856 quota=18663894 ratio=408
06-30 14:13:01.079 D/installd(  601): Purging /data/data/com.google.android.as/cache/data size=8192 mod=1782816798 from UID=10146 used=753664 quota=18663894 ratio=403
06-30 14:13:01.079 D/installd(  601): Purging /data/data/com.google.android.as/cache/oat_primary/x86_64/DevicePersonalizationAiAiPrebuiltPixel2021.art size=671744 mod=1782816800 from UID=10146 used=745472 quota=18663894 ratio=399
06-30 14:13:01.079 D/installd(  601): Purging /data/data/com.aiquota.mobile/cache/WebView/Default/HTTP Cache/Code Cache/js/4a24e0db12610f71_0 size=143360 mod=1782826377 from UID=10233 used=2035712 quota=50980703 ratio=399
06-30 14:13:01.079 D/installd(  601): Purging /data/data/com.aiquota.mobile/cache/WebView/Default/HTTP Cache/Code Cache/js/505658ee0d2606ef_0 size=16384 mod=1782826377 from UID=10233 used=1892352 quota=50980703 ratio=371
06-30 14:13:01.079 D/installd(  601): Purging /data/data/com.aiquota.mobile/cache/WebView/Default/HTTP Cache/Code Cache/js/89c41f5a5540d04a_0 size=20480 mod=1782826377 from UID=10233 used=1875968 quota=50980703 ratio=367
06-30 14:13:01.079 D/installd(  601): Purging /data/data/com.aiquota.mobile/cache/WebView/Default/HTTP Cache/Code Cache/js/6f4e830837a4e7ab_0 size=12288 mod=1782826377 from UID=10233 used=1855488 quota=50980703 ratio=363
06-30 14:13:01.082 D/installd(  601): Purging /data/data/u.sage/cache/data/user/0/u.sage/no_backup/androidx.work.workdb.lck size=4096 mod=1782816828 from UID=10231 used=995328 quota=27424049 ratio=362
06-30 14:13:01.082 D/installd(  601): Purging /data/data/u.sage/cache/data/user/0/u.sage/no_backup size=8192 mod=1782816828 from UID=10231 used=991232 quota=27424049 ratio=361
06-30 14:13:01.082 D/installd(  601): Purging /data/data/com.aiquota.mobile/cache/WebView/Default/HTTP Cache/Code Cache/js/dd6cb66668c721cc_0 size=12288 mod=1782826377 from UID=10233 used=1843200 quota=50980703 ratio=361
06-30 14:13:01.082 D/installd(  601): Purging /data/data/com.aiquota.mobile/cache/WebView/Default/HTTP Cache/Cache_Data/743977dc21bbde9c_0 size=12288 mod=1782826377 from UID=10233 used=1830912 quota=50980703 ratio=359
06-30 14:13:01.082 D/installd(  601): Purging /data/data/u.sage/cache/data/user/0/u.sage size=8192 mod=1782816828 from UID=10231 used=983040 quota=27424049 ratio=358
06-30 14:13:01.082 D/installd(  601): Purging /data/data/com.aiquota.mobile/cache/WebView/Default/HTTP Cache/Cache_Data/c8c103ceb5a43914_0 size=118784 mod=1782826377 from UID=10233 used=1818624 quota=50980703 ratio=356
06-30 14:13:01.082 D/installd(  601): Purging /data/data/u.sage/cache/data/user/0 size=8192 mod=1782816828 from UID=10231 used=974848 quota=27424049 ratio=355
06-30 14:13:01.082 D/installd(  601): Purging /data/data/u.sage/cache/WebView/Crashpad/new size=8192 mod=1782816828 from UID=10231 used=966656 quota=27424049 ratio=352
06-30 14:13:01.082 D/installd(  601): Purging /data/data/u.sage/cache/WebView/Crashpad/pending size=8192 mod=1782816828 from UID=10231 used=958464 quota=27424049 ratio=349
06-30 14:13:01.083 D/installd(  601): Purging /data/user_de/0/com.android.settings/cache/oat_primary/x86_64/SettingsGoogle.art size=356352 mod=1782816795 from UID=1000 used=778240 quota=22268871 ratio=349
06-30 14:13:01.083 D/installd(  601): Purging /data/data/u.sage/cache/WebView/Crashpad/completed size=8192 mod=1782816828 from UID=10231 used=950272 quota=27424049 ratio=346
06-30 14:13:01.083 D/installd(  601): Purging /data/data/u.sage/cache/WebView/Crashpad/attachments size=8192 mod=1782816828 from UID=10231 used=942080 quota=27424049 ratio=343
06-30 14:13:01.083 D/installd(  601): Purging /data/data/u.sage/cache/data/user size=8192 mod=1782816828 from UID=10231 used=933888 quota=27424049 ratio=340
06-30 14:13:01.083 D/installd(  601): Purging /data/data/u.sage/cache/WebView/Crashpad size=8192 mod=1782816828 from UID=10231 used=925696 quota=27424049 ratio=337
06-30 14:13:01.083 D/installd(  601): Purging /data/data/u.sage/cache/data size=8192 mod=1782816828 from UID=10231 used=917504 quota=27424049 ratio=334
06-30 14:13:01.083 D/installd(  601): Purging /data/data/com.aiquota.mobile/cache/WebView/Default/HTTP Cache/Cache_Data/ad510e19d32c7dd3_0 size=12288 mod=1782826377 from UID=10233 used=1699840 quota=50980703 ratio=333
06-30 14:13:01.083 D/installd(  601): Purging /data/data/com.aiquota.mobile/cache/WebView/Default/HTTP Cache/Cache_Data/8321fb218038b325_0 size=16384 mod=1782826377 from UID=10233 used=1687552 quota=50980703 ratio=331
06-30 14:13:01.083 D/installd(  601): Purging /data/data/u.sage/cache/WebView/Default/HTTP Cache/Code Cache/wasm/index-dir/the-real-index size=8192 mod=1782816829 from UID=10231 used=909312 quota=27424049 ratio=331
06-30 14:13:01.083 D/installd(  601): Purging /data/data/u.sage/cache/WebView/Default/HTTP Cache/Code Cache/js/index-dir/the-real-index size=8192 mod=1782816829 from UID=10231 used=901120 quota=27424049 ratio=328
06-30 14:13:01.083 D/installd(  601): Purging /data/data/com.aiquota.mobile/cache/WebView/Default/HTTP Cache/Cache_Data/8fef0cc2523762e3_0 size=12288 mod=1782826377 from UID=10233 used=1671168 quota=50980703 ratio=327
06-30 14:13:01.083 D/installd(  601): Purging /data/data/com.aiquota.mobile/cache/WebView/Default/HTTP Cache/Cache_Data/3a92307c9457dbe0_0 size=12288 mod=1782826377 from UID=10233 used=1658880 quota=50980703 ratio=325
06-30 14:13:01.083 D/installd(  601): Purging /data/data/u.sage/cache/WebView/Default/HTTP Cache/Code Cache/wasm/index size=8192 mod=1782816829 from UID=10231 used=892928 quota=27424049 ratio=325
06-30 14:13:01.083 D/installd(  601): Purging /data/data/u.sage/cache/WebView/Default/HTTP Cache/Code Cache/js/index size=8192 mod=1782816829 from UID=10231 used=884736 quota=27424049 ratio=322
06-30 14:13:01.089 D/installd(  601): Purging /data/data/com.google.android.settings.intelligence/cache/data/user/0/com.google.android.settings.intelligence/no_backup/androidx.work.workdb.lck size=4096 mod=1782816826 from UID=10157 used=602112 quota=18663894 ratio=322
06-30 14:13:01.089 D/installd(  601): Purging /data/data/com.aiquota.mobile/cache/WebView/Default/HTTP Cache/Cache_Data/177044118bb19bb4_0 size=20480 mod=1782826378 from UID=10233 used=1646592 quota=50980703 ratio=322
06-30 14:13:01.089 D/installd(  601): Purging /data/data/com.google.android.settings.intelligence/cache/data/user/0/com.google.android.settings.intelligence/no_backup size=8192 mod=1782816826 from UID=10157 used=598016 quota=18663894 ratio=320
06-30 14:13:01.089 D/installd(  601): Purging /data/data/u.sage/cache/WebView/Default/HTTP Cache/Code Cache/js/index-dir size=8192 mod=1782816829 from UID=10231 used=876544 quota=27424049 ratio=319
06-30 14:13:01.089 D/installd(  601): Purging /data/data/com.aiquota.mobile/cache/WebView/Default/HTTP Cache/Cache_Data/909d628026a73de6_0 size=8192 mod=1782826378 from UID=10233 used=1626112 quota=50980703 ratio=318
06-30 14:13:01.089 D/installd(  601): Purging /data/data/com.aiquota.mobile/cache/WebView/Default/HTTP Cache/Cache_Data/cbab8d4ff876c960_0 size=16384 mod=1782826378 from UID=10233 used=1617920 quota=50980703 ratio=317
06-30 14:13:01.089 D/installd(  601): Purging /data/data/com.google.android.settings.intelligence/cache/data/user/0/com.google.android.settings.intelligence size=8192 mod=1782816826 from UID=10157 used=589824 quota=18663894 ratio=316
06-30 14:13:01.090 D/installd(  601): Purging /data/data/u.sage/cache/WebView/Default/HTTP Cache/Code Cache/wasm/index-dir size=8192 mod=1782816829 from UID=10231 used=868352 quota=27424049 ratio=316
06-30 14:13:01.090 D/installd(  601): Purging /data/data/com.aiquota.mobile/cache/WebView/Default/HTTP Cache/Cache_Data/c6155b459eec51aa_0 size=8192 mod=1782826378 from UID=10233 used=1601536 quota=50980703 ratio=314
06-30 14:13:01.090 D/installd(  601): Purging /data/data/u.sage/cache/WebView/Default/HTTP Cache/Code Cache/js size=8192 mod=1782816829 from UID=10231 used=860160 quota=27424049 ratio=313
06-30 14:13:01.090 D/installd(  601): Purging /data/data/com.aiquota.mobile/cache/WebView/Default/HTTP Cache/Cache_Data/fdad08da5d468282_0 size=12288 mod=1782826378 from UID=10233 used=1593344 quota=50980703 ratio=312
06-30 14:13:01.090 D/installd(  601): Purging /data/data/com.google.android.settings.intelligence/cache/data/user/0 size=8192 mod=1782816826 from UID=10157 used=581632 quota=18663894 ratio=311
06-30 14:13:01.090 D/installd(  601): Purging /data/data/u.sage/cache/WebView/Default/HTTP Cache/Code Cache/wasm size=8192 mod=1782816829 from UID=10231 used=851968 quota=27424049 ratio=310
06-30 14:13:01.090 D/installd(  601): Purging /data/data/com.aiquota.mobile/cache/WebView/Default/HTTP Cache/Cache_Data/287b5bef5894b10e_0 size=8192 mod=1782826378 from UID=10233 used=1581056 quota=50980703 ratio=310
06-30 14:13:01.090 D/installd(  601): Purging /data/data/com.aiquota.mobile/cache/WebView/Default/HTTP Cache/Cache_Data/113f224ea4603168_0 size=8192 mod=1782826378 from UID=10233 used=1572864 quota=50980703 ratio=308
06-30 14:13:01.090 D/installd(  601): Purging /data/data/com.google.android.settings.intelligence/cache/data/user size=8192 mod=1782816826 from UID=10157 used=573440 quota=18663894 ratio=307
06-30 14:13:01.090 D/installd(  601): Purging /data/data/u.sage/cache/WebView/Default/HTTP Cache/Code Cache size=8192 mod=1782816829 from UID=10231 used=843776 quota=27424049 ratio=307
06-30 14:13:01.090 D/installd(  601): Purging /data/data/com.aiquota.mobile/cache/WebView/Default/HTTP Cache/Cache_Data/433c1568faf3da22_0 size=12288 mod=1782826378 from UID=10233 used=1564672 quota=50980703 ratio=306
06-30 14:13:01.090 D/installd(  601): Purging /data/data/com.aiquota.mobile/cache/WebView/Default/HTTP Cache/Cache_Data/0675bb964f2cbe3c_0 size=12288 mod=1782826378 from UID=10233 used=1552384 quota=50980703 ratio=304
06-30 14:13:01.090 D/installd(  601): Purging /data/data/u.sage/cache/Crash Reports/ANR Variations/b20f63eeb2c1410df415cfbcb15a768d size=8192 mod=1782816829 from UID=10231 used=835584 quota=27424049 ratio=304
06-30 14:13:01.090 D/installd(  601): Purging /data/data/com.google.android.settings.intelligence/cache/data size=8192 mod=1782816826 from UID=10157 used=565248 quota=18663894 ratio=302
06-30 14:13:01.090 D/installd(  601): Purging /data/data/com.aiquota.mobile/cache/WebView/Default/HTTP Cache/Cache_Data/75db959aa15d7cf2_0 size=8192 mod=1782826378 from UID=10233 used=1540096 quota=50980703 ratio=302
06-30 14:13:01.090 D/installd(  601): Purging /data/data/u.sage/cache/WebView/font_unique_name_table.pb size=28672 mod=1782816829 from UID=10231 used=827392 quota=27424049 ratio=301
06-30 14:13:01.090 D/installd(  601): Purging /data/data/com.aiquota.mobile/cache/WebView/Default/HTTP Cache/Cache_Data/168b919f06f99521_0 size=8192 mod=1782826378 from UID=10233 used=1531904 quota=50980703 ratio=300
06-30 14:13:01.090 D/installd(  601): Purging /data/data/com.aiquota.mobile/cache/WebView/Default/HTTP Cache/Cache_Data/3405266ac4d72ca2_0 size=8192 mod=1782826378 from UID=10233 used=1523712 quota=50980703 ratio=298
06-30 14:13:01.090 D/installd(  601): Purging /data/data/com.google.android.settings.intelligence/cache/routines.lck size=4096 mod=1782816827 from UID=10157 used=557056 quota=18663894 ratio=298
06-30 14:13:01.090 D/installd(  601): Purging /data/data/com.aiquota.mobile/cache/WebView/Default/HTTP Cache/Cache_Data/2dda4fa219fb5439_0 size=12288 mod=1782826378 from UID=10233 used=1515520 quota=50980703 ratio=297
06-30 14:13:01.090 D/installd(  601): Purging /data/data/com.google.android.settings.intelligence/cache/oat_primary/x86_64/SettingsIntelligenceGooglePrebuilt.art size=503808 mod=1782816830 from UID=10157 used=552960 quota=18663894 ratio=296
06-30 14:13:01.090 D/installd(  601): Purging /data/data/com.aiquota.mobile/cache/WebView/Default/HTTP Cache/Cache_Data/acc2cbd94234d828_0 size=12288 mod=1782826378 from UID=10233 used=1503232 quota=50980703 ratio=294
06-30 14:13:01.090 D/installd(  601): Purging /data/data/com.aiquota.mobile/cache/WebView/Default/HTTP Cache/Cache_Data/34f927187fdebc8c_0 size=8192 mod=1782826378 from UID=10233 used=1490944 quota=50980703 ratio=292
06-30 14:13:01.090 D/installd(  601): Purging /data/data/u.sage/cache/WebView/SafeBrowsing size=8192 mod=1782816829 from UID=10231 used=798720 quota=27424049 ratio=291
06-30 14:13:01.090 D/installd(  601): Purging /data/data/com.aiquota.mobile/cache/WebView/Default/HTTP Cache/Cache_Data/b9de7d616fb5ee87_0 size=16384 mod=1782826378 from UID=10233 used=1482752 quota=50980703 ratio=290
06-30 14:13:01.090 D/installd(  601): Purging /data/data/u.sage/cache/WebView/Crash Reports size=8192 mod=1782816829 from UID=10231 used=790528 quota=27424049 ratio=288
06-30 14:13:01.091 D/installd(  601): Purging /data/data/com.aiquota.mobile/cache/WebView/Default/HTTP Cache/Cache_Data/4d750076af63d988_0 size=12288 mod=1782826378 from UID=10233 used=1466368 quota=50980703 ratio=287
06-30 14:13:01.091 D/installd(  601): Purging /data/data/com.aiquota.mobile/cache/WebView/Default/HTTP Cache/Cache_Data/e6a7cdac0071f56b_0 size=12288 mod=1782826378 from UID=10233 used=1454080 quota=50980703 ratio=285
06-30 14:13:01.091 D/installd(  601): Purging /data/data/u.sage/cache/Crash Reports/ANR Variations size=8192 mod=1782816829 from UID=10231 used=782336 quota=27424049 ratio=285
06-30 14:13:01.091 D/installd(  601): Purging /data/data/u.sage/cache/Crash Reports size=8192 mod=1782816829 from UID=10231 used=774144 quota=27424049 ratio=282
06-30 14:13:01.091 D/installd(  601): Purging /data/data/com.aiquota.mobile/cache/WebView/Default/HTTP Cache/Cache_Data/009bcedd31be7ed7_0 size=12288 mod=1782826378 from UID=10233 used=1441792 quota=50980703 ratio=282
06-30 14:13:01.091 D/installd(  601): Purging /data/data/com.aiquota.mobile/cache/WebView/Default/HTTP Cache/Cache_Data/b3c020480743de5f_0 size=12288 mod=1782826378 from UID=10233 used=1429504 quota=50980703 ratio=280
06-30 14:13:01.091 D/installd(  601): Purging /data/data/u.sage/cache/WebView/Default/HTTP Cache/No_Vary_Search/snapshot.baf size=8192 mod=1782816830 from UID=10231 used=765952 quota=27424049 ratio=279
06-30 14:13:01.091 D/installd(  601): Purging /data/data/com.aiquota.mobile/cache/WebView/Default/HTTP Cache/Cache_Data/7e2953349faa3ed1_0 size=12288 mod=1782826378 from UID=10233 used=1417216 quota=50980703 ratio=277
06-30 14:13:01.091 D/installd(  601): Purging /data/data/u.sage/cache/WebView/Default/HTTP Cache/No_Vary_Search/journal.baj size=8192 mod=1782816830 from UID=10231 used=757760 quota=27424049 ratio=276
06-30 14:13:01.091 D/installd(  601): Purging /data/data/com.aiquota.mobile/cache/WebView/Default/HTTP Cache/Cache_Data/c854a6c81e9e4ee5_0 size=12288 mod=1782826378 from UID=10233 used=1404928 quota=50980703 ratio=275
06-30 14:13:01.091 D/installd(  601): Purging /data/data/com.aiquota.mobile/cache/WebView/Default/HTTP Cache/Cache_Data/4ffb62ee76d4083f_0 size=12288 mod=1782826378 from UID=10233 used=1392640 quota=50980703 ratio=273
06-30 14:13:01.091 D/installd(  601): Purging /data/data/u.sage/cache/WebView/Default/HTTP Cache/Cache_Data/11bff02adcf6a24e_0 size=16384 mod=1782816830 from UID=10231 used=749568 quota=27424049 ratio=273
06-30 14:13:01.091 D/installd(  601): Purging /data/data/com.aiquota.mobile/cache/WebView/Default/HTTP Cache/Cache_Data/848a3cf0e5d193ba_0 size=12288 mod=1782826378 from UID=10233 used=1380352 quota=50980703 ratio=270
06-30 14:13:01.091 D/installd(  601): Purging /data/data/com.aiquota.mobile/cache/WebView/Default/HTTP Cache/Cache_Data/9a969f826d245551_0 size=12288 mod=1782826378 from UID=10233 used=1368064 quota=50980703 ratio=268
06-30 14:13:01.091 D/installd(  601): Purging /data/data/u.sage/cache/WebView/Default/HTTP Cache/Cache_Data/413aaf468331644b_0 size=12288 mod=1782816830 from UID=10231 used=733184 quota=27424049 ratio=267
06-30 14:13:01.091 D/installd(  601): Purging /data/data/com.aiquota.mobile/cache/WebView/Default/HTTP Cache/Cache_Data/1db0a010696d8354_0 size=12288 mod=1782826378 from UID=10233 used=1355776 quota=50980703 ratio=265
06-30 14:13:01.091 D/installd(  601): Purging /data/data/com.aiquota.mobile/cache/WebView/Default/HTTP Cache/Cache_Data/c3f327f98f8c7327_0 size=16384 mod=1782826378 from UID=10233 used=1343488 quota=50980703 ratio=263
06-30 14:13:01.091 D/installd(  601): Purging /data/data/u.sage/cache/WebView/Default/HTTP Cache/Cache_Data/index size=8192 mod=1782816830 from UID=10231 used=720896 quota=27424049 ratio=262
06-30 14:13:01.091 D/installd(  601): Purging /data/data/com.aiquota.mobile/cache/WebView/Default/HTTP Cache/Cache_Data/566f81bb50c0b6a7_0 size=12288 mod=1782826378 from UID=10233 used=1327104 quota=50980703 ratio=260
06-30 14:13:01.091 D/installd(  601): Purging /data/data/u.sage/cache/WebView/Default/HTTP Cache/No_Vary_Search size=8192 mod=1782816830 from UID=10231 used=712704 quota=27424049 ratio=259
06-30 14:13:01.091 D/installd(  601): Purging /data/data/com.aiquota.mobile/cache/WebView/Default/HTTP Cache/Cache_Data/52c91ccebc431118_0 size=32768 mod=1782826378 from UID=10233 used=1314816 quota=50980703 ratio=257
06-30 14:13:01.091 D/installd(  601): Purging /data/data/u.sage/cache/WebView/Default/HTTP Cache/Cache_Data/f26775c322e8f191_0 size=12288 mod=1782816831 from UID=10231 used=704512 quota=27424049 ratio=256
06-30 14:13:01.091 D/installd(  601): Purging /data/data/u.sage/cache/oat_primary/x86_64/base.art size=589824 mod=1782816832 from UID=10231 used=692224 quota=27424049 ratio=252
06-30 14:13:01.092 D/installd(  601): Purging /data/data/com.aiquota.mobile/cache/WebView/Default/HTTP Cache/Cache_Data/88c9d6dc11409f00_0 size=8192 mod=1782826378 from UID=10233 used=1282048 quota=50980703 ratio=251
06-30 14:13:01.092 D/installd(  601): Purging /data/data/com.aiquota.mobile/cache/WebView/Default/HTTP Cache/Cache_Data/094ceba7fea84a0a_0 size=8192 mod=1782826378 from UID=10233 used=1273856 quota=50980703 ratio=249
06-30 14:13:01.092 D/installd(  601): Purging /data/data/com.aiquota.mobile/cache/WebView/Default/HTTP Cache/Cache_Data/48bde9ad96c52805_0 size=12288 mod=1782826378 from UID=10233 used=1265664 quota=50980703 ratio=248
06-30 14:13:01.092 D/installd(  601): Purging /data/data/com.aiquota.mobile/cache/WebView/Default/HTTP Cache/Cache_Data/f29a08d6a0369020_0 size=28672 mod=1782826378 from UID=10233 used=1253376 quota=50980703 ratio=245
06-30 14:13:01.092 D/installd(  601): Purging /data/data/com.aiquota.mobile/cache/WebView/Default/HTTP Cache/Cache_Data/d5530a68523c7533_0 size=8192 mod=1782826378 from UID=10233 used=1224704 quota=50980703 ratio=240
06-30 14:13:01.092 D/installd(  601): Purging /data/data/com.aiquota.mobile/cache/WebView/Default/HTTP Cache/Cache_Data/535cc8381328484c_0 size=24576 mod=1782826378 from UID=10233 used=1216512 quota=50980703 ratio=238
06-30 14:13:01.092 D/installd(  601): Purging /data/data/com.aiquota.mobile/cache/WebView/Default/HTTP Cache/Cache_Data/db93e21941c72bec_0 size=16384 mod=1782826378 from UID=10233 used=1191936 quota=50980703 ratio=233
06-30 14:13:01.092 D/installd(  601): Purging /data/data/com.aiquota.mobile/cache/WebView/Default/HTTP Cache/Cache_Data/ee153e88b822af38_0 size=12288 mod=1782826378 from UID=10233 used=1175552 quota=50980703 ratio=230
06-30 14:13:01.092 D/installd(  601): Purging /data/data/com.aiquota.mobile/cache/WebView/Default/HTTP Cache/Cache_Data/3498d6282aed5eec_0 size=12288 mod=1782826378 from UID=10233 used=1163264 quota=50980703 ratio=228
06-30 14:13:01.092 D/installd(  601): Purging /data/data/com.aiquota.mobile/cache/WebView/Default/HTTP Cache/Cache_Data/2560c4ba4903188f_0 size=98304 mod=1782826378 from UID=10233 used=1150976 quota=50980703 ratio=225
06-30 14:13:01.097 D/installd(  601): Purging /data/data/com.google.android.apps.pulse/cache/data/user/0/com.google.android.apps.pulse/no_backup/androidx.work.workdb.lck size=4096 mod=1782820787 from UID=10155 used=405504 quota=18663894 ratio=217
06-30 14:13:01.097 D/installd(  601): Purging /data/data/com.google.android.apps.pulse/cache/data/user/0/com.google.android.apps.pulse/no_backup size=8192 mod=1782820787 from UID=10155 used=401408 quota=18663894 ratio=215
06-30 14:13:01.097 D/installd(  601): Purging /data/data/com.google.android.apps.pulse/cache/data/user/0/com.google.android.apps.pulse size=8192 mod=1782820787 from UID=10155 used=393216 quota=18663894 ratio=210
06-30 14:13:01.098 D/installd(  601): Purging /data/user_de/0/com.google.android.bluetooth/cache/oat_primary/x86_64/BluetoothGoogle.art size=344064 mod=1782816795 from UID=1002 used=393216 quota=18663894 ratio=210
06-30 14:13:01.098 D/installd(  601): Purging /data/data/com.aiquota.mobile/cache/WebView/Default/HTTP Cache/Cache_Data/65298b1703f62527_0 size=12288 mod=1782826378 from UID=10233 used=1052672 quota=50980703 ratio=206
06-30 14:13:01.098 D/installd(  601): Purging /data/data/com.google.android.apps.pulse/cache/data/user/0 size=8192 mod=1782820787 from UID=10155 used=385024 quota=18663894 ratio=206
06-30 14:13:01.098 D/installd(  601): Purging /data/data/com.aiquota.mobile/cache/WebView/Default/HTTP Cache/Cache_Data/2c91c990479f386c_0 size=49152 mod=1782826378 from UID=10233 used=1040384 quota=50980703 ratio=204
06-30 14:13:01.098 D/installd(  601): Purging /data/data/com.google.android.apps.pulse/cache/data/user size=8192 mod=1782820787 from UID=10155 used=376832 quota=18663894 ratio=201
06-30 14:13:01.098 D/installd(  601): Purging /data/data/com.google.android.apps.pulse/cache/data size=8192 mod=1782820787 from UID=10155 used=368640 quota=18663894 ratio=197
06-30 14:13:01.098 D/installd(  601): Purging /data/data/com.aiquota.mobile/cache/WebView/Default/HTTP Cache/Cache_Data/102011655f218d92_0 size=45056 mod=1782826378 from UID=10233 used=991232 quota=50980703 ratio=194
06-30 14:13:01.098 D/installd(  601): Purging /data/data/com.google.android.apps.pulse/cache/oat_primary/x86_64/PulsePrebuilt.art size=311296 mod=1782820792 from UID=10155 used=360448 quota=18663894 ratio=193
06-30 14:13:01.099 D/installd(  601): Purging /data/user_de/0/com.android.settings/cache/oat_primary/x86_64 size=8192 mod=1782816795 from UID=1000 used=421888 quota=22268871 ratio=189
06-30 14:13:01.099 D/installd(  601): Purging /data/user_de/0/com.android.settings/cache/oat_primary size=8192 mod=1782816795 from UID=1000 used=413696 quota=22268871 ratio=185
06-30 14:13:01.099 D/installd(  601): Purging /data/data/com.aiquota.mobile/cache/WebView/Default/HTTP Cache/Code Cache/js/b862dc168aa5a718_0 size=8192 mod=1782826379 from UID=10233 used=946176 quota=50980703 ratio=185
06-30 14:13:01.099 D/installd(  601): Purging /data/data/com.aiquota.mobile/cache/WebView/Default/HTTP Cache/Code Cache/js/36508d4dd6967fd9_0 size=8192 mod=1782826379 from UID=10233 used=937984 quota=50980703 ratio=183
06-30 14:13:01.099 D/installd(  601): Purging /data/data/com.aiquota.mobile/cache/WebView/Default/HTTP Cache/Code Cache/js/fab4125957b5edc9_0 size=8192 mod=1782826379 from UID=10233 used=929792 quota=50980703 ratio=182
06-30 14:13:01.099 D/installd(  601): Purging /data/data/com.android.emulator.multidisplay/cache/oat_primary size=8192 mod=1782816800 from UID=1000 used=405504 quota=22268871 ratio=182
06-30 14:13:01.099 D/installd(  601): Purging /data/data/com.aiquota.mobile/cache/WebView/Default/HTTP Cache/Code Cache/js/b0c76a0d65db610c_0 size=8192 mod=1782826379 from UID=10233 used=921600 quota=50980703 ratio=180
06-30 14:13:01.099 D/installd(  601): Purging /data/data/com.aiquota.mobile/cache/WebView/Default/HTTP Cache/Code Cache/js/72d21724cf6da326_0 size=8192 mod=1782826379 from UID=10233 used=913408 quota=50980703 ratio=179
06-30 14:13:01.099 D/installd(  601): Purging /data/data/com.android.localtransport/cache/oat_primary/x86_64/LocalTransport.art size=16384 mod=1782816804 from UID=1000 used=397312 quota=22268871 ratio=178
06-30 14:13:01.099 D/installd(  601): Purging /data/data/com.aiquota.mobile/cache/WebView/Default/HTTP Cache/Code Cache/js/adfbbd4d8255baad_0 size=8192 mod=1782826379 from UID=10233 used=905216 quota=50980703 ratio=177
06-30 14:13:01.099 D/installd(  601): Purging /data/data/com.aiquota.mobile/cache/WebView/Default/HTTP Cache/Code Cache/js/450a385e465f9dbb_0 size=8192 mod=1782826379 from UID=10233 used=897024 quota=50980703 ratio=175
06-30 14:13:01.099 D/installd(  601): Purging /data/data/com.google.android.googlequicksearchbox/cache/oat_primary/x86_64 size=8192 mod=1782813603 from UID=10158 used=188416 quota=10765646 ratio=175
06-30 14:13:01.099 D/installd(  601): Purging /data/data/com.aiquota.mobile/cache/WebView/Default/HTTP Cache/Code Cache/js/5f3cb1967aa2a227_0 size=8192 mod=1782826379 from UID=10233 used=888832 quota=50980703 ratio=174
06-30 14:13:01.099 D/installd(  601): Purging /data/data/com.aiquota.mobile/cache/WebView/Default/HTTP Cache/Code Cache/js/08762e722b484418_0 size=8192 mod=1782826379 from UID=10233 used=880640 quota=50980703 ratio=172
06-30 14:13:01.099 D/installd(  601): Purging /data/data/com.aiquota.mobile/cache/WebView/Default/HTTP Cache/Code Cache/js/8d9105b2a386066c_0 size=8192 mod=1782826379 from UID=10233 used=872448 quota=50980703 ratio=171
06-30 14:13:01.099 D/installd(  601): Purging /data/data/com.google.android.providers.media.module/cache/data/user/0/com.google.android.providers.media.module/no_backup/androidx.work.workdb.lck size=4096 mod=1782816796 from UID=10223 used=319488 quota=18663894 ratio=171
06-30 14:13:01.099 D/installd(  601): Purging /data/data/com.android.localtransport/cache/oat_primary/x86_64 size=8192 mod=1782816804 from UID=1000 used=380928 quota=22268871 ratio=171
06-30 14:13:01.099 D/installd(  601): Purging /data/data/com.aiquota.mobile/cache/WebView/Default/HTTP Cache/Code Cache/js/4cf30220644475a1_0 size=8192 mod=1782826379 from UID=10233 used=864256 quota=50980703 ratio=169
06-30 14:13:01.110 D/installd(  601): Purging /data/data/com.android.vending/cache/store_app_usage_logs_background/com.google.hyunmin.kang27%40gmail.com size=8192 mod=1782812171 from UID=10153 used=315392 quota=18663894 ratio=168
06-30 14:13:01.110 D/installd(  601): Purging /data/data/com.google.android.providers.media.module/cache/data/user/0/com.google.android.providers.media.module/no_backup size=8192 mod=1782816796 from UID=10223 used=315392 quota=18663894 ratio=168
06-30 14:13:01.110 D/installd(  601): Purging /data/data/com.google.android.googlequicksearchbox/cache/oat_primary size=8192 mod=1782813603 from UID=10158 used=180224 quota=10765646 ratio=167
06-30 14:13:01.110 D/installd(  601): Purging /data/data/com.android.localtransport/cache/oat_primary size=8192 mod=1782816804 from UID=1000 used=372736 quota=22268871 ratio=167
06-30 14:13:01.110 D/installd(  601): Purging /data/data/com.aiquota.mobile/cache/WebView/Default/HTTP Cache/Code Cache/js/bb5c480637c4703c_0 size=8192 mod=1782826379 from UID=10233 used=856064 quota=50980703 ratio=167
06-30 14:13:01.110 D/installd(  601): Purging /data/data/com.aiquota.mobile/cache/WebView/Default/HTTP Cache/Code Cache/js/35f13f20c2bf5263_0 size=8192 mod=1782826379 from UID=10233 used=847872 quota=50980703 ratio=166
06-30 14:13:01.110 D/installd(  601): Purging /data/data/com.aiquota.mobile/cache/WebView/Default/HTTP Cache/Code Cache/js/023bb33b3c50839b_0 size=8192 mod=1782826379 from UID=10233 used=839680 quota=50980703 ratio=164
06-30 14:13:01.110 D/installd(  601): Purging /data/data/com.android.vending/cache/logs/null_account.metalog/logs_upload_attempt.log size=8192 mod=1782816357 from UID=10153 used=307200 quota=18663894 ratio=164
06-30 14:13:01.110 D/installd(  601): Purging /data/data/com.google.android.providers.media.module/cache/data/user/0/com.google.android.providers.media.module size=8192 mod=1782816796 from UID=10223 used=307200 quota=18663894 ratio=164
06-30 14:13:01.110 D/installd(  601): Purging /data/user_de/0/com.android.settings/cache/battery-usage-db-v11.lck size=4096 mod=1782816857 from UID=1000 used=364544 quota=22268871 ratio=163
06-30 14:13:01.110 D/installd(  601): Purging /data/data/com.aiquota.mobile/cache/WebView/Default/HTTP Cache/Code Cache/js/b3dae1ec65fb5ad2_0 size=8192 mod=1782826379 from UID=10233 used=831488 quota=50980703 ratio=163
06-30 14:13:01.110 D/installd(  601): Purging /data/data/com.aiquota.mobile/cache/WebView/Default/HTTP Cache/Code Cache/js/ef54e85673b522e0_0 size=8192 mod=1782826379 from UID=10233 used=823296 quota=50980703 ratio=161
06-30 14:13:01.110 D/installd(  601): Purging /data/data/com.android.vending/cache/logs/null_account.metalog/play_metalog.log size=8192 mod=1782816357 from UID=10153 used=299008 quota=18663894 ratio=160
06-30 14:13:01.110 D/installd(  601): Purging /data/data/com.google.android.providers.media.module/cache/data/user/0 size=8192 mod=1782816796 from UID=10223 used=299008 quota=18663894 ratio=160
06-30 14:13:01.110 D/installd(  601): Purging /data/data/com.google.android.googlequicksearchbox/cache/data/user/0/com.google.android.googlequicksearchbox/databases/bisto_devices.db.lck size=4096 mod=1782816801 from UID=10158 used=172032 quota=10765646 ratio=159
06-30 14:13:01.111 D/installd(  601): Purging /data/data/com.aiquota.mobile/cache/WebView/Default/HTTP Cache/Code Cache/js/2672cd4439248085_0 size=8192 mod=1782826379 from UID=10233 used=815104 quota=50980703 ratio=159
06-30 14:13:01.111 D/installd(  601): Purging /data/data/com.aiquota.mobile/cache/WebView/Default/HTTP Cache/Code Cache/js/1c45541aec0afe25_0 size=8192 mod=1782826379 from UID=10233 used=806912 quota=50980703 ratio=158
06-30 14:13:01.111 D/installd(  601): Purging /data/data/com.aiquota.mobile/cache/WebView/Default/HTTP Cache/Code Cache/js/7fc1256265e11607_0 size=8192 mod=1782826379 from UID=10233 used=798720 quota=50980703 ratio=156
06-30 14:13:01.111 D/installd(  601): Purging /data/data/com.aiquota.mobile/cache/WebView/Default/HTTP Cache/Code Cache/js/51bbed96ce5a9f6b_0 size=8192 mod=1782826379 from UID=10233 used=790528 quota=50980703 ratio=155
06-30 14:13:01.111 D/installd(  601): Purging /data/data/com.android.vending/cache/logs/null_account.metalog size=8192 mod=1782816357 from UID=10153 used=290816 quota=18663894 ratio=155
06-30 14:13:01.111 D/installd(  601): Purging /data/data/com.google.android.providers.media.module/cache/data/user size=8192 mod=1782816796 from UID=10223 used=290816 quota=18663894 ratio=155
06-30 14:13:01.111 D/installd(  601): Purging /data/data/com.google.android.googlequicksearchbox/cache/data/user/0/com.google.android.googlequicksearchbox/databases/opa_notifications_db.lck size=4096 mod=1782816811 from UID=10158 used=167936 quota=10765646 ratio=155
06-30 14:13:01.111 D/installd(  601): Purging /data/data/com.aiquota.mobile/cache/WebView/Default/HTTP Cache/Code Cache/js/ee3e908f20ab5c58_0 size=8192 mod=1782826379 from UID=10233 used=782336 quota=50980703 ratio=153
06-30 14:13:01.111 D/installd(  601): Purging /data/data/com.google.android.googlequicksearchbox/cache/data/user/0/com.google.android.googlequicksearchbox/databases size=8192 mod=1782816811 from UID=10158 used=163840 quota=10765646 ratio=152
06-30 14:13:01.111 D/installd(  601): Purging /data/data/com.android.vending/cache/data-loader-logs/null_account.metalog/logs_upload_attempt.log size=8192 mod=1782816358 from UID=10153 used=282624 quota=18663894 ratio=151
06-30 14:13:01.111 D/installd(  601): Purging /data/data/com.google.android.providers.media.module/cache/data size=8192 mod=1782816796 from UID=10223 used=282624 quota=18663894 ratio=151
06-30 14:13:01.111 D/installd(  601): Purging /data/data/com.aiquota.mobile/cache/WebView/Default/HTTP Cache/Code Cache/js/87ea181e4d44500c_0 size=8192 mod=1782826379 from UID=10233 used=774144 quota=50980703 ratio=151
06-30 14:13:01.111 D/installd(  601): Purging /data/data/com.aiquota.mobile/cache/WebView/Default/HTTP Cache/Code Cache/js/b4e454dc24f9acb1_0 size=8192 mod=1782826379 from UID=10233 used=765952 quota=50980703 ratio=150
06-30 14:13:01.115 D/installd(  601): Purging /data/data/com.google.android.apps.wallpaper/cache/volley size=8192 mod=1782816801 from UID=10198 used=278528 quota=18663894 ratio=149
06-30 14:13:01.115 D/installd(  601): Purging /data/data/com.aiquota.mobile/cache/WebView/Default/HTTP Cache/Code Cache/js/53f57b699d6d177f_0 size=8192 mod=1782826379 from UID=10233 used=757760 quota=50980703 ratio=148
06-30 14:13:01.115 D/installd(  601): Purging /data/data/com.aiquota.mobile/cache/WebView/Default/HTTP Cache/Code Cache/js/5cef12b7f4ad6a49_0 size=8192 mod=1782826379 from UID=10233 used=749568 quota=50980703 ratio=147
06-30 14:13:01.119 D/installd(  601): Purging /data/data/com.google.android.rkpdapp/cache/data/user/0/com.google.android.rkpdapp/no_backup/androidx.work.workdb.lck size=4096 mod=1782816827 from UID=10205 used=274432 quota=18663894 ratio=147
06-30 14:13:01.119 D/installd(  601): Purging /data/data/com.android.vending/cache/data-loader-logs/null_account.metalog/play_metalog.log size=8192 mod=1782816358 from UID=10153 used=274432 quota=18663894 ratio=147
06-30 14:13:01.119 D/installd(  601): Purging /data/data/com.google.android.providers.media.module/cache/oat_primary/x86_64/MediaProviderGoogle.art size=225280 mod=1782816801 from UID=10223 used=274432 quota=18663894 ratio=147
06-30 14:13:01.119 D/installd(  601): Purging /data/data/com.aiquota.mobile/cache/WebView/Default/HTTP Cache/Code Cache/js/8203369b01036249_0 size=8192 mod=1782826379 from UID=10233 used=741376 quota=50980703 ratio=145
06-30 14:13:01.119 D/installd(  601): Purging /data/data/com.google.android.googlequicksearchbox/cache/data/user/0/com.google.android.googlequicksearchbox/no_backup/databases/gnp_fcm_database.lck size=4096 mod=1782816834 from UID=10158 used=155648 quota=10765646 ratio=144
06-30 14:13:01.119 D/installd(  601): Purging /data/data/com.google.android.apps.wallpaper/cache/oat_primary/x86_64/WallpaperPickerGoogleRelease.art size=221184 mod=1782816805 from UID=10198 used=270336 quota=18663894 ratio=144
06-30 14:13:01.119 D/installd(  601): Purging /data/data/com.google.android.rkpdapp/cache/data/user/0/com.google.android.rkpdapp/no_backup size=8192 mod=1782816827 from UID=10205 used=270336 quota=18663894 ratio=144
06-30 14:13:01.119 D/installd(  601): Purging /data/data/com.aiquota.mobile/cache/WebView/Default/HTTP Cache/Code Cache/js/833ac05975d64853_0 size=8192 mod=1782826379 from UID=10233 used=733184 quota=50980703 ratio=143
06-30 14:13:01.119 D/installd(  601): Purging /data/data/com.aiquota.mobile/cache/WebView/Default/HTTP Cache/Code Cache/js/e6f4525ea3bc3d50_0 size=8192 mod=1782826379 from UID=10233 used=724992 quota=50980703 ratio=142
06-30 14:13:01.120 D/installd(  601): Purging /data/user_de/0/com.android.phone/cache/oat_primary/x86_64/TeleService.art size=86016 mod=1782816795 from UID=1001 used=266240 quota=18663894 ratio=142
06-30 14:13:01.120 D/installd(  601): Purging /data/data/com.android.vending/cache/data-loader-logs/null_account.metalog size=8192 mod=1782816358 from UID=10153 used=266240 quota=18663894 ratio=142
06-30 14:13:01.120 D/installd(  601): Purging /data/data/com.google.android.googlequicksearchbox/cache/data/user/0/com.google.android.googlequicksearchbox/no_backup/databases size=8192 mod=1782816834 from UID=10158 used=151552 quota=10765646 ratio=140
06-30 14:13:01.120 D/installd(  601): Purging /data/data/com.google.android.rkpdapp/cache/data/user/0/com.google.android.rkpdapp size=8192 mod=1782816827 from UID=10205 used=262144 quota=18663894 ratio=140
06-30 14:13:01.120 D/installd(  601): Purging /data/data/com.aiquota.mobile/cache/WebView/Default/HTTP Cache/Code Cache/js/4a88ceb3a26fa812_0 size=8192 mod=1782826379 from UID=10233 used=716800 quota=50980703 ratio=140
06-30 14:13:01.120 D/installd(  601): Purging /data/data/com.aiquota.mobile/cache/WebView/Default/HTTP Cache/Code Cache/js/ea25aa8a8cf5902f_0 size=8192 mod=1782826379 from UID=10233 used=708608 quota=50980703 ratio=138
06-30 14:13:01.120 D/installd(  601): Purging /data/data/com.android.vending/cache/data-loader-logs size=8192 mod=1782816358 from UID=10153 used=258048 quota=18663894 ratio=138
06-30 14:13:01.120 D/installd(  601): Purging /data/data/com.aiquota.mobile/cache/WebView/Default/HTTP Cache/Code Cache/js/e7ec11890e8586d6_0 size=8192 mod=1782826379 from UID=10233 used=700416 quota=50980703 ratio=137
06-30 14:13:01.120 D/installd(  601): Purging /data/data/com.google.android.rkpdapp/cache/data/user/0 size=8192 mod=1782816827 from UID=10205 used=253952 quota=18663894 ratio=136
06-30 14:13:01.120 D/installd(  601): Purging /data/data/com.aiquota.mobile/cache/WebView/Default/HTTP Cache/Code Cache/js/0b274072c7c3f64d_0 size=8192 mod=1782826379 from UID=10233 used=692224 quota=50980703 ratio=135
06-30 14:13:01.120 D/installd(  601): Purging /data/data/com.aiquota.mobile/cache/WebView/Default/HTTP Cache/Code Cache/js/be9d6bf538579034_0 size=8192 mod=1782826379 from UID=10233 used=684032 quota=50980703 ratio=134
06-30 14:13:01.122 D/installd(  601): Purging /data/user_de/0/com.google.android.permissioncontroller/cache/oat_primary/x86_64/GooglePermissionController.art size=163840 mod=1782816797 from UID=10218 used=212992 quota=15973143 ratio=133
06-30 14:13:01.122 D/installd(  601): Purging /data/data/com.google.android.googlequicksearchbox/cache/data/user/0/com.google.android.googlequicksearchbox/files/work-monitoring-search.db.lck size=4096 mod=1782823615 from UID=10158 used=143360 quota=10765646 ratio=133
06-30 14:13:01.122 D/installd(  601): Purging /data/data/com.android.vending/cache/store_app_usage_logs_background/com.google.hyunmin.kang27%40gmail.com.metalog/logs_upload_attempt.log size=4096 mod=1782816557 from UID=10153 used=249856 quota=18663894 ratio=133
06-30 14:13:01.122 D/installd(  601): Purging /data/data/com.aiquota.mobile/cache/WebView/Default/HTTP Cache/Code Cache/js/24d8e8ba9f1be865_0 size=8192 mod=1782826379 from UID=10233 used=675840 quota=50980703 ratio=132
06-30 14:13:01.122 D/installd(  601): Purging /data/data/com.google.android.rkpdapp/cache/data/user size=8192 mod=1782816827 from UID=10205 used=245760 quota=18663894 ratio=131
06-30 14:13:01.122 D/installd(  601): Purging /data/data/com.android.vending/cache/store_app_usage_logs_background/com.google.hyunmin.kang27%40gmail.com.metalog/play_metalog.log size=8192 mod=1782816557 from UID=10153 used=245760 quota=18663894 ratio=131
06-30 14:13:01.122 D/installd(  601): Purging /data/data/com.aiquota.mobile/cache/WebView/Default/HTTP Cache/Cache_Data/a3c4c082225c13b7_0 size=12288 mod=1782826379 from UID=10233 used=667648 quota=50980703 ratio=130
06-30 14:13:01.122 D/installd(  601): Purging /data/data/com.android.providers.userdictionary/cache/oat_primary/x86_64/ContactsProvider.art size=61440 mod=1782816804 from UID=10102 used=241664 quota=18663894 ratio=129
06-30 14:13:01.122 D/installd(  601): Purging /data/data/com.google.android.googlequicksearchbox/cache/accounts/2/CompleteServerZeroPrefixCache.pb size=8192 mod=1782823616 from UID=10158 used=139264 quota=10765646 ratio=129
06-30 14:13:01.123 D/installd(  601): Purging /data/data/com.aiquota.mobile/cache/WebView/Default/HTTP Cache/Cache_Data/8784f290f4c03c00_0 size=12288 mod=1782826379 from UID=10233 used=655360 quota=50980703 ratio=128
06-30 14:13:01.123 D/installd(  601): Purging /data/data/com.google.android.rkpdapp/cache/rkpd_database.lck size=4096 mod=1782816827 from UID=10205 used=237568 quota=18663894 ratio=127
06-30 14:13:01.123 D/installd(  601): Purging /data/data/com.android.vending/cache/store_app_usage_logs_background/com.google.hyunmin.kang27%40gmail.com.metalog size=8192 mod=1782816557 from UID=10153 used=237568 quota=18663894 ratio=127
06-30 14:13:01.123 D/installd(  601): Purging /data/data/com.aiquota.mobile/cache/WebView/Default/HTTP Cache/Cache_Data/66199e41b1e80cef_0 size=12288 mod=1782826379 from UID=10233 used=643072 quota=50980703 ratio=126
06-30 14:13:01.123 D/installd(  601): Purging /data/data/com.google.android.rkpdapp/cache/data size=8192 mod=1782816827 from UID=10205 used=233472 quota=18663894 ratio=125
06-30 14:13:01.123 D/installd(  601): Purging /data/data/com.aiquota.mobile/cache/WebView/Default/HTTP Cache/Cache_Data/80771754e2f49e50_0 size=12288 mod=1782826379 from UID=10233 used=630784 quota=50980703 ratio=123
06-30 14:13:01.123 D/installd(  601): Purging /data/data/com.android.vending/cache/store_app_usage_logs_background size=8192 mod=1782816557 from UID=10153 used=229376 quota=18663894 ratio=122
06-30 14:13:01.123 D/installd(  601): Purging /data/data/com.google.android.googlequicksearchbox/cache/accounts/2 size=8192 mod=1782823616 from UID=10158 used=131072 quota=10765646 ratio=121
06-30 14:13:01.123 D/installd(  601): Purging /data/data/com.aiquota.mobile/cache/WebView/Default/HTTP Cache/Cache_Data/956e6f89d6700612_0 size=118784 mod=1782826379 from UID=10233 used=618496 quota=50980703 ratio=121
06-30 14:13:01.123 D/installd(  601): Purging /data/data/com.google.android.rkpdapp/cache/oat_primary/x86_64/rkpdapp.google.art size=176128 mod=1782816832 from UID=10205 used=225280 quota=18663894 ratio=120
06-30 14:13:01.123 D/installd(  601): Purging /data/data/com.android.vending/cache/logs_background/null_account.metalog/logs_upload_attempt.log size=8192 mod=1782816559 from UID=10153 used=221184 quota=18663894 ratio=118
06-30 14:13:01.123 D/installd(  601): Purging /data/data/com.android.vending/cache/logs_background/null_account.metalog/play_metalog.log size=8192 mod=1782816559 from UID=10153 used=212992 quota=18663894 ratio=114
06-30 14:13:01.123 D/installd(  601): Purging /data/data/com.google.android.googlequicksearchbox/cache/accounts size=8192 mod=1782823616 from UID=10158 used=122880 quota=10765646 ratio=114
06-30 14:13:01.123 D/installd(  601): Purging /data/data/com.android.vending/cache/logs_background/null_account.metalog size=8192 mod=1782816559 from UID=10153 used=204800 quota=18663894 ratio=109
06-30 14:13:01.128 D/installd(  601): Purging /data/data/com.google.android.gm/cache/gmscompliance.pb size=8192 mod=1782816823 from UID=10174 used=147456 quota=13871199 ratio=106
06-30 14:13:01.128 D/installd(  601): Purging /data/data/com.google.android.googlequicksearchbox/cache/data/user/0/com.google.android.googlequicksearchbox/files/googleapp_sentinel_events.db.lck size=4096 mod=1782824227 from UID=10158 used=114688 quota=10765646 ratio=106
06-30 14:13:01.128 D/installd(  601): Purging /data/data/com.android.vending/cache/images size=8192 mod=1782816819 from UID=10153 used=196608 quota=18663894 ratio=105
06-30 14:13:01.130 D/installd(  601): Purging /data/data/com.google.android.adservices.api/cache/oat_primary/x86_64/AdServicesApkGoogle.art size=139264 mod=1782816834 from UID=10213 used=192512 quota=18663894 ratio=103
06-30 14:13:01.130 D/installd(  601): Purging /data/data/com.google.android.googlequicksearchbox/cache/data/user/0/com.google.android.googlequicksearchbox/files/accounts/2/proactive-content-database.db.lck size=4096 mod=1782825543 from UID=10158 used=110592 quota=10765646 ratio=102
06-30 14:13:01.130 D/installd(  601): Purging /data/data/com.google.android.gm/cache/cronet_cache/disk_cache/index-dir/the-real-index size=8192 mod=1782816824 from UID=10174 used=139264 quota=13871199 ratio=100
06-30 14:13:01.130 D/installd(  601): Purging /data/data/com.android.vending/cache/gmscompliance.pb size=8192 mod=1782816820 from UID=10153 used=188416 quota=18663894 ratio=100
06-30 14:13:01.130 D/installd(  601): Purging /data/data/com.aiquota.mobile/cache/WebView/Default/HTTP Cache/Cache_Data/c6fe137c9df2bd44_0 size=12288 mod=1782826380 from UID=10233 used=499712 quota=50980703 ratio=98
06-30 14:13:01.130 D/installd(  601): Purging /data/data/com.google.android.googlequicksearchbox/cache/data/user/0/com.google.android.googlequicksearchbox/files/accounts/2 size=8192 mod=1782825543 from UID=10158 used=106496 quota=10765646 ratio=98
06-30 14:13:01.131 D/installd(  601): Purging /data/data/com.android.providers.downloads/cache/oat_primary/x86_64/MtpService.art size=16384 mod=1782816820 from UID=10110 used=180224 quota=18663894 ratio=96
06-30 14:13:01.131 D/installd(  601): Purging /data/user_de/0/com.android.phone/cache/oat_primary/x86_64 size=8192 mod=1782816795 from UID=1001 used=180224 quota=18663894 ratio=96
06-30 14:13:01.131 D/installd(  601): Purging /data/data/com.android.providers.userdictionary/cache/oat_primary/x86_64 size=8192 mod=1782816804 from UID=10102 used=180224 quota=18663894 ratio=96
06-30 14:13:01.131 D/installd(  601): Purging /data/data/com.android.vending/cache/data/user/0/com.android.vending/no_backup/androidx.work.workdb.lck size=4096 mod=1782816830 from UID=10153 used=180224 quota=18663894 ratio=96
06-30 14:13:01.131 D/installd(  601): Purging /data/data/com.aiquota.mobile/cache/WebView/Default/HTTP Cache/Cache_Data/bf4d2e0c94c648ba_0 size=90112 mod=1782826380 from UID=10233 used=487424 quota=50980703 ratio=95
06-30 14:13:01.131 D/installd(  601): Purging /data/user_de/0/com.google.android.networkstack/cache/oat_primary/x86_64/NetworkStackGoogle.art size=61440 mod=1782816794 from UID=1073 used=176128 quota=18663894 ratio=94
06-30 14:13:01.132 D/installd(  601): Purging /data/data/com.google.android.gm/cache/cronet_cache/disk_cache/index size=8192 mod=1782816824 from UID=10174 used=131072 quota=13871199 ratio=94
06-30 14:13:01.132 D/installd(  601): Purging /data/data/com.android.vending/cache/data/user/0/com.android.vending/no_backup size=8192 mod=1782816830 from UID=10153 used=176128 quota=18663894 ratio=94
06-30 14:13:01.137 D/installd(  601): Purging /data/data/com.google.android.dialer/cache/data/user/0/com.google.android.dialer/no_backup/androidx.work.workdb.lck size=4096 mod=1782816810 from UID=10147 used=172032 quota=18663894 ratio=92
06-30 14:13:01.137 D/installd(  601): Purging /data/user_de/0/com.android.phone/cache/oat_primary size=8192 mod=1782816795 from UID=1001 used=172032 quota=18663894 ratio=92
06-30 14:13:01.137 D/installd(  601): Purging /data/data/com.android.providers.userdictionary/cache/oat_primary size=8192 mod=1782816804 from UID=10102 used=172032 quota=18663894 ratio=92
06-30 14:13:01.137 D/installd(  601): Purging /data/data/com.google.android.googlequicksearchbox/cache/data/user/0/com.google.android.googlequicksearchbox/files/accounts size=8192 mod=1782825543 from UID=10158 used=98304 quota=10765646 ratio=91
06-30 14:13:01.137 D/installd(  601): Purging /data/data/com.android.vending/cache/data/user/0/com.android.vending size=8192 mod=1782816830 from UID=10153 used=167936 quota=18663894 ratio=89
06-30 14:13:01.137 D/installd(  601): Purging /data/data/com.google.android.dialer/cache/persistent_log/plain_text/12 size=36864 mod=1782817089 from UID=10147 used=167936 quota=18663894 ratio=89
06-30 14:13:01.138 D/installd(  601): Purging /data/data/com.google.android.gm/cache/cronet_cache/disk_cache/index-dir size=8192 mod=1782816824 from UID=10174 used=122880 quota=13871199 ratio=88
06-30 14:13:01.138 D/installd(  601): Purging /data/data/com.android.providers.downloads/cache/oat_primary/x86_64 size=8192 mod=1782816820 from UID=10110 used=163840 quota=18663894 ratio=87
06-30 14:13:01.138 D/installd(  601): Purging /data/data/com.android.vending/cache/data/user/0 size=8192 mod=1782816830 from UID=10153 used=159744 quota=18663894 ratio=85
06-30 14:13:01.138 D/installd(  601): Purging /data/data/com.google.android.googlequicksearchbox/cache/data/user/0/com.google.android.googlequicksearchbox/no_backup/androidx.work.workdb.lck size=4096 mod=1782827661 from UID=10158 used=90112 quota=10765646 ratio=83
06-30 14:13:01.138 D/installd(  601): Purging /data/data/com.android.providers.downloads/cache/oat_primary size=8192 mod=1782816820 from UID=10110 used=155648 quota=18663894 ratio=83
06-30 14:13:01.138 D/installd(  601): Purging /data/data/com.google.android.gm/cache/cronet_cache/version size=8192 mod=1782816824 from UID=10174 used=114688 quota=13871199 ratio=82
06-30 14:13:01.138 D/installd(  601): Purging /data/data/com.android.vending/cache/data/user size=8192 mod=1782816830 from UID=10153 used=151552 quota=18663894 ratio=81
06-30 14:13:01.138 D/installd(  601): Purging /data/data/com.google.android.googlequicksearchbox/cache/data/user/0/com.google.android.googlequicksearchbox/no_backup size=8192 mod=1782827661 from UID=10158 used=86016 quota=10765646 ratio=79
06-30 14:13:01.142 D/installd(  601): Purging /data/data/com.google.android.calendar/cache/data/user/0/com.google.android.calendar/no_backup/databases/gnp_fcm_database.lck size=4096 mod=1782817141 from UID=10160 used=94208 quota=12173161 ratio=77
06-30 14:13:01.142 D/installd(  601): Purging /data/data/com.aiquota.mobile/cache/WebView/Default/HTTP Cache/Cache_Data/afa0b2ec92c22cf7_0 size=12288 mod=1782826380 from UID=10233 used=397312 quota=50980703 ratio=77
06-30 14:13:01.150 D/installd(  601): Purging /data/data/com.google.android.apps.photos/cache/data/user/0/com.google.android.apps.photos/no_backup/androidx.work.workdb.lck size=4096 mod=1782816813 from UID=10171 used=143360 quota=18663894 ratio=76
06-30 14:13:01.150 D/installd(  601): Purging /data/data/com.google.android.gm/cache/cronet_cache/prefs size=8192 mod=1782816824 from UID=10174 used=106496 quota=13871199 ratio=76
06-30 14:13:01.150 D/installd(  601): Purging /data/data/com.android.vending/cache/data size=8192 mod=1782816830 from UID=10153 used=143360 quota=18663894 ratio=76
06-30 14:13:01.150 D/installd(  601): Purging /data/data/com.aiquota.mobile/cache/WebView/Default/HTTP Cache/Cache_Data/7ee536ae66a6fbb2_0 size=12288 mod=1782826380 from UID=10233 used=385024 quota=50980703 ratio=75
06-30 14:13:01.150 D/installd(  601): Purging /data/data/com.google.android.calendar/cache/data/user/0/com.google.android.calendar/no_backup/androidx.work.workdb.lck size=4096 mod=1782817141 from UID=10160 used=90112 quota=12173161 ratio=74
06-30 14:13:01.150 D/installd(  601): Purging /data/data/com.google.android.apps.photos/cache/data/user/0/com.google.android.apps.photos/no_backup size=8192 mod=1782816813 from UID=10171 used=139264 quota=18663894 ratio=74
06-30 14:13:01.151 D/installd(  601): Purging /data/data/com.aiquota.mobile/cache/WebView/Default/HTTP Cache/Cache_Data/eccf95ebae96e557_0 size=49152 mod=1782826380 from UID=10233 used=372736 quota=50980703 ratio=73
06-30 14:13:01.151 D/installd(  601): Purging /data/data/com.google.android.googlequicksearchbox/cache/data/user/0/com.google.android.googlequicksearchbox/files/work-monitoring-assistant.db.lck size=4096 mod=1782827662 from UID=10158 used=77824 quota=10765646 ratio=72
06-30 14:13:01.151 D/installd(  601): Purging /data/data/com.android.vending/cache/main/dHNOmfXFeantrqql8TuZbSnT2-w size=8192 mod=1782816846 from UID=10153 used=135168 quota=18663894 ratio=72
06-30 14:13:01.151 D/installd(  601): Purging /data/data/com.google.android.gm/cache/cronet_cache/disk_cache size=8192 mod=1782816824 from UID=10174 used=98304 quota=13871199 ratio=70
06-30 14:13:01.151 D/installd(  601): Purging /data/data/com.google.android.calendar/cache/data/user/0/com.google.android.calendar/no_backup/databases/gnp_per_device_database.lck size=4096 mod=1782821029 from UID=10160 used=86016 quota=12173161 ratio=70
06-30 14:13:01.151 D/installd(  601): Purging /data/data/com.google.android.apps.photos/cache/data/user/0/com.google.android.apps.photos size=8192 mod=1782816813 from UID=10171 used=131072 quota=18663894 ratio=70
06-30 14:13:01.151 D/installd(  601): Purging /data/data/com.google.android.dialer/cache/persistent_log/plain_text size=8192 mod=1782817089 from UID=10147 used=131072 quota=18663894 ratio=70
06-30 14:13:01.151 D/installd(  601): Purging /data/data/com.google.android.googlequicksearchbox/cache/data/user/0/com.google.android.googlequicksearchbox/files size=8192 mod=1782827662 from UID=10158 used=73728 quota=10765646 ratio=68
06-30 14:13:01.151 D/installd(  601): Purging /data/data/com.android.vending/cache/main size=8192 mod=1782816846 from UID=10153 used=126976 quota=18663894 ratio=68
06-30 14:13:01.151 D/installd(  601): Purging /data/data/com.google.android.calendar/cache/data/user/0/com.google.android.calendar/no_backup/databases size=8192 mod=1782821029 from UID=10160 used=81920 quota=12173161 ratio=67
06-30 14:13:01.151 D/installd(  601): Purging /data/data/com.google.android.apps.photos/cache/data/user/0 size=8192 mod=1782816813 from UID=10171 used=122880 quota=18663894 ratio=65
06-30 14:13:01.151 D/installd(  601): Purging /data/data/com.google.android.dialer/cache/persistent_log size=8192 mod=1782817089 from UID=10147 used=122880 quota=18663894 ratio=65
06-30 14:13:01.151 D/installd(  601): Purging /data/data/com.google.android.gm/cache/cronet_cache size=8192 mod=1782816824 from UID=10174 used=90112 quota=13871199 ratio=64
06-30 14:13:01.151 D/installd(  601): Purging /data/data/com.aiquota.mobile/cache/WebView/Default/HTTP Cache/Cache_Data/7187e4d1a35c539e_0 size=12288 mod=1782826380 from UID=10233 used=323584 quota=50980703 ratio=63
06-30 14:13:01.151 D/installd(  601): Purging /data/data/com.android.vending/cache/engage_database.db.lck size=4096 mod=1782816865 from UID=10153 used=118784 quota=18663894 ratio=63
06-30 14:13:01.151 D/installd(  601): Purging /data/data/com.android.vending/cache/logs_background/com.google.hyunmin.kang27%40gmail.com size=8192 mod=1782816898 from UID=10153 used=114688 quota=18663894 ratio=61
06-30 14:13:01.151 D/installd(  601): Purging /data/user_de/0/com.google.android.networkstack/cache/oat_primary/x86_64 size=8192 mod=1782816794 from UID=1073 used=114688 quota=18663894 ratio=61
06-30 14:13:01.151 D/installd(  601): Purging /data/data/com.google.android.apps.photos/cache/data/user size=8192 mod=1782816813 from UID=10171 used=114688 quota=18663894 ratio=61
06-30 14:13:01.151 D/installd(  601): Purging /data/data/com.google.android.dialer/cache/data/user/0/com.google.android.dialer/no_backup/databases/gnp_fcm_database.lck size=4096 mod=1782820976 from UID=10147 used=114688 quota=18663894 ratio=61
06-30 14:13:01.151 D/installd(  601): Purging /data/data/com.aiquota.mobile/cache/WebView/Default/HTTP Cache/Cache_Data/fa2e6783e9f9ac46_0 size=12288 mod=1782826380 from UID=10233 used=311296 quota=50980703 ratio=61
06-30 14:13:01.151 D/installd(  601): Purging /data/data/com.google.android.googlequicksearchbox/cache/data/user/0/com.google.android.googlequicksearchbox size=8192 mod=1782827662 from UID=10158 used=65536 quota=10765646 ratio=60
06-30 14:13:01.152 D/installd(  601): Purging /data/data/com.google.android.calendar/cache/data/user/0/com.google.android.calendar/no_backup size=8192 mod=1782821029 from UID=10160 used=73728 quota=12173161 ratio=60
06-30 14:13:01.152 D/installd(  601): Purging /data/data/com.google.android.gm/cache/data/user/0/com.google.android.gm/no_backup/androidx.work.workdb.lck size=4096 mod=1782823100 from UID=10174 used=81920 quota=13871199 ratio=59
06-30 14:13:01.152 D/installd(  601): Purging /data/data/com.google.android.dialer/cache/data/user/0/com.google.android.dialer/no_backup/databases/gnp_per_device_database.lck size=4096 mod=1782820976 from UID=10147 used=110592 quota=18663894 ratio=59
06-30 14:13:01.152 D/installd(  601): Purging /data/data/com.aiquota.mobile/cache/WebView/Default/HTTP Cache/Cache_Data/a7336415d5f18ccb_0 size=20480 mod=1782826380 from UID=10233 used=299008 quota=50980703 ratio=58
06-30 14:13:01.152 D/installd(  601): Purging /data/data/com.android.vending/cache/streamdatastore/streamdatastore.db-journal size=4096 mod=1782827498 from UID=10153 used=106496 quota=18663894 ratio=57
06-30 14:13:01.152 D/installd(  601): Purging /data/user_de/0/com.google.android.networkstack/cache/oat_primary size=8192 mod=1782816794 from UID=1073 used=106496 quota=18663894 ratio=57
06-30 14:13:01.152 D/installd(  601): Purging /data/data/com.google.android.apps.photos/cache/data size=8192 mod=1782816813 from UID=10171 used=106496 quota=18663894 ratio=57
06-30 14:13:01.152 D/installd(  601): Purging /data/data/com.google.android.dialer/cache/data/user/0/com.google.android.dialer/databases/callscreen_transcripts.lck size=4096 mod=1782820976 from UID=10147 used=106496 quota=18663894 ratio=57
06-30 14:13:01.152 D/installd(  601): Purging /data/data/com.google.android.gm/cache/data/user/0/com.google.android.gm/no_backup size=8192 mod=1782823100 from UID=10174 used=77824 quota=13871199 ratio=56
06-30 14:13:01.152 D/installd(  601): Purging /data/data/com.aiquota.mobile/cache/WebView/Default/HTTP Cache/Cache_Data/468f90d2e13947ff_0 size=12288 mod=1782826380 from UID=10233 used=278528 quota=50980703 ratio=54
06-30 14:13:01.153 D/installd(  601): Purging /data/data/com.android.vending/cache/streamdatastore/streamdatastore.db size=28672 mod=1782827498 from UID=10153 used=102400 quota=18663894 ratio=54
06-30 14:13:01.153 D/installd(  601): Purging /data/data/com.google.android.dialer/cache/data/user/0/com.google.android.dialer/files/meet_info.db.lck size=4096 mod=1782820976 from UID=10147 used=102400 quota=18663894 ratio=54
06-30 14:13:01.158 D/installd(  601): Purging /data/data/com.google.android.apps.wellbeing/cache/data/user/0/com.google.android.apps.wellbeing/no_backup/androidx.work.workdb.lck size=4096 mod=1782816813 from UID=10159 used=102400 quota=18663894 ratio=54
06-30 14:13:01.158 D/installd(  601): Purging /data/data/com.google.android.googlequicksearchbox/cache/data/user/0 size=8192 mod=1782827662 from UID=10158 used=57344 quota=10765646 ratio=53
06-30 14:13:01.158 D/installd(  601): Purging /data/data/com.google.android.calendar/cache/data/user/0/com.google.android.calendar size=8192 mod=1782821029 from UID=10160 used=65536 quota=12173161 ratio=53
06-30 14:13:01.158 D/installd(  601): Purging /data/data/com.google.android.apps.photos/cache/cronet_cache/disk_cache/index-dir/the-real-index size=8192 mod=1782816993 from UID=10171 used=98304 quota=18663894 ratio=52
06-30 14:13:01.158 D/installd(  601): Purging /data/data/com.aiquota.mobile/cache/WebView/Default/HTTP Cache/Cache_Data/e21814b76fa0846a_0 size=12288 mod=1782826380 from UID=10233 used=266240 quota=50980703 ratio=52
06-30 14:13:01.158 D/installd(  601): Purging /data/data/com.google.android.dialer/cache/data/user/0/com.google.android.dialer/no_backup/databases size=8192 mod=1782820976 from UID=10147 used=98304 quota=18663894 ratio=52
06-30 14:13:01.158 D/installd(  601): Purging /data/data/com.google.android.apps.wellbeing/cache/data/user/0/com.google.android.apps.wellbeing/no_backup size=8192 mod=1782816813 from UID=10159 used=98304 quota=18663894 ratio=52
06-30 14:13:01.162 D/installd(  601): Purging /data/data/com.google.android.photopicker/cache/oat_primary/x86_64/PhotopickerGoogle.art size=45056 mod=1782816833 from UID=10224 used=94208 quota=18663894 ratio=50
06-30 14:13:01.162 D/installd(  601): Purging /data/data/com.google.android.gm/cache/data/user/0/com.google.android.gm size=8192 mod=1782823100 from UID=10174 used=69632 quota=13871199 ratio=50
06-30 14:13:01.162 D/installd(  601): Purging /data/data/com.aiquota.mobile/cache/WebView/Default/HTTP Cache/Cache_Data/347bb5665f77e03a_0 size=12288 mod=1782826380 from UID=10233 used=253952 quota=50980703 ratio=49
06-30 14:13:01.166 D/installd(  601): Purging /data/data/com.google.android.apps.messaging/cache/data/user/0/com.google.android.apps.messaging/no_backup/androidx.work.workdb.lck size=4096 mod=1782816819 from UID=10154 used=90112 quota=18663894 ratio=48
06-30 14:13:01.167 D/installd(  601): Purging /data/data/com.google.android.apps.photos/cache/cronet_cache/disk_cache/index size=8192 mod=1782816993 from UID=10171 used=90112 quota=18663894 ratio=48
06-30 14:13:01.167 D/installd(  601): Purging /data/data/com.google.android.dialer/cache/data/user/0/com.google.android.dialer/no_backup size=8192 mod=1782820976 from UID=10147 used=90112 quota=18663894 ratio=48
06-30 14:13:01.167 D/installd(  601): Purging /data/data/com.google.android.apps.wellbeing/cache/data/user/0/com.google.android.apps.wellbeing/databases/wind_down_session_history_data.db.lck size=4096 mod=1782816839 from UID=10159 used=90112 quota=18663894 ratio=48
06-30 14:13:01.167 D/installd(  601): Purging /data/data/com.google.android.calendar/cache/data/user/0 size=8192 mod=1782821029 from UID=10160 used=57344 quota=12173161 ratio=47
06-30 14:13:01.167 D/installd(  601): Purging /data/data/com.aiquota.mobile/cache/WebView/Default/HTTP Cache/Cache_Data/781d33b1a617eea2_0 size=12288 mod=1782826380 from UID=10233 used=241664 quota=50980703 ratio=47
06-30 14:13:01.167 D/installd(  601): Purging /data/data/com.google.android.apps.messaging/cache/data/user/0/com.google.android.apps.messaging/no_backup/databases/gnp_database.lck size=4096 mod=1782816835 from UID=10154 used=86016 quota=18663894 ratio=46
06-30 14:13:01.167 D/installd(  601): Purging /data/data/com.google.android.apps.wellbeing/cache/data/user/0/com.google.android.apps.wellbeing/files/receiver_metrics_data.db.lck size=4096 mod=1782816839 from UID=10159 used=86016 quota=18663894 ratio=46
06-30 14:13:01.167 D/installd(  601): Purging /data/data/com.google.android.googlequicksearchbox/cache/data/user size=8192 mod=1782827662 from UID=10158 used=49152 quota=10765646 ratio=45
06-30 14:13:01.167 D/installd(  601): Purging /data/data/com.google.android.gm/cache/data/user/0 size=8192 mod=1782823100 from UID=10174 used=61440 quota=13871199 ratio=44
06-30 14:13:01.167 D/installd(  601): Purging /data/data/com.aiquota.mobile/cache/WebView/Default/HTTP Cache/Cache_Data/8a8b39face2fa319_0 size=12288 mod=1782826380 from UID=10233 used=229376 quota=50980703 ratio=44
06-30 14:13:01.167 D/installd(  601): Purging /data/data/com.google.android.apps.photos/cache/cronet_cache/disk_cache/index-dir size=8192 mod=1782816993 from UID=10171 used=81920 quota=18663894 ratio=43
06-30 14:13:01.167 D/installd(  601): Purging /data/data/com.google.android.dialer/cache/data/user/0/com.google.android.dialer/files size=8192 mod=1782820976 from UID=10147 used=81920 quota=18663894 ratio=43
06-30 14:13:01.167 D/installd(  601): Purging /data/data/com.google.android.apps.messaging/cache/data/user/0/com.google.android.apps.messaging/no_backup/databases size=8192 mod=1782816835 from UID=10154 used=81920 quota=18663894 ratio=43
06-30 14:13:01.167 D/installd(  601): Purging /data/data/com.google.android.apps.wellbeing/cache/data/user/0/com.google.android.apps.wellbeing/files size=8192 mod=1782816839 from UID=10159 used=81920 quota=18663894 ratio=43
06-30 14:13:01.167 D/installd(  601): Purging /data/data/com.aiquota.mobile/cache/WebView/Default/HTTP Cache/Code Cache/js/index-dir/the-real-index size=8192 mod=1782826399 from UID=10233 used=217088 quota=50980703 ratio=42
06-30 14:13:01.173 D/installd(  601): Purging /data/data/com.android.printspooler/cache/icons size=8192 mod=1782816795 from UID=10138 used=77824 quota=18663894 ratio=41
06-30 14:13:01.178 D/installd(  601): Purging /data/data/com.google.android.apps.restore/cache/data/user/0/com.google.android.apps.restore/no_backup/androidx.work.workdb.lck size=4096 mod=1782816815 from UID=10148 used=77824 quota=18663894 ratio=41
06-30 14:13:01.181 D/installd(  601): Purging /data/data/com.google.android.deskclock/cache/data/user/0/com.google.android.deskclock/no_backup/androidx.work.workdb.lck size=4096 mod=1782816853 from UID=10173 used=77824 quota=18663894 ratio=41
06-30 14:13:01.187 D/installd(  601): Purging /data/data/com.google.android.as.oss/cache/data/user/0/com.google.android.as.oss/no_backup/androidx.work.workdb.lck size=4096 mod=1782816803 from UID=10145 used=77824 quota=18663894 ratio=41
06-30 14:13:01.192 D/installd(  601): Purging /data/data/com.google.android.tts/cache/data/user/0/com.google.android.tts/no_backup/androidx.work.workdb.lck size=4096 mod=1782816813 from UID=10166 used=77824 quota=18663894 ratio=41
06-30 14:13:01.192 D/installd(  601): Purging /data/data/com.google.android.calendar/cache/data/user size=8192 mod=1782821029 from UID=10160 used=49152 quota=12173161 ratio=40
06-30 14:13:01.192 D/installd(  601): Purging /data/data/com.aiquota.mobile/cache/WebView/Default/HTTP Cache/Code Cache/js/index-dir size=8192 mod=1782826399 from UID=10233 used=208896 quota=50980703 ratio=40
06-30 14:13:01.192 D/installd(  601): Purging /data/data/com.aiquota.mobile/cache/WebView/Default/HTTP Cache/Code Cache/js size=8192 mod=1782826399 from UID=10233 used=200704 quota=50980703 ratio=39
06-30 14:13:01.192 D/installd(  601): Purging /data/data/com.android.vending/cache/streamdatastore size=8192 mod=1782827498 from UID=10153 used=73728 quota=18663894 ratio=39
06-30 14:13:01.194 D/installd(  601): Purging /data/data/com.android.providers.calendar/cache/oat_primary/x86_64/CalendarProvider.art size=24576 mod=1782816823 from UID=10104 used=73728 quota=18663894 ratio=39
06-30 14:13:01.194 D/installd(  601): Purging /data/data/com.google.android.deskclock/cache/data/user/0/com.google.android.deskclock/no_backup size=8192 mod=1782816853 from UID=10173 used=73728 quota=18663894 ratio=39
06-30 14:13:01.194 D/installd(  601): Purging /data/data/com.google.android.as/cache/oat_primary/x86_64 size=8192 mod=1782816800 from UID=10146 used=73728 quota=18663894 ratio=39
06-30 14:13:01.194 D/installd(  601): Purging /data/data/com.google.android.apps.restore/cache/data/user/0/com.google.android.apps.restore/no_backup size=8192 mod=1782816815 from UID=10148 used=73728 quota=18663894 ratio=39
06-30 14:13:01.195 D/installd(  601): Purging /data/data/com.google.android.apps.photos/cache/cronet_cache/version size=8192 mod=1782816993 from UID=10171 used=73728 quota=18663894 ratio=39
06-30 14:13:01.195 D/installd(  601): Purging /data/data/com.google.android.dialer/cache/data/user/0/com.google.android.dialer/databases size=8192 mod=1782820976 from UID=10147 used=73728 quota=18663894 ratio=39
06-30 14:13:01.195 D/installd(  601): Purging /data/data/com.google.android.apps.messaging/cache/data/user/0/com.google.android.apps.messaging/no_backup size=8192 mod=1782816835 from UID=10154 used=73728 quota=18663894 ratio=39
06-30 14:13:01.195 D/installd(  601): Purging /data/data/com.google.android.apps.wellbeing/cache/data/user/0/com.google.android.apps.wellbeing/databases size=8192 mod=1782816839 from UID=10159 used=73728 quota=18663894 ratio=39
06-30 14:13:01.195 D/installd(  601): Purging /data/data/com.google.android.as.oss/cache/data/user/0/com.google.android.as.oss/no_backup size=8192 mod=1782816803 from UID=10145 used=73728 quota=18663894 ratio=39
06-30 14:13:01.195 D/installd(  601): Purging /data/data/com.google.android.tts/cache/data/user/0/com.google.android.tts/no_backup size=8192 mod=1782816813 from UID=10166 used=73728 quota=18663894 ratio=39
06-30 14:13:01.195 D/installd(  601): Purging /data/data/com.google.android.gm/cache/data/user size=8192 mod=1782823100 from UID=10174 used=53248 quota=13871199 ratio=38
06-30 14:13:01.195 D/installd(  601): Purging /data/data/com.google.android.googlequicksearchbox/cache/data size=8192 mod=1782827662 from UID=10158 used=40960 quota=10765646 ratio=38
06-30 14:13:01.195 D/installd(  601): Purging /data/data/com.android.printspooler/cache/oat_primary/x86_64/PrintSpooler.art size=20480 mod=1782816800 from UID=10138 used=69632 quota=18663894 ratio=37
06-30 14:13:01.195 D/installd(  601): Purging /data/data/com.aiquota.mobile/cache/WebView/Default/HTTP Cache/Code Cache size=8192 mod=1782826399 from UID=10233 used=192512 quota=50980703 ratio=37
06-30 14:13:01.195 D/installd(  601): Purging /data/data/u.sage/cache/oat_primary/x86_64 size=8192 mod=1782816832 from UID=10231 used=102400 quota=27424049 ratio=37
06-30 14:13:01.195 D/installd(  601): Purging /data/data/com.aiquota.mobile/cache/WebView/Default/HTTP Cache/No_Vary_Search/journal.baj size=8192 mod=1782826485 from UID=10233 used=184320 quota=50980703 ratio=36
06-30 14:13:01.195 D/installd(  601): Purging /data/data/com.google.android.as.oss/cache/data/user/0/com.google.android.as.oss size=8192 mod=1782816803 from UID=10145 used=65536 quota=18663894 ratio=35
06-30 14:13:01.195 D/installd(  601): Purging /data/data/com.google.android.deskclock/cache/data/user/0/com.google.android.deskclock size=8192 mod=1782816853 from UID=10173 used=65536 quota=18663894 ratio=35
06-30 14:13:01.195 D/installd(  601): Purging /data/data/com.google.android.tts/cache/data/user/0/com.google.android.tts size=8192 mod=1782816813 from UID=10166 used=65536 quota=18663894 ratio=35
06-30 14:13:01.196 D/installd(  601): Purging /data/data/com.android.vending/cache/logs/com.google.hyunmin.kang27%40gmail.com size=8192 mod=1782827938 from UID=10153 used=65536 quota=18663894 ratio=35
06-30 14:13:01.196 D/installd(  601): Purging /data/data/com.google.android.as/cache/oat_primary size=8192 mod=1782816800 from UID=10146 used=65536 quota=18663894 ratio=35
06-30 14:13:01.196 D/installd(  601): Purging /data/data/com.google.android.apps.restore/cache/data/user/0/com.google.android.apps.restore size=8192 mod=1782816815 from UID=10148 used=65536 quota=18663894 ratio=35
06-30 14:13:01.196 D/installd(  601): Purging /data/data/com.google.android.apps.photos/cache/cronet_cache/disk_cache size=8192 mod=1782816993 from UID=10171 used=65536 quota=18663894 ratio=35
06-30 14:13:01.196 D/installd(  601): Purging /data/data/com.google.android.dialer/cache/data/user/0/com.google.android.dialer size=8192 mod=1782820976 from UID=10147 used=65536 quota=18663894 ratio=35
06-30 14:13:01.196 D/installd(  601): Purging /data/data/com.google.android.apps.messaging/cache/data/user/0/com.google.android.apps.messaging size=8192 mod=1782816835 from UID=10154 used=65536 quota=18663894 ratio=35
06-30 14:13:01.196 D/installd(  601): Purging /data/data/com.google.android.apps.wellbeing/cache/data/user/0/com.google.android.apps.wellbeing size=8192 mod=1782816839 from UID=10159 used=65536 quota=18663894 ratio=35
06-30 14:13:01.196 D/installd(  601): Purging /data/data/u.sage/cache/oat_primary size=8192 mod=1782816832 from UID=10231 used=94208 quota=27424049 ratio=34
06-30 14:13:01.196 D/installd(  601): Purging /data/data/com.aiquota.mobile/cache/WebView/Default/HTTP Cache/No_Vary_Search size=8192 mod=1782826485 from UID=10233 used=176128 quota=50980703 ratio=34
06-30 14:13:01.196 D/installd(  601): Purging /data/data/com.google.android.calendar/cache/data size=8192 mod=1782821029 from UID=10160 used=40960 quota=12173161 ratio=33
06-30 14:13:01.196 D/installd(  601): Purging /data/data/com.google.android.gm/cache/og_education.db.lck size=4096 mod=1782823100 from UID=10174 used=45056 quota=13871199 ratio=32
06-30 14:13:01.199 D/installd(  601): Purging /data/data/com.google.android.ext.services/cache/oat_primary/x86_64/GoogleExtServices-sminus.art size=12288 mod=1782816795 from UID=10216 used=61440 quota=18663894 ratio=32
06-30 14:13:01.203 D/installd(  601): Purging /data/data/com.android.externalstorage/cache/oat_primary/x86_64/ExternalStorageProvider.art size=12288 mod=1782816833 from UID=10111 used=61440 quota=18663894 ratio=32
06-30 14:13:01.203 D/installd(  601): Purging /data/data/com.aiquota.mobile/cache/Crash Reports/ANR Variations/b20f63eeb2c1410df415cfbcb15a768d size=8192 mod=1782826485 from UID=10233 used=167936 quota=50980703 ratio=32
06-30 14:13:01.203 D/installd(  601): Purging /data/data/com.aiquota.mobile/cache/Crash Reports/ANR Variations size=8192 mod=1782826485 from UID=10233 used=159744 quota=50980703 ratio=31
06-30 14:13:01.203 D/installd(  601): Purging /data/data/u.sage/cache/WebView/Default/HTTP Cache/Cache_Data/index-dir/the-real-index size=8192 mod=1782816851 from UID=10231 used=86016 quota=27424049 ratio=31
06-30 14:13:01.203 D/installd(  601): Purging /data/data/com.google.android.apps.wellbeing/cache/data/user/0 size=8192 mod=1782816839 from UID=10159 used=57344 quota=18663894 ratio=30
06-30 14:13:01.203 D/installd(  601): Purging /data/data/com.google.android.apps.photos/cache/cronet_cache/prefs/local_prefs.json size=8192 mod=1782817866 from UID=10171 used=57344 quota=18663894 ratio=30
06-30 14:13:01.203 D/installd(  601): Purging /data/data/com.google.android.apps.restore/cache/data/user/0 size=8192 mod=1782816815 from UID=10148 used=57344 quota=18663894 ratio=30
06-30 14:13:01.204 D/installd(  601): Purging /data/data/com.google.android.deskclock/cache/data/user/0 size=8192 mod=1782816853 from UID=10173 used=57344 quota=18663894 ratio=30
06-30 14:13:01.204 D/installd(  601): Purging /data/data/com.google.android.apps.messaging/cache/data/user/0 size=8192 mod=1782816835 from UID=10154 used=57344 quota=18663894 ratio=30
06-30 14:13:01.204 D/installd(  601): Purging /data/user_de/0/com.google.android.permissioncontroller/cache/oat_primary/x86_64 size=8192 mod=1782816797 from UID=10218 used=49152 quota=15973143 ratio=30
06-30 14:13:01.204 D/installd(  601): Purging /data/data/com.google.android.as.oss/cache/data/user/0 size=8192 mod=1782816803 from UID=10145 used=57344 quota=18663894 ratio=30
06-30 14:13:01.204 D/installd(  601): Purging /data/data/com.google.android.dialer/cache/data/user/0 size=8192 mod=1782820976 from UID=10147 used=57344 quota=18663894 ratio=30
06-30 14:13:01.204 D/installd(  601): Purging /data/data/com.google.android.tts/cache/data/user/0 size=8192 mod=1782816813 from UID=10166 used=57344 quota=18663894 ratio=30
06-30 14:13:01.204 D/installd(  601): Purging /data/data/com.android.vending/cache/logs/com.google.hyunmin.kang27%40gmail.com.metalog/logs_upload_attempt.log size=4096 mod=1782827940 from UID=10153 used=57344 quota=18663894 ratio=30
06-30 14:13:01.204 D/installd(  601): Purging /data/data/com.google.android.as/cache/cell_db.lck size=4096 mod=1782816802 from UID=10146 used=57344 quota=18663894 ratio=30
06-30 14:13:01.204 D/installd(  601): Purging /data/data/com.google.android.gm/cache/data size=8192 mod=1782823100 from UID=10174 used=40960 quota=13871199 ratio=29
06-30 14:13:01.204 D/installd(  601): Purging /data/data/com.aiquota.mobile/cache/Crash Reports size=8192 mod=1782826485 from UID=10233 used=151552 quota=50980703 ratio=29
06-30 14:13:01.204 D/installd(  601): Purging /data/data/com.aiquota.mobile/cache/WebView/Default/HTTP Cache/Cache_Data/565af7c8962d622f_0 size=8192 mod=1782828706 from UID=10233 used=143360 quota=50980703 ratio=28
06-30 14:13:01.204 D/installd(  601): Purging /data/data/u.sage/cache/WebView/Default/HTTP Cache/Cache_Data/index-dir size=8192 mod=1782816851 from UID=10231 used=77824 quota=27424049 ratio=28
06-30 14:13:01.204 D/installd(  601): Purging /data/data/com.google.android.adservices.api/cache/oat_primary/x86_64 size=8192 mod=1782816834 from UID=10213 used=53248 quota=18663894 ratio=28
06-30 14:13:01.204 D/installd(  601): Purging /data/data/com.android.vending/cache/logs/com.google.hyunmin.kang27%40gmail.com.metalog/play_metalog.log size=8192 mod=1782827940 from UID=10153 used=53248 quota=18663894 ratio=28
06-30 14:13:01.204 D/installd(  601): Purging /data/data/com.google.android.as/cache/ChronicleBlobStore.lck size=4096 mod=1782816803 from UID=10146 used=53248 quota=18663894 ratio=28
06-30 14:13:01.204 D/installd(  601): Purging /data/data/com.google.android.as/cache/SimpleStorage.lck size=4096 mod=1782816803 from UID=10146 used=49152 quota=18663894 ratio=26
06-30 14:13:01.204 D/installd(  601): Purging /data/data/com.google.android.ext.services/cache/oat_primary/x86_64 size=8192 mod=1782816795 from UID=10216 used=49152 quota=18663894 ratio=26
06-30 14:13:01.204 D/installd(  601): Purging /data/data/com.google.android.apps.pulse/cache/oat_primary/x86_64 size=8192 mod=1782820792 from UID=10155 used=49152 quota=18663894 ratio=26
06-30 14:13:01.204 D/installd(  601): Purging /data/data/com.google.android.apps.photos/cache/cronet_cache/prefs size=8192 mod=1782817866 from UID=10171 used=49152 quota=18663894 ratio=26
06-30 14:13:01.204 D/installd(  601): Purging /data/data/com.google.android.apps.restore/cache/data/user size=8192 mod=1782816815 from UID=10148 used=49152 quota=18663894 ratio=26
06-30 14:13:01.205 D/installd(  601): Purging /data/data/com.google.android.apps.wallpaper/cache/oat_primary/x86_64 size=8192 mod=1782816805 from UID=10198 used=49152 quota=18663894 ratio=26
06-30 14:13:01.205 D/installd(  601): Purging /data/data/com.android.printspooler/cache/oat_primary/x86_64 size=8192 mod=1782816800 from UID=10138 used=49152 quota=18663894 ratio=26
06-30 14:13:01.205 D/installd(  601): Purging /data/data/com.google.android.apps.wellbeing/cache/data/user size=8192 mod=1782816839 from UID=10159 used=49152 quota=18663894 ratio=26
06-30 14:13:01.205 D/installd(  601): Purging /data/user_de/0/com.android.systemui/cache/oat_primary/x86_64 size=8192 mod=1782816798 from UID=10195 used=49152 quota=18663894 ratio=26
06-30 14:13:01.205 D/installd(  601): Purging /data/data/com.google.android.apps.messaging/cache/data/user size=8192 mod=1782816835 from UID=10154 used=49152 quota=18663894 ratio=26
06-30 14:13:01.205 D/installd(  601): Purging /data/data/com.google.android.settings.intelligence/cache/oat_primary/x86_64 size=8192 mod=1782816830 from UID=10157 used=49152 quota=18663894 ratio=26
06-30 14:13:01.205 D/installd(  601): Purging /data/data/com.google.android.providers.media.module/cache/oat_primary/x86_64 size=8192 mod=1782816801 from UID=10223 used=49152 quota=18663894 ratio=26
06-30 14:13:01.205 D/installd(  601): Purging /data/data/com.android.providers.calendar/cache/oat_primary/x86_64 size=8192 mod=1782816823 from UID=10104 used=49152 quota=18663894 ratio=26
06-30 14:13:01.205 D/installd(  601): Purging /data/data/com.google.android.deskclock/cache/data/user size=8192 mod=1782816853 from UID=10173 used=49152 quota=18663894 ratio=26
06-30 14:13:01.205 D/installd(  601): Purging /data/user_de/0/com.google.android.bluetooth/cache/oat_primary/x86_64 size=8192 mod=1782816795 from UID=1002 used=49152 quota=18663894 ratio=26
06-30 14:13:01.205 D/installd(  601): Purging /data/data/com.android.externalstorage/cache/oat_primary/x86_64 size=8192 mod=1782816833 from UID=10111 used=49152 quota=18663894 ratio=26
06-30 14:13:01.205 D/installd(  601): Purging /data/data/com.google.android.rkpdapp/cache/oat_primary/x86_64 size=8192 mod=1782816832 from UID=10205 used=49152 quota=18663894 ratio=26
06-30 14:13:01.205 D/installd(  601): Purging /data/data/com.google.android.photopicker/cache/oat_primary/x86_64 size=8192 mod=1782816833 from UID=10224 used=49152 quota=18663894 ratio=26
06-30 14:13:01.206 D/installd(  601): Purging /data/data/com.google.android.as.oss/cache/data/user size=8192 mod=1782816803 from UID=10145 used=49152 quota=18663894 ratio=26
06-30 14:13:01.206 D/installd(  601): Purging /data/data/com.google.android.dialer/cache/data/user size=8192 mod=1782820976 from UID=10147 used=49152 quota=18663894 ratio=26
06-30 14:13:01.206 D/installd(  601): Purging /data/data/com.google.android.tts/cache/data/user size=8192 mod=1782816813 from UID=10166 used=49152 quota=18663894 ratio=26
06-30 14:13:01.206 D/installd(  601): Purging /data/data/com.aiquota.mobile/cache/WebView/Default/HTTP Cache/Cache_Data/index-dir/the-real-index size=12288 mod=1782828726 from UID=10233 used=135168 quota=50980703 ratio=26
06-30 14:13:01.206 D/installd(  601): Purging /data/user_de/0/com.google.android.permissioncontroller/cache/oat_primary size=8192 mod=1782816797 from UID=10218 used=40960 quota=15973143 ratio=25
06-30 14:13:01.206 D/installd(  601): Purging /data/data/u.sage/cache/WebView/Default/HTTP Cache/Cache_Data size=8192 mod=1782816851 from UID=10231 used=69632 quota=27424049 ratio=25
06-30 14:13:01.206 D/installd(  601): Purging /data/data/com.android.vending/cache/logs/com.google.hyunmin.kang27%40gmail.com.metalog size=8192 mod=1782827940 from UID=10153 used=45056 quota=18663894 ratio=24
06-30 14:13:01.206 D/installd(  601): Purging /data/data/com.google.android.as/cache/nasa_ps_db.lck size=4096 mod=1782816804 from UID=10146 used=45056 quota=18663894 ratio=24
06-30 14:13:01.206 D/installd(  601): Purging /data/data/com.google.android.adservices.api/cache/oat_primary size=8192 mod=1782816834 from UID=10213 used=45056 quota=18663894 ratio=24
06-30 14:13:01.206 D/installd(  601): Purging /data/data/com.aiquota.mobile/cache/WebView/Default/HTTP Cache/Cache_Data/index-dir size=8192 mod=1782828726 from UID=10233 used=122880 quota=50980703 ratio=24
06-30 14:13:01.206 D/installd(  601): Purging /data/data/u.sage/cache/WebView/Default/HTTP Cache size=8192 mod=1782816851 from UID=10231 used=61440 quota=27424049 ratio=22
06-30 14:13:01.206 D/installd(  601): Purging /data/data/com.aiquota.mobile/cache/WebView/Default/HTTP Cache/Cache_Data size=12288 mod=1782828726 from UID=10233 used=114688 quota=50980703 ratio=22
06-30 14:13:01.207 D/installd(  601): Purging /data/data/com.google.android.apps.restore/cache/data size=8192 mod=1782816815 from UID=10148 used=40960 quota=18663894 ratio=21
06-30 14:13:01.207 D/installd(  601): Purging /data/data/com.google.android.as.oss/cache/data size=8192 mod=1782816803 from UID=10145 used=40960 quota=18663894 ratio=21
06-30 14:13:01.207 D/installd(  601): Purging /data/data/com.google.android.providers.media.module/cache/oat_primary size=8192 mod=1782816801 from UID=10223 used=40960 quota=18663894 ratio=21
06-30 14:13:01.207 D/installd(  601): Purging /data/data/com.google.android.tts/cache/data size=8192 mod=1782816813 from UID=10166 used=40960 quota=18663894 ratio=21
06-30 14:13:01.207 D/installd(  601): Purging /data/data/com.google.android.ext.services/cache/oat_primary size=8192 mod=1782816795 from UID=10216 used=40960 quota=18663894 ratio=21
06-30 14:13:01.207 D/installd(  601): Purging /data/data/com.google.android.apps.photos/cache/cronet_cache size=8192 mod=1782817866 from UID=10171 used=40960 quota=18663894 ratio=21
06-30 14:13:01.207 D/installd(  601): Purging /data/data/com.google.android.apps.pulse/cache/oat_primary size=8192 mod=1782820792 from UID=10155 used=40960 quota=18663894 ratio=21
06-30 14:13:01.207 D/installd(  601): Purging /data/data/com.google.android.apps.wallpaper/cache/oat_primary size=8192 mod=1782816805 from UID=10198 used=40960 quota=18663894 ratio=21
06-30 14:13:01.207 D/installd(  601): Purging /data/data/com.google.android.settings.intelligence/cache/oat_primary size=8192 mod=1782816830 from UID=10157 used=40960 quota=18663894 ratio=21
06-30 14:13:01.208 D/installd(  601): Purging /data/data/com.android.printspooler/cache/oat_primary size=8192 mod=1782816800 from UID=10138 used=40960 quota=18663894 ratio=21
06-30 14:13:01.208 D/installd(  601): Purging /data/data/com.google.android.apps.wellbeing/cache/data size=8192 mod=1782816839 from UID=10159 used=40960 quota=18663894 ratio=21
06-30 14:13:01.208 D/installd(  601): Purging /data/user_de/0/com.android.systemui/cache/oat_primary size=8192 mod=1782816798 from UID=10195 used=40960 quota=18663894 ratio=21
06-30 14:13:01.208 D/installd(  601): Purging /data/data/com.google.android.apps.messaging/cache/data size=8192 mod=1782816835 from UID=10154 used=40960 quota=18663894 ratio=21
06-30 14:13:01.211 D/installd(  601): Purging /data/data/com.google.android.configupdater/cache/oat_primary size=8192 mod=1782816824 from UID=10144 used=40960 quota=18663894 ratio=21
06-30 14:13:01.211 D/installd(  601): Purging /data/data/com.google.android.dialer/cache/data size=8192 mod=1782820976 from UID=10147 used=40960 quota=18663894 ratio=21
06-30 14:13:01.211 D/installd(  601): Purging /data/user_de/0/com.google.android.bluetooth/cache/oat_primary size=8192 mod=1782816795 from UID=1002 used=40960 quota=18663894 ratio=21
06-30 14:13:01.214 D/installd(  601): Purging /data/data/com.google.android.webview/cache/WebView size=8192 mod=1782814587 from UID=10181 used=40960 quota=18663894 ratio=21
06-30 14:13:01.214 D/installd(  601): Purging /data/data/com.google.android.deskclock/cache/data size=8192 mod=1782816853 from UID=10173 used=40960 quota=18663894 ratio=21
06-30 14:13:01.214 D/installd(  601): Purging /data/data/com.android.providers.calendar/cache/oat_primary size=8192 mod=1782816823 from UID=10104 used=40960 quota=18663894 ratio=21
06-30 14:13:01.214 D/installd(  601): Purging /data/data/com.android.externalstorage/cache/oat_primary size=8192 mod=1782816833 from UID=10111 used=40960 quota=18663894 ratio=21
06-30 14:13:01.214 D/installd(  601): Purging /data/data/com.google.android.rkpdapp/cache/oat_primary size=8192 mod=1782816832 from UID=10205 used=40960 quota=18663894 ratio=21
06-30 14:13:01.214 D/installd(  601): Purging /data/data/com.google.android.photopicker/cache/oat_primary size=8192 mod=1782816833 from UID=10224 used=40960 quota=18663894 ratio=21
06-30 14:13:01.214 D/installd(  601): Purging /data/data/com.google.android.as/cache/people_search.lck size=4096 mod=1782816808 from UID=10146 used=40960 quota=18663894 ratio=21
06-30 14:13:01.214 D/installd(  601): Purging /data/data/com.aiquota.mobile/cache/WebView/Default/HTTP Cache size=8192 mod=1782828726 from UID=10233 used=102400 quota=50980703 ratio=20
06-30 14:13:01.215 D/installd(  601): Purging /data/data/com.google.android.adservices.api/cache/customaudience.db.lck size=4096 mod=1782816865 from UID=10213 used=36864 quota=18663894 ratio=19
06-30 14:13:01.215 D/installd(  601): Purging /data/data/u.sage/cache/WebView/Default size=8192 mod=1782816851 from UID=10231 used=53248 quota=27424049 ratio=19
06-30 14:13:01.215 D/installd(  601): Purging /data/data/com.android.vending/cache/logs size=8192 mod=1782827940 from UID=10153 used=36864 quota=18663894 ratio=19
06-30 14:13:01.215 D/installd(  601): Purging /data/data/com.google.android.as/cache/smartselect_db.lck size=4096 mod=1782823608 from UID=10146 used=36864 quota=18663894 ratio=19
06-30 14:13:01.215 D/installd(  601): Purging /data/data/com.aiquota.mobile/cache/WebView/Default size=8192 mod=1782828726 from UID=10233 used=94208 quota=50980703 ratio=18
06-30 14:13:01.489 D/installd(  601): Purging /data/data/com.aiquota.mobile/cache/WebView size=8192 mod=1782828726 from UID=10233 used=86016 quota=50980703 ratio=16
06-30 14:13:01.489 D/installd(  601): Purging /data/data/u.sage/cache/WebView size=8192 mod=1782816851 from UID=10231 used=45056 quota=27424049 ratio=16
06-30 14:13:01.489 D/installd(  601): Purging /data/data/com.google.android.documentsui/cache/clippings size=8192 mod=1782816865 from UID=10109 used=110592 quota=67108864 ratio=16
06-30 14:13:01.489 D/installd(  601): Purging /data/data/com.google.android.documentsui/cache/oat_primary/x86_64/DocumentsUIGoogle.art size=53248 mod=1782816870 from UID=10109 used=102400 quota=67108864 ratio=15
06-30 14:13:01.489 D/installd(  601): Purging /data/data/com.android.vending/cache/logs_background/com.google.hyunmin.kang27%40gmail.com.metalog/logs_upload_attempt.log size=4096 mod=1782828740 from UID=10153 used=28672 quota=18663894 ratio=15
06-30 14:13:01.489 D/installd(  601): Purging /data/data/com.aiquota.mobile/cache/data/user/0/com.aiquota.mobile/no_backup/androidx.work.workdb.lck size=4096 mod=1782828740 from UID=10233 used=77824 quota=50980703 ratio=15
06-30 14:13:01.489 D/installd(  601): Purging /data/data/com.aiquota.mobile/cache/data/user/0/com.aiquota.mobile/no_backup size=8192 mod=1782828740 from UID=10233 used=73728 quota=50980703 ratio=14
06-30 14:13:01.491 D/installd(  601): Purging /data/user_de/0/com.google.android.cellbroadcastreceiver/cache/oat_primary/x86_64/GoogleCellBroadcastApp.art size=45056 mod=1782816797 from UID=10204 used=94208 quota=67108864 ratio=14
06-30 14:13:01.491 D/installd(  601): Purging /data/data/com.android.vending/cache/logs_background/com.google.hyunmin.kang27%40gmail.com.metalog/play_metalog.log size=8192 mod=1782828740 from UID=10153 used=24576 quota=18663894 ratio=13
06-30 14:13:01.491 D/installd(  601): Purging /data/data/com.aiquota.mobile/cache/data/user/0/com.aiquota.mobile size=8192 mod=1782828740 from UID=10233 used=65536 quota=50980703 ratio=12
06-30 14:13:01.491 D/installd(  601): Purging /data/data/com.aiquota.mobile/cache/data/user/0 size=8192 mod=1782828740 from UID=10233 used=57344 quota=50980703 ratio=11
06-30 14:13:01.491 D/installd(  601): Purging /data/data/com.aiquota.mobile/cache/data/user size=8192 mod=1782828740 from UID=10233 used=49152 quota=50980703 ratio=9
06-30 14:13:01.491 D/installd(  601): Purging /data/data/com.android.vending/cache/logs_background/com.google.hyunmin.kang27%40gmail.com.metalog size=8192 mod=1782828740 from UID=10153 used=16384 quota=18663894 ratio=8
06-30 14:13:01.491 D/installd(  601): Purging /data/data/com.aiquota.mobile/cache/data size=8192 mod=1782828740 from UID=10233 used=40960 quota=50980703 ratio=8
06-30 14:13:01.491 D/installd(  601): Purging /data/data/com.google.android.documentsui/cache/oat_primary/x86_64 size=8192 mod=1782816870 from UID=10109 used=49152 quota=67108864 ratio=7
06-30 14:13:01.491 D/installd(  601): Purging /data/user_de/0/com.google.android.cellbroadcastreceiver/cache/oat_primary/x86_64 size=8192 mod=1782816797 from UID=10204 used=49152 quota=67108864 ratio=7
06-30 14:13:01.491 D/installd(  601): Purging /data/user_de/0/com.google.android.cellbroadcastreceiver/cache/oat_primary size=8192 mod=1782816797 from UID=10204 used=40960 quota=67108864 ratio=6
06-30 14:13:01.491 D/installd(  601): Purging /data/data/com.google.android.documentsui/cache/oat_primary size=8192 mod=1782816870 from UID=10109 used=40960 quota=67108864 ratio=6
06-30 14:13:01.501 D/installd(  601): Purging /data/data/com.android.vending/cache/logs_background size=8192 mod=1782828740 from UID=10153 used=8192 quota=18663894 ratio=4
06-30 14:13:01.501 E/installd(  601): Failed to free up 622811544 on /data; final free space 491110400: Success
06-30 14:13:01.504 I/ExternalStorageServiceImpl( 1569): Free cache requested for 131701144 bytes
06-30 14:13:01.506 I/ExternalStorageServiceImpl( 1569): Free cache requested for 131701144 bytes
06-30 14:13:01.507 W/DeviceStorageMonitorService(  690): java.io.IOException: Failed to free 622811544 on storage device at /data
06-30 14:13:01.507 W/DeviceStorageMonitorService(  690): 	at com.android.server.pm.FreeStorageHelper.freeStorage(FreeStorageHelper.java:182)
06-30 14:13:01.507 W/DeviceStorageMonitorService(  690): 	at com.android.server.pm.PackageManagerService.freeStorage(PackageManagerService.java:3006)
06-30 14:13:01.507 W/DeviceStorageMonitorService(  690): 	at com.android.server.pm.PackageManagerInternalBase.freeStorage(PackageManagerInternalBase.java:581)
06-30 14:13:01.507 W/DeviceStorageMonitorService(  690): 	at com.android.server.storage.DeviceStorageMonitorService.checkLow(DeviceStorageMonitorService.java:194)
06-30 14:13:01.507 W/DeviceStorageMonitorService(  690): 	at com.android.server.storage.DeviceStorageMonitorService.-$$Nest$mcheckLow(DeviceStorageMonitorService.java:0)
06-30 14:13:01.507 W/DeviceStorageMonitorService(  690): 	at com.android.server.storage.DeviceStorageMonitorService$1.handleMessage(DeviceStorageMonitorService.java:297)
06-30 14:13:01.507 W/DeviceStorageMonitorService(  690): 	at android.os.Handler.dispatchMessageImpl(Handler.java:142)
06-30 14:13:01.507 W/DeviceStorageMonitorService(  690): 	at android.os.Handler.dispatchMessage(Handler.java:125)
06-30 14:13:01.507 W/DeviceStorageMonitorService(  690): 	at android.os.Looper.loopOnce(Looper.java:296)
06-30 14:13:01.507 W/DeviceStorageMonitorService(  690): 	at android.os.Looper.loop(Looper.java:397)
06-30 14:13:01.507 W/DeviceStorageMonitorService(  690): 	at android.os.HandlerThread.run(HandlerThread.java:139)
06-30 14:13:02.573 I/HalDevMgr(  690): bestIfaceCreationProposal is null, requestIface=STA, existingIface=[name=wlan0 type=STA]
06-30 14:13:05.579 I/HalDevMgr(  690): bestIfaceCreationProposal is null, requestIface=STA, existingIface=[name=wlan0 type=STA]
06-30 14:13:06.101 I/wpa_supplicant(  961): wlan0: CTRL-EVENT-BEACON-LOSS 
06-30 14:13:06.444 I/WM-WorkerWrapper(21932): Worker result SUCCESS for Work [ id=732dcf26-4606-45ea-addd-ef7de30b4cd9, tags={ androidx.glance.session.SessionWorker } ]
06-30 14:13:07.724 I/UsageStatsService(  690): User[0] Flushing usage stats to disk
06-30 14:13:07.775 I/system_server(  690): Background young concurrent mark compact GC freed 10MB AllocSpace bytes, 132(8304KB) LOS objects, 25% free, 47MB/64MB, paused 1.760ms,26.012ms total 42.387ms
06-30 14:13:08.587 I/HalDevMgr(  690): bestIfaceCreationProposal is null, requestIface=STA, existingIface=[name=wlan0 type=STA]
06-30 14:13:09.519 D/SatelliteController( 1128): isInCarrierRoamingNbIotNtn: satellite is disabled
06-30 14:13:09.519 D/SatelliteController( 1128): getCarrierRoamingNtnConnectType: Checking connect type from PLMN config for subId: 1
06-30 14:13:09.519 D/TelephonyConfigUpdateInstallReceiver( 1128): getConfigParser: domain=satellite
06-30 14:13:09.519 V/SatelliteController( 1128): satelliteConfigParser is not ready
06-30 14:13:09.519 D/SatelliteController( 1128): isSatelliteAttachSupportedViaConfigupdater: return null (satelliteConfig is null)
06-30 14:13:09.519 D/SatelliteController( 1128): getSatellitePerPlmnConfiguration: invalid subId or not supported via carrier.
06-30 14:13:09.519 D/SatelliteController( 1128): getCarrierRoamingNtnConnectType: config: null
06-30 14:13:09.519 D/TelephonyConfigUpdateInstallReceiver( 1128): getConfigParser: domain=satellite
06-30 14:13:09.519 V/SatelliteController( 1128): satelliteConfigParser is not ready
06-30 14:13:09.519 D/SatelliteController( 1128): getCarrierRoamingNtnConnectTypeViaConfigUpdater: return null (satelliteConfig is null)
06-30 14:13:09.519 D/SatelliteController( 1128): getCarrierRoamingNtnConnectType: Falling back to global carrier config connect type: 0
06-30 14:13:09.519 D/TelephonyConfigUpdateInstallReceiver( 1128): getConfigParser: domain=satellite
06-30 14:13:09.519 V/SatelliteController( 1128): satelliteConfigParser is not ready
06-30 14:13:09.519 D/SatelliteController( 1128): isSatelliteAttachSupportedViaConfigupdater: return null (satelliteConfig is null)
06-30 14:13:09.520 D/SatelliteController( 1128): getCarrierRoamingNtnConnectType: Checking connect type from PLMN config for subId: 1
06-30 14:13:09.520 D/TelephonyConfigUpdateInstallReceiver( 1128): getConfigParser: domain=satellite
06-30 14:13:09.520 V/SatelliteController( 1128): satelliteConfigParser is not ready
06-30 14:13:09.520 D/SatelliteController( 1128): isSatelliteAttachSupportedViaConfigupdater: return null (satelliteConfig is null)
06-30 14:13:09.520 D/SatelliteController( 1128): getSatellitePerPlmnConfiguration: invalid subId or not supported via carrier.
06-30 14:13:09.520 D/SatelliteController( 1128): getCarrierRoamingNtnConnectType: config: null
06-30 14:13:09.520 D/TelephonyConfigUpdateInstallReceiver( 1128): getConfigParser: domain=satellite
06-30 14:13:09.520 V/SatelliteController( 1128): satelliteConfigParser is not ready
06-30 14:13:09.520 D/SatelliteController( 1128): getCarrierRoamingNtnConnectTypeViaConfigUpdater: return null (satelliteConfig is null)
06-30 14:13:09.520 D/SatelliteController( 1128): getCarrierRoamingNtnConnectType: Falling back to global carrier config connect type: 0
06-30 14:13:09.520 D/TelephonyConfigUpdateInstallReceiver( 1128): getConfigParser: domain=satellite
06-30 14:13:09.520 V/SatelliteController( 1128): satelliteConfigParser is not ready
06-30 14:13:09.520 D/SatelliteController( 1128): isSatelliteAttachSupportedViaConfigupdater: return null (satelliteConfig is null)
06-30 14:13:10.580 I/adbd    (  539): adbd service requested 'shell,v2,raw:dumpsys package com.google.android.gms'
06-30 14:13:10.714 I/artd    ( 3273): GetBestInfo: odex next to the dex file (/data/app/~~pUpe9D-hsv0lOCLmNQJGyA==/com.google.android.gms-a0e_AySruvvgbDhYG8Z6yQ==/oat/x86_64/base.odex) is kOatUpToDate with filter 'speed-profile' executable 'false'
06-30 14:13:10.715 I/artd    ( 3273): GetBestInfo: dm (/data/app/~~pUpe9D-hsv0lOCLmNQJGyA==/com.google.android.gms-a0e_AySruvvgbDhYG8Z6yQ==/split_AdsDynamite_installtime.dm) is kOatUpToDate with filter 'verify' executable 'false'
06-30 14:13:10.716 I/artd    ( 3273): GetBestInfo: odex next to the dex file (/data/app/~~pUpe9D-hsv0lOCLmNQJGyA==/com.google.android.gms-a0e_AySruvvgbDhYG8Z6yQ==/oat/x86_64/split_CronetDynamite_installtime.odex) is kOatUpToDate with filter 'speed-profile' executable 'false'
06-30 14:13:10.717 I/artd    ( 3273): GetBestInfo: dm (/data/app/~~pUpe9D-hsv0lOCLmNQJGyA==/com.google.android.gms-a0e_AySruvvgbDhYG8Z6yQ==/split_DynamiteLoader_installtime.dm) is kOatUpToDate with filter 'verify' executable 'false'
06-30 14:13:10.718 I/artd    ( 3273): GetBestInfo: dm (/data/app/~~pUpe9D-hsv0lOCLmNQJGyA==/com.google.android.gms-a0e_AySruvvgbDhYG8Z6yQ==/split_DynamiteModulesA_installtime.dm) is kOatUpToDate with filter 'verify' executable 'false'
06-30 14:13:10.720 I/artd    ( 3273): GetBestInfo: dm (/data/app/~~pUpe9D-hsv0lOCLmNQJGyA==/com.google.android.gms-a0e_AySruvvgbDhYG8Z6yQ==/split_DynamiteModulesC_installtime.dm) is kOatUpToDate with filter 'verify' executable 'false'
06-30 14:13:10.721 I/artd    ( 3273): GetBestInfo: dm (/data/app/~~pUpe9D-hsv0lOCLmNQJGyA==/com.google.android.gms-a0e_AySruvvgbDhYG8Z6yQ==/split_GoogleCertificates_installtime.dm) is kOatUpToDate with filter 'verify' executable 'false'
06-30 14:13:10.722 I/artd    ( 3273): GetBestInfo: dm (/data/app/~~pUpe9D-hsv0lOCLmNQJGyA==/com.google.android.gms-a0e_AySruvvgbDhYG8Z6yQ==/split_MapsDynamite_installtime.dm) is kOatUpToDate with filter 'verify' executable 'false'
06-30 14:13:10.723 I/artd    ( 3273): GetBestInfo: dm (/data/app/~~pUpe9D-hsv0lOCLmNQJGyA==/com.google.android.gms-a0e_AySruvvgbDhYG8Z6yQ==/split_MeasurementDynamite_installtime.dm) is kOatUpToDate with filter 'verify' executable 'false'
06-30 14:13:10.724 I/artd    ( 3273): GetBestInfo: /data/user_de/0/com.google.android.gms/app_chimera/m/0000000e/dl-IdentityCredentialsPlatform.optional_262031100800.apk has no usable artifacts
06-30 14:13:10.725 I/artd    ( 3273): GetBestInfo: /data/user_de/0/com.google.android.gms/app_chimera/m/00000001/CronetDynamite.apk has no usable artifacts
06-30 14:13:10.726 I/artd    ( 3273): GetBestInfo: /data/user_de/0/com.google.android.gms/app_chimera/m/00000013/dl-TfliteDynamiteDynamite.integ_252130102100800.apk has no usable artifacts
06-30 14:13:10.727 I/artd    ( 3273): GetBestInfo: /data/user_de/0/com.google.android.gms/app_chimera/m/00000002/DynamiteLoader.apk has no usable artifacts
06-30 14:13:10.728 I/artd    ( 3273): GetBestInfo: /data/user_de/0/com.google.android.gms/app_chimera/m/0000000c/dl-IdentityCredentialsPlatform.optional_261136100800.apk has no usable artifacts
06-30 14:13:10.729 I/artd    ( 3273): GetBestInfo: /data/user_de/0/com.google.android.gms/app_chimera/m/00000005/GoogleCertificates.apk has no usable artifacts
06-30 14:13:10.730 I/artd    ( 3273): GetBestInfo: /data/user_de/0/com.google.android.gms/app_chimera/m/0000000a/dl-TfliteDynamiteDynamite.integ_260580502100800.apk has no usable artifacts
06-30 14:13:10.731 I/artd    ( 3273): GetBestInfo: /data/user_de/0/com.google.android.gms/app_chimera/m/00000016/dl-PlayCloudSearch.optional_262031100000.apk has no usable artifacts
06-30 14:13:10.732 I/artd    ( 3273): GetBestInfo: /data/user_de/0/com.google.android.gms/app_chimera/m/00000014/dl-MlkitOcrCommon.optional_262031100800.apk has no usable artifacts
06-30 14:13:10.733 I/artd    ( 3273): GetBestInfo: /data/user_de/0/com.google.android.gms/app_chimera/m/00000008/dl-VisionOcr.optional_261136100000.apk has no usable artifacts
06-30 14:13:10.735 I/artd    ( 3273): GetBestInfo: /data/user_de/0/com.google.android.gms/app_chimera/m/00000010/dl-Appsearch.optional_262031100800.apk has no usable artifacts
06-30 14:13:10.737 I/artd    ( 3273): GetBestInfo: /data/user_de/0/com.google.android.gms/app_chimera/m/0000000b/dl-Appsearch.optional_261136100800.apk has no usable artifacts
06-30 14:13:10.738 I/artd    ( 3273): GetBestInfo: vdex next to the dex file (/data/user/0/com.google.android.gms/app_dg_cache/9BCBC14EE674B00B958D4B0C5B4BD883630AA39E/oat/x86_64/the.vdex) is kOatUpToDate with filter 'verify' executable 'false'
06-30 14:13:10.740 I/artd    ( 3273): GetBestInfo: /data/user_de/0/com.google.android.gms/app_chimera/m/00000009/dl-MlkitOcrCommon.optional_261136100800.apk has no usable artifacts
06-30 14:13:10.741 I/artd    ( 3273): GetBestInfo: /data/user/0/com.google.android.gms/app_dg_cache/22DA9D7AD8ED7504E0CAC64C41ECDBD7068924E0/the.apk has no usable artifacts
06-30 14:13:10.743 I/artd    ( 3273): GetBestInfo: vdex next to the dex file (/data/user/0/com.google.android.gms/app_dg_cache/FEE57AEA14526BE59FD8AB1365237E7B7A5CE7CB/oat/x86_64/the.vdex) is kOatUpToDate with filter 'verify' executable 'false'
06-30 14:13:10.744 I/artd    ( 3273): GetBestInfo: vdex next to the dex file (/data/user/0/com.google.android.gms/app_dg_cache/1C62BDE86218FBAA50DF06C4A79F5C3FE74B69EC/oat/x86_64/the.vdex) is kOatUpToDate with filter 'verify' executable 'false'
06-30 14:13:10.745 I/artd    ( 3273): GetBestInfo: /data/user_de/0/com.google.android.gms/app_chimera/m/0000000f/dl-VisionOcr.optional_262031100000.apk has no usable artifacts
06-30 14:13:10.746 I/artd    ( 3273): GetBestInfo: /data/user_de/0/com.google.android.gms/app_chimera/m/00000015/dl-MlkitBarcodeUi.optional_262031100800.apk has no usable artifacts
06-30 14:13:10.748 I/artd    ( 3273): GetBestInfo: /data/user_de/0/com.google.android.gms/app_chimera/m/00000007/MeasurementDynamite.apk has no usable artifacts
06-30 14:13:11.595 I/HalDevMgr(  690): bestIfaceCreationProposal is null, requestIface=STA, existingIface=[name=wlan0 type=STA]
06-30 14:13:14.037 I/wpa_supplicant(  961): wlan0: CTRL-EVENT-BEACON-LOSS 
06-30 14:13:14.600 I/HalDevMgr(  690): bestIfaceCreationProposal is null, requestIface=STA, existingIface=[name=wlan0 type=STA]
06-30 14:13:14.631 E/Nl80211Native(  690): getChannelsMhzForBand: Wiphy index not recorded for band 8
06-30 14:13:14.631 E/Nl80211Native(  690): getChannelsMhzForBand: Wiphy index not recorded for band 16
06-30 14:13:14.631 D/Nl80211Native(  690): Ignoring unsupported scan type 2
06-30 14:13:14.631 I/Nl80211Proxy(  690): Sending Nl80211 message: GenericNetlinkMsg{ nlHeader{StructNlMsgHdr{ nlmsg_len{56}, nlmsg_type{30()}, nlmsg_flags{5(NLM_F_REQUEST|NLM_F_ACK)}, nlmsg_seq{249}, nlmsg_pid{0} }}, genNlHeader{StructGenNlMsgHdr{ command{33}, version{1}, reserved{0} }}, attributes{[StructNlAttr{ nla_len{8}, nla_type{-32723}, nla_value{04000000}, }, StructNlAttr{ nla_len{8}, nla_type{3}, nla_value{10000000}, }, StructNlAttr{ nla_len{12}, nla_type{-32724}, nla_value{080000008F090000}, }, StructNlAttr{ nla_len{8}, nla_type{158}, nla_value{00000000}, }]} }
06-30 14:13:14.632 I/Nl80211Proxy(  690): Received NLMSG_ERROR with error 0 for message GenericNetlinkMsg{ nlHeader{StructNlMsgHdr{ nlmsg_len{56}, nlmsg_type{30()}, nlmsg_flags{5(NLM_F_REQUEST|NLM_F_ACK)}, nlmsg_seq{249}, nlmsg_pid{0} }}, genNlHeader{StructGenNlMsgHdr{ command{33}, version{1}, reserved{0} }}, attributes{[StructNlAttr{ nla_len{8}, nla_type{-32723}, nla_value{04000000}, }, StructNlAttr{ nla_len{8}, nla_type{3}, nla_value{10000000}, }, StructNlAttr{ nla_len{12}, nla_type{-32724}, nla_value{080000008F090000}, }, StructNlAttr{ nla_len{8}, nla_type{158}, nla_value{00000000}, }]} }
06-30 14:13:14.675 D/WifiNative(  690): Scan result ready event
06-30 14:13:14.675 I/Nl80211Proxy(  690): Sending Nl80211 message: GenericNetlinkMsg{ nlHeader{StructNlMsgHdr{ nlmsg_len{20}, nlmsg_type{30()}, nlmsg_flags{769(NLM_F_REQUEST|NLM_F_DUMP)}, nlmsg_seq{250}, nlmsg_pid{0} }}, genNlHeader{StructGenNlMsgHdr{ command{5}, version{1}, reserved{0} }}, attributes{[]} }
06-30 14:13:14.675 I/Nl80211Proxy(  690): Received NLMSG_DONE for message GenericNetlinkMsg{ nlHeader{StructNlMsgHdr{ nlmsg_len{20}, nlmsg_type{30()}, nlmsg_flags{769(NLM_F_REQUEST|NLM_F_DUMP)}, nlmsg_seq{250}, nlmsg_pid{0} }}, genNlHeader{StructGenNlMsgHdr{ command{5}, version{1}, reserved{0} }}, attributes{[]} }
06-30 14:13:14.675 W/Nl80211Utils(  690): Malformed NEW_INTERFACE response: missing attributes
06-30 14:13:14.676 I/Nl80211Proxy(  690): Sending Nl80211 message: GenericNetlinkMsg{ nlHeader{StructNlMsgHdr{ nlmsg_len{28}, nlmsg_type{30()}, nlmsg_flags{769(NLM_F_REQUEST|NLM_F_DUMP)}, nlmsg_seq{251}, nlmsg_pid{0} }}, genNlHeader{StructGenNlMsgHdr{ command{32}, version{1}, reserved{0} }}, attributes{[StructNlAttr{ nla_len{8}, nla_type{3}, nla_value{10000000}, }]} }
06-30 14:13:14.676 I/Nl80211Proxy(  690): Received NLMSG_DONE for message GenericNetlinkMsg{ nlHeader{StructNlMsgHdr{ nlmsg_len{28}, nlmsg_type{30()}, nlmsg_flags{769(NLM_F_REQUEST|NLM_F_DUMP)}, nlmsg_seq{251}, nlmsg_pid{0} }}, genNlHeader{StructGenNlMsgHdr{ command{32}, version{1}, reserved{0} }}, attributes{[StructNlAttr{ nla_len{8}, nla_type{3}, nla_value{10000000}, }]} }
06-30 14:13:14.676 I/WifiScanner( 1317): onFullResults
06-30 14:13:14.677 I/WifiScanner( 1317): onFullResults
06-30 14:13:14.678 I/HalDevMgr(  690): bestIfaceCreationProposal is null, requestIface=STA, existingIface=[name=wlan0 type=STA]
06-30 14:13:16.484 D/ActivityManager(  690): freezing 21932 com.aiquota.mobile
06-30 14:13:16.485 D/InetDiagMessage(  690): Destroyed 0 sockets, proto=IPPROTO_TCP, family=AF_INET, states=14
06-30 14:13:16.485 D/InetDiagMessage(  690): Destroyed 0 sockets, proto=IPPROTO_TCP, family=AF_INET6, states=14
06-30 14:13:16.485 D/InetDiagMessage(  690): Destroyed live tcp sockets for uids={10233} in 1ms
06-30 14:13:17.606 I/AdbWifiNetworkMonitor(  690): Wi-Fi network available
06-30 14:13:17.606 I/AdbWifiNetworkMonitor(  690): Received the same Wi-Fi SSID. Ignoring.
06-30 14:13:17.610 D/WM-WorkConstraintsTrack( 3977): NetworkRequestConstraintController onCapabilitiesChanged callback
06-30 14:13:17.610 I/HalDevMgr(  690): bestIfaceCreationProposal is null, requestIface=STA, existingIface=[name=wlan0 type=STA]
06-30 14:13:17.610 W/libbinder.IPCThreadState(  690): Sending oneway calls to frozen process.
06-30 14:13:17.610 W/libbinder.IPCThreadState(  690): Sending oneway calls to frozen process.
06-30 14:13:17.610 D/WM-WorkConstraintsTrack( 2923): NetworkRequestConstraintController onCapabilitiesChanged callback
06-30 14:13:17.611 W/libbinder.IPCThreadState(  690): Sending oneway calls to frozen process.
06-30 14:13:17.611 W/libbinder.IPCThreadState(  690): Sending oneway calls to frozen process.
06-30 14:13:17.611 W/libbinder.IPCThreadState(  690): Sending oneway calls to frozen process.
06-30 14:13:17.611 W/libbinder.IPCThreadState(  690): Sending oneway calls to frozen process.
06-30 14:13:17.613 I/BugleRcsEngine( 3867): handleMessage processing message:[NOTIFY_UPTIME_IGNORE_STATE_CHANGED] with [non-null]:RcsEngineImpl reference [CONTEXT log_prefix="RcsEngineImpl[DUAL_REG]:[390448b9-d26f]>Handler" thread_id=69 ]
06-30 14:13:17.613 I/BugleRcsEngine( 3867): Connected state: [1], networkType: [WIFI] [CONTEXT thread_id=65 ]
06-30 14:13:17.613 I/NearbyMediums( 1317): Wifi changed new SSID: "AndroidWifi"
06-30 14:13:17.613 I/NearbyMediums( 1317): WifiLanConnectivityInfo is not changed, skip notify.
06-30 14:13:17.614 D/ConnectivityService(  690): NetReassign [no changes] [c 0] [a 1] [i 1]
06-30 14:13:17.616 I/NullBinder( 1317): NullBinder for android.net.action.RECOMMEND_NETWORKS triggering remote TransactionTooLargeException due to Service without Chimera impl, calling uid: 1000, calling pid: 0
06-30 14:13:17.616 W/libbinder.Binder( 1317): Large reply transaction of 1056768 bytes, interface descriptor , function: UNKNOWN_FUNCTION_NAME, code: 1, flags: 17
06-30 14:13:17.617 I/BugleRcsEngine( 3867): No RCS Configuration was found in Bugle for simID: redacted-pii:sim_id[chars:20,last3:897] [CONTEXT log_prefix="ProvisioningEngineDataRetriever" thread_id=69 ]
06-30 14:13:18.112 I/NearbySharing( 1317): Network state changed: NetworkState(isRestricted=false, isOnline=true, isCongested=false, isMetered=false, isWifiConnected=true)
06-30 14:13:19.348 E/hmly    ( 1317): Got more than one input Future failure. Logging failures after the first
06-30 14:13:19.348 E/hmly    ( 1317): java.io.IOException: Unable to create parent directories of /data/user/0/com.google.android.gms/files/mobstore_salt.pb.lock
06-30 14:13:19.348 E/hmly    ( 1317): 	at hhkm.c(:com.google.android.gms@262031038@26.20.31 (260800-919905943):37)
06-30 14:13:19.348 E/hmly    ( 1317): 	at gons.e(:com.google.android.gms@262031038@26.20.31 (260800-919905943):5)
06-30 14:13:19.348 E/hmly    ( 1317): 	at goqk.a(:com.google.android.gms@262031038@26.20.31 (260800-919905943):198)
06-30 14:13:19.348 E/hmly    ( 1317): 	at gomy.d(:com.google.android.gms@262031038@26.20.31 (260800-919905943):5)
06-30 14:13:19.348 E/hmly    ( 1317): 	at gosk.a(:com.google.android.gms@262031038@26.20.31 (260800-919905943):28)
06-30 14:13:19.348 E/hmly    ( 1317): 	at hdmz.a(:com.google.android.gms@262031038@26.20.31 (260800-919905943):17)
06-30 14:13:19.348 E/hmly    ( 1317): 	at hmnp.a(:com.google.android.gms@262031038@26.20.31 (260800-919905943):20)
06-30 14:13:19.348 E/hmly    ( 1317): 	at hmpt.a(:com.google.android.gms@262031038@26.20.31 (260800-919905943):3)
06-30 14:13:19.348 E/hmly    ( 1317): 	at hmou.run(:com.google.android.gms@262031038@26.20.31 (260800-919905943):19)
06-30 14:13:19.348 E/hmly    ( 1317): 	at hmpv.run(:com.google.android.gms@262031038@26.20.31 (260800-919905943):5)
06-30 14:13:19.348 E/hmly    ( 1317): 	at hmnr.run(:com.google.android.gms@262031038@26.20.31 (260800-919905943):20)
06-30 14:13:19.348 E/hmly    ( 1317): 	at java.util.concurrent.ThreadPoolExecutor.runWorker(ThreadPoolExecutor.java:1100)
06-30 14:13:19.348 E/hmly    ( 1317): 	at java.util.concurrent.ThreadPoolExecutor$Worker.run(ThreadPoolExecutor.java:624)
06-30 14:13:19.348 E/hmly    ( 1317): 	at java.lang.Thread.run(Thread.java:1572)
06-30 14:13:19.519 D/SatelliteController( 1128): isInCarrierRoamingNbIotNtn: satellite is disabled
06-30 14:13:19.519 D/SatelliteController( 1128): getCarrierRoamingNtnConnectType: Checking connect type from PLMN config for subId: 1
06-30 14:13:19.519 D/TelephonyConfigUpdateInstallReceiver( 1128): getConfigParser: domain=satellite
06-30 14:13:19.519 V/SatelliteController( 1128): satelliteConfigParser is not ready
06-30 14:13:19.519 D/SatelliteController( 1128): isSatelliteAttachSupportedViaConfigupdater: return null (satelliteConfig is null)
06-30 14:13:19.519 D/SatelliteController( 1128): getSatellitePerPlmnConfiguration: invalid subId or not supported via carrier.
06-30 14:13:19.519 D/SatelliteController( 1128): getCarrierRoamingNtnConnectType: config: null
06-30 14:13:19.519 D/TelephonyConfigUpdateInstallReceiver( 1128): getConfigParser: domain=satellite
06-30 14:13:19.519 V/SatelliteController( 1128): satelliteConfigParser is not ready
06-30 14:13:19.519 D/SatelliteController( 1128): getCarrierRoamingNtnConnectTypeViaConfigUpdater: return null (satelliteConfig is null)
06-30 14:13:19.520 D/SatelliteController( 1128): getCarrierRoamingNtnConnectType: Falling back to global carrier config connect type: 0
06-30 14:13:19.520 D/TelephonyConfigUpdateInstallReceiver( 1128): getConfigParser: domain=satellite
06-30 14:13:19.520 V/SatelliteController( 1128): satelliteConfigParser is not ready
06-30 14:13:19.520 D/SatelliteController( 1128): isSatelliteAttachSupportedViaConfigupdater: return null (satelliteConfig is null)
06-30 14:13:19.520 D/SatelliteController( 1128): getCarrierRoamingNtnConnectType: Checking connect type from PLMN config for subId: 1
06-30 14:13:19.520 D/TelephonyConfigUpdateInstallReceiver( 1128): getConfigParser: domain=satellite
06-30 14:13:19.520 V/SatelliteController( 1128): satelliteConfigParser is not ready
06-30 14:13:19.520 D/SatelliteController( 1128): isSatelliteAttachSupportedViaConfigupdater: return null (satelliteConfig is null)
06-30 14:13:19.520 D/SatelliteController( 1128): getSatellitePerPlmnConfiguration: invalid subId or not supported via carrier.
06-30 14:13:19.520 D/SatelliteController( 1128): getCarrierRoamingNtnConnectType: config: null
06-30 14:13:19.520 D/TelephonyConfigUpdateInstallReceiver( 1128): getConfigParser: domain=satellite
06-30 14:13:19.520 V/SatelliteController( 1128): satelliteConfigParser is not ready
06-30 14:13:19.520 D/SatelliteController( 1128): getCarrierRoamingNtnConnectTypeViaConfigUpdater: return null (satelliteConfig is null)
06-30 14:13:19.520 D/SatelliteController( 1128): getCarrierRoamingNtnConnectType: Falling back to global carrier config connect type: 0
06-30 14:13:19.520 D/TelephonyConfigUpdateInstallReceiver( 1128): getConfigParser: domain=satellite
06-30 14:13:19.520 V/SatelliteController( 1128): satelliteConfigParser is not ready
06-30 14:13:19.520 D/SatelliteController( 1128): isSatelliteAttachSupportedViaConfigupdater: return null (satelliteConfig is null)
06-30 14:13:19.763 I/AppSearchIcing(  690): icing-search-engine.cc:2487: Persisting data to disk with mode 3
06-30 14:13:19.768 I/AppSearchIcing(  690): icing-search-engine.cc:2502: PersistToDisk completed.
06-30 14:13:20.579 I/adbd    (  539): adbd service requested 'shell,v2,raw:dumpsys package com.google.android.gms'
06-30 14:13:20.623 I/HalDevMgr(  690): bestIfaceCreationProposal is null, requestIface=STA, existingIface=[name=wlan0 type=STA]
06-30 14:13:20.698 I/artd    ( 3273): GetBestInfo: odex next to the dex file (/data/app/~~pUpe9D-hsv0lOCLmNQJGyA==/com.google.android.gms-a0e_AySruvvgbDhYG8Z6yQ==/oat/x86_64/base.odex) is kOatUpToDate with filter 'speed-profile' executable 'false'
06-30 14:13:20.699 I/artd    ( 3273): GetBestInfo: dm (/data/app/~~pUpe9D-hsv0lOCLmNQJGyA==/com.google.android.gms-a0e_AySruvvgbDhYG8Z6yQ==/split_AdsDynamite_installtime.dm) is kOatUpToDate with filter 'verify' executable 'false'
06-30 14:13:20.700 I/artd    ( 3273): GetBestInfo: odex next to the dex file (/data/app/~~pUpe9D-hsv0lOCLmNQJGyA==/com.google.android.gms-a0e_AySruvvgbDhYG8Z6yQ==/oat/x86_64/split_CronetDynamite_installtime.odex) is kOatUpToDate with filter 'speed-profile' executable 'false'
06-30 14:13:20.701 I/artd    ( 3273): GetBestInfo: dm (/data/app/~~pUpe9D-hsv0lOCLmNQJGyA==/com.google.android.gms-a0e_AySruvvgbDhYG8Z6yQ==/split_DynamiteLoader_installtime.dm) is kOatUpToDate with filter 'verify' executable 'false'
06-30 14:13:20.703 I/artd    ( 3273): GetBestInfo: dm (/data/app/~~pUpe9D-hsv0lOCLmNQJGyA==/com.google.android.gms-a0e_AySruvvgbDhYG8Z6yQ==/split_DynamiteModulesA_installtime.dm) is kOatUpToDate with filter 'verify' executable 'false'
06-30 14:13:20.704 I/artd    ( 3273): GetBestInfo: dm (/data/app/~~pUpe9D-hsv0lOCLmNQJGyA==/com.google.android.gms-a0e_AySruvvgbDhYG8Z6yQ==/split_DynamiteModulesC_installtime.dm) is kOatUpToDate with filter 'verify' executable 'false'
06-30 14:13:20.705 I/artd    ( 3273): GetBestInfo: dm (/data/app/~~pUpe9D-hsv0lOCLmNQJGyA==/com.google.android.gms-a0e_AySruvvgbDhYG8Z6yQ==/split_GoogleCertificates_installtime.dm) is kOatUpToDate with filter 'verify' executable 'false'
06-30 14:13:20.707 I/artd    ( 3273): GetBestInfo: dm (/data/app/~~pUpe9D-hsv0lOCLmNQJGyA==/com.google.android.gms-a0e_AySruvvgbDhYG8Z6yQ==/split_MapsDynamite_installtime.dm) is kOatUpToDate with filter 'verify' executable 'false'
06-30 14:13:20.708 I/artd    ( 3273): GetBestInfo: dm (/data/app/~~pUpe9D-hsv0lOCLmNQJGyA==/com.google.android.gms-a0e_AySruvvgbDhYG8Z6yQ==/split_MeasurementDynamite_installtime.dm) is kOatUpToDate with filter 'verify' executable 'false'
06-30 14:13:20.709 I/artd    ( 3273): GetBestInfo: /data/user_de/0/com.google.android.gms/app_chimera/m/0000000e/dl-IdentityCredentialsPlatform.optional_262031100800.apk has no usable artifacts
06-30 14:13:20.710 I/artd    ( 3273): GetBestInfo: /data/user_de/0/com.google.android.gms/app_chimera/m/00000001/CronetDynamite.apk has no usable artifacts
06-30 14:13:20.711 I/artd    ( 3273): GetBestInfo: /data/user_de/0/com.google.android.gms/app_chimera/m/00000013/dl-TfliteDynamiteDynamite.integ_252130102100800.apk has no usable artifacts
06-30 14:13:20.712 I/artd    ( 3273): GetBestInfo: /data/user_de/0/com.google.android.gms/app_chimera/m/00000002/DynamiteLoader.apk has no usable artifacts
06-30 14:13:20.713 I/artd    ( 3273): GetBestInfo: /data/user_de/0/com.google.android.gms/app_chimera/m/0000000c/dl-IdentityCredentialsPlatform.optional_261136100800.apk has no usable artifacts
06-30 14:13:20.714 I/artd    ( 3273): GetBestInfo: /data/user_de/0/com.google.android.gms/app_chimera/m/00000005/GoogleCertificates.apk has no usable artifacts
06-30 14:13:20.715 I/artd    ( 3273): GetBestInfo: /data/user_de/0/com.google.android.gms/app_chimera/m/0000000a/dl-TfliteDynamiteDynamite.integ_260580502100800.apk has no usable artifacts
06-30 14:13:20.716 I/artd    ( 3273): GetBestInfo: /data/user_de/0/com.google.android.gms/app_chimera/m/00000016/dl-PlayCloudSearch.optional_262031100000.apk has no usable artifacts
06-30 14:13:20.717 I/artd    ( 3273): GetBestInfo: /data/user_de/0/com.google.android.gms/app_chimera/m/00000014/dl-MlkitOcrCommon.optional_262031100800.apk has no usable artifacts
06-30 14:13:20.719 I/artd    ( 3273): GetBestInfo: /data/user_de/0/com.google.android.gms/app_chimera/m/00000008/dl-VisionOcr.optional_261136100000.apk has no usable artifacts
06-30 14:13:20.720 I/artd    ( 3273): GetBestInfo: /data/user_de/0/com.google.android.gms/app_chimera/m/00000010/dl-Appsearch.optional_262031100800.apk has no usable artifacts
06-30 14:13:20.721 I/artd    ( 3273): GetBestInfo: /data/user_de/0/com.google.android.gms/app_chimera/m/0000000b/dl-Appsearch.optional_261136100800.apk has no usable artifacts
06-30 14:13:20.722 I/artd    ( 3273): GetBestInfo: vdex next to the dex file (/data/user/0/com.google.android.gms/app_dg_cache/9BCBC14EE674B00B958D4B0C5B4BD883630AA39E/oat/x86_64/the.vdex) is kOatUpToDate with filter 'verify' executable 'false'
06-30 14:13:20.723 I/artd    ( 3273): GetBestInfo: /data/user_de/0/com.google.android.gms/app_chimera/m/00000009/dl-MlkitOcrCommon.optional_261136100800.apk has no usable artifacts
06-30 14:13:20.724 I/artd    ( 3273): GetBestInfo: /data/user/0/com.google.android.gms/app_dg_cache/22DA9D7AD8ED7504E0CAC64C41ECDBD7068924E0/the.apk has no usable artifacts
06-30 14:13:20.726 I/artd    ( 3273): GetBestInfo: vdex next to the dex file (/data/user/0/com.google.android.gms/app_dg_cache/FEE57AEA14526BE59FD8AB1365237E7B7A5CE7CB/oat/x86_64/the.vdex) is kOatUpToDate with filter 'verify' executable 'false'
06-30 14:13:20.727 I/artd    ( 3273): GetBestInfo: vdex next to the dex file (/data/user/0/com.google.android.gms/app_dg_cache/1C62BDE86218FBAA50DF06C4A79F5C3FE74B69EC/oat/x86_64/the.vdex) is kOatUpToDate with filter 'verify' executable 'false'
06-30 14:13:20.728 I/artd    ( 3273): GetBestInfo: /data/user_de/0/com.google.android.gms/app_chimera/m/0000000f/dl-VisionOcr.optional_262031100000.apk has no usable artifacts
06-30 14:13:20.729 I/artd    ( 3273): GetBestInfo: /data/user_de/0/com.google.android.gms/app_chimera/m/00000015/dl-MlkitBarcodeUi.optional_262031100800.apk has no usable artifacts
06-30 14:13:20.730 I/artd    ( 3273): GetBestInfo: /data/user_de/0/com.google.android.gms/app_chimera/m/00000007/MeasurementDynamite.apk has no usable artifacts
06-30 14:13:21.975 I/wpa_supplicant(  961): wlan0: CTRL-EVENT-BEACON-LOSS 
06-30 14:13:23.630 I/AdbWifiNetworkMonitor(  690): Wi-Fi network available
06-30 14:13:23.630 I/AdbWifiNetworkMonitor(  690): Received the same Wi-Fi SSID. Ignoring.
06-30 14:13:23.633 I/HalDevMgr(  690): bestIfaceCreationProposal is null, requestIface=STA, existingIface=[name=wlan0 type=STA]
06-30 14:13:23.634 D/WM-WorkConstraintsTrack( 2923): NetworkRequestConstraintController onCapabilitiesChanged callback
06-30 14:13:23.635 D/WM-WorkConstraintsTrack( 3977): NetworkRequestConstraintController onCapabilitiesChanged callback
06-30 14:13:23.636 W/libbinder.IPCThreadState(  690): Sending oneway calls to frozen process.
06-30 14:13:23.636 W/libbinder.IPCThreadState(  690): Sending oneway calls to frozen process.
06-30 14:13:23.636 I/NullBinder( 1317): NullBinder for android.net.action.RECOMMEND_NETWORKS triggering remote TransactionTooLargeException due to Service without Chimera impl, calling uid: 1000, calling pid: 0
06-30 14:13:23.637 W/libbinder.IPCThreadState(  690): Sending oneway calls to frozen process.
06-30 14:13:23.637 W/libbinder.Binder( 1317): Large reply transaction of 1056768 bytes, interface descriptor , function: UNKNOWN_FUNCTION_NAME, code: 1, flags: 17
06-30 14:13:23.637 W/libbinder.IPCThreadState(  690): Sending oneway calls to frozen process.
06-30 14:13:23.637 W/libbinder.IPCThreadState(  690): Sending oneway calls to frozen process.
06-30 14:13:23.637 W/libbinder.IPCThreadState(  690): Sending oneway calls to frozen process.
06-30 14:13:23.638 I/BugleRcsEngine( 3867): Connected state: [1], networkType: [WIFI] [CONTEXT thread_id=65 ]
06-30 14:13:23.638 I/BugleRcsEngine( 3867): handleMessage processing message:[NOTIFY_UPTIME_IGNORE_STATE_CHANGED] with [non-null]:RcsEngineImpl reference [CONTEXT log_prefix="RcsEngineImpl[DUAL_REG]:[390448b9-d26f]>Handler" thread_id=69 ]
06-30 14:13:23.639 D/ConnectivityService(  690): NetReassign [no changes] [c 1] [a 0] [i 1]
06-30 14:13:23.640 I/NearbyMediums( 1317): Wifi changed new SSID: "AndroidWifi"
06-30 14:13:23.640 I/NearbyMediums( 1317): WifiLanConnectivityInfo is not changed, skip notify.
06-30 14:13:23.643 I/BugleRcsEngine( 3867): No RCS Configuration was found in Bugle for simID: redacted-pii:sim_id[chars:20,last3:897] [CONTEXT log_prefix="ProvisioningEngineDataRetriever" thread_id=69 ]
06-30 14:13:24.139 I/NearbySharing( 1317): Network state changed: NetworkState(isRestricted=false, isOnline=true, isCongested=false, isMetered=false, isWifiConnected=true)
06-30 14:13:26.640 I/HalDevMgr(  690): bestIfaceCreationProposal is null, requestIface=STA, existingIface=[name=wlan0 type=STA]
06-30 14:13:27.963 D/ControlsListingControllerImpl(  981): Subscribing callback, service count: 0
06-30 14:13:27.964 D/ControlsListingControllerImpl(  981): Unsubscribing callback
06-30 14:13:28.320 I/QuickAccessWalletTile(  981): QAW service is unavailable, recreating the wallet client.
06-30 14:13:29.519 D/SatelliteController( 1128): isInCarrierRoamingNbIotNtn: satellite is disabled
06-30 14:13:29.519 D/SatelliteController( 1128): getCarrierRoamingNtnConnectType: Checking connect type from PLMN config for subId: 1
06-30 14:13:29.519 D/TelephonyConfigUpdateInstallReceiver( 1128): getConfigParser: domain=satellite
06-30 14:13:29.519 V/SatelliteController( 1128): satelliteConfigParser is not ready
06-30 14:13:29.519 D/SatelliteController( 1128): isSatelliteAttachSupportedViaConfigupdater: return null (satelliteConfig is null)
06-30 14:13:29.519 D/SatelliteController( 1128): getSatellitePerPlmnConfiguration: invalid subId or not supported via carrier.
06-30 14:13:29.519 D/SatelliteController( 1128): getCarrierRoamingNtnConnectType: config: null
06-30 14:13:29.519 D/TelephonyConfigUpdateInstallReceiver( 1128): getConfigParser: domain=satellite
06-30 14:13:29.519 V/SatelliteController( 1128): satelliteConfigParser is not ready
06-30 14:13:29.519 D/SatelliteController( 1128): getCarrierRoamingNtnConnectTypeViaConfigUpdater: return null (satelliteConfig is null)
06-30 14:13:29.520 D/SatelliteController( 1128): getCarrierRoamingNtnConnectType: Falling back to global carrier config connect type: 0
06-30 14:13:29.520 D/TelephonyConfigUpdateInstallReceiver( 1128): getConfigParser: domain=satellite
06-30 14:13:29.520 V/SatelliteController( 1128): satelliteConfigParser is not ready
06-30 14:13:29.520 D/SatelliteController( 1128): isSatelliteAttachSupportedViaConfigupdater: return null (satelliteConfig is null)
06-30 14:13:29.520 D/SatelliteController( 1128): getCarrierRoamingNtnConnectType: Checking connect type from PLMN config for subId: 1
06-30 14:13:29.520 D/TelephonyConfigUpdateInstallReceiver( 1128): getConfigParser: domain=satellite
06-30 14:13:29.520 V/SatelliteController( 1128): satelliteConfigParser is not ready
06-30 14:13:29.520 D/SatelliteController( 1128): isSatelliteAttachSupportedViaConfigupdater: return null (satelliteConfig is null)
06-30 14:13:29.520 D/SatelliteController( 1128): getSatellitePerPlmnConfiguration: invalid subId or not supported via carrier.
06-30 14:13:29.520 D/SatelliteController( 1128): getCarrierRoamingNtnConnectType: config: null
06-30 14:13:29.520 D/TelephonyConfigUpdateInstallReceiver( 1128): getConfigParser: domain=satellite
06-30 14:13:29.520 V/SatelliteController( 1128): satelliteConfigParser is not ready
06-30 14:13:29.520 D/SatelliteController( 1128): getCarrierRoamingNtnConnectTypeViaConfigUpdater: return null (satelliteConfig is null)
06-30 14:13:29.521 D/SatelliteController( 1128): getCarrierRoamingNtnConnectType: Falling back to global carrier config connect type: 0
06-30 14:13:29.521 D/TelephonyConfigUpdateInstallReceiver( 1128): getConfigParser: domain=satellite
06-30 14:13:29.521 V/SatelliteController( 1128): satelliteConfigParser is not ready
06-30 14:13:29.521 D/SatelliteController( 1128): isSatelliteAttachSupportedViaConfigupdater: return null (satelliteConfig is null)
06-30 14:13:29.557 W/skia    (  527): AGTM parsing failed flags.readFromStream(s) at 159
06-30 14:13:29.557 W/skia    (  527): AGTM parsing failed flags.readFromStream(s) at 159
06-30 14:13:29.647 I/HalDevMgr(  690): bestIfaceCreationProposal is null, requestIface=STA, existingIface=[name=wlan0 type=STA]
06-30 14:13:29.910 I/wpa_supplicant(  961): wlan0: CTRL-EVENT-BEACON-LOSS 
06-30 14:13:30.595 I/adbd    (  539): adbd service requested 'shell,v2,raw:dumpsys package com.google.android.gms'
06-30 14:13:30.718 I/artd    ( 3273): GetBestInfo: odex next to the dex file (/data/app/~~pUpe9D-hsv0lOCLmNQJGyA==/com.google.android.gms-a0e_AySruvvgbDhYG8Z6yQ==/oat/x86_64/base.odex) is kOatUpToDate with filter 'speed-profile' executable 'false'
06-30 14:13:30.719 I/artd    ( 3273): GetBestInfo: dm (/data/app/~~pUpe9D-hsv0lOCLmNQJGyA==/com.google.android.gms-a0e_AySruvvgbDhYG8Z6yQ==/split_AdsDynamite_installtime.dm) is kOatUpToDate with filter 'verify' executable 'false'
06-30 14:13:30.721 I/artd    ( 3273): GetBestInfo: odex next to the dex file (/data/app/~~pUpe9D-hsv0lOCLmNQJGyA==/com.google.android.gms-a0e_AySruvvgbDhYG8Z6yQ==/oat/x86_64/split_CronetDynamite_installtime.odex) is kOatUpToDate with filter 'speed-profile' executable 'false'
06-30 14:13:30.722 I/artd    ( 3273): GetBestInfo: dm (/data/app/~~pUpe9D-hsv0lOCLmNQJGyA==/com.google.android.gms-a0e_AySruvvgbDhYG8Z6yQ==/split_DynamiteLoader_installtime.dm) is kOatUpToDate with filter 'verify' executable 'false'
06-30 14:13:30.723 I/artd    ( 3273): GetBestInfo: dm (/data/app/~~pUpe9D-hsv0lOCLmNQJGyA==/com.google.android.gms-a0e_AySruvvgbDhYG8Z6yQ==/split_DynamiteModulesA_installtime.dm) is kOatUpToDate with filter 'verify' executable 'false'
06-30 14:13:30.725 I/artd    ( 3273): GetBestInfo: dm (/data/app/~~pUpe9D-hsv0lOCLmNQJGyA==/com.google.android.gms-a0e_AySruvvgbDhYG8Z6yQ==/split_DynamiteModulesC_installtime.dm) is kOatUpToDate with filter 'verify' executable 'false'
06-30 14:13:30.727 I/artd    ( 3273): GetBestInfo: dm (/data/app/~~pUpe9D-hsv0lOCLmNQJGyA==/com.google.android.gms-a0e_AySruvvgbDhYG8Z6yQ==/split_GoogleCertificates_installtime.dm) is kOatUpToDate with filter 'verify' executable 'false'
06-30 14:13:30.728 I/artd    ( 3273): GetBestInfo: dm (/data/app/~~pUpe9D-hsv0lOCLmNQJGyA==/com.google.android.gms-a0e_AySruvvgbDhYG8Z6yQ==/split_MapsDynamite_installtime.dm) is kOatUpToDate with filter 'verify' executable 'false'
06-30 14:13:30.729 I/artd    ( 3273): GetBestInfo: dm (/data/app/~~pUpe9D-hsv0lOCLmNQJGyA==/com.google.android.gms-a0e_AySruvvgbDhYG8Z6yQ==/split_MeasurementDynamite_installtime.dm) is kOatUpToDate with filter 'verify' executable 'false'
06-30 14:13:30.730 I/artd    ( 3273): GetBestInfo: /data/user_de/0/com.google.android.gms/app_chimera/m/0000000e/dl-IdentityCredentialsPlatform.optional_262031100800.apk has no usable artifacts
06-30 14:13:30.731 I/artd    ( 3273): GetBestInfo: /data/user_de/0/com.google.android.gms/app_chimera/m/00000001/CronetDynamite.apk has no usable artifacts
06-30 14:13:30.732 I/artd    ( 3273): GetBestInfo: /data/user_de/0/com.google.android.gms/app_chimera/m/00000013/dl-TfliteDynamiteDynamite.integ_252130102100800.apk has no usable artifacts
06-30 14:13:30.732 I/artd    ( 3273): GetBestInfo: /data/user_de/0/com.google.android.gms/app_chimera/m/00000002/DynamiteLoader.apk has no usable artifacts
06-30 14:13:30.734 I/artd    ( 3273): GetBestInfo: /data/user_de/0/com.google.android.gms/app_chimera/m/0000000c/dl-IdentityCredentialsPlatform.optional_261136100800.apk has no usable artifacts
06-30 14:13:30.734 I/artd    ( 3273): GetBestInfo: /data/user_de/0/com.google.android.gms/app_chimera/m/00000005/GoogleCertificates.apk has no usable artifacts
06-30 14:13:30.736 I/artd    ( 3273): GetBestInfo: /data/user_de/0/com.google.android.gms/app_chimera/m/0000000a/dl-TfliteDynamiteDynamite.integ_260580502100800.apk has no usable artifacts
06-30 14:13:30.737 I/artd    ( 3273): GetBestInfo: /data/user_de/0/com.google.android.gms/app_chimera/m/00000016/dl-PlayCloudSearch.optional_262031100000.apk has no usable artifacts
06-30 14:13:30.738 I/artd    ( 3273): GetBestInfo: /data/user_de/0/com.google.android.gms/app_chimera/m/00000014/dl-MlkitOcrCommon.optional_262031100800.apk has no usable artifacts
06-30 14:13:30.741 I/artd    ( 3273): GetBestInfo: /data/user_de/0/com.google.android.gms/app_chimera/m/00000008/dl-VisionOcr.optional_261136100000.apk has no usable artifacts
06-30 14:13:30.743 I/artd    ( 3273): GetBestInfo: /data/user_de/0/com.google.android.gms/app_chimera/m/00000010/dl-Appsearch.optional_262031100800.apk has no usable artifacts
06-30 14:13:30.744 I/artd    ( 3273): GetBestInfo: /data/user_de/0/com.google.android.gms/app_chimera/m/0000000b/dl-Appsearch.optional_261136100800.apk has no usable artifacts
06-30 14:13:30.746 I/artd    ( 3273): GetBestInfo: vdex next to the dex file (/data/user/0/com.google.android.gms/app_dg_cache/9BCBC14EE674B00B958D4B0C5B4BD883630AA39E/oat/x86_64/the.vdex) is kOatUpToDate with filter 'verify' executable 'false'
06-30 14:13:30.747 I/artd    ( 3273): GetBestInfo: /data/user_de/0/com.google.android.gms/app_chimera/m/00000009/dl-MlkitOcrCommon.optional_261136100800.apk has no usable artifacts
06-30 14:13:30.748 I/artd    ( 3273): GetBestInfo: /data/user/0/com.google.android.gms/app_dg_cache/22DA9D7AD8ED7504E0CAC64C41ECDBD7068924E0/the.apk has no usable artifacts
06-30 14:13:30.749 I/artd    ( 3273): GetBestInfo: vdex next to the dex file (/data/user/0/com.google.android.gms/app_dg_cache/FEE57AEA14526BE59FD8AB1365237E7B7A5CE7CB/oat/x86_64/the.vdex) is kOatUpToDate with filter 'verify' executable 'false'
06-30 14:13:30.751 I/artd    ( 3273): GetBestInfo: vdex next to the dex file (/data/user/0/com.google.android.gms/app_dg_cache/1C62BDE86218FBAA50DF06C4A79F5C3FE74B69EC/oat/x86_64/the.vdex) is kOatUpToDate with filter 'verify' executable 'false'
06-30 14:13:30.752 I/artd    ( 3273): GetBestInfo: /data/user_de/0/com.google.android.gms/app_chimera/m/0000000f/dl-VisionOcr.optional_262031100000.apk has no usable artifacts
06-30 14:13:30.753 I/artd    ( 3273): GetBestInfo: /data/user_de/0/com.google.android.gms/app_chimera/m/00000015/dl-MlkitBarcodeUi.optional_262031100800.apk has no usable artifacts
06-30 14:13:30.754 I/artd    ( 3273): GetBestInfo: /data/user_de/0/com.google.android.gms/app_chimera/m/00000007/MeasurementDynamite.apk has no usable artifacts
06-30 14:13:32.652 I/AdbWifiNetworkMonitor(  690): Wi-Fi network available
06-30 14:13:32.652 I/AdbWifiNetworkMonitor(  690): Received the same Wi-Fi SSID. Ignoring.
06-30 14:13:32.655 D/WM-WorkConstraintsTrack( 2923): NetworkRequestConstraintController onCapabilitiesChanged callback
06-30 14:13:32.655 D/WM-WorkConstraintsTrack( 3977): NetworkRequestConstraintController onCapabilitiesChanged callback
06-30 14:13:32.657 I/BugleRcsEngine( 3867): handleMessage processing message:[NOTIFY_UPTIME_IGNORE_STATE_CHANGED] with [non-null]:RcsEngineImpl reference [CONTEXT log_prefix="RcsEngineImpl[DUAL_REG]:[390448b9-d26f]>Handler" thread_id=69 ]
06-30 14:13:32.657 I/BugleRcsEngine( 3867): Connected state: [1], networkType: [WIFI] [CONTEXT thread_id=65 ]
06-30 14:13:32.656 W/libbinder.IPCThreadState(  690): Sending oneway calls to frozen process.
06-30 14:13:32.657 W/libbinder.IPCThreadState(  690): Sending oneway calls to frozen process.
06-30 14:13:32.657 I/HalDevMgr(  690): bestIfaceCreationProposal is null, requestIface=STA, existingIface=[name=wlan0 type=STA]
06-30 14:13:32.658 W/libbinder.IPCThreadState(  690): Sending oneway calls to frozen process.
06-30 14:13:32.659 W/libbinder.IPCThreadState(  690): Sending oneway calls to frozen process.
06-30 14:13:32.659 W/libbinder.IPCThreadState(  690): Sending oneway calls to frozen process.
06-30 14:13:32.659 W/libbinder.IPCThreadState(  690): Sending oneway calls to frozen process.
06-30 14:13:32.659 I/NullBinder( 1317): NullBinder for android.net.action.RECOMMEND_NETWORKS triggering remote TransactionTooLargeException due to Service without Chimera impl, calling uid: 1000, calling pid: 0
06-30 14:13:32.659 W/libbinder.Binder( 1317): Large reply transaction of 1056768 bytes, interface descriptor , function: UNKNOWN_FUNCTION_NAME, code: 1, flags: 17
06-30 14:13:32.660 D/ConnectivityService(  690): NetReassign [no changes] [c 0] [a 1] [i 0]
06-30 14:13:32.660 I/NearbyMediums( 1317): Wifi changed new SSID: "AndroidWifi"
06-30 14:13:32.660 I/NearbyMediums( 1317): WifiLanConnectivityInfo is not changed, skip notify.
06-30 14:13:32.663 I/BugleRcsEngine( 3867): No RCS Configuration was found in Bugle for simID: redacted-pii:sim_id[chars:20,last3:897] [CONTEXT log_prefix="ProvisioningEngineDataRetriever" thread_id=69 ]
06-30 14:13:33.161 I/NearbySharing( 1317): Network state changed: NetworkState(isRestricted=false, isOnline=true, isCongested=false, isMetered=false, isWifiConnected=true)
06-30 14:13:35.664 I/HalDevMgr(  690): bestIfaceCreationProposal is null, requestIface=STA, existingIface=[name=wlan0 type=STA]
06-30 14:13:38.102 I/wpa_supplicant(  961): wlan0: CTRL-EVENT-BEACON-LOSS 
06-30 14:13:38.667 I/AdbWifiNetworkMonitor(  690): Wi-Fi network available
06-30 14:13:38.667 I/AdbWifiNetworkMonitor(  690): Received the same Wi-Fi SSID. Ignoring.
06-30 14:13:38.670 I/HalDevMgr(  690): bestIfaceCreationProposal is null, requestIface=STA, existingIface=[name=wlan0 type=STA]
06-30 14:13:38.671 D/WM-WorkConstraintsTrack( 2923): NetworkRequestConstraintController onCapabilitiesChanged callback
06-30 14:13:38.672 D/WM-WorkConstraintsTrack( 3977): NetworkRequestConstraintController onCapabilitiesChanged callback
06-30 14:13:38.672 I/BugleRcsEngine( 3867): Connected state: [1], networkType: [WIFI] [CONTEXT thread_id=65 ]
06-30 14:13:38.673 I/BugleRcsEngine( 3867): handleMessage processing message:[NOTIFY_UPTIME_IGNORE_STATE_CHANGED] with [non-null]:RcsEngineImpl reference [CONTEXT log_prefix="RcsEngineImpl[DUAL_REG]:[390448b9-d26f]>Handler" thread_id=69 ]
06-30 14:13:38.673 W/libbinder.IPCThreadState(  690): Sending oneway calls to frozen process.
06-30 14:13:38.673 W/libbinder.IPCThreadState(  690): Sending oneway calls to frozen process.
06-30 14:13:38.673 W/libbinder.IPCThreadState(  690): Sending oneway calls to frozen process.
06-30 14:13:38.673 W/libbinder.IPCThreadState(  690): Sending oneway calls to frozen process.
06-30 14:13:38.673 W/libbinder.IPCThreadState(  690): Sending oneway calls to frozen process.
06-30 14:13:38.673 W/libbinder.IPCThreadState(  690): Sending oneway calls to frozen process.
06-30 14:13:38.675 D/ConnectivityService(  690): NetReassign [no changes] [c 0] [a 1] [i 0]
06-30 14:13:38.675 I/NearbyMediums( 1317): Wifi changed new SSID: "AndroidWifi"
06-30 14:13:38.676 I/NearbyMediums( 1317): WifiLanConnectivityInfo is not changed, skip notify.
06-30 14:13:38.677 I/NullBinder( 1317): NullBinder for android.net.action.RECOMMEND_NETWORKS triggering remote TransactionTooLargeException due to Service without Chimera impl, calling uid: 1000, calling pid: 0
06-30 14:13:38.677 W/libbinder.Binder( 1317): Large reply transaction of 1056768 bytes, interface descriptor , function: UNKNOWN_FUNCTION_NAME, code: 1, flags: 17
06-30 14:13:38.677 I/BugleRcsEngine( 3867): No RCS Configuration was found in Bugle for simID: redacted-pii:sim_id[chars:20,last3:897] [CONTEXT log_prefix="ProvisioningEngineDataRetriever" thread_id=69 ]
06-30 14:13:39.173 I/NearbySharing( 1317): Network state changed: NetworkState(isRestricted=false, isOnline=true, isCongested=false, isMetered=false, isWifiConnected=true)
06-30 14:13:39.519 D/SatelliteController( 1128): isInCarrierRoamingNbIotNtn: satellite is disabled
06-30 14:13:39.519 D/SatelliteController( 1128): getCarrierRoamingNtnConnectType: Checking connect type from PLMN config for subId: 1
06-30 14:13:39.519 D/TelephonyConfigUpdateInstallReceiver( 1128): getConfigParser: domain=satellite
06-30 14:13:39.519 V/SatelliteController( 1128): satelliteConfigParser is not ready
06-30 14:13:39.519 D/SatelliteController( 1128): isSatelliteAttachSupportedViaConfigupdater: return null (satelliteConfig is null)
06-30 14:13:39.519 D/SatelliteController( 1128): getSatellitePerPlmnConfiguration: invalid subId or not supported via carrier.
06-30 14:13:39.519 D/SatelliteController( 1128): getCarrierRoamingNtnConnectType: config: null
06-30 14:13:39.519 D/TelephonyConfigUpdateInstallReceiver( 1128): getConfigParser: domain=satellite
06-30 14:13:39.519 V/SatelliteController( 1128): satelliteConfigParser is not ready
06-30 14:13:39.519 D/SatelliteController( 1128): getCarrierRoamingNtnConnectTypeViaConfigUpdater: return null (satelliteConfig is null)
06-30 14:13:39.519 D/SatelliteController( 1128): getCarrierRoamingNtnConnectType: Falling back to global carrier config connect type: 0
06-30 14:13:39.519 D/TelephonyConfigUpdateInstallReceiver( 1128): getConfigParser: domain=satellite
06-30 14:13:39.519 V/SatelliteController( 1128): satelliteConfigParser is not ready
06-30 14:13:39.519 D/SatelliteController( 1128): isSatelliteAttachSupportedViaConfigupdater: return null (satelliteConfig is null)
06-30 14:13:39.519 D/SatelliteController( 1128): getCarrierRoamingNtnConnectType: Checking connect type from PLMN config for subId: 1
06-30 14:13:39.520 D/TelephonyConfigUpdateInstallReceiver( 1128): getConfigParser: domain=satellite
06-30 14:13:39.520 V/SatelliteController( 1128): satelliteConfigParser is not ready
06-30 14:13:39.520 D/SatelliteController( 1128): isSatelliteAttachSupportedViaConfigupdater: return null (satelliteConfig is null)
06-30 14:13:39.520 D/SatelliteController( 1128): getSatellitePerPlmnConfiguration: invalid subId or not supported via carrier.
06-30 14:13:39.520 D/SatelliteController( 1128): getCarrierRoamingNtnConnectType: config: null
06-30 14:13:39.520 D/TelephonyConfigUpdateInstallReceiver( 1128): getConfigParser: domain=satellite
06-30 14:13:39.520 V/SatelliteController( 1128): satelliteConfigParser is not ready
06-30 14:13:39.520 D/SatelliteController( 1128): getCarrierRoamingNtnConnectTypeViaConfigUpdater: return null (satelliteConfig is null)
06-30 14:13:39.520 D/SatelliteController( 1128): getCarrierRoamingNtnConnectType: Falling back to global carrier config connect type: 0
06-30 14:13:39.520 D/TelephonyConfigUpdateInstallReceiver( 1128): getConfigParser: domain=satellite
06-30 14:13:39.520 V/SatelliteController( 1128): satelliteConfigParser is not ready
06-30 14:13:39.521 D/SatelliteController( 1128): isSatelliteAttachSupportedViaConfigupdater: return null (satelliteConfig is null)
06-30 14:13:40.585 I/adbd    (  539): adbd service requested 'shell,v2,raw:dumpsys package com.google.android.gms'
06-30 14:13:40.679 I/system_server(  690): Background young concurrent mark compact GC freed 16MB AllocSpace bytes, 5(224KB) LOS objects, 25% free, 48MB/64MB, paused 4.010ms,25.785ms total 46.886ms
06-30 14:13:40.738 I/artd    ( 3273): GetBestInfo: odex next to the dex file (/data/app/~~pUpe9D-hsv0lOCLmNQJGyA==/com.google.android.gms-a0e_AySruvvgbDhYG8Z6yQ==/oat/x86_64/base.odex) is kOatUpToDate with filter 'speed-profile' executable 'false'
06-30 14:13:40.739 I/artd    ( 3273): GetBestInfo: dm (/data/app/~~pUpe9D-hsv0lOCLmNQJGyA==/com.google.android.gms-a0e_AySruvvgbDhYG8Z6yQ==/split_AdsDynamite_installtime.dm) is kOatUpToDate with filter 'verify' executable 'false'
06-30 14:13:40.741 I/artd    ( 3273): GetBestInfo: odex next to the dex file (/data/app/~~pUpe9D-hsv0lOCLmNQJGyA==/com.google.android.gms-a0e_AySruvvgbDhYG8Z6yQ==/oat/x86_64/split_CronetDynamite_installtime.odex) is kOatUpToDate with filter 'speed-profile' executable 'false'
06-30 14:13:40.742 I/artd    ( 3273): GetBestInfo: dm (/data/app/~~pUpe9D-hsv0lOCLmNQJGyA==/com.google.android.gms-a0e_AySruvvgbDhYG8Z6yQ==/split_DynamiteLoader_installtime.dm) is kOatUpToDate with filter 'verify' executable 'false'
06-30 14:13:40.744 I/artd    ( 3273): GetBestInfo: dm (/data/app/~~pUpe9D-hsv0lOCLmNQJGyA==/com.google.android.gms-a0e_AySruvvgbDhYG8Z6yQ==/split_DynamiteModulesA_installtime.dm) is kOatUpToDate with filter 'verify' executable 'false'
06-30 14:13:40.745 I/artd    ( 3273): GetBestInfo: dm (/data/app/~~pUpe9D-hsv0lOCLmNQJGyA==/com.google.android.gms-a0e_AySruvvgbDhYG8Z6yQ==/split_DynamiteModulesC_installtime.dm) is kOatUpToDate with filter 'verify' executable 'false'
06-30 14:13:40.746 I/artd    ( 3273): GetBestInfo: dm (/data/app/~~pUpe9D-hsv0lOCLmNQJGyA==/com.google.android.gms-a0e_AySruvvgbDhYG8Z6yQ==/split_GoogleCertificates_installtime.dm) is kOatUpToDate with filter 'verify' executable 'false'
06-30 14:13:40.748 I/artd    ( 3273): GetBestInfo: dm (/data/app/~~pUpe9D-hsv0lOCLmNQJGyA==/com.google.android.gms-a0e_AySruvvgbDhYG8Z6yQ==/split_MapsDynamite_installtime.dm) is kOatUpToDate with filter 'verify' executable 'false'
06-30 14:13:40.749 I/artd    ( 3273): GetBestInfo: dm (/data/app/~~pUpe9D-hsv0lOCLmNQJGyA==/com.google.android.gms-a0e_AySruvvgbDhYG8Z6yQ==/split_MeasurementDynamite_installtime.dm) is kOatUpToDate with filter 'verify' executable 'false'
06-30 14:13:40.750 I/artd    ( 3273): GetBestInfo: /data/user_de/0/com.google.android.gms/app_chimera/m/0000000e/dl-IdentityCredentialsPlatform.optional_262031100800.apk has no usable artifacts
06-30 14:13:40.751 I/artd    ( 3273): GetBestInfo: /data/user_de/0/com.google.android.gms/app_chimera/m/00000001/CronetDynamite.apk has no usable artifacts
06-30 14:13:40.752 I/artd    ( 3273): GetBestInfo: /data/user_de/0/com.google.android.gms/app_chimera/m/00000013/dl-TfliteDynamiteDynamite.integ_252130102100800.apk has no usable artifacts
06-30 14:13:40.753 I/artd    ( 3273): GetBestInfo: /data/user_de/0/com.google.android.gms/app_chimera/m/00000002/DynamiteLoader.apk has no usable artifacts
06-30 14:13:40.754 I/artd    ( 3273): GetBestInfo: /data/user_de/0/com.google.android.gms/app_chimera/m/0000000c/dl-IdentityCredentialsPlatform.optional_261136100800.apk has no usable artifacts
06-30 14:13:40.755 I/artd    ( 3273): GetBestInfo: /data/user_de/0/com.google.android.gms/app_chimera/m/00000005/GoogleCertificates.apk has no usable artifacts
06-30 14:13:40.756 I/artd    ( 3273): GetBestInfo: /data/user_de/0/com.google.android.gms/app_chimera/m/0000000a/dl-TfliteDynamiteDynamite.integ_260580502100800.apk has no usable artifacts
06-30 14:13:40.757 I/artd    ( 3273): GetBestInfo: /data/user_de/0/com.google.android.gms/app_chimera/m/00000016/dl-PlayCloudSearch.optional_262031100000.apk has no usable artifacts
06-30 14:13:40.758 I/artd    ( 3273): GetBestInfo: /data/user_de/0/com.google.android.gms/app_chimera/m/00000014/dl-MlkitOcrCommon.optional_262031100800.apk has no usable artifacts
06-30 14:13:40.759 I/artd    ( 3273): GetBestInfo: /data/user_de/0/com.google.android.gms/app_chimera/m/00000008/dl-VisionOcr.optional_261136100000.apk has no usable artifacts
06-30 14:13:40.760 I/artd    ( 3273): GetBestInfo: /data/user_de/0/com.google.android.gms/app_chimera/m/00000010/dl-Appsearch.optional_262031100800.apk has no usable artifacts
06-30 14:13:40.762 I/artd    ( 3273): GetBestInfo: /data/user_de/0/com.google.android.gms/app_chimera/m/0000000b/dl-Appsearch.optional_261136100800.apk has no usable artifacts
06-30 14:13:40.763 I/artd    ( 3273): GetBestInfo: vdex next to the dex file (/data/user/0/com.google.android.gms/app_dg_cache/9BCBC14EE674B00B958D4B0C5B4BD883630AA39E/oat/x86_64/the.vdex) is kOatUpToDate with filter 'verify' executable 'false'
06-30 14:13:40.764 I/artd    ( 3273): GetBestInfo: /data/user_de/0/com.google.android.gms/app_chimera/m/00000009/dl-MlkitOcrCommon.optional_261136100800.apk has no usable artifacts
06-30 14:13:40.765 I/artd    ( 3273): GetBestInfo: /data/user/0/com.google.android.gms/app_dg_cache/22DA9D7AD8ED7504E0CAC64C41ECDBD7068924E0/the.apk has no usable artifacts
06-30 14:13:40.766 I/artd    ( 3273): GetBestInfo: vdex next to the dex file (/data/user/0/com.google.android.gms/app_dg_cache/FEE57AEA14526BE59FD8AB1365237E7B7A5CE7CB/oat/x86_64/the.vdex) is kOatUpToDate with filter 'verify' executable 'false'
06-30 14:13:40.767 I/artd    ( 3273): GetBestInfo: vdex next to the dex file (/data/user/0/com.google.android.gms/app_dg_cache/1C62BDE86218FBAA50DF06C4A79F5C3FE74B69EC/oat/x86_64/the.vdex) is kOatUpToDate with filter 'verify' executable 'false'
06-30 14:13:40.769 I/artd    ( 3273): GetBestInfo: /data/user_de/0/com.google.android.gms/app_chimera/m/0000000f/dl-VisionOcr.optional_262031100000.apk has no usable artifacts
06-30 14:13:40.770 I/artd    ( 3273): GetBestInfo: /data/user_de/0/com.google.android.gms/app_chimera/m/00000015/dl-MlkitBarcodeUi.optional_262031100800.apk has no usable artifacts
06-30 14:13:40.771 I/artd    ( 3273): GetBestInfo: /data/user_de/0/com.google.android.gms/app_chimera/m/00000007/MeasurementDynamite.apk has no usable artifacts
06-30 14:13:41.089 D/ActivityManager(  690): sync unfroze 21932 com.aiquota.mobile for 6
06-30 14:13:41.093 W/ProcessStats(  690): Tracking association SourceState{4b5a770 system/1000 ImpBg #11220} whose proc state 6 is better than process ProcessState{acf0cb9 com.aiquota.mobile/10233 pkg=com.aiquota.mobile} proc state 14 (4 skipped)
06-30 14:13:41.102 I/WM-WorkerWrapper(21932): Worker result SUCCESS for Work [ id=30b1b3ce-ec0f-4f91-bf32-abbb74e7e1e0, tags={ com.aiquota.mobile.sync.ForegroundRefreshHealthWorker } ]
06-30 14:13:41.105 I/PlayCore(21932): UID: [10233]  PID: [21932] AppUpdateService : requestUpdateInfo(com.aiquota.mobile)
06-30 14:13:41.111 I/PlayCore(21932): UID: [10233]  PID: [21932] AppUpdateService : Initiate binding to the service.
06-30 14:13:41.116 I/PlayCore(21932): UID: [10233]  PID: [21932] AppUpdateService : ServiceConnectionImpl.onServiceConnected(ComponentInfo{com.android.vending/com.google.android.finsky.installservice.DevTriggeredUpdateService})
06-30 14:13:41.118 I/PlayCore(21932): UID: [10233]  PID: [21932] AppUpdateService : linkToDeath
06-30 14:13:41.121 I/Finsky  ( 4591): [314] com.aiquota.mobile is installed but certificate mismatch
06-30 14:13:41.675 I/HalDevMgr(  690): bestIfaceCreationProposal is null, requestIface=STA, existingIface=[name=wlan0 type=STA]
06-30 14:13:41.678 D/IpClient/wlan0( 1083): interfaceLinkStateChanged: ifindex 16 up
06-30 14:13:41.683 D/IpClient/wlan0( 1083): interfaceLinkStateChanged: ifindex 16 up
06-30 14:13:41.908 I/cn_CronetUrlRequestContext( 4591): destroyNativeStreamLocked android.net.http.internal.org.chromium.net.impl.CronetBidirectionalStream@3575394
06-30 14:13:41.908 E/SQLiteLog( 4591): (1032) statement aborts at 20: attempt to write a readonly database; [INSERT OR REPLACE INTO streamdata(id,account_name,data,space_occupied,expiration_time,soft_expiration_time) VALUES (?,?,?,?,?,?)]
06-30 14:13:41.913 I/PlayCore(21932): UID: [10233]  PID: [21932] OnRequestInstallCallback : onRequestInfo
06-30 14:13:41.913 I/PlayCore(21932): UID: [10233]  PID: [21932] AppUpdateService : Unbind from service.
06-30 14:13:41.924 I/WM-WorkerWrapper(21932): Worker result SUCCESS for Work [ id=1145843c-c5f8-4fe9-8265-5e704e560956, tags={ com.aiquota.mobile.update.AppUpdateCheckWorker } ]
06-30 14:13:42.132 W/AiAiEcho( 1592): LyftNotificationParser Ridesharing ETA not enabled
06-30 14:13:42.132 I/AiAiEcho( 1592): SmartspaceNotificationPredictor no parser can handle this notification or notification is invalid
06-30 14:13:43.922 E/PlayCommon( 4591): [61] Metalog directories were deleted unexpectedly, recreating...
06-30 14:13:44.681 I/AdbWifiNetworkMonitor(  690): Wi-Fi network available
06-30 14:13:44.681 I/AdbWifiNetworkMonitor(  690): Received the same Wi-Fi SSID. Ignoring.
06-30 14:13:44.684 D/WM-WorkConstraintsTrack( 2923): NetworkRequestConstraintController onCapabilitiesChanged callback
06-30 14:13:44.686 I/HalDevMgr(  690): bestIfaceCreationProposal is null, requestIface=STA, existingIface=[name=wlan0 type=STA]
06-30 14:13:44.687 I/NullBinder( 1317): NullBinder for android.net.action.RECOMMEND_NETWORKS triggering remote TransactionTooLargeException due to Service without Chimera impl, calling uid: 1000, calling pid: 0
06-30 14:13:44.687 W/libbinder.Binder( 1317): Large reply transaction of 1056768 bytes, interface descriptor , function: UNKNOWN_FUNCTION_NAME, code: 1, flags: 17
06-30 14:13:44.688 W/libbinder.IPCThreadState(  690): Sending oneway calls to frozen process.
06-30 14:13:44.688 D/WM-WorkConstraintsTrack( 3977): NetworkRequestConstraintController onCapabilitiesChanged callback
06-30 14:13:44.688 W/libbinder.IPCThreadState(  690): Sending oneway calls to frozen process.
06-30 14:13:44.688 W/libbinder.IPCThreadState(  690): Sending oneway calls to frozen process.
06-30 14:13:44.688 I/BugleRcsEngine( 3867): Connected state: [1], networkType: [WIFI] [CONTEXT thread_id=65 ]
06-30 14:13:44.688 I/BugleRcsEngine( 3867): handleMessage processing message:[NOTIFY_UPTIME_IGNORE_STATE_CHANGED] with [non-null]:RcsEngineImpl reference [CONTEXT log_prefix="RcsEngineImpl[DUAL_REG]:[390448b9-d26f]>Handler" thread_id=69 ]
06-30 14:13:44.689 W/libbinder.IPCThreadState(  690): Sending oneway calls to frozen process.
06-30 14:13:44.689 W/libbinder.IPCThreadState(  690): Sending oneway calls to frozen process.
06-30 14:13:44.689 W/libbinder.IPCThreadState(  690): Sending oneway calls to frozen process.
06-30 14:13:44.690 D/ConnectivityService(  690): NetReassign [no changes] [c 0] [a 1] [i 0]
06-30 14:13:44.691 I/NearbyMediums( 1317): Wifi changed new SSID: "AndroidWifi"
06-30 14:13:44.692 I/NearbyMediums( 1317): WifiLanConnectivityInfo is not changed, skip notify.
06-30 14:13:44.695 I/BugleRcsEngine( 3867): No RCS Configuration was found in Bugle for simID: redacted-pii:sim_id[chars:20,last3:897] [CONTEXT log_prefix="ProvisioningEngineDataRetriever" thread_id=69 ]
06-30 14:13:45.189 I/NearbySharing( 1317): Network state changed: NetworkState(isRestricted=false, isOnline=true, isCongested=false, isMetered=false, isWifiConnected=true)
06-30 14:13:46.037 I/wpa_supplicant(  961): wlan0: CTRL-EVENT-BEACON-LOSS 
06-30 14:13:47.690 I/AdbWifiNetworkMonitor(  690): Wi-Fi network available
06-30 14:13:47.690 I/AdbWifiNetworkMonitor(  690): Received the same Wi-Fi SSID. Ignoring.
06-30 14:13:47.691 I/HalDevMgr(  690): bestIfaceCreationProposal is null, requestIface=STA, existingIface=[name=wlan0 type=STA]
06-30 14:13:47.695 D/WM-WorkConstraintsTrack( 2923): NetworkRequestConstraintController onCapabilitiesChanged callback
06-30 14:13:47.695 I/NullBinder( 1317): NullBinder for android.net.action.RECOMMEND_NETWORKS triggering remote TransactionTooLargeException due to Service without Chimera impl, calling uid: 1000, calling pid: 0
06-30 14:13:47.695 W/libbinder.Binder( 1317): Large reply transaction of 1056768 bytes, interface descriptor , function: UNKNOWN_FUNCTION_NAME, code: 1, flags: 17
06-30 14:13:47.695 I/BugleRcsEngine( 3867): Connected state: [1], networkType: [WIFI] [CONTEXT thread_id=65 ]
06-30 14:13:47.695 I/BugleRcsEngine( 3867): handleMessage processing message:[NOTIFY_UPTIME_IGNORE_STATE_CHANGED] with [non-null]:RcsEngineImpl reference [CONTEXT log_prefix="RcsEngineImpl[DUAL_REG]:[390448b9-d26f]>Handler" thread_id=69 ]
06-30 14:13:47.696 W/libbinder.IPCThreadState(  690): Sending oneway calls to frozen process.
06-30 14:13:47.696 W/libbinder.IPCThreadState(  690): Sending oneway calls to frozen process.
06-30 14:13:47.697 D/WM-WorkConstraintsTrack( 3977): NetworkRequestConstraintController onCapabilitiesChanged callback
06-30 14:13:47.697 W/libbinder.IPCThreadState(  690): Sending oneway calls to frozen process.
06-30 14:13:47.697 W/libbinder.IPCThreadState(  690): Sending oneway calls to frozen process.
06-30 14:13:47.697 W/libbinder.IPCThreadState(  690): Sending oneway calls to frozen process.
06-30 14:13:47.697 W/libbinder.IPCThreadState(  690): Sending oneway calls to frozen process.
06-30 14:13:47.699 I/BugleRcsEngine( 3867): No RCS Configuration was found in Bugle for simID: redacted-pii:sim_id[chars:20,last3:897] [CONTEXT log_prefix="ProvisioningEngineDataRetriever" thread_id=69 ]
06-30 14:13:47.700 D/IpClient/wlan0( 1083): interfaceLinkStateChanged: ifindex 16 up
06-30 14:13:47.701 D/ConnectivityService(  690): NetReassign [no changes] [c 0] [a 1] [i 1]
06-30 14:13:47.701 I/NearbyMediums( 1317): Wifi changed new SSID: "AndroidWifi"
06-30 14:13:47.701 I/NearbyMediums( 1317): WifiLanConnectivityInfo is not changed, skip notify.
06-30 14:13:47.702 D/IpClient/wlan0( 1083): interfaceLinkStateChanged: ifindex 16 up
06-30 14:13:48.196 I/NearbySharing( 1317): Network state changed: NetworkState(isRestricted=false, isOnline=true, isCongested=false, isMetered=false, isWifiConnected=true)
06-30 14:13:49.519 D/SatelliteController( 1128): isInCarrierRoamingNbIotNtn: satellite is disabled
06-30 14:13:49.519 D/SatelliteController( 1128): getCarrierRoamingNtnConnectType: Checking connect type from PLMN config for subId: 1
06-30 14:13:49.519 D/TelephonyConfigUpdateInstallReceiver( 1128): getConfigParser: domain=satellite
06-30 14:13:49.519 V/SatelliteController( 1128): satelliteConfigParser is not ready
06-30 14:13:49.519 D/SatelliteController( 1128): isSatelliteAttachSupportedViaConfigupdater: return null (satelliteConfig is null)
06-30 14:13:49.521 D/SatelliteController( 1128): getSatellitePerPlmnConfiguration: invalid subId or not supported via carrier.
06-30 14:13:49.521 D/SatelliteController( 1128): getCarrierRoamingNtnConnectType: config: null
06-30 14:13:49.521 D/TelephonyConfigUpdateInstallReceiver( 1128): getConfigParser: domain=satellite
06-30 14:13:49.521 V/SatelliteController( 1128): satelliteConfigParser is not ready
06-30 14:13:49.521 D/SatelliteController( 1128): getCarrierRoamingNtnConnectTypeViaConfigUpdater: return null (satelliteConfig is null)
06-30 14:13:49.521 D/SatelliteController( 1128): getCarrierRoamingNtnConnectType: Falling back to global carrier config connect type: 0
06-30 14:13:49.521 D/TelephonyConfigUpdateInstallReceiver( 1128): getConfigParser: domain=satellite
06-30 14:13:49.521 V/SatelliteController( 1128): satelliteConfigParser is not ready
06-30 14:13:49.521 D/SatelliteController( 1128): isSatelliteAttachSupportedViaConfigupdater: return null (satelliteConfig is null)
06-30 14:13:49.521 D/SatelliteController( 1128): getCarrierRoamingNtnConnectType: Checking connect type from PLMN config for subId: 1
06-30 14:13:49.521 D/TelephonyConfigUpdateInstallReceiver( 1128): getConfigParser: domain=satellite
06-30 14:13:49.521 V/SatelliteController( 1128): satelliteConfigParser is not ready
06-30 14:13:49.521 D/SatelliteController( 1128): isSatelliteAttachSupportedViaConfigupdater: return null (satelliteConfig is null)
06-30 14:13:49.521 D/SatelliteController( 1128): getSatellitePerPlmnConfiguration: invalid subId or not supported via carrier.
06-30 14:13:49.521 D/SatelliteController( 1128): getCarrierRoamingNtnConnectType: config: null
06-30 14:13:49.521 D/TelephonyConfigUpdateInstallReceiver( 1128): getConfigParser: domain=satellite
06-30 14:13:49.522 V/SatelliteController( 1128): satelliteConfigParser is not ready
06-30 14:13:49.522 D/SatelliteController( 1128): getCarrierRoamingNtnConnectTypeViaConfigUpdater: return null (satelliteConfig is null)
06-30 14:13:49.522 D/SatelliteController( 1128): getCarrierRoamingNtnConnectType: Falling back to global carrier config connect type: 0
06-30 14:13:49.522 D/TelephonyConfigUpdateInstallReceiver( 1128): getConfigParser: domain=satellite
06-30 14:13:49.522 V/SatelliteController( 1128): satelliteConfigParser is not ready
06-30 14:13:49.522 D/SatelliteController( 1128): isSatelliteAttachSupportedViaConfigupdater: return null (satelliteConfig is null)
06-30 14:13:50.583 I/adbd    (  539): adbd service requested 'shell,v2,raw:dumpsys package com.google.android.gms'
06-30 14:13:50.698 I/HalDevMgr(  690): bestIfaceCreationProposal is null, requestIface=STA, existingIface=[name=wlan0 type=STA]
06-30 14:13:50.700 I/artd    ( 3273): GetBestInfo: odex next to the dex file (/data/app/~~pUpe9D-hsv0lOCLmNQJGyA==/com.google.android.gms-a0e_AySruvvgbDhYG8Z6yQ==/oat/x86_64/base.odex) is kOatUpToDate with filter 'speed-profile' executable 'false'
06-30 14:13:50.701 I/artd    ( 3273): GetBestInfo: dm (/data/app/~~pUpe9D-hsv0lOCLmNQJGyA==/com.google.android.gms-a0e_AySruvvgbDhYG8Z6yQ==/split_AdsDynamite_installtime.dm) is kOatUpToDate with filter 'verify' executable 'false'
06-30 14:13:50.702 I/artd    ( 3273): GetBestInfo: odex next to the dex file (/data/app/~~pUpe9D-hsv0lOCLmNQJGyA==/com.google.android.gms-a0e_AySruvvgbDhYG8Z6yQ==/oat/x86_64/split_CronetDynamite_installtime.odex) is kOatUpToDate with filter 'speed-profile' executable 'false'
06-30 14:13:50.704 I/artd    ( 3273): GetBestInfo: dm (/data/app/~~pUpe9D-hsv0lOCLmNQJGyA==/com.google.android.gms-a0e_AySruvvgbDhYG8Z6yQ==/split_DynamiteLoader_installtime.dm) is kOatUpToDate with filter 'verify' executable 'false'
06-30 14:13:50.705 I/artd    ( 3273): GetBestInfo: dm (/data/app/~~pUpe9D-hsv0lOCLmNQJGyA==/com.google.android.gms-a0e_AySruvvgbDhYG8Z6yQ==/split_DynamiteModulesA_installtime.dm) is kOatUpToDate with filter 'verify' executable 'false'
06-30 14:13:50.706 I/artd    ( 3273): GetBestInfo: dm (/data/app/~~pUpe9D-hsv0lOCLmNQJGyA==/com.google.android.gms-a0e_AySruvvgbDhYG8Z6yQ==/split_DynamiteModulesC_installtime.dm) is kOatUpToDate with filter 'verify' executable 'false'
06-30 14:13:50.707 I/artd    ( 3273): GetBestInfo: dm (/data/app/~~pUpe9D-hsv0lOCLmNQJGyA==/com.google.android.gms-a0e_AySruvvgbDhYG8Z6yQ==/split_GoogleCertificates_installtime.dm) is kOatUpToDate with filter 'verify' executable 'false'
06-30 14:13:50.708 I/artd    ( 3273): GetBestInfo: dm (/data/app/~~pUpe9D-hsv0lOCLmNQJGyA==/com.google.android.gms-a0e_AySruvvgbDhYG8Z6yQ==/split_MapsDynamite_installtime.dm) is kOatUpToDate with filter 'verify' executable 'false'
06-30 14:13:50.709 I/artd    ( 3273): GetBestInfo: dm (/data/app/~~pUpe9D-hsv0lOCLmNQJGyA==/com.google.android.gms-a0e_AySruvvgbDhYG8Z6yQ==/split_MeasurementDynamite_installtime.dm) is kOatUpToDate with filter 'verify' executable 'false'
06-30 14:13:50.710 I/artd    ( 3273): GetBestInfo: /data/user_de/0/com.google.android.gms/app_chimera/m/0000000e/dl-IdentityCredentialsPlatform.optional_262031100800.apk has no usable artifacts
06-30 14:13:50.711 I/artd    ( 3273): GetBestInfo: /data/user_de/0/com.google.android.gms/app_chimera/m/00000001/CronetDynamite.apk has no usable artifacts
06-30 14:13:50.712 I/artd    ( 3273): GetBestInfo: /data/user_de/0/com.google.android.gms/app_chimera/m/00000013/dl-TfliteDynamiteDynamite.integ_252130102100800.apk has no usable artifacts
06-30 14:13:50.712 I/artd    ( 3273): GetBestInfo: /data/user_de/0/com.google.android.gms/app_chimera/m/00000002/DynamiteLoader.apk has no usable artifacts
06-30 14:13:50.713 I/artd    ( 3273): GetBestInfo: /data/user_de/0/com.google.android.gms/app_chimera/m/0000000c/dl-IdentityCredentialsPlatform.optional_261136100800.apk has no usable artifacts
06-30 14:13:50.714 I/artd    ( 3273): GetBestInfo: /data/user_de/0/com.google.android.gms/app_chimera/m/00000005/GoogleCertificates.apk has no usable artifacts
06-30 14:13:50.715 I/artd    ( 3273): GetBestInfo: /data/user_de/0/com.google.android.gms/app_chimera/m/0000000a/dl-TfliteDynamiteDynamite.integ_260580502100800.apk has no usable artifacts
06-30 14:13:50.717 I/artd    ( 3273): GetBestInfo: /data/user_de/0/com.google.android.gms/app_chimera/m/00000016/dl-PlayCloudSearch.optional_262031100000.apk has no usable artifacts
06-30 14:13:50.718 I/artd    ( 3273): GetBestInfo: /data/user_de/0/com.google.android.gms/app_chimera/m/00000014/dl-MlkitOcrCommon.optional_262031100800.apk has no usable artifacts
06-30 14:13:50.720 I/artd    ( 3273): GetBestInfo: /data/user_de/0/com.google.android.gms/app_chimera/m/00000008/dl-VisionOcr.optional_261136100000.apk has no usable artifacts
06-30 14:13:50.721 I/artd    ( 3273): GetBestInfo: /data/user_de/0/com.google.android.gms/app_chimera/m/00000010/dl-Appsearch.optional_262031100800.apk has no usable artifacts
06-30 14:13:50.723 I/artd    ( 3273): GetBestInfo: /data/user_de/0/com.google.android.gms/app_chimera/m/0000000b/dl-Appsearch.optional_261136100800.apk has no usable artifacts
06-30 14:13:50.725 I/artd    ( 3273): GetBestInfo: vdex next to the dex file (/data/user/0/com.google.android.gms/app_dg_cache/9BCBC14EE674B00B958D4B0C5B4BD883630AA39E/oat/x86_64/the.vdex) is kOatUpToDate with filter 'verify' executable 'false'
06-30 14:13:50.726 I/artd    ( 3273): GetBestInfo: /data/user_de/0/com.google.android.gms/app_chimera/m/00000009/dl-MlkitOcrCommon.optional_261136100800.apk has no usable artifacts
06-30 14:13:50.727 I/artd    ( 3273): GetBestInfo: /data/user/0/com.google.android.gms/app_dg_cache/22DA9D7AD8ED7504E0CAC64C41ECDBD7068924E0/the.apk has no usable artifacts
06-30 14:13:50.729 I/artd    ( 3273): GetBestInfo: vdex next to the dex file (/data/user/0/com.google.android.gms/app_dg_cache/FEE57AEA14526BE59FD8AB1365237E7B7A5CE7CB/oat/x86_64/the.vdex) is kOatUpToDate with filter 'verify' executable 'false'
06-30 14:13:50.731 I/artd    ( 3273): GetBestInfo: vdex next to the dex file (/data/user/0/com.google.android.gms/app_dg_cache/1C62BDE86218FBAA50DF06C4A79F5C3FE74B69EC/oat/x86_64/the.vdex) is kOatUpToDate with filter 'verify' executable 'false'
06-30 14:13:50.732 I/artd    ( 3273): GetBestInfo: /data/user_de/0/com.google.android.gms/app_chimera/m/0000000f/dl-VisionOcr.optional_262031100000.apk has no usable artifacts
06-30 14:13:50.733 I/artd    ( 3273): GetBestInfo: /data/user_de/0/com.google.android.gms/app_chimera/m/00000015/dl-MlkitBarcodeUi.optional_262031100800.apk has no usable artifacts
06-30 14:13:50.734 I/artd    ( 3273): GetBestInfo: /data/user_de/0/com.google.android.gms/app_chimera/m/00000007/MeasurementDynamite.apk has no usable artifacts
06-30 14:13:51.979 D/ActivityManager(  690): freezing 21932 com.aiquota.mobile
06-30 14:13:51.981 D/InetDiagMessage(  690): Destroyed 0 sockets, proto=IPPROTO_TCP, family=AF_INET, states=14
06-30 14:13:51.981 D/InetDiagMessage(  690): Destroyed 0 sockets, proto=IPPROTO_TCP, family=AF_INET6, states=14
06-30 14:13:51.981 D/InetDiagMessage(  690): Destroyed live tcp sockets for uids={10233} in 0ms
06-30 14:13:53.702 I/HalDevMgr(  690): bestIfaceCreationProposal is null, requestIface=STA, existingIface=[name=wlan0 type=STA]
06-30 14:13:53.706 D/IpClient/wlan0( 1083): interfaceLinkStateChanged: ifindex 16 up
06-30 14:13:53.709 D/IpClient/wlan0( 1083): interfaceLinkStateChanged: ifindex 16 up
06-30 14:13:53.974 I/wpa_supplicant(  961): wlan0: CTRL-EVENT-BEACON-LOSS 
06-30 14:13:56.708 I/AdbWifiNetworkMonitor(  690): Wi-Fi network available
06-30 14:13:56.708 I/AdbWifiNetworkMonitor(  690): Received the same Wi-Fi SSID. Ignoring.
06-30 14:13:56.710 I/HalDevMgr(  690): bestIfaceCreationProposal is null, requestIface=STA, existingIface=[name=wlan0 type=STA]
06-30 14:13:56.712 D/WM-WorkConstraintsTrack( 2923): NetworkRequestConstraintController onCapabilitiesChanged callback
06-30 14:13:56.713 I/BugleRcsEngine( 3867): Connected state: [1], networkType: [WIFI] [CONTEXT thread_id=65 ]
06-30 14:13:56.713 I/BugleRcsEngine( 3867): handleMessage processing message:[NOTIFY_UPTIME_IGNORE_STATE_CHANGED] with [non-null]:RcsEngineImpl reference [CONTEXT log_prefix="RcsEngineImpl[DUAL_REG]:[390448b9-d26f]>Handler" thread_id=69 ]
06-30 14:13:56.713 I/NullBinder( 1317): NullBinder for android.net.action.RECOMMEND_NETWORKS triggering remote TransactionTooLargeException due to Service without Chimera impl, calling uid: 1000, calling pid: 0
06-30 14:13:56.713 W/libbinder.Binder( 1317): Large reply transaction of 1056768 bytes, interface descriptor , function: UNKNOWN_FUNCTION_NAME, code: 1, flags: 17
06-30 14:13:56.714 D/WM-WorkConstraintsTrack( 3977): NetworkRequestConstraintController onCapabilitiesChanged callback
06-30 14:13:56.714 W/libbinder.IPCThreadState(  690): Sending oneway calls to frozen process.
06-30 14:13:56.714 W/libbinder.IPCThreadState(  690): Sending oneway calls to frozen process.
06-30 14:13:56.714 W/libbinder.IPCThreadState(  690): Sending oneway calls to frozen process.
06-30 14:13:56.714 W/libbinder.IPCThreadState(  690): Sending oneway calls to frozen process.
06-30 14:13:56.714 W/libbinder.IPCThreadState(  690): Sending oneway calls to frozen process.
06-30 14:13:56.714 W/libbinder.IPCThreadState(  690): Sending oneway calls to frozen process.
06-30 14:13:56.716 D/ConnectivityService(  690): NetReassign [no changes] [c 0] [a 0] [i 1]
06-30 14:13:56.717 I/NearbyMediums( 1317): Wifi changed new SSID: "AndroidWifi"
06-30 14:13:56.717 I/NearbyMediums( 1317): WifiLanConnectivityInfo is not changed, skip notify.
06-30 14:13:56.718 I/BugleRcsEngine( 3867): No RCS Configuration was found in Bugle for simID: redacted-pii:sim_id[chars:20,last3:897] [CONTEXT log_prefix="ProvisioningEngineDataRetriever" thread_id=69 ]
06-30 14:13:57.213 I/NearbySharing( 1317): Network state changed: NetworkState(isRestricted=false, isOnline=true, isCongested=false, isMetered=false, isWifiConnected=true)
06-30 14:13:58.681 I/PlayCommon( 4591): [61] Preparing logs for uploading
06-30 14:13:58.682 I/PlayCommon( 4591): [61] Connecting to server: https://play.googleapis.com/play/log?format=raw&proto_v2=true
06-30 14:13:59.519 D/SatelliteController( 1128): isInCarrierRoamingNbIotNtn: satellite is disabled
06-30 14:13:59.519 D/SatelliteController( 1128): getCarrierRoamingNtnConnectType: Checking connect type from PLMN config for subId: 1
06-30 14:13:59.519 D/TelephonyConfigUpdateInstallReceiver( 1128): getConfigParser: domain=satellite
06-30 14:13:59.519 V/SatelliteController( 1128): satelliteConfigParser is not ready
06-30 14:13:59.519 D/SatelliteController( 1128): isSatelliteAttachSupportedViaConfigupdater: return null (satelliteConfig is null)
06-30 14:13:59.519 D/SatelliteController( 1128): getSatellitePerPlmnConfiguration: invalid subId or not supported via carrier.
06-30 14:13:59.519 D/SatelliteController( 1128): getCarrierRoamingNtnConnectType: config: null
06-30 14:13:59.519 D/TelephonyConfigUpdateInstallReceiver( 1128): getConfigParser: domain=satellite
06-30 14:13:59.519 V/SatelliteController( 1128): satelliteConfigParser is not ready
06-30 14:13:59.519 D/SatelliteController( 1128): getCarrierRoamingNtnConnectTypeViaConfigUpdater: return null (satelliteConfig is null)
06-30 14:13:59.520 D/SatelliteController( 1128): getCarrierRoamingNtnConnectType: Falling back to global carrier config connect type: 0
06-30 14:13:59.520 D/TelephonyConfigUpdateInstallReceiver( 1128): getConfigParser: domain=satellite
06-30 14:13:59.520 V/SatelliteController( 1128): satelliteConfigParser is not ready
06-30 14:13:59.520 D/SatelliteController( 1128): isSatelliteAttachSupportedViaConfigupdater: return null (satelliteConfig is null)
06-30 14:13:59.520 D/SatelliteController( 1128): getCarrierRoamingNtnConnectType: Checking connect type from PLMN config for subId: 1
06-30 14:13:59.520 D/TelephonyConfigUpdateInstallReceiver( 1128): getConfigParser: domain=satellite
06-30 14:13:59.520 V/SatelliteController( 1128): satelliteConfigParser is not ready
06-30 14:13:59.520 D/SatelliteController( 1128): isSatelliteAttachSupportedViaConfigupdater: return null (satelliteConfig is null)
06-30 14:13:59.520 D/SatelliteController( 1128): getSatellitePerPlmnConfiguration: invalid subId or not supported via carrier.
06-30 14:13:59.520 D/SatelliteController( 1128): getCarrierRoamingNtnConnectType: config: null
06-30 14:13:59.520 D/TelephonyConfigUpdateInstallReceiver( 1128): getConfigParser: domain=satellite
06-30 14:13:59.520 V/SatelliteController( 1128): satelliteConfigParser is not ready
06-30 14:13:59.520 D/SatelliteController( 1128): getCarrierRoamingNtnConnectTypeViaConfigUpdater: return null (satelliteConfig is null)
06-30 14:13:59.520 D/SatelliteController( 1128): getCarrierRoamingNtnConnectType: Falling back to global carrier config connect type: 0
06-30 14:13:59.520 D/TelephonyConfigUpdateInstallReceiver( 1128): getConfigParser: domain=satellite
06-30 14:13:59.520 V/SatelliteController( 1128): satelliteConfigParser is not ready
06-30 14:13:59.520 D/SatelliteController( 1128): isSatelliteAttachSupportedViaConfigupdater: return null (satelliteConfig is null)
06-30 14:13:59.719 I/HalDevMgr(  690): bestIfaceCreationProposal is null, requestIface=STA, existingIface=[name=wlan0 type=STA]
06-30 14:13:59.723 D/IpClient/wlan0( 1083): interfaceLinkStateChanged: ifindex 16 up
06-30 14:13:59.730 D/IpClient/wlan0( 1083): interfaceLinkStateChanged: ifindex 16 up
06-30 14:13:59.930 I/PlayCommon( 4591): [61] Successfully uploaded logs.
06-30 14:14:00.040 W/skia    (  527): AGTM parsing failed flags.readFromStream(s) at 159
06-30 14:14:00.040 W/skia    (  527): AGTM parsing failed flags.readFromStream(s) at 159
06-30 14:14:00.581 I/adbd    (  539): adbd service requested 'shell,v2,raw:dumpsys package com.google.android.gms'
06-30 14:14:00.689 I/artd    ( 3273): GetBestInfo: odex next to the dex file (/data/app/~~pUpe9D-hsv0lOCLmNQJGyA==/com.google.android.gms-a0e_AySruvvgbDhYG8Z6yQ==/oat/x86_64/base.odex) is kOatUpToDate with filter 'speed-profile' executable 'false'
06-30 14:14:00.690 I/artd    ( 3273): GetBestInfo: dm (/data/app/~~pUpe9D-hsv0lOCLmNQJGyA==/com.google.android.gms-a0e_AySruvvgbDhYG8Z6yQ==/split_AdsDynamite_installtime.dm) is kOatUpToDate with filter 'verify' executable 'false'
06-30 14:14:00.692 I/artd    ( 3273): GetBestInfo: odex next to the dex file (/data/app/~~pUpe9D-hsv0lOCLmNQJGyA==/com.google.android.gms-a0e_AySruvvgbDhYG8Z6yQ==/oat/x86_64/split_CronetDynamite_installtime.odex) is kOatUpToDate with filter 'speed-profile' executable 'false'
06-30 14:14:00.693 I/artd    ( 3273): GetBestInfo: dm (/data/app/~~pUpe9D-hsv0lOCLmNQJGyA==/com.google.android.gms-a0e_AySruvvgbDhYG8Z6yQ==/split_DynamiteLoader_installtime.dm) is kOatUpToDate with filter 'verify' executable 'false'
06-30 14:14:00.694 I/artd    ( 3273): GetBestInfo: dm (/data/app/~~pUpe9D-hsv0lOCLmNQJGyA==/com.google.android.gms-a0e_AySruvvgbDhYG8Z6yQ==/split_DynamiteModulesA_installtime.dm) is kOatUpToDate with filter 'verify' executable 'false'
06-30 14:14:00.695 I/artd    ( 3273): GetBestInfo: dm (/data/app/~~pUpe9D-hsv0lOCLmNQJGyA==/com.google.android.gms-a0e_AySruvvgbDhYG8Z6yQ==/split_DynamiteModulesC_installtime.dm) is kOatUpToDate with filter 'verify' executable 'false'
06-30 14:14:00.697 I/artd    ( 3273): GetBestInfo: dm (/data/app/~~pUpe9D-hsv0lOCLmNQJGyA==/com.google.android.gms-a0e_AySruvvgbDhYG8Z6yQ==/split_GoogleCertificates_installtime.dm) is kOatUpToDate with filter 'verify' executable 'false'
06-30 14:14:00.698 I/artd    ( 3273): GetBestInfo: dm (/data/app/~~pUpe9D-hsv0lOCLmNQJGyA==/com.google.android.gms-a0e_AySruvvgbDhYG8Z6yQ==/split_MapsDynamite_installtime.dm) is kOatUpToDate with filter 'verify' executable 'false'
06-30 14:14:00.699 I/artd    ( 3273): GetBestInfo: dm (/data/app/~~pUpe9D-hsv0lOCLmNQJGyA==/com.google.android.gms-a0e_AySruvvgbDhYG8Z6yQ==/split_MeasurementDynamite_installtime.dm) is kOatUpToDate with filter 'verify' executable 'false'
06-30 14:14:00.700 I/artd    ( 3273): GetBestInfo: /data/user_de/0/com.google.android.gms/app_chimera/m/0000000e/dl-IdentityCredentialsPlatform.optional_262031100800.apk has no usable artifacts
06-30 14:14:00.701 I/artd    ( 3273): GetBestInfo: /data/user_de/0/com.google.android.gms/app_chimera/m/00000001/CronetDynamite.apk has no usable artifacts
06-30 14:14:00.702 I/artd    ( 3273): GetBestInfo: /data/user_de/0/com.google.android.gms/app_chimera/m/00000013/dl-TfliteDynamiteDynamite.integ_252130102100800.apk has no usable artifacts
06-30 14:14:00.703 I/artd    ( 3273): GetBestInfo: /data/user_de/0/com.google.android.gms/app_chimera/m/00000002/DynamiteLoader.apk has no usable artifacts
06-30 14:14:00.704 I/artd    ( 3273): GetBestInfo: /data/user_de/0/com.google.android.gms/app_chimera/m/0000000c/dl-IdentityCredentialsPlatform.optional_261136100800.apk has no usable artifacts
06-30 14:14:00.704 I/artd    ( 3273): GetBestInfo: /data/user_de/0/com.google.android.gms/app_chimera/m/00000005/GoogleCertificates.apk has no usable artifacts
06-30 14:14:00.706 I/artd    ( 3273): GetBestInfo: /data/user_de/0/com.google.android.gms/app_chimera/m/0000000a/dl-TfliteDynamiteDynamite.integ_260580502100800.apk has no usable artifacts
06-30 14:14:00.707 I/artd    ( 3273): GetBestInfo: /data/user_de/0/com.google.android.gms/app_chimera/m/00000016/dl-PlayCloudSearch.optional_262031100000.apk has no usable artifacts
06-30 14:14:00.708 I/artd    ( 3273): GetBestInfo: /data/user_de/0/com.google.android.gms/app_chimera/m/00000014/dl-MlkitOcrCommon.optional_262031100800.apk has no usable artifacts
06-30 14:14:00.709 I/artd    ( 3273): GetBestInfo: /data/user_de/0/com.google.android.gms/app_chimera/m/00000008/dl-VisionOcr.optional_261136100000.apk has no usable artifacts
06-30 14:14:00.710 I/artd    ( 3273): GetBestInfo: /data/user_de/0/com.google.android.gms/app_chimera/m/00000010/dl-Appsearch.optional_262031100800.apk has no usable artifacts
06-30 14:14:00.711 I/artd    ( 3273): GetBestInfo: /data/user_de/0/com.google.android.gms/app_chimera/m/0000000b/dl-Appsearch.optional_261136100800.apk has no usable artifacts
06-30 14:14:00.713 I/artd    ( 3273): GetBestInfo: vdex next to the dex file (/data/user/0/com.google.android.gms/app_dg_cache/9BCBC14EE674B00B958D4B0C5B4BD883630AA39E/oat/x86_64/the.vdex) is kOatUpToDate with filter 'verify' executable 'false'
06-30 14:14:00.715 I/artd    ( 3273): GetBestInfo: /data/user_de/0/com.google.android.gms/app_chimera/m/00000009/dl-MlkitOcrCommon.optional_261136100800.apk has no usable artifacts
06-30 14:14:00.715 I/artd    ( 3273): GetBestInfo: /data/user/0/com.google.android.gms/app_dg_cache/22DA9D7AD8ED7504E0CAC64C41ECDBD7068924E0/the.apk has no usable artifacts
06-30 14:14:00.717 I/artd    ( 3273): GetBestInfo: vdex next to the dex file (/data/user/0/com.google.android.gms/app_dg_cache/FEE57AEA14526BE59FD8AB1365237E7B7A5CE7CB/oat/x86_64/the.vdex) is kOatUpToDate with filter 'verify' executable 'false'
06-30 14:14:00.718 I/artd    ( 3273): GetBestInfo: vdex next to the dex file (/data/user/0/com.google.android.gms/app_dg_cache/1C62BDE86218FBAA50DF06C4A79F5C3FE74B69EC/oat/x86_64/the.vdex) is kOatUpToDate with filter 'verify' executable 'false'
06-30 14:14:00.719 I/artd    ( 3273): GetBestInfo: /data/user_de/0/com.google.android.gms/app_chimera/m/0000000f/dl-VisionOcr.optional_262031100000.apk has no usable artifacts
06-30 14:14:00.720 I/artd    ( 3273): GetBestInfo: /data/user_de/0/com.google.android.gms/app_chimera/m/00000015/dl-MlkitBarcodeUi.optional_262031100800.apk has no usable artifacts
06-30 14:14:00.722 I/artd    ( 3273): GetBestInfo: /data/user_de/0/com.google.android.gms/app_chimera/m/00000007/MeasurementDynamite.apk has no usable artifacts
06-30 14:14:01.910 I/wpa_supplicant(  961): wlan0: CTRL-EVENT-BEACON-LOSS 
06-30 14:14:02.724 I/HalDevMgr(  690): bestIfaceCreationProposal is null, requestIface=STA, existingIface=[name=wlan0 type=STA]
06-30 14:14:05.732 I/HalDevMgr(  690): bestIfaceCreationProposal is null, requestIface=STA, existingIface=[name=wlan0 type=STA]
06-30 14:14:05.735 D/IpClient/wlan0( 1083): interfaceLinkStateChanged: ifindex 16 up
06-30 14:14:05.740 D/IpClient/wlan0( 1083): interfaceLinkStateChanged: ifindex 16 up
06-30 14:14:06.461 I/BluetoothPowerStatsCollector(  690): BluetoothActivityEnergyInfo not supported.
06-30 14:14:08.739 I/AdbWifiNetworkMonitor(  690): Wi-Fi network available
06-30 14:14:08.739 I/AdbWifiNetworkMonitor(  690): Received the same Wi-Fi SSID. Ignoring.
06-30 14:14:08.742 D/WM-WorkConstraintsTrack( 2923): NetworkRequestConstraintController onCapabilitiesChanged callback
06-30 14:14:08.742 I/HalDevMgr(  690): bestIfaceCreationProposal is null, requestIface=STA, existingIface=[name=wlan0 type=STA]
06-30 14:14:08.744 I/NullBinder( 1317): NullBinder for android.net.action.RECOMMEND_NETWORKS triggering remote TransactionTooLargeException due to Service without Chimera impl, calling uid: 1000, calling pid: 0
06-30 14:14:08.744 W/libbinder.Binder( 1317): Large reply transaction of 1056768 bytes, interface descriptor , function: UNKNOWN_FUNCTION_NAME, code: 1, flags: 17
06-30 14:14:08.744 I/BugleRcsEngine( 3867): Connected state: [1], networkType: [WIFI] [CONTEXT thread_id=65 ]
06-30 14:14:08.744 I/BugleRcsEngine( 3867): handleMessage processing message:[NOTIFY_UPTIME_IGNORE_STATE_CHANGED] with [non-null]:RcsEngineImpl reference [CONTEXT log_prefix="RcsEngineImpl[DUAL_REG]:[390448b9-d26f]>Handler" thread_id=69 ]
06-30 14:14:08.745 D/WM-WorkConstraintsTrack( 3977): NetworkRequestConstraintController onCapabilitiesChanged callback
06-30 14:14:08.746 W/libbinder.IPCThreadState(  690): Sending oneway calls to frozen process.
06-30 14:14:08.746 W/libbinder.IPCThreadState(  690): Sending oneway calls to frozen process.
06-30 14:14:08.746 W/libbinder.IPCThreadState(  690): Sending oneway calls to frozen process.
06-30 14:14:08.746 W/libbinder.IPCThreadState(  690): Sending oneway calls to frozen process.
06-30 14:14:08.746 W/libbinder.IPCThreadState(  690): Sending oneway calls to frozen process.
06-30 14:14:08.746 W/libbinder.IPCThreadState(  690): Sending oneway calls to frozen process.
06-30 14:14:08.749 D/ConnectivityService(  690): NetReassign [no changes] [c 0] [a 1] [i 1]
06-30 14:14:08.749 I/NearbyMediums( 1317): Wifi changed new SSID: "AndroidWifi"
06-30 14:14:08.749 I/NearbyMediums( 1317): WifiLanConnectivityInfo is not changed, skip notify.
06-30 14:14:08.752 I/BugleRcsEngine( 3867): No RCS Configuration was found in Bugle for simID: redacted-pii:sim_id[chars:20,last3:897] [CONTEXT log_prefix="ProvisioningEngineDataRetriever" thread_id=69 ]
06-30 14:14:09.245 I/NearbySharing( 1317): Network state changed: NetworkState(isRestricted=false, isOnline=true, isCongested=false, isMetered=false, isWifiConnected=true)
06-30 14:14:09.519 D/SatelliteController( 1128): isInCarrierRoamingNbIotNtn: satellite is disabled
06-30 14:14:09.519 D/SatelliteController( 1128): getCarrierRoamingNtnConnectType: Checking connect type from PLMN config for subId: 1
06-30 14:14:09.519 D/TelephonyConfigUpdateInstallReceiver( 1128): getConfigParser: domain=satellite
06-30 14:14:09.519 V/SatelliteController( 1128): satelliteConfigParser is not ready
06-30 14:14:09.519 D/SatelliteController( 1128): isSatelliteAttachSupportedViaConfigupdater: return null (satelliteConfig is null)
06-30 14:14:09.520 D/SatelliteController( 1128): getSatellitePerPlmnConfiguration: invalid subId or not supported via carrier.
06-30 14:14:09.520 D/SatelliteController( 1128): getCarrierRoamingNtnConnectType: config: null
06-30 14:14:09.520 D/TelephonyConfigUpdateInstallReceiver( 1128): getConfigParser: domain=satellite
06-30 14:14:09.520 V/SatelliteController( 1128): satelliteConfigParser is not ready
06-30 14:14:09.520 D/SatelliteController( 1128): getCarrierRoamingNtnConnectTypeViaConfigUpdater: return null (satelliteConfig is null)
06-30 14:14:09.520 D/SatelliteController( 1128): getCarrierRoamingNtnConnectType: Falling back to global carrier config connect type: 0
06-30 14:14:09.520 D/TelephonyConfigUpdateInstallReceiver( 1128): getConfigParser: domain=satellite
06-30 14:14:09.520 V/SatelliteController( 1128): satelliteConfigParser is not ready
06-30 14:14:09.520 D/SatelliteController( 1128): isSatelliteAttachSupportedViaConfigupdater: return null (satelliteConfig is null)
06-30 14:14:09.520 D/SatelliteController( 1128): getCarrierRoamingNtnConnectType: Checking connect type from PLMN config for subId: 1
06-30 14:14:09.520 D/TelephonyConfigUpdateInstallReceiver( 1128): getConfigParser: domain=satellite
06-30 14:14:09.520 V/SatelliteController( 1128): satelliteConfigParser is not ready
06-30 14:14:09.520 D/SatelliteController( 1128): isSatelliteAttachSupportedViaConfigupdater: return null (satelliteConfig is null)
06-30 14:14:09.520 D/SatelliteController( 1128): getSatellitePerPlmnConfiguration: invalid subId or not supported via carrier.
06-30 14:14:09.520 D/SatelliteController( 1128): getCarrierRoamingNtnConnectType: config: null
06-30 14:14:09.520 D/TelephonyConfigUpdateInstallReceiver( 1128): getConfigParser: domain=satellite
06-30 14:14:09.520 V/SatelliteController( 1128): satelliteConfigParser is not ready
06-30 14:14:09.520 D/SatelliteController( 1128): getCarrierRoamingNtnConnectTypeViaConfigUpdater: return null (satelliteConfig is null)
06-30 14:14:09.520 D/SatelliteController( 1128): getCarrierRoamingNtnConnectType: Falling back to global carrier config connect type: 0
06-30 14:14:09.520 D/TelephonyConfigUpdateInstallReceiver( 1128): getConfigParser: domain=satellite
06-30 14:14:09.520 V/SatelliteController( 1128): satelliteConfigParser is not ready
06-30 14:14:09.520 D/SatelliteController( 1128): isSatelliteAttachSupportedViaConfigupdater: return null (satelliteConfig is null)
06-30 14:14:10.102 I/wpa_supplicant(  961): wlan0: CTRL-EVENT-BEACON-LOSS 
06-30 14:14:10.592 I/adbd    (  539): adbd service requested 'shell,v2,raw:dumpsys package com.google.android.gms'
06-30 14:14:10.752 I/system_server(  690): Background young concurrent mark compact GC freed 16MB AllocSpace bytes, 2(64KB) LOS objects, 25% free, 47MB/64MB, paused 2.537ms,22.897ms total 69.828ms
06-30 14:14:10.769 I/artd    ( 3273): GetBestInfo: odex next to the dex file (/data/app/~~pUpe9D-hsv0lOCLmNQJGyA==/com.google.android.gms-a0e_AySruvvgbDhYG8Z6yQ==/oat/x86_64/base.odex) is kOatUpToDate with filter 'speed-profile' executable 'false'
06-30 14:14:10.771 I/artd    ( 3273): GetBestInfo: dm (/data/app/~~pUpe9D-hsv0lOCLmNQJGyA==/com.google.android.gms-a0e_AySruvvgbDhYG8Z6yQ==/split_AdsDynamite_installtime.dm) is kOatUpToDate with filter 'verify' executable 'false'
06-30 14:14:10.772 I/artd    ( 3273): GetBestInfo: odex next to the dex file (/data/app/~~pUpe9D-hsv0lOCLmNQJGyA==/com.google.android.gms-a0e_AySruvvgbDhYG8Z6yQ==/oat/x86_64/split_CronetDynamite_installtime.odex) is kOatUpToDate with filter 'speed-profile' executable 'false'
06-30 14:14:10.774 I/artd    ( 3273): GetBestInfo: dm (/data/app/~~pUpe9D-hsv0lOCLmNQJGyA==/com.google.android.gms-a0e_AySruvvgbDhYG8Z6yQ==/split_DynamiteLoader_installtime.dm) is kOatUpToDate with filter 'verify' executable 'false'
06-30 14:14:10.775 I/artd    ( 3273): GetBestInfo: dm (/data/app/~~pUpe9D-hsv0lOCLmNQJGyA==/com.google.android.gms-a0e_AySruvvgbDhYG8Z6yQ==/split_DynamiteModulesA_installtime.dm) is kOatUpToDate with filter 'verify' executable 'false'
06-30 14:14:10.777 I/artd    ( 3273): GetBestInfo: dm (/data/app/~~pUpe9D-hsv0lOCLmNQJGyA==/com.google.android.gms-a0e_AySruvvgbDhYG8Z6yQ==/split_DynamiteModulesC_installtime.dm) is kOatUpToDate with filter 'verify' executable 'false'
06-30 14:14:10.778 I/artd    ( 3273): GetBestInfo: dm (/data/app/~~pUpe9D-hsv0lOCLmNQJGyA==/com.google.android.gms-a0e_AySruvvgbDhYG8Z6yQ==/split_GoogleCertificates_installtime.dm) is kOatUpToDate with filter 'verify' executable 'false'
06-30 14:14:10.780 I/artd    ( 3273): GetBestInfo: dm (/data/app/~~pUpe9D-hsv0lOCLmNQJGyA==/com.google.android.gms-a0e_AySruvvgbDhYG8Z6yQ==/split_MapsDynamite_installtime.dm) is kOatUpToDate with filter 'verify' executable 'false'
06-30 14:14:10.781 I/artd    ( 3273): GetBestInfo: dm (/data/app/~~pUpe9D-hsv0lOCLmNQJGyA==/com.google.android.gms-a0e_AySruvvgbDhYG8Z6yQ==/split_MeasurementDynamite_installtime.dm) is kOatUpToDate with filter 'verify' executable 'false'
06-30 14:14:10.782 I/artd    ( 3273): GetBestInfo: /data/user_de/0/com.google.android.gms/app_chimera/m/0000000e/dl-IdentityCredentialsPlatform.optional_262031100800.apk has no usable artifacts
06-30 14:14:10.782 I/artd    ( 3273): GetBestInfo: /data/user_de/0/com.google.android.gms/app_chimera/m/00000001/CronetDynamite.apk has no usable artifacts
06-30 14:14:10.783 I/artd    ( 3273): GetBestInfo: /data/user_de/0/com.google.android.gms/app_chimera/m/00000013/dl-TfliteDynamiteDynamite.integ_252130102100800.apk has no usable artifacts
06-30 14:14:10.783 I/artd    ( 3273): GetBestInfo: /data/user_de/0/com.google.android.gms/app_chimera/m/00000002/DynamiteLoader.apk has no usable artifacts
06-30 14:14:10.785 I/artd    ( 3273): GetBestInfo: /data/user_de/0/com.google.android.gms/app_chimera/m/0000000c/dl-IdentityCredentialsPlatform.optional_261136100800.apk has no usable artifacts
06-30 14:14:10.786 I/artd    ( 3273): GetBestInfo: /data/user_de/0/com.google.android.gms/app_chimera/m/00000005/GoogleCertificates.apk has no usable artifacts
06-30 14:14:10.787 I/artd    ( 3273): GetBestInfo: /data/user_de/0/com.google.android.gms/app_chimera/m/0000000a/dl-TfliteDynamiteDynamite.integ_260580502100800.apk has no usable artifacts
06-30 14:14:10.788 I/artd    ( 3273): GetBestInfo: /data/user_de/0/com.google.android.gms/app_chimera/m/00000016/dl-PlayCloudSearch.optional_262031100000.apk has no usable artifacts
06-30 14:14:10.789 I/artd    ( 3273): GetBestInfo: /data/user_de/0/com.google.android.gms/app_chimera/m/00000014/dl-MlkitOcrCommon.optional_262031100800.apk has no usable artifacts
06-30 14:14:10.790 I/artd    ( 3273): GetBestInfo: /data/user_de/0/com.google.android.gms/app_chimera/m/00000008/dl-VisionOcr.optional_261136100000.apk has no usable artifacts
06-30 14:14:10.791 I/artd    ( 3273): GetBestInfo: /data/user_de/0/com.google.android.gms/app_chimera/m/00000010/dl-Appsearch.optional_262031100800.apk has no usable artifacts
06-30 14:14:10.793 I/artd    ( 3273): GetBestInfo: /data/user_de/0/com.google.android.gms/app_chimera/m/0000000b/dl-Appsearch.optional_261136100800.apk has no usable artifacts
06-30 14:14:10.794 I/artd    ( 3273): GetBestInfo: vdex next to the dex file (/data/user/0/com.google.android.gms/app_dg_cache/9BCBC14EE674B00B958D4B0C5B4BD883630AA39E/oat/x86_64/the.vdex) is kOatUpToDate with filter 'verify' executable 'false'
06-30 14:14:10.796 I/artd    ( 3273): GetBestInfo: /data/user_de/0/com.google.android.gms/app_chimera/m/00000009/dl-MlkitOcrCommon.optional_261136100800.apk has no usable artifacts
06-30 14:14:10.797 I/artd    ( 3273): GetBestInfo: /data/user/0/com.google.android.gms/app_dg_cache/22DA9D7AD8ED7504E0CAC64C41ECDBD7068924E0/the.apk has no usable artifacts
06-30 14:14:10.798 I/artd    ( 3273): GetBestInfo: vdex next to the dex file (/data/user/0/com.google.android.gms/app_dg_cache/FEE57AEA14526BE59FD8AB1365237E7B7A5CE7CB/oat/x86_64/the.vdex) is kOatUpToDate with filter 'verify' executable 'false'
06-30 14:14:10.800 I/artd    ( 3273): GetBestInfo: vdex next to the dex file (/data/user/0/com.google.android.gms/app_dg_cache/1C62BDE86218FBAA50DF06C4A79F5C3FE74B69EC/oat/x86_64/the.vdex) is kOatUpToDate with filter 'verify' executable 'false'
06-30 14:14:10.801 I/artd    ( 3273): GetBestInfo: /data/user_de/0/com.google.android.gms/app_chimera/m/0000000f/dl-VisionOcr.optional_262031100000.apk has no usable artifacts
06-30 14:14:10.803 I/artd    ( 3273): GetBestInfo: /data/user_de/0/com.google.android.gms/app_chimera/m/00000015/dl-MlkitBarcodeUi.optional_262031100800.apk has no usable artifacts
06-30 14:14:10.804 I/artd    ( 3273): GetBestInfo: /data/user_de/0/com.google.android.gms/app_chimera/m/00000007/MeasurementDynamite.apk has no usable artifacts
06-30 14:14:11.748 I/AdbWifiNetworkMonitor(  690): Wi-Fi network available
06-30 14:14:11.748 I/AdbWifiNetworkMonitor(  690): Received the same Wi-Fi SSID. Ignoring.
06-30 14:14:11.749 I/HalDevMgr(  690): bestIfaceCreationProposal is null, requestIface=STA, existingIface=[name=wlan0 type=STA]
06-30 14:14:11.752 I/NullBinder( 1317): NullBinder for android.net.action.RECOMMEND_NETWORKS triggering remote TransactionTooLargeException due to Service without Chimera impl, calling uid: 1000, calling pid: 0
06-30 14:14:11.752 W/libbinder.Binder( 1317): Large reply transaction of 1056768 bytes, interface descriptor , function: UNKNOWN_FUNCTION_NAME, code: 1, flags: 17
06-30 14:14:11.752 D/WM-WorkConstraintsTrack( 2923): NetworkRequestConstraintController onCapabilitiesChanged callback
06-30 14:14:11.753 D/IpClient/wlan0( 1083): interfaceLinkStateChanged: ifindex 16 up
06-30 14:14:11.755 W/libbinder.IPCThreadState(  690): Sending oneway calls to frozen process.
06-30 14:14:11.755 W/libbinder.IPCThreadState(  690): Sending oneway calls to frozen process.
06-30 14:14:11.755 D/WM-WorkConstraintsTrack( 3977): NetworkRequestConstraintController onCapabilitiesChanged callback
06-30 14:14:11.756 W/libbinder.IPCThreadState(  690): Sending oneway calls to frozen process.
06-30 14:14:11.756 W/libbinder.IPCThreadState(  690): Sending oneway calls to frozen process.
06-30 14:14:11.756 I/BugleRcsEngine( 3867): handleMessage processing message:[NOTIFY_UPTIME_IGNORE_STATE_CHANGED] with [non-null]:RcsEngineImpl reference [CONTEXT log_prefix="RcsEngineImpl[DUAL_REG]:[390448b9-d26f]>Handler" thread_id=69 ]
06-30 14:14:11.756 W/libbinder.IPCThreadState(  690): Sending oneway calls to frozen process.
06-30 14:14:11.756 I/BugleRcsEngine( 3867): Connected state: [1], networkType: [WIFI] [CONTEXT thread_id=65 ]
06-30 14:14:11.757 W/libbinder.IPCThreadState(  690): Sending oneway calls to frozen process.
06-30 14:14:11.758 D/IpClient/wlan0( 1083): interfaceLinkStateChanged: ifindex 16 up
06-30 14:14:11.759 D/ConnectivityService(  690): NetReassign [no changes] [c 0] [a 1] [i 0]
06-30 14:14:11.759 I/NearbyMediums( 1317): Wifi changed new SSID: "AndroidWifi"
06-30 14:14:11.759 I/NearbyMediums( 1317): WifiLanConnectivityInfo is not changed, skip notify.
06-30 14:14:11.759 I/BugleRcsEngine( 3867): No RCS Configuration was found in Bugle for simID: redacted-pii:sim_id[chars:20,last3:897] [CONTEXT log_prefix="ProvisioningEngineDataRetriever" thread_id=69 ]
06-30 14:14:12.253 I/NearbySharing( 1317): Network state changed: NetworkState(isRestricted=false, isOnline=true, isCongested=false, isMetered=false, isWifiConnected=true)
06-30 14:14:14.755 I/AdbWifiNetworkMonitor(  690): Wi-Fi network available
06-30 14:14:14.755 I/AdbWifiNetworkMonitor(  690): Received the same Wi-Fi SSID. Ignoring.
06-30 14:14:14.758 I/HalDevMgr(  690): bestIfaceCreationProposal is null, requestIface=STA, existingIface=[name=wlan0 type=STA]
06-30 14:14:14.759 D/WM-WorkConstraintsTrack( 2923): NetworkRequestConstraintController onCapabilitiesChanged callback
06-30 14:14:14.760 I/BugleRcsEngine( 3867): Connected state: [1], networkType: [WIFI] [CONTEXT thread_id=65 ]
06-30 14:14:14.760 W/libbinder.IPCThreadState(  690): Sending oneway calls to frozen process.
06-30 14:14:14.761 W/libbinder.IPCThreadState(  690): Sending oneway calls to frozen process.
06-30 14:14:14.761 I/BugleRcsEngine( 3867): handleMessage processing message:[NOTIFY_UPTIME_IGNORE_STATE_CHANGED] with [non-null]:RcsEngineImpl reference [CONTEXT log_prefix="RcsEngineImpl[DUAL_REG]:[390448b9-d26f]>Handler" thread_id=69 ]
06-30 14:14:14.761 W/libbinder.IPCThreadState(  690): Sending oneway calls to frozen process.
06-30 14:14:14.761 W/libbinder.IPCThreadState(  690): Sending oneway calls to frozen process.
06-30 14:14:14.761 W/libbinder.IPCThreadState(  690): Sending oneway calls to frozen process.
06-30 14:14:14.761 W/libbinder.IPCThreadState(  690): Sending oneway calls to frozen process.
06-30 14:14:14.762 D/WM-WorkConstraintsTrack( 3977): NetworkRequestConstraintController onCapabilitiesChanged callback
06-30 14:14:14.762 I/NullBinder( 1317): NullBinder for android.net.action.RECOMMEND_NETWORKS triggering remote TransactionTooLargeException due to Service without Chimera impl, calling uid: 1000, calling pid: 0
06-30 14:14:14.762 W/libbinder.Binder( 1317): Large reply transaction of 1056768 bytes, interface descriptor , function: UNKNOWN_FUNCTION_NAME, code: 1, flags: 17
06-30 14:14:14.764 D/ConnectivityService(  690): NetReassign [no changes] [c 0] [a 1] [i 0]
06-30 14:14:14.765 I/NearbyMediums( 1317): Wifi changed new SSID: "AndroidWifi"
06-30 14:14:14.765 I/NearbyMediums( 1317): WifiLanConnectivityInfo is not changed, skip notify.
06-30 14:14:14.765 I/BugleRcsEngine( 3867): No RCS Configuration was found in Bugle for simID: redacted-pii:sim_id[chars:20,last3:897] [CONTEXT log_prefix="ProvisioningEngineDataRetriever" thread_id=69 ]
06-30 14:14:15.263 I/NearbySharing( 1317): Network state changed: NetworkState(isRestricted=false, isOnline=true, isCongested=false, isMetered=false, isWifiConnected=true)
06-30 14:14:17.765 I/HalDevMgr(  690): bestIfaceCreationProposal is null, requestIface=STA, existingIface=[name=wlan0 type=STA]
06-30 14:14:18.037 I/wpa_supplicant(  961): wlan0: CTRL-EVENT-BEACON-LOSS 
06-30 14:14:19.521 D/SatelliteController( 1128): isInCarrierRoamingNbIotNtn: satellite is disabled
06-30 14:14:19.521 D/SatelliteController( 1128): getCarrierRoamingNtnConnectType: Checking connect type from PLMN config for subId: 1
06-30 14:14:19.521 D/TelephonyConfigUpdateInstallReceiver( 1128): getConfigParser: domain=satellite
06-30 14:14:19.521 V/SatelliteController( 1128): satelliteConfigParser is not ready
06-30 14:14:19.521 D/SatelliteController( 1128): isSatelliteAttachSupportedViaConfigupdater: return null (satelliteConfig is null)
06-30 14:14:19.521 D/SatelliteController( 1128): getSatellitePerPlmnConfiguration: invalid subId or not supported via carrier.
06-30 14:14:19.521 D/SatelliteController( 1128): getCarrierRoamingNtnConnectType: config: null
06-30 14:14:19.521 D/TelephonyConfigUpdateInstallReceiver( 1128): getConfigParser: domain=satellite
06-30 14:14:19.521 V/SatelliteController( 1128): satelliteConfigParser is not ready
06-30 14:14:19.521 D/SatelliteController( 1128): getCarrierRoamingNtnConnectTypeViaConfigUpdater: return null (satelliteConfig is null)
06-30 14:14:19.521 D/SatelliteController( 1128): getCarrierRoamingNtnConnectType: Falling back to global carrier config connect type: 0
06-30 14:14:19.521 D/TelephonyConfigUpdateInstallReceiver( 1128): getConfigParser: domain=satellite
06-30 14:14:19.521 V/SatelliteController( 1128): satelliteConfigParser is not ready
06-30 14:14:19.522 D/SatelliteController( 1128): isSatelliteAttachSupportedViaConfigupdater: return null (satelliteConfig is null)
06-30 14:14:19.522 D/SatelliteController( 1128): getCarrierRoamingNtnConnectType: Checking connect type from PLMN config for subId: 1
06-30 14:14:19.522 D/TelephonyConfigUpdateInstallReceiver( 1128): getConfigParser: domain=satellite
06-30 14:14:19.522 V/SatelliteController( 1128): satelliteConfigParser is not ready
06-30 14:14:19.522 D/SatelliteController( 1128): isSatelliteAttachSupportedViaConfigupdater: return null (satelliteConfig is null)
06-30 14:14:19.522 D/SatelliteController( 1128): getSatellitePerPlmnConfiguration: invalid subId or not supported via carrier.
06-30 14:14:19.522 D/SatelliteController( 1128): getCarrierRoamingNtnConnectType: config: null
06-30 14:14:19.522 D/TelephonyConfigUpdateInstallReceiver( 1128): getConfigParser: domain=satellite
06-30 14:14:19.522 V/SatelliteController( 1128): satelliteConfigParser is not ready
06-30 14:14:19.522 D/SatelliteController( 1128): getCarrierRoamingNtnConnectTypeViaConfigUpdater: return null (satelliteConfig is null)
06-30 14:14:19.522 D/SatelliteController( 1128): getCarrierRoamingNtnConnectType: Falling back to global carrier config connect type: 0
06-30 14:14:19.523 D/TelephonyConfigUpdateInstallReceiver( 1128): getConfigParser: domain=satellite
06-30 14:14:19.523 V/SatelliteController( 1128): satelliteConfigParser is not ready
06-30 14:14:19.523 D/SatelliteController( 1128): isSatelliteAttachSupportedViaConfigupdater: return null (satelliteConfig is null)
06-30 14:14:19.573 W/skia    (  527): AGTM parsing failed flags.readFromStream(s) at 159
06-30 14:14:19.573 W/skia    (  527): AGTM parsing failed flags.readFromStream(s) at 159
06-30 14:14:20.582 I/adbd    (  539): adbd service requested 'shell,v2,raw:dumpsys package com.google.android.gms'
06-30 14:14:20.704 I/artd    ( 3273): GetBestInfo: odex next to the dex file (/data/app/~~pUpe9D-hsv0lOCLmNQJGyA==/com.google.android.gms-a0e_AySruvvgbDhYG8Z6yQ==/oat/x86_64/base.odex) is kOatUpToDate with filter 'speed-profile' executable 'false'
06-30 14:14:20.705 I/artd    ( 3273): GetBestInfo: dm (/data/app/~~pUpe9D-hsv0lOCLmNQJGyA==/com.google.android.gms-a0e_AySruvvgbDhYG8Z6yQ==/split_AdsDynamite_installtime.dm) is kOatUpToDate with filter 'verify' executable 'false'
06-30 14:14:20.707 I/artd    ( 3273): GetBestInfo: odex next to the dex file (/data/app/~~pUpe9D-hsv0lOCLmNQJGyA==/com.google.android.gms-a0e_AySruvvgbDhYG8Z6yQ==/oat/x86_64/split_CronetDynamite_installtime.odex) is kOatUpToDate with filter 'speed-profile' executable 'false'
06-30 14:14:20.708 I/artd    ( 3273): GetBestInfo: dm (/data/app/~~pUpe9D-hsv0lOCLmNQJGyA==/com.google.android.gms-a0e_AySruvvgbDhYG8Z6yQ==/split_DynamiteLoader_installtime.dm) is kOatUpToDate with filter 'verify' executable 'false'
06-30 14:14:20.709 I/artd    ( 3273): GetBestInfo: dm (/data/app/~~pUpe9D-hsv0lOCLmNQJGyA==/com.google.android.gms-a0e_AySruvvgbDhYG8Z6yQ==/split_DynamiteModulesA_installtime.dm) is kOatUpToDate with filter 'verify' executable 'false'
06-30 14:14:20.710 I/artd    ( 3273): GetBestInfo: dm (/data/app/~~pUpe9D-hsv0lOCLmNQJGyA==/com.google.android.gms-a0e_AySruvvgbDhYG8Z6yQ==/split_DynamiteModulesC_installtime.dm) is kOatUpToDate with filter 'verify' executable 'false'
06-30 14:14:20.712 I/artd    ( 3273): GetBestInfo: dm (/data/app/~~pUpe9D-hsv0lOCLmNQJGyA==/com.google.android.gms-a0e_AySruvvgbDhYG8Z6yQ==/split_GoogleCertificates_installtime.dm) is kOatUpToDate with filter 'verify' executable 'false'
06-30 14:14:20.713 I/artd    ( 3273): GetBestInfo: dm (/data/app/~~pUpe9D-hsv0lOCLmNQJGyA==/com.google.android.gms-a0e_AySruvvgbDhYG8Z6yQ==/split_MapsDynamite_installtime.dm) is kOatUpToDate with filter 'verify' executable 'false'
06-30 14:14:20.714 I/artd    ( 3273): GetBestInfo: dm (/data/app/~~pUpe9D-hsv0lOCLmNQJGyA==/com.google.android.gms-a0e_AySruvvgbDhYG8Z6yQ==/split_MeasurementDynamite_installtime.dm) is kOatUpToDate with filter 'verify' executable 'false'
06-30 14:14:20.715 I/artd    ( 3273): GetBestInfo: /data/user_de/0/com.google.android.gms/app_chimera/m/0000000e/dl-IdentityCredentialsPlatform.optional_262031100800.apk has no usable artifacts
06-30 14:14:20.715 I/artd    ( 3273): GetBestInfo: /data/user_de/0/com.google.android.gms/app_chimera/m/00000001/CronetDynamite.apk has no usable artifacts
06-30 14:14:20.716 I/artd    ( 3273): GetBestInfo: /data/user_de/0/com.google.android.gms/app_chimera/m/00000013/dl-TfliteDynamiteDynamite.integ_252130102100800.apk has no usable artifacts
06-30 14:14:20.716 I/artd    ( 3273): GetBestInfo: /data/user_de/0/com.google.android.gms/app_chimera/m/00000002/DynamiteLoader.apk has no usable artifacts
06-30 14:14:20.718 I/artd    ( 3273): GetBestInfo: /data/user_de/0/com.google.android.gms/app_chimera/m/0000000c/dl-IdentityCredentialsPlatform.optional_261136100800.apk has no usable artifacts
06-30 14:14:20.719 I/artd    ( 3273): GetBestInfo: /data/user_de/0/com.google.android.gms/app_chimera/m/00000005/GoogleCertificates.apk has no usable artifacts
06-30 14:14:20.721 I/artd    ( 3273): GetBestInfo: /data/user_de/0/com.google.android.gms/app_chimera/m/0000000a/dl-TfliteDynamiteDynamite.integ_260580502100800.apk has no usable artifacts
06-30 14:14:20.722 I/artd    ( 3273): GetBestInfo: /data/user_de/0/com.google.android.gms/app_chimera/m/00000016/dl-PlayCloudSearch.optional_262031100000.apk has no usable artifacts
06-30 14:14:20.723 I/artd    ( 3273): GetBestInfo: /data/user_de/0/com.google.android.gms/app_chimera/m/00000014/dl-MlkitOcrCommon.optional_262031100800.apk has no usable artifacts
06-30 14:14:20.725 I/artd    ( 3273): GetBestInfo: /data/user_de/0/com.google.android.gms/app_chimera/m/00000008/dl-VisionOcr.optional_261136100000.apk has no usable artifacts
06-30 14:14:20.726 I/artd    ( 3273): GetBestInfo: /data/user_de/0/com.google.android.gms/app_chimera/m/00000010/dl-Appsearch.optional_262031100800.apk has no usable artifacts
06-30 14:14:20.728 I/artd    ( 3273): GetBestInfo: /data/user_de/0/com.google.android.gms/app_chimera/m/0000000b/dl-Appsearch.optional_261136100800.apk has no usable artifacts
06-30 14:14:20.730 I/artd    ( 3273): GetBestInfo: vdex next to the dex file (/data/user/0/com.google.android.gms/app_dg_cache/9BCBC14EE674B00B958D4B0C5B4BD883630AA39E/oat/x86_64/the.vdex) is kOatUpToDate with filter 'verify' executable 'false'
06-30 14:14:20.731 I/artd    ( 3273): GetBestInfo: /data/user_de/0/com.google.android.gms/app_chimera/m/00000009/dl-MlkitOcrCommon.optional_261136100800.apk has no usable artifacts
06-30 14:14:20.732 I/artd    ( 3273): GetBestInfo: /data/user/0/com.google.android.gms/app_dg_cache/22DA9D7AD8ED7504E0CAC64C41ECDBD7068924E0/the.apk has no usable artifacts
06-30 14:14:20.734 I/artd    ( 3273): GetBestInfo: vdex next to the dex file (/data/user/0/com.google.android.gms/app_dg_cache/FEE57AEA14526BE59FD8AB1365237E7B7A5CE7CB/oat/x86_64/the.vdex) is kOatUpToDate with filter 'verify' executable 'false'
06-30 14:14:20.735 I/artd    ( 3273): GetBestInfo: vdex next to the dex file (/data/user/0/com.google.android.gms/app_dg_cache/1C62BDE86218FBAA50DF06C4A79F5C3FE74B69EC/oat/x86_64/the.vdex) is kOatUpToDate with filter 'verify' executable 'false'
06-30 14:14:20.736 I/artd    ( 3273): GetBestInfo: /data/user_de/0/com.google.android.gms/app_chimera/m/0000000f/dl-VisionOcr.optional_262031100000.apk has no usable artifacts
06-30 14:14:20.737 I/artd    ( 3273): GetBestInfo: /data/user_de/0/com.google.android.gms/app_chimera/m/00000015/dl-MlkitBarcodeUi.optional_262031100800.apk has no usable artifacts
06-30 14:14:20.739 I/artd    ( 3273): GetBestInfo: /data/user_de/0/com.google.android.gms/app_chimera/m/00000007/MeasurementDynamite.apk has no usable artifacts
06-30 14:14:20.769 I/AdbWifiNetworkMonitor(  690): Wi-Fi network available
06-30 14:14:20.770 I/AdbWifiNetworkMonitor(  690): Received the same Wi-Fi SSID. Ignoring.
06-30 14:14:20.772 D/WM-WorkConstraintsTrack( 2923): NetworkRequestConstraintController onCapabilitiesChanged callback
06-30 14:14:20.773 I/HalDevMgr(  690): bestIfaceCreationProposal is null, requestIface=STA, existingIface=[name=wlan0 type=STA]
06-30 14:14:20.773 I/NullBinder( 1317): NullBinder for android.net.action.RECOMMEND_NETWORKS triggering remote TransactionTooLargeException due to Service without Chimera impl, calling uid: 1000, calling pid: 0
06-30 14:14:20.773 W/libbinder.Binder( 1317): Large reply transaction of 1056768 bytes, interface descriptor , function: UNKNOWN_FUNCTION_NAME, code: 1, flags: 17
06-30 14:14:20.775 W/libbinder.IPCThreadState(  690): Sending oneway calls to frozen process.
06-30 14:14:20.775 W/libbinder.IPCThreadState(  690): Sending oneway calls to frozen process.
06-30 14:14:20.775 W/libbinder.IPCThreadState(  690): Sending oneway calls to frozen process.
06-30 14:14:20.775 I/BugleRcsEngine( 3867): Connected state: [1], networkType: [WIFI] [CONTEXT thread_id=65 ]
06-30 14:14:20.775 I/BugleRcsEngine( 3867): handleMessage processing message:[NOTIFY_UPTIME_IGNORE_STATE_CHANGED] with [non-null]:RcsEngineImpl reference [CONTEXT log_prefix="RcsEngineImpl[DUAL_REG]:[390448b9-d26f]>Handler" thread_id=69 ]
06-30 14:14:20.775 W/libbinder.IPCThreadState(  690): Sending oneway calls to frozen process.
06-30 14:14:20.775 W/libbinder.IPCThreadState(  690): Sending oneway calls to frozen process.
06-30 14:14:20.775 W/libbinder.IPCThreadState(  690): Sending oneway calls to frozen process.
06-30 14:14:20.776 D/WM-WorkConstraintsTrack( 3977): NetworkRequestConstraintController onCapabilitiesChanged callback
06-30 14:14:20.777 I/NearbyMediums( 1317): Wifi changed new SSID: "AndroidWifi"
06-30 14:14:20.777 I/NearbyMediums( 1317): WifiLanConnectivityInfo is not changed, skip notify.
06-30 14:14:20.777 D/ConnectivityService(  690): NetReassign [no changes] [c 0] [a 1] [i 1]
06-30 14:14:20.779 I/BugleRcsEngine( 3867): No RCS Configuration was found in Bugle for simID: redacted-pii:sim_id[chars:20,last3:897] [CONTEXT log_prefix="ProvisioningEngineDataRetriever" thread_id=69 ]
06-30 14:14:21.277 I/NearbySharing( 1317): Network state changed: NetworkState(isRestricted=false, isOnline=true, isCongested=false, isMetered=false, isWifiConnected=true)
06-30 14:14:23.781 I/HalDevMgr(  690): bestIfaceCreationProposal is null, requestIface=STA, existingIface=[name=wlan0 type=STA]
06-30 14:14:25.974 I/wpa_supplicant(  961): wlan0: CTRL-EVENT-BEACON-LOSS 
06-30 14:14:26.786 I/AdbWifiNetworkMonitor(  690): Wi-Fi network available
06-30 14:14:26.786 I/AdbWifiNetworkMonitor(  690): Received the same Wi-Fi SSID. Ignoring.
06-30 14:14:26.789 I/HalDevMgr(  690): bestIfaceCreationProposal is null, requestIface=STA, existingIface=[name=wlan0 type=STA]
06-30 14:14:26.791 I/NullBinder( 1317): NullBinder for android.net.action.RECOMMEND_NETWORKS triggering remote TransactionTooLargeException due to Service without Chimera impl, calling uid: 1000, calling pid: 0
06-30 14:14:26.791 W/libbinder.Binder( 1317): Large reply transaction of 1056768 bytes, interface descriptor , function: UNKNOWN_FUNCTION_NAME, code: 1, flags: 17
06-30 14:14:26.792 D/WM-WorkConstraintsTrack( 2923): NetworkRequestConstraintController onCapabilitiesChanged callback
06-30 14:14:26.793 I/BugleRcsEngine( 3867): Connected state: [1], networkType: [WIFI] [CONTEXT thread_id=65 ]
06-30 14:14:26.794 I/BugleRcsEngine( 3867): handleMessage processing message:[NOTIFY_UPTIME_IGNORE_STATE_CHANGED] with [non-null]:RcsEngineImpl reference [CONTEXT log_prefix="RcsEngineImpl[DUAL_REG]:[390448b9-d26f]>Handler" thread_id=69 ]
06-30 14:14:26.794 D/WM-WorkConstraintsTrack( 3977): NetworkRequestConstraintController onCapabilitiesChanged callback
06-30 14:14:26.794 W/libbinder.IPCThreadState(  690): Sending oneway calls to frozen process.
06-30 14:14:26.794 W/libbinder.IPCThreadState(  690): Sending oneway calls to frozen process.
06-30 14:14:26.795 W/libbinder.IPCThreadState(  690): Sending oneway calls to frozen process.
06-30 14:14:26.795 W/libbinder.IPCThreadState(  690): Sending oneway calls to frozen process.
06-30 14:14:26.795 W/libbinder.IPCThreadState(  690): Sending oneway calls to frozen process.
06-30 14:14:26.795 W/libbinder.IPCThreadState(  690): Sending oneway calls to frozen process.
06-30 14:14:26.796 D/ConnectivityService(  690): NetReassign [no changes] [c 0] [a 0] [i 1]
06-30 14:14:26.797 I/NearbyMediums( 1317): Wifi changed new SSID: "AndroidWifi"
06-30 14:14:26.797 I/NearbyMediums( 1317): WifiLanConnectivityInfo is not changed, skip notify.
06-30 14:14:26.797 I/BugleRcsEngine( 3867): No RCS Configuration was found in Bugle for simID: redacted-pii:sim_id[chars:20,last3:897] [CONTEXT log_prefix="ProvisioningEngineDataRetriever" thread_id=69 ]
06-30 14:14:27.294 I/NearbySharing( 1317): Network state changed: NetworkState(isRestricted=false, isOnline=true, isCongested=false, isMetered=false, isWifiConnected=true)
06-30 14:14:29.521 D/SatelliteController( 1128): isInCarrierRoamingNbIotNtn: satellite is disabled
06-30 14:14:29.521 D/SatelliteController( 1128): getCarrierRoamingNtnConnectType: Checking connect type from PLMN config for subId: 1
06-30 14:14:29.521 D/TelephonyConfigUpdateInstallReceiver( 1128): getConfigParser: domain=satellite
06-30 14:14:29.521 V/SatelliteController( 1128): satelliteConfigParser is not ready
06-30 14:14:29.521 D/SatelliteController( 1128): isSatelliteAttachSupportedViaConfigupdater: return null (satelliteConfig is null)
06-30 14:14:29.521 D/SatelliteController( 1128): getSatellitePerPlmnConfiguration: invalid subId or not supported via carrier.
06-30 14:14:29.521 D/SatelliteController( 1128): getCarrierRoamingNtnConnectType: config: null
06-30 14:14:29.521 D/TelephonyConfigUpdateInstallReceiver( 1128): getConfigParser: domain=satellite
06-30 14:14:29.521 V/SatelliteController( 1128): satelliteConfigParser is not ready
06-30 14:14:29.521 D/SatelliteController( 1128): getCarrierRoamingNtnConnectTypeViaConfigUpdater: return null (satelliteConfig is null)
06-30 14:14:29.522 D/SatelliteController( 1128): getCarrierRoamingNtnConnectType: Falling back to global carrier config connect type: 0
06-30 14:14:29.522 D/TelephonyConfigUpdateInstallReceiver( 1128): getConfigParser: domain=satellite
06-30 14:14:29.522 V/SatelliteController( 1128): satelliteConfigParser is not ready
06-30 14:14:29.522 D/SatelliteController( 1128): isSatelliteAttachSupportedViaConfigupdater: return null (satelliteConfig is null)
06-30 14:14:29.522 D/SatelliteController( 1128): getCarrierRoamingNtnConnectType: Checking connect type from PLMN config for subId: 1
06-30 14:14:29.522 D/TelephonyConfigUpdateInstallReceiver( 1128): getConfigParser: domain=satellite
06-30 14:14:29.522 V/SatelliteController( 1128): satelliteConfigParser is not ready
06-30 14:14:29.522 D/SatelliteController( 1128): isSatelliteAttachSupportedViaConfigupdater: return null (satelliteConfig is null)
06-30 14:14:29.522 D/SatelliteController( 1128): getSatellitePerPlmnConfiguration: invalid subId or not supported via carrier.
06-30 14:14:29.523 D/SatelliteController( 1128): getCarrierRoamingNtnConnectType: config: null
06-30 14:14:29.523 D/TelephonyConfigUpdateInstallReceiver( 1128): getConfigParser: domain=satellite
06-30 14:14:29.523 V/SatelliteController( 1128): satelliteConfigParser is not ready
06-30 14:14:29.523 D/SatelliteController( 1128): getCarrierRoamingNtnConnectTypeViaConfigUpdater: return null (satelliteConfig is null)
06-30 14:14:29.523 D/SatelliteController( 1128): getCarrierRoamingNtnConnectType: Falling back to global carrier config connect type: 0
06-30 14:14:29.523 D/TelephonyConfigUpdateInstallReceiver( 1128): getConfigParser: domain=satellite
06-30 14:14:29.523 V/SatelliteController( 1128): satelliteConfigParser is not ready
06-30 14:14:29.523 D/SatelliteController( 1128): isSatelliteAttachSupportedViaConfigupdater: return null (satelliteConfig is null)
06-30 14:14:29.796 I/HalDevMgr(  690): bestIfaceCreationProposal is null, requestIface=STA, existingIface=[name=wlan0 type=STA]
06-30 14:14:30.589 I/adbd    (  539): adbd service requested 'shell,v2,raw:dumpsys package com.google.android.gms'
06-30 14:14:30.722 I/artd    ( 3273): GetBestInfo: odex next to the dex file (/data/app/~~pUpe9D-hsv0lOCLmNQJGyA==/com.google.android.gms-a0e_AySruvvgbDhYG8Z6yQ==/oat/x86_64/base.odex) is kOatUpToDate with filter 'speed-profile' executable 'false'
06-30 14:14:30.724 I/artd    ( 3273): GetBestInfo: dm (/data/app/~~pUpe9D-hsv0lOCLmNQJGyA==/com.google.android.gms-a0e_AySruvvgbDhYG8Z6yQ==/split_AdsDynamite_installtime.dm) is kOatUpToDate with filter 'verify' executable 'false'
06-30 14:14:30.725 I/artd    ( 3273): GetBestInfo: odex next to the dex file (/data/app/~~pUpe9D-hsv0lOCLmNQJGyA==/com.google.android.gms-a0e_AySruvvgbDhYG8Z6yQ==/oat/x86_64/split_CronetDynamite_installtime.odex) is kOatUpToDate with filter 'speed-profile' executable 'false'
06-30 14:14:30.726 I/artd    ( 3273): GetBestInfo: dm (/data/app/~~pUpe9D-hsv0lOCLmNQJGyA==/com.google.android.gms-a0e_AySruvvgbDhYG8Z6yQ==/split_DynamiteLoader_installtime.dm) is kOatUpToDate with filter 'verify' executable 'false'
06-30 14:14:30.727 I/artd    ( 3273): GetBestInfo: dm (/data/app/~~pUpe9D-hsv0lOCLmNQJGyA==/com.google.android.gms-a0e_AySruvvgbDhYG8Z6yQ==/split_DynamiteModulesA_installtime.dm) is kOatUpToDate with filter 'verify' executable 'false'
06-30 14:14:30.729 I/artd    ( 3273): GetBestInfo: dm (/data/app/~~pUpe9D-hsv0lOCLmNQJGyA==/com.google.android.gms-a0e_AySruvvgbDhYG8Z6yQ==/split_DynamiteModulesC_installtime.dm) is kOatUpToDate with filter 'verify' executable 'false'
06-30 14:14:30.730 I/artd    ( 3273): GetBestInfo: dm (/data/app/~~pUpe9D-hsv0lOCLmNQJGyA==/com.google.android.gms-a0e_AySruvvgbDhYG8Z6yQ==/split_GoogleCertificates_installtime.dm) is kOatUpToDate with filter 'verify' executable 'false'
06-30 14:14:30.731 I/artd    ( 3273): GetBestInfo: dm (/data/app/~~pUpe9D-hsv0lOCLmNQJGyA==/com.google.android.gms-a0e_AySruvvgbDhYG8Z6yQ==/split_MapsDynamite_installtime.dm) is kOatUpToDate with filter 'verify' executable 'false'
06-30 14:14:30.732 I/artd    ( 3273): GetBestInfo: dm (/data/app/~~pUpe9D-hsv0lOCLmNQJGyA==/com.google.android.gms-a0e_AySruvvgbDhYG8Z6yQ==/split_MeasurementDynamite_installtime.dm) is kOatUpToDate with filter 'verify' executable 'false'
06-30 14:14:30.733 I/artd    ( 3273): GetBestInfo: /data/user_de/0/com.google.android.gms/app_chimera/m/0000000e/dl-IdentityCredentialsPlatform.optional_262031100800.apk has no usable artifacts
06-30 14:14:30.734 I/artd    ( 3273): GetBestInfo: /data/user_de/0/com.google.android.gms/app_chimera/m/00000001/CronetDynamite.apk has no usable artifacts
06-30 14:14:30.735 I/artd    ( 3273): GetBestInfo: /data/user_de/0/com.google.android.gms/app_chimera/m/00000013/dl-TfliteDynamiteDynamite.integ_252130102100800.apk has no usable artifacts
06-30 14:14:30.735 I/artd    ( 3273): GetBestInfo: /data/user_de/0/com.google.android.gms/app_chimera/m/00000002/DynamiteLoader.apk has no usable artifacts
06-30 14:14:30.737 I/artd    ( 3273): GetBestInfo: /data/user_de/0/com.google.android.gms/app_chimera/m/0000000c/dl-IdentityCredentialsPlatform.optional_261136100800.apk has no usable artifacts
06-30 14:14:30.737 I/artd    ( 3273): GetBestInfo: /data/user_de/0/com.google.android.gms/app_chimera/m/00000005/GoogleCertificates.apk has no usable artifacts
06-30 14:14:30.738 I/artd    ( 3273): GetBestInfo: /data/user_de/0/com.google.android.gms/app_chimera/m/0000000a/dl-TfliteDynamiteDynamite.integ_260580502100800.apk has no usable artifacts
06-30 14:14:30.739 I/artd    ( 3273): GetBestInfo: /data/user_de/0/com.google.android.gms/app_chimera/m/00000016/dl-PlayCloudSearch.optional_262031100000.apk has no usable artifacts
06-30 14:14:30.740 I/artd    ( 3273): GetBestInfo: /data/user_de/0/com.google.android.gms/app_chimera/m/00000014/dl-MlkitOcrCommon.optional_262031100800.apk has no usable artifacts
06-30 14:14:30.742 I/artd    ( 3273): GetBestInfo: /data/user_de/0/com.google.android.gms/app_chimera/m/00000008/dl-VisionOcr.optional_261136100000.apk has no usable artifacts
06-30 14:14:30.743 I/artd    ( 3273): GetBestInfo: /data/user_de/0/com.google.android.gms/app_chimera/m/00000010/dl-Appsearch.optional_262031100800.apk has no usable artifacts
06-30 14:14:30.745 I/artd    ( 3273): GetBestInfo: /data/user_de/0/com.google.android.gms/app_chimera/m/0000000b/dl-Appsearch.optional_261136100800.apk has no usable artifacts
06-30 14:14:30.746 I/artd    ( 3273): GetBestInfo: vdex next to the dex file (/data/user/0/com.google.android.gms/app_dg_cache/9BCBC14EE674B00B958D4B0C5B4BD883630AA39E/oat/x86_64/the.vdex) is kOatUpToDate with filter 'verify' executable 'false'
06-30 14:14:30.747 I/artd    ( 3273): GetBestInfo: /data/user_de/0/com.google.android.gms/app_chimera/m/00000009/dl-MlkitOcrCommon.optional_261136100800.apk has no usable artifacts
06-30 14:14:30.748 I/artd    ( 3273): GetBestInfo: /data/user/0/com.google.android.gms/app_dg_cache/22DA9D7AD8ED7504E0CAC64C41ECDBD7068924E0/the.apk has no usable artifacts
06-30 14:14:30.750 I/artd    ( 3273): GetBestInfo: vdex next to the dex file (/data/user/0/com.google.android.gms/app_dg_cache/FEE57AEA14526BE59FD8AB1365237E7B7A5CE7CB/oat/x86_64/the.vdex) is kOatUpToDate with filter 'verify' executable 'false'
06-30 14:14:30.751 I/artd    ( 3273): GetBestInfo: vdex next to the dex file (/data/user/0/com.google.android.gms/app_dg_cache/1C62BDE86218FBAA50DF06C4A79F5C3FE74B69EC/oat/x86_64/the.vdex) is kOatUpToDate with filter 'verify' executable 'false'
06-30 14:14:30.752 I/artd    ( 3273): GetBestInfo: /data/user_de/0/com.google.android.gms/app_chimera/m/0000000f/dl-VisionOcr.optional_262031100000.apk has no usable artifacts
06-30 14:14:30.753 I/artd    ( 3273): GetBestInfo: /data/user_de/0/com.google.android.gms/app_chimera/m/00000015/dl-MlkitBarcodeUi.optional_262031100800.apk has no usable artifacts
06-30 14:14:30.754 I/artd    ( 3273): GetBestInfo: /data/user_de/0/com.google.android.gms/app_chimera/m/00000007/MeasurementDynamite.apk has no usable artifacts
06-30 14:14:32.803 I/HalDevMgr(  690): bestIfaceCreationProposal is null, requestIface=STA, existingIface=[name=wlan0 type=STA]
06-30 14:14:33.910 I/wpa_supplicant(  961): wlan0: CTRL-EVENT-BEACON-LOSS 
06-30 14:14:35.806 I/HalDevMgr(  690): bestIfaceCreationProposal is null, requestIface=STA, existingIface=[name=wlan0 type=STA]
06-30 14:14:38.814 I/HalDevMgr(  690): bestIfaceCreationProposal is null, requestIface=STA, existingIface=[name=wlan0 type=STA]
06-30 14:14:39.520 D/SatelliteController( 1128): isInCarrierRoamingNbIotNtn: satellite is disabled
06-30 14:14:39.520 D/SatelliteController( 1128): getCarrierRoamingNtnConnectType: Checking connect type from PLMN config for subId: 1
06-30 14:14:39.520 D/TelephonyConfigUpdateInstallReceiver( 1128): getConfigParser: domain=satellite
06-30 14:14:39.520 V/SatelliteController( 1128): satelliteConfigParser is not ready
06-30 14:14:39.520 D/SatelliteController( 1128): isSatelliteAttachSupportedViaConfigupdater: return null (satelliteConfig is null)
06-30 14:14:39.521 D/SatelliteController( 1128): getSatellitePerPlmnConfiguration: invalid subId or not supported via carrier.
06-30 14:14:39.521 D/SatelliteController( 1128): getCarrierRoamingNtnConnectType: config: null
06-30 14:14:39.521 D/TelephonyConfigUpdateInstallReceiver( 1128): getConfigParser: domain=satellite
06-30 14:14:39.521 V/SatelliteController( 1128): satelliteConfigParser is not ready
06-30 14:14:39.521 D/SatelliteController( 1128): getCarrierRoamingNtnConnectTypeViaConfigUpdater: return null (satelliteConfig is null)
06-30 14:14:39.521 D/SatelliteController( 1128): getCarrierRoamingNtnConnectType: Falling back to global carrier config connect type: 0
06-30 14:14:39.521 D/TelephonyConfigUpdateInstallReceiver( 1128): getConfigParser: domain=satellite
06-30 14:14:39.521 V/SatelliteController( 1128): satelliteConfigParser is not ready
06-30 14:14:39.521 D/SatelliteController( 1128): isSatelliteAttachSupportedViaConfigupdater: return null (satelliteConfig is null)
06-30 14:14:39.522 D/SatelliteController( 1128): getCarrierRoamingNtnConnectType: Checking connect type from PLMN config for subId: 1
06-30 14:14:39.522 D/TelephonyConfigUpdateInstallReceiver( 1128): getConfigParser: domain=satellite
06-30 14:14:39.522 V/SatelliteController( 1128): satelliteConfigParser is not ready
06-30 14:14:39.522 D/SatelliteController( 1128): isSatelliteAttachSupportedViaConfigupdater: return null (satelliteConfig is null)
06-30 14:14:39.522 D/SatelliteController( 1128): getSatellitePerPlmnConfiguration: invalid subId or not supported via carrier.
06-30 14:14:39.522 D/SatelliteController( 1128): getCarrierRoamingNtnConnectType: config: null
06-30 14:14:39.522 D/TelephonyConfigUpdateInstallReceiver( 1128): getConfigParser: domain=satellite
06-30 14:14:39.522 V/SatelliteController( 1128): satelliteConfigParser is not ready
06-30 14:14:39.522 D/SatelliteController( 1128): getCarrierRoamingNtnConnectTypeViaConfigUpdater: return null (satelliteConfig is null)
06-30 14:14:39.522 D/SatelliteController( 1128): getCarrierRoamingNtnConnectType: Falling back to global carrier config connect type: 0
06-30 14:14:39.522 D/TelephonyConfigUpdateInstallReceiver( 1128): getConfigParser: domain=satellite
06-30 14:14:39.522 V/SatelliteController( 1128): satelliteConfigParser is not ready
06-30 14:14:39.522 D/SatelliteController( 1128): isSatelliteAttachSupportedViaConfigupdater: return null (satelliteConfig is null)
06-30 14:14:40.598 I/adbd    (  539): adbd service requested 'shell,v2,raw:dumpsys package com.google.android.gms'
06-30 14:14:40.757 I/artd    ( 3273): GetBestInfo: odex next to the dex file (/data/app/~~pUpe9D-hsv0lOCLmNQJGyA==/com.google.android.gms-a0e_AySruvvgbDhYG8Z6yQ==/oat/x86_64/base.odex) is kOatUpToDate with filter 'speed-profile' executable 'false'
06-30 14:14:40.759 I/artd    ( 3273): GetBestInfo: dm (/data/app/~~pUpe9D-hsv0lOCLmNQJGyA==/com.google.android.gms-a0e_AySruvvgbDhYG8Z6yQ==/split_AdsDynamite_installtime.dm) is kOatUpToDate with filter 'verify' executable 'false'
06-30 14:14:40.760 I/artd    ( 3273): GetBestInfo: odex next to the dex file (/data/app/~~pUpe9D-hsv0lOCLmNQJGyA==/com.google.android.gms-a0e_AySruvvgbDhYG8Z6yQ==/oat/x86_64/split_CronetDynamite_installtime.odex) is kOatUpToDate with filter 'speed-profile' executable 'false'
06-30 14:14:40.762 I/artd    ( 3273): GetBestInfo: dm (/data/app/~~pUpe9D-hsv0lOCLmNQJGyA==/com.google.android.gms-a0e_AySruvvgbDhYG8Z6yQ==/split_DynamiteLoader_installtime.dm) is kOatUpToDate with filter 'verify' executable 'false'
06-30 14:14:40.763 I/artd    ( 3273): GetBestInfo: dm (/data/app/~~pUpe9D-hsv0lOCLmNQJGyA==/com.google.android.gms-a0e_AySruvvgbDhYG8Z6yQ==/split_DynamiteModulesA_installtime.dm) is kOatUpToDate with filter 'verify' executable 'false'
06-30 14:14:40.764 I/artd    ( 3273): GetBestInfo: dm (/data/app/~~pUpe9D-hsv0lOCLmNQJGyA==/com.google.android.gms-a0e_AySruvvgbDhYG8Z6yQ==/split_DynamiteModulesC_installtime.dm) is kOatUpToDate with filter 'verify' executable 'false'
06-30 14:14:40.765 I/artd    ( 3273): GetBestInfo: dm (/data/app/~~pUpe9D-hsv0lOCLmNQJGyA==/com.google.android.gms-a0e_AySruvvgbDhYG8Z6yQ==/split_GoogleCertificates_installtime.dm) is kOatUpToDate with filter 'verify' executable 'false'
06-30 14:14:40.766 I/artd    ( 3273): GetBestInfo: dm (/data/app/~~pUpe9D-hsv0lOCLmNQJGyA==/com.google.android.gms-a0e_AySruvvgbDhYG8Z6yQ==/split_MapsDynamite_installtime.dm) is kOatUpToDate with filter 'verify' executable 'false'
06-30 14:14:40.768 I/artd    ( 3273): GetBestInfo: dm (/data/app/~~pUpe9D-hsv0lOCLmNQJGyA==/com.google.android.gms-a0e_AySruvvgbDhYG8Z6yQ==/split_MeasurementDynamite_installtime.dm) is kOatUpToDate with filter 'verify' executable 'false'
06-30 14:14:40.769 I/artd    ( 3273): GetBestInfo: /data/user_de/0/com.google.android.gms/app_chimera/m/0000000e/dl-IdentityCredentialsPlatform.optional_262031100800.apk has no usable artifacts
06-30 14:14:40.770 I/artd    ( 3273): GetBestInfo: /data/user_de/0/com.google.android.gms/app_chimera/m/00000001/CronetDynamite.apk has no usable artifacts
06-30 14:14:40.771 I/artd    ( 3273): GetBestInfo: /data/user_de/0/com.google.android.gms/app_chimera/m/00000013/dl-TfliteDynamiteDynamite.integ_252130102100800.apk has no usable artifacts
06-30 14:14:40.772 I/artd    ( 3273): GetBestInfo: /data/user_de/0/com.google.android.gms/app_chimera/m/00000002/DynamiteLoader.apk has no usable artifacts
06-30 14:14:40.774 I/artd    ( 3273): GetBestInfo: /data/user_de/0/com.google.android.gms/app_chimera/m/0000000c/dl-IdentityCredentialsPlatform.optional_261136100800.apk has no usable artifacts
06-30 14:14:40.774 I/artd    ( 3273): GetBestInfo: /data/user_de/0/com.google.android.gms/app_chimera/m/00000005/GoogleCertificates.apk has no usable artifacts
06-30 14:14:40.776 I/artd    ( 3273): GetBestInfo: /data/user_de/0/com.google.android.gms/app_chimera/m/0000000a/dl-TfliteDynamiteDynamite.integ_260580502100800.apk has no usable artifacts
06-30 14:14:40.777 I/artd    ( 3273): GetBestInfo: /data/user_de/0/com.google.android.gms/app_chimera/m/00000016/dl-PlayCloudSearch.optional_262031100000.apk has no usable artifacts
06-30 14:14:40.778 I/artd    ( 3273): GetBestInfo: /data/user_de/0/com.google.android.gms/app_chimera/m/00000014/dl-MlkitOcrCommon.optional_262031100800.apk has no usable artifacts
06-30 14:14:40.780 I/artd    ( 3273): GetBestInfo: /data/user_de/0/com.google.android.gms/app_chimera/m/00000008/dl-VisionOcr.optional_261136100000.apk has no usable artifacts
06-30 14:14:40.781 I/artd    ( 3273): GetBestInfo: /data/user_de/0/com.google.android.gms/app_chimera/m/00000010/dl-Appsearch.optional_262031100800.apk has no usable artifacts
06-30 14:14:40.783 I/artd    ( 3273): GetBestInfo: /data/user_de/0/com.google.android.gms/app_chimera/m/0000000b/dl-Appsearch.optional_261136100800.apk has no usable artifacts
06-30 14:14:40.784 I/artd    ( 3273): GetBestInfo: vdex next to the dex file (/data/user/0/com.google.android.gms/app_dg_cache/9BCBC14EE674B00B958D4B0C5B4BD883630AA39E/oat/x86_64/the.vdex) is kOatUpToDate with filter 'verify' executable 'false'
06-30 14:14:40.786 I/artd    ( 3273): GetBestInfo: /data/user_de/0/com.google.android.gms/app_chimera/m/00000009/dl-MlkitOcrCommon.optional_261136100800.apk has no usable artifacts
06-30 14:14:40.787 I/artd    ( 3273): GetBestInfo: /data/user/0/com.google.android.gms/app_dg_cache/22DA9D7AD8ED7504E0CAC64C41ECDBD7068924E0/the.apk has no usable artifacts
06-30 14:14:40.789 I/artd    ( 3273): GetBestInfo: vdex next to the dex file (/data/user/0/com.google.android.gms/app_dg_cache/FEE57AEA14526BE59FD8AB1365237E7B7A5CE7CB/oat/x86_64/the.vdex) is kOatUpToDate with filter 'verify' executable 'false'
06-30 14:14:40.790 I/artd    ( 3273): GetBestInfo: vdex next to the dex file (/data/user/0/com.google.android.gms/app_dg_cache/1C62BDE86218FBAA50DF06C4A79F5C3FE74B69EC/oat/x86_64/the.vdex) is kOatUpToDate with filter 'verify' executable 'false'
06-30 14:14:40.792 I/artd    ( 3273): GetBestInfo: /data/user_de/0/com.google.android.gms/app_chimera/m/0000000f/dl-VisionOcr.optional_262031100000.apk has no usable artifacts
06-30 14:14:40.793 I/artd    ( 3273): GetBestInfo: /data/user_de/0/com.google.android.gms/app_chimera/m/00000015/dl-MlkitBarcodeUi.optional_262031100800.apk has no usable artifacts
06-30 14:14:40.794 I/artd    ( 3273): GetBestInfo: /data/user_de/0/com.google.android.gms/app_chimera/m/00000007/MeasurementDynamite.apk has no usable artifacts
06-30 14:14:41.822 I/HalDevMgr(  690): bestIfaceCreationProposal is null, requestIface=STA, existingIface=[name=wlan0 type=STA]
06-30 14:14:42.101 I/wpa_supplicant(  961): wlan0: CTRL-EVENT-BEACON-LOSS 
06-30 14:14:44.829 I/HalDevMgr(  690): bestIfaceCreationProposal is null, requestIface=STA, existingIface=[name=wlan0 type=STA]
06-30 14:14:46.482 I/Finsky  ( 4591): [41] Stats for Executor: LightweightExecutor wgz@b4ff2b7[Running, pool size = 3, active threads = 0, queued tasks = 0, completed tasks = 558]
06-30 14:14:46.496 I/Finsky  ( 4591): [41] Stats for Executor: BlockingExecutor wgz@ec68d45[Running, pool size = 0, active threads = 0, queued tasks = 0, completed tasks = 154]
06-30 14:14:46.534 I/Finsky  ( 4591): [41] Stats for Executor: bgExecutor wgz@18760dd[Running, pool size = 4, active threads = 0, queued tasks = 0, completed tasks = 1155]
06-30 14:14:47.836 I/HalDevMgr(  690): bestIfaceCreationProposal is null, requestIface=STA, existingIface=[name=wlan0 type=STA]
06-30 14:14:49.520 D/SatelliteController( 1128): isInCarrierRoamingNbIotNtn: satellite is disabled
06-30 14:14:49.520 D/SatelliteController( 1128): getCarrierRoamingNtnConnectType: Checking connect type from PLMN config for subId: 1
06-30 14:14:49.520 D/TelephonyConfigUpdateInstallReceiver( 1128): getConfigParser: domain=satellite
06-30 14:14:49.520 V/SatelliteController( 1128): satelliteConfigParser is not ready
06-30 14:14:49.520 D/SatelliteController( 1128): isSatelliteAttachSupportedViaConfigupdater: return null (satelliteConfig is null)
06-30 14:14:49.521 D/SatelliteController( 1128): getSatellitePerPlmnConfiguration: invalid subId or not supported via carrier.
06-30 14:14:49.521 D/SatelliteController( 1128): getCarrierRoamingNtnConnectType: config: null
06-30 14:14:49.521 D/TelephonyConfigUpdateInstallReceiver( 1128): getConfigParser: domain=satellite
06-30 14:14:49.521 V/SatelliteController( 1128): satelliteConfigParser is not ready
06-30 14:14:49.521 D/SatelliteController( 1128): getCarrierRoamingNtnConnectTypeViaConfigUpdater: return null (satelliteConfig is null)
06-30 14:14:49.521 D/SatelliteController( 1128): getCarrierRoamingNtnConnectType: Falling back to global carrier config connect type: 0
06-30 14:14:49.521 D/TelephonyConfigUpdateInstallReceiver( 1128): getConfigParser: domain=satellite
06-30 14:14:49.521 V/SatelliteController( 1128): satelliteConfigParser is not ready
06-30 14:14:49.521 D/SatelliteController( 1128): isSatelliteAttachSupportedViaConfigupdater: return null (satelliteConfig is null)
06-30 14:14:49.521 D/SatelliteController( 1128): getCarrierRoamingNtnConnectType: Checking connect type from PLMN config for subId: 1
06-30 14:14:49.521 D/TelephonyConfigUpdateInstallReceiver( 1128): getConfigParser: domain=satellite
06-30 14:14:49.521 V/SatelliteController( 1128): satelliteConfigParser is not ready
06-30 14:14:49.521 D/SatelliteController( 1128): isSatelliteAttachSupportedViaConfigupdater: return null (satelliteConfig is null)
06-30 14:14:49.521 D/SatelliteController( 1128): getSatellitePerPlmnConfiguration: invalid subId or not supported via carrier.
06-30 14:14:49.521 D/SatelliteController( 1128): getCarrierRoamingNtnConnectType: config: null
06-30 14:14:49.522 D/TelephonyConfigUpdateInstallReceiver( 1128): getConfigParser: domain=satellite
06-30 14:14:49.522 V/SatelliteController( 1128): satelliteConfigParser is not ready
06-30 14:14:49.522 D/SatelliteController( 1128): getCarrierRoamingNtnConnectTypeViaConfigUpdater: return null (satelliteConfig is null)
06-30 14:14:49.522 D/SatelliteController( 1128): getCarrierRoamingNtnConnectType: Falling back to global carrier config connect type: 0
06-30 14:14:49.523 D/TelephonyConfigUpdateInstallReceiver( 1128): getConfigParser: domain=satellite
06-30 14:14:49.523 V/SatelliteController( 1128): satelliteConfigParser is not ready
06-30 14:14:49.523 D/SatelliteController( 1128): isSatelliteAttachSupportedViaConfigupdater: return null (satelliteConfig is null)
06-30 14:14:49.557 W/skia    (  527): AGTM parsing failed flags.readFromStream(s) at 159
06-30 14:14:49.557 W/skia    (  527): AGTM parsing failed flags.readFromStream(s) at 159
06-30 14:14:50.037 I/wpa_supplicant(  961): wlan0: CTRL-EVENT-BEACON-LOSS 
06-30 14:14:50.589 I/adbd    (  539): adbd service requested 'shell,v2,raw:dumpsys package com.google.android.gms'
06-30 14:14:50.680 I/system_server(  690): Background young concurrent mark compact GC freed 15MB AllocSpace bytes, 3(96KB) LOS objects, 25% free, 48MB/64MB, paused 4.806ms,28.114ms total 59.700ms
06-30 14:14:50.764 I/artd    ( 3273): GetBestInfo: odex next to the dex file (/data/app/~~pUpe9D-hsv0lOCLmNQJGyA==/com.google.android.gms-a0e_AySruvvgbDhYG8Z6yQ==/oat/x86_64/base.odex) is kOatUpToDate with filter 'speed-profile' executable 'false'
06-30 14:14:50.766 I/artd    ( 3273): GetBestInfo: dm (/data/app/~~pUpe9D-hsv0lOCLmNQJGyA==/com.google.android.gms-a0e_AySruvvgbDhYG8Z6yQ==/split_AdsDynamite_installtime.dm) is kOatUpToDate with filter 'verify' executable 'false'
06-30 14:14:50.767 I/artd    ( 3273): GetBestInfo: odex next to the dex file (/data/app/~~pUpe9D-hsv0lOCLmNQJGyA==/com.google.android.gms-a0e_AySruvvgbDhYG8Z6yQ==/oat/x86_64/split_CronetDynamite_installtime.odex) is kOatUpToDate with filter 'speed-profile' executable 'false'
06-30 14:14:50.769 I/artd    ( 3273): GetBestInfo: dm (/data/app/~~pUpe9D-hsv0lOCLmNQJGyA==/com.google.android.gms-a0e_AySruvvgbDhYG8Z6yQ==/split_DynamiteLoader_installtime.dm) is kOatUpToDate with filter 'verify' executable 'false'
06-30 14:14:50.770 I/artd    ( 3273): GetBestInfo: dm (/data/app/~~pUpe9D-hsv0lOCLmNQJGyA==/com.google.android.gms-a0e_AySruvvgbDhYG8Z6yQ==/split_DynamiteModulesA_installtime.dm) is kOatUpToDate with filter 'verify' executable 'false'
06-30 14:14:50.772 I/artd    ( 3273): GetBestInfo: dm (/data/app/~~pUpe9D-hsv0lOCLmNQJGyA==/com.google.android.gms-a0e_AySruvvgbDhYG8Z6yQ==/split_DynamiteModulesC_installtime.dm) is kOatUpToDate with filter 'verify' executable 'false'
06-30 14:14:50.773 I/artd    ( 3273): GetBestInfo: dm (/data/app/~~pUpe9D-hsv0lOCLmNQJGyA==/com.google.android.gms-a0e_AySruvvgbDhYG8Z6yQ==/split_GoogleCertificates_installtime.dm) is kOatUpToDate with filter 'verify' executable 'false'
06-30 14:14:50.775 I/artd    ( 3273): GetBestInfo: dm (/data/app/~~pUpe9D-hsv0lOCLmNQJGyA==/com.google.android.gms-a0e_AySruvvgbDhYG8Z6yQ==/split_MapsDynamite_installtime.dm) is kOatUpToDate with filter 'verify' executable 'false'
06-30 14:14:50.777 I/artd    ( 3273): GetBestInfo: dm (/data/app/~~pUpe9D-hsv0lOCLmNQJGyA==/com.google.android.gms-a0e_AySruvvgbDhYG8Z6yQ==/split_MeasurementDynamite_installtime.dm) is kOatUpToDate with filter 'verify' executable 'false'
06-30 14:14:50.779 I/artd    ( 3273): GetBestInfo: /data/user_de/0/com.google.android.gms/app_chimera/m/0000000e/dl-IdentityCredentialsPlatform.optional_262031100800.apk has no usable artifacts
06-30 14:14:50.780 I/artd    ( 3273): GetBestInfo: /data/user_de/0/com.google.android.gms/app_chimera/m/00000001/CronetDynamite.apk has no usable artifacts
06-30 14:14:50.781 I/artd    ( 3273): GetBestInfo: /data/user_de/0/com.google.android.gms/app_chimera/m/00000013/dl-TfliteDynamiteDynamite.integ_252130102100800.apk has no usable artifacts
06-30 14:14:50.781 I/artd    ( 3273): GetBestInfo: /data/user_de/0/com.google.android.gms/app_chimera/m/00000002/DynamiteLoader.apk has no usable artifacts
06-30 14:14:50.782 I/artd    ( 3273): GetBestInfo: /data/user_de/0/com.google.android.gms/app_chimera/m/0000000c/dl-IdentityCredentialsPlatform.optional_261136100800.apk has no usable artifacts
06-30 14:14:50.783 I/artd    ( 3273): GetBestInfo: /data/user_de/0/com.google.android.gms/app_chimera/m/00000005/GoogleCertificates.apk has no usable artifacts
06-30 14:14:50.784 I/artd    ( 3273): GetBestInfo: /data/user_de/0/com.google.android.gms/app_chimera/m/0000000a/dl-TfliteDynamiteDynamite.integ_260580502100800.apk has no usable artifacts
06-30 14:14:50.785 I/artd    ( 3273): GetBestInfo: /data/user_de/0/com.google.android.gms/app_chimera/m/00000016/dl-PlayCloudSearch.optional_262031100000.apk has no usable artifacts
06-30 14:14:50.787 I/artd    ( 3273): GetBestInfo: /data/user_de/0/com.google.android.gms/app_chimera/m/00000014/dl-MlkitOcrCommon.optional_262031100800.apk has no usable artifacts
06-30 14:14:50.788 I/artd    ( 3273): GetBestInfo: /data/user_de/0/com.google.android.gms/app_chimera/m/00000008/dl-VisionOcr.optional_261136100000.apk has no usable artifacts
06-30 14:14:50.789 I/artd    ( 3273): GetBestInfo: /data/user_de/0/com.google.android.gms/app_chimera/m/00000010/dl-Appsearch.optional_262031100800.apk has no usable artifacts
06-30 14:14:50.791 I/artd    ( 3273): GetBestInfo: /data/user_de/0/com.google.android.gms/app_chimera/m/0000000b/dl-Appsearch.optional_261136100800.apk has no usable artifacts
06-30 14:14:50.793 I/artd    ( 3273): GetBestInfo: vdex next to the dex file (/data/user/0/com.google.android.gms/app_dg_cache/9BCBC14EE674B00B958D4B0C5B4BD883630AA39E/oat/x86_64/the.vdex) is kOatUpToDate with filter 'verify' executable 'false'
06-30 14:14:50.794 I/artd    ( 3273): GetBestInfo: /data/user_de/0/com.google.android.gms/app_chimera/m/00000009/dl-MlkitOcrCommon.optional_261136100800.apk has no usable artifacts
06-30 14:14:50.795 I/artd    ( 3273): GetBestInfo: /data/user/0/com.google.android.gms/app_dg_cache/22DA9D7AD8ED7504E0CAC64C41ECDBD7068924E0/the.apk has no usable artifacts
06-30 14:14:50.797 I/artd    ( 3273): GetBestInfo: vdex next to the dex file (/data/user/0/com.google.android.gms/app_dg_cache/FEE57AEA14526BE59FD8AB1365237E7B7A5CE7CB/oat/x86_64/the.vdex) is kOatUpToDate with filter 'verify' executable 'false'
06-30 14:14:50.798 I/artd    ( 3273): GetBestInfo: vdex next to the dex file (/data/user/0/com.google.android.gms/app_dg_cache/1C62BDE86218FBAA50DF06C4A79F5C3FE74B69EC/oat/x86_64/the.vdex) is kOatUpToDate with filter 'verify' executable 'false'
06-30 14:14:50.799 I/artd    ( 3273): GetBestInfo: /data/user_de/0/com.google.android.gms/app_chimera/m/0000000f/dl-VisionOcr.optional_262031100000.apk has no usable artifacts
06-30 14:14:50.800 I/artd    ( 3273): GetBestInfo: /data/user_de/0/com.google.android.gms/app_chimera/m/00000015/dl-MlkitBarcodeUi.optional_262031100800.apk has no usable artifacts
06-30 14:14:50.801 I/artd    ( 3273): GetBestInfo: /data/user_de/0/com.google.android.gms/app_chimera/m/00000007/MeasurementDynamite.apk has no usable artifacts
06-30 14:14:50.843 I/HalDevMgr(  690): bestIfaceCreationProposal is null, requestIface=STA, existingIface=[name=wlan0 type=STA]
06-30 14:14:52.835 I/ForwardSyncCache( 3977): reclaimMemory: Clearing caches
06-30 14:14:52.835 I/BugleSpam( 3977): HadesBitmapStore: Purged 0 images during memory reclamation
06-30 14:14:52.835 I/BugleRestore( 3977): reclaimMemory: Clearing persistent caches
06-30 14:14:52.836 W/Bugle   ( 3977): TextClassifierLibManagerImpl: Reclaiming memory at level: 40
06-30 14:14:53.845 E/hmly    ( 1317): Got more than one input Future failure. Logging failures after the first
06-30 14:14:53.845 E/hmly    ( 1317): java.io.IOException: Unable to create parent directories of /data/user/0/com.google.android.gms/files/mobstore_salt.pb.lock
06-30 14:14:53.845 E/hmly    ( 1317): 	at hhkm.c(:com.google.android.gms@262031038@26.20.31 (260800-919905943):37)
06-30 14:14:53.845 E/hmly    ( 1317): 	at gons.e(:com.google.android.gms@262031038@26.20.31 (260800-919905943):5)
06-30 14:14:53.845 E/hmly    ( 1317): 	at goqk.a(:com.google.android.gms@262031038@26.20.31 (260800-919905943):198)
06-30 14:14:53.845 E/hmly    ( 1317): 	at gomy.d(:com.google.android.gms@262031038@26.20.31 (260800-919905943):5)
06-30 14:14:53.845 E/hmly    ( 1317): 	at gosk.a(:com.google.android.gms@262031038@26.20.31 (260800-919905943):28)
06-30 14:14:53.845 E/hmly    ( 1317): 	at hdmz.a(:com.google.android.gms@262031038@26.20.31 (260800-919905943):17)
06-30 14:14:53.845 E/hmly    ( 1317): 	at hmnp.a(:com.google.android.gms@262031038@26.20.31 (260800-919905943):20)
06-30 14:14:53.845 E/hmly    ( 1317): 	at hmpt.a(:com.google.android.gms@262031038@26.20.31 (260800-919905943):3)
06-30 14:14:53.845 E/hmly    ( 1317): 	at hmou.run(:com.google.android.gms@262031038@26.20.31 (260800-919905943):19)
06-30 14:14:53.845 E/hmly    ( 1317): 	at hmpv.run(:com.google.android.gms@262031038@26.20.31 (260800-919905943):5)
06-30 14:14:53.845 E/hmly    ( 1317): 	at hmnr.run(:com.google.android.gms@262031038@26.20.31 (260800-919905943):20)
06-30 14:14:53.845 E/hmly    ( 1317): 	at java.util.concurrent.ThreadPoolExecutor.runWorker(ThreadPoolExecutor.java:1100)
06-30 14:14:53.845 E/hmly    ( 1317): 	at java.util.concurrent.ThreadPoolExecutor$Worker.run(ThreadPoolExecutor.java:624)
06-30 14:14:53.845 E/hmly    ( 1317): 	at java.lang.Thread.run(Thread.java:1572)
06-30 14:14:53.850 I/HalDevMgr(  690): bestIfaceCreationProposal is null, requestIface=STA, existingIface=[name=wlan0 type=STA]
06-30 14:14:56.631 I/Finsky  ( 4591): [41] Stats for Executor: GrpcBackgroundExecutor wgz@430365f[Running, pool size = 4, active threads = 0, queued tasks = 0, completed tasks = 10]
06-30 14:14:56.859 I/HalDevMgr(  690): bestIfaceCreationProposal is null, requestIface=STA, existingIface=[name=wlan0 type=STA]
06-30 14:14:57.973 I/wpa_supplicant(  961): wlan0: CTRL-EVENT-BEACON-LOSS 
06-30 14:14:59.166 I/adbd    (  539): adbd service requested 'shell,v2,TERM=dumb:export ANDROID_LOG_TAGS=''; exec logcat '-d' '-v' 'time''
