--------- beginning of main
06-30 14:40:42.271 I/Finsky  ( 4591): [444] SCH: Received scheduling request: Id: 12-1, Constraints: [{ L: 15000, D: 86400000, C: CHARGING_NONE, I: IDLE_NONE, N: NET_ANY, B: BATTERY_ANY }]
06-30 14:40:42.280 I/Finsky:background( 4938): [2] aknz - Received: android.intent.action.PACKAGE_ADDED, [vs2dVv1EnBqQzEZkHBtmpVjvRlVGIkhD_Z1oHYSUmeA]
--------- beginning of system
06-30 14:40:42.297 I/AppBindingService(  690): [Supervision app] feature disabled
06-30 14:40:42.338 I/Finsky:background( 4938): [154] Wrote row to frosting DB: 4575
06-30 14:40:42.345 W/skia    (  527): AGTM parsing failed flags.readFromStream(s) at 159
06-30 14:40:42.345 W/skia    (  527): AGTM parsing failed flags.readFromStream(s) at 159
06-30 14:40:42.350 W/libc    ( 2807): Access denied finding property "vendor.mesa.virtgpu.kumquat"
06-30 14:40:42.361 I/Finsky:background( 4938): [2] aknz - Received: android.intent.action.PACKAGE_ADDED, [vs2dVv1EnBqQzEZkHBtmpVjvRlVGIkhD_Z1oHYSUmeA]
06-30 14:40:42.365 W/HWUI    ( 2807): Failed to choose config with EGL_SWAP_BEHAVIOR_PRESERVED, retrying without...
06-30 14:40:42.365 W/HWUI    ( 2807): Failed to initialize 101010-2 format, error = EGL_SUCCESS
06-30 14:40:42.375 D/CarrierSvcBindHelper( 1128): onPackageUpdateFinished: com.aiquota.mobile
06-30 14:40:42.376 I/Finsky:background( 4938): [53] IQ:PSL: onPackageRemoved com.aiquota.mobile, replacing=true existingStatus=[Package:com.aiquota.mobile, isid:688fWjFSS7eTyCHCzaXt_g] state:INSTALLED
06-30 14:40:42.379 W/Looper  (  690): Slow dispatch took 115ms main app=system_server main=true group=FOREGROUND h=android.app.ActivityThread$H c=android.app.LoadedApk$ReceiverDispatcher$Args$$ExternalSyntheticLambda0@49c44e8 m=0
06-30 14:40:42.379 W/Looper  (  690): Slow delivery took 312ms main app=system_server main=true group=FOREGROUND h=android.app.ActivityThread$H c=android.app.LoadedApk$ReceiverDispatcher$Args$$ExternalSyntheticLambda0@6f83701 m=0
06-30 14:40:42.387 I/RoleService(  690): Granting default roles...
06-30 14:40:42.388 I/Finsky:background( 4938): [2] aknz - Deduping intent android.intent.action.PACKAGE_ADDED
06-30 14:40:42.390 I/Finsky:background( 4938): [2] aknz - Received: android.intent.action.PACKAGE_ADDED, [vs2dVv1EnBqQzEZkHBtmpVjvRlVGIkhD_Z1oHYSUmeA]
06-30 14:40:42.391 D/CarrierSvcBindHelper( 1128): No carrier app for: 0
06-30 14:40:42.392 D/CarrierSvcBindHelper( 1128): onPackageModified: com.aiquota.mobile
06-30 14:40:42.392 D/CarrierSvcBindHelper( 1128): No carrier app for: 0
06-30 14:40:42.394 D/AS.AudioService(  690): received android.intent.action.PACKAGE_ADDED replacing: true archival: false for package com.aiquota.mobile with uid 10233
06-30 14:40:42.408 I/Finsky  ( 4591): [56] AIM: AppInfoManager-Perf > ItemModel > CacheSize=39, cacheHitCount=0, cacheMissCount=0, total appsWithNoServerDataCount=4. Missed  in cache (limit 10) : []
06-30 14:40:42.410 I/Finsky  ( 4591): [56] AIM: AppInfoManager-Perf > ItemModel > CacheSize=39, cacheHitCount=0, cacheMissCount=0, total appsWithNoServerDataCount=4. Missed  in cache (limit 10) : []
06-30 14:40:42.414 I/Finsky  ( 4591): [56] AIM: AppInfoManager-Perf > ItemModel > CacheSize=39, cacheHitCount=0, cacheMissCount=0, total appsWithNoServerDataCount=4. Missed  in cache (limit 10) : []
06-30 14:40:42.419 D/AlphabeticIndexCompat( 2807): computeSectionName: cs: AI Quota sectionName: A
06-30 14:40:42.420 D/AllAppsStore( 2807): setApps: apps.length=23
06-30 14:40:42.420 D/AllAppsStore( 2807): notifyUpdate: notifying listeners
06-30 14:40:42.420 D/AllAppsStore( 2807): setApps: apps.length=23
06-30 14:40:42.420 D/AllAppsStore( 2807): notifyUpdate: notifying listeners
06-30 14:40:42.420 D/ActivityAllAppsContainerView( 2807): onAppsUpdated; number of apps: 23
06-30 14:40:42.420 D/ActivityAllAppsContainerView( 2807): rebindAdapters: force: false
06-30 14:40:42.420 D/ActivityAllAppsContainerView( 2807): rebindAdapters: Not needed.
06-30 14:40:42.420 D/StatsLog( 2807): LAUNCHER_ALLAPPS_COUNT
06-30 14:40:42.421 D/AlphabeticalAppsList( 2807): Clearing FastScrollerSections.
06-30 14:40:42.421 D/AlphabeticalAppsList( 2807): Adding apps with sections. HasPrivateApps: false
06-30 14:40:42.421 D/AlphabeticalAppsList( 2807): addAppsWithSections: adding sectionName: ㅁ with appInfoTitle: 메시지
06-30 14:40:42.421 D/AlphabeticalAppsList( 2807): addAppsWithSections: adding sectionName: ㅅ with appInfoTitle: 설정
06-30 14:40:42.421 D/AlphabeticalAppsList( 2807): addAppsWithSections: adding sectionName: ㅇ with appInfoTitle: 위급 정보
06-30 14:40:42.421 D/AlphabeticalAppsList( 2807): addAppsWithSections: adding sectionName: ㅈ with appInfoTitle: 주소록
06-30 14:40:42.421 D/AlphabeticalAppsList( 2807): addAppsWithSections: adding sectionName: ㅋ with appInfoTitle: 카메라
06-30 14:40:42.421 D/AlphabeticalAppsList( 2807): addAppsWithSections: adding sectionName: ㅍ with appInfoTitle: 파일
06-30 14:40:42.421 D/AlphabeticalAppsList( 2807): addAppsWithSections: adding sectionName: ㅎ with appInfoTitle: 휴대전화
06-30 14:40:42.421 D/AlphabeticalAppsList( 2807): addAppsWithSections: adding sectionName: A with appInfoTitle: AI Quota
06-30 14:40:42.421 D/AlphabeticalAppsList( 2807): addAppsWithSections: adding sectionName: C with appInfoTitle: Chrome
06-30 14:40:42.421 D/AlphabeticalAppsList( 2807): addAppsWithSections: adding sectionName: D with appInfoTitle: Drive
06-30 14:40:42.421 D/AlphabeticalAppsList( 2807): addAppsWithSections: adding sectionName: G with appInfoTitle: Glasses
06-30 14:40:42.421 D/AlphabeticalAppsList( 2807): addAppsWithSections: adding sectionName: P with appInfoTitle: Play 스토어
06-30 14:40:42.421 D/AlphabeticalAppsList( 2807): addAppsWithSections: adding sectionName: T with appInfoTitle: TMoble
06-30 14:40:42.422 D/AlphabeticalAppsList( 2807): addAppsWithSections: adding sectionName: V with appInfoTitle: Voice Access
06-30 14:40:42.422 D/AlphabeticalAppsList( 2807): addAppsWithSections: adding sectionName: Y with appInfoTitle: YouTube
06-30 14:40:42.422 D/AlphabeticalAppsList( 2807): Adding FastScrollSection duplicate to scroll to the bottom.
06-30 14:40:42.422 D/AlphabeticalAppsList( 2807): Clearing FastScrollerSections.
06-30 14:40:42.422 D/AlphabeticalAppsList( 2807): Adding apps with sections. HasPrivateApps: false
06-30 14:40:42.422 D/AlphabeticalAppsList( 2807): addAppsWithSections: adding sectionName: ㅁ with appInfoTitle: 메시지
06-30 14:40:42.422 D/AlphabeticalAppsList( 2807): addAppsWithSections: adding sectionName: ㅅ with appInfoTitle: 설정
06-30 14:40:42.422 D/AlphabeticalAppsList( 2807): addAppsWithSections: adding sectionName: ㅇ with appInfoTitle: 위급 정보
06-30 14:40:42.422 D/AlphabeticalAppsList( 2807): addAppsWithSections: adding sectionName: ㅈ with appInfoTitle: 주소록
06-30 14:40:42.422 D/AlphabeticalAppsList( 2807): addAppsWithSections: adding sectionName: ㅋ with appInfoTitle: 카메라
06-30 14:40:42.422 D/AlphabeticalAppsList( 2807): addAppsWithSections: adding sectionName: ㅍ with appInfoTitle: 파일
06-30 14:40:42.422 D/AlphabeticalAppsList( 2807): addAppsWithSections: adding sectionName: ㅎ with appInfoTitle: 휴대전화
06-30 14:40:42.422 D/AlphabeticalAppsList( 2807): addAppsWithSections: adding sectionName: A with appInfoTitle: AI Quota
06-30 14:40:42.422 D/AlphabeticalAppsList( 2807): addAppsWithSections: adding sectionName: C with appInfoTitle: Chrome
06-30 14:40:42.422 D/AlphabeticalAppsList( 2807): addAppsWithSections: adding sectionName: D with appInfoTitle: Drive
06-30 14:40:42.422 D/AlphabeticalAppsList( 2807): addAppsWithSections: adding sectionName: G with appInfoTitle: Glasses
06-30 14:40:42.422 D/AlphabeticalAppsList( 2807): addAppsWithSections: adding sectionName: P with appInfoTitle: Play 스토어
06-30 14:40:42.422 D/AlphabeticalAppsList( 2807): addAppsWithSections: adding sectionName: T with appInfoTitle: TMoble
06-30 14:40:42.422 D/AlphabeticalAppsList( 2807): addAppsWithSections: adding sectionName: V with appInfoTitle: Voice Access
06-30 14:40:42.422 D/AlphabeticalAppsList( 2807): addAppsWithSections: adding sectionName: Y with appInfoTitle: YouTube
06-30 14:40:42.422 D/AlphabeticalAppsList( 2807): Adding FastScrollSection duplicate to scroll to the bottom.
06-30 14:40:42.426 W/ding:background( 4938): Suspending all threads took: 17.576ms
06-30 14:40:42.427 I/adbd    (  539): adbd service requested 'shell,v2,TERM=dumb,raw:am broadcast -n com.aiquota.mobile/.debug.ProviderStateDebugReceiver -a com.aiquota.mobile.debug.RESET_PROVIDER --es provider_id gemini'
06-30 14:40:42.428 W/SignedPackage(  690): Package doesn't have required signing certificate: com.google.android.retaildemo
06-30 14:40:42.428 E/RoleControllerServiceImpl(  690): Default/fallback role holder package doesn't qualify for the role, package: com.google.android.gms.supervision, role: android.app.role.SYSTEM_SUPERVISION, user: 0
06-30 14:40:42.431 I/DevicePolicyManager(  690): Found incompatible accounts on any user, not allowing bypassing
06-30 14:40:42.431 W/SignedPackage(  690): Package doesn't have required signing certificate: com.google.android.apps.work.clouddpc
06-30 14:40:42.456 I/Finsky:background( 4938): [154] Wrote row to frosting DB: 4576
06-30 14:40:42.458 I/Finsky:background( 4938): [2] aknz - Deduping intent android.intent.action.PACKAGE_ADDED
06-30 14:40:42.459 I/PackageManager(  690): getInstalledPackages: callingUid=1000 flags=134217728 updatedFlags=135004160 userId=0
06-30 14:40:42.476 W/skia    (  527): AGTM parsing failed flags.readFromStream(s) at 159
06-30 14:40:42.476 W/skia    (  527): AGTM parsing failed flags.readFromStream(s) at 159
06-30 14:40:42.476 I/Finsky:background( 4938): [64] RECEIVER_PACKAGE_MONITOR_BACKGROUND#logWorkEndAndFinishGoAsync: SUCCESS
06-30 14:40:42.478 I/PackageManager(  690): getInstalledPackages: callingUid=1000 flags=134217856 updatedFlags=135004288 userId=0
06-30 14:40:42.487 I/Role    (  690): com.google.android.gms not qualified for android.app.role.SYSTEM_DEPENDENCY_INSTALLER due to missing RequiredComponent{mFlags='0', mIntentFilterData=IntentFilterData{mAction='android.content.pm.action.INSTALL_DEPENDENCY', mCategories='[]', mDataScheme='null', mDataType='null'}, mMetaData=[], mPermission='android.permission.BIND_DEPENDENCY_INSTALLER', mQueryFlags=0} Requirement{mFeatureFlag=null, mMinTargetSdkVersion=1}
06-30 14:40:42.487 E/RoleControllerServiceImpl(  690): Default/fallback role holder package doesn't qualify for the role, package: com.google.android.gms, role: android.app.role.SYSTEM_DEPENDENCY_INSTALLER, user: 0
06-30 14:40:42.489 I/ActivityManager(  690): Broadcasting: Intent { act=com.aiquota.mobile.debug.RESET_PROVIDER flg=0x400000 cmp=com.aiquota.mobile/.debug.ProviderStateDebugReceiver (has extras) }
06-30 14:40:42.490 I/ActivityManager(  690): Enqueued broadcast Intent { act=com.aiquota.mobile.debug.RESET_PROVIDER flg=0x400000 cmp=com.aiquota.mobile/.debug.ProviderStateDebugReceiver (has extras) }: 0
06-30 14:40:42.495 I/PermissionControllerServiceImpl( 5255): Updating user sensitive for uid 10233
06-30 14:40:42.499 V/AccessibilityUserState(  690): updateShortcutTargets: type:accessibility_shortcut_target_service, current:{}, new:{}
06-30 14:40:42.499 V/AccessibilityUserState(  690): updateShortcutTargets: type:accessibility_qs_targets, current:{}, new:{}
06-30 14:40:42.499 V/AccessibilityUserState(  690): updateShortcutTargets: type:accessibility_button_targets, current:{}, new:{}
06-30 14:40:42.499 V/AccessibilityUserState(  690): updateShortcutTargets: type:accessibility_gesture_targets, current:{}, new:{}
06-30 14:40:42.499 V/AccessibilityUserState(  690): updateShortcutTargets: type:accessibility_key_gesture_targets, current:{}, new:{}
06-30 14:40:42.499 V/AccessibilityUserState(  690): updateShortcutTargets: type:accessibility_top_row_key_targets, current:{}, new:{}
06-30 14:40:42.499 V/AccessibilityUserState(  690): updateShortcutTargets: type:accessibility_quick_access_targets, current:{}, new:{}
06-30 14:40:42.499 V/AccessibilityManagerService(  690): onUserStateChangedLocked for userId: 0, forceUpdate: false
06-30 14:40:42.500 V/AccessibilityUserState(  690): updateShortcutTargets: type:accessibility_shortcut_target_service, current:{}, new:{}
06-30 14:40:42.500 V/AccessibilityUserState(  690): updateShortcutTargets: type:accessibility_button_targets, current:{}, new:{}
06-30 14:40:42.500 V/AccessibilityUserState(  690): updateShortcutTargets: type:accessibility_gesture_targets, current:{}, new:{}
06-30 14:40:42.500 V/AccessibilityUserState(  690): updateShortcutTargets: type:accessibility_qs_targets, current:{}, new:{}
06-30 14:40:42.500 V/AccessibilityUserState(  690): updateShortcutTargets: type:accessibility_key_gesture_targets, current:{}, new:{}
06-30 14:40:42.500 V/AccessibilityUserState(  690): updateShortcutTargets: type:accessibility_top_row_key_targets, current:{}, new:{}
06-30 14:40:42.500 V/AccessibilityUserState(  690): updateShortcutTargets: type:accessibility_quick_access_targets, current:{}, new:{}
06-30 14:40:42.500 W/MagnificationConnectionManager(  690): requestConnection duplicated request: connect=false, mConnectionState=DISCONNECTED
06-30 14:40:42.500 V/AccessibilityUserState(  690): updateShortcutTargets: type:accessibility_button_targets, current:{}, new:{}
06-30 14:40:42.500 V/AccessibilityUserState(  690): updateShortcutTargets: type:accessibility_qs_targets, current:{}, new:{}
06-30 14:40:42.502 W/ApplicationInfo(  690): Large ApplicationInfo parcel: size=18260 package=com.google.android.googlequicksearchbox splits=1 sharedLibs=3 resDirs=2 overlayPaths=2
06-30 14:40:42.502 W/ParceledListSlice(  690): Element #26 is 19420 bytes.
06-30 14:40:42.502 W/ApplicationInfo(  690): Large ApplicationInfo parcel: size=18260 package=com.google.android.googlequicksearchbox splits=1 sharedLibs=3 resDirs=2 overlayPaths=2
06-30 14:40:42.502 W/ParceledListSlice(  690): Element #27 is 19612 bytes.
06-30 14:40:42.504 W/ApplicationInfo(  690): Large ApplicationInfo parcel: size=18260 package=com.google.android.googlequicksearchbox splits=1 sharedLibs=3 resDirs=2 overlayPaths=2
06-30 14:40:42.504 W/ParceledListSlice(  690): Element #28 is 19820 bytes.
06-30 14:40:42.504 W/ApplicationInfo(  690): Large ApplicationInfo parcel: size=18260 package=com.google.android.googlequicksearchbox splits=1 sharedLibs=3 resDirs=2 overlayPaths=2
06-30 14:40:42.504 W/ParceledListSlice(  690): Element #29 is 19324 bytes.
06-30 14:40:42.508 I/Finsky  ( 4591): [2] akoj - Received: android.intent.action.PACKAGE_ADDED, [vs2dVv1EnBqQzEZkHBtmpVjvRlVGIkhD_Z1oHYSUmeA]
06-30 14:40:42.531 W/ApplicationInfo( 2807): Large ApplicationInfo parcel: size=18260 package=com.google.android.googlequicksearchbox splits=1 sharedLibs=3 resDirs=2 overlayPaths=2
06-30 14:40:42.531 W/ApplicationInfo( 2807): Large ApplicationInfo parcel: size=18260 package=com.google.android.googlequicksearchbox splits=1 sharedLibs=3 resDirs=2 overlayPaths=2
06-30 14:40:42.531 W/ApplicationInfo( 2807): Large ApplicationInfo parcel: size=18260 package=com.google.android.googlequicksearchbox splits=1 sharedLibs=3 resDirs=2 overlayPaths=2
06-30 14:40:42.531 I/MediaProvider( 1569): Invalidating LocalCallingIdentity cache for package com.aiquota.mobile. Reason: package android.intent.action.PACKAGE_REMOVED
06-30 14:40:42.531 W/MediaProvider( 1569): WorkProfileOwnerApps cache is empty
06-30 14:40:42.532 D/PickerSyncLockManager( 1569): Trying to acquire lock com.android.providers.media.photopicker.sync.CloseableReentrantLock@89db5e1[Unlocked]. Lock Name = CLOUD_PROVIDER_LOCK. Threads that may be waiting to acquire this lock = []
06-30 14:40:42.532 D/CloseableReentrantLock( 1569): Successfully acquired lock com.android.providers.media.photopicker.sync.CloseableReentrantLock@89db5e1[Locked by thread main]. Lock Name = CLOUD_PROVIDER_LOCK. Threads that may be waiting to acquire this lock = []
06-30 14:40:42.532 D/CloseableReentrantLock( 1569): Successfully released lock com.android.providers.media.photopicker.sync.CloseableReentrantLock@89db5e1[Unlocked]. Lock Name = CLOUD_PROVIDER_LOCK. Threads that may be waiting to acquire this lock = []
06-30 14:40:42.533 W/ApplicationInfo( 2807): Large ApplicationInfo parcel: size=18260 package=com.google.android.googlequicksearchbox splits=1 sharedLibs=3 resDirs=2 overlayPaths=2
06-30 14:40:42.542 I/dnzs    ( 1573): (REDACTED) maybeUpdateCacheDataForAddedPackage %s
06-30 14:40:42.547 I/Finsky  ( 4591): [2] akoj - Deduping intent android.intent.action.PACKAGE_ADDED
06-30 14:40:42.547 I/Finsky  ( 4591): [2] akoj - Received: android.intent.action.PACKAGE_ADDED, [vs2dVv1EnBqQzEZkHBtmpVjvRlVGIkhD_Z1oHYSUmeA]
06-30 14:40:42.560 I/Finsky  ( 4591): [56] AIM: AppInfoManager-Perf > OnDeviceAppInfo > cacheHitCount=1, cacheMissCount=0. Missed  in cache (limit 10) : []
06-30 14:40:42.561 W/skia    (  527): AGTM parsing failed flags.readFromStream(s) at 159
06-30 14:40:42.561 W/skia    (  527): AGTM parsing failed flags.readFromStream(s) at 159
06-30 14:40:42.583 I/BackupManagerService(  690): No delayed restore requests for the given dependency: com.aiquota.mobile
06-30 14:40:42.584 I/Finsky  ( 4591): [2] akoj - Deduping intent android.intent.action.PACKAGE_ADDED
06-30 14:40:42.590 I/Finsky  ( 4591): [42] RECEIVER_PACKAGE_MONITOR#logWorkEndAndFinishGoAsync: SUCCESS
06-30 14:40:42.594 W/Looper  (  690): Slow dispatch took 135ms main app=system_server main=true group=FOREGROUND h=android.app.ActivityThread$H c=android.app.LoadedApk$ReceiverDispatcher$Args$$ExternalSyntheticLambda0@bec32f3 m=0
06-30 14:40:42.606 I/Finsky  ( 4591): [55] AIM: Got app ownership map. App counts: . Unique apps: 0
06-30 14:40:42.610 E/Finsky  ( 4591): [55] [Counters] attempted to use a non-positive increment for: 4752
06-30 14:40:42.610 E/Finsky  ( 4591): [55] [Counters] attempted to use a non-positive increment for: 4753
06-30 14:40:42.612 D/AlphabeticIndexCompat( 2807): computeSectionName: cs: 설정 sectionName: ㅅ
06-30 14:40:42.613 D/AlphabeticIndexCompat( 2807): computeSectionName: cs: 포토 sectionName: ㅍ
06-30 14:40:42.613 D/AlphabeticIndexCompat( 2807): computeSectionName: cs: 배터리 sectionName: ㅂ
06-30 14:40:42.613 D/AlphabeticIndexCompat( 2807): computeSectionName: cs: Chrome sectionName: C
06-30 14:40:42.613 D/AlphabeticIndexCompat( 2807): computeSectionName: cs: Gmail sectionName: G
06-30 14:40:42.615 D/AlphabeticIndexCompat( 2807): computeSectionName: cs: Drive sectionName: D
06-30 14:40:42.615 D/AlphabeticIndexCompat( 2807): computeSectionName: cs: 시계 sectionName: ㅅ
06-30 14:40:42.617 D/AlphabeticIndexCompat( 2807): computeSectionName: cs: 주소록 sectionName: ㅈ
06-30 14:40:42.618 D/AlphabeticIndexCompat( 2807): computeSectionName: cs: 캘린더 sectionName: ㅋ
06-30 14:40:42.619 D/AlphabeticIndexCompat( 2807): computeSectionName: cs: AI Usage sectionName: A
06-30 14:40:42.619 D/AlphabeticIndexCompat( 2807): computeSectionName: cs: 지도 sectionName: ㅈ
06-30 14:40:42.619 D/AlphabeticIndexCompat( 2807): computeSectionName: cs: YouTube Music sectionName: Y
06-30 14:40:42.620 D/AlphabeticIndexCompat( 2807): computeSectionName: cs: YouTube sectionName: Y
06-30 14:40:42.620 D/AlphabeticIndexCompat( 2807): computeSectionName: cs: Google sectionName: G
06-30 14:40:42.621 D/AlphabeticIndexCompat( 2807): computeSectionName: cs: Android 시스템 인텔리전스 sectionName: A
06-30 14:40:42.621 D/AlphabeticIndexCompat( 2807): computeSectionName: cs: AI Quota sectionName: A
06-30 14:40:42.622 D/AlphabeticIndexCompat( 2807): computeSectionName: cs: 디지털 웰빙 sectionName: ㄷ
06-30 14:40:42.622 D/AlphabeticIndexCompat( 2807): computeSectionName: cs: 대화 sectionName: ㄷ
06-30 14:40:42.628 I/Finsky  ( 4591): [56] AIM: AppInfoManager-Perf > getApps > data collection finished
06-30 14:40:42.629 I/Finsky  ( 4591): [56] AIM: AppInfoManager-Perf > maybeDestroyAppInfoManager is called. actives = 1
06-30 14:40:42.629 I/Finsky  ( 4591): [56] AIM: AppInfoManager-Perf > getApps > data collection finished
06-30 14:40:42.629 I/Finsky  ( 4591): [56] AIM: AppInfoManager-Perf > maybeDestroyAppInfoManager is called. actives = 0
06-30 14:40:42.631 V/AccessibilityUserState(  690): updateShortcutTargets: type:accessibility_shortcut_target_service, current:{}, new:{}
06-30 14:40:42.631 V/AccessibilityUserState(  690): updateShortcutTargets: type:accessibility_qs_targets, current:{}, new:{}
06-30 14:40:42.631 V/AccessibilityUserState(  690): updateShortcutTargets: type:accessibility_button_targets, current:{}, new:{}
06-30 14:40:42.631 V/AccessibilityUserState(  690): updateShortcutTargets: type:accessibility_gesture_targets, current:{}, new:{}
06-30 14:40:42.631 V/AccessibilityUserState(  690): updateShortcutTargets: type:accessibility_key_gesture_targets, current:{}, new:{}
06-30 14:40:42.632 V/AccessibilityUserState(  690): updateShortcutTargets: type:accessibility_top_row_key_targets, current:{}, new:{}
06-30 14:40:42.632 V/AccessibilityUserState(  690): updateShortcutTargets: type:accessibility_quick_access_targets, current:{}, new:{}
06-30 14:40:42.632 V/AccessibilityManagerService(  690): onUserStateChangedLocked for userId: 0, forceUpdate: false
06-30 14:40:42.633 E/RoleControllerServiceImpl(  690): Default/fallback role holder package doesn't qualify for the role, package: com.google.android.gms, role: android.app.role.WALLET, user: 0
06-30 14:40:42.646 I/Finsky:background( 4938): [154] Wrote row to frosting DB: 4577
06-30 14:40:42.646 D/AS.AudioService(  690): received android.intent.action.PACKAGE_REPLACED replacing: true archival: false for package com.aiquota.mobile with uid 10233
06-30 14:40:42.647 V/SafetySourceDataValidat(  690): Package: com.android.vending has expected signature
06-30 14:40:42.650 D/ImsResolver( 1128): maybeAddedImsService, packageName: com.aiquota.mobile
06-30 14:40:42.650 V/ImsResolver( 1128): searchForImsServices: package=com.aiquota.mobile, users=[UserHandle{0}]
06-30 14:40:42.653 V/ImsResolver( 1128): searchForImsServices: package=com.aiquota.mobile, users=[UserHandle{0}]
06-30 14:40:42.656 V/AccessibilityUserState(  690): updateShortcutTargets: type:accessibility_shortcut_target_service, current:{}, new:{}
06-30 14:40:42.656 V/AccessibilityUserState(  690): updateShortcutTargets: type:accessibility_button_targets, current:{}, new:{}
06-30 14:40:42.656 V/AccessibilityUserState(  690): updateShortcutTargets: type:accessibility_gesture_targets, current:{}, new:{}
06-30 14:40:42.656 V/AccessibilityUserState(  690): updateShortcutTargets: type:accessibility_qs_targets, current:{}, new:{}
06-30 14:40:42.656 V/AccessibilityUserState(  690): updateShortcutTargets: type:accessibility_key_gesture_targets, current:{}, new:{}
06-30 14:40:42.656 V/AccessibilityUserState(  690): updateShortcutTargets: type:accessibility_top_row_key_targets, current:{}, new:{}
06-30 14:40:42.656 V/AccessibilityUserState(  690): updateShortcutTargets: type:accessibility_quick_access_targets, current:{}, new:{}
06-30 14:40:42.656 W/MagnificationConnectionManager(  690): requestConnection duplicated request: connect=false, mConnectionState=DISCONNECTED
06-30 14:40:42.658 W/SignedPackage(  690): Cannot get ApplicationInfo for package: com.google.android.devicelockcontroller
06-30 14:40:42.658 V/AccessibilityManagerService(  690): onUserStateChangedLocked for userId: 0, forceUpdate: false
06-30 14:40:42.658 W/VvmPkgInstalledRcvr( 1128): carrierVvmPkgAdded: carrier vvm packages doesn't contain com.aiquota.mobile
06-30 14:40:42.660 V/AccessibilityUserState(  690): updateShortcutTargets: type:accessibility_shortcut_target_service, current:{}, new:{}
06-30 14:40:42.660 V/AccessibilityUserState(  690): updateShortcutTargets: type:accessibility_button_targets, current:{}, new:{}
06-30 14:40:42.660 V/AccessibilityUserState(  690): updateShortcutTargets: type:accessibility_gesture_targets, current:{}, new:{}
06-30 14:40:42.660 V/AccessibilityUserState(  690): updateShortcutTargets: type:accessibility_qs_targets, current:{}, new:{}
06-30 14:40:42.660 V/AccessibilityUserState(  690): updateShortcutTargets: type:accessibility_key_gesture_targets, current:{}, new:{}
06-30 14:40:42.660 V/AccessibilityUserState(  690): updateShortcutTargets: type:accessibility_top_row_key_targets, current:{}, new:{}
06-30 14:40:42.660 V/AccessibilityUserState(  690): updateShortcutTargets: type:accessibility_quick_access_targets, current:{}, new:{}
06-30 14:40:42.660 W/MagnificationConnectionManager(  690): requestConnection duplicated request: connect=false, mConnectionState=DISCONNECTED
06-30 14:40:42.662 W/libbinder.IPCThreadState(  690): Sending oneway calls to frozen process.
06-30 14:40:42.662 W/libbinder.IPCThreadState(  690): Sending oneway calls to frozen process.
06-30 14:40:42.663 W/libbinder.IPCThreadState(  690): Sending oneway calls to frozen process.
06-30 14:40:42.664 I/Finsky:background( 4938): [2] Memory trim requested to level 40
06-30 14:40:42.668 D/SatelliteController( 1128): packageStateChanged: package:com.aiquota.mobile defaultSmsPackageName: com.google.android.apps.messaging satelliteGatewayServicePackageName: 
06-30 14:40:42.673 I/Finsky:background( 4938): [154] Wrote row to frosting DB: 4578
06-30 14:40:42.683 W/libbinder.IPCThreadState(  690): Sending oneway calls to frozen process.
06-30 14:40:42.684 V/AccessibilityManagerService(  690): onUserStateChangedLocked for userId: 0, forceUpdate: false
06-30 14:40:42.688 I/Finsky:background( 4938): [154] Wrote row to frosting DB: 4579
06-30 14:40:42.690 W/android.vending( 4591): Suspending all threads took: 33.886ms
06-30 14:40:42.701 V/AccessibilityUserState(  690): updateShortcutTargets: type:accessibility_shortcut_target_service, current:{}, new:{}
06-30 14:40:42.701 V/AccessibilityUserState(  690): updateShortcutTargets: type:accessibility_button_targets, current:{}, new:{}
06-30 14:40:42.701 V/AccessibilityUserState(  690): updateShortcutTargets: type:accessibility_gesture_targets, current:{}, new:{}
06-30 14:40:42.701 V/AccessibilityUserState(  690): updateShortcutTargets: type:accessibility_qs_targets, current:{}, new:{}
06-30 14:40:42.701 V/AccessibilityUserState(  690): updateShortcutTargets: type:accessibility_key_gesture_targets, current:{}, new:{}
06-30 14:40:42.701 V/AccessibilityUserState(  690): updateShortcutTargets: type:accessibility_top_row_key_targets, current:{}, new:{}
06-30 14:40:42.701 V/AccessibilityUserState(  690): updateShortcutTargets: type:accessibility_quick_access_targets, current:{}, new:{}
06-30 14:40:42.701 W/MagnificationConnectionManager(  690): requestConnection duplicated request: connect=false, mConnectionState=DISCONNECTED
06-30 14:40:42.701 W/libbinder.IPCThreadState(  690): Sending oneway calls to frozen process.
06-30 14:40:42.701 W/libbinder.IPCThreadState(  690): Sending oneway calls to frozen process.
06-30 14:40:42.701 W/libbinder.IPCThreadState(  690): Sending oneway calls to frozen process.
06-30 14:40:42.702 W/libbinder.IPCThreadState(  690): Sending oneway calls to frozen process.
06-30 14:40:42.703 W/libbinder.IPCThreadState(  690): Sending oneway calls to frozen process.
06-30 14:40:42.703 W/libbinder.IPCThreadState(  690): Sending oneway calls to frozen process.
06-30 14:40:42.704 W/libbinder.IPCThreadState(  690): Sending oneway calls to frozen process.
06-30 14:40:42.705 I/Finsky:background( 4938): [154] Wrote row to frosting DB: 4580
06-30 14:40:42.713 W/libbinder.IPCThreadState(  690): Sending oneway calls to frozen process.
06-30 14:40:42.713 W/libbinder.IPCThreadState(  690): Sending oneway calls to frozen process.
06-30 14:40:42.713 W/libbinder.IPCThreadState(  690): Sending oneway calls to frozen process.
06-30 14:40:42.713 W/libbinder.IPCThreadState(  690): Sending oneway calls to frozen process.
06-30 14:40:42.713 W/libbinder.IPCThreadState(  690): Sending oneway calls to frozen process.
06-30 14:40:42.713 I/PackageManager(  690): getInstalledPackages: callingUid=1000 flags=134217856 updatedFlags=135004288 userId=0
06-30 14:40:42.734 D/ActivityManager(  690): sync unfroze 20906 com.google.android.gms for 6
06-30 14:40:42.752 W/Looper  (  690): Drained
06-30 14:40:42.755 D/BoundBrokerSvc(20906): onUnbind: Intent { act=com.google.android.gms.common.BIND_SHARED_PREFS xflg=0x4 pkg=com.google.android.gms }
06-30 14:40:42.758 I/Finsky  ( 4591): [56] AIM: AppInfoManager-Perf > ItemModel > CacheSize=39, cacheHitCount=0, cacheMissCount=0, total appsWithNoServerDataCount=4. Missed  in cache (limit 10) : []
06-30 14:40:42.786 I/Fitness ( 1317): (REDACTED) FitCleanupIntentOperation received Intent %s
06-30 14:40:42.794 I/ProximityAuth( 1317): [RecentAppsMediator] Package added: (user=UserHandle{0}) com.aiquota.mobile
06-30 14:40:42.809 I/AppBackupStateCleanupIO(20906): Backup state cleanup on uninstall is disabled. [CONTEXT service_id=229 ]
06-30 14:40:42.810 I/FraudProtectUtils(20906): (REDACTED) Latest bank app list size: %d, %s isBankApp: %b
06-30 14:40:42.810 I/PackageInstalledIntentO(20906): (REDACTED) Package %s is not a bank app. Skipping updates.
06-30 14:40:42.815 I/Auth    (20906): (REDACTED) [SupervisedAccountIntentOperation] onHandleIntent: %s
06-30 14:40:42.824 W/AppInstallOperation(20906): FDL Migration::InstallIntentOperation by FDL Module [CONTEXT service_id=77 ]
06-30 14:40:42.826 I/FraudProtectUtils(20906): (REDACTED) Latest bank app list size: %d, %s isBankApp: %b
06-30 14:40:42.827 I/PackageInstalledIntentO(20906): (REDACTED) Package %s is not a bank app. Skipping updates.
06-30 14:40:42.834 I/NearbyDiscovery(20906): (REDACTED) processGrantSlicePermission: %s
06-30 14:40:42.838 I/PackageManager(  690): getInstalledPackages: callingUid=10203 flags=0 updatedFlags=786432 userId=0
06-30 14:40:42.839 W/SQLiteLog(20906): (28) double-quoted string literal: "com.aiquota.mobile"
06-30 14:40:42.850 D/BoundBrokerSvc(20906): onBind: Intent { act=com.google.android.gms.common.BIND_SHARED_PREFS xflg=0x4 pkg=com.google.android.gms }
06-30 14:40:42.850 D/BoundBrokerSvc(20906): Loading bound service for intent: Intent { act=com.google.android.gms.common.BIND_SHARED_PREFS xflg=0x4 pkg=com.google.android.gms }
06-30 14:40:42.858 I/PackageManager(  690): getInstalledPackages: callingUid=10203 flags=0 updatedFlags=786432 userId=0
06-30 14:40:42.874 W/skia    (  527): AGTM parsing failed flags.readFromStream(s) at 159
06-30 14:40:42.874 W/skia    (  527): AGTM parsing failed flags.readFromStream(s) at 159
06-30 14:40:42.876 W/System  (  981): A resource failed to call release. 
06-30 14:40:42.876 W/System  (  981): A resource failed to call release. 
06-30 14:40:42.876 W/System  (  981): A resource failed to call release. 
06-30 14:40:42.911 I/gle.android.gms(20906): Waiting for a blocking GC ProfileSaver
06-30 14:40:42.931 W/ActivityManager(  690): Skipping manifest association check for null package. SourceUid: 10203, SourcePkg: null, TargetUid: 10203, TargetPkg: com.google.android.gms
06-30 14:40:42.931 I/gle.android.gms(20906): WaitForGcToComplete blocked ProfileSaver on Background for 20.484ms
06-30 14:40:42.934 I/wpa_supplicant(  961): wlan0: CTRL-EVENT-BEACON-LOSS 
06-30 14:40:42.943 I/Icing   (20906): IndexChimeraService.getServiceInterface callingPackage=com.google.android.gms componentName=AppsCorpus serviceId=36
06-30 14:40:42.953 D/BoundBrokerSvc(20906): onBind: Intent { act=com.google.android.gms.feedback.internal.IFeedbackService dat=chimera-action:/... xflg=0x4 cmp=com.google.android.gms/.chimera.GmsBoundBrokerService }
06-30 14:40:42.953 D/BoundBrokerSvc(20906): Loading bound service for intent: Intent { act=com.google.android.gms.feedback.internal.IFeedbackService dat=chimera-action:/... xflg=0x4 cmp=com.google.android.gms/.chimera.GmsBoundBrokerService }
06-30 14:40:42.986 I/Icing   (20906): Usage reports ok 0, Failed Usage reports 0, indexed 0, rejected 0
06-30 14:40:42.992 I/HalDevMgr(  690): bestIfaceCreationProposal is null, requestIface=STA, existingIface=[name=wlan0 type=STA]
06-30 14:40:43.017 I/Icing   (20906): Indexing com.google.android.gms-apps from com.google.android.gms
06-30 14:40:43.038 D/IpClient/wlan0( 1083): interfaceLinkStateChanged: ifindex 16 up
06-30 14:40:43.039 I/system_server(  690): Background young concurrent mark compact GC freed 19MB AllocSpace bytes, 23(1152KB) LOS objects, 32% free, 44MB/65MB, paused 7.105ms,40.965ms total 173.579ms
06-30 14:40:43.046 I/Icing   (20906): Indexing done com.google.android.gms-apps
06-30 14:40:43.047 D/IpClient/wlan0( 1083): interfaceLinkStateChanged: ifindex 16 up
06-30 14:40:43.050 D/IpClient/wlan0( 1083): interfaceLinkStateChanged: ifindex 16 up
06-30 14:40:43.053 E/AppOps  (  690): attributionTag VCN not declared in manifest of android
06-30 14:40:43.062 W/ActivityManager(  690): Skipping manifest association check for null package. SourceUid: 10203, SourcePkg: null, TargetUid: 10203, TargetPkg: com.google.android.gms
06-30 14:40:43.094 I/Icing   (20906): IndexChimeraService.getServiceInterface callingPackage=com.google.android.gms componentName=null serviceId=30
06-30 14:40:43.098 I/Icing   (20906): Indexing com.google.android.gms-apps from com.google.android.gms
06-30 14:40:43.098 I/Icing   (20906): Indexing done com.google.android.gms-apps
06-30 14:40:43.123 I/Icing   (20906): Usage reports ok 0, Failed Usage reports 0, indexed 0, rejected 0
06-30 14:40:43.126 W/ActivityManager(  690): Skipping manifest association check for null package. SourceUid: 10203, SourcePkg: null, TargetUid: 10203, TargetPkg: com.google.android.gms
06-30 14:40:43.168 D/nativeloader(24771): Configuring clns-9 for other apk /data/app/~~psP2fUHTiF2QHnLWs6cNaQ==/com.aiquota.mobile-OJGH4BuqrVHuyDoZHFZ43w==/base.apk. target_sdk_version=35, uses_libraries=, library_path=/data/app/~~psP2fUHTiF2QHnLWs6cNaQ==/com.aiquota.mobile-OJGH4BuqrVHuyDoZHFZ43w==/lib/x86_64:/data/app/~~psP2fUHTiF2QHnLWs6cNaQ==/com.aiquota.mobile-OJGH4BuqrVHuyDoZHFZ43w==/base.apk!/lib/x86_64, permitted_path=/data:/mnt/expand:/data/user/0/com.aiquota.mobile
06-30 14:40:43.172 D/CompatChangeReporter(24771): Compat change id reported: 202956589; UID 10233; state: ENABLED
06-30 14:40:43.185 V/GraphicsEnvironment(24771): Currently set values for:
06-30 14:40:43.185 V/GraphicsEnvironment(24771):   angle_gl_driver_selection_pkgs=[]
06-30 14:40:43.185 V/GraphicsEnvironment(24771):   angle_gl_driver_selection_values=[]
06-30 14:40:43.185 V/GraphicsEnvironment(24771): com.aiquota.mobile is not listed in per-application setting
06-30 14:40:43.186 V/GraphicsEnvironment(24771): No special selections for ANGLE, returning default driver choice
06-30 14:40:43.187 V/GraphicsEnvironment(24771): Neither updatable production driver nor prerelease driver is supported.
06-30 14:40:43.266 W/libbinder.Binder( 3383): Binder transaction to android.content.IContentProvider, function: UNKNOWN_FUNCTION_NAME, code: 21, took 1190ms. Data bytes: 480 Reply bytes: 440 Flags: 18
06-30 14:40:43.284 I/FirebaseApp(24771): Device unlocked: initializing all Firebase APIs for app [DEFAULT]
06-30 14:40:43.330 I/FirebaseInitProvider(24771): FirebaseApp initialization successful
06-30 14:40:43.352 D/WM-WrkMgrInitializer(24771): Initializing WorkManager with default configuration.
06-30 14:40:43.435 D/WM-PackageManagerHelper(24771): Skipping component enablement for androidx.work.impl.background.systemjob.SystemJobService
06-30 14:40:43.435 D/WM-Schedulers(24771): Created SystemJobScheduler and enabled SystemJobService
06-30 14:40:43.463 D/com.google.firebase.appcheck.debug.internal.DebugAppCheckProvider(24771): Enter this debug secret into the allow list in the Firebase Console for your project: af9bae90-6cf0-4cae-9907-9a6792beadf2
06-30 14:40:43.498 D/CompatChangeReporter(24771): Compat change id reported: 311402873; UID 10233; state: ENABLED
06-30 14:40:43.498 D/CompatChangeReporter(24771): Compat change id reported: 323349338; UID 10233; state: ENABLED
06-30 14:40:43.499 D/CompatChangeReporter(  690): Compat change id reported: 311402873; UID 10233; state: ENABLED
06-30 14:40:43.499 D/CompatChangeReporter(  690): Compat change id reported: 323349338; UID 10233; state: ENABLED
06-30 14:40:43.637 I/AppsFilter(  690): interaction: PackageSetting{f21cfac com.aiquota.mobile/10233} -> PackageSetting{71fb75e com.google.android.apps.maps/10168} BLOCKED
06-30 14:40:43.637 I/AppsFilter(  690): interaction: PackageSetting{f21cfac com.aiquota.mobile/10233} -> PackageSetting{71fb75e com.google.android.apps.maps/10168} BLOCKED
06-30 14:40:43.637 I/AppsFilter(  690): interaction: PackageSetting{f21cfac com.aiquota.mobile/10233} -> PackageSetting{610999b com.google.android.apps.photos/10171} BLOCKED
06-30 14:40:43.637 I/AppsFilter(  690): interaction: PackageSetting{f21cfac com.aiquota.mobile/10233} -> PackageSetting{610999b com.google.android.apps.photos/10171} BLOCKED
06-30 14:40:43.637 I/AppsFilter(  690): interaction: PackageSetting{f21cfac com.aiquota.mobile/10233} -> PackageSetting{cc0d138 com.google.android.apps.youtube.music/10183} BLOCKED
06-30 14:40:43.637 I/AppsFilter(  690): interaction: PackageSetting{f21cfac com.aiquota.mobile/10233} -> PackageSetting{cc0d138 com.google.android.apps.youtube.music/10183} BLOCKED
06-30 14:40:43.637 I/AppsFilter(  690): interaction: PackageSetting{f21cfac com.aiquota.mobile/10233} -> PackageSetting{e554f9d com.google.android.calendar/10160} BLOCKED
06-30 14:40:43.637 I/AppsFilter(  690): interaction: PackageSetting{f21cfac com.aiquota.mobile/10233} -> PackageSetting{e554f9d com.google.android.calendar/10160} BLOCKED
06-30 14:40:43.637 I/AppsFilter(  690): interaction: PackageSetting{f21cfac com.aiquota.mobile/10233} -> PackageSetting{7285511 com.google.android.contacts/10165} BLOCKED
06-30 14:40:43.637 I/AppsFilter(  690): interaction: PackageSetting{f21cfac com.aiquota.mobile/10233} -> PackageSetting{7285511 com.google.android.contacts/10165} BLOCKED
06-30 14:40:43.637 I/AppsFilter(  690): interaction: PackageSetting{f21cfac com.aiquota.mobile/10233} -> PackageSetting{7285511 com.google.android.contacts/10165} BLOCKED
06-30 14:40:43.637 I/AppsFilter(  690): interaction: PackageSetting{f21cfac com.aiquota.mobile/10233} -> PackageSetting{7285511 com.google.android.contacts/10165} BLOCKED
06-30 14:40:43.637 I/AppsFilter(  690): interaction: PackageSetting{f21cfac com.aiquota.mobile/10233} -> PackageSetting{23d9676 com.google.android.deskclock/10173} BLOCKED
06-30 14:40:43.637 I/AppsFilter(  690): interaction: PackageSetting{f21cfac com.aiquota.mobile/10233} -> PackageSetting{23d9676 com.google.android.deskclock/10173} BLOCKED
06-30 14:40:43.637 I/AppsFilter(  690): interaction: PackageSetting{f21cfac com.aiquota.mobile/10233} -> PackageSetting{23d9676 com.google.android.deskclock/10173} BLOCKED
06-30 14:40:43.637 I/AppsFilter(  690): interaction: PackageSetting{f21cfac com.aiquota.mobile/10233} -> PackageSetting{23d9676 com.google.android.deskclock/10173} BLOCKED
06-30 14:40:43.637 I/AppsFilter(  690): interaction: PackageSetting{f21cfac com.aiquota.mobile/10233} -> PackageSetting{23d9676 com.google.android.deskclock/10173} BLOCKED
06-30 14:40:43.637 I/AppsFilter(  690): interaction: PackageSetting{f21cfac com.aiquota.mobile/10233} -> PackageSetting{d553477 com.google.android.gm/10174} BLOCKED
06-30 14:40:43.637 I/AppsFilter(  690): interaction: PackageSetting{f21cfac com.aiquota.mobile/10233} -> PackageSetting{e4dc8e4 com.google.android.settings.intelligence/10157} BLOCKED
06-30 14:40:43.637 I/AppsFilter(  690): interaction: PackageSetting{f21cfac com.aiquota.mobile/10233} -> PackageSetting{eac314d com.google.android.youtube/10182} BLOCKED
06-30 14:40:43.637 I/AppsFilter(  690): interaction: PackageSetting{f21cfac com.aiquota.mobile/10233} -> PackageSetting{eac314d com.google.android.youtube/10182} BLOCKED
06-30 14:40:43.637 I/AppsFilter(  690): interaction: PackageSetting{f21cfac com.aiquota.mobile/10233} -> PackageSetting{4e4a402 u.sage/10231} BLOCKED
06-30 14:40:43.640 W/ApplicationInfo(  690): Large ApplicationInfo parcel: size=18260 package=com.google.android.googlequicksearchbox splits=1 sharedLibs=3 resDirs=2 overlayPaths=2
06-30 14:40:43.641 W/ParceledListSlice(  690): Element #8 is 19420 bytes.
06-30 14:40:43.641 W/ApplicationInfo(  690): Large ApplicationInfo parcel: size=18260 package=com.google.android.googlequicksearchbox splits=1 sharedLibs=3 resDirs=2 overlayPaths=2
06-30 14:40:43.641 W/ParceledListSlice(  690): Element #9 is 19612 bytes.
06-30 14:40:43.641 W/ApplicationInfo(  690): Large ApplicationInfo parcel: size=18260 package=com.google.android.googlequicksearchbox splits=1 sharedLibs=3 resDirs=2 overlayPaths=2
06-30 14:40:43.641 W/ParceledListSlice(  690): Element #10 is 19820 bytes.
06-30 14:40:43.641 W/ApplicationInfo(  690): Large ApplicationInfo parcel: size=18260 package=com.google.android.googlequicksearchbox splits=1 sharedLibs=3 resDirs=2 overlayPaths=2
06-30 14:40:43.642 W/ParceledListSlice(  690): Element #11 is 19324 bytes.
06-30 14:40:43.642 W/ParceledListSlice(  690): Overly large reply size: 84676
06-30 14:40:43.884 W/JobInfo (24771): Requested important-while-foreground flag for job24 is ignored and takes no effect
06-30 14:40:43.981 D/AppWidgetServiceImpl(  690): Trying to notify widget update for package com.aiquota.mobile with widget id: 22
06-30 14:40:43.984 I/LauncherAppWidgetHostView( 2807): App widget with id: 22 loaded
06-30 14:40:44.003 D/ShortcutAndWidgetContainer( 2807): appWidgetScale - [x,y]: [1.0,1.0]
06-30 14:40:44.003 D/NavigableAppWidgetHostView( 2807): updateScale - [fitScale,bounceScale]: [1.0,1.0]
06-30 14:40:44.003 D/ShortcutAndWidgetContainer( 2807): appWidgetScale - [x,y]: [1.0,1.0]
06-30 14:40:44.003 D/NavigableAppWidgetHostView( 2807): updateScale - [fitScale,bounceScale]: [1.0,1.0]
06-30 14:40:44.003 D/ShortcutAndWidgetContainer( 2807): appWidgetScale - [x,y]: [1.0,1.0]
06-30 14:40:44.003 D/NavigableAppWidgetHostView( 2807): updateScale - [fitScale,bounceScale]: [1.0,1.0]
06-30 14:40:44.003 D/ShortcutAndWidgetContainer( 2807): appWidgetScale - [x,y]: [1.0,1.0]
06-30 14:40:44.003 D/NavigableAppWidgetHostView( 2807): updateScale - [fitScale,bounceScale]: [1.0,1.0]
06-30 14:40:44.024 W/skia    (  527): AGTM parsing failed flags.readFromStream(s) at 159
06-30 14:40:44.024 W/skia    (  527): AGTM parsing failed flags.readFromStream(s) at 159
06-30 14:40:44.070 D/AppWidgetServiceImpl(  690): Trying to notify widget update for package com.aiquota.mobile with widget id: 24
06-30 14:40:44.070 I/LauncherAppWidgetHostView( 2807): App widget with id: 24 loaded
06-30 14:40:44.071 D/AppWidgetServiceImpl(  690): Trying to notify widget update for package com.aiquota.mobile with widget id: 20
06-30 14:40:44.071 I/LauncherAppWidgetHostView( 2807): App widget with id: 20 loaded
06-30 14:40:44.072 D/AppWidgetServiceImpl(  690): Trying to notify widget update for package com.aiquota.mobile with widget id: 21
06-30 14:40:44.084 D/ShortcutAndWidgetContainer( 2807): appWidgetScale - [x,y]: [1.0,1.0]
06-30 14:40:44.084 D/NavigableAppWidgetHostView( 2807): updateScale - [fitScale,bounceScale]: [1.0,1.0]
06-30 14:40:44.085 I/LauncherAppWidgetHostView( 2807): App widget with id: 21 loaded
06-30 14:40:44.097 I/Finsky  ( 4591): [47] WM::SCH: Logging work initialize for 12-1
06-30 14:40:44.101 D/ShortcutAndWidgetContainer( 2807): appWidgetScale - [x,y]: [1.0,1.0]
06-30 14:40:44.101 D/NavigableAppWidgetHostView( 2807): updateScale - [fitScale,bounceScale]: [1.0,1.0]
06-30 14:40:44.101 D/ShortcutAndWidgetContainer( 2807): appWidgetScale - [x,y]: [1.0,1.0]
06-30 14:40:44.101 D/NavigableAppWidgetHostView( 2807): updateScale - [fitScale,bounceScale]: [1.0,1.0]
06-30 14:40:44.101 D/ShortcutAndWidgetContainer( 2807): appWidgetScale - [x,y]: [1.0,1.0]
06-30 14:40:44.101 D/NavigableAppWidgetHostView( 2807): updateScale - [fitScale,bounceScale]: [1.0,1.0]
06-30 14:40:44.101 D/ShortcutAndWidgetContainer( 2807): appWidgetScale - [x,y]: [1.0,1.0]
06-30 14:40:44.101 D/NavigableAppWidgetHostView( 2807): updateScale - [fitScale,bounceScale]: [1.0,1.0]
06-30 14:40:44.119 I/Finsky  ( 4591): [47] WM::SCH: Logging work initialize for 12-1
06-30 14:40:44.120 D/ShortcutAndWidgetContainer( 2807): appWidgetScale - [x,y]: [1.0,1.0]
06-30 14:40:44.120 D/NavigableAppWidgetHostView( 2807): updateScale - [fitScale,bounceScale]: [1.0,1.0]
06-30 14:40:44.120 D/ShortcutAndWidgetContainer( 2807): appWidgetScale - [x,y]: [1.0,1.0]
06-30 14:40:44.120 D/NavigableAppWidgetHostView( 2807): updateScale - [fitScale,bounceScale]: [1.0,1.0]
06-30 14:40:44.120 D/ShortcutAndWidgetContainer( 2807): appWidgetScale - [x,y]: [1.0,1.0]
06-30 14:40:44.120 D/NavigableAppWidgetHostView( 2807): updateScale - [fitScale,bounceScale]: [1.0,1.0]
06-30 14:40:44.120 D/ShortcutAndWidgetContainer( 2807): appWidgetScale - [x,y]: [1.0,1.0]
06-30 14:40:44.120 D/NavigableAppWidgetHostView( 2807): updateScale - [fitScale,bounceScale]: [1.0,1.0]
06-30 14:40:44.125 W/skia    (  527): AGTM parsing failed flags.readFromStream(s) at 159
06-30 14:40:44.126 W/skia    (  527): AGTM parsing failed flags.readFromStream(s) at 159
06-30 14:40:44.137 I/Finsky  ( 4591): [55] SCH: Scheduling phonesky job Id: 12-1, CT: 1782830442157, Constraints: [{ L: 15000, D: 86400000, C: CHARGING_NONE, I: IDLE_NONE, N: NET_ANY, B: BATTERY_ANY }]
06-30 14:40:44.148 I/Finsky  ( 4591): [56] SCH: Scheduling 1 system job(s)
06-30 14:40:44.149 I/Finsky  ( 4591): [56] SCH: Scheduling system job Id: 9456, L: 13009, D: 46490914, C: false, I: false, N: 1
06-30 14:40:44.155 I/AIQuotaDebugState(24771): debugProviderReset=true providers=gemini
06-30 14:40:44.185 I/Finsky  ( 4591): [50] [ContentSync] finished, scheduled=true
06-30 14:40:44.186 I/Finsky  ( 4591): [54] SCH: Scheduling phonesky job Id: 12-1, CT: 1782830442277, Constraints: [{ L: 15000, D: 86400000, C: CHARGING_NONE, I: IDLE_NONE, N: NET_ANY, B: BATTERY_ANY }]
06-30 14:40:44.188 I/ActivityManager(  690): Broadcast completed: result=0
06-30 14:40:44.188 W/libbinder.Binder(  690): Binder transaction to android.app.IActivityManager, function: UNKNOWN_FUNCTION_NAME, code: 1598246212, took 1699ms. Data bytes: 440 Reply bytes: 4 Flags: 16
06-30 14:40:44.194 I/Finsky  ( 4591): [53] SCH: Scheduling 0 system job(s)
06-30 14:40:44.195 I/Finsky  ( 4591): [53] [ContentSync] finished, scheduled=true
06-30 14:40:44.226 I/adbd    (  539): adbd service requested 'shell,v2,TERM=dumb,raw:mkdir -p /sdcard/Android/data/com.aiquota.mobile/files/debug-session-cookies'
06-30 14:40:44.226 W/skia    (  527): AGTM parsing failed flags.readFromStream(s) at 159
06-30 14:40:44.226 W/skia    (  527): AGTM parsing failed flags.readFromStream(s) at 159
06-30 14:40:44.275 I/adbd    (  539): adbd service requested 'sync:'
06-30 14:40:44.315 I/adbd    (  539): adbd service requested 'shell,v2,TERM=dumb,raw:am broadcast -n com.aiquota.mobile/.debug.ProviderRefreshDebugReceiver -a com.aiquota.mobile.debug.REFRESH_PROVIDER --es provider_id gemini'
06-30 14:40:44.333 I/ActivityManager(  690): Broadcasting: Intent { act=com.aiquota.mobile.debug.REFRESH_PROVIDER flg=0x400000 cmp=com.aiquota.mobile/.debug.ProviderRefreshDebugReceiver (has extras) }
06-30 14:40:44.335 I/ActivityManager(  690): Enqueued broadcast Intent { act=com.aiquota.mobile.debug.REFRESH_PROVIDER flg=0x400000 cmp=com.aiquota.mobile/.debug.ProviderRefreshDebugReceiver (has extras) }: 0
06-30 14:40:44.395 D/CompatChangeReporter(  690): Compat change id reported: 311208749; UID 10233; state: ENABLED
06-30 14:40:44.395 I/ActivityManager(  690): Background started FGS: Allowed [callingPackage: com.aiquota.mobile; callingUid: 10233; uidState: TRNB; uidBFSL: n/a; BFGS denied: false; intent: Intent { act=com.aiquota.mobile.action.REFRESH xflg=0x4 cmp=com.aiquota.mobile/.providers.ProviderBackgroundRefreshService (has extras) }; code:SYSTEM_ALLOW_LISTED; tempAllowListReason:<,reasonCode:SYSTEM_ALLOW_LISTED,duration:9223372036854775807,callingUid:-1>; allowWiu:-1; targetSdkVersion:35; callerTargetSdkVersion:35; startForegroundCount:0; bindFromPackage:null; isBindService:false]
06-30 14:40:44.395 D/CompatChangeReporter(  690): Compat change id reported: 319471980; UID 10233; state: ENABLED
06-30 14:40:44.399 I/AIQuotaDebugRefresh(24771): debugProviderRefresh=true provider=gemini
06-30 14:40:44.400 I/ActivityManager(  690): Broadcast completed: result=0
06-30 14:40:44.429 I/WebViewFactory(24771): Loading com.google.android.webview version 148.0.7778.215 (code 777821508)
06-30 14:40:44.431 V/ResourcesManager(24771): The following library key has been added: ResourcesKey{ mHash=aa554488 mResDir=null mSplitDirs=[] mOverlayDirs=[] mLibDirs=[/data/app/~~gRZDsxlqZCLB7oCd7TOaUA==/com.google.android.webview-YT9iMlxeDceFosa4dJznZw==/base.apk,/system/framework/android.test.base.jar,/system_ext/framework/androidx.window.extensions.jar] mDisplayId=0 mOverrideConfig=v37 mCompatInfo={420dpi always-compat} mLoaders=[]}
06-30 14:40:44.432 D/ApplicationLoaders(24771): Returning zygote-cached class loader: /system/framework/android.test.base.jar
06-30 14:40:44.432 D/ApplicationLoaders(24771): Returning zygote-cached class loader: /system_ext/framework/androidx.window.extensions.jar
06-30 14:40:44.435 W/.aiquota.mobile(24771): Loading /data/app/~~gRZDsxlqZCLB7oCd7TOaUA==/com.google.android.webview-YT9iMlxeDceFosa4dJznZw==/oat/x86_64/base.odex non-executable as it requires an image which we failed to load
06-30 14:40:44.439 D/nativeloader(24771): Configuring clns-10 for other apk /data/app/~~gRZDsxlqZCLB7oCd7TOaUA==/com.google.android.webview-YT9iMlxeDceFosa4dJznZw==/base.apk. target_sdk_version=36, uses_libraries=, library_path=/data/app/~~gRZDsxlqZCLB7oCd7TOaUA==/com.google.android.webview-YT9iMlxeDceFosa4dJznZw==/lib/x86_64:/data/app/~~gRZDsxlqZCLB7oCd7TOaUA==/com.google.android.webview-YT9iMlxeDceFosa4dJznZw==/base.apk!/lib/x86_64, permitted_path=/data:/mnt/expand
06-30 14:40:44.462 I/cr_WVCFactoryProvider(24771): version=148.0.7778.215 (777821508) minSdkVersion=29 multiprocess=true packageId=2 splits=<none>
06-30 14:40:44.463 D/DesktopExperienceFlags(24771): Toggle override initialized to: false
06-30 14:40:44.477 D/nativeloader(24771): Load /data/app/~~gRZDsxlqZCLB7oCd7TOaUA==/com.google.android.webview-YT9iMlxeDceFosa4dJznZw==/base.apk!/lib/x86_64/libwebviewchromium.so using class loader ns clns-10 (caller=/data/app/~~gRZDsxlqZCLB7oCd7TOaUA==/com.google.android.webview-YT9iMlxeDceFosa4dJznZw==/base.apk): ok
06-30 14:40:44.479 D/nativeloader(24771): Load /system/lib64/libwebviewchromium_plat_support.so using class loader ns clns-10 (caller=/data/app/~~gRZDsxlqZCLB7oCd7TOaUA==/com.google.android.webview-YT9iMlxeDceFosa4dJznZw==/base.apk): ok
06-30 14:40:44.481 E/chromium(24771): [0630/144044.481036:ERROR:android_webview/browser/variations/variations_seed_loader.cc:39] Seed missing signature.
06-30 14:40:44.482 I/chromium(24771): [0630/144044.482139:INFO:android_webview/browser/variations/variations_seed_loader.cc:67] Failed to open file for reading.: No such file or directory (2)
06-30 14:40:44.486 I/cr_LibraryLoader(24771): Successfully loaded native library
06-30 14:40:44.487 I/cr_CachingUmaRecorder(24771): Flushed 16 samples from 16 histograms, 0 samples were dropped.
06-30 14:40:44.525 D/CompatChangeReporter(  690): Compat change id reported: 296558535; UID 10233; state: ENABLED
06-30 14:40:44.526 D/CompatChangeReporter(  690): Compat change id reported: 317799821; UID 10233; state: ENABLED
06-30 14:40:44.526 D/CompatChangeReporter(  690): Compat change id reported: 313677553; UID 10233; state: ENABLED
06-30 14:40:44.526 W/ActivityManager(  690): Foreground service started from background can not have location/camera/microphone access: service com.aiquota.mobile/.providers.ProviderBackgroundRefreshService
06-30 14:40:44.527 W/ForegroundServiceTypeLoggerModule(  690): Foreground service start for UID: 10233 does not have any types
06-30 14:40:44.596 D/AppWidgetServiceImpl(  690): Trying to notify widget update for package com.aiquota.mobile with widget id: 17
06-30 14:40:44.597 I/LauncherAppWidgetHostView( 2807): App widget with id: 17 loaded
06-30 14:40:44.602 D/AIQuotaBgRefreshService(24771): cycleStart providers=gemini
06-30 14:40:44.627 I/cr_ChildProcLH(24771): ScopedServiceBindingBatch.tryActivate: false
06-30 14:40:44.629 I/cr_CombinedPProvider(24771): #registerProvider() provider:WV.wk@50043b9 isPolicyCacheEnabled:false policyProvidersSize:0
06-30 14:40:44.630 I/cr_PolicyProvider(24771): #setManagerAndSource() 0
06-30 14:40:44.632 I/cr_DisplayManager(24771): Is Display Topology available: false
06-30 14:40:44.634 D/ShortcutAndWidgetContainer( 2807): appWidgetScale - [x,y]: [1.0,1.0]
06-30 14:40:44.635 D/NavigableAppWidgetHostView( 2807): updateScale - [fitScale,bounceScale]: [1.0,1.0]
06-30 14:40:44.635 D/ShortcutAndWidgetContainer( 2807): appWidgetScale - [x,y]: [1.0,1.0]
06-30 14:40:44.635 D/NavigableAppWidgetHostView( 2807): updateScale - [fitScale,bounceScale]: [1.0,1.0]
06-30 14:40:44.635 D/ShortcutAndWidgetContainer( 2807): appWidgetScale - [x,y]: [1.0,1.0]
06-30 14:40:44.635 D/NavigableAppWidgetHostView( 2807): updateScale - [fitScale,bounceScale]: [1.0,1.0]
06-30 14:40:44.635 D/ShortcutAndWidgetContainer( 2807): appWidgetScale - [x,y]: [1.0,1.0]
06-30 14:40:44.635 D/NavigableAppWidgetHostView( 2807): updateScale - [fitScale,bounceScale]: [1.0,1.0]
06-30 14:40:44.640 V/GrammaticalInflectionUtils(  690): AttributionSource: android.content.AttributionSource@ddc7e81a does not have READ_SYSTEM_GRAMMATICAL_GENDER permission.
06-30 14:40:44.648 D/Zygote  ( 1048): Forked child process 24875
06-30 14:40:44.649 I/libprocessgroup(  690): Created cgroup /sys/fs/cgroup/apps/uid_99029
06-30 14:40:44.650 I/DisplayManager(24771): Implicitly registering for refresh rate
06-30 14:40:44.650 I/libprocessgroup(  690): Created cgroup /sys/fs/cgroup/apps/uid_99029/pid_24875
06-30 14:40:44.653 I/Zygote  (24875): Process 24875 created for com.google.android.webview:sandboxed_process0:org.chromium.content.app.SandboxedProcessService0:0
06-30 14:40:44.653 I/ocessService0:0(24875): Using generational CollectorTypeCMC GC.
06-30 14:40:44.654 W/ocessService0:0(24875): Unexpected CPU variant for x86: x86_64.
06-30 14:40:44.654 W/ocessService0:0(24875): Known variants: atom, sandybridge, silvermont, goldmont, goldmont-plus, goldmont-without-sha-xsaves, tremont, kabylake, alderlake, pantherlake, default
06-30 14:40:44.667 I/ActivityManager(  690): Start proc 24875:com.google.android.webview:sandboxed_process0:org.chromium.content.app.SandboxedProcessService0:0/u0i29 for bound-service {com.aiquota.mobile/org.chromium.content.app.SandboxedProcessService0:0}
06-30 14:40:44.667 D/BoundBrokerSvc(20906): onBind: Intent { act=com.google.android.gms.safetynet.service.START xflg=0x4 pkg=com.google.android.gms }
06-30 14:40:44.667 D/BoundBrokerSvc(20906): Loading bound service for intent: Intent { act=com.google.android.gms.safetynet.service.START xflg=0x4 pkg=com.google.android.gms }
06-30 14:40:44.670 D/nativeloader(24875): Load libframework-connectivity-tiramisu-jni.so using APEX ns com_android_tethering for caller /apex/com.android.tethering/javalib/framework-connectivity-t.jar: ok
06-30 14:40:44.678 W/skia    (  527): AGTM parsing failed flags.readFromStream(s) at 159
06-30 14:40:44.678 W/skia    (  527): AGTM parsing failed flags.readFromStream(s) at 159
06-30 14:40:44.681 I/cr_CombinedPProvider(24771): #linkNativeInternal() 1
06-30 14:40:44.684 I/cr_AppResProvider(24771): #getApplicationRestrictionsFromUserManager() Bundle[EMPTY_PARCEL]
06-30 14:40:44.684 I/cr_PolicyProvider(24771): #notifySettingsAvailable() 0
06-30 14:40:44.684 I/cr_CombinedPProvider(24771): #onSettingsAvailable() 0
06-30 14:40:44.684 I/cr_CombinedPProvider(24771): #flushPolicies()
06-30 14:40:44.691 D/ApplicationLoaders(24875): Returning zygote-cached class loader: /system/framework/android.test.base.jar
06-30 14:40:44.691 D/ApplicationLoaders(24875): Returning zygote-cached class loader: /system_ext/framework/androidx.window.extensions.jar
06-30 14:40:44.696 E/ActivityThread(24875): ConnectivityService is null in handleBindApplication!
06-30 14:40:44.702 I/cr_WebViewApkApp(24875): version=148.0.7778.215 (777821508) minSdkVersion=29 processName=com.google.android.webview:sandboxed_process0:org.chromium.content.app.SandboxedProcessService0:0 splits=<none>
06-30 14:40:44.714 I/cr_ChildProcessService(24875): Creating new ChildProcessService pid=24875
06-30 14:40:44.719 D/CompatChangeReporter(24771): Compat change id reported: 312399441; UID 10233; state: ENABLED
06-30 14:40:44.750 W/chromium(24771): [WARNING:android_webview/browser/network_service/net_helpers.cc:137] HTTP Cache size is: 20971520
06-30 14:40:44.777 W/skia    (  527): AGTM parsing failed flags.readFromStream(s) at 159
06-30 14:40:44.777 W/skia    (  527): AGTM parsing failed flags.readFromStream(s) at 159
06-30 14:40:44.780 D/BoundBrokerSvc(20906): onBind: Intent { act=com.google.android.gms.safebrowsing.SafeBrowsingService.START dat=chimera-action:/... xflg=0x4 cmp=com.google.android.gms/.chimera.GmsBoundBrokerService }
06-30 14:40:44.780 D/BoundBrokerSvc(20906): Loading bound service for intent: Intent { act=com.google.android.gms.safebrowsing.SafeBrowsingService.START dat=chimera-action:/... xflg=0x4 cmp=com.google.android.gms/.chimera.GmsBoundBrokerService }
06-30 14:40:44.796 D/ConnectivityService(  690): requestNetwork for uid/pid:10233/24771 activeRequest: null callbackRequest: 1848 [NetworkRequest [ REQUEST id=1849, [ Capabilities: INTERNET&NOT_RESTRICTED&TRUSTED&NOT_VCN_MANAGED&NOT_BANDWIDTH_CONSTRAINED Uid: 10233 RequestorUid: 10233 RequestorPkg: com.aiquota.mobile UnderlyingNetworks: Null] ]] callback flags: 0 order: 2147483647 isUidTracked: false declaredMethods: AVAIL|LOST|NC|LP
06-30 14:40:44.797 D/ConnectivityService(  690): NetReassign [1849 : null → 100] [c 0] [a 0] [i 1]
06-30 14:40:44.797 D/WifiNetworkFactory(  690): got request NetworkRequest [ REQUEST id=1849, [ Capabilities: INTERNET&NOT_RESTRICTED&TRUSTED&NOT_VCN_MANAGED&NOT_BANDWIDTH_CONSTRAINED Uid: 10233 RequestorUid: 10233 RequestorPkg: com.aiquota.mobile UnderlyingNetworks: Null] ]
06-30 14:40:44.798 D/UntrustedWifiNetworkFactory(  690): got request NetworkRequest [ REQUEST id=1849, [ Capabilities: INTERNET&NOT_RESTRICTED&TRUSTED&NOT_VCN_MANAGED&NOT_BANDWIDTH_CONSTRAINED Uid: 10233 RequestorUid: 10233 RequestorPkg: com.aiquota.mobile UnderlyingNetworks: Null] ]
06-30 14:40:44.798 D/OemPaidWifiNetworkFactory(  690): got request NetworkRequest [ REQUEST id=1849, [ Capabilities: INTERNET&NOT_RESTRICTED&TRUSTED&NOT_VCN_MANAGED&NOT_BANDWIDTH_CONSTRAINED Uid: 10233 RequestorUid: 10233 RequestorPkg: com.aiquota.mobile UnderlyingNetworks: Null] ]
06-30 14:40:44.798 D/MultiInternetWifiNetworkFactory(  690): got request NetworkRequest [ REQUEST id=1849, [ Capabilities: INTERNET&NOT_RESTRICTED&TRUSTED&NOT_VCN_MANAGED&NOT_BANDWIDTH_CONSTRAINED Uid: 10233 RequestorUid: 10233 RequestorPkg: com.aiquota.mobile UnderlyingNetworks: Null] ]
06-30 14:40:44.799 D/CompatChangeReporter(  690): Compat change id reported: 319212206; UID 10233; state: ENABLED
06-30 14:40:44.800 D/ConnectivityService(  690): NetReassign [no changes] [c 1] [a 0] [i 0]
06-30 14:40:44.941 I/AIQuotaDebugCookie(24771): provider=gemini debugCookieRestore=true reason=background_collection source=external urlCount=7 cookieCount=100
06-30 14:40:44.942 D/AIQuotaBgRefreshService(24771): load provider=gemini start= warmUp=false request=1
06-30 14:40:44.951 I/cr_LibraryLoader(24875): Successfully loaded native library
06-30 14:40:44.952 I/cr_CachingUmaRecorder(24875): Flushed 2 samples from 2 histograms, 0 samples were dropped.
06-30 14:40:44.962 W/chromium(24875): [WARNING:content/child/runtime_features.cc:540] Fenced frames cannot be enabled in this configuration. Use --enable-features=FencedFrames instead.
06-30 14:40:44.962 W/chromium(24875): [WARNING:content/child/runtime_features.cc:565] Topics cannot be enabled in this configuration. Use --enable-features=BrowsingTopics in addition.
06-30 14:40:44.962 W/chromium(24875): [WARNING:content/child/runtime_features.cc:586] SharedStorage cannot be enabled in this configuration. Use --enable-features=SharedStorageAPI in addition.
06-30 14:40:44.964 W/cr_media(24771): BLUETOOTH_CONNECT permission is missing.
06-30 14:40:44.965 W/cr_media(24771): getBluetoothAdapter() requires BLUETOOTH permission
06-30 14:40:44.965 W/cr_media(24771): registerBluetoothIntentsIfNeeded: Requires BLUETOOTH permission
06-30 14:40:44.970 I/chromium(24875): [INFO:third_party/skia/src/ports/SkFontMgr_android_parser.cpp:723] [SkFontMgr Android Parser] '/product/etc/fonts_customization.xml' could not be opened
06-30 14:40:44.970 I/chromium(24875): 
06-30 14:40:44.978 D/AudioSystem(24771): onNewService: media.audio_policy service obtained 0x75d14d4302e0
06-30 14:40:44.984 D/AudioSystem(24771): getService: IAudioPolicyService retrieved: 0x75d14d4302e0  cached: 0x75d14d4302e0
06-30 14:40:44.990 I/FontLog ( 1317): (REDACTED) Received query %s, URI %s
06-30 14:40:44.990 I/FontLog ( 1317): (REDACTED) Query [%s] resolved to %s
06-30 14:40:45.000 I/FontLog ( 1317): (REDACTED) Font PFD returned from cache for %s
06-30 14:40:45.000 I/FontLog ( 1317): (REDACTED) Fetch %s end status %s
06-30 14:40:45.001 I/FontLog ( 1317): (REDACTED) Pulling font file for id = %d, cache size = %d
06-30 14:40:45.011 I/FontLog ( 1317): (REDACTED) Received query %s, URI %s
06-30 14:40:45.012 I/CameraManagerGlobal(24771): Connecting to camera service
06-30 14:40:45.013 I/FontLog ( 1317): (REDACTED) Query [%s] resolved to %s
06-30 14:40:45.016 I/FontLog ( 1317): (REDACTED) Fetch %s end status %s
06-30 14:40:45.024 I/FontLog ( 1317): (REDACTED) Pulling font file for id = %d, cache size = %d
06-30 14:40:45.034 I/FontLog ( 1317): (REDACTED) Received query %s, URI %s
06-30 14:40:45.034 I/FontLog ( 1317): (REDACTED) Query [%s] resolved to %s
06-30 14:40:45.035 I/FontLog ( 1317): (REDACTED) Font PFD returned from cache for %s
06-30 14:40:45.035 I/FontLog ( 1317): (REDACTED) Fetch %s end status %s
06-30 14:40:45.040 I/FontLog ( 1317): (REDACTED) Pulling font file for id = %d, cache size = %d
06-30 14:40:45.046 W/libc    (24771): Access denied finding property "vendor.mesa.virtgpu.kumquat"
06-30 14:40:45.047 W/libc    (24771): Access denied finding property "vendor.mesa.log"
06-30 14:40:45.047 W/libc    (24771): Access denied finding property "vendor.mesa.log.level"
06-30 14:40:45.047 W/libc    (24771): Access denied finding property "vendor.mesa.log.prefix"
06-30 14:40:45.047 W/libc    (24771): Access denied finding property "vendor.mesa.gallium.print.options"
06-30 14:40:45.047 W/libc    (24771): Access denied finding property "vendor.mesa.log.file.auto"
06-30 14:40:45.047 W/libc    (24771): Access denied finding property "vendor.mesa.log.file"
06-30 14:40:45.047 E/MESA    (24771): Failed to open rendernode: No such file or directory
06-30 14:40:45.047 W/libc    (24771): Access denied finding property "vendor.mesa.virtgpu.kumquat"
06-30 14:40:45.047 E/MESA    (24771): Failed to open rendernode: No such file or directory
06-30 14:40:45.047 D/vulkan  (24771): searching for layers in '/data/app/~~psP2fUHTiF2QHnLWs6cNaQ==/com.aiquota.mobile-OJGH4BuqrVHuyDoZHFZ43w==/lib/x86_64'
06-30 14:40:45.047 D/vulkan  (24771): searching for layers in '/data/app/~~psP2fUHTiF2QHnLWs6cNaQ==/com.aiquota.mobile-OJGH4BuqrVHuyDoZHFZ43w==/base.apk!/lib/x86_64'
06-30 14:40:45.047 W/libc    (24771): Access denied finding property "vendor.mesa.virtgpu.kumquat"
06-30 14:40:45.048 E/MESA    (24771): Failed to open rendernode: No such file or directory
06-30 14:40:45.048 W/libc    (24771): Access denied finding property "vendor.mesa.virtgpu.kumquat"
06-30 14:40:45.048 E/MESA    (24771): Failed to open rendernode: No such file or directory
06-30 14:40:45.048 W/libc    (24771): Access denied finding property "vendor.mesa.virtgpu.kumquat"
06-30 14:40:45.048 E/MESA    (24771): Failed to open rendernode: No such file or directory
06-30 14:40:45.048 W/libc    (24771): Access denied finding property "vendor.mesa.virtgpu.kumquat"
06-30 14:40:45.048 E/MESA    (24771): Failed to open rendernode: No such file or directory
06-30 14:40:45.048 W/libc    (24771): Access denied finding property "vendor.mesa.virtgpu.kumquat"
06-30 14:40:45.048 E/MESA    (24771): Failed to open rendernode: No such file or directory
06-30 14:40:45.048 I/GFXSTREAM(24771): [eglDisplay.cpp(297)] Opening libGLESv1_CM_emulation.so
06-30 14:40:45.049 I/FontLog ( 1317): (REDACTED) Received query %s, URI %s
06-30 14:40:45.049 I/FontLog ( 1317): (REDACTED) Query [%s] resolved to %s
06-30 14:40:45.050 I/FontLog ( 1317): (REDACTED) Font PFD returned from cache for %s
06-30 14:40:45.050 I/FontLog ( 1317): (REDACTED) Fetch %s end status %s
06-30 14:40:45.051 I/GFXSTREAM(24771): [eglDisplay.cpp(297)] Opening libGLESv2_emulation.so
06-30 14:40:45.052 W/libc    (24771): Access denied finding property "vendor.mesa.virtgpu.kumquat"
06-30 14:40:45.053 I/FontLog ( 1317): (REDACTED) Pulling font file for id = %d, cache size = %d
06-30 14:40:45.058 I/.aiquota.mobile(24771): hiddenapi: Accessing hidden field Landroid/graphics/Bitmap;->mNativePtr:J (runtime_flags=0, domain=platform, api=unsupported) from Lcom/android/webview/chromium/WebViewChromium; (domain=app, TargetSdkVersion=35) using JNI: allowed
06-30 14:40:45.061 I/FontLog ( 1317): (REDACTED) Received query %s, URI %s
06-30 14:40:45.062 I/FontLog ( 1317): (REDACTED) Query [%s] resolved to %s
06-30 14:40:45.062 I/FontLog ( 1317): (REDACTED) Font PFD returned from cache for %s
06-30 14:40:45.062 I/FontLog ( 1317): (REDACTED) Fetch %s end status %s
06-30 14:40:45.066 I/FontLog ( 1317): (REDACTED) Pulling font file for id = %d, cache size = %d
06-30 14:40:45.098 D/AIQuotaBgRefreshService(24771): inject provider=gemini url=
06-30 14:40:45.099 D/AIQuotaBgRefreshService(24771): pageFinished provider=gemini url=
06-30 14:40:45.113 I/AIQuotaDebugCookie(24771): provider=gemini debugCookieHeaderRestore=true source=external url=https://gemini.google.com
06-30 14:40:45.831 D/AppWidgetServiceImpl(  690): Trying to notify widget update for package com.aiquota.mobile with widget id: 22
06-30 14:40:45.839 D/AppWidgetServiceImpl(  690): Trying to notify widget update for package com.aiquota.mobile with widget id: 24
06-30 14:40:45.840 D/AppWidgetServiceImpl(  690): Trying to notify widget update for package com.aiquota.mobile with widget id: 20
06-30 14:40:45.842 D/AppWidgetServiceImpl(  690): Trying to notify widget update for package com.aiquota.mobile with widget id: 21
06-30 14:40:45.865 D/AppWidgetServiceImpl(  690): Trying to notify widget update for package com.aiquota.mobile with widget id: 17
06-30 14:40:45.884 D/ShortcutAndWidgetContainer( 2807): appWidgetScale - [x,y]: [1.0,1.0]
06-30 14:40:45.885 D/NavigableAppWidgetHostView( 2807): updateScale - [fitScale,bounceScale]: [1.0,1.0]
06-30 14:40:45.885 D/ShortcutAndWidgetContainer( 2807): appWidgetScale - [x,y]: [1.0,1.0]
06-30 14:40:45.885 D/NavigableAppWidgetHostView( 2807): updateScale - [fitScale,bounceScale]: [1.0,1.0]
06-30 14:40:45.885 D/ShortcutAndWidgetContainer( 2807): appWidgetScale - [x,y]: [1.0,1.0]
06-30 14:40:45.885 D/NavigableAppWidgetHostView( 2807): updateScale - [fitScale,bounceScale]: [1.0,1.0]
06-30 14:40:45.885 D/ShortcutAndWidgetContainer( 2807): appWidgetScale - [x,y]: [1.0,1.0]
06-30 14:40:45.885 D/NavigableAppWidgetHostView( 2807): updateScale - [fitScale,bounceScale]: [1.0,1.0]
06-30 14:40:45.907 W/skia    (  527): AGTM parsing failed flags.readFromStream(s) at 159
06-30 14:40:45.907 W/skia    (  527): AGTM parsing failed flags.readFromStream(s) at 159
06-30 14:40:46.007 W/skia    (  527): AGTM parsing failed flags.readFromStream(s) at 159
06-30 14:40:46.007 W/skia    (  527): AGTM parsing failed flags.readFromStream(s) at 159
06-30 14:40:46.046 I/HalDevMgr(  690): bestIfaceCreationProposal is null, requestIface=STA, existingIface=[name=wlan0 type=STA]
06-30 14:40:46.919 D/AIQuotaGeminiUsageRpc(24771): geminiUsagePageHtml status=200 payloadBytes=798523
06-30 14:40:47.319 D/AIQuotaGeminiUsageRpc(24771): geminiUsageRpc status=200 payloadBytes=226
06-30 14:40:47.332 D/AIQuotaNativeUsage(24771): nativeUsage provider=gemini ok=true diagnostic=ok statuses=gemini_usage_page_html:200|gemini_usage_rpc:200
06-30 14:40:47.334 D/AIQuotaBgRefreshService(24771): payload provider=gemini url= summary=root=provider|collectorMode|usage,provider=gemini,collectorMode=native-usage-page-rpc,lineCount=0,hasUsage=true,hasData=false,hasError=false
06-30 14:40:47.335 E/ashmem  (24875): readlink(/proc/self/fd/115) failed: Operation not permitted
06-30 14:40:47.335 D/AIQuotaBgRefreshService(24771): outcome provider=gemini type=Payload
06-30 14:40:47.336 E/ashmem  (24875): readlink(/proc/self/fd/116) failed: Operation not permitted
06-30 14:40:47.336 E/ashmem  (24875): readlink(/proc/self/fd/118) failed: Operation not permitted
06-30 14:40:47.336 D/AIQuotaBgRefreshService(24771): saveSnapshot provider=gemini source=webview lineCount=2 planPresent=false accountPresent=false
06-30 14:40:47.338 E/ashmem  (24875): readlink(/proc/self/fd/117) failed: Operation not permitted
06-30 14:40:47.339 E/ashmem  (24875): readlink(/proc/self/fd/119) failed: Operation not permitted
06-30 14:40:47.339 E/ashmem  (24875): readlink(/proc/self/fd/121) failed: Operation not permitted
06-30 14:40:47.360 I/AIQuotaDebugCookie(24771): provider=gemini debugCookieSnapshot=true reason=background_webview_snapshot urlCount=7 cookieCount=7 nativeAuthContextCount=0 nativeAuthHeaderCount=0
06-30 14:40:49.054 I/HalDevMgr(  690): bestIfaceCreationProposal is null, requestIface=STA, existingIface=[name=wlan0 type=STA]
06-30 14:40:49.059 D/IpClient/wlan0( 1083): interfaceLinkStateChanged: ifindex 16 up
06-30 14:40:49.064 D/IpClient/wlan0( 1083): interfaceLinkStateChanged: ifindex 16 up
06-30 14:40:49.285 D/ProfileInstaller(24771): Installing profile for com.aiquota.mobile
06-30 14:40:49.398 D/AppWidgetServiceImpl(  690): Trying to notify widget update for package com.aiquota.mobile with widget id: 22
06-30 14:40:49.401 D/ShortcutAndWidgetContainer( 2807): appWidgetScale - [x,y]: [1.0,1.0]
06-30 14:40:49.401 D/NavigableAppWidgetHostView( 2807): updateScale - [fitScale,bounceScale]: [1.0,1.0]
06-30 14:40:49.401 D/ShortcutAndWidgetContainer( 2807): appWidgetScale - [x,y]: [1.0,1.0]
06-30 14:40:49.401 D/NavigableAppWidgetHostView( 2807): updateScale - [fitScale,bounceScale]: [1.0,1.0]
06-30 14:40:49.401 D/ShortcutAndWidgetContainer( 2807): appWidgetScale - [x,y]: [1.0,1.0]
06-30 14:40:49.401 D/NavigableAppWidgetHostView( 2807): updateScale - [fitScale,bounceScale]: [1.0,1.0]
06-30 14:40:49.401 D/ShortcutAndWidgetContainer( 2807): appWidgetScale - [x,y]: [1.0,1.0]
06-30 14:40:49.401 D/NavigableAppWidgetHostView( 2807): updateScale - [fitScale,bounceScale]: [1.0,1.0]
06-30 14:40:49.407 D/AppWidgetServiceImpl(  690): Trying to notify widget update for package com.aiquota.mobile with widget id: 24
06-30 14:40:49.408 D/AppWidgetServiceImpl(  690): Trying to notify widget update for package com.aiquota.mobile with widget id: 20
06-30 14:40:49.410 D/AppWidgetServiceImpl(  690): Trying to notify widget update for package com.aiquota.mobile with widget id: 21
06-30 14:40:49.423 W/skia    (  527): AGTM parsing failed flags.readFromStream(s) at 159
06-30 14:40:49.423 W/skia    (  527): AGTM parsing failed flags.readFromStream(s) at 159
06-30 14:40:49.437 D/AppWidgetServiceImpl(  690): Trying to notify widget update for package com.aiquota.mobile with widget id: 17
06-30 14:40:49.451 D/ShortcutAndWidgetContainer( 2807): appWidgetScale - [x,y]: [1.0,1.0]
06-30 14:40:49.451 D/NavigableAppWidgetHostView( 2807): updateScale - [fitScale,bounceScale]: [1.0,1.0]
06-30 14:40:49.451 D/ShortcutAndWidgetContainer( 2807): appWidgetScale - [x,y]: [1.0,1.0]
06-30 14:40:49.451 D/NavigableAppWidgetHostView( 2807): updateScale - [fitScale,bounceScale]: [1.0,1.0]
06-30 14:40:49.451 D/ShortcutAndWidgetContainer( 2807): appWidgetScale - [x,y]: [1.0,1.0]
06-30 14:40:49.451 D/NavigableAppWidgetHostView( 2807): updateScale - [fitScale,bounceScale]: [1.0,1.0]
06-30 14:40:49.451 D/ShortcutAndWidgetContainer( 2807): appWidgetScale - [x,y]: [1.0,1.0]
06-30 14:40:49.451 D/NavigableAppWidgetHostView( 2807): updateScale - [fitScale,bounceScale]: [1.0,1.0]
06-30 14:40:49.525 W/skia    (  527): AGTM parsing failed flags.readFromStream(s) at 159
06-30 14:40:49.525 W/skia    (  527): AGTM parsing failed flags.readFromStream(s) at 159
06-30 14:40:49.549 D/SatelliteController( 1128): isInCarrierRoamingNbIotNtn: satellite is disabled
06-30 14:40:49.549 D/SatelliteController( 1128): getCarrierRoamingNtnConnectType: Checking connect type from PLMN config for subId: 1
06-30 14:40:49.549 D/TelephonyConfigUpdateInstallReceiver( 1128): getConfigParser: domain=satellite
06-30 14:40:49.549 V/SatelliteController( 1128): satelliteConfigParser is not ready
06-30 14:40:49.549 D/SatelliteController( 1128): isSatelliteAttachSupportedViaConfigupdater: return null (satelliteConfig is null)
06-30 14:40:49.551 D/SatelliteController( 1128): getSatellitePerPlmnConfiguration: invalid subId or not supported via carrier.
06-30 14:40:49.552 D/SatelliteController( 1128): getCarrierRoamingNtnConnectType: config: null
06-30 14:40:49.552 D/TelephonyConfigUpdateInstallReceiver( 1128): getConfigParser: domain=satellite
06-30 14:40:49.552 V/SatelliteController( 1128): satelliteConfigParser is not ready
06-30 14:40:49.552 D/SatelliteController( 1128): getCarrierRoamingNtnConnectTypeViaConfigUpdater: return null (satelliteConfig is null)
06-30 14:40:49.552 D/SatelliteController( 1128): getCarrierRoamingNtnConnectType: Falling back to global carrier config connect type: 0
06-30 14:40:49.552 D/TelephonyConfigUpdateInstallReceiver( 1128): getConfigParser: domain=satellite
06-30 14:40:49.552 V/SatelliteController( 1128): satelliteConfigParser is not ready
06-30 14:40:49.552 D/SatelliteController( 1128): isSatelliteAttachSupportedViaConfigupdater: return null (satelliteConfig is null)
06-30 14:40:49.552 D/SatelliteController( 1128): getCarrierRoamingNtnConnectType: Checking connect type from PLMN config for subId: 1
06-30 14:40:49.552 D/TelephonyConfigUpdateInstallReceiver( 1128): getConfigParser: domain=satellite
06-30 14:40:49.552 V/SatelliteController( 1128): satelliteConfigParser is not ready
06-30 14:40:49.552 D/SatelliteController( 1128): isSatelliteAttachSupportedViaConfigupdater: return null (satelliteConfig is null)
06-30 14:40:49.552 D/SatelliteController( 1128): getSatellitePerPlmnConfiguration: invalid subId or not supported via carrier.
06-30 14:40:49.553 D/SatelliteController( 1128): getCarrierRoamingNtnConnectType: config: null
06-30 14:40:49.553 D/TelephonyConfigUpdateInstallReceiver( 1128): getConfigParser: domain=satellite
06-30 14:40:49.553 V/SatelliteController( 1128): satelliteConfigParser is not ready
06-30 14:40:49.553 D/SatelliteController( 1128): getCarrierRoamingNtnConnectTypeViaConfigUpdater: return null (satelliteConfig is null)
06-30 14:40:49.553 D/SatelliteController( 1128): getCarrierRoamingNtnConnectType: Falling back to global carrier config connect type: 0
06-30 14:40:49.553 D/TelephonyConfigUpdateInstallReceiver( 1128): getConfigParser: domain=satellite
06-30 14:40:49.553 V/SatelliteController( 1128): satelliteConfigParser is not ready
06-30 14:40:49.553 D/SatelliteController( 1128): isSatelliteAttachSupportedViaConfigupdater: return null (satelliteConfig is null)
06-30 14:40:49.628 W/skia    (  527): AGTM parsing failed flags.readFromStream(s) at 159
06-30 14:40:49.628 W/skia    (  527): AGTM parsing failed flags.readFromStream(s) at 159
06-30 14:40:50.580 I/adbd    (  539): adbd service requested 'shell,v2,raw:dumpsys package com.google.android.gms'
06-30 14:40:50.704 I/artd    ( 3273): GetBestInfo: odex next to the dex file (/data/app/~~pUpe9D-hsv0lOCLmNQJGyA==/com.google.android.gms-a0e_AySruvvgbDhYG8Z6yQ==/oat/x86_64/base.odex) is kOatUpToDate with filter 'speed-profile' executable 'false'
06-30 14:40:50.705 I/artd    ( 3273): GetBestInfo: dm (/data/app/~~pUpe9D-hsv0lOCLmNQJGyA==/com.google.android.gms-a0e_AySruvvgbDhYG8Z6yQ==/split_AdsDynamite_installtime.dm) is kOatUpToDate with filter 'verify' executable 'false'
06-30 14:40:50.707 I/artd    ( 3273): GetBestInfo: odex next to the dex file (/data/app/~~pUpe9D-hsv0lOCLmNQJGyA==/com.google.android.gms-a0e_AySruvvgbDhYG8Z6yQ==/oat/x86_64/split_CronetDynamite_installtime.odex) is kOatUpToDate with filter 'speed-profile' executable 'false'
06-30 14:40:50.708 I/artd    ( 3273): GetBestInfo: dm (/data/app/~~pUpe9D-hsv0lOCLmNQJGyA==/com.google.android.gms-a0e_AySruvvgbDhYG8Z6yQ==/split_DynamiteLoader_installtime.dm) is kOatUpToDate with filter 'verify' executable 'false'
06-30 14:40:50.711 I/artd    ( 3273): GetBestInfo: dm (/data/app/~~pUpe9D-hsv0lOCLmNQJGyA==/com.google.android.gms-a0e_AySruvvgbDhYG8Z6yQ==/split_DynamiteModulesA_installtime.dm) is kOatUpToDate with filter 'verify' executable 'false'
06-30 14:40:50.712 I/artd    ( 3273): GetBestInfo: dm (/data/app/~~pUpe9D-hsv0lOCLmNQJGyA==/com.google.android.gms-a0e_AySruvvgbDhYG8Z6yQ==/split_DynamiteModulesC_installtime.dm) is kOatUpToDate with filter 'verify' executable 'false'
06-30 14:40:50.713 I/artd    ( 3273): GetBestInfo: dm (/data/app/~~pUpe9D-hsv0lOCLmNQJGyA==/com.google.android.gms-a0e_AySruvvgbDhYG8Z6yQ==/split_GoogleCertificates_installtime.dm) is kOatUpToDate with filter 'verify' executable 'false'
06-30 14:40:50.714 I/artd    ( 3273): GetBestInfo: dm (/data/app/~~pUpe9D-hsv0lOCLmNQJGyA==/com.google.android.gms-a0e_AySruvvgbDhYG8Z6yQ==/split_MapsDynamite_installtime.dm) is kOatUpToDate with filter 'verify' executable 'false'
06-30 14:40:50.715 I/artd    ( 3273): GetBestInfo: dm (/data/app/~~pUpe9D-hsv0lOCLmNQJGyA==/com.google.android.gms-a0e_AySruvvgbDhYG8Z6yQ==/split_MeasurementDynamite_installtime.dm) is kOatUpToDate with filter 'verify' executable 'false'
06-30 14:40:50.716 I/artd    ( 3273): GetBestInfo: /data/user_de/0/com.google.android.gms/app_chimera/m/0000000e/dl-IdentityCredentialsPlatform.optional_262031100800.apk has no usable artifacts
06-30 14:40:50.717 I/artd    ( 3273): GetBestInfo: /data/user_de/0/com.google.android.gms/app_chimera/m/00000001/CronetDynamite.apk has no usable artifacts
06-30 14:40:50.718 I/artd    ( 3273): GetBestInfo: /data/user_de/0/com.google.android.gms/app_chimera/m/00000013/dl-TfliteDynamiteDynamite.integ_252130102100800.apk has no usable artifacts
06-30 14:40:50.719 I/artd    ( 3273): GetBestInfo: /data/user_de/0/com.google.android.gms/app_chimera/m/00000002/DynamiteLoader.apk has no usable artifacts
06-30 14:40:50.720 I/artd    ( 3273): GetBestInfo: /data/user_de/0/com.google.android.gms/app_chimera/m/0000000c/dl-IdentityCredentialsPlatform.optional_261136100800.apk has no usable artifacts
06-30 14:40:50.721 I/artd    ( 3273): GetBestInfo: /data/user_de/0/com.google.android.gms/app_chimera/m/00000005/GoogleCertificates.apk has no usable artifacts
06-30 14:40:50.722 I/artd    ( 3273): GetBestInfo: /data/user_de/0/com.google.android.gms/app_chimera/m/0000000a/dl-TfliteDynamiteDynamite.integ_260580502100800.apk has no usable artifacts
06-30 14:40:50.724 I/artd    ( 3273): GetBestInfo: /data/user_de/0/com.google.android.gms/app_chimera/m/00000016/dl-PlayCloudSearch.optional_262031100000.apk has no usable artifacts
06-30 14:40:50.725 I/artd    ( 3273): GetBestInfo: /data/user_de/0/com.google.android.gms/app_chimera/m/00000014/dl-MlkitOcrCommon.optional_262031100800.apk has no usable artifacts
06-30 14:40:50.727 I/artd    ( 3273): GetBestInfo: /data/user_de/0/com.google.android.gms/app_chimera/m/00000008/dl-VisionOcr.optional_261136100000.apk has no usable artifacts
06-30 14:40:50.728 I/artd    ( 3273): GetBestInfo: /data/user_de/0/com.google.android.gms/app_chimera/m/00000010/dl-Appsearch.optional_262031100800.apk has no usable artifacts
06-30 14:40:50.729 I/artd    ( 3273): GetBestInfo: /data/user_de/0/com.google.android.gms/app_chimera/m/0000000b/dl-Appsearch.optional_261136100800.apk has no usable artifacts
06-30 14:40:50.730 I/artd    ( 3273): GetBestInfo: vdex next to the dex file (/data/user/0/com.google.android.gms/app_dg_cache/9BCBC14EE674B00B958D4B0C5B4BD883630AA39E/oat/x86_64/the.vdex) is kOatUpToDate with filter 'verify' executable 'false'
06-30 14:40:50.732 I/artd    ( 3273): GetBestInfo: /data/user_de/0/com.google.android.gms/app_chimera/m/00000009/dl-MlkitOcrCommon.optional_261136100800.apk has no usable artifacts
06-30 14:40:50.733 I/artd    ( 3273): GetBestInfo: /data/user/0/com.google.android.gms/app_dg_cache/22DA9D7AD8ED7504E0CAC64C41ECDBD7068924E0/the.apk has no usable artifacts
06-30 14:40:50.734 I/artd    ( 3273): GetBestInfo: vdex next to the dex file (/data/user/0/com.google.android.gms/app_dg_cache/FEE57AEA14526BE59FD8AB1365237E7B7A5CE7CB/oat/x86_64/the.vdex) is kOatUpToDate with filter 'verify' executable 'false'
06-30 14:40:50.735 I/artd    ( 3273): GetBestInfo: vdex next to the dex file (/data/user/0/com.google.android.gms/app_dg_cache/1C62BDE86218FBAA50DF06C4A79F5C3FE74B69EC/oat/x86_64/the.vdex) is kOatUpToDate with filter 'verify' executable 'false'
06-30 14:40:50.737 I/artd    ( 3273): GetBestInfo: /data/user_de/0/com.google.android.gms/app_chimera/m/0000000f/dl-VisionOcr.optional_262031100000.apk has no usable artifacts
06-30 14:40:50.738 I/artd    ( 3273): GetBestInfo: /data/user_de/0/com.google.android.gms/app_chimera/m/00000015/dl-MlkitBarcodeUi.optional_262031100800.apk has no usable artifacts
06-30 14:40:50.739 I/artd    ( 3273): GetBestInfo: /data/user_de/0/com.google.android.gms/app_chimera/m/00000007/MeasurementDynamite.apk has no usable artifacts
06-30 14:40:51.125 I/wpa_supplicant(  961): wlan0: CTRL-EVENT-BEACON-LOSS 
06-30 14:40:52.058 I/HalDevMgr(  690): bestIfaceCreationProposal is null, requestIface=STA, existingIface=[name=wlan0 type=STA]
06-30 14:40:52.666 D/ActivityManager(  690): freezing 4938 com.android.vending:background
06-30 14:40:54.300 D/InetDiagMessage(  690): Destroyed 0 sockets, proto=IPPROTO_TCP, family=AF_INET, states=14
06-30 14:40:54.300 D/InetDiagMessage(  690): Destroyed 0 sockets, proto=IPPROTO_TCP, family=AF_INET6, states=14
06-30 14:40:54.301 D/InetDiagMessage(  690): Destroyed live tcp sockets for uids={10159} in 1ms
06-30 14:40:54.301 D/InetDiagMessage(  690): Destroyed 0 sockets, proto=IPPROTO_TCP, family=AF_INET, states=14
06-30 14:40:54.301 D/InetDiagMessage(  690): Destroyed 0 sockets, proto=IPPROTO_TCP, family=AF_INET6, states=14
06-30 14:40:54.301 D/InetDiagMessage(  690): Destroyed live tcp sockets for uids={20159} in 0ms
06-30 14:40:54.735 V/NotificationHistory(  690): Attempted to add notif for locked/gone/disabled user 0
06-30 14:40:54.737 W/AiAiEcho( 1592): LyftNotificationParser Ridesharing ETA not enabled
06-30 14:40:54.737 I/AiAiEcho( 1592): SmartspaceNotificationPredictor no parser can handle this notification or notification is invalid
06-30 14:40:54.773 W/skia    (  527): AGTM parsing failed flags.readFromStream(s) at 159
06-30 14:40:54.774 W/skia    (  527): AGTM parsing failed flags.readFromStream(s) at 159
06-30 14:40:54.878 W/skia    (  527): AGTM parsing failed flags.readFromStream(s) at 159
06-30 14:40:54.878 W/skia    (  527): AGTM parsing failed flags.readFromStream(s) at 159
06-30 14:40:54.981 W/skia    (  527): AGTM parsing failed flags.readFromStream(s) at 159
06-30 14:40:54.981 W/skia    (  527): AGTM parsing failed flags.readFromStream(s) at 159
06-30 14:40:55.066 I/HalDevMgr(  690): bestIfaceCreationProposal is null, requestIface=STA, existingIface=[name=wlan0 type=STA]
06-30 14:40:55.071 D/IpClient/wlan0( 1083): interfaceLinkStateChanged: ifindex 16 up
06-30 14:40:55.082 D/IpClient/wlan0( 1083): interfaceLinkStateChanged: ifindex 16 up
06-30 14:40:55.091 W/skia    (  527): AGTM parsing failed flags.readFromStream(s) at 159
06-30 14:40:55.091 W/skia    (  527): AGTM parsing failed flags.readFromStream(s) at 159
06-30 14:40:55.193 W/skia    (  527): AGTM parsing failed flags.readFromStream(s) at 159
06-30 14:40:55.193 W/skia    (  527): AGTM parsing failed flags.readFromStream(s) at 159
06-30 14:40:57.002 I/ForwardSyncCache( 3977): reclaimMemory: Clearing caches
06-30 14:40:57.002 I/BugleSpam( 3977): HadesBitmapStore: Purged 0 images during memory reclamation
06-30 14:40:57.002 I/BugleRestore( 3977): reclaimMemory: Clearing persistent caches
06-30 14:40:57.002 W/Bugle   ( 3977): TextClassifierLibManagerImpl: Reclaiming memory at level: 40
06-30 14:40:57.358 I/keystore2(  331): system/security/keystore2/watchdog/src/lib.rs:371 - Watchdog thread idle -> terminating. Have a great day.
06-30 14:40:58.010 E/hmly    ( 1317): Got more than one input Future failure. Logging failures after the first
06-30 14:40:58.010 E/hmly    ( 1317): java.io.IOException: Unable to create parent directories of /data/user/0/com.google.android.gms/files/mobstore_salt.pb.lock
06-30 14:40:58.010 E/hmly    ( 1317): 	at hhkm.c(:com.google.android.gms@262031038@26.20.31 (260800-919905943):37)
06-30 14:40:58.010 E/hmly    ( 1317): 	at gons.e(:com.google.android.gms@262031038@26.20.31 (260800-919905943):5)
06-30 14:40:58.010 E/hmly    ( 1317): 	at goqk.a(:com.google.android.gms@262031038@26.20.31 (260800-919905943):198)
06-30 14:40:58.010 E/hmly    ( 1317): 	at gomy.d(:com.google.android.gms@262031038@26.20.31 (260800-919905943):5)
06-30 14:40:58.010 E/hmly    ( 1317): 	at gosk.a(:com.google.android.gms@262031038@26.20.31 (260800-919905943):28)
06-30 14:40:58.010 E/hmly    ( 1317): 	at hdmz.a(:com.google.android.gms@262031038@26.20.31 (260800-919905943):17)
06-30 14:40:58.010 E/hmly    ( 1317): 	at hmnp.a(:com.google.android.gms@262031038@26.20.31 (260800-919905943):20)
06-30 14:40:58.010 E/hmly    ( 1317): 	at hmpt.a(:com.google.android.gms@262031038@26.20.31 (260800-919905943):3)
06-30 14:40:58.010 E/hmly    ( 1317): 	at hmou.run(:com.google.android.gms@262031038@26.20.31 (260800-919905943):19)
06-30 14:40:58.010 E/hmly    ( 1317): 	at hmpv.run(:com.google.android.gms@262031038@26.20.31 (260800-919905943):5)
06-30 14:40:58.010 E/hmly    ( 1317): 	at hmnr.run(:com.google.android.gms@262031038@26.20.31 (260800-919905943):20)
06-30 14:40:58.010 E/hmly    ( 1317): 	at java.util.concurrent.ThreadPoolExecutor.runWorker(ThreadPoolExecutor.java:1100)
06-30 14:40:58.010 E/hmly    ( 1317): 	at java.util.concurrent.ThreadPoolExecutor$Worker.run(ThreadPoolExecutor.java:624)
06-30 14:40:58.010 E/hmly    ( 1317): 	at java.lang.Thread.run(Thread.java:1572)
06-30 14:40:58.073 I/AdbWifiNetworkMonitor(  690): Wi-Fi network available
06-30 14:40:58.074 I/AdbWifiNetworkMonitor(  690): Received the same Wi-Fi SSID. Ignoring.
06-30 14:40:58.076 I/HalDevMgr(  690): bestIfaceCreationProposal is null, requestIface=STA, existingIface=[name=wlan0 type=STA]
06-30 14:40:58.078 I/NullBinder( 1317): NullBinder for android.net.action.RECOMMEND_NETWORKS triggering remote TransactionTooLargeException due to Service without Chimera impl, calling uid: 1000, calling pid: 0
06-30 14:40:58.078 W/libbinder.Binder( 1317): Large reply transaction of 1056768 bytes, interface descriptor , function: UNKNOWN_FUNCTION_NAME, code: 1, flags: 17
06-30 14:40:58.078 D/WM-WorkConstraintsTrack( 2923): NetworkRequestConstraintController onCapabilitiesChanged callback
06-30 14:40:58.080 D/WM-WorkConstraintsTrack( 3977): NetworkRequestConstraintController onCapabilitiesChanged callback
06-30 14:40:58.081 I/BugleRcsEngine( 3867): handleMessage processing message:[NOTIFY_UPTIME_IGNORE_STATE_CHANGED] with [non-null]:RcsEngineImpl reference [CONTEXT log_prefix="RcsEngineImpl[DUAL_REG]:[390448b9-d26f]>Handler" thread_id=69 ]
06-30 14:40:58.081 I/BugleRcsEngine( 3867): Connected state: [1], networkType: [WIFI] [CONTEXT thread_id=65 ]
06-30 14:40:58.082 W/libbinder.IPCThreadState(  690): Sending oneway calls to frozen process.
06-30 14:40:58.082 W/libbinder.IPCThreadState(  690): Sending oneway calls to frozen process.
06-30 14:40:58.085 D/ConnectivityService(  690): NetReassign [no changes] [c 0] [a 1] [i 0]
06-30 14:40:58.085 I/NearbyMediums( 1317): Wifi changed new SSID: "AndroidWifi"
06-30 14:40:58.085 I/NearbyMediums( 1317): WifiLanConnectivityInfo is not changed, skip notify.
06-30 14:40:58.091 I/BugleRcsEngine( 3867): No RCS Configuration was found in Bugle for simID: redacted-pii:sim_id[chars:20,last3:897] [CONTEXT log_prefix="ProvisioningEngineDataRetriever" thread_id=69 ]
06-30 14:40:58.157 D/BoundBrokerSvc(20906): onUnbind: Intent { act=com.google.android.gms.feedback.internal.IFeedbackService dat=chimera-action:/... xflg=0x4 cmp=com.google.android.gms/.chimera.GmsBoundBrokerService }
06-30 14:40:58.581 I/NearbySharing( 1317): Network state changed: NetworkState(isRestricted=false, isOnline=true, isCongested=false, isMetered=false, isWifiConnected=true)
06-30 14:40:59.062 I/wpa_supplicant(  961): wlan0: CTRL-EVENT-BEACON-LOSS 
06-30 14:40:59.551 D/SatelliteController( 1128): isInCarrierRoamingNbIotNtn: satellite is disabled
06-30 14:40:59.551 D/SatelliteController( 1128): getCarrierRoamingNtnConnectType: Checking connect type from PLMN config for subId: 1
06-30 14:40:59.551 D/TelephonyConfigUpdateInstallReceiver( 1128): getConfigParser: domain=satellite
06-30 14:40:59.551 V/SatelliteController( 1128): satelliteConfigParser is not ready
06-30 14:40:59.551 D/SatelliteController( 1128): isSatelliteAttachSupportedViaConfigupdater: return null (satelliteConfig is null)
06-30 14:40:59.552 D/SatelliteController( 1128): getSatellitePerPlmnConfiguration: invalid subId or not supported via carrier.
06-30 14:40:59.552 D/SatelliteController( 1128): getCarrierRoamingNtnConnectType: config: null
06-30 14:40:59.552 D/TelephonyConfigUpdateInstallReceiver( 1128): getConfigParser: domain=satellite
06-30 14:40:59.552 V/SatelliteController( 1128): satelliteConfigParser is not ready
06-30 14:40:59.552 D/SatelliteController( 1128): getCarrierRoamingNtnConnectTypeViaConfigUpdater: return null (satelliteConfig is null)
06-30 14:40:59.553 D/SatelliteController( 1128): getCarrierRoamingNtnConnectType: Falling back to global carrier config connect type: 0
06-30 14:40:59.553 D/TelephonyConfigUpdateInstallReceiver( 1128): getConfigParser: domain=satellite
06-30 14:40:59.553 V/SatelliteController( 1128): satelliteConfigParser is not ready
06-30 14:40:59.553 D/SatelliteController( 1128): isSatelliteAttachSupportedViaConfigupdater: return null (satelliteConfig is null)
06-30 14:40:59.553 D/SatelliteController( 1128): getCarrierRoamingNtnConnectType: Checking connect type from PLMN config for subId: 1
06-30 14:40:59.553 D/TelephonyConfigUpdateInstallReceiver( 1128): getConfigParser: domain=satellite
06-30 14:40:59.553 V/SatelliteController( 1128): satelliteConfigParser is not ready
06-30 14:40:59.553 D/SatelliteController( 1128): isSatelliteAttachSupportedViaConfigupdater: return null (satelliteConfig is null)
06-30 14:40:59.553 D/SatelliteController( 1128): getSatellitePerPlmnConfiguration: invalid subId or not supported via carrier.
06-30 14:40:59.553 D/SatelliteController( 1128): getCarrierRoamingNtnConnectType: config: null
06-30 14:40:59.553 D/TelephonyConfigUpdateInstallReceiver( 1128): getConfigParser: domain=satellite
06-30 14:40:59.553 V/SatelliteController( 1128): satelliteConfigParser is not ready
06-30 14:40:59.553 D/SatelliteController( 1128): getCarrierRoamingNtnConnectTypeViaConfigUpdater: return null (satelliteConfig is null)
06-30 14:40:59.553 D/SatelliteController( 1128): getCarrierRoamingNtnConnectType: Falling back to global carrier config connect type: 0
06-30 14:40:59.553 D/TelephonyConfigUpdateInstallReceiver( 1128): getConfigParser: domain=satellite
06-30 14:40:59.553 V/SatelliteController( 1128): satelliteConfigParser is not ready
06-30 14:40:59.553 D/SatelliteController( 1128): isSatelliteAttachSupportedViaConfigupdater: return null (satelliteConfig is null)
06-30 14:41:00.039 W/skia    (  527): AGTM parsing failed flags.readFromStream(s) at 159
06-30 14:41:00.039 W/skia    (  527): AGTM parsing failed flags.readFromStream(s) at 159
06-30 14:41:00.121 D/BoundBrokerSvc(20906): onUnbind: Intent { act=com.google.android.gms.safetynet.service.START xflg=0x4 pkg=com.google.android.gms }
06-30 14:41:00.123 D/BoundBrokerSvc(20906): onUnbind: Intent { act=com.google.android.gms.safebrowsing.SafeBrowsingService.START dat=chimera-action:/... xflg=0x4 cmp=com.google.android.gms/.chimera.GmsBoundBrokerService }
06-30 14:41:00.590 I/adbd    (  539): adbd service requested 'shell,v2,raw:dumpsys package com.google.android.gms'
06-30 14:41:00.715 I/artd    ( 3273): GetBestInfo: odex next to the dex file (/data/app/~~pUpe9D-hsv0lOCLmNQJGyA==/com.google.android.gms-a0e_AySruvvgbDhYG8Z6yQ==/oat/x86_64/base.odex) is kOatUpToDate with filter 'speed-profile' executable 'false'
06-30 14:41:00.717 I/artd    ( 3273): GetBestInfo: dm (/data/app/~~pUpe9D-hsv0lOCLmNQJGyA==/com.google.android.gms-a0e_AySruvvgbDhYG8Z6yQ==/split_AdsDynamite_installtime.dm) is kOatUpToDate with filter 'verify' executable 'false'
06-30 14:41:00.718 I/artd    ( 3273): GetBestInfo: odex next to the dex file (/data/app/~~pUpe9D-hsv0lOCLmNQJGyA==/com.google.android.gms-a0e_AySruvvgbDhYG8Z6yQ==/oat/x86_64/split_CronetDynamite_installtime.odex) is kOatUpToDate with filter 'speed-profile' executable 'false'
06-30 14:41:00.719 I/artd    ( 3273): GetBestInfo: dm (/data/app/~~pUpe9D-hsv0lOCLmNQJGyA==/com.google.android.gms-a0e_AySruvvgbDhYG8Z6yQ==/split_DynamiteLoader_installtime.dm) is kOatUpToDate with filter 'verify' executable 'false'
06-30 14:41:00.721 I/artd    ( 3273): GetBestInfo: dm (/data/app/~~pUpe9D-hsv0lOCLmNQJGyA==/com.google.android.gms-a0e_AySruvvgbDhYG8Z6yQ==/split_DynamiteModulesA_installtime.dm) is kOatUpToDate with filter 'verify' executable 'false'
06-30 14:41:00.723 I/artd    ( 3273): GetBestInfo: dm (/data/app/~~pUpe9D-hsv0lOCLmNQJGyA==/com.google.android.gms-a0e_AySruvvgbDhYG8Z6yQ==/split_DynamiteModulesC_installtime.dm) is kOatUpToDate with filter 'verify' executable 'false'
06-30 14:41:00.724 I/artd    ( 3273): GetBestInfo: dm (/data/app/~~pUpe9D-hsv0lOCLmNQJGyA==/com.google.android.gms-a0e_AySruvvgbDhYG8Z6yQ==/split_GoogleCertificates_installtime.dm) is kOatUpToDate with filter 'verify' executable 'false'
06-30 14:41:00.725 I/artd    ( 3273): GetBestInfo: dm (/data/app/~~pUpe9D-hsv0lOCLmNQJGyA==/com.google.android.gms-a0e_AySruvvgbDhYG8Z6yQ==/split_MapsDynamite_installtime.dm) is kOatUpToDate with filter 'verify' executable 'false'
06-30 14:41:00.726 I/artd    ( 3273): GetBestInfo: dm (/data/app/~~pUpe9D-hsv0lOCLmNQJGyA==/com.google.android.gms-a0e_AySruvvgbDhYG8Z6yQ==/split_MeasurementDynamite_installtime.dm) is kOatUpToDate with filter 'verify' executable 'false'
06-30 14:41:00.727 I/artd    ( 3273): GetBestInfo: /data/user_de/0/com.google.android.gms/app_chimera/m/0000000e/dl-IdentityCredentialsPlatform.optional_262031100800.apk has no usable artifacts
06-30 14:41:00.728 I/artd    ( 3273): GetBestInfo: /data/user_de/0/com.google.android.gms/app_chimera/m/00000001/CronetDynamite.apk has no usable artifacts
06-30 14:41:00.729 I/artd    ( 3273): GetBestInfo: /data/user_de/0/com.google.android.gms/app_chimera/m/00000013/dl-TfliteDynamiteDynamite.integ_252130102100800.apk has no usable artifacts
06-30 14:41:00.729 I/artd    ( 3273): GetBestInfo: /data/user_de/0/com.google.android.gms/app_chimera/m/00000002/DynamiteLoader.apk has no usable artifacts
06-30 14:41:00.731 I/artd    ( 3273): GetBestInfo: /data/user_de/0/com.google.android.gms/app_chimera/m/0000000c/dl-IdentityCredentialsPlatform.optional_261136100800.apk has no usable artifacts
06-30 14:41:00.731 I/artd    ( 3273): GetBestInfo: /data/user_de/0/com.google.android.gms/app_chimera/m/00000005/GoogleCertificates.apk has no usable artifacts
06-30 14:41:00.732 I/artd    ( 3273): GetBestInfo: /data/user_de/0/com.google.android.gms/app_chimera/m/0000000a/dl-TfliteDynamiteDynamite.integ_260580502100800.apk has no usable artifacts
06-30 14:41:00.733 I/artd    ( 3273): GetBestInfo: /data/user_de/0/com.google.android.gms/app_chimera/m/00000016/dl-PlayCloudSearch.optional_262031100000.apk has no usable artifacts
06-30 14:41:00.734 I/artd    ( 3273): GetBestInfo: /data/user_de/0/com.google.android.gms/app_chimera/m/00000014/dl-MlkitOcrCommon.optional_262031100800.apk has no usable artifacts
06-30 14:41:00.736 I/artd    ( 3273): GetBestInfo: /data/user_de/0/com.google.android.gms/app_chimera/m/00000008/dl-VisionOcr.optional_261136100000.apk has no usable artifacts
06-30 14:41:00.737 I/artd    ( 3273): GetBestInfo: /data/user_de/0/com.google.android.gms/app_chimera/m/00000010/dl-Appsearch.optional_262031100800.apk has no usable artifacts
06-30 14:41:00.738 I/artd    ( 3273): GetBestInfo: /data/user_de/0/com.google.android.gms/app_chimera/m/0000000b/dl-Appsearch.optional_261136100800.apk has no usable artifacts
06-30 14:41:00.740 I/artd    ( 3273): GetBestInfo: vdex next to the dex file (/data/user/0/com.google.android.gms/app_dg_cache/9BCBC14EE674B00B958D4B0C5B4BD883630AA39E/oat/x86_64/the.vdex) is kOatUpToDate with filter 'verify' executable 'false'
06-30 14:41:00.741 I/artd    ( 3273): GetBestInfo: /data/user_de/0/com.google.android.gms/app_chimera/m/00000009/dl-MlkitOcrCommon.optional_261136100800.apk has no usable artifacts
06-30 14:41:00.742 I/artd    ( 3273): GetBestInfo: /data/user/0/com.google.android.gms/app_dg_cache/22DA9D7AD8ED7504E0CAC64C41ECDBD7068924E0/the.apk has no usable artifacts
06-30 14:41:00.743 I/artd    ( 3273): GetBestInfo: vdex next to the dex file (/data/user/0/com.google.android.gms/app_dg_cache/FEE57AEA14526BE59FD8AB1365237E7B7A5CE7CB/oat/x86_64/the.vdex) is kOatUpToDate with filter 'verify' executable 'false'
06-30 14:41:00.744 I/artd    ( 3273): GetBestInfo: vdex next to the dex file (/data/user/0/com.google.android.gms/app_dg_cache/1C62BDE86218FBAA50DF06C4A79F5C3FE74B69EC/oat/x86_64/the.vdex) is kOatUpToDate with filter 'verify' executable 'false'
06-30 14:41:00.745 I/artd    ( 3273): GetBestInfo: /data/user_de/0/com.google.android.gms/app_chimera/m/0000000f/dl-VisionOcr.optional_262031100000.apk has no usable artifacts
06-30 14:41:00.747 I/artd    ( 3273): GetBestInfo: /data/user_de/0/com.google.android.gms/app_chimera/m/00000015/dl-MlkitBarcodeUi.optional_262031100800.apk has no usable artifacts
06-30 14:41:00.748 I/artd    ( 3273): GetBestInfo: /data/user_de/0/com.google.android.gms/app_chimera/m/00000007/MeasurementDynamite.apk has no usable artifacts
06-30 14:41:01.081 I/AdbWifiNetworkMonitor(  690): Wi-Fi network available
06-30 14:41:01.081 I/AdbWifiNetworkMonitor(  690): Received the same Wi-Fi SSID. Ignoring.
06-30 14:41:01.085 I/HalDevMgr(  690): bestIfaceCreationProposal is null, requestIface=STA, existingIface=[name=wlan0 type=STA]
06-30 14:41:01.086 D/WM-WorkConstraintsTrack( 2923): NetworkRequestConstraintController onCapabilitiesChanged callback
06-30 14:41:01.086 I/NullBinder( 1317): NullBinder for android.net.action.RECOMMEND_NETWORKS triggering remote TransactionTooLargeException due to Service without Chimera impl, calling uid: 1000, calling pid: 0
06-30 14:41:01.087 W/libbinder.Binder( 1317): Large reply transaction of 1056768 bytes, interface descriptor , function: UNKNOWN_FUNCTION_NAME, code: 1, flags: 17
06-30 14:41:01.087 W/libbinder.IPCThreadState(  690): Sending oneway calls to frozen process.
06-30 14:41:01.087 W/libbinder.IPCThreadState(  690): Sending oneway calls to frozen process.
06-30 14:41:01.087 D/WM-WorkConstraintsTrack( 3977): NetworkRequestConstraintController onCapabilitiesChanged callback
06-30 14:41:01.088 I/BugleRcsEngine( 3867): Connected state: [1], networkType: [WIFI] [CONTEXT thread_id=65 ]
06-30 14:41:01.088 I/BugleRcsEngine( 3867): handleMessage processing message:[NOTIFY_UPTIME_IGNORE_STATE_CHANGED] with [non-null]:RcsEngineImpl reference [CONTEXT log_prefix="RcsEngineImpl[DUAL_REG]:[390448b9-d26f]>Handler" thread_id=69 ]
06-30 14:41:01.090 D/ConnectivityService(  690): NetReassign [no changes] [c 0] [a 0] [i 0]
06-30 14:41:01.091 I/NearbyMediums( 1317): Wifi changed new SSID: "AndroidWifi"
06-30 14:41:01.091 I/NearbyMediums( 1317): WifiLanConnectivityInfo is not changed, skip notify.
06-30 14:41:01.092 I/BugleRcsEngine( 3867): No RCS Configuration was found in Bugle for simID: redacted-pii:sim_id[chars:20,last3:897] [CONTEXT log_prefix="ProvisioningEngineDataRetriever" thread_id=69 ]
06-30 14:41:01.588 I/NearbySharing( 1317): Network state changed: NetworkState(isRestricted=false, isOnline=true, isCongested=false, isMetered=false, isWifiConnected=true)
06-30 14:41:02.590 D/ActivityManager(  690): freezing 5255 com.google.android.permissioncontroller
06-30 14:41:02.591 D/InetDiagMessage(  690): Destroyed 0 sockets, proto=IPPROTO_TCP, family=AF_INET, states=14
06-30 14:41:02.591 D/InetDiagMessage(  690): Destroyed 0 sockets, proto=IPPROTO_TCP, family=AF_INET6, states=14
06-30 14:41:02.591 D/InetDiagMessage(  690): Destroyed live tcp sockets for uids={10218} in 1ms
06-30 14:41:04.092 I/HalDevMgr(  690): bestIfaceCreationProposal is null, requestIface=STA, existingIface=[name=wlan0 type=STA]
06-30 14:41:06.915 I/Finsky  ( 4591): [2] SCH: job service start with id 9456.
06-30 14:41:06.923 I/Finsky  ( 4591): [444] SCH: Satisfied jobs for 9456 are: 12-1
06-30 14:41:06.923 I/Finsky  ( 4591): [454] SCH: Job 12-1 starting
06-30 14:41:06.924 I/Finsky  ( 4591): [2] WM::SCH: Logging work start for 12-1
06-30 14:41:06.925 I/Finsky  ( 4591): [2] [ContentSync] job started
06-30 14:41:06.930 I/PackageManager(  690): getInstalledPackages: callingUid=10153 flags=134217728 updatedFlags=135004160 userId=0
06-30 14:41:06.998 I/wpa_supplicant(  961): wlan0: CTRL-EVENT-BEACON-LOSS 
06-30 14:41:07.013 I/system_server(  690): Background young concurrent mark compact GC freed 20MB AllocSpace bytes, 15(400KB) LOS objects, 33% free, 43MB/65MB, paused 1.801ms,28.331ms total 43.353ms
06-30 14:41:07.025 W/Finsky  ( 4591): [2] STU: Failed to get storage stats for package 'com.android.hardware.threadnetwork' (1601: Error getting stats: android.content.pm.PackageManager.NameNotFoundException)
06-30 14:41:07.031 W/Finsky  ( 4591): [2] STU: Failed to get storage stats for package 'com.google.android.uprobestats' (1601: Error getting stats: android.content.pm.PackageManager.NameNotFoundException)
06-30 14:41:07.037 W/Finsky  ( 4591): [2] STU: Failed to get storage stats for package 'com.android.hardware.vibrator' (1601: Error getting stats: android.content.pm.PackageManager.NameNotFoundException)
06-30 14:41:07.051 W/Finsky  ( 4591): [2] STU: Failed to get storage stats for package 'com.google.android.uwb' (1601: Error getting stats: android.content.pm.PackageManager.NameNotFoundException)
06-30 14:41:07.052 W/Finsky  ( 4591): [2] STU: Failed to get storage stats for package 'com.google.android.bt' (1601: Error getting stats: android.content.pm.PackageManager.NameNotFoundException)
06-30 14:41:07.058 W/Finsky  ( 4591): [2] STU: Failed to get storage stats for package 'com.google.android.widevine.nonupdatable' (1601: Error getting stats: android.content.pm.PackageManager.NameNotFoundException)
06-30 14:41:07.066 W/Finsky  ( 4591): [2] STU: Failed to get storage stats for package 'com.google.android.tzdata6' (1601: Error getting stats: android.content.pm.PackageManager.NameNotFoundException)
06-30 14:41:07.077 W/Finsky  ( 4591): [2] STU: Failed to get storage stats for package 'com.google.android.permission' (1601: Error getting stats: android.content.pm.PackageManager.NameNotFoundException)
06-30 14:41:07.095 W/Finsky  ( 4591): [2] STU: Failed to get storage stats for package 'com.google.android.gmssystem' (1601: Error getting stats: android.content.pm.PackageManager.NameNotFoundException)
06-30 14:41:07.097 I/AdbWifiNetworkMonitor(  690): Wi-Fi network available
06-30 14:41:07.097 I/AdbWifiNetworkMonitor(  690): Received the same Wi-Fi SSID. Ignoring.
06-30 14:41:07.098 I/HalDevMgr(  690): bestIfaceCreationProposal is null, requestIface=STA, existingIface=[name=wlan0 type=STA]
06-30 14:41:07.103 D/WM-WorkConstraintsTrack( 2923): NetworkRequestConstraintController onCapabilitiesChanged callback
06-30 14:41:07.106 D/WM-WorkConstraintsTrack( 3977): NetworkRequestConstraintController onCapabilitiesChanged callback
06-30 14:41:07.108 W/libbinder.IPCThreadState(  690): Sending oneway calls to frozen process.
06-30 14:41:07.108 W/libbinder.IPCThreadState(  690): Sending oneway calls to frozen process.
06-30 14:41:07.108 I/NullBinder( 1317): NullBinder for android.net.action.RECOMMEND_NETWORKS triggering remote TransactionTooLargeException due to Service without Chimera impl, calling uid: 1000, calling pid: 0
06-30 14:41:07.107 I/BugleRcsEngine( 3867): handleMessage processing message:[NOTIFY_UPTIME_IGNORE_STATE_CHANGED] with [non-null]:RcsEngineImpl reference [CONTEXT log_prefix="RcsEngineImpl[DUAL_REG]:[390448b9-d26f]>Handler" thread_id=69 ]
06-30 14:41:07.108 W/libbinder.Binder( 1317): Large reply transaction of 1056768 bytes, interface descriptor , function: UNKNOWN_FUNCTION_NAME, code: 1, flags: 17
06-30 14:41:07.110 I/BugleRcsEngine( 3867): Connected state: [1], networkType: [WIFI] [CONTEXT thread_id=65 ]
06-30 14:41:07.112 D/ConnectivityService(  690): NetReassign [no changes] [c 0] [a 1] [i 0]
06-30 14:41:07.114 I/NearbyMediums( 1317): Wifi changed new SSID: "AndroidWifi"
06-30 14:41:07.115 I/NearbyMediums( 1317): WifiLanConnectivityInfo is not changed, skip notify.
06-30 14:41:07.116 I/BugleRcsEngine( 3867): No RCS Configuration was found in Bugle for simID: redacted-pii:sim_id[chars:20,last3:897] [CONTEXT log_prefix="ProvisioningEngineDataRetriever" thread_id=69 ]
06-30 14:41:07.118 W/JobService( 4591): onNetworkChanged() not implemented in com.google.android.finsky.scheduler.process.mainimpl.PhoneskyJobServiceMain. Must override in a subclass.
06-30 14:41:07.125 W/Finsky  ( 4591): [2] STU: Failed to get storage stats for package 'com.google.android.wifi' (1601: Error getting stats: android.content.pm.PackageManager.NameNotFoundException)
06-30 14:41:07.129 W/Finsky  ( 4591): [2] STU: Failed to get storage stats for package 'com.android.hardware.contexthub' (1601: Error getting stats: android.content.pm.PackageManager.NameNotFoundException)
06-30 14:41:07.135 W/Finsky  ( 4591): [2] STU: Failed to get storage stats for package 'com.android.hardware.authsecret' (1601: Error getting stats: android.content.pm.PackageManager.NameNotFoundException)
06-30 14:41:07.147 W/Finsky  ( 4591): [2] STU: Failed to get storage stats for package 'com.android.apex.cts.shim' (1601: Error getting stats: android.content.pm.PackageManager.NameNotFoundException)
06-30 14:41:07.151 W/Finsky  ( 4591): [2] STU: Failed to get storage stats for package 'com.android.hardware.thermal' (1601: Error getting stats: android.content.pm.PackageManager.NameNotFoundException)
06-30 14:41:07.162 W/Finsky  ( 4591): [2] STU: Failed to get storage stats for package 'com.google.android.telephonycore' (1601: Error getting stats: android.content.pm.PackageManager.NameNotFoundException)
06-30 14:41:07.182 W/Finsky  ( 4591): [2] STU: Failed to get storage stats for package 'com.google.android.appsearch' (1601: Error getting stats: android.content.pm.PackageManager.NameNotFoundException)
06-30 14:41:07.182 W/Finsky  ( 4591): [2] STU: Failed to get storage stats for package 'com.google.android.media.swcodec' (1601: Error getting stats: android.content.pm.PackageManager.NameNotFoundException)
06-30 14:41:07.183 W/Finsky  ( 4591): [2] STU: Failed to get storage stats for package 'com.google.android.art' (1601: Error getting stats: android.content.pm.PackageManager.NameNotFoundException)
06-30 14:41:07.190 W/Finsky  ( 4591): [2] STU: Failed to get storage stats for package 'com.google.android.profiling' (1601: Error getting stats: android.content.pm.PackageManager.NameNotFoundException)
06-30 14:41:07.206 W/Finsky  ( 4591): [2] STU: Failed to get storage stats for package 'com.google.android.mediaprovider' (1601: Error getting stats: android.content.pm.PackageManager.NameNotFoundException)
06-30 14:41:07.215 W/Finsky  ( 4591): [2] STU: Failed to get storage stats for package 'com.android.hardware.uwb' (1601: Error getting stats: android.content.pm.PackageManager.NameNotFoundException)
06-30 14:41:07.221 W/Finsky  ( 4591): [2] STU: Failed to get storage stats for package 'com.android.virt' (1601: Error getting stats: android.content.pm.PackageManager.NameNotFoundException)
06-30 14:41:07.225 W/Finsky  ( 4591): [2] STU: Failed to get storage stats for package 'com.android.hardware.neuralnetworks' (1601: Error getting stats: android.content.pm.PackageManager.NameNotFoundException)
06-30 14:41:07.226 W/Finsky  ( 4591): [2] STU: Failed to get storage stats for package 'com.google.android.crashrecovery' (1601: Error getting stats: android.content.pm.PackageManager.NameNotFoundException)
06-30 14:41:07.227 W/Finsky  ( 4591): [2] STU: Failed to get storage stats for package 'com.google.android.adbd' (1601: Error getting stats: android.content.pm.PackageManager.NameNotFoundException)
06-30 14:41:07.230 W/Finsky  ( 4591): [2] STU: Failed to get storage stats for package 'com.google.android.resolv' (1601: Error getting stats: android.content.pm.PackageManager.NameNotFoundException)
06-30 14:41:07.236 W/Finsky  ( 4591): [2] STU: Failed to get storage stats for package 'com.android.i18n' (1601: Error getting stats: android.content.pm.PackageManager.NameNotFoundException)
06-30 14:41:07.243 W/Finsky  ( 4591): [2] STU: Failed to get storage stats for package 'com.android.hardware.dumpstate' (1601: Error getting stats: android.content.pm.PackageManager.NameNotFoundException)
06-30 14:41:07.244 W/Finsky  ( 4591): [2] STU: Failed to get storage stats for package 'com.google.android.configinfrastructure' (1601: Error getting stats: android.content.pm.PackageManager.NameNotFoundException)
06-30 14:41:07.244 W/Finsky  ( 4591): [2] STU: Failed to get storage stats for package 'com.google.android.media' (1601: Error getting stats: android.content.pm.PackageManager.NameNotFoundException)
06-30 14:41:07.244 W/Finsky  ( 4591): [2] STU: Failed to get storage stats for package 'com.google.android.conscrypt' (1601: Error getting stats: android.content.pm.PackageManager.NameNotFoundException)
06-30 14:41:07.261 W/Finsky  ( 4591): [2] STU: Failed to get storage stats for package 'com.android.hardware.cas' (1601: Error getting stats: android.content.pm.PackageManager.NameNotFoundException)
06-30 14:41:07.271 W/Finsky  ( 4591): [2] STU: Failed to get storage stats for package 'com.google.android.neuralnetworks' (1601: Error getting stats: android.content.pm.PackageManager.NameNotFoundException)
06-30 14:41:07.274 W/Finsky  ( 4591): [2] STU: Failed to get storage stats for package 'com.google.android.webapp' (1601: Error getting stats: android.content.pm.PackageManager.NameNotFoundException)
06-30 14:41:07.278 W/Finsky  ( 4591): [2] STU: Failed to get storage stats for package 'com.google.android.runtime' (1601: Error getting stats: android.content.pm.PackageManager.NameNotFoundException)
06-30 14:41:07.279 W/Finsky  ( 4591): [2] STU: Failed to get storage stats for package 'com.google.android.ipsec' (1601: Error getting stats: android.content.pm.PackageManager.NameNotFoundException)
06-30 14:41:07.281 W/Finsky  ( 4591): [2] STU: Failed to get storage stats for package 'com.android.devicelock' (1601: Error getting stats: android.content.pm.PackageManager.NameNotFoundException)
06-30 14:41:07.289 W/Finsky  ( 4591): [2] STU: Failed to get storage stats for package 'com.android.hardware.power' (1601: Error getting stats: android.content.pm.PackageManager.NameNotFoundException)
06-30 14:41:07.292 W/Finsky  ( 4591): [2] STU: Failed to get storage stats for package 'com.google.android.ondevicepersonalization' (1601: Error getting stats: android.content.pm.PackageManager.NameNotFoundException)
06-30 14:41:07.296 W/Finsky  ( 4591): [2] STU: Failed to get storage stats for package 'com.google.android.sdkext' (1601: Error getting stats: android.content.pm.PackageManager.NameNotFoundException)
06-30 14:41:07.296 W/Finsky  ( 4591): [2] STU: Failed to get storage stats for package 'com.google.android.healthfitness' (1601: Error getting stats: android.content.pm.PackageManager.NameNotFoundException)
06-30 14:41:07.311 W/Finsky  ( 4591): [2] STU: Failed to get storage stats for package 'com.android.hardware.biometrics.fingerprint.virtual' (1601: Error getting stats: android.content.pm.PackageManager.NameNotFoundException)
06-30 14:41:07.312 W/Finsky  ( 4591): [2] STU: Failed to get storage stats for package 'com.google.android.adservices' (1601: Error getting stats: android.content.pm.PackageManager.NameNotFoundException)
06-30 14:41:07.312 W/Finsky  ( 4591): [2] STU: Failed to get storage stats for package 'com.google.android.tethering' (1601: Error getting stats: android.content.pm.PackageManager.NameNotFoundException)
06-30 14:41:07.320 W/Finsky  ( 4591): [2] STU: Failed to get storage stats for package 'com.google.android.extservices' (1601: Error getting stats: android.content.pm.PackageManager.NameNotFoundException)
06-30 14:41:07.327 W/Finsky  ( 4591): [2] STU: Failed to get storage stats for package 'com.google.android.nfcservices' (1601: Error getting stats: android.content.pm.PackageManager.NameNotFoundException)
06-30 14:41:07.355 W/Finsky  ( 4591): [2] STU: Failed to get storage stats for package 'com.google.android.os.statsd' (1601: Error getting stats: android.content.pm.PackageManager.NameNotFoundException)
06-30 14:41:07.356 W/Finsky  ( 4591): [2] STU: Failed to get storage stats for package 'com.android.hardware.rebootescrow' (1601: Error getting stats: android.content.pm.PackageManager.NameNotFoundException)
06-30 14:41:07.363 W/Finsky  ( 4591): [2] STU: Failed to get storage stats for package 'com.google.android.cellbroadcast' (1601: Error getting stats: android.content.pm.PackageManager.NameNotFoundException)
06-30 14:41:07.370 W/Finsky  ( 4591): [2] STU: Failed to get storage stats for package 'com.android.npumanager' (1601: Error getting stats: android.content.pm.PackageManager.NameNotFoundException)
06-30 14:41:07.377 W/Finsky  ( 4591): [2] STU: Failed to get storage stats for package 'com.google.android.rkpd' (1601: Error getting stats: android.content.pm.PackageManager.NameNotFoundException)
06-30 14:41:07.396 W/Finsky  ( 4591): [2] STU: Failed to get storage stats for package 'com.google.android.scheduling' (1601: Error getting stats: android.content.pm.PackageManager.NameNotFoundException)
06-30 14:41:07.408 W/Finsky  ( 4591): [2] STU: Failed to get storage stats for package 'com.android.hardware.gatekeeper' (1601: Error getting stats: android.content.pm.PackageManager.NameNotFoundException)
06-30 14:41:07.412 I/Finsky  ( 4591): [2] App states replicator found 2 unowned apps
06-30 14:41:07.413 I/Finsky  ( 4591): [53] Completed 0 account content syncs with 0 successful.
06-30 14:41:07.413 I/Finsky  ( 4591): [2] [ContentSync] Installation state replication succeeded.
06-30 14:41:07.414 I/Finsky  ( 4591): [2] SCH: jobFinished: 12-1. TimeElapsed: 490ms.
06-30 14:41:07.414 I/Finsky  ( 4591): [2] WM::SCH: Logging work end for 12-1
06-30 14:41:07.444 I/Finsky  ( 4591): [56] SCH: Scheduling phonesky job Id: 1-1337, CT: 1782790550164, Constraints: [{ L: 43184898, D: 86384898, C: CHARGING_NONE, I: IDLE_NONE, N: NET_ANY, B: BATTERY_ANY }]
06-30 14:41:07.445 I/Finsky  ( 4591): [56] SCH: Scheduling phonesky job Id: 34-106, CT: 1782747356285, Constraints: [{ L: 604800000, D: 2591999219, C: CHARGING_NONE, I: IDLE_NONE, N: NET_ANY, B: BATTERY_ANY }]
06-30 14:41:07.451 I/Finsky  ( 4591): [54] SCH: Scheduling 1 system job(s)
06-30 14:41:07.451 I/Finsky  ( 4591): [54] SCH: Scheduling system job Id: 9460, L: 3267611, D: 46467611, C: false, I: false, N: 1
06-30 14:41:07.461 I/Finsky  ( 4591): [454] SCH: job service finished with id 9456.
06-30 14:41:07.605 I/NearbySharing( 1317): Network state changed: NetworkState(isRestricted=false, isOnline=true, isCongested=false, isMetered=false, isWifiConnected=true)
06-30 14:41:09.550 D/SatelliteController( 1128): isInCarrierRoamingNbIotNtn: satellite is disabled
06-30 14:41:09.550 D/SatelliteController( 1128): getCarrierRoamingNtnConnectType: Checking connect type from PLMN config for subId: 1
06-30 14:41:09.550 D/TelephonyConfigUpdateInstallReceiver( 1128): getConfigParser: domain=satellite
06-30 14:41:09.550 V/SatelliteController( 1128): satelliteConfigParser is not ready
06-30 14:41:09.550 D/SatelliteController( 1128): isSatelliteAttachSupportedViaConfigupdater: return null (satelliteConfig is null)
06-30 14:41:09.551 D/SatelliteController( 1128): getSatellitePerPlmnConfiguration: invalid subId or not supported via carrier.
06-30 14:41:09.551 D/SatelliteController( 1128): getCarrierRoamingNtnConnectType: config: null
06-30 14:41:09.551 D/TelephonyConfigUpdateInstallReceiver( 1128): getConfigParser: domain=satellite
06-30 14:41:09.551 V/SatelliteController( 1128): satelliteConfigParser is not ready
06-30 14:41:09.551 D/SatelliteController( 1128): getCarrierRoamingNtnConnectTypeViaConfigUpdater: return null (satelliteConfig is null)
06-30 14:41:09.551 D/SatelliteController( 1128): getCarrierRoamingNtnConnectType: Falling back to global carrier config connect type: 0
06-30 14:41:09.551 D/TelephonyConfigUpdateInstallReceiver( 1128): getConfigParser: domain=satellite
06-30 14:41:09.551 V/SatelliteController( 1128): satelliteConfigParser is not ready
06-30 14:41:09.551 D/SatelliteController( 1128): isSatelliteAttachSupportedViaConfigupdater: return null (satelliteConfig is null)
06-30 14:41:09.551 D/SatelliteController( 1128): getCarrierRoamingNtnConnectType: Checking connect type from PLMN config for subId: 1
06-30 14:41:09.551 D/TelephonyConfigUpdateInstallReceiver( 1128): getConfigParser: domain=satellite
06-30 14:41:09.551 V/SatelliteController( 1128): satelliteConfigParser is not ready
06-30 14:41:09.551 D/SatelliteController( 1128): isSatelliteAttachSupportedViaConfigupdater: return null (satelliteConfig is null)
06-30 14:41:09.551 D/SatelliteController( 1128): getSatellitePerPlmnConfiguration: invalid subId or not supported via carrier.
06-30 14:41:09.551 D/SatelliteController( 1128): getCarrierRoamingNtnConnectType: config: null
06-30 14:41:09.551 D/TelephonyConfigUpdateInstallReceiver( 1128): getConfigParser: domain=satellite
06-30 14:41:09.551 V/SatelliteController( 1128): satelliteConfigParser is not ready
06-30 14:41:09.551 D/SatelliteController( 1128): getCarrierRoamingNtnConnectTypeViaConfigUpdater: return null (satelliteConfig is null)
06-30 14:41:09.552 D/SatelliteController( 1128): getCarrierRoamingNtnConnectType: Falling back to global carrier config connect type: 0
06-30 14:41:09.552 D/TelephonyConfigUpdateInstallReceiver( 1128): getConfigParser: domain=satellite
06-30 14:41:09.552 V/SatelliteController( 1128): satelliteConfigParser is not ready
06-30 14:41:09.552 D/SatelliteController( 1128): isSatelliteAttachSupportedViaConfigupdater: return null (satelliteConfig is null)
06-30 14:41:10.106 I/HalDevMgr(  690): bestIfaceCreationProposal is null, requestIface=STA, existingIface=[name=wlan0 type=STA]
06-30 14:41:10.137 D/ActivityManager(  690): freezing 20906 com.google.android.gms
06-30 14:41:10.580 I/adbd    (  539): adbd service requested 'shell,v2,raw:dumpsys package com.google.android.gms'
06-30 14:41:10.716 I/artd    ( 3273): GetBestInfo: odex next to the dex file (/data/app/~~pUpe9D-hsv0lOCLmNQJGyA==/com.google.android.gms-a0e_AySruvvgbDhYG8Z6yQ==/oat/x86_64/base.odex) is kOatUpToDate with filter 'speed-profile' executable 'false'
06-30 14:41:10.718 I/artd    ( 3273): GetBestInfo: dm (/data/app/~~pUpe9D-hsv0lOCLmNQJGyA==/com.google.android.gms-a0e_AySruvvgbDhYG8Z6yQ==/split_AdsDynamite_installtime.dm) is kOatUpToDate with filter 'verify' executable 'false'
06-30 14:41:10.719 I/artd    ( 3273): GetBestInfo: odex next to the dex file (/data/app/~~pUpe9D-hsv0lOCLmNQJGyA==/com.google.android.gms-a0e_AySruvvgbDhYG8Z6yQ==/oat/x86_64/split_CronetDynamite_installtime.odex) is kOatUpToDate with filter 'speed-profile' executable 'false'
06-30 14:41:10.720 I/artd    ( 3273): GetBestInfo: dm (/data/app/~~pUpe9D-hsv0lOCLmNQJGyA==/com.google.android.gms-a0e_AySruvvgbDhYG8Z6yQ==/split_DynamiteLoader_installtime.dm) is kOatUpToDate with filter 'verify' executable 'false'
06-30 14:41:10.721 I/artd    ( 3273): GetBestInfo: dm (/data/app/~~pUpe9D-hsv0lOCLmNQJGyA==/com.google.android.gms-a0e_AySruvvgbDhYG8Z6yQ==/split_DynamiteModulesA_installtime.dm) is kOatUpToDate with filter 'verify' executable 'false'
06-30 14:41:10.723 I/artd    ( 3273): GetBestInfo: dm (/data/app/~~pUpe9D-hsv0lOCLmNQJGyA==/com.google.android.gms-a0e_AySruvvgbDhYG8Z6yQ==/split_DynamiteModulesC_installtime.dm) is kOatUpToDate with filter 'verify' executable 'false'
06-30 14:41:10.724 I/artd    ( 3273): GetBestInfo: dm (/data/app/~~pUpe9D-hsv0lOCLmNQJGyA==/com.google.android.gms-a0e_AySruvvgbDhYG8Z6yQ==/split_GoogleCertificates_installtime.dm) is kOatUpToDate with filter 'verify' executable 'false'
06-30 14:41:10.725 I/artd    ( 3273): GetBestInfo: dm (/data/app/~~pUpe9D-hsv0lOCLmNQJGyA==/com.google.android.gms-a0e_AySruvvgbDhYG8Z6yQ==/split_MapsDynamite_installtime.dm) is kOatUpToDate with filter 'verify' executable 'false'
06-30 14:41:10.726 I/artd    ( 3273): GetBestInfo: dm (/data/app/~~pUpe9D-hsv0lOCLmNQJGyA==/com.google.android.gms-a0e_AySruvvgbDhYG8Z6yQ==/split_MeasurementDynamite_installtime.dm) is kOatUpToDate with filter 'verify' executable 'false'
06-30 14:41:10.727 I/artd    ( 3273): GetBestInfo: /data/user_de/0/com.google.android.gms/app_chimera/m/0000000e/dl-IdentityCredentialsPlatform.optional_262031100800.apk has no usable artifacts
06-30 14:41:10.728 I/artd    ( 3273): GetBestInfo: /data/user_de/0/com.google.android.gms/app_chimera/m/00000001/CronetDynamite.apk has no usable artifacts
06-30 14:41:10.729 I/artd    ( 3273): GetBestInfo: /data/user_de/0/com.google.android.gms/app_chimera/m/00000013/dl-TfliteDynamiteDynamite.integ_252130102100800.apk has no usable artifacts
06-30 14:41:10.729 I/artd    ( 3273): GetBestInfo: /data/user_de/0/com.google.android.gms/app_chimera/m/00000002/DynamiteLoader.apk has no usable artifacts
06-30 14:41:10.730 I/artd    ( 3273): GetBestInfo: /data/user_de/0/com.google.android.gms/app_chimera/m/0000000c/dl-IdentityCredentialsPlatform.optional_261136100800.apk has no usable artifacts
06-30 14:41:10.731 I/artd    ( 3273): GetBestInfo: /data/user_de/0/com.google.android.gms/app_chimera/m/00000005/GoogleCertificates.apk has no usable artifacts
06-30 14:41:10.732 I/artd    ( 3273): GetBestInfo: /data/user_de/0/com.google.android.gms/app_chimera/m/0000000a/dl-TfliteDynamiteDynamite.integ_260580502100800.apk has no usable artifacts
06-30 14:41:10.734 I/artd    ( 3273): GetBestInfo: /data/user_de/0/com.google.android.gms/app_chimera/m/00000016/dl-PlayCloudSearch.optional_262031100000.apk has no usable artifacts
06-30 14:41:10.735 I/artd    ( 3273): GetBestInfo: /data/user_de/0/com.google.android.gms/app_chimera/m/00000014/dl-MlkitOcrCommon.optional_262031100800.apk has no usable artifacts
06-30 14:41:10.737 I/artd    ( 3273): GetBestInfo: /data/user_de/0/com.google.android.gms/app_chimera/m/00000008/dl-VisionOcr.optional_261136100000.apk has no usable artifacts
06-30 14:41:10.738 I/artd    ( 3273): GetBestInfo: /data/user_de/0/com.google.android.gms/app_chimera/m/00000010/dl-Appsearch.optional_262031100800.apk has no usable artifacts
06-30 14:41:10.740 I/artd    ( 3273): GetBestInfo: /data/user_de/0/com.google.android.gms/app_chimera/m/0000000b/dl-Appsearch.optional_261136100800.apk has no usable artifacts
06-30 14:41:10.741 I/artd    ( 3273): GetBestInfo: vdex next to the dex file (/data/user/0/com.google.android.gms/app_dg_cache/9BCBC14EE674B00B958D4B0C5B4BD883630AA39E/oat/x86_64/the.vdex) is kOatUpToDate with filter 'verify' executable 'false'
06-30 14:41:10.742 I/artd    ( 3273): GetBestInfo: /data/user_de/0/com.google.android.gms/app_chimera/m/00000009/dl-MlkitOcrCommon.optional_261136100800.apk has no usable artifacts
06-30 14:41:10.743 I/artd    ( 3273): GetBestInfo: /data/user/0/com.google.android.gms/app_dg_cache/22DA9D7AD8ED7504E0CAC64C41ECDBD7068924E0/the.apk has no usable artifacts
06-30 14:41:10.745 I/artd    ( 3273): GetBestInfo: vdex next to the dex file (/data/user/0/com.google.android.gms/app_dg_cache/FEE57AEA14526BE59FD8AB1365237E7B7A5CE7CB/oat/x86_64/the.vdex) is kOatUpToDate with filter 'verify' executable 'false'
06-30 14:41:10.746 I/artd    ( 3273): GetBestInfo: vdex next to the dex file (/data/user/0/com.google.android.gms/app_dg_cache/1C62BDE86218FBAA50DF06C4A79F5C3FE74B69EC/oat/x86_64/the.vdex) is kOatUpToDate with filter 'verify' executable 'false'
06-30 14:41:10.747 I/artd    ( 3273): GetBestInfo: /data/user_de/0/com.google.android.gms/app_chimera/m/0000000f/dl-VisionOcr.optional_262031100000.apk has no usable artifacts
06-30 14:41:10.749 I/artd    ( 3273): GetBestInfo: /data/user_de/0/com.google.android.gms/app_chimera/m/00000015/dl-MlkitBarcodeUi.optional_262031100800.apk has no usable artifacts
06-30 14:41:10.750 I/artd    ( 3273): GetBestInfo: /data/user_de/0/com.google.android.gms/app_chimera/m/00000007/MeasurementDynamite.apk has no usable artifacts
06-30 14:41:13.114 I/HalDevMgr(  690): bestIfaceCreationProposal is null, requestIface=STA, existingIface=[name=wlan0 type=STA]
06-30 14:41:14.934 I/wpa_supplicant(  961): wlan0: CTRL-EVENT-BEACON-LOSS 
06-30 14:41:16.119 I/HalDevMgr(  690): bestIfaceCreationProposal is null, requestIface=STA, existingIface=[name=wlan0 type=STA]
06-30 14:41:19.127 I/HalDevMgr(  690): bestIfaceCreationProposal is null, requestIface=STA, existingIface=[name=wlan0 type=STA]
06-30 14:41:19.301 D/ActivityManager(  690): freezing 3383 com.google.android.apps.wellbeing
06-30 14:41:19.302 D/InetDiagMessage(  690): Destroyed 0 sockets, proto=IPPROTO_TCP, family=AF_INET, states=14
06-30 14:41:19.303 D/InetDiagMessage(  690): Destroyed 0 sockets, proto=IPPROTO_TCP, family=AF_INET6, states=14
06-30 14:41:19.303 D/InetDiagMessage(  690): Destroyed live tcp sockets for uids={10159} in 1ms
06-30 14:41:19.550 D/SatelliteController( 1128): isInCarrierRoamingNbIotNtn: satellite is disabled
06-30 14:41:19.550 D/SatelliteController( 1128): getCarrierRoamingNtnConnectType: Checking connect type from PLMN config for subId: 1
06-30 14:41:19.551 D/TelephonyConfigUpdateInstallReceiver( 1128): getConfigParser: domain=satellite
06-30 14:41:19.551 V/SatelliteController( 1128): satelliteConfigParser is not ready
06-30 14:41:19.551 D/SatelliteController( 1128): isSatelliteAttachSupportedViaConfigupdater: return null (satelliteConfig is null)
06-30 14:41:19.551 D/SatelliteController( 1128): getSatellitePerPlmnConfiguration: invalid subId or not supported via carrier.
06-30 14:41:19.551 D/SatelliteController( 1128): getCarrierRoamingNtnConnectType: config: null
06-30 14:41:19.551 D/TelephonyConfigUpdateInstallReceiver( 1128): getConfigParser: domain=satellite
06-30 14:41:19.551 V/SatelliteController( 1128): satelliteConfigParser is not ready
06-30 14:41:19.551 D/SatelliteController( 1128): getCarrierRoamingNtnConnectTypeViaConfigUpdater: return null (satelliteConfig is null)
06-30 14:41:19.551 D/SatelliteController( 1128): getCarrierRoamingNtnConnectType: Falling back to global carrier config connect type: 0
06-30 14:41:19.551 D/TelephonyConfigUpdateInstallReceiver( 1128): getConfigParser: domain=satellite
06-30 14:41:19.551 V/SatelliteController( 1128): satelliteConfigParser is not ready
06-30 14:41:19.551 D/SatelliteController( 1128): isSatelliteAttachSupportedViaConfigupdater: return null (satelliteConfig is null)
06-30 14:41:19.552 D/SatelliteController( 1128): getCarrierRoamingNtnConnectType: Checking connect type from PLMN config for subId: 1
06-30 14:41:19.552 D/TelephonyConfigUpdateInstallReceiver( 1128): getConfigParser: domain=satellite
06-30 14:41:19.552 V/SatelliteController( 1128): satelliteConfigParser is not ready
06-30 14:41:19.552 D/SatelliteController( 1128): isSatelliteAttachSupportedViaConfigupdater: return null (satelliteConfig is null)
06-30 14:41:19.553 D/SatelliteController( 1128): getSatellitePerPlmnConfiguration: invalid subId or not supported via carrier.
06-30 14:41:19.553 D/SatelliteController( 1128): getCarrierRoamingNtnConnectType: config: null
06-30 14:41:19.553 D/TelephonyConfigUpdateInstallReceiver( 1128): getConfigParser: domain=satellite
06-30 14:41:19.553 V/SatelliteController( 1128): satelliteConfigParser is not ready
06-30 14:41:19.553 D/SatelliteController( 1128): getCarrierRoamingNtnConnectTypeViaConfigUpdater: return null (satelliteConfig is null)
06-30 14:41:19.554 D/SatelliteController( 1128): getCarrierRoamingNtnConnectType: Falling back to global carrier config connect type: 0
06-30 14:41:19.554 D/TelephonyConfigUpdateInstallReceiver( 1128): getConfigParser: domain=satellite
06-30 14:41:19.554 V/SatelliteController( 1128): satelliteConfigParser is not ready
06-30 14:41:19.554 D/SatelliteController( 1128): isSatelliteAttachSupportedViaConfigupdater: return null (satelliteConfig is null)
06-30 14:41:19.602 W/skia    (  527): AGTM parsing failed flags.readFromStream(s) at 159
06-30 14:41:19.602 W/skia    (  527): AGTM parsing failed flags.readFromStream(s) at 159
06-30 14:41:20.585 I/adbd    (  539): adbd service requested 'shell,v2,raw:dumpsys package com.google.android.gms'
06-30 14:41:20.714 I/artd    ( 3273): GetBestInfo: odex next to the dex file (/data/app/~~pUpe9D-hsv0lOCLmNQJGyA==/com.google.android.gms-a0e_AySruvvgbDhYG8Z6yQ==/oat/x86_64/base.odex) is kOatUpToDate with filter 'speed-profile' executable 'false'
06-30 14:41:20.715 I/artd    ( 3273): GetBestInfo: dm (/data/app/~~pUpe9D-hsv0lOCLmNQJGyA==/com.google.android.gms-a0e_AySruvvgbDhYG8Z6yQ==/split_AdsDynamite_installtime.dm) is kOatUpToDate with filter 'verify' executable 'false'
06-30 14:41:20.717 I/artd    ( 3273): GetBestInfo: odex next to the dex file (/data/app/~~pUpe9D-hsv0lOCLmNQJGyA==/com.google.android.gms-a0e_AySruvvgbDhYG8Z6yQ==/oat/x86_64/split_CronetDynamite_installtime.odex) is kOatUpToDate with filter 'speed-profile' executable 'false'
06-30 14:41:20.718 I/artd    ( 3273): GetBestInfo: dm (/data/app/~~pUpe9D-hsv0lOCLmNQJGyA==/com.google.android.gms-a0e_AySruvvgbDhYG8Z6yQ==/split_DynamiteLoader_installtime.dm) is kOatUpToDate with filter 'verify' executable 'false'
06-30 14:41:20.720 I/artd    ( 3273): GetBestInfo: dm (/data/app/~~pUpe9D-hsv0lOCLmNQJGyA==/com.google.android.gms-a0e_AySruvvgbDhYG8Z6yQ==/split_DynamiteModulesA_installtime.dm) is kOatUpToDate with filter 'verify' executable 'false'
06-30 14:41:20.721 I/artd    ( 3273): GetBestInfo: dm (/data/app/~~pUpe9D-hsv0lOCLmNQJGyA==/com.google.android.gms-a0e_AySruvvgbDhYG8Z6yQ==/split_DynamiteModulesC_installtime.dm) is kOatUpToDate with filter 'verify' executable 'false'
06-30 14:41:20.723 I/artd    ( 3273): GetBestInfo: dm (/data/app/~~pUpe9D-hsv0lOCLmNQJGyA==/com.google.android.gms-a0e_AySruvvgbDhYG8Z6yQ==/split_GoogleCertificates_installtime.dm) is kOatUpToDate with filter 'verify' executable 'false'
06-30 14:41:20.724 I/artd    ( 3273): GetBestInfo: dm (/data/app/~~pUpe9D-hsv0lOCLmNQJGyA==/com.google.android.gms-a0e_AySruvvgbDhYG8Z6yQ==/split_MapsDynamite_installtime.dm) is kOatUpToDate with filter 'verify' executable 'false'
06-30 14:41:20.725 I/artd    ( 3273): GetBestInfo: dm (/data/app/~~pUpe9D-hsv0lOCLmNQJGyA==/com.google.android.gms-a0e_AySruvvgbDhYG8Z6yQ==/split_MeasurementDynamite_installtime.dm) is kOatUpToDate with filter 'verify' executable 'false'
06-30 14:41:20.726 I/artd    ( 3273): GetBestInfo: /data/user_de/0/com.google.android.gms/app_chimera/m/0000000e/dl-IdentityCredentialsPlatform.optional_262031100800.apk has no usable artifacts
06-30 14:41:20.727 I/artd    ( 3273): GetBestInfo: /data/user_de/0/com.google.android.gms/app_chimera/m/00000001/CronetDynamite.apk has no usable artifacts
06-30 14:41:20.728 I/artd    ( 3273): GetBestInfo: /data/user_de/0/com.google.android.gms/app_chimera/m/00000013/dl-TfliteDynamiteDynamite.integ_252130102100800.apk has no usable artifacts
06-30 14:41:20.729 I/artd    ( 3273): GetBestInfo: /data/user_de/0/com.google.android.gms/app_chimera/m/00000002/DynamiteLoader.apk has no usable artifacts
06-30 14:41:20.730 I/artd    ( 3273): GetBestInfo: /data/user_de/0/com.google.android.gms/app_chimera/m/0000000c/dl-IdentityCredentialsPlatform.optional_261136100800.apk has no usable artifacts
06-30 14:41:20.731 I/artd    ( 3273): GetBestInfo: /data/user_de/0/com.google.android.gms/app_chimera/m/00000005/GoogleCertificates.apk has no usable artifacts
06-30 14:41:20.732 I/artd    ( 3273): GetBestInfo: /data/user_de/0/com.google.android.gms/app_chimera/m/0000000a/dl-TfliteDynamiteDynamite.integ_260580502100800.apk has no usable artifacts
06-30 14:41:20.733 I/artd    ( 3273): GetBestInfo: /data/user_de/0/com.google.android.gms/app_chimera/m/00000016/dl-PlayCloudSearch.optional_262031100000.apk has no usable artifacts
06-30 14:41:20.734 I/artd    ( 3273): GetBestInfo: /data/user_de/0/com.google.android.gms/app_chimera/m/00000014/dl-MlkitOcrCommon.optional_262031100800.apk has no usable artifacts
06-30 14:41:20.736 I/artd    ( 3273): GetBestInfo: /data/user_de/0/com.google.android.gms/app_chimera/m/00000008/dl-VisionOcr.optional_261136100000.apk has no usable artifacts
06-30 14:41:20.737 I/artd    ( 3273): GetBestInfo: /data/user_de/0/com.google.android.gms/app_chimera/m/00000010/dl-Appsearch.optional_262031100800.apk has no usable artifacts
06-30 14:41:20.739 I/artd    ( 3273): GetBestInfo: /data/user_de/0/com.google.android.gms/app_chimera/m/0000000b/dl-Appsearch.optional_261136100800.apk has no usable artifacts
06-30 14:41:20.740 I/artd    ( 3273): GetBestInfo: vdex next to the dex file (/data/user/0/com.google.android.gms/app_dg_cache/9BCBC14EE674B00B958D4B0C5B4BD883630AA39E/oat/x86_64/the.vdex) is kOatUpToDate with filter 'verify' executable 'false'
06-30 14:41:20.741 I/artd    ( 3273): GetBestInfo: /data/user_de/0/com.google.android.gms/app_chimera/m/00000009/dl-MlkitOcrCommon.optional_261136100800.apk has no usable artifacts
06-30 14:41:20.742 I/artd    ( 3273): GetBestInfo: /data/user/0/com.google.android.gms/app_dg_cache/22DA9D7AD8ED7504E0CAC64C41ECDBD7068924E0/the.apk has no usable artifacts
06-30 14:41:20.744 I/artd    ( 3273): GetBestInfo: vdex next to the dex file (/data/user/0/com.google.android.gms/app_dg_cache/FEE57AEA14526BE59FD8AB1365237E7B7A5CE7CB/oat/x86_64/the.vdex) is kOatUpToDate with filter 'verify' executable 'false'
06-30 14:41:20.745 I/artd    ( 3273): GetBestInfo: vdex next to the dex file (/data/user/0/com.google.android.gms/app_dg_cache/1C62BDE86218FBAA50DF06C4A79F5C3FE74B69EC/oat/x86_64/the.vdex) is kOatUpToDate with filter 'verify' executable 'false'
06-30 14:41:20.746 I/artd    ( 3273): GetBestInfo: /data/user_de/0/com.google.android.gms/app_chimera/m/0000000f/dl-VisionOcr.optional_262031100000.apk has no usable artifacts
06-30 14:41:20.748 I/artd    ( 3273): GetBestInfo: /data/user_de/0/com.google.android.gms/app_chimera/m/00000015/dl-MlkitBarcodeUi.optional_262031100800.apk has no usable artifacts
06-30 14:41:20.749 I/artd    ( 3273): GetBestInfo: /data/user_de/0/com.google.android.gms/app_chimera/m/00000007/MeasurementDynamite.apk has no usable artifacts
06-30 14:41:22.135 I/HalDevMgr(  690): bestIfaceCreationProposal is null, requestIface=STA, existingIface=[name=wlan0 type=STA]
06-30 14:41:22.179 D/ActivityManager(  690): freezing 4847 com.android.settings
06-30 14:41:22.180 D/ActivityManager(  690): freezing 6089 com.android.keychain
06-30 14:41:23.126 I/wpa_supplicant(  961): wlan0: CTRL-EVENT-BEACON-LOSS 
06-30 14:41:25.140 I/HalDevMgr(  690): bestIfaceCreationProposal is null, requestIface=STA, existingIface=[name=wlan0 type=STA]
06-30 14:41:28.147 I/HalDevMgr(  690): bestIfaceCreationProposal is null, requestIface=STA, existingIface=[name=wlan0 type=STA]
06-30 14:41:29.551 D/SatelliteController( 1128): isInCarrierRoamingNbIotNtn: satellite is disabled
06-30 14:41:29.551 D/SatelliteController( 1128): getCarrierRoamingNtnConnectType: Checking connect type from PLMN config for subId: 1
06-30 14:41:29.551 D/TelephonyConfigUpdateInstallReceiver( 1128): getConfigParser: domain=satellite
06-30 14:41:29.551 V/SatelliteController( 1128): satelliteConfigParser is not ready
06-30 14:41:29.551 D/SatelliteController( 1128): isSatelliteAttachSupportedViaConfigupdater: return null (satelliteConfig is null)
06-30 14:41:29.552 D/SatelliteController( 1128): getSatellitePerPlmnConfiguration: invalid subId or not supported via carrier.
06-30 14:41:29.552 D/SatelliteController( 1128): getCarrierRoamingNtnConnectType: config: null
06-30 14:41:29.552 D/TelephonyConfigUpdateInstallReceiver( 1128): getConfigParser: domain=satellite
06-30 14:41:29.552 V/SatelliteController( 1128): satelliteConfigParser is not ready
06-30 14:41:29.552 D/SatelliteController( 1128): getCarrierRoamingNtnConnectTypeViaConfigUpdater: return null (satelliteConfig is null)
06-30 14:41:29.552 D/SatelliteController( 1128): getCarrierRoamingNtnConnectType: Falling back to global carrier config connect type: 0
06-30 14:41:29.552 D/TelephonyConfigUpdateInstallReceiver( 1128): getConfigParser: domain=satellite
06-30 14:41:29.552 V/SatelliteController( 1128): satelliteConfigParser is not ready
06-30 14:41:29.552 D/SatelliteController( 1128): isSatelliteAttachSupportedViaConfigupdater: return null (satelliteConfig is null)
06-30 14:41:29.553 D/SatelliteController( 1128): getCarrierRoamingNtnConnectType: Checking connect type from PLMN config for subId: 1
06-30 14:41:29.553 D/TelephonyConfigUpdateInstallReceiver( 1128): getConfigParser: domain=satellite
06-30 14:41:29.553 V/SatelliteController( 1128): satelliteConfigParser is not ready
06-30 14:41:29.553 D/SatelliteController( 1128): isSatelliteAttachSupportedViaConfigupdater: return null (satelliteConfig is null)
06-30 14:41:29.553 D/SatelliteController( 1128): getSatellitePerPlmnConfiguration: invalid subId or not supported via carrier.
06-30 14:41:29.554 D/SatelliteController( 1128): getCarrierRoamingNtnConnectType: config: null
06-30 14:41:29.554 D/TelephonyConfigUpdateInstallReceiver( 1128): getConfigParser: domain=satellite
06-30 14:41:29.554 V/SatelliteController( 1128): satelliteConfigParser is not ready
06-30 14:41:29.554 D/SatelliteController( 1128): getCarrierRoamingNtnConnectTypeViaConfigUpdater: return null (satelliteConfig is null)
06-30 14:41:29.554 D/SatelliteController( 1128): getCarrierRoamingNtnConnectType: Falling back to global carrier config connect type: 0
06-30 14:41:29.554 D/TelephonyConfigUpdateInstallReceiver( 1128): getConfigParser: domain=satellite
06-30 14:41:29.554 V/SatelliteController( 1128): satelliteConfigParser is not ready
06-30 14:41:29.554 D/SatelliteController( 1128): isSatelliteAttachSupportedViaConfigupdater: return null (satelliteConfig is null)
06-30 14:41:30.086 I/WM-WorkerWrapper(24771): Worker result SUCCESS for Work [ id=8e304c11-9484-4e77-97cd-6cbdefdfee5f, tags={ androidx.glance.session.SessionWorker } ]
06-30 14:41:30.092 W/libbinder.IPCThreadState(  596): Sending oneway calls to frozen process.
06-30 14:41:30.593 I/adbd    (  539): adbd service requested 'shell,v2,raw:dumpsys package com.google.android.gms'
06-30 14:41:30.731 I/artd    ( 3273): GetBestInfo: odex next to the dex file (/data/app/~~pUpe9D-hsv0lOCLmNQJGyA==/com.google.android.gms-a0e_AySruvvgbDhYG8Z6yQ==/oat/x86_64/base.odex) is kOatUpToDate with filter 'speed-profile' executable 'false'
06-30 14:41:30.733 I/artd    ( 3273): GetBestInfo: dm (/data/app/~~pUpe9D-hsv0lOCLmNQJGyA==/com.google.android.gms-a0e_AySruvvgbDhYG8Z6yQ==/split_AdsDynamite_installtime.dm) is kOatUpToDate with filter 'verify' executable 'false'
06-30 14:41:30.735 I/artd    ( 3273): GetBestInfo: odex next to the dex file (/data/app/~~pUpe9D-hsv0lOCLmNQJGyA==/com.google.android.gms-a0e_AySruvvgbDhYG8Z6yQ==/oat/x86_64/split_CronetDynamite_installtime.odex) is kOatUpToDate with filter 'speed-profile' executable 'false'
06-30 14:41:30.737 I/artd    ( 3273): GetBestInfo: dm (/data/app/~~pUpe9D-hsv0lOCLmNQJGyA==/com.google.android.gms-a0e_AySruvvgbDhYG8Z6yQ==/split_DynamiteLoader_installtime.dm) is kOatUpToDate with filter 'verify' executable 'false'
06-30 14:41:30.739 I/artd    ( 3273): GetBestInfo: dm (/data/app/~~pUpe9D-hsv0lOCLmNQJGyA==/com.google.android.gms-a0e_AySruvvgbDhYG8Z6yQ==/split_DynamiteModulesA_installtime.dm) is kOatUpToDate with filter 'verify' executable 'false'
06-30 14:41:30.741 I/artd    ( 3273): GetBestInfo: dm (/data/app/~~pUpe9D-hsv0lOCLmNQJGyA==/com.google.android.gms-a0e_AySruvvgbDhYG8Z6yQ==/split_DynamiteModulesC_installtime.dm) is kOatUpToDate with filter 'verify' executable 'false'
06-30 14:41:30.743 I/artd    ( 3273): GetBestInfo: dm (/data/app/~~pUpe9D-hsv0lOCLmNQJGyA==/com.google.android.gms-a0e_AySruvvgbDhYG8Z6yQ==/split_GoogleCertificates_installtime.dm) is kOatUpToDate with filter 'verify' executable 'false'
06-30 14:41:30.744 I/artd    ( 3273): GetBestInfo: dm (/data/app/~~pUpe9D-hsv0lOCLmNQJGyA==/com.google.android.gms-a0e_AySruvvgbDhYG8Z6yQ==/split_MapsDynamite_installtime.dm) is kOatUpToDate with filter 'verify' executable 'false'
06-30 14:41:30.746 I/artd    ( 3273): GetBestInfo: dm (/data/app/~~pUpe9D-hsv0lOCLmNQJGyA==/com.google.android.gms-a0e_AySruvvgbDhYG8Z6yQ==/split_MeasurementDynamite_installtime.dm) is kOatUpToDate with filter 'verify' executable 'false'
06-30 14:41:30.747 I/artd    ( 3273): GetBestInfo: /data/user_de/0/com.google.android.gms/app_chimera/m/0000000e/dl-IdentityCredentialsPlatform.optional_262031100800.apk has no usable artifacts
06-30 14:41:30.748 I/artd    ( 3273): GetBestInfo: /data/user_de/0/com.google.android.gms/app_chimera/m/00000001/CronetDynamite.apk has no usable artifacts
06-30 14:41:30.749 I/artd    ( 3273): GetBestInfo: /data/user_de/0/com.google.android.gms/app_chimera/m/00000013/dl-TfliteDynamiteDynamite.integ_252130102100800.apk has no usable artifacts
06-30 14:41:30.750 I/artd    ( 3273): GetBestInfo: /data/user_de/0/com.google.android.gms/app_chimera/m/00000002/DynamiteLoader.apk has no usable artifacts
06-30 14:41:30.752 I/artd    ( 3273): GetBestInfo: /data/user_de/0/com.google.android.gms/app_chimera/m/0000000c/dl-IdentityCredentialsPlatform.optional_261136100800.apk has no usable artifacts
06-30 14:41:30.753 I/artd    ( 3273): GetBestInfo: /data/user_de/0/com.google.android.gms/app_chimera/m/00000005/GoogleCertificates.apk has no usable artifacts
06-30 14:41:30.755 I/artd    ( 3273): GetBestInfo: /data/user_de/0/com.google.android.gms/app_chimera/m/0000000a/dl-TfliteDynamiteDynamite.integ_260580502100800.apk has no usable artifacts
06-30 14:41:30.756 I/artd    ( 3273): GetBestInfo: /data/user_de/0/com.google.android.gms/app_chimera/m/00000016/dl-PlayCloudSearch.optional_262031100000.apk has no usable artifacts
06-30 14:41:30.757 I/artd    ( 3273): GetBestInfo: /data/user_de/0/com.google.android.gms/app_chimera/m/00000014/dl-MlkitOcrCommon.optional_262031100800.apk has no usable artifacts
06-30 14:41:30.759 I/artd    ( 3273): GetBestInfo: /data/user_de/0/com.google.android.gms/app_chimera/m/00000008/dl-VisionOcr.optional_261136100000.apk has no usable artifacts
06-30 14:41:30.761 I/artd    ( 3273): GetBestInfo: /data/user_de/0/com.google.android.gms/app_chimera/m/00000010/dl-Appsearch.optional_262031100800.apk has no usable artifacts
06-30 14:41:30.762 I/artd    ( 3273): GetBestInfo: /data/user_de/0/com.google.android.gms/app_chimera/m/0000000b/dl-Appsearch.optional_261136100800.apk has no usable artifacts
06-30 14:41:30.764 I/artd    ( 3273): GetBestInfo: vdex next to the dex file (/data/user/0/com.google.android.gms/app_dg_cache/9BCBC14EE674B00B958D4B0C5B4BD883630AA39E/oat/x86_64/the.vdex) is kOatUpToDate with filter 'verify' executable 'false'
06-30 14:41:30.765 I/artd    ( 3273): GetBestInfo: /data/user_de/0/com.google.android.gms/app_chimera/m/00000009/dl-MlkitOcrCommon.optional_261136100800.apk has no usable artifacts
06-30 14:41:30.767 I/artd    ( 3273): GetBestInfo: /data/user/0/com.google.android.gms/app_dg_cache/22DA9D7AD8ED7504E0CAC64C41ECDBD7068924E0/the.apk has no usable artifacts
06-30 14:41:30.768 I/artd    ( 3273): GetBestInfo: vdex next to the dex file (/data/user/0/com.google.android.gms/app_dg_cache/FEE57AEA14526BE59FD8AB1365237E7B7A5CE7CB/oat/x86_64/the.vdex) is kOatUpToDate with filter 'verify' executable 'false'
06-30 14:41:30.770 I/artd    ( 3273): GetBestInfo: vdex next to the dex file (/data/user/0/com.google.android.gms/app_dg_cache/1C62BDE86218FBAA50DF06C4A79F5C3FE74B69EC/oat/x86_64/the.vdex) is kOatUpToDate with filter 'verify' executable 'false'
06-30 14:41:30.771 I/artd    ( 3273): GetBestInfo: /data/user_de/0/com.google.android.gms/app_chimera/m/0000000f/dl-VisionOcr.optional_262031100000.apk has no usable artifacts
06-30 14:41:30.773 I/artd    ( 3273): GetBestInfo: /data/user_de/0/com.google.android.gms/app_chimera/m/00000015/dl-MlkitBarcodeUi.optional_262031100800.apk has no usable artifacts
06-30 14:41:30.774 I/artd    ( 3273): GetBestInfo: /data/user_de/0/com.google.android.gms/app_chimera/m/00000007/MeasurementDynamite.apk has no usable artifacts
06-30 14:41:31.062 I/wpa_supplicant(  961): wlan0: CTRL-EVENT-BEACON-LOSS 
06-30 14:41:31.153 I/HalDevMgr(  690): bestIfaceCreationProposal is null, requestIface=STA, existingIface=[name=wlan0 type=STA]
06-30 14:41:33.152 I/ForwardSyncCache( 3977): reclaimMemory: Clearing caches
06-30 14:41:33.153 I/BugleSpam( 3977): HadesBitmapStore: Purged 0 images during memory reclamation
06-30 14:41:33.153 I/BugleRestore( 3977): reclaimMemory: Clearing persistent caches
06-30 14:41:33.153 W/Bugle   ( 3977): TextClassifierLibManagerImpl: Reclaiming memory at level: 40
06-30 14:41:34.159 I/AdbWifiNetworkMonitor(  690): Wi-Fi network available
06-30 14:41:34.159 I/AdbWifiNetworkMonitor(  690): Received the same Wi-Fi SSID. Ignoring.
06-30 14:41:34.160 I/HalDevMgr(  690): bestIfaceCreationProposal is null, requestIface=STA, existingIface=[name=wlan0 type=STA]
06-30 14:41:34.162 E/hmly    ( 1317): Got more than one input Future failure. Logging failures after the first
06-30 14:41:34.162 E/hmly    ( 1317): java.io.IOException: Unable to create parent directories of /data/user/0/com.google.android.gms/files/mobstore_salt.pb.lock
06-30 14:41:34.162 E/hmly    ( 1317): 	at hhkm.c(:com.google.android.gms@262031038@26.20.31 (260800-919905943):37)
06-30 14:41:34.162 E/hmly    ( 1317): 	at gons.e(:com.google.android.gms@262031038@26.20.31 (260800-919905943):5)
06-30 14:41:34.162 E/hmly    ( 1317): 	at goqk.a(:com.google.android.gms@262031038@26.20.31 (260800-919905943):198)
06-30 14:41:34.162 E/hmly    ( 1317): 	at gomy.d(:com.google.android.gms@262031038@26.20.31 (260800-919905943):5)
06-30 14:41:34.162 E/hmly    ( 1317): 	at gosk.a(:com.google.android.gms@262031038@26.20.31 (260800-919905943):28)
06-30 14:41:34.162 E/hmly    ( 1317): 	at hdmz.a(:com.google.android.gms@262031038@26.20.31 (260800-919905943):17)
06-30 14:41:34.162 E/hmly    ( 1317): 	at hmnp.a(:com.google.android.gms@262031038@26.20.31 (260800-919905943):20)
06-30 14:41:34.162 E/hmly    ( 1317): 	at hmpt.a(:com.google.android.gms@262031038@26.20.31 (260800-919905943):3)
06-30 14:41:34.162 E/hmly    ( 1317): 	at hmou.run(:com.google.android.gms@262031038@26.20.31 (260800-919905943):19)
06-30 14:41:34.162 E/hmly    ( 1317): 	at hmpv.run(:com.google.android.gms@262031038@26.20.31 (260800-919905943):5)
06-30 14:41:34.162 E/hmly    ( 1317): 	at hmnr.run(:com.google.android.gms@262031038@26.20.31 (260800-919905943):20)
06-30 14:41:34.162 E/hmly    ( 1317): 	at java.util.concurrent.ThreadPoolExecutor.runWorker(ThreadPoolExecutor.java:1100)
06-30 14:41:34.162 E/hmly    ( 1317): 	at java.util.concurrent.ThreadPoolExecutor$Worker.run(ThreadPoolExecutor.java:624)
06-30 14:41:34.162 E/hmly    ( 1317): 	at java.lang.Thread.run(Thread.java:1572)
06-30 14:41:34.162 D/WM-WorkConstraintsTrack( 2923): NetworkRequestConstraintController onCapabilitiesChanged callback
06-30 14:41:34.164 D/WM-WorkConstraintsTrack( 3977): NetworkRequestConstraintController onCapabilitiesChanged callback
06-30 14:41:34.164 W/libbinder.IPCThreadState(  690): Sending oneway calls to frozen process.
06-30 14:41:34.164 W/libbinder.IPCThreadState(  690): Sending oneway calls to frozen process.
06-30 14:41:34.165 I/NullBinder( 1317): NullBinder for android.net.action.RECOMMEND_NETWORKS triggering remote TransactionTooLargeException due to Service without Chimera impl, calling uid: 1000, calling pid: 0
06-30 14:41:34.166 W/libbinder.Binder( 1317): Large reply transaction of 1056768 bytes, interface descriptor , function: UNKNOWN_FUNCTION_NAME, code: 1, flags: 17
06-30 14:41:34.166 W/libbinder.IPCThreadState(  690): Sending oneway calls to frozen process.
06-30 14:41:34.166 W/libbinder.IPCThreadState(  690): Sending oneway calls to frozen process.
06-30 14:41:34.166 W/libbinder.IPCThreadState(  690): Sending oneway calls to frozen process.
06-30 14:41:34.167 I/BugleRcsEngine( 3867): Connected state: [1], networkType: [WIFI] [CONTEXT thread_id=65 ]
06-30 14:41:34.167 I/BugleRcsEngine( 3867): handleMessage processing message:[NOTIFY_UPTIME_IGNORE_STATE_CHANGED] with [non-null]:RcsEngineImpl reference [CONTEXT log_prefix="RcsEngineImpl[DUAL_REG]:[390448b9-d26f]>Handler" thread_id=69 ]
06-30 14:41:34.169 D/ConnectivityService(  690): NetReassign [no changes] [c 0] [a 1] [i 1]
06-30 14:41:34.170 I/NearbyMediums( 1317): Wifi changed new SSID: "AndroidWifi"
06-30 14:41:34.170 I/NearbyMediums( 1317): WifiLanConnectivityInfo is not changed, skip notify.
06-30 14:41:34.172 I/BugleRcsEngine( 3867): No RCS Configuration was found in Bugle for simID: redacted-pii:sim_id[chars:20,last3:897] [CONTEXT log_prefix="ProvisioningEngineDataRetriever" thread_id=69 ]
06-30 14:41:34.667 I/NearbySharing( 1317): Network state changed: NetworkState(isRestricted=false, isOnline=true, isCongested=false, isMetered=false, isWifiConnected=true)
06-30 14:41:37.170 I/HalDevMgr(  690): bestIfaceCreationProposal is null, requestIface=STA, existingIface=[name=wlan0 type=STA]
06-30 14:41:39.003 I/wpa_supplicant(  961): wlan0: CTRL-EVENT-BEACON-LOSS 
06-30 14:41:39.551 D/SatelliteController( 1128): isInCarrierRoamingNbIotNtn: satellite is disabled
06-30 14:41:39.551 D/SatelliteController( 1128): getCarrierRoamingNtnConnectType: Checking connect type from PLMN config for subId: 1
06-30 14:41:39.551 D/TelephonyConfigUpdateInstallReceiver( 1128): getConfigParser: domain=satellite
06-30 14:41:39.551 V/SatelliteController( 1128): satelliteConfigParser is not ready
06-30 14:41:39.551 D/SatelliteController( 1128): isSatelliteAttachSupportedViaConfigupdater: return null (satelliteConfig is null)
06-30 14:41:39.552 D/SatelliteController( 1128): getSatellitePerPlmnConfiguration: invalid subId or not supported via carrier.
06-30 14:41:39.552 D/SatelliteController( 1128): getCarrierRoamingNtnConnectType: config: null
06-30 14:41:39.552 D/TelephonyConfigUpdateInstallReceiver( 1128): getConfigParser: domain=satellite
06-30 14:41:39.552 V/SatelliteController( 1128): satelliteConfigParser is not ready
06-30 14:41:39.552 D/SatelliteController( 1128): getCarrierRoamingNtnConnectTypeViaConfigUpdater: return null (satelliteConfig is null)
06-30 14:41:39.552 D/SatelliteController( 1128): getCarrierRoamingNtnConnectType: Falling back to global carrier config connect type: 0
06-30 14:41:39.552 D/TelephonyConfigUpdateInstallReceiver( 1128): getConfigParser: domain=satellite
06-30 14:41:39.552 V/SatelliteController( 1128): satelliteConfigParser is not ready
06-30 14:41:39.552 D/SatelliteController( 1128): isSatelliteAttachSupportedViaConfigupdater: return null (satelliteConfig is null)
06-30 14:41:39.552 D/SatelliteController( 1128): getCarrierRoamingNtnConnectType: Checking connect type from PLMN config for subId: 1
06-30 14:41:39.552 D/TelephonyConfigUpdateInstallReceiver( 1128): getConfigParser: domain=satellite
06-30 14:41:39.552 V/SatelliteController( 1128): satelliteConfigParser is not ready
06-30 14:41:39.552 D/SatelliteController( 1128): isSatelliteAttachSupportedViaConfigupdater: return null (satelliteConfig is null)
06-30 14:41:39.552 D/SatelliteController( 1128): getSatellitePerPlmnConfiguration: invalid subId or not supported via carrier.
06-30 14:41:39.552 D/SatelliteController( 1128): getCarrierRoamingNtnConnectType: config: null
06-30 14:41:39.552 D/TelephonyConfigUpdateInstallReceiver( 1128): getConfigParser: domain=satellite
06-30 14:41:39.552 V/SatelliteController( 1128): satelliteConfigParser is not ready
06-30 14:41:39.552 D/SatelliteController( 1128): getCarrierRoamingNtnConnectTypeViaConfigUpdater: return null (satelliteConfig is null)
06-30 14:41:39.552 D/SatelliteController( 1128): getCarrierRoamingNtnConnectType: Falling back to global carrier config connect type: 0
06-30 14:41:39.552 D/TelephonyConfigUpdateInstallReceiver( 1128): getConfigParser: domain=satellite
06-30 14:41:39.552 V/SatelliteController( 1128): satelliteConfigParser is not ready
06-30 14:41:39.552 D/SatelliteController( 1128): isSatelliteAttachSupportedViaConfigupdater: return null (satelliteConfig is null)
06-30 14:41:40.173 I/AdbWifiNetworkMonitor(  690): Wi-Fi network available
06-30 14:41:40.173 I/AdbWifiNetworkMonitor(  690): Received the same Wi-Fi SSID. Ignoring.
06-30 14:41:40.177 D/WM-WorkConstraintsTrack( 2923): NetworkRequestConstraintController onCapabilitiesChanged callback
06-30 14:41:40.177 I/HalDevMgr(  690): bestIfaceCreationProposal is null, requestIface=STA, existingIface=[name=wlan0 type=STA]
06-30 14:41:40.178 I/BugleRcsEngine( 3867): handleMessage processing message:[NOTIFY_UPTIME_IGNORE_STATE_CHANGED] with [non-null]:RcsEngineImpl reference [CONTEXT log_prefix="RcsEngineImpl[DUAL_REG]:[390448b9-d26f]>Handler" thread_id=69 ]
06-30 14:41:40.179 D/WM-WorkConstraintsTrack( 3977): NetworkRequestConstraintController onCapabilitiesChanged callback
06-30 14:41:40.179 I/BugleRcsEngine( 3867): Connected state: [1], networkType: [WIFI] [CONTEXT thread_id=65 ]
06-30 14:41:40.179 W/libbinder.IPCThreadState(  690): Sending oneway calls to frozen process.
06-30 14:41:40.180 W/libbinder.IPCThreadState(  690): Sending oneway calls to frozen process.
06-30 14:41:40.180 I/NullBinder( 1317): NullBinder for android.net.action.RECOMMEND_NETWORKS triggering remote TransactionTooLargeException due to Service without Chimera impl, calling uid: 1000, calling pid: 0
06-30 14:41:40.180 W/libbinder.Binder( 1317): Large reply transaction of 1056768 bytes, interface descriptor , function: UNKNOWN_FUNCTION_NAME, code: 1, flags: 17
06-30 14:41:40.180 W/libbinder.IPCThreadState(  690): Sending oneway calls to frozen process.
06-30 14:41:40.180 W/libbinder.IPCThreadState(  690): Sending oneway calls to frozen process.
06-30 14:41:40.180 W/libbinder.IPCThreadState(  690): Sending oneway calls to frozen process.
06-30 14:41:40.183 D/ConnectivityService(  690): NetReassign [no changes] [c 0] [a 1] [i 0]
06-30 14:41:40.184 I/NearbyMediums( 1317): Wifi changed new SSID: "AndroidWifi"
06-30 14:41:40.184 I/NearbyMediums( 1317): WifiLanConnectivityInfo is not changed, skip notify.
06-30 14:41:40.185 I/BugleRcsEngine( 3867): No RCS Configuration was found in Bugle for simID: redacted-pii:sim_id[chars:20,last3:897] [CONTEXT log_prefix="ProvisioningEngineDataRetriever" thread_id=69 ]
06-30 14:41:40.586 I/adbd    (  539): adbd service requested 'shell,v2,raw:dumpsys package com.google.android.gms'
06-30 14:41:40.684 I/NearbySharing( 1317): Network state changed: NetworkState(isRestricted=false, isOnline=true, isCongested=false, isMetered=false, isWifiConnected=true)
06-30 14:41:40.725 I/artd    ( 3273): GetBestInfo: odex next to the dex file (/data/app/~~pUpe9D-hsv0lOCLmNQJGyA==/com.google.android.gms-a0e_AySruvvgbDhYG8Z6yQ==/oat/x86_64/base.odex) is kOatUpToDate with filter 'speed-profile' executable 'false'
06-30 14:41:40.727 I/artd    ( 3273): GetBestInfo: dm (/data/app/~~pUpe9D-hsv0lOCLmNQJGyA==/com.google.android.gms-a0e_AySruvvgbDhYG8Z6yQ==/split_AdsDynamite_installtime.dm) is kOatUpToDate with filter 'verify' executable 'false'
06-30 14:41:40.729 I/artd    ( 3273): GetBestInfo: odex next to the dex file (/data/app/~~pUpe9D-hsv0lOCLmNQJGyA==/com.google.android.gms-a0e_AySruvvgbDhYG8Z6yQ==/oat/x86_64/split_CronetDynamite_installtime.odex) is kOatUpToDate with filter 'speed-profile' executable 'false'
06-30 14:41:40.730 I/artd    ( 3273): GetBestInfo: dm (/data/app/~~pUpe9D-hsv0lOCLmNQJGyA==/com.google.android.gms-a0e_AySruvvgbDhYG8Z6yQ==/split_DynamiteLoader_installtime.dm) is kOatUpToDate with filter 'verify' executable 'false'
06-30 14:41:40.731 I/artd    ( 3273): GetBestInfo: dm (/data/app/~~pUpe9D-hsv0lOCLmNQJGyA==/com.google.android.gms-a0e_AySruvvgbDhYG8Z6yQ==/split_DynamiteModulesA_installtime.dm) is kOatUpToDate with filter 'verify' executable 'false'
06-30 14:41:40.733 I/artd    ( 3273): GetBestInfo: dm (/data/app/~~pUpe9D-hsv0lOCLmNQJGyA==/com.google.android.gms-a0e_AySruvvgbDhYG8Z6yQ==/split_DynamiteModulesC_installtime.dm) is kOatUpToDate with filter 'verify' executable 'false'
06-30 14:41:40.734 I/artd    ( 3273): GetBestInfo: dm (/data/app/~~pUpe9D-hsv0lOCLmNQJGyA==/com.google.android.gms-a0e_AySruvvgbDhYG8Z6yQ==/split_GoogleCertificates_installtime.dm) is kOatUpToDate with filter 'verify' executable 'false'
06-30 14:41:40.735 I/artd    ( 3273): GetBestInfo: dm (/data/app/~~pUpe9D-hsv0lOCLmNQJGyA==/com.google.android.gms-a0e_AySruvvgbDhYG8Z6yQ==/split_MapsDynamite_installtime.dm) is kOatUpToDate with filter 'verify' executable 'false'
06-30 14:41:40.738 I/artd    ( 3273): GetBestInfo: dm (/data/app/~~pUpe9D-hsv0lOCLmNQJGyA==/com.google.android.gms-a0e_AySruvvgbDhYG8Z6yQ==/split_MeasurementDynamite_installtime.dm) is kOatUpToDate with filter 'verify' executable 'false'
06-30 14:41:40.739 I/artd    ( 3273): GetBestInfo: /data/user_de/0/com.google.android.gms/app_chimera/m/0000000e/dl-IdentityCredentialsPlatform.optional_262031100800.apk has no usable artifacts
06-30 14:41:40.740 I/artd    ( 3273): GetBestInfo: /data/user_de/0/com.google.android.gms/app_chimera/m/00000001/CronetDynamite.apk has no usable artifacts
06-30 14:41:40.742 I/artd    ( 3273): GetBestInfo: /data/user_de/0/com.google.android.gms/app_chimera/m/00000013/dl-TfliteDynamiteDynamite.integ_252130102100800.apk has no usable artifacts
06-30 14:41:40.743 I/artd    ( 3273): GetBestInfo: /data/user_de/0/com.google.android.gms/app_chimera/m/00000002/DynamiteLoader.apk has no usable artifacts
06-30 14:41:40.744 I/artd    ( 3273): GetBestInfo: /data/user_de/0/com.google.android.gms/app_chimera/m/0000000c/dl-IdentityCredentialsPlatform.optional_261136100800.apk has no usable artifacts
06-30 14:41:40.745 I/artd    ( 3273): GetBestInfo: /data/user_de/0/com.google.android.gms/app_chimera/m/00000005/GoogleCertificates.apk has no usable artifacts
06-30 14:41:40.747 I/artd    ( 3273): GetBestInfo: /data/user_de/0/com.google.android.gms/app_chimera/m/0000000a/dl-TfliteDynamiteDynamite.integ_260580502100800.apk has no usable artifacts
06-30 14:41:40.748 I/artd    ( 3273): GetBestInfo: /data/user_de/0/com.google.android.gms/app_chimera/m/00000016/dl-PlayCloudSearch.optional_262031100000.apk has no usable artifacts
06-30 14:41:40.749 I/artd    ( 3273): GetBestInfo: /data/user_de/0/com.google.android.gms/app_chimera/m/00000014/dl-MlkitOcrCommon.optional_262031100800.apk has no usable artifacts
06-30 14:41:40.751 I/artd    ( 3273): GetBestInfo: /data/user_de/0/com.google.android.gms/app_chimera/m/00000008/dl-VisionOcr.optional_261136100000.apk has no usable artifacts
06-30 14:41:40.751 I/artd    ( 3273): GetBestInfo: /data/user_de/0/com.google.android.gms/app_chimera/m/00000010/dl-Appsearch.optional_262031100800.apk has no usable artifacts
06-30 14:41:40.753 I/artd    ( 3273): GetBestInfo: /data/user_de/0/com.google.android.gms/app_chimera/m/0000000b/dl-Appsearch.optional_261136100800.apk has no usable artifacts
06-30 14:41:40.755 I/artd    ( 3273): GetBestInfo: vdex next to the dex file (/data/user/0/com.google.android.gms/app_dg_cache/9BCBC14EE674B00B958D4B0C5B4BD883630AA39E/oat/x86_64/the.vdex) is kOatUpToDate with filter 'verify' executable 'false'
06-30 14:41:40.756 I/artd    ( 3273): GetBestInfo: /data/user_de/0/com.google.android.gms/app_chimera/m/00000009/dl-MlkitOcrCommon.optional_261136100800.apk has no usable artifacts
06-30 14:41:40.757 I/artd    ( 3273): GetBestInfo: /data/user/0/com.google.android.gms/app_dg_cache/22DA9D7AD8ED7504E0CAC64C41ECDBD7068924E0/the.apk has no usable artifacts
06-30 14:41:40.759 I/artd    ( 3273): GetBestInfo: vdex next to the dex file (/data/user/0/com.google.android.gms/app_dg_cache/FEE57AEA14526BE59FD8AB1365237E7B7A5CE7CB/oat/x86_64/the.vdex) is kOatUpToDate with filter 'verify' executable 'false'
06-30 14:41:40.760 I/artd    ( 3273): GetBestInfo: vdex next to the dex file (/data/user/0/com.google.android.gms/app_dg_cache/1C62BDE86218FBAA50DF06C4A79F5C3FE74B69EC/oat/x86_64/the.vdex) is kOatUpToDate with filter 'verify' executable 'false'
06-30 14:41:40.761 I/artd    ( 3273): GetBestInfo: /data/user_de/0/com.google.android.gms/app_chimera/m/0000000f/dl-VisionOcr.optional_262031100000.apk has no usable artifacts
06-30 14:41:40.763 I/artd    ( 3273): GetBestInfo: /data/user_de/0/com.google.android.gms/app_chimera/m/00000015/dl-MlkitBarcodeUi.optional_262031100800.apk has no usable artifacts
06-30 14:41:40.764 I/artd    ( 3273): GetBestInfo: /data/user_de/0/com.google.android.gms/app_chimera/m/00000007/MeasurementDynamite.apk has no usable artifacts
06-30 14:41:41.955 I/BluetoothPowerStatsCollector(  690): BluetoothActivityEnergyInfo not supported.
06-30 14:41:42.587 E/hmly    ( 1317): Got more than one input Future failure. Logging failures after the first
06-30 14:41:42.587 E/hmly    ( 1317): java.io.IOException: Unable to create parent directories of /data/user/0/com.google.android.gms/files/mobstore_salt.pb.lock
06-30 14:41:42.587 E/hmly    ( 1317): 	at hhkm.c(:com.google.android.gms@262031038@26.20.31 (260800-919905943):37)
06-30 14:41:42.587 E/hmly    ( 1317): 	at gons.e(:com.google.android.gms@262031038@26.20.31 (260800-919905943):5)
06-30 14:41:42.587 E/hmly    ( 1317): 	at goqk.a(:com.google.android.gms@262031038@26.20.31 (260800-919905943):198)
06-30 14:41:42.587 E/hmly    ( 1317): 	at gomy.d(:com.google.android.gms@262031038@26.20.31 (260800-919905943):5)
06-30 14:41:42.587 E/hmly    ( 1317): 	at gosk.a(:com.google.android.gms@262031038@26.20.31 (260800-919905943):28)
06-30 14:41:42.587 E/hmly    ( 1317): 	at hdmz.a(:com.google.android.gms@262031038@26.20.31 (260800-919905943):17)
06-30 14:41:42.587 E/hmly    ( 1317): 	at hmnp.a(:com.google.android.gms@262031038@26.20.31 (260800-919905943):20)
06-30 14:41:42.587 E/hmly    ( 1317): 	at hmpt.a(:com.google.android.gms@262031038@26.20.31 (260800-919905943):3)
06-30 14:41:42.587 E/hmly    ( 1317): 	at hmou.run(:com.google.android.gms@262031038@26.20.31 (260800-919905943):19)
06-30 14:41:42.587 E/hmly    ( 1317): 	at hmpv.run(:com.google.android.gms@262031038@26.20.31 (260800-919905943):5)
06-30 14:41:42.587 E/hmly    ( 1317): 	at hmnr.run(:com.google.android.gms@262031038@26.20.31 (260800-919905943):20)
06-30 14:41:42.587 E/hmly    ( 1317): 	at java.util.concurrent.ThreadPoolExecutor.runWorker(ThreadPoolExecutor.java:1100)
06-30 14:41:42.587 E/hmly    ( 1317): 	at java.util.concurrent.ThreadPoolExecutor$Worker.run(ThreadPoolExecutor.java:624)
06-30 14:41:42.587 E/hmly    ( 1317): 	at java.lang.Thread.run(Thread.java:1572)
06-30 14:41:42.704 I/AppSearchIcing(  690): icing-search-engine.cc:2487: Persisting data to disk with mode 3
06-30 14:41:42.707 I/AppSearchIcing(  690): icing-search-engine.cc:2502: PersistToDisk completed.
06-30 14:41:43.184 I/HalDevMgr(  690): bestIfaceCreationProposal is null, requestIface=STA, existingIface=[name=wlan0 type=STA]
06-30 14:41:43.572 I/PlayCore(24771): UID: [10233]  PID: [24771] AppUpdateService : requestUpdateInfo(com.aiquota.mobile)
06-30 14:41:43.574 I/PlayCore(24771): UID: [10233]  PID: [24771] AppUpdateService : Initiate binding to the service.
06-30 14:41:43.578 I/PlayCore(24771): UID: [10233]  PID: [24771] AppUpdateService : ServiceConnectionImpl.onServiceConnected(ComponentInfo{com.android.vending/com.google.android.finsky.installservice.DevTriggeredUpdateService})
06-30 14:41:43.579 I/PlayCore(24771): UID: [10233]  PID: [24771] AppUpdateService : linkToDeath
06-30 14:41:43.582 I/Finsky  ( 4591): [458] com.aiquota.mobile is installed but certificate mismatch
06-30 14:41:43.615 I/WM-WorkerWrapper(24771): Worker result SUCCESS for Work [ id=cdcd5a6c-7433-4819-b9a4-1157330ce28f, tags={ com.aiquota.mobile.sync.ForegroundRefreshHealthWorker } ]
06-30 14:41:44.602 D/AIQuotaBgRefreshService(24771): cycleStart providers=gemini
06-30 14:41:44.751 I/cn_CronetUrlRequestContext( 4591): destroyNativeStreamLocked android.net.http.internal.org.chromium.net.impl.CronetBidirectionalStream@8acf92e
06-30 14:41:44.752 E/SQLiteLog( 4591): (1032) statement aborts at 20: attempt to write a readonly database; [INSERT OR REPLACE INTO streamdata(id,account_name,data,space_occupied,expiration_time,soft_expiration_time) VALUES (?,?,?,?,?,?)]
06-30 14:41:44.757 I/PlayCore(24771): UID: [10233]  PID: [24771] OnRequestInstallCallback : onRequestInfo
06-30 14:41:44.757 I/PlayCore(24771): UID: [10233]  PID: [24771] AppUpdateService : Unbind from service.
06-30 14:41:44.767 I/WM-WorkerWrapper(24771): Worker result SUCCESS for Work [ id=96e495e5-3da9-4ba6-a0b1-0cd6f48fa04c, tags={ com.aiquota.mobile.update.AppUpdateCheckWorker } ]
06-30 14:41:44.813 I/AIQuotaDebugCookie(24771): provider=gemini debugCookieRestore=true reason=background_collection source=external urlCount=7 cookieCount=193
06-30 14:41:44.813 D/AIQuotaBgRefreshService(24771): load provider=gemini start= warmUp=false request=2
06-30 14:41:44.858 D/AIQuotaBgRefreshService(24771): inject provider=gemini url=
06-30 14:41:44.859 D/AIQuotaBgRefreshService(24771): pageFinished provider=gemini url=
06-30 14:41:44.862 W/JobScheduler(  690): Job didn't exist in JobStore: a49bdfe #u0a233/22 com.aiquota.mobile/androidx.work.impl.background.systemjob.SystemJobService
06-30 14:41:44.867 I/AIQuotaDebugCookie(24771): provider=gemini debugCookieHeaderRestore=true source=external url=https://gemini.google.com
06-30 14:41:44.884 I/libbinder.BpBinder(24771): onLastStrongRef automatically unlinking death recipients for binder (0x75d19d42cfb0) with descriptor: '(not cached)'
06-30 14:41:44.972 W/AiAiEcho( 1592): LyftNotificationParser Ridesharing ETA not enabled
06-30 14:41:44.973 I/AiAiEcho( 1592): SmartspaceNotificationPredictor no parser can handle this notification or notification is invalid
06-30 14:41:46.190 I/HalDevMgr(  690): bestIfaceCreationProposal is null, requestIface=STA, existingIface=[name=wlan0 type=STA]
06-30 14:41:46.195 D/IpClient/wlan0( 1083): interfaceLinkStateChanged: ifindex 16 up
06-30 14:41:46.200 D/IpClient/wlan0( 1083): interfaceLinkStateChanged: ifindex 16 up
06-30 14:41:46.589 D/AIQuotaGeminiUsageRpc(24771): geminiUsagePageHtml status=200 payloadBytes=25284
06-30 14:41:46.589 D/AIQuotaNativeUsage(24771): nativeUsage provider=gemini ok=false diagnostic=gemini_usage_page_rpc_params_unavailable statuses=gemini_usage_page_html:200
06-30 14:41:46.593 D/AIQuotaBgRefreshService(24771): collectorError provider=gemini errorKind=gemini_usage_page_rpc_params_unavailable retry=0 url= summary=root=provider|errorKind|message,provider=gemini,collectorMode=none,lineCount=0,hasUsage=false,hasData=false,hasError=true
06-30 14:41:46.594 D/AIQuotaBgRefreshService(24771): outcome provider=gemini type=Failure
06-30 14:41:46.595 W/AIQuotaBgRefreshService(24771): failure provider=gemini kind=COLLECTOR_ERROR message=Background collector failed: gemini_usage_page_rpc_params_unavailable
06-30 14:41:46.614 I/AIQuotaDebugCookie(24771): provider=gemini debugCookieSnapshot=true reason=background_webview_non_auth_failure urlCount=7 cookieCount=7 nativeAuthContextCount=0 nativeAuthHeaderCount=0
06-30 14:41:46.635 D/AppWidgetServiceImpl(  690): Trying to notify widget update for package com.aiquota.mobile with widget id: 22
06-30 14:41:46.645 W/JobInfo (24771): Requested important-while-foreground flag for job25 is ignored and takes no effect
06-30 14:41:46.654 D/AppWidgetServiceImpl(  690): Trying to notify widget update for package com.aiquota.mobile with widget id: 24
06-30 14:41:46.656 D/AppWidgetServiceImpl(  690): Trying to notify widget update for package com.aiquota.mobile with widget id: 20
06-30 14:41:46.657 D/AppWidgetServiceImpl(  690): Trying to notify widget update for package com.aiquota.mobile with widget id: 21
06-30 14:41:46.673 W/skia    (  527): AGTM parsing failed flags.readFromStream(s) at 159
06-30 14:41:46.673 W/skia    (  527): AGTM parsing failed flags.readFromStream(s) at 159
06-30 14:41:46.828 W/AiAiEcho( 1592): LyftNotificationParser Ridesharing ETA not enabled
06-30 14:41:46.828 I/AiAiEcho( 1592): SmartspaceNotificationPredictor no parser can handle this notification or notification is invalid
06-30 14:41:46.915 D/AppWidgetServiceImpl(  690): Trying to notify widget update for package com.aiquota.mobile with widget id: 17
06-30 14:41:46.935 I/wpa_supplicant(  961): wlan0: CTRL-EVENT-BEACON-LOSS 
06-30 14:41:46.936 D/ShortcutAndWidgetContainer( 2807): appWidgetScale - [x,y]: [1.0,1.0]
06-30 14:41:46.936 D/NavigableAppWidgetHostView( 2807): updateScale - [fitScale,bounceScale]: [1.0,1.0]
06-30 14:41:46.936 D/ShortcutAndWidgetContainer( 2807): appWidgetScale - [x,y]: [1.0,1.0]
06-30 14:41:46.936 D/NavigableAppWidgetHostView( 2807): updateScale - [fitScale,bounceScale]: [1.0,1.0]
06-30 14:41:46.936 D/ShortcutAndWidgetContainer( 2807): appWidgetScale - [x,y]: [1.0,1.0]
06-30 14:41:46.936 D/NavigableAppWidgetHostView( 2807): updateScale - [fitScale,bounceScale]: [1.0,1.0]
06-30 14:41:46.936 D/ShortcutAndWidgetContainer( 2807): appWidgetScale - [x,y]: [1.0,1.0]
06-30 14:41:46.936 D/NavigableAppWidgetHostView( 2807): updateScale - [fitScale,bounceScale]: [1.0,1.0]
06-30 14:41:46.956 W/skia    (  527): AGTM parsing failed flags.readFromStream(s) at 159
06-30 14:41:46.957 W/skia    (  527): AGTM parsing failed flags.readFromStream(s) at 159
06-30 14:41:47.058 W/skia    (  527): AGTM parsing failed flags.readFromStream(s) at 159
06-30 14:41:47.058 W/skia    (  527): AGTM parsing failed flags.readFromStream(s) at 159
06-30 14:41:47.160 W/skia    (  527): AGTM parsing failed flags.readFromStream(s) at 159
06-30 14:41:47.160 W/skia    (  527): AGTM parsing failed flags.readFromStream(s) at 159
06-30 14:41:48.669 D/AppWidgetServiceImpl(  690): Trying to notify widget update for package com.aiquota.mobile with widget id: 22
06-30 14:41:48.674 D/AppWidgetServiceImpl(  690): Trying to notify widget update for package com.aiquota.mobile with widget id: 24
06-30 14:41:48.675 D/AppWidgetServiceImpl(  690): Trying to notify widget update for package com.aiquota.mobile with widget id: 20
06-30 14:41:48.676 D/AppWidgetServiceImpl(  690): Trying to notify widget update for package com.aiquota.mobile with widget id: 21
06-30 14:41:48.698 D/AppWidgetServiceImpl(  690): Trying to notify widget update for package com.aiquota.mobile with widget id: 17
06-30 14:41:48.703 D/ShortcutAndWidgetContainer( 2807): appWidgetScale - [x,y]: [1.0,1.0]
06-30 14:41:48.703 D/NavigableAppWidgetHostView( 2807): updateScale - [fitScale,bounceScale]: [1.0,1.0]
06-30 14:41:48.703 D/ShortcutAndWidgetContainer( 2807): appWidgetScale - [x,y]: [1.0,1.0]
06-30 14:41:48.703 D/NavigableAppWidgetHostView( 2807): updateScale - [fitScale,bounceScale]: [1.0,1.0]
06-30 14:41:48.703 D/ShortcutAndWidgetContainer( 2807): appWidgetScale - [x,y]: [1.0,1.0]
06-30 14:41:48.703 D/NavigableAppWidgetHostView( 2807): updateScale - [fitScale,bounceScale]: [1.0,1.0]
06-30 14:41:48.703 D/ShortcutAndWidgetContainer( 2807): appWidgetScale - [x,y]: [1.0,1.0]
06-30 14:41:48.703 D/NavigableAppWidgetHostView( 2807): updateScale - [fitScale,bounceScale]: [1.0,1.0]
06-30 14:41:48.710 W/skia    (  527): AGTM parsing failed flags.readFromStream(s) at 159
06-30 14:41:48.710 W/skia    (  527): AGTM parsing failed flags.readFromStream(s) at 159
06-30 14:41:48.758 I/system_server(  690): Background young concurrent mark compact GC freed 21MB AllocSpace bytes, 4(128KB) LOS objects, 33% free, 43MB/65MB, paused 1.980ms,43.435ms total 62.038ms
06-30 14:41:48.812 W/skia    (  527): AGTM parsing failed flags.readFromStream(s) at 159
06-30 14:41:48.812 W/skia    (  527): AGTM parsing failed flags.readFromStream(s) at 159
06-30 14:41:48.853 W/AiAiEcho( 1592): LyftNotificationParser Ridesharing ETA not enabled
06-30 14:41:48.853 I/AiAiEcho( 1592): SmartspaceNotificationPredictor no parser can handle this notification or notification is invalid
06-30 14:41:48.912 W/skia    (  527): AGTM parsing failed flags.readFromStream(s) at 159
06-30 14:41:48.912 W/skia    (  527): AGTM parsing failed flags.readFromStream(s) at 159
06-30 14:41:49.196 I/HalDevMgr(  690): bestIfaceCreationProposal is null, requestIface=STA, existingIface=[name=wlan0 type=STA]
06-30 14:41:49.551 D/SatelliteController( 1128): isInCarrierRoamingNbIotNtn: satellite is disabled
06-30 14:41:49.551 D/SatelliteController( 1128): getCarrierRoamingNtnConnectType: Checking connect type from PLMN config for subId: 1
06-30 14:41:49.551 D/TelephonyConfigUpdateInstallReceiver( 1128): getConfigParser: domain=satellite
06-30 14:41:49.551 V/SatelliteController( 1128): satelliteConfigParser is not ready
06-30 14:41:49.551 D/SatelliteController( 1128): isSatelliteAttachSupportedViaConfigupdater: return null (satelliteConfig is null)
06-30 14:41:49.553 D/SatelliteController( 1128): getSatellitePerPlmnConfiguration: invalid subId or not supported via carrier.
06-30 14:41:49.553 D/SatelliteController( 1128): getCarrierRoamingNtnConnectType: config: null
06-30 14:41:49.553 D/TelephonyConfigUpdateInstallReceiver( 1128): getConfigParser: domain=satellite
06-30 14:41:49.554 V/SatelliteController( 1128): satelliteConfigParser is not ready
06-30 14:41:49.554 D/SatelliteController( 1128): getCarrierRoamingNtnConnectTypeViaConfigUpdater: return null (satelliteConfig is null)
06-30 14:41:49.554 D/SatelliteController( 1128): getCarrierRoamingNtnConnectType: Falling back to global carrier config connect type: 0
06-30 14:41:49.554 D/TelephonyConfigUpdateInstallReceiver( 1128): getConfigParser: domain=satellite
06-30 14:41:49.554 V/SatelliteController( 1128): satelliteConfigParser is not ready
06-30 14:41:49.554 D/SatelliteController( 1128): isSatelliteAttachSupportedViaConfigupdater: return null (satelliteConfig is null)
06-30 14:41:49.554 D/SatelliteController( 1128): getCarrierRoamingNtnConnectType: Checking connect type from PLMN config for subId: 1
06-30 14:41:49.554 D/TelephonyConfigUpdateInstallReceiver( 1128): getConfigParser: domain=satellite
06-30 14:41:49.554 V/SatelliteController( 1128): satelliteConfigParser is not ready
06-30 14:41:49.554 D/SatelliteController( 1128): isSatelliteAttachSupportedViaConfigupdater: return null (satelliteConfig is null)
06-30 14:41:49.554 D/SatelliteController( 1128): getSatellitePerPlmnConfiguration: invalid subId or not supported via carrier.
06-30 14:41:49.554 D/SatelliteController( 1128): getCarrierRoamingNtnConnectType: config: null
06-30 14:41:49.554 D/TelephonyConfigUpdateInstallReceiver( 1128): getConfigParser: domain=satellite
06-30 14:41:49.555 V/SatelliteController( 1128): satelliteConfigParser is not ready
06-30 14:41:49.555 D/SatelliteController( 1128): getCarrierRoamingNtnConnectTypeViaConfigUpdater: return null (satelliteConfig is null)
06-30 14:41:49.555 D/SatelliteController( 1128): getCarrierRoamingNtnConnectType: Falling back to global carrier config connect type: 0
06-30 14:41:49.555 D/TelephonyConfigUpdateInstallReceiver( 1128): getConfigParser: domain=satellite
06-30 14:41:49.555 V/SatelliteController( 1128): satelliteConfigParser is not ready
06-30 14:41:49.555 D/SatelliteController( 1128): isSatelliteAttachSupportedViaConfigupdater: return null (satelliteConfig is null)
06-30 14:41:49.593 W/skia    (  527): AGTM parsing failed flags.readFromStream(s) at 159
06-30 14:41:49.593 W/skia    (  527): AGTM parsing failed flags.readFromStream(s) at 159
06-30 14:41:50.590 I/adbd    (  539): adbd service requested 'shell,v2,raw:dumpsys package com.google.android.gms'
06-30 14:41:50.749 I/artd    ( 3273): GetBestInfo: odex next to the dex file (/data/app/~~pUpe9D-hsv0lOCLmNQJGyA==/com.google.android.gms-a0e_AySruvvgbDhYG8Z6yQ==/oat/x86_64/base.odex) is kOatUpToDate with filter 'speed-profile' executable 'false'
06-30 14:41:50.750 I/artd    ( 3273): GetBestInfo: dm (/data/app/~~pUpe9D-hsv0lOCLmNQJGyA==/com.google.android.gms-a0e_AySruvvgbDhYG8Z6yQ==/split_AdsDynamite_installtime.dm) is kOatUpToDate with filter 'verify' executable 'false'
06-30 14:41:50.752 I/artd    ( 3273): GetBestInfo: odex next to the dex file (/data/app/~~pUpe9D-hsv0lOCLmNQJGyA==/com.google.android.gms-a0e_AySruvvgbDhYG8Z6yQ==/oat/x86_64/split_CronetDynamite_installtime.odex) is kOatUpToDate with filter 'speed-profile' executable 'false'
06-30 14:41:50.753 I/artd    ( 3273): GetBestInfo: dm (/data/app/~~pUpe9D-hsv0lOCLmNQJGyA==/com.google.android.gms-a0e_AySruvvgbDhYG8Z6yQ==/split_DynamiteLoader_installtime.dm) is kOatUpToDate with filter 'verify' executable 'false'
06-30 14:41:50.754 I/artd    ( 3273): GetBestInfo: dm (/data/app/~~pUpe9D-hsv0lOCLmNQJGyA==/com.google.android.gms-a0e_AySruvvgbDhYG8Z6yQ==/split_DynamiteModulesA_installtime.dm) is kOatUpToDate with filter 'verify' executable 'false'
06-30 14:41:50.756 I/artd    ( 3273): GetBestInfo: dm (/data/app/~~pUpe9D-hsv0lOCLmNQJGyA==/com.google.android.gms-a0e_AySruvvgbDhYG8Z6yQ==/split_DynamiteModulesC_installtime.dm) is kOatUpToDate with filter 'verify' executable 'false'
06-30 14:41:50.757 I/artd    ( 3273): GetBestInfo: dm (/data/app/~~pUpe9D-hsv0lOCLmNQJGyA==/com.google.android.gms-a0e_AySruvvgbDhYG8Z6yQ==/split_GoogleCertificates_installtime.dm) is kOatUpToDate with filter 'verify' executable 'false'
06-30 14:41:50.758 I/artd    ( 3273): GetBestInfo: dm (/data/app/~~pUpe9D-hsv0lOCLmNQJGyA==/com.google.android.gms-a0e_AySruvvgbDhYG8Z6yQ==/split_MapsDynamite_installtime.dm) is kOatUpToDate with filter 'verify' executable 'false'
06-30 14:41:50.759 I/artd    ( 3273): GetBestInfo: dm (/data/app/~~pUpe9D-hsv0lOCLmNQJGyA==/com.google.android.gms-a0e_AySruvvgbDhYG8Z6yQ==/split_MeasurementDynamite_installtime.dm) is kOatUpToDate with filter 'verify' executable 'false'
06-30 14:41:50.760 I/artd    ( 3273): GetBestInfo: /data/user_de/0/com.google.android.gms/app_chimera/m/0000000e/dl-IdentityCredentialsPlatform.optional_262031100800.apk has no usable artifacts
06-30 14:41:50.761 I/artd    ( 3273): GetBestInfo: /data/user_de/0/com.google.android.gms/app_chimera/m/00000001/CronetDynamite.apk has no usable artifacts
06-30 14:41:50.762 I/artd    ( 3273): GetBestInfo: /data/user_de/0/com.google.android.gms/app_chimera/m/00000013/dl-TfliteDynamiteDynamite.integ_252130102100800.apk has no usable artifacts
06-30 14:41:50.763 I/artd    ( 3273): GetBestInfo: /data/user_de/0/com.google.android.gms/app_chimera/m/00000002/DynamiteLoader.apk has no usable artifacts
06-30 14:41:50.764 I/artd    ( 3273): GetBestInfo: /data/user_de/0/com.google.android.gms/app_chimera/m/0000000c/dl-IdentityCredentialsPlatform.optional_261136100800.apk has no usable artifacts
06-30 14:41:50.765 I/artd    ( 3273): GetBestInfo: /data/user_de/0/com.google.android.gms/app_chimera/m/00000005/GoogleCertificates.apk has no usable artifacts
06-30 14:41:50.766 I/artd    ( 3273): GetBestInfo: /data/user_de/0/com.google.android.gms/app_chimera/m/0000000a/dl-TfliteDynamiteDynamite.integ_260580502100800.apk has no usable artifacts
06-30 14:41:50.767 I/artd    ( 3273): GetBestInfo: /data/user_de/0/com.google.android.gms/app_chimera/m/00000016/dl-PlayCloudSearch.optional_262031100000.apk has no usable artifacts
06-30 14:41:50.768 I/artd    ( 3273): GetBestInfo: /data/user_de/0/com.google.android.gms/app_chimera/m/00000014/dl-MlkitOcrCommon.optional_262031100800.apk has no usable artifacts
06-30 14:41:50.770 I/artd    ( 3273): GetBestInfo: /data/user_de/0/com.google.android.gms/app_chimera/m/00000008/dl-VisionOcr.optional_261136100000.apk has no usable artifacts
06-30 14:41:50.771 I/artd    ( 3273): GetBestInfo: /data/user_de/0/com.google.android.gms/app_chimera/m/00000010/dl-Appsearch.optional_262031100800.apk has no usable artifacts
06-30 14:41:50.773 I/artd    ( 3273): GetBestInfo: /data/user_de/0/com.google.android.gms/app_chimera/m/0000000b/dl-Appsearch.optional_261136100800.apk has no usable artifacts
06-30 14:41:50.775 I/artd    ( 3273): GetBestInfo: vdex next to the dex file (/data/user/0/com.google.android.gms/app_dg_cache/9BCBC14EE674B00B958D4B0C5B4BD883630AA39E/oat/x86_64/the.vdex) is kOatUpToDate with filter 'verify' executable 'false'
06-30 14:41:50.776 I/artd    ( 3273): GetBestInfo: /data/user_de/0/com.google.android.gms/app_chimera/m/00000009/dl-MlkitOcrCommon.optional_261136100800.apk has no usable artifacts
06-30 14:41:50.777 I/artd    ( 3273): GetBestInfo: /data/user/0/com.google.android.gms/app_dg_cache/22DA9D7AD8ED7504E0CAC64C41ECDBD7068924E0/the.apk has no usable artifacts
06-30 14:41:50.779 I/artd    ( 3273): GetBestInfo: vdex next to the dex file (/data/user/0/com.google.android.gms/app_dg_cache/FEE57AEA14526BE59FD8AB1365237E7B7A5CE7CB/oat/x86_64/the.vdex) is kOatUpToDate with filter 'verify' executable 'false'
06-30 14:41:50.781 I/artd    ( 3273): GetBestInfo: vdex next to the dex file (/data/user/0/com.google.android.gms/app_dg_cache/1C62BDE86218FBAA50DF06C4A79F5C3FE74B69EC/oat/x86_64/the.vdex) is kOatUpToDate with filter 'verify' executable 'false'
06-30 14:41:50.782 I/artd    ( 3273): GetBestInfo: /data/user_de/0/com.google.android.gms/app_chimera/m/0000000f/dl-VisionOcr.optional_262031100000.apk has no usable artifacts
06-30 14:41:50.783 I/artd    ( 3273): GetBestInfo: /data/user_de/0/com.google.android.gms/app_chimera/m/00000015/dl-MlkitBarcodeUi.optional_262031100800.apk has no usable artifacts
06-30 14:41:50.784 I/artd    ( 3273): GetBestInfo: /data/user_de/0/com.google.android.gms/app_chimera/m/00000007/MeasurementDynamite.apk has no usable artifacts
06-30 14:41:52.203 I/HalDevMgr(  690): bestIfaceCreationProposal is null, requestIface=STA, existingIface=[name=wlan0 type=STA]
06-30 14:41:52.206 D/IpClient/wlan0( 1083): interfaceLinkStateChanged: ifindex 16 up
06-30 14:41:52.211 D/IpClient/wlan0( 1083): interfaceLinkStateChanged: ifindex 16 up
06-30 14:41:55.125 I/wpa_supplicant(  961): wlan0: CTRL-EVENT-BEACON-LOSS 
06-30 14:41:55.207 I/HalDevMgr(  690): bestIfaceCreationProposal is null, requestIface=STA, existingIface=[name=wlan0 type=STA]
06-30 14:41:57.115 I/keystore2(  331): system/security/keystore2/watchdog/src/lib.rs:371 - Watchdog thread idle -> terminating. Have a great day.
06-30 14:41:58.214 I/HalDevMgr(  690): bestIfaceCreationProposal is null, requestIface=STA, existingIface=[name=wlan0 type=STA]
06-30 14:41:58.217 D/IpClient/wlan0( 1083): interfaceLinkStateChanged: ifindex 16 up
06-30 14:41:58.233 D/IpClient/wlan0( 1083): interfaceLinkStateChanged: ifindex 16 up
06-30 14:41:59.551 D/SatelliteController( 1128): isInCarrierRoamingNbIotNtn: satellite is disabled
06-30 14:41:59.551 D/SatelliteController( 1128): getCarrierRoamingNtnConnectType: Checking connect type from PLMN config for subId: 1
06-30 14:41:59.551 D/TelephonyConfigUpdateInstallReceiver( 1128): getConfigParser: domain=satellite
06-30 14:41:59.551 V/SatelliteController( 1128): satelliteConfigParser is not ready
06-30 14:41:59.551 D/SatelliteController( 1128): isSatelliteAttachSupportedViaConfigupdater: return null (satelliteConfig is null)
06-30 14:41:59.552 D/SatelliteController( 1128): getSatellitePerPlmnConfiguration: invalid subId or not supported via carrier.
06-30 14:41:59.552 D/SatelliteController( 1128): getCarrierRoamingNtnConnectType: config: null
06-30 14:41:59.552 D/TelephonyConfigUpdateInstallReceiver( 1128): getConfigParser: domain=satellite
06-30 14:41:59.552 V/SatelliteController( 1128): satelliteConfigParser is not ready
06-30 14:41:59.552 D/SatelliteController( 1128): getCarrierRoamingNtnConnectTypeViaConfigUpdater: return null (satelliteConfig is null)
06-30 14:41:59.552 D/SatelliteController( 1128): getCarrierRoamingNtnConnectType: Falling back to global carrier config connect type: 0
06-30 14:41:59.552 D/TelephonyConfigUpdateInstallReceiver( 1128): getConfigParser: domain=satellite
06-30 14:41:59.552 V/SatelliteController( 1128): satelliteConfigParser is not ready
06-30 14:41:59.552 D/SatelliteController( 1128): isSatelliteAttachSupportedViaConfigupdater: return null (satelliteConfig is null)
06-30 14:41:59.553 D/SatelliteController( 1128): getCarrierRoamingNtnConnectType: Checking connect type from PLMN config for subId: 1
06-30 14:41:59.553 D/TelephonyConfigUpdateInstallReceiver( 1128): getConfigParser: domain=satellite
06-30 14:41:59.553 V/SatelliteController( 1128): satelliteConfigParser is not ready
06-30 14:41:59.553 D/SatelliteController( 1128): isSatelliteAttachSupportedViaConfigupdater: return null (satelliteConfig is null)
06-30 14:41:59.553 D/SatelliteController( 1128): getSatellitePerPlmnConfiguration: invalid subId or not supported via carrier.
06-30 14:41:59.553 D/SatelliteController( 1128): getCarrierRoamingNtnConnectType: config: null
06-30 14:41:59.553 D/TelephonyConfigUpdateInstallReceiver( 1128): getConfigParser: domain=satellite
06-30 14:41:59.553 V/SatelliteController( 1128): satelliteConfigParser is not ready
06-30 14:41:59.553 D/SatelliteController( 1128): getCarrierRoamingNtnConnectTypeViaConfigUpdater: return null (satelliteConfig is null)
06-30 14:41:59.554 D/SatelliteController( 1128): getCarrierRoamingNtnConnectType: Falling back to global carrier config connect type: 0
06-30 14:41:59.554 D/TelephonyConfigUpdateInstallReceiver( 1128): getConfigParser: domain=satellite
06-30 14:41:59.554 V/SatelliteController( 1128): satelliteConfigParser is not ready
06-30 14:41:59.554 D/SatelliteController( 1128): isSatelliteAttachSupportedViaConfigupdater: return null (satelliteConfig is null)
06-30 14:42:00.039 W/skia    (  527): AGTM parsing failed flags.readFromStream(s) at 159
06-30 14:42:00.039 W/skia    (  527): AGTM parsing failed flags.readFromStream(s) at 159
06-30 14:42:00.596 I/adbd    (  539): adbd service requested 'shell,v2,raw:dumpsys package com.google.android.gms'
06-30 14:42:00.731 I/artd    ( 3273): GetBestInfo: odex next to the dex file (/data/app/~~pUpe9D-hsv0lOCLmNQJGyA==/com.google.android.gms-a0e_AySruvvgbDhYG8Z6yQ==/oat/x86_64/base.odex) is kOatUpToDate with filter 'speed-profile' executable 'false'
06-30 14:42:00.732 I/artd    ( 3273): GetBestInfo: dm (/data/app/~~pUpe9D-hsv0lOCLmNQJGyA==/com.google.android.gms-a0e_AySruvvgbDhYG8Z6yQ==/split_AdsDynamite_installtime.dm) is kOatUpToDate with filter 'verify' executable 'false'
06-30 14:42:00.734 I/artd    ( 3273): GetBestInfo: odex next to the dex file (/data/app/~~pUpe9D-hsv0lOCLmNQJGyA==/com.google.android.gms-a0e_AySruvvgbDhYG8Z6yQ==/oat/x86_64/split_CronetDynamite_installtime.odex) is kOatUpToDate with filter 'speed-profile' executable 'false'
06-30 14:42:00.736 I/artd    ( 3273): GetBestInfo: dm (/data/app/~~pUpe9D-hsv0lOCLmNQJGyA==/com.google.android.gms-a0e_AySruvvgbDhYG8Z6yQ==/split_DynamiteLoader_installtime.dm) is kOatUpToDate with filter 'verify' executable 'false'
06-30 14:42:00.737 I/artd    ( 3273): GetBestInfo: dm (/data/app/~~pUpe9D-hsv0lOCLmNQJGyA==/com.google.android.gms-a0e_AySruvvgbDhYG8Z6yQ==/split_DynamiteModulesA_installtime.dm) is kOatUpToDate with filter 'verify' executable 'false'
06-30 14:42:00.740 I/artd    ( 3273): GetBestInfo: dm (/data/app/~~pUpe9D-hsv0lOCLmNQJGyA==/com.google.android.gms-a0e_AySruvvgbDhYG8Z6yQ==/split_DynamiteModulesC_installtime.dm) is kOatUpToDate with filter 'verify' executable 'false'
06-30 14:42:00.741 I/artd    ( 3273): GetBestInfo: dm (/data/app/~~pUpe9D-hsv0lOCLmNQJGyA==/com.google.android.gms-a0e_AySruvvgbDhYG8Z6yQ==/split_GoogleCertificates_installtime.dm) is kOatUpToDate with filter 'verify' executable 'false'
06-30 14:42:00.743 I/artd    ( 3273): GetBestInfo: dm (/data/app/~~pUpe9D-hsv0lOCLmNQJGyA==/com.google.android.gms-a0e_AySruvvgbDhYG8Z6yQ==/split_MapsDynamite_installtime.dm) is kOatUpToDate with filter 'verify' executable 'false'
06-30 14:42:00.745 I/artd    ( 3273): GetBestInfo: dm (/data/app/~~pUpe9D-hsv0lOCLmNQJGyA==/com.google.android.gms-a0e_AySruvvgbDhYG8Z6yQ==/split_MeasurementDynamite_installtime.dm) is kOatUpToDate with filter 'verify' executable 'false'
06-30 14:42:00.747 I/artd    ( 3273): GetBestInfo: /data/user_de/0/com.google.android.gms/app_chimera/m/0000000e/dl-IdentityCredentialsPlatform.optional_262031100800.apk has no usable artifacts
06-30 14:42:00.747 I/artd    ( 3273): GetBestInfo: /data/user_de/0/com.google.android.gms/app_chimera/m/00000001/CronetDynamite.apk has no usable artifacts
06-30 14:42:00.749 I/artd    ( 3273): GetBestInfo: /data/user_de/0/com.google.android.gms/app_chimera/m/00000013/dl-TfliteDynamiteDynamite.integ_252130102100800.apk has no usable artifacts
06-30 14:42:00.750 I/artd    ( 3273): GetBestInfo: /data/user_de/0/com.google.android.gms/app_chimera/m/00000002/DynamiteLoader.apk has no usable artifacts
06-30 14:42:00.751 I/artd    ( 3273): GetBestInfo: /data/user_de/0/com.google.android.gms/app_chimera/m/0000000c/dl-IdentityCredentialsPlatform.optional_261136100800.apk has no usable artifacts
06-30 14:42:00.752 I/artd    ( 3273): GetBestInfo: /data/user_de/0/com.google.android.gms/app_chimera/m/00000005/GoogleCertificates.apk has no usable artifacts
06-30 14:42:00.753 I/artd    ( 3273): GetBestInfo: /data/user_de/0/com.google.android.gms/app_chimera/m/0000000a/dl-TfliteDynamiteDynamite.integ_260580502100800.apk has no usable artifacts
06-30 14:42:00.755 I/artd    ( 3273): GetBestInfo: /data/user_de/0/com.google.android.gms/app_chimera/m/00000016/dl-PlayCloudSearch.optional_262031100000.apk has no usable artifacts
06-30 14:42:00.756 I/artd    ( 3273): GetBestInfo: /data/user_de/0/com.google.android.gms/app_chimera/m/00000014/dl-MlkitOcrCommon.optional_262031100800.apk has no usable artifacts
06-30 14:42:00.758 I/artd    ( 3273): GetBestInfo: /data/user_de/0/com.google.android.gms/app_chimera/m/00000008/dl-VisionOcr.optional_261136100000.apk has no usable artifacts
06-30 14:42:00.760 I/artd    ( 3273): GetBestInfo: /data/user_de/0/com.google.android.gms/app_chimera/m/00000010/dl-Appsearch.optional_262031100800.apk has no usable artifacts
06-30 14:42:00.762 I/artd    ( 3273): GetBestInfo: /data/user_de/0/com.google.android.gms/app_chimera/m/0000000b/dl-Appsearch.optional_261136100800.apk has no usable artifacts
06-30 14:42:00.763 I/artd    ( 3273): GetBestInfo: vdex next to the dex file (/data/user/0/com.google.android.gms/app_dg_cache/9BCBC14EE674B00B958D4B0C5B4BD883630AA39E/oat/x86_64/the.vdex) is kOatUpToDate with filter 'verify' executable 'false'
06-30 14:42:00.765 I/artd    ( 3273): GetBestInfo: /data/user_de/0/com.google.android.gms/app_chimera/m/00000009/dl-MlkitOcrCommon.optional_261136100800.apk has no usable artifacts
06-30 14:42:00.766 I/artd    ( 3273): GetBestInfo: /data/user/0/com.google.android.gms/app_dg_cache/22DA9D7AD8ED7504E0CAC64C41ECDBD7068924E0/the.apk has no usable artifacts
06-30 14:42:00.768 I/artd    ( 3273): GetBestInfo: vdex next to the dex file (/data/user/0/com.google.android.gms/app_dg_cache/FEE57AEA14526BE59FD8AB1365237E7B7A5CE7CB/oat/x86_64/the.vdex) is kOatUpToDate with filter 'verify' executable 'false'
06-30 14:42:00.769 I/artd    ( 3273): GetBestInfo: vdex next to the dex file (/data/user/0/com.google.android.gms/app_dg_cache/1C62BDE86218FBAA50DF06C4A79F5C3FE74B69EC/oat/x86_64/the.vdex) is kOatUpToDate with filter 'verify' executable 'false'
06-30 14:42:00.770 I/artd    ( 3273): GetBestInfo: /data/user_de/0/com.google.android.gms/app_chimera/m/0000000f/dl-VisionOcr.optional_262031100000.apk has no usable artifacts
06-30 14:42:00.772 I/artd    ( 3273): GetBestInfo: /data/user_de/0/com.google.android.gms/app_chimera/m/00000015/dl-MlkitBarcodeUi.optional_262031100800.apk has no usable artifacts
06-30 14:42:00.774 I/artd    ( 3273): GetBestInfo: /data/user_de/0/com.google.android.gms/app_chimera/m/00000007/MeasurementDynamite.apk has no usable artifacts
06-30 14:42:01.218 I/AdbWifiNetworkMonitor(  690): Wi-Fi network available
06-30 14:42:01.219 I/AdbWifiNetworkMonitor(  690): Received the same Wi-Fi SSID. Ignoring.
06-30 14:42:01.221 I/HalDevMgr(  690): bestIfaceCreationProposal is null, requestIface=STA, existingIface=[name=wlan0 type=STA]
06-30 14:42:01.225 I/NullBinder( 1317): NullBinder for android.net.action.RECOMMEND_NETWORKS triggering remote TransactionTooLargeException due to Service without Chimera impl, calling uid: 1000, calling pid: 0
06-30 14:42:01.225 W/libbinder.Binder( 1317): Large reply transaction of 1056768 bytes, interface descriptor , function: UNKNOWN_FUNCTION_NAME, code: 1, flags: 17
06-30 14:42:01.226 D/WM-WorkConstraintsTrack( 2923): NetworkRequestConstraintController onCapabilitiesChanged callback
06-30 14:42:01.227 D/WM-WorkConstraintsTrack( 3977): NetworkRequestConstraintController onCapabilitiesChanged callback
06-30 14:42:01.228 I/BugleRcsEngine( 3867): handleMessage processing message:[NOTIFY_UPTIME_IGNORE_STATE_CHANGED] with [non-null]:RcsEngineImpl reference [CONTEXT log_prefix="RcsEngineImpl[DUAL_REG]:[390448b9-d26f]>Handler" thread_id=69 ]
06-30 14:42:01.228 I/BugleRcsEngine( 3867): Connected state: [1], networkType: [WIFI] [CONTEXT thread_id=65 ]
06-30 14:42:01.229 W/libbinder.IPCThreadState(  690): Sending oneway calls to frozen process.
06-30 14:42:01.229 W/libbinder.IPCThreadState(  690): Sending oneway calls to frozen process.
06-30 14:42:01.229 W/libbinder.IPCThreadState(  690): Sending oneway calls to frozen process.
06-30 14:42:01.229 W/libbinder.IPCThreadState(  690): Sending oneway calls to frozen process.
06-30 14:42:01.229 W/libbinder.IPCThreadState(  690): Sending oneway calls to frozen process.
06-30 14:42:01.232 I/NearbyMediums( 1317): Wifi changed new SSID: "AndroidWifi"
06-30 14:42:01.232 I/NearbyMediums( 1317): WifiLanConnectivityInfo is not changed, skip notify.
06-30 14:42:01.232 D/ConnectivityService(  690): NetReassign [no changes] [c 0] [a 1] [i 1]
06-30 14:42:01.240 I/BugleRcsEngine( 3867): No RCS Configuration was found in Bugle for simID: redacted-pii:sim_id[chars:20,last3:897] [CONTEXT log_prefix="ProvisioningEngineDataRetriever" thread_id=69 ]
06-30 14:42:01.730 I/NearbySharing( 1317): Network state changed: NetworkState(isRestricted=false, isOnline=true, isCongested=false, isMetered=false, isWifiConnected=true)
06-30 14:42:03.062 I/wpa_supplicant(  961): wlan0: CTRL-EVENT-BEACON-LOSS 
06-30 14:42:04.226 I/AdbWifiNetworkMonitor(  690): Wi-Fi network available
06-30 14:42:04.226 I/AdbWifiNetworkMonitor(  690): Received the same Wi-Fi SSID. Ignoring.
06-30 14:42:04.229 I/HalDevMgr(  690): bestIfaceCreationProposal is null, requestIface=STA, existingIface=[name=wlan0 type=STA]
06-30 14:42:04.230 D/WM-WorkConstraintsTrack( 2923): NetworkRequestConstraintController onCapabilitiesChanged callback
06-30 14:42:04.230 I/NullBinder( 1317): NullBinder for android.net.action.RECOMMEND_NETWORKS triggering remote TransactionTooLargeException due to Service without Chimera impl, calling uid: 1000, calling pid: 0
06-30 14:42:04.231 I/BugleRcsEngine( 3867): Connected state: [1], networkType: [WIFI] [CONTEXT thread_id=65 ]
06-30 14:42:04.231 W/libbinder.Binder( 1317): Large reply transaction of 1056768 bytes, interface descriptor , function: UNKNOWN_FUNCTION_NAME, code: 1, flags: 17
06-30 14:42:04.231 I/BugleRcsEngine( 3867): handleMessage processing message:[NOTIFY_UPTIME_IGNORE_STATE_CHANGED] with [non-null]:RcsEngineImpl reference [CONTEXT log_prefix="RcsEngineImpl[DUAL_REG]:[390448b9-d26f]>Handler" thread_id=69 ]
06-30 14:42:04.232 D/WM-WorkConstraintsTrack( 3977): NetworkRequestConstraintController onCapabilitiesChanged callback
06-30 14:42:04.232 W/libbinder.IPCThreadState(  690): Sending oneway calls to frozen process.
06-30 14:42:04.232 W/libbinder.IPCThreadState(  690): Sending oneway calls to frozen process.
06-30 14:42:04.233 W/libbinder.IPCThreadState(  690): Sending oneway calls to frozen process.
06-30 14:42:04.233 W/libbinder.IPCThreadState(  690): Sending oneway calls to frozen process.
06-30 14:42:04.233 W/libbinder.IPCThreadState(  690): Sending oneway calls to frozen process.
06-30 14:42:04.235 I/BugleRcsEngine( 3867): No RCS Configuration was found in Bugle for simID: redacted-pii:sim_id[chars:20,last3:897] [CONTEXT log_prefix="ProvisioningEngineDataRetriever" thread_id=69 ]
06-30 14:42:04.236 D/ConnectivityService(  690): NetReassign [no changes] [c 0] [a 1] [i 0]
06-30 14:42:04.236 I/NearbyMediums( 1317): Wifi changed new SSID: "AndroidWifi"
06-30 14:42:04.236 I/NearbyMediums( 1317): WifiLanConnectivityInfo is not changed, skip notify.
06-30 14:42:04.734 I/NearbySharing( 1317): Network state changed: NetworkState(isRestricted=false, isOnline=true, isCongested=false, isMetered=false, isWifiConnected=true)
06-30 14:42:07.237 I/HalDevMgr(  690): bestIfaceCreationProposal is null, requestIface=STA, existingIface=[name=wlan0 type=STA]
06-30 14:42:09.551 D/SatelliteController( 1128): isInCarrierRoamingNbIotNtn: satellite is disabled
06-30 14:42:09.551 D/SatelliteController( 1128): getCarrierRoamingNtnConnectType: Checking connect type from PLMN config for subId: 1
06-30 14:42:09.551 D/TelephonyConfigUpdateInstallReceiver( 1128): getConfigParser: domain=satellite
06-30 14:42:09.551 V/SatelliteController( 1128): satelliteConfigParser is not ready
06-30 14:42:09.551 D/SatelliteController( 1128): isSatelliteAttachSupportedViaConfigupdater: return null (satelliteConfig is null)
06-30 14:42:09.553 D/SatelliteController( 1128): getSatellitePerPlmnConfiguration: invalid subId or not supported via carrier.
06-30 14:42:09.553 D/SatelliteController( 1128): getCarrierRoamingNtnConnectType: config: null
06-30 14:42:09.553 D/TelephonyConfigUpdateInstallReceiver( 1128): getConfigParser: domain=satellite
06-30 14:42:09.553 V/SatelliteController( 1128): satelliteConfigParser is not ready
06-30 14:42:09.553 D/SatelliteController( 1128): getCarrierRoamingNtnConnectTypeViaConfigUpdater: return null (satelliteConfig is null)
06-30 14:42:09.553 D/SatelliteController( 1128): getCarrierRoamingNtnConnectType: Falling back to global carrier config connect type: 0
06-30 14:42:09.553 D/TelephonyConfigUpdateInstallReceiver( 1128): getConfigParser: domain=satellite
06-30 14:42:09.553 V/SatelliteController( 1128): satelliteConfigParser is not ready
06-30 14:42:09.553 D/SatelliteController( 1128): isSatelliteAttachSupportedViaConfigupdater: return null (satelliteConfig is null)
06-30 14:42:09.553 D/SatelliteController( 1128): getCarrierRoamingNtnConnectType: Checking connect type from PLMN config for subId: 1
06-30 14:42:09.553 D/TelephonyConfigUpdateInstallReceiver( 1128): getConfigParser: domain=satellite
06-30 14:42:09.553 V/SatelliteController( 1128): satelliteConfigParser is not ready
06-30 14:42:09.553 D/SatelliteController( 1128): isSatelliteAttachSupportedViaConfigupdater: return null (satelliteConfig is null)
06-30 14:42:09.554 D/SatelliteController( 1128): getSatellitePerPlmnConfiguration: invalid subId or not supported via carrier.
06-30 14:42:09.554 D/SatelliteController( 1128): getCarrierRoamingNtnConnectType: config: null
06-30 14:42:09.554 D/TelephonyConfigUpdateInstallReceiver( 1128): getConfigParser: domain=satellite
06-30 14:42:09.554 V/SatelliteController( 1128): satelliteConfigParser is not ready
06-30 14:42:09.554 D/SatelliteController( 1128): getCarrierRoamingNtnConnectTypeViaConfigUpdater: return null (satelliteConfig is null)
06-30 14:42:09.554 D/SatelliteController( 1128): getCarrierRoamingNtnConnectType: Falling back to global carrier config connect type: 0
06-30 14:42:09.554 D/TelephonyConfigUpdateInstallReceiver( 1128): getConfigParser: domain=satellite
06-30 14:42:09.554 V/SatelliteController( 1128): satelliteConfigParser is not ready
06-30 14:42:09.554 D/SatelliteController( 1128): isSatelliteAttachSupportedViaConfigupdater: return null (satelliteConfig is null)
06-30 14:42:09.591 W/skia    (  527): AGTM parsing failed flags.readFromStream(s) at 159
06-30 14:42:09.591 W/skia    (  527): AGTM parsing failed flags.readFromStream(s) at 159
06-30 14:42:09.813 D/WM-DelayedWorkTracker( 3977): Scheduling work 54674aff-b3e7-4b9e-93d1-61e7840e9348
06-30 14:42:09.813 D/WM-GreedyScheduler( 3977): Starting tracking for 54674aff-b3e7-4b9e-93d1-61e7840e9348
06-30 14:42:09.814 D/WM-GreedyScheduler( 3977): Constraints not met: Cancelling work ID WorkGenerationalId(workSpecId=54674aff-b3e7-4b9e-93d1-61e7840e9348, generation=404)
06-30 14:42:10.062 W/AppOps  (  690): Noting op not finished: uid 10203 pkg com.google.android.gms code 79 startTime of in progress event=1782830460128
06-30 14:42:10.065 W/AppOps  (  690): Noting op not finished: uid 10203 pkg com.google.android.gms code 113 startTime of in progress event=1782830460128
06-30 14:42:10.083 I/ActivityScheduler( 1317): nextTriggerTime: 13996130, in 238100ms, detectorType: 39, FULL_TYPE alarmWindowMillis: 80000
06-30 14:42:10.244 I/HalDevMgr(  690): bestIfaceCreationProposal is null, requestIface=STA, existingIface=[name=wlan0 type=STA]
06-30 14:42:10.586 I/adbd    (  539): adbd service requested 'shell,v2,raw:dumpsys package com.google.android.gms'
06-30 14:42:10.718 I/artd    ( 3273): GetBestInfo: odex next to the dex file (/data/app/~~pUpe9D-hsv0lOCLmNQJGyA==/com.google.android.gms-a0e_AySruvvgbDhYG8Z6yQ==/oat/x86_64/base.odex) is kOatUpToDate with filter 'speed-profile' executable 'false'
06-30 14:42:10.719 I/artd    ( 3273): GetBestInfo: dm (/data/app/~~pUpe9D-hsv0lOCLmNQJGyA==/com.google.android.gms-a0e_AySruvvgbDhYG8Z6yQ==/split_AdsDynamite_installtime.dm) is kOatUpToDate with filter 'verify' executable 'false'
06-30 14:42:10.721 I/artd    ( 3273): GetBestInfo: odex next to the dex file (/data/app/~~pUpe9D-hsv0lOCLmNQJGyA==/com.google.android.gms-a0e_AySruvvgbDhYG8Z6yQ==/oat/x86_64/split_CronetDynamite_installtime.odex) is kOatUpToDate with filter 'speed-profile' executable 'false'
06-30 14:42:10.722 I/artd    ( 3273): GetBestInfo: dm (/data/app/~~pUpe9D-hsv0lOCLmNQJGyA==/com.google.android.gms-a0e_AySruvvgbDhYG8Z6yQ==/split_DynamiteLoader_installtime.dm) is kOatUpToDate with filter 'verify' executable 'false'
06-30 14:42:10.723 I/artd    ( 3273): GetBestInfo: dm (/data/app/~~pUpe9D-hsv0lOCLmNQJGyA==/com.google.android.gms-a0e_AySruvvgbDhYG8Z6yQ==/split_DynamiteModulesA_installtime.dm) is kOatUpToDate with filter 'verify' executable 'false'
06-30 14:42:10.725 I/artd    ( 3273): GetBestInfo: dm (/data/app/~~pUpe9D-hsv0lOCLmNQJGyA==/com.google.android.gms-a0e_AySruvvgbDhYG8Z6yQ==/split_DynamiteModulesC_installtime.dm) is kOatUpToDate with filter 'verify' executable 'false'
06-30 14:42:10.726 I/artd    ( 3273): GetBestInfo: dm (/data/app/~~pUpe9D-hsv0lOCLmNQJGyA==/com.google.android.gms-a0e_AySruvvgbDhYG8Z6yQ==/split_GoogleCertificates_installtime.dm) is kOatUpToDate with filter 'verify' executable 'false'
06-30 14:42:10.727 I/artd    ( 3273): GetBestInfo: dm (/data/app/~~pUpe9D-hsv0lOCLmNQJGyA==/com.google.android.gms-a0e_AySruvvgbDhYG8Z6yQ==/split_MapsDynamite_installtime.dm) is kOatUpToDate with filter 'verify' executable 'false'
06-30 14:42:10.729 I/artd    ( 3273): GetBestInfo: dm (/data/app/~~pUpe9D-hsv0lOCLmNQJGyA==/com.google.android.gms-a0e_AySruvvgbDhYG8Z6yQ==/split_MeasurementDynamite_installtime.dm) is kOatUpToDate with filter 'verify' executable 'false'
06-30 14:42:10.730 I/artd    ( 3273): GetBestInfo: /data/user_de/0/com.google.android.gms/app_chimera/m/0000000e/dl-IdentityCredentialsPlatform.optional_262031100800.apk has no usable artifacts
06-30 14:42:10.730 I/artd    ( 3273): GetBestInfo: /data/user_de/0/com.google.android.gms/app_chimera/m/00000001/CronetDynamite.apk has no usable artifacts
06-30 14:42:10.731 I/artd    ( 3273): GetBestInfo: /data/user_de/0/com.google.android.gms/app_chimera/m/00000013/dl-TfliteDynamiteDynamite.integ_252130102100800.apk has no usable artifacts
06-30 14:42:10.732 I/artd    ( 3273): GetBestInfo: /data/user_de/0/com.google.android.gms/app_chimera/m/00000002/DynamiteLoader.apk has no usable artifacts
06-30 14:42:10.733 I/artd    ( 3273): GetBestInfo: /data/user_de/0/com.google.android.gms/app_chimera/m/0000000c/dl-IdentityCredentialsPlatform.optional_261136100800.apk has no usable artifacts
06-30 14:42:10.734 I/artd    ( 3273): GetBestInfo: /data/user_de/0/com.google.android.gms/app_chimera/m/00000005/GoogleCertificates.apk has no usable artifacts
06-30 14:42:10.735 I/artd    ( 3273): GetBestInfo: /data/user_de/0/com.google.android.gms/app_chimera/m/0000000a/dl-TfliteDynamiteDynamite.integ_260580502100800.apk has no usable artifacts
06-30 14:42:10.735 I/artd    ( 3273): GetBestInfo: /data/user_de/0/com.google.android.gms/app_chimera/m/00000016/dl-PlayCloudSearch.optional_262031100000.apk has no usable artifacts
06-30 14:42:10.737 I/artd    ( 3273): GetBestInfo: /data/user_de/0/com.google.android.gms/app_chimera/m/00000014/dl-MlkitOcrCommon.optional_262031100800.apk has no usable artifacts
06-30 14:42:10.739 I/artd    ( 3273): GetBestInfo: /data/user_de/0/com.google.android.gms/app_chimera/m/00000008/dl-VisionOcr.optional_261136100000.apk has no usable artifacts
06-30 14:42:10.740 I/artd    ( 3273): GetBestInfo: /data/user_de/0/com.google.android.gms/app_chimera/m/00000010/dl-Appsearch.optional_262031100800.apk has no usable artifacts
06-30 14:42:10.741 I/artd    ( 3273): GetBestInfo: /data/user_de/0/com.google.android.gms/app_chimera/m/0000000b/dl-Appsearch.optional_261136100800.apk has no usable artifacts
06-30 14:42:10.743 I/artd    ( 3273): GetBestInfo: vdex next to the dex file (/data/user/0/com.google.android.gms/app_dg_cache/9BCBC14EE674B00B958D4B0C5B4BD883630AA39E/oat/x86_64/the.vdex) is kOatUpToDate with filter 'verify' executable 'false'
06-30 14:42:10.745 I/artd    ( 3273): GetBestInfo: /data/user_de/0/com.google.android.gms/app_chimera/m/00000009/dl-MlkitOcrCommon.optional_261136100800.apk has no usable artifacts
06-30 14:42:10.746 I/artd    ( 3273): GetBestInfo: /data/user/0/com.google.android.gms/app_dg_cache/22DA9D7AD8ED7504E0CAC64C41ECDBD7068924E0/the.apk has no usable artifacts
06-30 14:42:10.747 I/artd    ( 3273): GetBestInfo: vdex next to the dex file (/data/user/0/com.google.android.gms/app_dg_cache/FEE57AEA14526BE59FD8AB1365237E7B7A5CE7CB/oat/x86_64/the.vdex) is kOatUpToDate with filter 'verify' executable 'false'
06-30 14:42:10.749 I/artd    ( 3273): GetBestInfo: vdex next to the dex file (/data/user/0/com.google.android.gms/app_dg_cache/1C62BDE86218FBAA50DF06C4A79F5C3FE74B69EC/oat/x86_64/the.vdex) is kOatUpToDate with filter 'verify' executable 'false'
06-30 14:42:10.750 I/artd    ( 3273): GetBestInfo: /data/user_de/0/com.google.android.gms/app_chimera/m/0000000f/dl-VisionOcr.optional_262031100000.apk has no usable artifacts
06-30 14:42:10.751 I/artd    ( 3273): GetBestInfo: /data/user_de/0/com.google.android.gms/app_chimera/m/00000015/dl-MlkitBarcodeUi.optional_262031100800.apk has no usable artifacts
06-30 14:42:10.752 I/artd    ( 3273): GetBestInfo: /data/user_de/0/com.google.android.gms/app_chimera/m/00000007/MeasurementDynamite.apk has no usable artifacts
06-30 14:42:10.997 I/wpa_supplicant(  961): wlan0: CTRL-EVENT-BEACON-LOSS 
06-30 14:42:11.065 W/AppOps  (  690): Noting op not finished: uid 10203 pkg com.google.android.gms code 113 startTime of in progress event=1782830460128
06-30 14:42:13.250 I/AdbWifiNetworkMonitor(  690): Wi-Fi network available
06-30 14:42:13.250 I/AdbWifiNetworkMonitor(  690): Received the same Wi-Fi SSID. Ignoring.
06-30 14:42:13.253 I/HalDevMgr(  690): bestIfaceCreationProposal is null, requestIface=STA, existingIface=[name=wlan0 type=STA]
06-30 14:42:13.253 I/NullBinder( 1317): NullBinder for android.net.action.RECOMMEND_NETWORKS triggering remote TransactionTooLargeException due to Service without Chimera impl, calling uid: 1000, calling pid: 0
06-30 14:42:13.253 W/libbinder.Binder( 1317): Large reply transaction of 1056768 bytes, interface descriptor , function: UNKNOWN_FUNCTION_NAME, code: 1, flags: 17
06-30 14:42:13.253 D/WM-WorkConstraintsTrack( 2923): NetworkRequestConstraintController onCapabilitiesChanged callback
06-30 14:42:13.256 D/WM-WorkConstraintsTrack( 3977): NetworkRequestConstraintController onCapabilitiesChanged callback
06-30 14:42:13.256 W/libbinder.IPCThreadState(  690): Sending oneway calls to frozen process.
06-30 14:42:13.256 W/libbinder.IPCThreadState(  690): Sending oneway calls to frozen process.
06-30 14:42:13.256 W/libbinder.IPCThreadState(  690): Sending oneway calls to frozen process.
06-30 14:42:13.256 W/libbinder.IPCThreadState(  690): Sending oneway calls to frozen process.
06-30 14:42:13.256 W/libbinder.IPCThreadState(  690): Sending oneway calls to frozen process.
06-30 14:42:13.257 I/BugleRcsEngine( 3867): handleMessage processing message:[NOTIFY_UPTIME_IGNORE_STATE_CHANGED] with [non-null]:RcsEngineImpl reference [CONTEXT log_prefix="RcsEngineImpl[DUAL_REG]:[390448b9-d26f]>Handler" thread_id=69 ]
06-30 14:42:13.257 I/BugleRcsEngine( 3867): Connected state: [1], networkType: [WIFI] [CONTEXT thread_id=65 ]
06-30 14:42:13.259 D/ConnectivityService(  690): NetReassign [no changes] [c 0] [a 1] [i 0]
06-30 14:42:13.259 I/NearbyMediums( 1317): Wifi changed new SSID: "AndroidWifi"
06-30 14:42:13.259 I/NearbyMediums( 1317): WifiLanConnectivityInfo is not changed, skip notify.
06-30 14:42:13.264 I/BugleRcsEngine( 3867): No RCS Configuration was found in Bugle for simID: redacted-pii:sim_id[chars:20,last3:897] [CONTEXT log_prefix="ProvisioningEngineDataRetriever" thread_id=69 ]
06-30 14:42:13.757 I/NearbySharing( 1317): Network state changed: NetworkState(isRestricted=false, isOnline=true, isCongested=false, isMetered=false, isWifiConnected=true)
06-30 14:42:16.259 I/HalDevMgr(  690): bestIfaceCreationProposal is null, requestIface=STA, existingIface=[name=wlan0 type=STA]
06-30 14:42:18.934 I/wpa_supplicant(  961): wlan0: CTRL-EVENT-BEACON-LOSS 
06-30 14:42:19.264 I/HalDevMgr(  690): bestIfaceCreationProposal is null, requestIface=STA, existingIface=[name=wlan0 type=STA]
06-30 14:42:19.551 D/SatelliteController( 1128): isInCarrierRoamingNbIotNtn: satellite is disabled
06-30 14:42:19.551 D/SatelliteController( 1128): getCarrierRoamingNtnConnectType: Checking connect type from PLMN config for subId: 1
06-30 14:42:19.551 D/TelephonyConfigUpdateInstallReceiver( 1128): getConfigParser: domain=satellite
06-30 14:42:19.551 V/SatelliteController( 1128): satelliteConfigParser is not ready
06-30 14:42:19.551 D/SatelliteController( 1128): isSatelliteAttachSupportedViaConfigupdater: return null (satelliteConfig is null)
06-30 14:42:19.551 D/SatelliteController( 1128): getSatellitePerPlmnConfiguration: invalid subId or not supported via carrier.
06-30 14:42:19.551 D/SatelliteController( 1128): getCarrierRoamingNtnConnectType: config: null
06-30 14:42:19.551 D/TelephonyConfigUpdateInstallReceiver( 1128): getConfigParser: domain=satellite
06-30 14:42:19.551 V/SatelliteController( 1128): satelliteConfigParser is not ready
06-30 14:42:19.551 D/SatelliteController( 1128): getCarrierRoamingNtnConnectTypeViaConfigUpdater: return null (satelliteConfig is null)
06-30 14:42:19.551 D/SatelliteController( 1128): getCarrierRoamingNtnConnectType: Falling back to global carrier config connect type: 0
06-30 14:42:19.551 D/TelephonyConfigUpdateInstallReceiver( 1128): getConfigParser: domain=satellite
06-30 14:42:19.551 V/SatelliteController( 1128): satelliteConfigParser is not ready
06-30 14:42:19.551 D/SatelliteController( 1128): isSatelliteAttachSupportedViaConfigupdater: return null (satelliteConfig is null)
06-30 14:42:19.551 D/SatelliteController( 1128): getCarrierRoamingNtnConnectType: Checking connect type from PLMN config for subId: 1
06-30 14:42:19.551 D/TelephonyConfigUpdateInstallReceiver( 1128): getConfigParser: domain=satellite
06-30 14:42:19.551 V/SatelliteController( 1128): satelliteConfigParser is not ready
06-30 14:42:19.551 D/SatelliteController( 1128): isSatelliteAttachSupportedViaConfigupdater: return null (satelliteConfig is null)
06-30 14:42:19.551 D/SatelliteController( 1128): getSatellitePerPlmnConfiguration: invalid subId or not supported via carrier.
06-30 14:42:19.551 D/SatelliteController( 1128): getCarrierRoamingNtnConnectType: config: null
06-30 14:42:19.551 D/TelephonyConfigUpdateInstallReceiver( 1128): getConfigParser: domain=satellite
06-30 14:42:19.551 V/SatelliteController( 1128): satelliteConfigParser is not ready
06-30 14:42:19.551 D/SatelliteController( 1128): getCarrierRoamingNtnConnectTypeViaConfigUpdater: return null (satelliteConfig is null)
06-30 14:42:19.552 D/SatelliteController( 1128): getCarrierRoamingNtnConnectType: Falling back to global carrier config connect type: 0
06-30 14:42:19.552 D/TelephonyConfigUpdateInstallReceiver( 1128): getConfigParser: domain=satellite
06-30 14:42:19.552 V/SatelliteController( 1128): satelliteConfigParser is not ready
06-30 14:42:19.552 D/SatelliteController( 1128): isSatelliteAttachSupportedViaConfigupdater: return null (satelliteConfig is null)
06-30 14:42:20.590 I/adbd    (  539): adbd service requested 'shell,v2,raw:dumpsys package com.google.android.gms'
06-30 14:42:20.737 I/artd    ( 3273): GetBestInfo: odex next to the dex file (/data/app/~~pUpe9D-hsv0lOCLmNQJGyA==/com.google.android.gms-a0e_AySruvvgbDhYG8Z6yQ==/oat/x86_64/base.odex) is kOatUpToDate with filter 'speed-profile' executable 'false'
06-30 14:42:20.738 I/artd    ( 3273): GetBestInfo: dm (/data/app/~~pUpe9D-hsv0lOCLmNQJGyA==/com.google.android.gms-a0e_AySruvvgbDhYG8Z6yQ==/split_AdsDynamite_installtime.dm) is kOatUpToDate with filter 'verify' executable 'false'
06-30 14:42:20.739 I/artd    ( 3273): GetBestInfo: odex next to the dex file (/data/app/~~pUpe9D-hsv0lOCLmNQJGyA==/com.google.android.gms-a0e_AySruvvgbDhYG8Z6yQ==/oat/x86_64/split_CronetDynamite_installtime.odex) is kOatUpToDate with filter 'speed-profile' executable 'false'
06-30 14:42:20.741 I/artd    ( 3273): GetBestInfo: dm (/data/app/~~pUpe9D-hsv0lOCLmNQJGyA==/com.google.android.gms-a0e_AySruvvgbDhYG8Z6yQ==/split_DynamiteLoader_installtime.dm) is kOatUpToDate with filter 'verify' executable 'false'
06-30 14:42:20.742 I/artd    ( 3273): GetBestInfo: dm (/data/app/~~pUpe9D-hsv0lOCLmNQJGyA==/com.google.android.gms-a0e_AySruvvgbDhYG8Z6yQ==/split_DynamiteModulesA_installtime.dm) is kOatUpToDate with filter 'verify' executable 'false'
06-30 14:42:20.743 I/artd    ( 3273): GetBestInfo: dm (/data/app/~~pUpe9D-hsv0lOCLmNQJGyA==/com.google.android.gms-a0e_AySruvvgbDhYG8Z6yQ==/split_DynamiteModulesC_installtime.dm) is kOatUpToDate with filter 'verify' executable 'false'
06-30 14:42:20.744 I/artd    ( 3273): GetBestInfo: dm (/data/app/~~pUpe9D-hsv0lOCLmNQJGyA==/com.google.android.gms-a0e_AySruvvgbDhYG8Z6yQ==/split_GoogleCertificates_installtime.dm) is kOatUpToDate with filter 'verify' executable 'false'
06-30 14:42:20.745 I/artd    ( 3273): GetBestInfo: dm (/data/app/~~pUpe9D-hsv0lOCLmNQJGyA==/com.google.android.gms-a0e_AySruvvgbDhYG8Z6yQ==/split_MapsDynamite_installtime.dm) is kOatUpToDate with filter 'verify' executable 'false'
06-30 14:42:20.746 I/artd    ( 3273): GetBestInfo: dm (/data/app/~~pUpe9D-hsv0lOCLmNQJGyA==/com.google.android.gms-a0e_AySruvvgbDhYG8Z6yQ==/split_MeasurementDynamite_installtime.dm) is kOatUpToDate with filter 'verify' executable 'false'
06-30 14:42:20.747 I/artd    ( 3273): GetBestInfo: /data/user_de/0/com.google.android.gms/app_chimera/m/0000000e/dl-IdentityCredentialsPlatform.optional_262031100800.apk has no usable artifacts
06-30 14:42:20.747 I/artd    ( 3273): GetBestInfo: /data/user_de/0/com.google.android.gms/app_chimera/m/00000001/CronetDynamite.apk has no usable artifacts
06-30 14:42:20.749 I/artd    ( 3273): GetBestInfo: /data/user_de/0/com.google.android.gms/app_chimera/m/00000013/dl-TfliteDynamiteDynamite.integ_252130102100800.apk has no usable artifacts
06-30 14:42:20.749 I/artd    ( 3273): GetBestInfo: /data/user_de/0/com.google.android.gms/app_chimera/m/00000002/DynamiteLoader.apk has no usable artifacts
06-30 14:42:20.751 I/artd    ( 3273): GetBestInfo: /data/user_de/0/com.google.android.gms/app_chimera/m/0000000c/dl-IdentityCredentialsPlatform.optional_261136100800.apk has no usable artifacts
06-30 14:42:20.751 I/artd    ( 3273): GetBestInfo: /data/user_de/0/com.google.android.gms/app_chimera/m/00000005/GoogleCertificates.apk has no usable artifacts
06-30 14:42:20.753 I/artd    ( 3273): GetBestInfo: /data/user_de/0/com.google.android.gms/app_chimera/m/0000000a/dl-TfliteDynamiteDynamite.integ_260580502100800.apk has no usable artifacts
06-30 14:42:20.753 I/artd    ( 3273): GetBestInfo: /data/user_de/0/com.google.android.gms/app_chimera/m/00000016/dl-PlayCloudSearch.optional_262031100000.apk has no usable artifacts
06-30 14:42:20.755 I/artd    ( 3273): GetBestInfo: /data/user_de/0/com.google.android.gms/app_chimera/m/00000014/dl-MlkitOcrCommon.optional_262031100800.apk has no usable artifacts
06-30 14:42:20.756 I/artd    ( 3273): GetBestInfo: /data/user_de/0/com.google.android.gms/app_chimera/m/00000008/dl-VisionOcr.optional_261136100000.apk has no usable artifacts
06-30 14:42:20.757 I/artd    ( 3273): GetBestInfo: /data/user_de/0/com.google.android.gms/app_chimera/m/00000010/dl-Appsearch.optional_262031100800.apk has no usable artifacts
06-30 14:42:20.758 I/artd    ( 3273): GetBestInfo: /data/user_de/0/com.google.android.gms/app_chimera/m/0000000b/dl-Appsearch.optional_261136100800.apk has no usable artifacts
06-30 14:42:20.759 I/artd    ( 3273): GetBestInfo: vdex next to the dex file (/data/user/0/com.google.android.gms/app_dg_cache/9BCBC14EE674B00B958D4B0C5B4BD883630AA39E/oat/x86_64/the.vdex) is kOatUpToDate with filter 'verify' executable 'false'
06-30 14:42:20.761 I/artd    ( 3273): GetBestInfo: /data/user_de/0/com.google.android.gms/app_chimera/m/00000009/dl-MlkitOcrCommon.optional_261136100800.apk has no usable artifacts
06-30 14:42:20.762 I/artd    ( 3273): GetBestInfo: /data/user/0/com.google.android.gms/app_dg_cache/22DA9D7AD8ED7504E0CAC64C41ECDBD7068924E0/the.apk has no usable artifacts
06-30 14:42:20.763 I/artd    ( 3273): GetBestInfo: vdex next to the dex file (/data/user/0/com.google.android.gms/app_dg_cache/FEE57AEA14526BE59FD8AB1365237E7B7A5CE7CB/oat/x86_64/the.vdex) is kOatUpToDate with filter 'verify' executable 'false'
06-30 14:42:20.765 I/artd    ( 3273): GetBestInfo: vdex next to the dex file (/data/user/0/com.google.android.gms/app_dg_cache/1C62BDE86218FBAA50DF06C4A79F5C3FE74B69EC/oat/x86_64/the.vdex) is kOatUpToDate with filter 'verify' executable 'false'
06-30 14:42:20.767 I/artd    ( 3273): GetBestInfo: /data/user_de/0/com.google.android.gms/app_chimera/m/0000000f/dl-VisionOcr.optional_262031100000.apk has no usable artifacts
06-30 14:42:20.768 I/artd    ( 3273): GetBestInfo: /data/user_de/0/com.google.android.gms/app_chimera/m/00000015/dl-MlkitBarcodeUi.optional_262031100800.apk has no usable artifacts
06-30 14:42:20.769 I/artd    ( 3273): GetBestInfo: /data/user_de/0/com.google.android.gms/app_chimera/m/00000007/MeasurementDynamite.apk has no usable artifacts
06-30 14:42:22.272 I/HalDevMgr(  690): bestIfaceCreationProposal is null, requestIface=STA, existingIface=[name=wlan0 type=STA]
06-30 14:42:25.278 I/HalDevMgr(  690): bestIfaceCreationProposal is null, requestIface=STA, existingIface=[name=wlan0 type=STA]
06-30 14:42:27.126 I/wpa_supplicant(  961): wlan0: CTRL-EVENT-BEACON-LOSS 
06-30 14:42:28.285 I/HalDevMgr(  690): bestIfaceCreationProposal is null, requestIface=STA, existingIface=[name=wlan0 type=STA]
06-30 14:42:29.551 D/SatelliteController( 1128): isInCarrierRoamingNbIotNtn: satellite is disabled
06-30 14:42:29.551 D/SatelliteController( 1128): getCarrierRoamingNtnConnectType: Checking connect type from PLMN config for subId: 1
06-30 14:42:29.551 D/TelephonyConfigUpdateInstallReceiver( 1128): getConfigParser: domain=satellite
06-30 14:42:29.551 V/SatelliteController( 1128): satelliteConfigParser is not ready
06-30 14:42:29.551 D/SatelliteController( 1128): isSatelliteAttachSupportedViaConfigupdater: return null (satelliteConfig is null)
06-30 14:42:29.551 D/SatelliteController( 1128): getSatellitePerPlmnConfiguration: invalid subId or not supported via carrier.
06-30 14:42:29.551 D/SatelliteController( 1128): getCarrierRoamingNtnConnectType: config: null
06-30 14:42:29.551 D/TelephonyConfigUpdateInstallReceiver( 1128): getConfigParser: domain=satellite
06-30 14:42:29.551 V/SatelliteController( 1128): satelliteConfigParser is not ready
06-30 14:42:29.551 D/SatelliteController( 1128): getCarrierRoamingNtnConnectTypeViaConfigUpdater: return null (satelliteConfig is null)
06-30 14:42:29.551 D/SatelliteController( 1128): getCarrierRoamingNtnConnectType: Falling back to global carrier config connect type: 0
06-30 14:42:29.551 D/TelephonyConfigUpdateInstallReceiver( 1128): getConfigParser: domain=satellite
06-30 14:42:29.551 V/SatelliteController( 1128): satelliteConfigParser is not ready
06-30 14:42:29.551 D/SatelliteController( 1128): isSatelliteAttachSupportedViaConfigupdater: return null (satelliteConfig is null)
06-30 14:42:29.552 D/SatelliteController( 1128): getCarrierRoamingNtnConnectType: Checking connect type from PLMN config for subId: 1
06-30 14:42:29.552 D/TelephonyConfigUpdateInstallReceiver( 1128): getConfigParser: domain=satellite
06-30 14:42:29.552 V/SatelliteController( 1128): satelliteConfigParser is not ready
06-30 14:42:29.552 D/SatelliteController( 1128): isSatelliteAttachSupportedViaConfigupdater: return null (satelliteConfig is null)
06-30 14:42:29.552 D/SatelliteController( 1128): getSatellitePerPlmnConfiguration: invalid subId or not supported via carrier.
06-30 14:42:29.552 D/SatelliteController( 1128): getCarrierRoamingNtnConnectType: config: null
06-30 14:42:29.552 D/TelephonyConfigUpdateInstallReceiver( 1128): getConfigParser: domain=satellite
06-30 14:42:29.552 V/SatelliteController( 1128): satelliteConfigParser is not ready
06-30 14:42:29.552 D/SatelliteController( 1128): getCarrierRoamingNtnConnectTypeViaConfigUpdater: return null (satelliteConfig is null)
06-30 14:42:29.552 D/SatelliteController( 1128): getCarrierRoamingNtnConnectType: Falling back to global carrier config connect type: 0
06-30 14:42:29.552 D/TelephonyConfigUpdateInstallReceiver( 1128): getConfigParser: domain=satellite
06-30 14:42:29.552 V/SatelliteController( 1128): satelliteConfigParser is not ready
06-30 14:42:29.552 D/SatelliteController( 1128): isSatelliteAttachSupportedViaConfigupdater: return null (satelliteConfig is null)
06-30 14:42:29.757 D/androidtc(  690): Initializing SystemTextClassifier, type = System
06-30 14:42:29.758 E/ClipboardService(  690): Denying clipboard access to u.sage, application is not in focus nor is it a system service for user 0
06-30 14:42:29.758 E/ClipboardService(  690): Denying clipboard access to com.aiquota.mobile, application is not in focus nor is it a system service for user 0
06-30 14:42:29.758 I/AiAiTextClassifier( 1592): onCreateTextClassificationSession = TextClassificationSessionId {c7486f8f-f3ec-493a-8237-750d798eb506}
06-30 14:42:29.758 E/ClipboardService(  690): Denying clipboard access to com.android.chrome, application is not in focus nor is it a system service for user 0
06-30 14:42:29.762 I/AiAiTranslate( 1592): C2T - not in a conversation
06-30 14:42:29.763 I/ClipboardListener(  981): Clipboard overlay suppressed.
06-30 14:42:29.763 D/androidtc( 3384): Initializing SystemTextClassifier, type = System
06-30 14:42:29.766 I/AiAiTextClassifier( 1592): GenerateLinks did not find valid links, returning empty result
06-30 14:42:29.767 E/ClipboardService(  690): Denying clipboard access to u.sage, application is not in focus nor is it a system service for user 0
06-30 14:42:29.767 E/ClipboardService(  690): Denying clipboard access to com.aiquota.mobile, application is not in focus nor is it a system service for user 0
06-30 14:42:29.768 E/ClipboardService(  690): Denying clipboard access to com.android.chrome, application is not in focus nor is it a system service for user 0
06-30 14:42:29.769 I/AiAiTextClassifier( 1592): GenerateLinks did not find valid links, returning empty result
06-30 14:42:29.770 I/ClipboardListener(  981): Clipboard overlay suppressed.
06-30 14:42:30.581 I/adbd    (  539): adbd service requested 'shell,v2,raw:dumpsys package com.google.android.gms'
06-30 14:42:30.732 I/artd    ( 3273): GetBestInfo: odex next to the dex file (/data/app/~~pUpe9D-hsv0lOCLmNQJGyA==/com.google.android.gms-a0e_AySruvvgbDhYG8Z6yQ==/oat/x86_64/base.odex) is kOatUpToDate with filter 'speed-profile' executable 'false'
06-30 14:42:30.734 I/artd    ( 3273): GetBestInfo: dm (/data/app/~~pUpe9D-hsv0lOCLmNQJGyA==/com.google.android.gms-a0e_AySruvvgbDhYG8Z6yQ==/split_AdsDynamite_installtime.dm) is kOatUpToDate with filter 'verify' executable 'false'
06-30 14:42:30.736 I/artd    ( 3273): GetBestInfo: odex next to the dex file (/data/app/~~pUpe9D-hsv0lOCLmNQJGyA==/com.google.android.gms-a0e_AySruvvgbDhYG8Z6yQ==/oat/x86_64/split_CronetDynamite_installtime.odex) is kOatUpToDate with filter 'speed-profile' executable 'false'
06-30 14:42:30.737 I/artd    ( 3273): GetBestInfo: dm (/data/app/~~pUpe9D-hsv0lOCLmNQJGyA==/com.google.android.gms-a0e_AySruvvgbDhYG8Z6yQ==/split_DynamiteLoader_installtime.dm) is kOatUpToDate with filter 'verify' executable 'false'
06-30 14:42:30.739 I/artd    ( 3273): GetBestInfo: dm (/data/app/~~pUpe9D-hsv0lOCLmNQJGyA==/com.google.android.gms-a0e_AySruvvgbDhYG8Z6yQ==/split_DynamiteModulesA_installtime.dm) is kOatUpToDate with filter 'verify' executable 'false'
06-30 14:42:30.740 I/artd    ( 3273): GetBestInfo: dm (/data/app/~~pUpe9D-hsv0lOCLmNQJGyA==/com.google.android.gms-a0e_AySruvvgbDhYG8Z6yQ==/split_DynamiteModulesC_installtime.dm) is kOatUpToDate with filter 'verify' executable 'false'
06-30 14:42:30.741 I/artd    ( 3273): GetBestInfo: dm (/data/app/~~pUpe9D-hsv0lOCLmNQJGyA==/com.google.android.gms-a0e_AySruvvgbDhYG8Z6yQ==/split_GoogleCertificates_installtime.dm) is kOatUpToDate with filter 'verify' executable 'false'
06-30 14:42:30.742 I/artd    ( 3273): GetBestInfo: dm (/data/app/~~pUpe9D-hsv0lOCLmNQJGyA==/com.google.android.gms-a0e_AySruvvgbDhYG8Z6yQ==/split_MapsDynamite_installtime.dm) is kOatUpToDate with filter 'verify' executable 'false'
06-30 14:42:30.743 I/artd    ( 3273): GetBestInfo: dm (/data/app/~~pUpe9D-hsv0lOCLmNQJGyA==/com.google.android.gms-a0e_AySruvvgbDhYG8Z6yQ==/split_MeasurementDynamite_installtime.dm) is kOatUpToDate with filter 'verify' executable 'false'
06-30 14:42:30.745 I/artd    ( 3273): GetBestInfo: /data/user_de/0/com.google.android.gms/app_chimera/m/0000000e/dl-IdentityCredentialsPlatform.optional_262031100800.apk has no usable artifacts
06-30 14:42:30.745 I/artd    ( 3273): GetBestInfo: /data/user_de/0/com.google.android.gms/app_chimera/m/00000001/CronetDynamite.apk has no usable artifacts
06-30 14:42:30.747 I/artd    ( 3273): GetBestInfo: /data/user_de/0/com.google.android.gms/app_chimera/m/00000013/dl-TfliteDynamiteDynamite.integ_252130102100800.apk has no usable artifacts
06-30 14:42:30.747 I/artd    ( 3273): GetBestInfo: /data/user_de/0/com.google.android.gms/app_chimera/m/00000002/DynamiteLoader.apk has no usable artifacts
06-30 14:42:30.749 I/artd    ( 3273): GetBestInfo: /data/user_de/0/com.google.android.gms/app_chimera/m/0000000c/dl-IdentityCredentialsPlatform.optional_261136100800.apk has no usable artifacts
06-30 14:42:30.750 I/artd    ( 3273): GetBestInfo: /data/user_de/0/com.google.android.gms/app_chimera/m/00000005/GoogleCertificates.apk has no usable artifacts
06-30 14:42:30.752 I/artd    ( 3273): GetBestInfo: /data/user_de/0/com.google.android.gms/app_chimera/m/0000000a/dl-TfliteDynamiteDynamite.integ_260580502100800.apk has no usable artifacts
06-30 14:42:30.753 I/artd    ( 3273): GetBestInfo: /data/user_de/0/com.google.android.gms/app_chimera/m/00000016/dl-PlayCloudSearch.optional_262031100000.apk has no usable artifacts
06-30 14:42:30.755 I/artd    ( 3273): GetBestInfo: /data/user_de/0/com.google.android.gms/app_chimera/m/00000014/dl-MlkitOcrCommon.optional_262031100800.apk has no usable artifacts
06-30 14:42:30.757 I/artd    ( 3273): GetBestInfo: /data/user_de/0/com.google.android.gms/app_chimera/m/00000008/dl-VisionOcr.optional_261136100000.apk has no usable artifacts
06-30 14:42:30.758 I/artd    ( 3273): GetBestInfo: /data/user_de/0/com.google.android.gms/app_chimera/m/00000010/dl-Appsearch.optional_262031100800.apk has no usable artifacts
06-30 14:42:30.759 I/artd    ( 3273): GetBestInfo: /data/user_de/0/com.google.android.gms/app_chimera/m/0000000b/dl-Appsearch.optional_261136100800.apk has no usable artifacts
06-30 14:42:30.761 I/artd    ( 3273): GetBestInfo: vdex next to the dex file (/data/user/0/com.google.android.gms/app_dg_cache/9BCBC14EE674B00B958D4B0C5B4BD883630AA39E/oat/x86_64/the.vdex) is kOatUpToDate with filter 'verify' executable 'false'
06-30 14:42:30.763 I/artd    ( 3273): GetBestInfo: /data/user_de/0/com.google.android.gms/app_chimera/m/00000009/dl-MlkitOcrCommon.optional_261136100800.apk has no usable artifacts
06-30 14:42:30.764 I/artd    ( 3273): GetBestInfo: /data/user/0/com.google.android.gms/app_dg_cache/22DA9D7AD8ED7504E0CAC64C41ECDBD7068924E0/the.apk has no usable artifacts
06-30 14:42:30.765 I/artd    ( 3273): GetBestInfo: vdex next to the dex file (/data/user/0/com.google.android.gms/app_dg_cache/FEE57AEA14526BE59FD8AB1365237E7B7A5CE7CB/oat/x86_64/the.vdex) is kOatUpToDate with filter 'verify' executable 'false'
06-30 14:42:30.767 I/artd    ( 3273): GetBestInfo: vdex next to the dex file (/data/user/0/com.google.android.gms/app_dg_cache/1C62BDE86218FBAA50DF06C4A79F5C3FE74B69EC/oat/x86_64/the.vdex) is kOatUpToDate with filter 'verify' executable 'false'
06-30 14:42:30.768 I/artd    ( 3273): GetBestInfo: /data/user_de/0/com.google.android.gms/app_chimera/m/0000000f/dl-VisionOcr.optional_262031100000.apk has no usable artifacts
06-30 14:42:30.769 I/artd    ( 3273): GetBestInfo: /data/user_de/0/com.google.android.gms/app_chimera/m/00000015/dl-MlkitBarcodeUi.optional_262031100800.apk has no usable artifacts
06-30 14:42:30.770 I/artd    ( 3273): GetBestInfo: /data/user_de/0/com.google.android.gms/app_chimera/m/00000007/MeasurementDynamite.apk has no usable artifacts
06-30 14:42:31.291 I/HalDevMgr(  690): bestIfaceCreationProposal is null, requestIface=STA, existingIface=[name=wlan0 type=STA]
06-30 14:42:31.617 D/androidtc(  690): Initializing SystemTextClassifier, type = System
06-30 14:42:31.618 I/AiAiTextClassifier( 1592): onCreateTextClassificationSession = TextClassificationSessionId {e89ff31e-0d9e-40b8-bb52-2d81ecc61e71}
06-30 14:42:31.618 E/ClipboardService(  690): Denying clipboard access to u.sage, application is not in focus nor is it a system service for user 0
06-30 14:42:31.618 E/ClipboardService(  690): Denying clipboard access to com.aiquota.mobile, application is not in focus nor is it a system service for user 0
06-30 14:42:31.618 E/ClipboardService(  690): Denying clipboard access to com.android.chrome, application is not in focus nor is it a system service for user 0
06-30 14:42:31.620 I/AiAiTranslate( 1592): C2T - not in a conversation
06-30 14:42:31.621 D/androidtc( 3384): Initializing SystemTextClassifier, type = System
06-30 14:42:31.622 I/ClipboardListener(  981): Clipboard overlay suppressed.
06-30 14:42:31.622 I/AiAiTextClassifier( 1592): GenerateLinks did not find valid links, returning empty result
06-30 14:42:31.623 E/ClipboardService(  690): Denying clipboard access to u.sage, application is not in focus nor is it a system service for user 0
06-30 14:42:31.623 E/ClipboardService(  690): Denying clipboard access to com.aiquota.mobile, application is not in focus nor is it a system service for user 0
06-30 14:42:31.623 E/ClipboardService(  690): Denying clipboard access to com.android.chrome, application is not in focus nor is it a system service for user 0
06-30 14:42:31.624 I/AiAiTextClassifier( 1592): GenerateLinks did not find valid links, returning empty result
06-30 14:42:31.625 I/ClipboardListener(  981): Clipboard overlay suppressed.
06-30 14:42:31.923 I/WM-WorkerWrapper(24771): Worker result SUCCESS for Work [ id=9017dade-144e-4c17-84bb-5db68632e153, tags={ androidx.glance.session.SessionWorker } ]
06-30 14:42:32.234 D/androidtc(  690): Initializing SystemTextClassifier, type = System
06-30 14:42:32.235 E/ClipboardService(  690): Denying clipboard access to u.sage, application is not in focus nor is it a system service for user 0
06-30 14:42:32.235 E/ClipboardService(  690): Denying clipboard access to com.aiquota.mobile, application is not in focus nor is it a system service for user 0
06-30 14:42:32.235 I/AiAiTextClassifier( 1592): onCreateTextClassificationSession = TextClassificationSessionId {da14432a-a54c-40a8-8675-6a71392a4c47}
06-30 14:42:32.235 E/ClipboardService(  690): Denying clipboard access to com.android.chrome, application is not in focus nor is it a system service for user 0
06-30 14:42:32.236 I/AiAiTranslate( 1592): C2T - not in a conversation
06-30 14:42:32.240 I/AiAiTextClassifier( 1592): GenerateLinks did not find valid links, returning empty result
06-30 14:42:32.240 I/ClipboardListener(  981): Clipboard overlay suppressed.
06-30 14:42:32.241 E/ClipboardService(  690): Denying clipboard access to u.sage, application is not in focus nor is it a system service for user 0
06-30 14:42:32.241 E/ClipboardService(  690): Denying clipboard access to com.aiquota.mobile, application is not in focus nor is it a system service for user 0
06-30 14:42:32.242 E/ClipboardService(  690): Denying clipboard access to com.android.chrome, application is not in focus nor is it a system service for user 0
06-30 14:42:32.246 I/ClipboardListener(  981): Clipboard overlay suppressed.
06-30 14:42:32.247 I/AiAiTextClassifier( 1592): GenerateLinks did not find valid links, returning empty result
06-30 14:42:32.282 I/system_server(  690): Background young concurrent mark compact GC freed 21MB AllocSpace bytes, 5(160KB) LOS objects, 33% free, 43MB/65MB, paused 1.410ms,27.222ms total 47.011ms
06-30 14:42:32.284 I/AiAiTextClassifier( 1592): onDestroyTextClassificationSession = TextClassificationSessionId {e89ff31e-0d9e-40b8-bb52-2d81ecc61e71}
06-30 14:42:32.284 I/AiAiTextClassifier( 1592): onDestroyTextClassificationSession = TextClassificationSessionId {c7486f8f-f3ec-493a-8237-750d798eb506}
06-30 14:42:34.298 I/HalDevMgr(  690): bestIfaceCreationProposal is null, requestIface=STA, existingIface=[name=wlan0 type=STA]
06-30 14:42:34.658 E/Nl80211Native(  690): getChannelsMhzForBand: Wiphy index not recorded for band 8
06-30 14:42:34.658 E/Nl80211Native(  690): getChannelsMhzForBand: Wiphy index not recorded for band 16
06-30 14:42:34.658 D/Nl80211Native(  690): Ignoring unsupported scan type 2
06-30 14:42:34.658 I/Nl80211Proxy(  690): Sending Nl80211 message: GenericNetlinkMsg{ nlHeader{StructNlMsgHdr{ nlmsg_len{56}, nlmsg_type{30()}, nlmsg_flags{5(NLM_F_REQUEST|NLM_F_ACK)}, nlmsg_seq{282}, nlmsg_pid{0} }}, genNlHeader{StructGenNlMsgHdr{ command{33}, version{1}, reserved{0} }}, attributes{[StructNlAttr{ nla_len{8}, nla_type{-32723}, nla_value{04000000}, }, StructNlAttr{ nla_len{8}, nla_type{3}, nla_value{10000000}, }, StructNlAttr{ nla_len{12}, nla_type{-32724}, nla_value{080000008F090000}, }, StructNlAttr{ nla_len{8}, nla_type{158}, nla_value{00000000}, }]} }
06-30 14:42:34.659 I/Nl80211Proxy(  690): Received NLMSG_ERROR with error 0 for message GenericNetlinkMsg{ nlHeader{StructNlMsgHdr{ nlmsg_len{56}, nlmsg_type{30()}, nlmsg_flags{5(NLM_F_REQUEST|NLM_F_ACK)}, nlmsg_seq{282}, nlmsg_pid{0} }}, genNlHeader{StructGenNlMsgHdr{ command{33}, version{1}, reserved{0} }}, attributes{[StructNlAttr{ nla_len{8}, nla_type{-32723}, nla_value{04000000}, }, StructNlAttr{ nla_len{8}, nla_type{3}, nla_value{10000000}, }, StructNlAttr{ nla_len{12}, nla_type{-32724}, nla_value{080000008F090000}, }, StructNlAttr{ nla_len{8}, nla_type{158}, nla_value{00000000}, }]} }
06-30 14:42:34.712 D/WifiNative(  690): Scan result ready event
06-30 14:42:34.713 I/Nl80211Proxy(  690): Sending Nl80211 message: GenericNetlinkMsg{ nlHeader{StructNlMsgHdr{ nlmsg_len{20}, nlmsg_type{30()}, nlmsg_flags{769(NLM_F_REQUEST|NLM_F_DUMP)}, nlmsg_seq{283}, nlmsg_pid{0} }}, genNlHeader{StructGenNlMsgHdr{ command{5}, version{1}, reserved{0} }}, attributes{[]} }
06-30 14:42:34.713 I/Nl80211Proxy(  690): Received NLMSG_DONE for message GenericNetlinkMsg{ nlHeader{StructNlMsgHdr{ nlmsg_len{20}, nlmsg_type{30()}, nlmsg_flags{769(NLM_F_REQUEST|NLM_F_DUMP)}, nlmsg_seq{283}, nlmsg_pid{0} }}, genNlHeader{StructGenNlMsgHdr{ command{5}, version{1}, reserved{0} }}, attributes{[]} }
06-30 14:42:34.713 W/Nl80211Utils(  690): Malformed NEW_INTERFACE response: missing attributes
06-30 14:42:34.713 I/Nl80211Proxy(  690): Sending Nl80211 message: GenericNetlinkMsg{ nlHeader{StructNlMsgHdr{ nlmsg_len{28}, nlmsg_type{30()}, nlmsg_flags{769(NLM_F_REQUEST|NLM_F_DUMP)}, nlmsg_seq{284}, nlmsg_pid{0} }}, genNlHeader{StructGenNlMsgHdr{ command{32}, version{1}, reserved{0} }}, attributes{[StructNlAttr{ nla_len{8}, nla_type{3}, nla_value{10000000}, }]} }
06-30 14:42:34.713 I/Nl80211Proxy(  690): Received NLMSG_DONE for message GenericNetlinkMsg{ nlHeader{StructNlMsgHdr{ nlmsg_len{28}, nlmsg_type{30()}, nlmsg_flags{769(NLM_F_REQUEST|NLM_F_DUMP)}, nlmsg_seq{284}, nlmsg_pid{0} }}, genNlHeader{StructGenNlMsgHdr{ command{32}, version{1}, reserved{0} }}, attributes{[StructNlAttr{ nla_len{8}, nla_type{3}, nla_value{10000000}, }]} }
06-30 14:42:34.714 I/WifiScanner( 1317): onFullResults
06-30 14:42:34.714 I/WifiScanner( 1317): onFullResults
06-30 14:42:34.719 I/HalDevMgr(  690): bestIfaceCreationProposal is null, requestIface=STA, existingIface=[name=wlan0 type=STA]
06-30 14:42:37.303 I/AdbWifiNetworkMonitor(  690): Wi-Fi network available
06-30 14:42:37.303 I/AdbWifiNetworkMonitor(  690): Received the same Wi-Fi SSID. Ignoring.
06-30 14:42:37.306 I/HalDevMgr(  690): bestIfaceCreationProposal is null, requestIface=STA, existingIface=[name=wlan0 type=STA]
06-30 14:42:37.307 I/NullBinder( 1317): NullBinder for android.net.action.RECOMMEND_NETWORKS triggering remote TransactionTooLargeException due to Service without Chimera impl, calling uid: 1000, calling pid: 0
06-30 14:42:37.307 D/WM-WorkConstraintsTrack( 2923): NetworkRequestConstraintController onCapabilitiesChanged callback
06-30 14:42:37.307 W/libbinder.Binder( 1317): Large reply transaction of 1056768 bytes, interface descriptor , function: UNKNOWN_FUNCTION_NAME, code: 1, flags: 17
06-30 14:42:37.308 D/WM-WorkConstraintsTrack( 3977): NetworkRequestConstraintController onCapabilitiesChanged callback
06-30 14:42:37.309 I/BugleRcsEngine( 3867): handleMessage processing message:[NOTIFY_UPTIME_IGNORE_STATE_CHANGED] with [non-null]:RcsEngineImpl reference [CONTEXT log_prefix="RcsEngineImpl[DUAL_REG]:[390448b9-d26f]>Handler" thread_id=69 ]
06-30 14:42:37.310 I/BugleRcsEngine( 3867): Connected state: [1], networkType: [WIFI] [CONTEXT thread_id=65 ]
06-30 14:42:37.310 W/libbinder.IPCThreadState(  690): Sending oneway calls to frozen process.
06-30 14:42:37.310 W/libbinder.IPCThreadState(  690): Sending oneway calls to frozen process.
06-30 14:42:37.311 W/libbinder.IPCThreadState(  690): Sending oneway calls to frozen process.
06-30 14:42:37.311 W/libbinder.IPCThreadState(  690): Sending oneway calls to frozen process.
06-30 14:42:37.311 W/libbinder.IPCThreadState(  690): Sending oneway calls to frozen process.
06-30 14:42:37.313 D/ConnectivityService(  690): NetReassign [no changes] [c 0] [a 1] [i 0]
06-30 14:42:37.314 I/NearbyMediums( 1317): Wifi changed new SSID: "AndroidWifi"
06-30 14:42:37.314 I/NearbyMediums( 1317): WifiLanConnectivityInfo is not changed, skip notify.
06-30 14:42:37.314 I/BugleRcsEngine( 3867): No RCS Configuration was found in Bugle for simID: redacted-pii:sim_id[chars:20,last3:897] [CONTEXT log_prefix="ProvisioningEngineDataRetriever" thread_id=69 ]
06-30 14:42:37.811 I/NearbySharing( 1317): Network state changed: NetworkState(isRestricted=false, isOnline=true, isCongested=false, isMetered=false, isWifiConnected=true)
06-30 14:42:39.532 I/bluetooth( 1096): system/gd/hci/le_address_manager.cc:557 GetNextPrivateAddressIntervalRange: client=LeAddressManager, nonwake=8m46s, wake=13m49s
06-30 14:42:39.536 I/bluetooth( 1096): system/gd/hci/le_address_manager.cc:758 OnCommandComplete: Received command complete with op_code LE_SET_RANDOM_ADDRESS(0x2005)
06-30 14:42:39.536 I/bluetooth( 1096): system/gd/hci/le_address_manager.cc:778 OnCommandComplete: update random address : xx:xx:xx:xx:5e:e3
06-30 14:42:39.536 I/bluetooth( 1096): system/gd/hci/le_address_manager.cc:382 resume_registered_clients: Resuming registered clients
06-30 14:42:39.536 I/bluetooth( 1096): system/gd/hci/le_scanning_manager_impl.cc:774 stop_scan: Scanning already stopped, return. caller=configure_scan
06-30 14:42:39.552 D/SatelliteController( 1128): isInCarrierRoamingNbIotNtn: satellite is disabled
06-30 14:42:39.552 D/SatelliteController( 1128): getCarrierRoamingNtnConnectType: Checking connect type from PLMN config for subId: 1
06-30 14:42:39.552 D/TelephonyConfigUpdateInstallReceiver( 1128): getConfigParser: domain=satellite
06-30 14:42:39.552 V/SatelliteController( 1128): satelliteConfigParser is not ready
06-30 14:42:39.552 D/SatelliteController( 1128): isSatelliteAttachSupportedViaConfigupdater: return null (satelliteConfig is null)
06-30 14:42:39.552 D/SatelliteController( 1128): getSatellitePerPlmnConfiguration: invalid subId or not supported via carrier.
06-30 14:42:39.552 D/SatelliteController( 1128): getCarrierRoamingNtnConnectType: config: null
06-30 14:42:39.552 D/TelephonyConfigUpdateInstallReceiver( 1128): getConfigParser: domain=satellite
06-30 14:42:39.552 V/SatelliteController( 1128): satelliteConfigParser is not ready
06-30 14:42:39.552 D/SatelliteController( 1128): getCarrierRoamingNtnConnectTypeViaConfigUpdater: return null (satelliteConfig is null)
06-30 14:42:39.552 D/SatelliteController( 1128): getCarrierRoamingNtnConnectType: Falling back to global carrier config connect type: 0
06-30 14:42:39.552 D/TelephonyConfigUpdateInstallReceiver( 1128): getConfigParser: domain=satellite
06-30 14:42:39.552 V/SatelliteController( 1128): satelliteConfigParser is not ready
06-30 14:42:39.552 D/SatelliteController( 1128): isSatelliteAttachSupportedViaConfigupdater: return null (satelliteConfig is null)
06-30 14:42:39.553 D/SatelliteController( 1128): getCarrierRoamingNtnConnectType: Checking connect type from PLMN config for subId: 1
06-30 14:42:39.553 D/TelephonyConfigUpdateInstallReceiver( 1128): getConfigParser: domain=satellite
06-30 14:42:39.553 V/SatelliteController( 1128): satelliteConfigParser is not ready
06-30 14:42:39.553 D/SatelliteController( 1128): isSatelliteAttachSupportedViaConfigupdater: return null (satelliteConfig is null)
06-30 14:42:39.554 D/SatelliteController( 1128): getSatellitePerPlmnConfiguration: invalid subId or not supported via carrier.
06-30 14:42:39.554 D/SatelliteController( 1128): getCarrierRoamingNtnConnectType: config: null
06-30 14:42:39.554 D/TelephonyConfigUpdateInstallReceiver( 1128): getConfigParser: domain=satellite
06-30 14:42:39.554 V/SatelliteController( 1128): satelliteConfigParser is not ready
06-30 14:42:39.554 D/SatelliteController( 1128): getCarrierRoamingNtnConnectTypeViaConfigUpdater: return null (satelliteConfig is null)
06-30 14:42:39.554 D/SatelliteController( 1128): getCarrierRoamingNtnConnectType: Falling back to global carrier config connect type: 0
06-30 14:42:39.554 D/TelephonyConfigUpdateInstallReceiver( 1128): getConfigParser: domain=satellite
06-30 14:42:39.554 V/SatelliteController( 1128): satelliteConfigParser is not ready
06-30 14:42:39.554 D/SatelliteController( 1128): isSatelliteAttachSupportedViaConfigupdater: return null (satelliteConfig is null)
06-30 14:42:40.313 I/HalDevMgr(  690): bestIfaceCreationProposal is null, requestIface=STA, existingIface=[name=wlan0 type=STA]
06-30 14:42:40.582 I/adbd    (  539): adbd service requested 'shell,v2,raw:dumpsys package com.google.android.gms'
06-30 14:42:40.721 I/artd    ( 3273): GetBestInfo: odex next to the dex file (/data/app/~~pUpe9D-hsv0lOCLmNQJGyA==/com.google.android.gms-a0e_AySruvvgbDhYG8Z6yQ==/oat/x86_64/base.odex) is kOatUpToDate with filter 'speed-profile' executable 'false'
06-30 14:42:40.722 I/artd    ( 3273): GetBestInfo: dm (/data/app/~~pUpe9D-hsv0lOCLmNQJGyA==/com.google.android.gms-a0e_AySruvvgbDhYG8Z6yQ==/split_AdsDynamite_installtime.dm) is kOatUpToDate with filter 'verify' executable 'false'
06-30 14:42:40.724 I/artd    ( 3273): GetBestInfo: odex next to the dex file (/data/app/~~pUpe9D-hsv0lOCLmNQJGyA==/com.google.android.gms-a0e_AySruvvgbDhYG8Z6yQ==/oat/x86_64/split_CronetDynamite_installtime.odex) is kOatUpToDate with filter 'speed-profile' executable 'false'
06-30 14:42:40.725 I/artd    ( 3273): GetBestInfo: dm (/data/app/~~pUpe9D-hsv0lOCLmNQJGyA==/com.google.android.gms-a0e_AySruvvgbDhYG8Z6yQ==/split_DynamiteLoader_installtime.dm) is kOatUpToDate with filter 'verify' executable 'false'
06-30 14:42:40.727 I/artd    ( 3273): GetBestInfo: dm (/data/app/~~pUpe9D-hsv0lOCLmNQJGyA==/com.google.android.gms-a0e_AySruvvgbDhYG8Z6yQ==/split_DynamiteModulesA_installtime.dm) is kOatUpToDate with filter 'verify' executable 'false'
06-30 14:42:40.728 I/artd    ( 3273): GetBestInfo: dm (/data/app/~~pUpe9D-hsv0lOCLmNQJGyA==/com.google.android.gms-a0e_AySruvvgbDhYG8Z6yQ==/split_DynamiteModulesC_installtime.dm) is kOatUpToDate with filter 'verify' executable 'false'
06-30 14:42:40.729 I/artd    ( 3273): GetBestInfo: dm (/data/app/~~pUpe9D-hsv0lOCLmNQJGyA==/com.google.android.gms-a0e_AySruvvgbDhYG8Z6yQ==/split_GoogleCertificates_installtime.dm) is kOatUpToDate with filter 'verify' executable 'false'
06-30 14:42:40.730 I/artd    ( 3273): GetBestInfo: dm (/data/app/~~pUpe9D-hsv0lOCLmNQJGyA==/com.google.android.gms-a0e_AySruvvgbDhYG8Z6yQ==/split_MapsDynamite_installtime.dm) is kOatUpToDate with filter 'verify' executable 'false'
06-30 14:42:40.732 I/artd    ( 3273): GetBestInfo: dm (/data/app/~~pUpe9D-hsv0lOCLmNQJGyA==/com.google.android.gms-a0e_AySruvvgbDhYG8Z6yQ==/split_MeasurementDynamite_installtime.dm) is kOatUpToDate with filter 'verify' executable 'false'
06-30 14:42:40.732 I/artd    ( 3273): GetBestInfo: /data/user_de/0/com.google.android.gms/app_chimera/m/0000000e/dl-IdentityCredentialsPlatform.optional_262031100800.apk has no usable artifacts
06-30 14:42:40.733 I/artd    ( 3273): GetBestInfo: /data/user_de/0/com.google.android.gms/app_chimera/m/00000001/CronetDynamite.apk has no usable artifacts
06-30 14:42:40.734 I/artd    ( 3273): GetBestInfo: /data/user_de/0/com.google.android.gms/app_chimera/m/00000013/dl-TfliteDynamiteDynamite.integ_252130102100800.apk has no usable artifacts
06-30 14:42:40.735 I/artd    ( 3273): GetBestInfo: /data/user_de/0/com.google.android.gms/app_chimera/m/00000002/DynamiteLoader.apk has no usable artifacts
06-30 14:42:40.736 I/artd    ( 3273): GetBestInfo: /data/user_de/0/com.google.android.gms/app_chimera/m/0000000c/dl-IdentityCredentialsPlatform.optional_261136100800.apk has no usable artifacts
06-30 14:42:40.737 I/artd    ( 3273): GetBestInfo: /data/user_de/0/com.google.android.gms/app_chimera/m/00000005/GoogleCertificates.apk has no usable artifacts
06-30 14:42:40.739 I/artd    ( 3273): GetBestInfo: /data/user_de/0/com.google.android.gms/app_chimera/m/0000000a/dl-TfliteDynamiteDynamite.integ_260580502100800.apk has no usable artifacts
06-30 14:42:40.740 I/artd    ( 3273): GetBestInfo: /data/user_de/0/com.google.android.gms/app_chimera/m/00000016/dl-PlayCloudSearch.optional_262031100000.apk has no usable artifacts
06-30 14:42:40.741 I/artd    ( 3273): GetBestInfo: /data/user_de/0/com.google.android.gms/app_chimera/m/00000014/dl-MlkitOcrCommon.optional_262031100800.apk has no usable artifacts
06-30 14:42:40.742 I/artd    ( 3273): GetBestInfo: /data/user_de/0/com.google.android.gms/app_chimera/m/00000008/dl-VisionOcr.optional_261136100000.apk has no usable artifacts
06-30 14:42:40.744 I/artd    ( 3273): GetBestInfo: /data/user_de/0/com.google.android.gms/app_chimera/m/00000010/dl-Appsearch.optional_262031100800.apk has no usable artifacts
06-30 14:42:40.745 I/artd    ( 3273): GetBestInfo: /data/user_de/0/com.google.android.gms/app_chimera/m/0000000b/dl-Appsearch.optional_261136100800.apk has no usable artifacts
06-30 14:42:40.746 I/artd    ( 3273): GetBestInfo: vdex next to the dex file (/data/user/0/com.google.android.gms/app_dg_cache/9BCBC14EE674B00B958D4B0C5B4BD883630AA39E/oat/x86_64/the.vdex) is kOatUpToDate with filter 'verify' executable 'false'
06-30 14:42:40.748 I/artd    ( 3273): GetBestInfo: /data/user_de/0/com.google.android.gms/app_chimera/m/00000009/dl-MlkitOcrCommon.optional_261136100800.apk has no usable artifacts
06-30 14:42:40.749 I/artd    ( 3273): GetBestInfo: /data/user/0/com.google.android.gms/app_dg_cache/22DA9D7AD8ED7504E0CAC64C41ECDBD7068924E0/the.apk has no usable artifacts
06-30 14:42:40.750 I/artd    ( 3273): GetBestInfo: vdex next to the dex file (/data/user/0/com.google.android.gms/app_dg_cache/FEE57AEA14526BE59FD8AB1365237E7B7A5CE7CB/oat/x86_64/the.vdex) is kOatUpToDate with filter 'verify' executable 'false'
06-30 14:42:40.752 I/artd    ( 3273): GetBestInfo: vdex next to the dex file (/data/user/0/com.google.android.gms/app_dg_cache/1C62BDE86218FBAA50DF06C4A79F5C3FE74B69EC/oat/x86_64/the.vdex) is kOatUpToDate with filter 'verify' executable 'false'
06-30 14:42:40.753 I/artd    ( 3273): GetBestInfo: /data/user_de/0/com.google.android.gms/app_chimera/m/0000000f/dl-VisionOcr.optional_262031100000.apk has no usable artifacts
06-30 14:42:40.754 I/artd    ( 3273): GetBestInfo: /data/user_de/0/com.google.android.gms/app_chimera/m/00000015/dl-MlkitBarcodeUi.optional_262031100800.apk has no usable artifacts
06-30 14:42:40.756 I/artd    ( 3273): GetBestInfo: /data/user_de/0/com.google.android.gms/app_chimera/m/00000007/MeasurementDynamite.apk has no usable artifacts
06-30 14:42:42.998 I/wpa_supplicant(  961): wlan0: CTRL-EVENT-BEACON-LOSS 
06-30 14:42:43.316 I/AdbWifiNetworkMonitor(  690): Wi-Fi network available
06-30 14:42:43.316 I/AdbWifiNetworkMonitor(  690): Received the same Wi-Fi SSID. Ignoring.
06-30 14:42:43.318 I/HalDevMgr(  690): bestIfaceCreationProposal is null, requestIface=STA, existingIface=[name=wlan0 type=STA]
06-30 14:42:43.319 D/WM-WorkConstraintsTrack( 2923): NetworkRequestConstraintController onCapabilitiesChanged callback
06-30 14:42:43.321 W/libbinder.IPCThreadState(  690): Sending oneway calls to frozen process.
06-30 14:42:43.321 W/libbinder.IPCThreadState(  690): Sending oneway calls to frozen process.
06-30 14:42:43.321 I/BugleRcsEngine( 3867): handleMessage processing message:[NOTIFY_UPTIME_IGNORE_STATE_CHANGED] with [non-null]:RcsEngineImpl reference [CONTEXT log_prefix="RcsEngineImpl[DUAL_REG]:[390448b9-d26f]>Handler" thread_id=69 ]
06-30 14:42:43.321 I/BugleRcsEngine( 3867): Connected state: [1], networkType: [WIFI] [CONTEXT thread_id=65 ]
06-30 14:42:43.321 I/NullBinder( 1317): NullBinder for android.net.action.RECOMMEND_NETWORKS triggering remote TransactionTooLargeException due to Service without Chimera impl, calling uid: 1000, calling pid: 0
06-30 14:42:43.321 W/libbinder.IPCThreadState(  690): Sending oneway calls to frozen process.
06-30 14:42:43.321 W/libbinder.Binder( 1317): Large reply transaction of 1056768 bytes, interface descriptor , function: UNKNOWN_FUNCTION_NAME, code: 1, flags: 17
06-30 14:42:43.321 W/libbinder.IPCThreadState(  690): Sending oneway calls to frozen process.
06-30 14:42:43.321 W/libbinder.IPCThreadState(  690): Sending oneway calls to frozen process.
06-30 14:42:43.323 D/WM-WorkConstraintsTrack( 3977): NetworkRequestConstraintController onCapabilitiesChanged callback
06-30 14:42:43.324 D/ConnectivityService(  690): NetReassign [no changes] [c 0] [a 2] [i 0]
06-30 14:42:43.324 I/NearbyMediums( 1317): Wifi changed new SSID: "AndroidWifi"
06-30 14:42:43.324 I/NearbyMediums( 1317): WifiLanConnectivityInfo is not changed, skip notify.
06-30 14:42:43.325 I/BugleRcsEngine( 3867): No RCS Configuration was found in Bugle for simID: redacted-pii:sim_id[chars:20,last3:897] [CONTEXT log_prefix="ProvisioningEngineDataRetriever" thread_id=69 ]
06-30 14:42:43.822 I/NearbySharing( 1317): Network state changed: NetworkState(isRestricted=false, isOnline=true, isCongested=false, isMetered=false, isWifiConnected=true)
06-30 14:42:44.603 D/AIQuotaBgRefreshService(24771): cycleStart providers=gemini
06-30 14:42:44.801 I/AIQuotaDebugCookie(24771): provider=gemini debugCookieRestore=true reason=background_collection source=external urlCount=7 cookieCount=193
06-30 14:42:44.802 D/AIQuotaBgRefreshService(24771): load provider=gemini start= warmUp=false request=3
06-30 14:42:44.844 D/AIQuotaBgRefreshService(24771): inject provider=gemini url=
06-30 14:42:44.846 D/AIQuotaBgRefreshService(24771): pageFinished provider=gemini url=
06-30 14:42:44.858 I/AIQuotaDebugCookie(24771): provider=gemini debugCookieHeaderRestore=true source=external url=https://gemini.google.com
06-30 14:42:45.036 D/AIQuotaGeminiUsageRpc(24771): geminiUsagePageHtml status=200 payloadBytes=25284
06-30 14:42:45.036 D/AIQuotaNativeUsage(24771): nativeUsage provider=gemini ok=false diagnostic=gemini_usage_page_rpc_params_unavailable statuses=gemini_usage_page_html:200
06-30 14:42:45.039 D/AIQuotaBgRefreshService(24771): collectorError provider=gemini errorKind=gemini_usage_page_rpc_params_unavailable retry=0 url= summary=root=provider|errorKind|message,provider=gemini,collectorMode=none,lineCount=0,hasUsage=false,hasData=false,hasError=true
06-30 14:42:45.039 D/AIQuotaBgRefreshService(24771): outcome provider=gemini type=Failure
06-30 14:42:45.040 W/AIQuotaBgRefreshService(24771): failure provider=gemini kind=COLLECTOR_ERROR message=Background collector failed: gemini_usage_page_rpc_params_unavailable
06-30 14:42:45.058 I/AIQuotaDebugCookie(24771): provider=gemini debugCookieSnapshot=true reason=background_webview_non_auth_failure urlCount=7 cookieCount=7 nativeAuthContextCount=0 nativeAuthHeaderCount=0
06-30 14:42:46.325 I/AdbWifiNetworkMonitor(  690): Wi-Fi network available
06-30 14:42:46.325 I/AdbWifiNetworkMonitor(  690): Received the same Wi-Fi SSID. Ignoring.
06-30 14:42:46.327 I/HalDevMgr(  690): bestIfaceCreationProposal is null, requestIface=STA, existingIface=[name=wlan0 type=STA]
06-30 14:42:46.328 D/WM-WorkConstraintsTrack( 2923): NetworkRequestConstraintController onCapabilitiesChanged callback
06-30 14:42:46.329 I/NullBinder( 1317): NullBinder for android.net.action.RECOMMEND_NETWORKS triggering remote TransactionTooLargeException due to Service without Chimera impl, calling uid: 1000, calling pid: 0
06-30 14:42:46.329 W/libbinder.Binder( 1317): Large reply transaction of 1056768 bytes, interface descriptor , function: UNKNOWN_FUNCTION_NAME, code: 1, flags: 17
06-30 14:42:46.330 I/BugleRcsEngine( 3867): handleMessage processing message:[NOTIFY_UPTIME_IGNORE_STATE_CHANGED] with [non-null]:RcsEngineImpl reference [CONTEXT log_prefix="RcsEngineImpl[DUAL_REG]:[390448b9-d26f]>Handler" thread_id=69 ]
06-30 14:42:46.330 D/WM-WorkConstraintsTrack( 3977): NetworkRequestConstraintController onCapabilitiesChanged callback
06-30 14:42:46.330 W/libbinder.IPCThreadState(  690): Sending oneway calls to frozen process.
06-30 14:42:46.330 W/libbinder.IPCThreadState(  690): Sending oneway calls to frozen process.
06-30 14:42:46.331 I/BugleRcsEngine( 3867): Connected state: [1], networkType: [WIFI] [CONTEXT thread_id=65 ]
06-30 14:42:46.331 W/libbinder.IPCThreadState(  690): Sending oneway calls to frozen process.
06-30 14:42:46.331 W/libbinder.IPCThreadState(  690): Sending oneway calls to frozen process.
06-30 14:42:46.331 W/libbinder.IPCThreadState(  690): Sending oneway calls to frozen process.
06-30 14:42:46.335 D/ConnectivityService(  690): NetReassign [no changes] [c 0] [a 1] [i 0]
06-30 14:42:46.335 D/IpClient/wlan0( 1083): interfaceLinkStateChanged: ifindex 16 up
06-30 14:42:46.335 I/NearbyMediums( 1317): Wifi changed new SSID: "AndroidWifi"
06-30 14:42:46.335 I/NearbyMediums( 1317): WifiLanConnectivityInfo is not changed, skip notify.
06-30 14:42:46.337 I/BugleRcsEngine( 3867): No RCS Configuration was found in Bugle for simID: redacted-pii:sim_id[chars:20,last3:897] [CONTEXT log_prefix="ProvisioningEngineDataRetriever" thread_id=69 ]
06-30 14:42:46.341 D/IpClient/wlan0( 1083): interfaceLinkStateChanged: ifindex 16 up
06-30 14:42:46.633 D/AppWidgetServiceImpl(  690): Trying to notify widget update for package com.aiquota.mobile with widget id: 22
06-30 14:42:46.642 W/JobInfo (24771): Requested important-while-foreground flag for job26 is ignored and takes no effect
06-30 14:42:46.650 D/AppWidgetServiceImpl(  690): Trying to notify widget update for package com.aiquota.mobile with widget id: 24
06-30 14:42:46.651 D/AppWidgetServiceImpl(  690): Trying to notify widget update for package com.aiquota.mobile with widget id: 20
06-30 14:42:46.651 D/AppWidgetServiceImpl(  690): Trying to notify widget update for package com.aiquota.mobile with widget id: 21
06-30 14:42:46.673 W/skia    (  527): AGTM parsing failed flags.readFromStream(s) at 159
06-30 14:42:46.673 W/skia    (  527): AGTM parsing failed flags.readFromStream(s) at 159
06-30 14:42:46.830 I/NearbySharing( 1317): Network state changed: NetworkState(isRestricted=false, isOnline=true, isCongested=false, isMetered=false, isWifiConnected=true)
06-30 14:42:46.835 W/AiAiEcho( 1592): LyftNotificationParser Ridesharing ETA not enabled
06-30 14:42:46.836 I/AiAiEcho( 1592): SmartspaceNotificationPredictor no parser can handle this notification or notification is invalid
06-30 14:42:46.921 D/AppWidgetServiceImpl(  690): Trying to notify widget update for package com.aiquota.mobile with widget id: 17
06-30 14:42:46.935 D/ShortcutAndWidgetContainer( 2807): appWidgetScale - [x,y]: [1.0,1.0]
06-30 14:42:46.935 D/NavigableAppWidgetHostView( 2807): updateScale - [fitScale,bounceScale]: [1.0,1.0]
06-30 14:42:46.935 D/ShortcutAndWidgetContainer( 2807): appWidgetScale - [x,y]: [1.0,1.0]
06-30 14:42:46.935 D/NavigableAppWidgetHostView( 2807): updateScale - [fitScale,bounceScale]: [1.0,1.0]
06-30 14:42:46.935 D/ShortcutAndWidgetContainer( 2807): appWidgetScale - [x,y]: [1.0,1.0]
06-30 14:42:46.935 D/NavigableAppWidgetHostView( 2807): updateScale - [fitScale,bounceScale]: [1.0,1.0]
06-30 14:42:46.935 D/ShortcutAndWidgetContainer( 2807): appWidgetScale - [x,y]: [1.0,1.0]
06-30 14:42:46.935 D/NavigableAppWidgetHostView( 2807): updateScale - [fitScale,bounceScale]: [1.0,1.0]
06-30 14:42:46.959 W/skia    (  527): AGTM parsing failed flags.readFromStream(s) at 159
06-30 14:42:46.959 W/skia    (  527): AGTM parsing failed flags.readFromStream(s) at 159
06-30 14:42:47.061 W/skia    (  527): AGTM parsing failed flags.readFromStream(s) at 159
06-30 14:42:47.061 W/skia    (  527): AGTM parsing failed flags.readFromStream(s) at 159
06-30 14:42:47.162 W/skia    (  527): AGTM parsing failed flags.readFromStream(s) at 159
06-30 14:42:47.162 W/skia    (  527): AGTM parsing failed flags.readFromStream(s) at 159
06-30 14:42:49.335 I/HalDevMgr(  690): bestIfaceCreationProposal is null, requestIface=STA, existingIface=[name=wlan0 type=STA]
06-30 14:42:49.552 D/SatelliteController( 1128): isInCarrierRoamingNbIotNtn: satellite is disabled
06-30 14:42:49.552 D/SatelliteController( 1128): getCarrierRoamingNtnConnectType: Checking connect type from PLMN config for subId: 1
06-30 14:42:49.552 D/TelephonyConfigUpdateInstallReceiver( 1128): getConfigParser: domain=satellite
06-30 14:42:49.552 V/SatelliteController( 1128): satelliteConfigParser is not ready
06-30 14:42:49.552 D/SatelliteController( 1128): isSatelliteAttachSupportedViaConfigupdater: return null (satelliteConfig is null)
06-30 14:42:49.552 D/SatelliteController( 1128): getSatellitePerPlmnConfiguration: invalid subId or not supported via carrier.
06-30 14:42:49.552 D/SatelliteController( 1128): getCarrierRoamingNtnConnectType: config: null
06-30 14:42:49.552 D/TelephonyConfigUpdateInstallReceiver( 1128): getConfigParser: domain=satellite
06-30 14:42:49.552 V/SatelliteController( 1128): satelliteConfigParser is not ready
06-30 14:42:49.552 D/SatelliteController( 1128): getCarrierRoamingNtnConnectTypeViaConfigUpdater: return null (satelliteConfig is null)
06-30 14:42:49.553 D/SatelliteController( 1128): getCarrierRoamingNtnConnectType: Falling back to global carrier config connect type: 0
06-30 14:42:49.553 D/TelephonyConfigUpdateInstallReceiver( 1128): getConfigParser: domain=satellite
06-30 14:42:49.553 V/SatelliteController( 1128): satelliteConfigParser is not ready
06-30 14:42:49.553 D/SatelliteController( 1128): isSatelliteAttachSupportedViaConfigupdater: return null (satelliteConfig is null)
06-30 14:42:49.553 D/SatelliteController( 1128): getCarrierRoamingNtnConnectType: Checking connect type from PLMN config for subId: 1
06-30 14:42:49.553 D/TelephonyConfigUpdateInstallReceiver( 1128): getConfigParser: domain=satellite
06-30 14:42:49.553 V/SatelliteController( 1128): satelliteConfigParser is not ready
06-30 14:42:49.553 D/SatelliteController( 1128): isSatelliteAttachSupportedViaConfigupdater: return null (satelliteConfig is null)
06-30 14:42:49.553 D/SatelliteController( 1128): getSatellitePerPlmnConfiguration: invalid subId or not supported via carrier.
06-30 14:42:49.554 D/SatelliteController( 1128): getCarrierRoamingNtnConnectType: config: null
06-30 14:42:49.554 D/TelephonyConfigUpdateInstallReceiver( 1128): getConfigParser: domain=satellite
06-30 14:42:49.554 V/SatelliteController( 1128): satelliteConfigParser is not ready
06-30 14:42:49.554 D/SatelliteController( 1128): getCarrierRoamingNtnConnectTypeViaConfigUpdater: return null (satelliteConfig is null)
06-30 14:42:49.554 D/SatelliteController( 1128): getCarrierRoamingNtnConnectType: Falling back to global carrier config connect type: 0
06-30 14:42:49.555 D/TelephonyConfigUpdateInstallReceiver( 1128): getConfigParser: domain=satellite
06-30 14:42:49.555 V/SatelliteController( 1128): satelliteConfigParser is not ready
06-30 14:42:49.555 D/SatelliteController( 1128): isSatelliteAttachSupportedViaConfigupdater: return null (satelliteConfig is null)
06-30 14:42:49.596 W/skia    (  527): AGTM parsing failed flags.readFromStream(s) at 159
06-30 14:42:49.596 W/skia    (  527): AGTM parsing failed flags.readFromStream(s) at 159
06-30 14:42:50.589 I/adbd    (  539): adbd service requested 'shell,v2,raw:dumpsys package com.google.android.gms'
06-30 14:42:50.742 I/artd    ( 3273): GetBestInfo: odex next to the dex file (/data/app/~~pUpe9D-hsv0lOCLmNQJGyA==/com.google.android.gms-a0e_AySruvvgbDhYG8Z6yQ==/oat/x86_64/base.odex) is kOatUpToDate with filter 'speed-profile' executable 'false'
06-30 14:42:50.745 I/artd    ( 3273): GetBestInfo: dm (/data/app/~~pUpe9D-hsv0lOCLmNQJGyA==/com.google.android.gms-a0e_AySruvvgbDhYG8Z6yQ==/split_AdsDynamite_installtime.dm) is kOatUpToDate with filter 'verify' executable 'false'
06-30 14:42:50.746 I/artd    ( 3273): GetBestInfo: odex next to the dex file (/data/app/~~pUpe9D-hsv0lOCLmNQJGyA==/com.google.android.gms-a0e_AySruvvgbDhYG8Z6yQ==/oat/x86_64/split_CronetDynamite_installtime.odex) is kOatUpToDate with filter 'speed-profile' executable 'false'
06-30 14:42:50.748 I/artd    ( 3273): GetBestInfo: dm (/data/app/~~pUpe9D-hsv0lOCLmNQJGyA==/com.google.android.gms-a0e_AySruvvgbDhYG8Z6yQ==/split_DynamiteLoader_installtime.dm) is kOatUpToDate with filter 'verify' executable 'false'
06-30 14:42:50.750 I/artd    ( 3273): GetBestInfo: dm (/data/app/~~pUpe9D-hsv0lOCLmNQJGyA==/com.google.android.gms-a0e_AySruvvgbDhYG8Z6yQ==/split_DynamiteModulesA_installtime.dm) is kOatUpToDate with filter 'verify' executable 'false'
06-30 14:42:50.751 I/artd    ( 3273): GetBestInfo: dm (/data/app/~~pUpe9D-hsv0lOCLmNQJGyA==/com.google.android.gms-a0e_AySruvvgbDhYG8Z6yQ==/split_DynamiteModulesC_installtime.dm) is kOatUpToDate with filter 'verify' executable 'false'
06-30 14:42:50.752 I/artd    ( 3273): GetBestInfo: dm (/data/app/~~pUpe9D-hsv0lOCLmNQJGyA==/com.google.android.gms-a0e_AySruvvgbDhYG8Z6yQ==/split_GoogleCertificates_installtime.dm) is kOatUpToDate with filter 'verify' executable 'false'
06-30 14:42:50.754 I/artd    ( 3273): GetBestInfo: dm (/data/app/~~pUpe9D-hsv0lOCLmNQJGyA==/com.google.android.gms-a0e_AySruvvgbDhYG8Z6yQ==/split_MapsDynamite_installtime.dm) is kOatUpToDate with filter 'verify' executable 'false'
06-30 14:42:50.755 I/artd    ( 3273): GetBestInfo: dm (/data/app/~~pUpe9D-hsv0lOCLmNQJGyA==/com.google.android.gms-a0e_AySruvvgbDhYG8Z6yQ==/split_MeasurementDynamite_installtime.dm) is kOatUpToDate with filter 'verify' executable 'false'
06-30 14:42:50.756 I/artd    ( 3273): GetBestInfo: /data/user_de/0/com.google.android.gms/app_chimera/m/0000000e/dl-IdentityCredentialsPlatform.optional_262031100800.apk has no usable artifacts
06-30 14:42:50.757 I/artd    ( 3273): GetBestInfo: /data/user_de/0/com.google.android.gms/app_chimera/m/00000001/CronetDynamite.apk has no usable artifacts
06-30 14:42:50.758 I/artd    ( 3273): GetBestInfo: /data/user_de/0/com.google.android.gms/app_chimera/m/00000013/dl-TfliteDynamiteDynamite.integ_252130102100800.apk has no usable artifacts
06-30 14:42:50.759 I/artd    ( 3273): GetBestInfo: /data/user_de/0/com.google.android.gms/app_chimera/m/00000002/DynamiteLoader.apk has no usable artifacts
06-30 14:42:50.761 I/artd    ( 3273): GetBestInfo: /data/user_de/0/com.google.android.gms/app_chimera/m/0000000c/dl-IdentityCredentialsPlatform.optional_261136100800.apk has no usable artifacts
06-30 14:42:50.762 I/artd    ( 3273): GetBestInfo: /data/user_de/0/com.google.android.gms/app_chimera/m/00000005/GoogleCertificates.apk has no usable artifacts
06-30 14:42:50.763 I/artd    ( 3273): GetBestInfo: /data/user_de/0/com.google.android.gms/app_chimera/m/0000000a/dl-TfliteDynamiteDynamite.integ_260580502100800.apk has no usable artifacts
06-30 14:42:50.765 I/artd    ( 3273): GetBestInfo: /data/user_de/0/com.google.android.gms/app_chimera/m/00000016/dl-PlayCloudSearch.optional_262031100000.apk has no usable artifacts
06-30 14:42:50.766 I/artd    ( 3273): GetBestInfo: /data/user_de/0/com.google.android.gms/app_chimera/m/00000014/dl-MlkitOcrCommon.optional_262031100800.apk has no usable artifacts
06-30 14:42:50.767 I/artd    ( 3273): GetBestInfo: /data/user_de/0/com.google.android.gms/app_chimera/m/00000008/dl-VisionOcr.optional_261136100000.apk has no usable artifacts
06-30 14:42:50.769 I/artd    ( 3273): GetBestInfo: /data/user_de/0/com.google.android.gms/app_chimera/m/00000010/dl-Appsearch.optional_262031100800.apk has no usable artifacts
06-30 14:42:50.770 I/artd    ( 3273): GetBestInfo: /data/user_de/0/com.google.android.gms/app_chimera/m/0000000b/dl-Appsearch.optional_261136100800.apk has no usable artifacts
06-30 14:42:50.772 I/artd    ( 3273): GetBestInfo: vdex next to the dex file (/data/user/0/com.google.android.gms/app_dg_cache/9BCBC14EE674B00B958D4B0C5B4BD883630AA39E/oat/x86_64/the.vdex) is kOatUpToDate with filter 'verify' executable 'false'
06-30 14:42:50.773 I/artd    ( 3273): GetBestInfo: /data/user_de/0/com.google.android.gms/app_chimera/m/00000009/dl-MlkitOcrCommon.optional_261136100800.apk has no usable artifacts
06-30 14:42:50.774 I/artd    ( 3273): GetBestInfo: /data/user/0/com.google.android.gms/app_dg_cache/22DA9D7AD8ED7504E0CAC64C41ECDBD7068924E0/the.apk has no usable artifacts
06-30 14:42:50.775 I/artd    ( 3273): GetBestInfo: vdex next to the dex file (/data/user/0/com.google.android.gms/app_dg_cache/FEE57AEA14526BE59FD8AB1365237E7B7A5CE7CB/oat/x86_64/the.vdex) is kOatUpToDate with filter 'verify' executable 'false'
06-30 14:42:50.778 I/artd    ( 3273): GetBestInfo: vdex next to the dex file (/data/user/0/com.google.android.gms/app_dg_cache/1C62BDE86218FBAA50DF06C4A79F5C3FE74B69EC/oat/x86_64/the.vdex) is kOatUpToDate with filter 'verify' executable 'false'
06-30 14:42:50.779 I/artd    ( 3273): GetBestInfo: /data/user_de/0/com.google.android.gms/app_chimera/m/0000000f/dl-VisionOcr.optional_262031100000.apk has no usable artifacts
06-30 14:42:50.780 I/artd    ( 3273): GetBestInfo: /data/user_de/0/com.google.android.gms/app_chimera/m/00000015/dl-MlkitBarcodeUi.optional_262031100800.apk has no usable artifacts
06-30 14:42:50.781 I/artd    ( 3273): GetBestInfo: /data/user_de/0/com.google.android.gms/app_chimera/m/00000007/MeasurementDynamite.apk has no usable artifacts
06-30 14:42:50.934 I/wpa_supplicant(  961): wlan0: CTRL-EVENT-BEACON-LOSS 
06-30 14:42:52.341 I/AdbWifiNetworkMonitor(  690): Wi-Fi network available
06-30 14:42:52.341 I/AdbWifiNetworkMonitor(  690): Received the same Wi-Fi SSID. Ignoring.
06-30 14:42:52.346 I/HalDevMgr(  690): bestIfaceCreationProposal is null, requestIface=STA, existingIface=[name=wlan0 type=STA]
06-30 14:42:52.347 D/WM-WorkConstraintsTrack( 3977): NetworkRequestConstraintController onCapabilitiesChanged callback
06-30 14:42:52.348 D/WM-WorkConstraintsTrack( 2923): NetworkRequestConstraintController onCapabilitiesChanged callback
06-30 14:42:52.349 I/BugleRcsEngine( 3867): handleMessage processing message:[NOTIFY_UPTIME_IGNORE_STATE_CHANGED] with [non-null]:RcsEngineImpl reference [CONTEXT log_prefix="RcsEngineImpl[DUAL_REG]:[390448b9-d26f]>Handler" thread_id=69 ]
06-30 14:42:52.350 I/BugleRcsEngine( 3867): Connected state: [1], networkType: [WIFI] [CONTEXT thread_id=65 ]
06-30 14:42:52.351 W/libbinder.IPCThreadState(  690): Sending oneway calls to frozen process.
06-30 14:42:52.351 W/libbinder.IPCThreadState(  690): Sending oneway calls to frozen process.
06-30 14:42:52.351 W/libbinder.IPCThreadState(  690): Sending oneway calls to frozen process.
06-30 14:42:52.351 W/libbinder.IPCThreadState(  690): Sending oneway calls to frozen process.
06-30 14:42:52.351 W/libbinder.IPCThreadState(  690): Sending oneway calls to frozen process.
06-30 14:42:52.352 I/NullBinder( 1317): NullBinder for android.net.action.RECOMMEND_NETWORKS triggering remote TransactionTooLargeException due to Service without Chimera impl, calling uid: 1000, calling pid: 0
06-30 14:42:52.352 W/libbinder.Binder( 1317): Large reply transaction of 1056768 bytes, interface descriptor , function: UNKNOWN_FUNCTION_NAME, code: 1, flags: 17
06-30 14:42:52.353 D/IpClient/wlan0( 1083): interfaceLinkStateChanged: ifindex 16 up
06-30 14:42:52.357 D/ConnectivityService(  690): NetReassign [no changes] [c 0] [a 5] [i 1]
06-30 14:42:52.358 D/IpClient/wlan0( 1083): interfaceLinkStateChanged: ifindex 16 up
06-30 14:42:52.358 I/NearbyMediums( 1317): Wifi changed new SSID: "AndroidWifi"
06-30 14:42:52.358 I/NearbyMediums( 1317): WifiLanConnectivityInfo is not changed, skip notify.
06-30 14:42:52.359 I/BugleRcsEngine( 3867): No RCS Configuration was found in Bugle for simID: redacted-pii:sim_id[chars:20,last3:897] [CONTEXT log_prefix="ProvisioningEngineDataRetriever" thread_id=69 ]
06-30 14:42:52.851 I/NearbySharing( 1317): Network state changed: NetworkState(isRestricted=false, isOnline=true, isCongested=false, isMetered=false, isWifiConnected=true)
06-30 14:42:55.059 I/keystore2(  331): system/security/keystore2/watchdog/src/lib.rs:371 - Watchdog thread idle -> terminating. Have a great day.
06-30 14:42:55.354 I/HalDevMgr(  690): bestIfaceCreationProposal is null, requestIface=STA, existingIface=[name=wlan0 type=STA]
06-30 14:42:58.361 I/HalDevMgr(  690): bestIfaceCreationProposal is null, requestIface=STA, existingIface=[name=wlan0 type=STA]
06-30 14:42:58.364 D/IpClient/wlan0( 1083): interfaceLinkStateChanged: ifindex 16 up
06-30 14:42:58.368 D/IpClient/wlan0( 1083): interfaceLinkStateChanged: ifindex 16 up
06-30 14:42:58.835 D/androidtc(  690): Initializing SystemTextClassifier, type = System
06-30 14:42:58.836 E/ClipboardService(  690): Denying clipboard access to u.sage, application is not in focus nor is it a system service for user 0
06-30 14:42:58.836 E/ClipboardService(  690): Denying clipboard access to com.aiquota.mobile, application is not in focus nor is it a system service for user 0
06-30 14:42:58.836 E/ClipboardService(  690): Denying clipboard access to com.android.chrome, application is not in focus nor is it a system service for user 0
06-30 14:42:58.836 I/AiAiTextClassifier( 1592): onCreateTextClassificationSession = TextClassificationSessionId {21126c9b-3706-4dc7-bcd0-c3e06fa9d2a4}
06-30 14:42:58.837 D/androidtc(  690): Initializing SystemTextClassifier, type = System
06-30 14:42:58.838 E/ClipboardService(  690): Denying clipboard access to u.sage, application is not in focus nor is it a system service for user 0
06-30 14:42:58.838 E/ClipboardService(  690): Denying clipboard access to com.aiquota.mobile, application is not in focus nor is it a system service for user 0
06-30 14:42:58.838 E/ClipboardService(  690): Denying clipboard access to com.android.chrome, application is not in focus nor is it a system service for user 0
06-30 14:42:58.840 I/AiAiTextClassifier( 1592): onCreateTextClassificationSession = TextClassificationSessionId {347ad1fa-f852-46db-9332-1b389b65c7a2}
06-30 14:42:58.840 I/AiAiTranslate( 1592): C2T - not in a conversation
06-30 14:42:58.841 I/ClipboardListener(  981): Clipboard overlay suppressed.
06-30 14:42:58.842 I/AiAiTextClassifier( 1592): GenerateLinks did not find valid links, returning empty result
06-30 14:42:58.844 I/ClipboardListener(  981): Clipboard overlay suppressed.
06-30 14:42:58.847 I/AiAiTextClassifier( 1592): GenerateLinks did not find valid links, returning empty result
06-30 14:42:58.852 I/AiAiTextClassifier( 1592): GenerateLinks did not find valid links, returning empty result
06-30 14:42:58.853 E/ClipboardService(  690): Denying clipboard access to u.sage, application is not in focus nor is it a system service for user 0
06-30 14:42:58.853 E/ClipboardService(  690): Denying clipboard access to com.aiquota.mobile, application is not in focus nor is it a system service for user 0
06-30 14:42:58.853 E/ClipboardService(  690): Denying clipboard access to com.android.chrome, application is not in focus nor is it a system service for user 0
06-30 14:42:58.855 I/ClipboardListener(  981): Clipboard overlay suppressed.
06-30 14:42:59.127 I/wpa_supplicant(  961): wlan0: CTRL-EVENT-BEACON-LOSS 
06-30 14:42:59.552 D/SatelliteController( 1128): isInCarrierRoamingNbIotNtn: satellite is disabled
06-30 14:42:59.552 D/SatelliteController( 1128): getCarrierRoamingNtnConnectType: Checking connect type from PLMN config for subId: 1
06-30 14:42:59.552 D/TelephonyConfigUpdateInstallReceiver( 1128): getConfigParser: domain=satellite
06-30 14:42:59.552 V/SatelliteController( 1128): satelliteConfigParser is not ready
06-30 14:42:59.552 D/SatelliteController( 1128): isSatelliteAttachSupportedViaConfigupdater: return null (satelliteConfig is null)
06-30 14:42:59.553 D/SatelliteController( 1128): getSatellitePerPlmnConfiguration: invalid subId or not supported via carrier.
06-30 14:42:59.553 D/SatelliteController( 1128): getCarrierRoamingNtnConnectType: config: null
06-30 14:42:59.553 D/TelephonyConfigUpdateInstallReceiver( 1128): getConfigParser: domain=satellite
06-30 14:42:59.553 V/SatelliteController( 1128): satelliteConfigParser is not ready
06-30 14:42:59.553 D/SatelliteController( 1128): getCarrierRoamingNtnConnectTypeViaConfigUpdater: return null (satelliteConfig is null)
06-30 14:42:59.553 D/SatelliteController( 1128): getCarrierRoamingNtnConnectType: Falling back to global carrier config connect type: 0
06-30 14:42:59.553 D/TelephonyConfigUpdateInstallReceiver( 1128): getConfigParser: domain=satellite
06-30 14:42:59.553 V/SatelliteController( 1128): satelliteConfigParser is not ready
06-30 14:42:59.553 D/SatelliteController( 1128): isSatelliteAttachSupportedViaConfigupdater: return null (satelliteConfig is null)
06-30 14:42:59.554 D/SatelliteController( 1128): getCarrierRoamingNtnConnectType: Checking connect type from PLMN config for subId: 1
06-30 14:42:59.554 D/TelephonyConfigUpdateInstallReceiver( 1128): getConfigParser: domain=satellite
06-30 14:42:59.554 V/SatelliteController( 1128): satelliteConfigParser is not ready
06-30 14:42:59.554 D/SatelliteController( 1128): isSatelliteAttachSupportedViaConfigupdater: return null (satelliteConfig is null)
06-30 14:42:59.555 D/SatelliteController( 1128): getSatellitePerPlmnConfiguration: invalid subId or not supported via carrier.
06-30 14:42:59.555 D/SatelliteController( 1128): getCarrierRoamingNtnConnectType: config: null
06-30 14:42:59.555 D/TelephonyConfigUpdateInstallReceiver( 1128): getConfigParser: domain=satellite
06-30 14:42:59.555 V/SatelliteController( 1128): satelliteConfigParser is not ready
06-30 14:42:59.555 D/SatelliteController( 1128): getCarrierRoamingNtnConnectTypeViaConfigUpdater: return null (satelliteConfig is null)
06-30 14:42:59.555 D/SatelliteController( 1128): getCarrierRoamingNtnConnectType: Falling back to global carrier config connect type: 0
06-30 14:42:59.555 D/TelephonyConfigUpdateInstallReceiver( 1128): getConfigParser: domain=satellite
06-30 14:42:59.555 V/SatelliteController( 1128): satelliteConfigParser is not ready
06-30 14:42:59.555 D/SatelliteController( 1128): isSatelliteAttachSupportedViaConfigupdater: return null (satelliteConfig is null)
06-30 14:43:00.041 W/skia    (  527): AGTM parsing failed flags.readFromStream(s) at 159
06-30 14:43:00.041 W/skia    (  527): AGTM parsing failed flags.readFromStream(s) at 159
06-30 14:43:00.589 I/adbd    (  539): adbd service requested 'shell,v2,raw:dumpsys package com.google.android.gms'
06-30 14:43:00.718 I/artd    ( 3273): GetBestInfo: odex next to the dex file (/data/app/~~pUpe9D-hsv0lOCLmNQJGyA==/com.google.android.gms-a0e_AySruvvgbDhYG8Z6yQ==/oat/x86_64/base.odex) is kOatUpToDate with filter 'speed-profile' executable 'false'
06-30 14:43:00.720 I/artd    ( 3273): GetBestInfo: dm (/data/app/~~pUpe9D-hsv0lOCLmNQJGyA==/com.google.android.gms-a0e_AySruvvgbDhYG8Z6yQ==/split_AdsDynamite_installtime.dm) is kOatUpToDate with filter 'verify' executable 'false'
06-30 14:43:00.721 I/artd    ( 3273): GetBestInfo: odex next to the dex file (/data/app/~~pUpe9D-hsv0lOCLmNQJGyA==/com.google.android.gms-a0e_AySruvvgbDhYG8Z6yQ==/oat/x86_64/split_CronetDynamite_installtime.odex) is kOatUpToDate with filter 'speed-profile' executable 'false'
06-30 14:43:00.723 I/artd    ( 3273): GetBestInfo: dm (/data/app/~~pUpe9D-hsv0lOCLmNQJGyA==/com.google.android.gms-a0e_AySruvvgbDhYG8Z6yQ==/split_DynamiteLoader_installtime.dm) is kOatUpToDate with filter 'verify' executable 'false'
06-30 14:43:00.724 I/artd    ( 3273): GetBestInfo: dm (/data/app/~~pUpe9D-hsv0lOCLmNQJGyA==/com.google.android.gms-a0e_AySruvvgbDhYG8Z6yQ==/split_DynamiteModulesA_installtime.dm) is kOatUpToDate with filter 'verify' executable 'false'
06-30 14:43:00.725 I/artd    ( 3273): GetBestInfo: dm (/data/app/~~pUpe9D-hsv0lOCLmNQJGyA==/com.google.android.gms-a0e_AySruvvgbDhYG8Z6yQ==/split_DynamiteModulesC_installtime.dm) is kOatUpToDate with filter 'verify' executable 'false'
06-30 14:43:00.727 I/artd    ( 3273): GetBestInfo: dm (/data/app/~~pUpe9D-hsv0lOCLmNQJGyA==/com.google.android.gms-a0e_AySruvvgbDhYG8Z6yQ==/split_GoogleCertificates_installtime.dm) is kOatUpToDate with filter 'verify' executable 'false'
06-30 14:43:00.729 I/artd    ( 3273): GetBestInfo: dm (/data/app/~~pUpe9D-hsv0lOCLmNQJGyA==/com.google.android.gms-a0e_AySruvvgbDhYG8Z6yQ==/split_MapsDynamite_installtime.dm) is kOatUpToDate with filter 'verify' executable 'false'
06-30 14:43:00.730 I/artd    ( 3273): GetBestInfo: dm (/data/app/~~pUpe9D-hsv0lOCLmNQJGyA==/com.google.android.gms-a0e_AySruvvgbDhYG8Z6yQ==/split_MeasurementDynamite_installtime.dm) is kOatUpToDate with filter 'verify' executable 'false'
06-30 14:43:00.731 I/artd    ( 3273): GetBestInfo: /data/user_de/0/com.google.android.gms/app_chimera/m/0000000e/dl-IdentityCredentialsPlatform.optional_262031100800.apk has no usable artifacts
06-30 14:43:00.731 I/artd    ( 3273): GetBestInfo: /data/user_de/0/com.google.android.gms/app_chimera/m/00000001/CronetDynamite.apk has no usable artifacts
06-30 14:43:00.732 I/artd    ( 3273): GetBestInfo: /data/user_de/0/com.google.android.gms/app_chimera/m/00000013/dl-TfliteDynamiteDynamite.integ_252130102100800.apk has no usable artifacts
06-30 14:43:00.733 I/artd    ( 3273): GetBestInfo: /data/user_de/0/com.google.android.gms/app_chimera/m/00000002/DynamiteLoader.apk has no usable artifacts
06-30 14:43:00.735 I/artd    ( 3273): GetBestInfo: /data/user_de/0/com.google.android.gms/app_chimera/m/0000000c/dl-IdentityCredentialsPlatform.optional_261136100800.apk has no usable artifacts
06-30 14:43:00.735 I/artd    ( 3273): GetBestInfo: /data/user_de/0/com.google.android.gms/app_chimera/m/00000005/GoogleCertificates.apk has no usable artifacts
06-30 14:43:00.737 I/artd    ( 3273): GetBestInfo: /data/user_de/0/com.google.android.gms/app_chimera/m/0000000a/dl-TfliteDynamiteDynamite.integ_260580502100800.apk has no usable artifacts
06-30 14:43:00.738 I/artd    ( 3273): GetBestInfo: /data/user_de/0/com.google.android.gms/app_chimera/m/00000016/dl-PlayCloudSearch.optional_262031100000.apk has no usable artifacts
06-30 14:43:00.740 I/artd    ( 3273): GetBestInfo: /data/user_de/0/com.google.android.gms/app_chimera/m/00000014/dl-MlkitOcrCommon.optional_262031100800.apk has no usable artifacts
06-30 14:43:00.741 I/artd    ( 3273): GetBestInfo: /data/user_de/0/com.google.android.gms/app_chimera/m/00000008/dl-VisionOcr.optional_261136100000.apk has no usable artifacts
06-30 14:43:00.742 I/artd    ( 3273): GetBestInfo: /data/user_de/0/com.google.android.gms/app_chimera/m/00000010/dl-Appsearch.optional_262031100800.apk has no usable artifacts
06-30 14:43:00.744 I/artd    ( 3273): GetBestInfo: /data/user_de/0/com.google.android.gms/app_chimera/m/0000000b/dl-Appsearch.optional_261136100800.apk has no usable artifacts
06-30 14:43:00.745 I/artd    ( 3273): GetBestInfo: vdex next to the dex file (/data/user/0/com.google.android.gms/app_dg_cache/9BCBC14EE674B00B958D4B0C5B4BD883630AA39E/oat/x86_64/the.vdex) is kOatUpToDate with filter 'verify' executable 'false'
06-30 14:43:00.747 I/artd    ( 3273): GetBestInfo: /data/user_de/0/com.google.android.gms/app_chimera/m/00000009/dl-MlkitOcrCommon.optional_261136100800.apk has no usable artifacts
06-30 14:43:00.749 I/artd    ( 3273): GetBestInfo: /data/user/0/com.google.android.gms/app_dg_cache/22DA9D7AD8ED7504E0CAC64C41ECDBD7068924E0/the.apk has no usable artifacts
06-30 14:43:00.751 I/artd    ( 3273): GetBestInfo: vdex next to the dex file (/data/user/0/com.google.android.gms/app_dg_cache/FEE57AEA14526BE59FD8AB1365237E7B7A5CE7CB/oat/x86_64/the.vdex) is kOatUpToDate with filter 'verify' executable 'false'
06-30 14:43:00.753 I/artd    ( 3273): GetBestInfo: vdex next to the dex file (/data/user/0/com.google.android.gms/app_dg_cache/1C62BDE86218FBAA50DF06C4A79F5C3FE74B69EC/oat/x86_64/the.vdex) is kOatUpToDate with filter 'verify' executable 'false'
06-30 14:43:00.755 I/artd    ( 3273): GetBestInfo: /data/user_de/0/com.google.android.gms/app_chimera/m/0000000f/dl-VisionOcr.optional_262031100000.apk has no usable artifacts
06-30 14:43:00.757 I/artd    ( 3273): GetBestInfo: /data/user_de/0/com.google.android.gms/app_chimera/m/00000015/dl-MlkitBarcodeUi.optional_262031100800.apk has no usable artifacts
06-30 14:43:00.758 I/artd    ( 3273): GetBestInfo: /data/user_de/0/com.google.android.gms/app_chimera/m/00000007/MeasurementDynamite.apk has no usable artifacts
06-30 14:43:01.368 I/AdbWifiNetworkMonitor(  690): Wi-Fi network available
06-30 14:43:01.368 I/AdbWifiNetworkMonitor(  690): Received the same Wi-Fi SSID. Ignoring.
06-30 14:43:01.371 I/HalDevMgr(  690): bestIfaceCreationProposal is null, requestIface=STA, existingIface=[name=wlan0 type=STA]
06-30 14:43:01.371 D/WM-WorkConstraintsTrack( 2923): NetworkRequestConstraintController onCapabilitiesChanged callback
06-30 14:43:01.373 D/WM-WorkConstraintsTrack( 3977): NetworkRequestConstraintController onCapabilitiesChanged callback
06-30 14:43:01.374 W/libbinder.IPCThreadState(  690): Sending oneway calls to frozen process.
06-30 14:43:01.374 W/libbinder.IPCThreadState(  690): Sending oneway calls to frozen process.
06-30 14:43:01.374 I/BugleRcsEngine( 3867): Connected state: [1], networkType: [WIFI] [CONTEXT thread_id=65 ]
06-30 14:43:01.374 W/libbinder.IPCThreadState(  690): Sending oneway calls to frozen process.
06-30 14:43:01.374 W/libbinder.IPCThreadState(  690): Sending oneway calls to frozen process.
06-30 14:43:01.374 W/libbinder.IPCThreadState(  690): Sending oneway calls to frozen process.
06-30 14:43:01.375 I/BugleRcsEngine( 3867): handleMessage processing message:[NOTIFY_UPTIME_IGNORE_STATE_CHANGED] with [non-null]:RcsEngineImpl reference [CONTEXT log_prefix="RcsEngineImpl[DUAL_REG]:[390448b9-d26f]>Handler" thread_id=69 ]
06-30 14:43:01.376 D/ConnectivityService(  690): NetReassign [no changes] [c 0] [a 1] [i 0]
06-30 14:43:01.376 I/NullBinder( 1317): NullBinder for android.net.action.RECOMMEND_NETWORKS triggering remote TransactionTooLargeException due to Service without Chimera impl, calling uid: 1000, calling pid: 0
06-30 14:43:01.376 W/libbinder.Binder( 1317): Large reply transaction of 1056768 bytes, interface descriptor , function: UNKNOWN_FUNCTION_NAME, code: 1, flags: 17
06-30 14:43:01.377 I/NearbyMediums( 1317): Wifi changed new SSID: "AndroidWifi"
06-30 14:43:01.377 I/NearbyMediums( 1317): WifiLanConnectivityInfo is not changed, skip notify.
06-30 14:43:01.380 I/BugleRcsEngine( 3867): No RCS Configuration was found in Bugle for simID: redacted-pii:sim_id[chars:20,last3:897] [CONTEXT log_prefix="ProvisioningEngineDataRetriever" thread_id=69 ]
06-30 14:43:01.873 I/NearbySharing( 1317): Network state changed: NetworkState(isRestricted=false, isOnline=true, isCongested=false, isMetered=false, isWifiConnected=true)
06-30 14:43:02.936 D/IpClient/wlan0( 1083): addressUpdated: fec0::f2f1:2a5:74ce:bdd5/64 on ifindex 16 flags 0x00000900 scope 200
06-30 14:43:02.937 D/IpClient/wlan0( 1083): addressUpdated: fec0::e1ae:e0ce:f07c:fc62/64 on ifindex 16 flags 0x00000001 scope 200
06-30 14:43:02.937 W/AlarmManager( 1083): Unrecognized alarm listener com.android.networkstack.android.net.ip.IpClientLinkObserver$Dhcp6PdPreferredPrefixAlarmListener@1d93f49
06-30 14:43:02.938 D/ApfFilter( 1083): (wlan0): Ignoring RA RA fe80::2 -> ff02::1 1800s fec0::/64 86400s/14400s  which matches RA fe80::2 -> ff02::1 1800s fec0::/64 86400s/14400s 
06-30 14:43:04.379 I/HalDevMgr(  690): bestIfaceCreationProposal is null, requestIface=STA, existingIface=[name=wlan0 type=STA]
06-30 14:43:05.117 E/ClipboardService(  690): Denying clipboard access to u.sage, application is not in focus nor is it a system service for user 0
06-30 14:43:05.118 E/ClipboardService(  690): Denying clipboard access to com.aiquota.mobile, application is not in focus nor is it a system service for user 0
06-30 14:43:05.118 E/ClipboardService(  690): Denying clipboard access to com.android.chrome, application is not in focus nor is it a system service for user 0
06-30 14:43:05.120 I/ClipboardListener(  981): Clipboard overlay suppressed.
06-30 14:43:05.120 I/AiAiTranslate( 1592): C2T - not in a conversation
06-30 14:43:07.062 I/wpa_supplicant(  961): wlan0: CTRL-EVENT-BEACON-LOSS 
06-30 14:43:07.383 I/AdbWifiNetworkMonitor(  690): Wi-Fi network available
06-30 14:43:07.383 I/AdbWifiNetworkMonitor(  690): Received the same Wi-Fi SSID. Ignoring.
06-30 14:43:07.388 I/HalDevMgr(  690): bestIfaceCreationProposal is null, requestIface=STA, existingIface=[name=wlan0 type=STA]
06-30 14:43:07.390 D/WM-WorkConstraintsTrack( 2923): NetworkRequestConstraintController onCapabilitiesChanged callback
06-30 14:43:07.390 D/WM-WorkConstraintsTrack( 3977): NetworkRequestConstraintController onCapabilitiesChanged callback
06-30 14:43:07.390 I/NullBinder( 1317): NullBinder for android.net.action.RECOMMEND_NETWORKS triggering remote TransactionTooLargeException due to Service without Chimera impl, calling uid: 1000, calling pid: 0
06-30 14:43:07.391 W/libbinder.Binder( 1317): Large reply transaction of 1056768 bytes, interface descriptor , function: UNKNOWN_FUNCTION_NAME, code: 1, flags: 17
06-30 14:43:07.392 I/BugleRcsEngine( 3867): Connected state: [1], networkType: [WIFI] [CONTEXT thread_id=65 ]
06-30 14:43:07.392 I/BugleRcsEngine( 3867): handleMessage processing message:[NOTIFY_UPTIME_IGNORE_STATE_CHANGED] with [non-null]:RcsEngineImpl reference [CONTEXT log_prefix="RcsEngineImpl[DUAL_REG]:[390448b9-d26f]>Handler" thread_id=69 ]
06-30 14:43:07.392 W/libbinder.IPCThreadState(  690): Sending oneway calls to frozen process.
06-30 14:43:07.392 W/libbinder.IPCThreadState(  690): Sending oneway calls to frozen process.
06-30 14:43:07.392 W/libbinder.IPCThreadState(  690): Sending oneway calls to frozen process.
06-30 14:43:07.392 W/libbinder.IPCThreadState(  690): Sending oneway calls to frozen process.
06-30 14:43:07.393 W/libbinder.IPCThreadState(  690): Sending oneway calls to frozen process.
06-30 14:43:07.396 D/ConnectivityService(  690): NetReassign [no changes] [c 0] [a 1] [i 0]
06-30 14:43:07.397 I/NearbyMediums( 1317): Wifi changed new SSID: "AndroidWifi"
06-30 14:43:07.397 I/NearbyMediums( 1317): WifiLanConnectivityInfo is not changed, skip notify.
06-30 14:43:07.397 I/BugleRcsEngine( 3867): No RCS Configuration was found in Bugle for simID: redacted-pii:sim_id[chars:20,last3:897] [CONTEXT log_prefix="ProvisioningEngineDataRetriever" thread_id=69 ]
06-30 14:43:07.892 I/NearbySharing( 1317): Network state changed: NetworkState(isRestricted=false, isOnline=true, isCongested=false, isMetered=false, isWifiConnected=true)
06-30 14:43:09.552 D/SatelliteController( 1128): isInCarrierRoamingNbIotNtn: satellite is disabled
06-30 14:43:09.552 D/SatelliteController( 1128): getCarrierRoamingNtnConnectType: Checking connect type from PLMN config for subId: 1
06-30 14:43:09.552 D/TelephonyConfigUpdateInstallReceiver( 1128): getConfigParser: domain=satellite
06-30 14:43:09.552 V/SatelliteController( 1128): satelliteConfigParser is not ready
06-30 14:43:09.552 D/SatelliteController( 1128): isSatelliteAttachSupportedViaConfigupdater: return null (satelliteConfig is null)
06-30 14:43:09.552 D/SatelliteController( 1128): getSatellitePerPlmnConfiguration: invalid subId or not supported via carrier.
06-30 14:43:09.552 D/SatelliteController( 1128): getCarrierRoamingNtnConnectType: config: null
06-30 14:43:09.552 D/TelephonyConfigUpdateInstallReceiver( 1128): getConfigParser: domain=satellite
06-30 14:43:09.552 V/SatelliteController( 1128): satelliteConfigParser is not ready
06-30 14:43:09.552 D/SatelliteController( 1128): getCarrierRoamingNtnConnectTypeViaConfigUpdater: return null (satelliteConfig is null)
06-30 14:43:09.553 D/SatelliteController( 1128): getCarrierRoamingNtnConnectType: Falling back to global carrier config connect type: 0
06-30 14:43:09.553 D/TelephonyConfigUpdateInstallReceiver( 1128): getConfigParser: domain=satellite
06-30 14:43:09.553 V/SatelliteController( 1128): satelliteConfigParser is not ready
06-30 14:43:09.553 D/SatelliteController( 1128): isSatelliteAttachSupportedViaConfigupdater: return null (satelliteConfig is null)
06-30 14:43:09.553 D/SatelliteController( 1128): getCarrierRoamingNtnConnectType: Checking connect type from PLMN config for subId: 1
06-30 14:43:09.554 D/TelephonyConfigUpdateInstallReceiver( 1128): getConfigParser: domain=satellite
06-30 14:43:09.554 V/SatelliteController( 1128): satelliteConfigParser is not ready
06-30 14:43:09.554 D/SatelliteController( 1128): isSatelliteAttachSupportedViaConfigupdater: return null (satelliteConfig is null)
06-30 14:43:09.554 D/SatelliteController( 1128): getSatellitePerPlmnConfiguration: invalid subId or not supported via carrier.
06-30 14:43:09.554 D/SatelliteController( 1128): getCarrierRoamingNtnConnectType: config: null
06-30 14:43:09.554 D/TelephonyConfigUpdateInstallReceiver( 1128): getConfigParser: domain=satellite
06-30 14:43:09.554 V/SatelliteController( 1128): satelliteConfigParser is not ready
06-30 14:43:09.554 D/SatelliteController( 1128): getCarrierRoamingNtnConnectTypeViaConfigUpdater: return null (satelliteConfig is null)
06-30 14:43:09.554 D/SatelliteController( 1128): getCarrierRoamingNtnConnectType: Falling back to global carrier config connect type: 0
06-30 14:43:09.554 D/TelephonyConfigUpdateInstallReceiver( 1128): getConfigParser: domain=satellite
06-30 14:43:09.554 V/SatelliteController( 1128): satelliteConfigParser is not ready
06-30 14:43:09.554 D/SatelliteController( 1128): isSatelliteAttachSupportedViaConfigupdater: return null (satelliteConfig is null)
06-30 14:43:10.391 I/HalDevMgr(  690): bestIfaceCreationProposal is null, requestIface=STA, existingIface=[name=wlan0 type=STA]
06-30 14:43:10.590 I/adbd    (  539): adbd service requested 'shell,v2,raw:dumpsys package com.google.android.gms'
06-30 14:43:10.741 I/artd    ( 3273): GetBestInfo: odex next to the dex file (/data/app/~~pUpe9D-hsv0lOCLmNQJGyA==/com.google.android.gms-a0e_AySruvvgbDhYG8Z6yQ==/oat/x86_64/base.odex) is kOatUpToDate with filter 'speed-profile' executable 'false'
06-30 14:43:10.743 I/artd    ( 3273): GetBestInfo: dm (/data/app/~~pUpe9D-hsv0lOCLmNQJGyA==/com.google.android.gms-a0e_AySruvvgbDhYG8Z6yQ==/split_AdsDynamite_installtime.dm) is kOatUpToDate with filter 'verify' executable 'false'
06-30 14:43:10.744 I/artd    ( 3273): GetBestInfo: odex next to the dex file (/data/app/~~pUpe9D-hsv0lOCLmNQJGyA==/com.google.android.gms-a0e_AySruvvgbDhYG8Z6yQ==/oat/x86_64/split_CronetDynamite_installtime.odex) is kOatUpToDate with filter 'speed-profile' executable 'false'
06-30 14:43:10.746 I/artd    ( 3273): GetBestInfo: dm (/data/app/~~pUpe9D-hsv0lOCLmNQJGyA==/com.google.android.gms-a0e_AySruvvgbDhYG8Z6yQ==/split_DynamiteLoader_installtime.dm) is kOatUpToDate with filter 'verify' executable 'false'
06-30 14:43:10.747 I/artd    ( 3273): GetBestInfo: dm (/data/app/~~pUpe9D-hsv0lOCLmNQJGyA==/com.google.android.gms-a0e_AySruvvgbDhYG8Z6yQ==/split_DynamiteModulesA_installtime.dm) is kOatUpToDate with filter 'verify' executable 'false'
06-30 14:43:10.749 I/artd    ( 3273): GetBestInfo: dm (/data/app/~~pUpe9D-hsv0lOCLmNQJGyA==/com.google.android.gms-a0e_AySruvvgbDhYG8Z6yQ==/split_DynamiteModulesC_installtime.dm) is kOatUpToDate with filter 'verify' executable 'false'
06-30 14:43:10.751 I/artd    ( 3273): GetBestInfo: dm (/data/app/~~pUpe9D-hsv0lOCLmNQJGyA==/com.google.android.gms-a0e_AySruvvgbDhYG8Z6yQ==/split_GoogleCertificates_installtime.dm) is kOatUpToDate with filter 'verify' executable 'false'
06-30 14:43:10.753 I/artd    ( 3273): GetBestInfo: dm (/data/app/~~pUpe9D-hsv0lOCLmNQJGyA==/com.google.android.gms-a0e_AySruvvgbDhYG8Z6yQ==/split_MapsDynamite_installtime.dm) is kOatUpToDate with filter 'verify' executable 'false'
06-30 14:43:10.754 I/artd    ( 3273): GetBestInfo: dm (/data/app/~~pUpe9D-hsv0lOCLmNQJGyA==/com.google.android.gms-a0e_AySruvvgbDhYG8Z6yQ==/split_MeasurementDynamite_installtime.dm) is kOatUpToDate with filter 'verify' executable 'false'
06-30 14:43:10.756 I/artd    ( 3273): GetBestInfo: /data/user_de/0/com.google.android.gms/app_chimera/m/0000000e/dl-IdentityCredentialsPlatform.optional_262031100800.apk has no usable artifacts
06-30 14:43:10.757 I/artd    ( 3273): GetBestInfo: /data/user_de/0/com.google.android.gms/app_chimera/m/00000001/CronetDynamite.apk has no usable artifacts
06-30 14:43:10.758 I/artd    ( 3273): GetBestInfo: /data/user_de/0/com.google.android.gms/app_chimera/m/00000013/dl-TfliteDynamiteDynamite.integ_252130102100800.apk has no usable artifacts
06-30 14:43:10.758 I/artd    ( 3273): GetBestInfo: /data/user_de/0/com.google.android.gms/app_chimera/m/00000002/DynamiteLoader.apk has no usable artifacts
06-30 14:43:10.760 I/artd    ( 3273): GetBestInfo: /data/user_de/0/com.google.android.gms/app_chimera/m/0000000c/dl-IdentityCredentialsPlatform.optional_261136100800.apk has no usable artifacts
06-30 14:43:10.760 I/artd    ( 3273): GetBestInfo: /data/user_de/0/com.google.android.gms/app_chimera/m/00000005/GoogleCertificates.apk has no usable artifacts
06-30 14:43:10.762 I/artd    ( 3273): GetBestInfo: /data/user_de/0/com.google.android.gms/app_chimera/m/0000000a/dl-TfliteDynamiteDynamite.integ_260580502100800.apk has no usable artifacts
06-30 14:43:10.763 I/artd    ( 3273): GetBestInfo: /data/user_de/0/com.google.android.gms/app_chimera/m/00000016/dl-PlayCloudSearch.optional_262031100000.apk has no usable artifacts
06-30 14:43:10.764 I/artd    ( 3273): GetBestInfo: /data/user_de/0/com.google.android.gms/app_chimera/m/00000014/dl-MlkitOcrCommon.optional_262031100800.apk has no usable artifacts
06-30 14:43:10.765 I/artd    ( 3273): GetBestInfo: /data/user_de/0/com.google.android.gms/app_chimera/m/00000008/dl-VisionOcr.optional_261136100000.apk has no usable artifacts
06-30 14:43:10.766 I/artd    ( 3273): GetBestInfo: /data/user_de/0/com.google.android.gms/app_chimera/m/00000010/dl-Appsearch.optional_262031100800.apk has no usable artifacts
06-30 14:43:10.768 I/artd    ( 3273): GetBestInfo: /data/user_de/0/com.google.android.gms/app_chimera/m/0000000b/dl-Appsearch.optional_261136100800.apk has no usable artifacts
06-30 14:43:10.769 I/artd    ( 3273): GetBestInfo: vdex next to the dex file (/data/user/0/com.google.android.gms/app_dg_cache/9BCBC14EE674B00B958D4B0C5B4BD883630AA39E/oat/x86_64/the.vdex) is kOatUpToDate with filter 'verify' executable 'false'
06-30 14:43:10.770 I/artd    ( 3273): GetBestInfo: /data/user_de/0/com.google.android.gms/app_chimera/m/00000009/dl-MlkitOcrCommon.optional_261136100800.apk has no usable artifacts
06-30 14:43:10.772 I/artd    ( 3273): GetBestInfo: /data/user/0/com.google.android.gms/app_dg_cache/22DA9D7AD8ED7504E0CAC64C41ECDBD7068924E0/the.apk has no usable artifacts
06-30 14:43:10.774 I/artd    ( 3273): GetBestInfo: vdex next to the dex file (/data/user/0/com.google.android.gms/app_dg_cache/FEE57AEA14526BE59FD8AB1365237E7B7A5CE7CB/oat/x86_64/the.vdex) is kOatUpToDate with filter 'verify' executable 'false'
06-30 14:43:10.775 I/artd    ( 3273): GetBestInfo: vdex next to the dex file (/data/user/0/com.google.android.gms/app_dg_cache/1C62BDE86218FBAA50DF06C4A79F5C3FE74B69EC/oat/x86_64/the.vdex) is kOatUpToDate with filter 'verify' executable 'false'
06-30 14:43:10.776 I/artd    ( 3273): GetBestInfo: /data/user_de/0/com.google.android.gms/app_chimera/m/0000000f/dl-VisionOcr.optional_262031100000.apk has no usable artifacts
06-30 14:43:10.778 I/artd    ( 3273): GetBestInfo: /data/user_de/0/com.google.android.gms/app_chimera/m/00000015/dl-MlkitBarcodeUi.optional_262031100800.apk has no usable artifacts
06-30 14:43:10.779 I/artd    ( 3273): GetBestInfo: /data/user_de/0/com.google.android.gms/app_chimera/m/00000007/MeasurementDynamite.apk has no usable artifacts
06-30 14:43:13.398 I/HalDevMgr(  690): bestIfaceCreationProposal is null, requestIface=STA, existingIface=[name=wlan0 type=STA]
06-30 14:43:14.997 I/wpa_supplicant(  961): wlan0: CTRL-EVENT-BEACON-LOSS 
06-30 14:43:16.404 I/HalDevMgr(  690): bestIfaceCreationProposal is null, requestIface=STA, existingIface=[name=wlan0 type=STA]
06-30 14:43:19.411 I/HalDevMgr(  690): bestIfaceCreationProposal is null, requestIface=STA, existingIface=[name=wlan0 type=STA]
06-30 14:43:19.552 D/SatelliteController( 1128): isInCarrierRoamingNbIotNtn: satellite is disabled
06-30 14:43:19.552 D/SatelliteController( 1128): getCarrierRoamingNtnConnectType: Checking connect type from PLMN config for subId: 1
06-30 14:43:19.552 D/TelephonyConfigUpdateInstallReceiver( 1128): getConfigParser: domain=satellite
06-30 14:43:19.552 V/SatelliteController( 1128): satelliteConfigParser is not ready
06-30 14:43:19.552 D/SatelliteController( 1128): isSatelliteAttachSupportedViaConfigupdater: return null (satelliteConfig is null)
06-30 14:43:19.552 D/SatelliteController( 1128): getSatellitePerPlmnConfiguration: invalid subId or not supported via carrier.
06-30 14:43:19.552 D/SatelliteController( 1128): getCarrierRoamingNtnConnectType: config: null
06-30 14:43:19.552 D/TelephonyConfigUpdateInstallReceiver( 1128): getConfigParser: domain=satellite
06-30 14:43:19.552 V/SatelliteController( 1128): satelliteConfigParser is not ready
06-30 14:43:19.552 D/SatelliteController( 1128): getCarrierRoamingNtnConnectTypeViaConfigUpdater: return null (satelliteConfig is null)
06-30 14:43:19.552 D/SatelliteController( 1128): getCarrierRoamingNtnConnectType: Falling back to global carrier config connect type: 0
06-30 14:43:19.553 D/TelephonyConfigUpdateInstallReceiver( 1128): getConfigParser: domain=satellite
06-30 14:43:19.553 V/SatelliteController( 1128): satelliteConfigParser is not ready
06-30 14:43:19.553 D/SatelliteController( 1128): isSatelliteAttachSupportedViaConfigupdater: return null (satelliteConfig is null)
06-30 14:43:19.553 D/SatelliteController( 1128): getCarrierRoamingNtnConnectType: Checking connect type from PLMN config for subId: 1
06-30 14:43:19.553 D/TelephonyConfigUpdateInstallReceiver( 1128): getConfigParser: domain=satellite
06-30 14:43:19.553 V/SatelliteController( 1128): satelliteConfigParser is not ready
06-30 14:43:19.553 D/SatelliteController( 1128): isSatelliteAttachSupportedViaConfigupdater: return null (satelliteConfig is null)
06-30 14:43:19.554 D/SatelliteController( 1128): getSatellitePerPlmnConfiguration: invalid subId or not supported via carrier.
06-30 14:43:19.554 D/SatelliteController( 1128): getCarrierRoamingNtnConnectType: config: null
06-30 14:43:19.554 D/TelephonyConfigUpdateInstallReceiver( 1128): getConfigParser: domain=satellite
06-30 14:43:19.554 V/SatelliteController( 1128): satelliteConfigParser is not ready
06-30 14:43:19.554 D/SatelliteController( 1128): getCarrierRoamingNtnConnectTypeViaConfigUpdater: return null (satelliteConfig is null)
06-30 14:43:19.555 D/SatelliteController( 1128): getCarrierRoamingNtnConnectType: Falling back to global carrier config connect type: 0
06-30 14:43:19.555 D/TelephonyConfigUpdateInstallReceiver( 1128): getConfigParser: domain=satellite
06-30 14:43:19.555 V/SatelliteController( 1128): satelliteConfigParser is not ready
06-30 14:43:19.555 D/SatelliteController( 1128): isSatelliteAttachSupportedViaConfigupdater: return null (satelliteConfig is null)
06-30 14:43:20.585 I/adbd    (  539): adbd service requested 'shell,v2,raw:dumpsys package com.google.android.gms'
06-30 14:43:20.682 I/system_server(  690): Background young concurrent mark compact GC freed 22MB AllocSpace bytes, 4(128KB) LOS objects, 32% free, 43MB/65MB, paused 4.322ms,24.180ms total 58.877ms
06-30 14:43:20.685 I/AiAiTextClassifier( 1592): onDestroyTextClassificationSession = TextClassificationSessionId {21126c9b-3706-4dc7-bcd0-c3e06fa9d2a4}
06-30 14:43:20.685 I/AiAiTextClassifier( 1592): onDestroyTextClassificationSession = TextClassificationSessionId {da14432a-a54c-40a8-8675-6a71392a4c47}
06-30 14:43:20.730 I/artd    ( 3273): GetBestInfo: odex next to the dex file (/data/app/~~pUpe9D-hsv0lOCLmNQJGyA==/com.google.android.gms-a0e_AySruvvgbDhYG8Z6yQ==/oat/x86_64/base.odex) is kOatUpToDate with filter 'speed-profile' executable 'false'
06-30 14:43:20.731 I/artd    ( 3273): GetBestInfo: dm (/data/app/~~pUpe9D-hsv0lOCLmNQJGyA==/com.google.android.gms-a0e_AySruvvgbDhYG8Z6yQ==/split_AdsDynamite_installtime.dm) is kOatUpToDate with filter 'verify' executable 'false'
06-30 14:43:20.732 I/artd    ( 3273): GetBestInfo: odex next to the dex file (/data/app/~~pUpe9D-hsv0lOCLmNQJGyA==/com.google.android.gms-a0e_AySruvvgbDhYG8Z6yQ==/oat/x86_64/split_CronetDynamite_installtime.odex) is kOatUpToDate with filter 'speed-profile' executable 'false'
06-30 14:43:20.733 I/artd    ( 3273): GetBestInfo: dm (/data/app/~~pUpe9D-hsv0lOCLmNQJGyA==/com.google.android.gms-a0e_AySruvvgbDhYG8Z6yQ==/split_DynamiteLoader_installtime.dm) is kOatUpToDate with filter 'verify' executable 'false'
06-30 14:43:20.734 I/artd    ( 3273): GetBestInfo: dm (/data/app/~~pUpe9D-hsv0lOCLmNQJGyA==/com.google.android.gms-a0e_AySruvvgbDhYG8Z6yQ==/split_DynamiteModulesA_installtime.dm) is kOatUpToDate with filter 'verify' executable 'false'
06-30 14:43:20.736 I/artd    ( 3273): GetBestInfo: dm (/data/app/~~pUpe9D-hsv0lOCLmNQJGyA==/com.google.android.gms-a0e_AySruvvgbDhYG8Z6yQ==/split_DynamiteModulesC_installtime.dm) is kOatUpToDate with filter 'verify' executable 'false'
06-30 14:43:20.737 I/artd    ( 3273): GetBestInfo: dm (/data/app/~~pUpe9D-hsv0lOCLmNQJGyA==/com.google.android.gms-a0e_AySruvvgbDhYG8Z6yQ==/split_GoogleCertificates_installtime.dm) is kOatUpToDate with filter 'verify' executable 'false'
06-30 14:43:20.738 I/artd    ( 3273): GetBestInfo: dm (/data/app/~~pUpe9D-hsv0lOCLmNQJGyA==/com.google.android.gms-a0e_AySruvvgbDhYG8Z6yQ==/split_MapsDynamite_installtime.dm) is kOatUpToDate with filter 'verify' executable 'false'
06-30 14:43:20.739 I/artd    ( 3273): GetBestInfo: dm (/data/app/~~pUpe9D-hsv0lOCLmNQJGyA==/com.google.android.gms-a0e_AySruvvgbDhYG8Z6yQ==/split_MeasurementDynamite_installtime.dm) is kOatUpToDate with filter 'verify' executable 'false'
06-30 14:43:20.741 I/artd    ( 3273): GetBestInfo: /data/user_de/0/com.google.android.gms/app_chimera/m/0000000e/dl-IdentityCredentialsPlatform.optional_262031100800.apk has no usable artifacts
06-30 14:43:20.741 I/artd    ( 3273): GetBestInfo: /data/user_de/0/com.google.android.gms/app_chimera/m/00000001/CronetDynamite.apk has no usable artifacts
06-30 14:43:20.742 I/artd    ( 3273): GetBestInfo: /data/user_de/0/com.google.android.gms/app_chimera/m/00000013/dl-TfliteDynamiteDynamite.integ_252130102100800.apk has no usable artifacts
06-30 14:43:20.743 I/artd    ( 3273): GetBestInfo: /data/user_de/0/com.google.android.gms/app_chimera/m/00000002/DynamiteLoader.apk has no usable artifacts
06-30 14:43:20.745 I/artd    ( 3273): GetBestInfo: /data/user_de/0/com.google.android.gms/app_chimera/m/0000000c/dl-IdentityCredentialsPlatform.optional_261136100800.apk has no usable artifacts
06-30 14:43:20.746 I/artd    ( 3273): GetBestInfo: /data/user_de/0/com.google.android.gms/app_chimera/m/00000005/GoogleCertificates.apk has no usable artifacts
06-30 14:43:20.747 I/artd    ( 3273): GetBestInfo: /data/user_de/0/com.google.android.gms/app_chimera/m/0000000a/dl-TfliteDynamiteDynamite.integ_260580502100800.apk has no usable artifacts
06-30 14:43:20.748 I/artd    ( 3273): GetBestInfo: /data/user_de/0/com.google.android.gms/app_chimera/m/00000016/dl-PlayCloudSearch.optional_262031100000.apk has no usable artifacts
06-30 14:43:20.749 I/artd    ( 3273): GetBestInfo: /data/user_de/0/com.google.android.gms/app_chimera/m/00000014/dl-MlkitOcrCommon.optional_262031100800.apk has no usable artifacts
06-30 14:43:20.750 I/artd    ( 3273): GetBestInfo: /data/user_de/0/com.google.android.gms/app_chimera/m/00000008/dl-VisionOcr.optional_261136100000.apk has no usable artifacts
06-30 14:43:20.751 I/artd    ( 3273): GetBestInfo: /data/user_de/0/com.google.android.gms/app_chimera/m/00000010/dl-Appsearch.optional_262031100800.apk has no usable artifacts
06-30 14:43:20.753 I/artd    ( 3273): GetBestInfo: /data/user_de/0/com.google.android.gms/app_chimera/m/0000000b/dl-Appsearch.optional_261136100800.apk has no usable artifacts
06-30 14:43:20.754 I/artd    ( 3273): GetBestInfo: vdex next to the dex file (/data/user/0/com.google.android.gms/app_dg_cache/9BCBC14EE674B00B958D4B0C5B4BD883630AA39E/oat/x86_64/the.vdex) is kOatUpToDate with filter 'verify' executable 'false'
06-30 14:43:20.756 I/artd    ( 3273): GetBestInfo: /data/user_de/0/com.google.android.gms/app_chimera/m/00000009/dl-MlkitOcrCommon.optional_261136100800.apk has no usable artifacts
06-30 14:43:20.757 I/artd    ( 3273): GetBestInfo: /data/user/0/com.google.android.gms/app_dg_cache/22DA9D7AD8ED7504E0CAC64C41ECDBD7068924E0/the.apk has no usable artifacts
06-30 14:43:20.759 I/artd    ( 3273): GetBestInfo: vdex next to the dex file (/data/user/0/com.google.android.gms/app_dg_cache/FEE57AEA14526BE59FD8AB1365237E7B7A5CE7CB/oat/x86_64/the.vdex) is kOatUpToDate with filter 'verify' executable 'false'
06-30 14:43:20.760 I/artd    ( 3273): GetBestInfo: vdex next to the dex file (/data/user/0/com.google.android.gms/app_dg_cache/1C62BDE86218FBAA50DF06C4A79F5C3FE74B69EC/oat/x86_64/the.vdex) is kOatUpToDate with filter 'verify' executable 'false'
06-30 14:43:20.762 I/artd    ( 3273): GetBestInfo: /data/user_de/0/com.google.android.gms/app_chimera/m/0000000f/dl-VisionOcr.optional_262031100000.apk has no usable artifacts
06-30 14:43:20.763 I/artd    ( 3273): GetBestInfo: /data/user_de/0/com.google.android.gms/app_chimera/m/00000015/dl-MlkitBarcodeUi.optional_262031100800.apk has no usable artifacts
06-30 14:43:20.764 I/artd    ( 3273): GetBestInfo: /data/user_de/0/com.google.android.gms/app_chimera/m/00000007/MeasurementDynamite.apk has no usable artifacts
06-30 14:43:22.418 I/HalDevMgr(  690): bestIfaceCreationProposal is null, requestIface=STA, existingIface=[name=wlan0 type=STA]
06-30 14:43:22.933 I/wpa_supplicant(  961): wlan0: CTRL-EVENT-BEACON-LOSS 
06-30 14:43:25.425 I/HalDevMgr(  690): bestIfaceCreationProposal is null, requestIface=STA, existingIface=[name=wlan0 type=STA]
06-30 14:43:27.969 D/ControlsListingControllerImpl(  981): Subscribing callback, service count: 0
06-30 14:43:27.970 D/ControlsListingControllerImpl(  981): Unsubscribing callback
06-30 14:43:28.376 I/QuickAccessWalletTile(  981): QAW service is unavailable, recreating the wallet client.
06-30 14:43:28.431 I/HalDevMgr(  690): bestIfaceCreationProposal is null, requestIface=STA, existingIface=[name=wlan0 type=STA]
06-30 14:43:29.552 D/SatelliteController( 1128): isInCarrierRoamingNbIotNtn: satellite is disabled
06-30 14:43:29.552 D/SatelliteController( 1128): getCarrierRoamingNtnConnectType: Checking connect type from PLMN config for subId: 1
06-30 14:43:29.552 D/TelephonyConfigUpdateInstallReceiver( 1128): getConfigParser: domain=satellite
06-30 14:43:29.552 V/SatelliteController( 1128): satelliteConfigParser is not ready
06-30 14:43:29.552 D/SatelliteController( 1128): isSatelliteAttachSupportedViaConfigupdater: return null (satelliteConfig is null)
06-30 14:43:29.553 D/SatelliteController( 1128): getSatellitePerPlmnConfiguration: invalid subId or not supported via carrier.
06-30 14:43:29.553 D/SatelliteController( 1128): getCarrierRoamingNtnConnectType: config: null
06-30 14:43:29.553 D/TelephonyConfigUpdateInstallReceiver( 1128): getConfigParser: domain=satellite
06-30 14:43:29.553 V/SatelliteController( 1128): satelliteConfigParser is not ready
06-30 14:43:29.553 D/SatelliteController( 1128): getCarrierRoamingNtnConnectTypeViaConfigUpdater: return null (satelliteConfig is null)
06-30 14:43:29.553 D/SatelliteController( 1128): getCarrierRoamingNtnConnectType: Falling back to global carrier config connect type: 0
06-30 14:43:29.553 D/TelephonyConfigUpdateInstallReceiver( 1128): getConfigParser: domain=satellite
06-30 14:43:29.553 V/SatelliteController( 1128): satelliteConfigParser is not ready
06-30 14:43:29.553 D/SatelliteController( 1128): isSatelliteAttachSupportedViaConfigupdater: return null (satelliteConfig is null)
06-30 14:43:29.553 D/SatelliteController( 1128): getCarrierRoamingNtnConnectType: Checking connect type from PLMN config for subId: 1
06-30 14:43:29.554 D/TelephonyConfigUpdateInstallReceiver( 1128): getConfigParser: domain=satellite
06-30 14:43:29.554 V/SatelliteController( 1128): satelliteConfigParser is not ready
06-30 14:43:29.554 D/SatelliteController( 1128): isSatelliteAttachSupportedViaConfigupdater: return null (satelliteConfig is null)
06-30 14:43:29.554 D/SatelliteController( 1128): getSatellitePerPlmnConfiguration: invalid subId or not supported via carrier.
06-30 14:43:29.555 D/SatelliteController( 1128): getCarrierRoamingNtnConnectType: config: null
06-30 14:43:29.555 D/TelephonyConfigUpdateInstallReceiver( 1128): getConfigParser: domain=satellite
06-30 14:43:29.555 V/SatelliteController( 1128): satelliteConfigParser is not ready
06-30 14:43:29.555 D/SatelliteController( 1128): getCarrierRoamingNtnConnectTypeViaConfigUpdater: return null (satelliteConfig is null)
06-30 14:43:29.555 D/SatelliteController( 1128): getCarrierRoamingNtnConnectType: Falling back to global carrier config connect type: 0
06-30 14:43:29.555 D/TelephonyConfigUpdateInstallReceiver( 1128): getConfigParser: domain=satellite
06-30 14:43:29.555 V/SatelliteController( 1128): satelliteConfigParser is not ready
06-30 14:43:29.555 D/SatelliteController( 1128): isSatelliteAttachSupportedViaConfigupdater: return null (satelliteConfig is null)
06-30 14:43:29.590 W/skia    (  527): AGTM parsing failed flags.readFromStream(s) at 159
06-30 14:43:29.590 W/skia    (  527): AGTM parsing failed flags.readFromStream(s) at 159
06-30 14:43:30.593 I/adbd    (  539): adbd service requested 'shell,v2,raw:dumpsys package com.google.android.gms'
06-30 14:43:30.739 I/artd    ( 3273): GetBestInfo: odex next to the dex file (/data/app/~~pUpe9D-hsv0lOCLmNQJGyA==/com.google.android.gms-a0e_AySruvvgbDhYG8Z6yQ==/oat/x86_64/base.odex) is kOatUpToDate with filter 'speed-profile' executable 'false'
06-30 14:43:30.742 I/artd    ( 3273): GetBestInfo: dm (/data/app/~~pUpe9D-hsv0lOCLmNQJGyA==/com.google.android.gms-a0e_AySruvvgbDhYG8Z6yQ==/split_AdsDynamite_installtime.dm) is kOatUpToDate with filter 'verify' executable 'false'
06-30 14:43:30.750 I/artd    ( 3273): GetBestInfo: odex next to the dex file (/data/app/~~pUpe9D-hsv0lOCLmNQJGyA==/com.google.android.gms-a0e_AySruvvgbDhYG8Z6yQ==/oat/x86_64/split_CronetDynamite_installtime.odex) is kOatUpToDate with filter 'speed-profile' executable 'false'
06-30 14:43:30.752 I/artd    ( 3273): GetBestInfo: dm (/data/app/~~pUpe9D-hsv0lOCLmNQJGyA==/com.google.android.gms-a0e_AySruvvgbDhYG8Z6yQ==/split_DynamiteLoader_installtime.dm) is kOatUpToDate with filter 'verify' executable 'false'
06-30 14:43:30.754 I/artd    ( 3273): GetBestInfo: dm (/data/app/~~pUpe9D-hsv0lOCLmNQJGyA==/com.google.android.gms-a0e_AySruvvgbDhYG8Z6yQ==/split_DynamiteModulesA_installtime.dm) is kOatUpToDate with filter 'verify' executable 'false'
06-30 14:43:30.756 I/artd    ( 3273): GetBestInfo: dm (/data/app/~~pUpe9D-hsv0lOCLmNQJGyA==/com.google.android.gms-a0e_AySruvvgbDhYG8Z6yQ==/split_DynamiteModulesC_installtime.dm) is kOatUpToDate with filter 'verify' executable 'false'
06-30 14:43:30.757 I/artd    ( 3273): GetBestInfo: dm (/data/app/~~pUpe9D-hsv0lOCLmNQJGyA==/com.google.android.gms-a0e_AySruvvgbDhYG8Z6yQ==/split_GoogleCertificates_installtime.dm) is kOatUpToDate with filter 'verify' executable 'false'
06-30 14:43:30.758 I/artd    ( 3273): GetBestInfo: dm (/data/app/~~pUpe9D-hsv0lOCLmNQJGyA==/com.google.android.gms-a0e_AySruvvgbDhYG8Z6yQ==/split_MapsDynamite_installtime.dm) is kOatUpToDate with filter 'verify' executable 'false'
06-30 14:43:30.760 I/artd    ( 3273): GetBestInfo: dm (/data/app/~~pUpe9D-hsv0lOCLmNQJGyA==/com.google.android.gms-a0e_AySruvvgbDhYG8Z6yQ==/split_MeasurementDynamite_installtime.dm) is kOatUpToDate with filter 'verify' executable 'false'
06-30 14:43:30.761 I/artd    ( 3273): GetBestInfo: /data/user_de/0/com.google.android.gms/app_chimera/m/0000000e/dl-IdentityCredentialsPlatform.optional_262031100800.apk has no usable artifacts
06-30 14:43:30.762 I/artd    ( 3273): GetBestInfo: /data/user_de/0/com.google.android.gms/app_chimera/m/00000001/CronetDynamite.apk has no usable artifacts
06-30 14:43:30.764 I/artd    ( 3273): GetBestInfo: /data/user_de/0/com.google.android.gms/app_chimera/m/00000013/dl-TfliteDynamiteDynamite.integ_252130102100800.apk has no usable artifacts
06-30 14:43:30.764 I/artd    ( 3273): GetBestInfo: /data/user_de/0/com.google.android.gms/app_chimera/m/00000002/DynamiteLoader.apk has no usable artifacts
06-30 14:43:30.766 I/artd    ( 3273): GetBestInfo: /data/user_de/0/com.google.android.gms/app_chimera/m/0000000c/dl-IdentityCredentialsPlatform.optional_261136100800.apk has no usable artifacts
06-30 14:43:30.767 I/artd    ( 3273): GetBestInfo: /data/user_de/0/com.google.android.gms/app_chimera/m/00000005/GoogleCertificates.apk has no usable artifacts
06-30 14:43:30.769 I/artd    ( 3273): GetBestInfo: /data/user_de/0/com.google.android.gms/app_chimera/m/0000000a/dl-TfliteDynamiteDynamite.integ_260580502100800.apk has no usable artifacts
06-30 14:43:30.771 I/artd    ( 3273): GetBestInfo: /data/user_de/0/com.google.android.gms/app_chimera/m/00000016/dl-PlayCloudSearch.optional_262031100000.apk has no usable artifacts
06-30 14:43:30.772 I/artd    ( 3273): GetBestInfo: /data/user_de/0/com.google.android.gms/app_chimera/m/00000014/dl-MlkitOcrCommon.optional_262031100800.apk has no usable artifacts
06-30 14:43:30.773 I/artd    ( 3273): GetBestInfo: /data/user_de/0/com.google.android.gms/app_chimera/m/00000008/dl-VisionOcr.optional_261136100000.apk has no usable artifacts
06-30 14:43:30.774 I/artd    ( 3273): GetBestInfo: /data/user_de/0/com.google.android.gms/app_chimera/m/00000010/dl-Appsearch.optional_262031100800.apk has no usable artifacts
06-30 14:43:30.776 I/artd    ( 3273): GetBestInfo: /data/user_de/0/com.google.android.gms/app_chimera/m/0000000b/dl-Appsearch.optional_261136100800.apk has no usable artifacts
06-30 14:43:30.778 I/artd    ( 3273): GetBestInfo: vdex next to the dex file (/data/user/0/com.google.android.gms/app_dg_cache/9BCBC14EE674B00B958D4B0C5B4BD883630AA39E/oat/x86_64/the.vdex) is kOatUpToDate with filter 'verify' executable 'false'
06-30 14:43:30.780 I/artd    ( 3273): GetBestInfo: /data/user_de/0/com.google.android.gms/app_chimera/m/00000009/dl-MlkitOcrCommon.optional_261136100800.apk has no usable artifacts
06-30 14:43:30.781 I/artd    ( 3273): GetBestInfo: /data/user/0/com.google.android.gms/app_dg_cache/22DA9D7AD8ED7504E0CAC64C41ECDBD7068924E0/the.apk has no usable artifacts
06-30 14:43:30.783 I/artd    ( 3273): GetBestInfo: vdex next to the dex file (/data/user/0/com.google.android.gms/app_dg_cache/FEE57AEA14526BE59FD8AB1365237E7B7A5CE7CB/oat/x86_64/the.vdex) is kOatUpToDate with filter 'verify' executable 'false'
06-30 14:43:30.784 I/artd    ( 3273): GetBestInfo: vdex next to the dex file (/data/user/0/com.google.android.gms/app_dg_cache/1C62BDE86218FBAA50DF06C4A79F5C3FE74B69EC/oat/x86_64/the.vdex) is kOatUpToDate with filter 'verify' executable 'false'
06-30 14:43:30.786 I/artd    ( 3273): GetBestInfo: /data/user_de/0/com.google.android.gms/app_chimera/m/0000000f/dl-VisionOcr.optional_262031100000.apk has no usable artifacts
06-30 14:43:30.787 I/artd    ( 3273): GetBestInfo: /data/user_de/0/com.google.android.gms/app_chimera/m/00000015/dl-MlkitBarcodeUi.optional_262031100800.apk has no usable artifacts
06-30 14:43:30.790 I/artd    ( 3273): GetBestInfo: /data/user_de/0/com.google.android.gms/app_chimera/m/00000007/MeasurementDynamite.apk has no usable artifacts
06-30 14:43:31.125 I/wpa_supplicant(  961): wlan0: CTRL-EVENT-BEACON-LOSS 
06-30 14:43:31.436 I/HalDevMgr(  690): bestIfaceCreationProposal is null, requestIface=STA, existingIface=[name=wlan0 type=STA]
06-30 14:43:31.934 I/WM-WorkerWrapper(24771): Worker result SUCCESS for Work [ id=b9a643a0-6662-48a2-8b67-e05b6ed0866d, tags={ androidx.glance.session.SessionWorker } ]
06-30 14:43:33.436 I/ForwardSyncCache( 3977): reclaimMemory: Clearing caches
06-30 14:43:33.436 I/BugleSpam( 3977): HadesBitmapStore: Purged 0 images during memory reclamation
06-30 14:43:33.436 I/BugleRestore( 3977): reclaimMemory: Clearing persistent caches
06-30 14:43:33.436 W/Bugle   ( 3977): TextClassifierLibManagerImpl: Reclaiming memory at level: 40
06-30 14:43:34.443 E/hmly    ( 1317): Got more than one input Future failure. Logging failures after the first
06-30 14:43:34.443 E/hmly    ( 1317): java.io.IOException: Unable to create parent directories of /data/user/0/com.google.android.gms/files/mobstore_salt.pb.lock
06-30 14:43:34.443 E/hmly    ( 1317): 	at hhkm.c(:com.google.android.gms@262031038@26.20.31 (260800-919905943):37)
06-30 14:43:34.443 E/hmly    ( 1317): 	at gons.e(:com.google.android.gms@262031038@26.20.31 (260800-919905943):5)
06-30 14:43:34.443 E/hmly    ( 1317): 	at goqk.a(:com.google.android.gms@262031038@26.20.31 (260800-919905943):198)
06-30 14:43:34.443 E/hmly    ( 1317): 	at gomy.d(:com.google.android.gms@262031038@26.20.31 (260800-919905943):5)
06-30 14:43:34.443 E/hmly    ( 1317): 	at gosk.a(:com.google.android.gms@262031038@26.20.31 (260800-919905943):28)
06-30 14:43:34.443 E/hmly    ( 1317): 	at hdmz.a(:com.google.android.gms@262031038@26.20.31 (260800-919905943):17)
06-30 14:43:34.443 E/hmly    ( 1317): 	at hmnp.a(:com.google.android.gms@262031038@26.20.31 (260800-919905943):20)
06-30 14:43:34.443 E/hmly    ( 1317): 	at hmpt.a(:com.google.android.gms@262031038@26.20.31 (260800-919905943):3)
06-30 14:43:34.443 E/hmly    ( 1317): 	at hmou.run(:com.google.android.gms@262031038@26.20.31 (260800-919905943):19)
06-30 14:43:34.443 E/hmly    ( 1317): 	at hmpv.run(:com.google.android.gms@262031038@26.20.31 (260800-919905943):5)
06-30 14:43:34.443 E/hmly    ( 1317): 	at hmnr.run(:com.google.android.gms@262031038@26.20.31 (260800-919905943):20)
06-30 14:43:34.443 E/hmly    ( 1317): 	at java.util.concurrent.ThreadPoolExecutor.runWorker(ThreadPoolExecutor.java:1100)
06-30 14:43:34.443 E/hmly    ( 1317): 	at java.util.concurrent.ThreadPoolExecutor$Worker.run(ThreadPoolExecutor.java:624)
06-30 14:43:34.443 E/hmly    ( 1317): 	at java.lang.Thread.run(Thread.java:1572)
06-30 14:43:34.445 I/HalDevMgr(  690): bestIfaceCreationProposal is null, requestIface=STA, existingIface=[name=wlan0 type=STA]
06-30 14:43:37.453 I/HalDevMgr(  690): bestIfaceCreationProposal is null, requestIface=STA, existingIface=[name=wlan0 type=STA]
06-30 14:43:39.061 I/wpa_supplicant(  961): wlan0: CTRL-EVENT-BEACON-LOSS 
06-30 14:43:39.552 D/SatelliteController( 1128): isInCarrierRoamingNbIotNtn: satellite is disabled
06-30 14:43:39.553 D/SatelliteController( 1128): getCarrierRoamingNtnConnectType: Checking connect type from PLMN config for subId: 1
06-30 14:43:39.553 D/TelephonyConfigUpdateInstallReceiver( 1128): getConfigParser: domain=satellite
06-30 14:43:39.553 V/SatelliteController( 1128): satelliteConfigParser is not ready
06-30 14:43:39.553 D/SatelliteController( 1128): isSatelliteAttachSupportedViaConfigupdater: return null (satelliteConfig is null)
06-30 14:43:39.553 D/SatelliteController( 1128): getSatellitePerPlmnConfiguration: invalid subId or not supported via carrier.
06-30 14:43:39.553 D/SatelliteController( 1128): getCarrierRoamingNtnConnectType: config: null
06-30 14:43:39.553 D/TelephonyConfigUpdateInstallReceiver( 1128): getConfigParser: domain=satellite
06-30 14:43:39.553 V/SatelliteController( 1128): satelliteConfigParser is not ready
06-30 14:43:39.553 D/SatelliteController( 1128): getCarrierRoamingNtnConnectTypeViaConfigUpdater: return null (satelliteConfig is null)
06-30 14:43:39.554 D/SatelliteController( 1128): getCarrierRoamingNtnConnectType: Falling back to global carrier config connect type: 0
06-30 14:43:39.554 D/TelephonyConfigUpdateInstallReceiver( 1128): getConfigParser: domain=satellite
06-30 14:43:39.554 V/SatelliteController( 1128): satelliteConfigParser is not ready
06-30 14:43:39.554 D/SatelliteController( 1128): isSatelliteAttachSupportedViaConfigupdater: return null (satelliteConfig is null)
06-30 14:43:39.554 D/SatelliteController( 1128): getCarrierRoamingNtnConnectType: Checking connect type from PLMN config for subId: 1
06-30 14:43:39.554 D/TelephonyConfigUpdateInstallReceiver( 1128): getConfigParser: domain=satellite
06-30 14:43:39.554 V/SatelliteController( 1128): satelliteConfigParser is not ready
06-30 14:43:39.554 D/SatelliteController( 1128): isSatelliteAttachSupportedViaConfigupdater: return null (satelliteConfig is null)
06-30 14:43:39.555 D/SatelliteController( 1128): getSatellitePerPlmnConfiguration: invalid subId or not supported via carrier.
06-30 14:43:39.555 D/SatelliteController( 1128): getCarrierRoamingNtnConnectType: config: null
06-30 14:43:39.555 D/TelephonyConfigUpdateInstallReceiver( 1128): getConfigParser: domain=satellite
06-30 14:43:39.555 V/SatelliteController( 1128): satelliteConfigParser is not ready
06-30 14:43:39.555 D/SatelliteController( 1128): getCarrierRoamingNtnConnectTypeViaConfigUpdater: return null (satelliteConfig is null)
06-30 14:43:39.555 D/SatelliteController( 1128): getCarrierRoamingNtnConnectType: Falling back to global carrier config connect type: 0
06-30 14:43:39.555 D/TelephonyConfigUpdateInstallReceiver( 1128): getConfigParser: domain=satellite
06-30 14:43:39.555 V/SatelliteController( 1128): satelliteConfigParser is not ready
06-30 14:43:39.555 D/SatelliteController( 1128): isSatelliteAttachSupportedViaConfigupdater: return null (satelliteConfig is null)
06-30 14:43:39.626 W/ContentProviderHelper(  690): Permission Denial: opening provider com.android.providers.calendar.CalendarProvider2 from ProcessRecord{5a68432 2807:com.google.android.apps.nexuslauncher/u0a192} (pid=2807, uid=10192) requires android.permission.READ_CALENDAR or android.permission.WRITE_CALENDAR
06-30 14:43:39.628 W/AS.PlaybackActivityMon(  690): No piid assigned for invalid/internal port id 15
06-30 14:43:39.628 W/AS.PlaybackActivityMon(  690): No piid assigned for invalid/internal port id 15
06-30 14:43:39.631 W/ActivityManager(  690): Skipping manifest association check for null package. SourceUid: 10104, SourcePkg: com.android.providers.calendar, TargetUid: 10192, TargetPkg: null
06-30 14:43:39.649 D/ActivityManager(  690): sync unfroze 6575 com.android.providers.calendar for 7
06-30 14:43:39.659 V/GrammaticalInflectionUtils(  690): AttributionSource: android.content.AttributionSource@7d05141f does not have READ_SYSTEM_GRAMMATICAL_GENDER permission.
06-30 14:43:39.659 W/viders.calendar( 6575): Reducing the number of considered missed Gc histogram windows from 1348 to 100
06-30 14:43:39.665 V/RecentTasksController(  981): Notify recent tasks changed
06-30 14:43:39.666 V/ActivityTaskManager(  690): TaskLaunchParamsModifier: phase=3 task=Task{b333664 #508 type=standard A=10160:com.android.calendar.event.LaunchInfoActivity} activity=ActivityRecord{14542839 u0 com.google.android.calendar/com.android.calendar.AllInOneActivity t-1} display-from-option=0 display-id=0 task-display-area-windowing-mode=1 suggested-display-area=DefaultTaskDisplayArea@98618239 inherit-from-source=fullscreen non-freeform-task-display-area display-area=DefaultTaskDisplayArea@98618239 skip-bounds-fullscreen
06-30 14:43:39.666 I/ActivityTaskManager(  690): START u0 {act=android.intent.action.VIEW dat=content://com.android.calendar/... flg=0x10200000 xflg=0x4 cmp=com.google.android.calendar/com.android.calendar.AllInOneActivity bnds=[50,161][1117,434]} with LAUNCH_MULTIPLE from uid 10192 (com.google.android.apps.nexuslauncher) (sr=160058977) (BAL_ALLOW_VISIBLE_WINDOW) result code=0
06-30 14:43:39.666 V/WindowManagerShell(  981): Transition requested (#89): android.os.BinderProxy@6a5d032 TransitionRequestInfo { type = OPEN, triggerTask = TaskInfo{userId=0 taskId=508 effectiveUid=10160 displayId=0 isRunning=true baseIntent=Intent { act=android.intent.action.VIEW dat=content://com.android.calendar/... flg=0x10a00000 cmp=com.google.android.calendar/com.android.calendar.AllInOneActivity } baseActivity=ComponentInfo{com.google.android.calendar/com.android.calendar.event.LaunchInfoActivity} topActivity=ComponentInfo{com.google.android.calendar/com.android.calendar.event.LaunchInfoActivity} origActivity=ComponentInfo{com.google.android.calendar/com.android.calendar.AllInOneActivity} realActivity=ComponentInfo{com.google.android.calendar/com.android.calendar.event.LaunchInfoActivity} realActivityIsAppLockEnabled=false numActivities=1 lastActiveTime=13847612 supportsMultiWindow=true supportsMultiWindowWithoutConstraints=true resizeMode=1 isResizeable=true minWidth=-1 minHeight=-1 defaultMinSize=220 token=WCT{android.os.BinderProxy@2b51183} topActivityType=1 pictureInPictureParams=null shouldDockBigOverlays=false launchIntoPipHostTaskId=-1 lastParentTaskIdBeforePip=-1 displayCutoutSafeInsets=Rect(0, 132 - 0, 0) topActivityInfo=ActivityInfo{c08f00 com.android.calendar.AllInOneActivity} launchCookies=[] positionInParent=Point(0, 0) parentTaskId=-1 isFocused=false isInteractive=false isVisible=false isVisibleRequested=false isTopActivityNoDisplay=true isSleeping=false locusId=null displayAreaFeatureId=1 isTopActivityTransparent=true isActivityStackTransparent=true lastNonFullscreenBounds=null leafTaskBoundsFromOptions= false capturedLink=null capturedLinkTimestamp=0 requestedVisibleTypes=503 topActivityRequestOpenInBrowserEducationTimestamp=0 appCompatTaskInfo=AppCompatTaskInfo { topActivityInSizeCompat=false isLeafTask= true eligibleForLetterboxEducation= false isLetterboxEducationEnabled= true isLetterboxDoubleTapEnabled= false eligibleForUserAspectRatioButton= false topActivityBoundsLetterboxed= false isFromLetterboxDoubleTap= false topActivityLetterboxVerticalPosition= -1 topActivityLetterboxHorizontalPosition= -1 topActivityLetterboxWidth=-1 topActivityLetterboxHeight=-1 topActivityAppBounds=Rect(0, 0 - 1080, 2400) isUserFullscreenOverrideEnabled=false isSystemFullscreenOverrideEnabled=false hasMinAspectRatioOverride=false topActivityLetterboxBounds=null topNonResizableActivityAspectRatio=-1.0} topActivityMainWindowFrame=null isAppBubble=false}, pipChange = null, remoteTransitionInfo = RemoteTransitionInfo { remoteTransition = android.window.IRemoteTransition$Stub$Proxy@78f1339, debugName = QuickstepLaunch, filter = null }, displayChanges = null, requestedLocation = null, userChange = null, windowingLayerChange = null, fullscreenRequestChange = null, flags = 0, debugId = 89 }
06-30 14:43:39.666 W/DisconnectHandler(  981): No disconnect change found in the transition, not handling request.
06-30 14:43:39.666 W/DisconnectHandler(  981): No disconnect change found in the transition, not handling request.
06-30 14:43:39.666 V/ShellDesktopMode(  981): DesktopTasksController: skipping handleRequest reason=triggerTask's display doesn't support desktop mode
06-30 14:43:39.666 D/ShellSplitScreen(  981): logExit: no-op, mLoggerSessionId is null
06-30 14:43:39.666 V/WindowManagerShell(  981): RemoteTransition directly requested for (#89) android.os.BinderProxy@6a5d032: RemoteTransition { remoteTransition = android.window.IRemoteTransition$Stub$Proxy@78f1339, appThread = null, debugName = QuickstepLaunch, filter = null }
06-30 14:43:39.666 V/WindowManagerShell(  981): Transition (#89): request handled by DefaultMixedHandler
06-30 14:43:39.667 D/SmartspaceInteractor( 2807): notifySmartspaceEvent: SmartspaceTargetEvent{mSmartspaceTarget=SmartspaceTarget{mSmartspaceTargetId='date_card_794317_92634', mHeaderAction=null, mBaseAction=null, mCreationTimeMillis=0, mExpiryTimeMillis=0, mScore=0.0, mActionChips=[], mIconGrid=[], mFeatureType=1, mSensitive=false, mShouldShowExpanded=false, mSourceNotificationKey='null', mComponentName=ComponentInfo{com.google.android.apps.nexuslauncher/a9.x}, mUserHandle=UserHandle{0}, mAssociatedSmartspaceTargetId='null', mSliceUri=null, mWidget=null, mTemplateData=BaseTemplateData{mTemplateType=1, mPrimaryItem=null, mSubtitleItem=null, mSubtitleSupplementalItem=null, mSupplementalLineItem=null, mSupplementalAlarmItem=null, mLayoutWeight=0}, mRemoteViews=null}, mSmartspaceActionId='ad7781ab-dab4-42a1-a89c-57f897267cfe', mEventType=1}
06-30 14:43:39.667 D/RecentsView( 2807): onTaskDisplayChanged: 508, new displayId = 0
06-30 14:43:39.667 D/RecentTasksList( 2807): invalidateLoadedTasks - previous requestLoadId: -1
06-30 14:43:39.667 D/BaseActivity( 2807): Launcher flags updated: [state_started|state_resumed|state_deferred_resumed|state_window_focused|state_user_active] -[]
06-30 14:43:39.668 I/libbinder.BpBinder(  527): onLastStrongRef automatically unlinking death recipients for binder (0x7d6e3245b270) with descriptor: '(not cached)'
06-30 14:43:39.671 D/BaseActivity( 2807): Launcher flags updated: [state_started|state_resumed|state_deferred_resumed|state_window_focused] -[state_user_active]
06-30 14:43:39.671 D/BaseActivity( 2807): Launcher flags updated: [state_started|state_window_focused] -[state_resumed|state_deferred_resumed]
06-30 14:43:39.672 W/SplitSelectStateCtor( 2807): Missing session instanceIds
06-30 14:43:39.672 D/StatsLog( 2807): LAUNCHER_SPLIT_SELECTION_EXIT_INTERRUPTED
06-30 14:43:39.675 W/libbinder.IPCThreadState(  690): Sending oneway calls to frozen process.
06-30 14:43:39.675 D/WindowManagerShell(  981): setLauncherKeepClearAreaHeight: visible=false, height=495
06-30 14:43:39.679 D/ActivityManager(  690): quick sync unfreeze 6557 for 1
06-30 14:43:39.682 I/AiAiEcho( 1592): New event: EchoSmartspaceEvent(targetId=date_card_794317_92634, smartspaceEventType=1, uiSurface=, cardCreationTime=1970-01-01T00:00:00Z, cardDeletionTime=1970-01-01T00:00:00Z, cardFeatureType=1, componentName=ComponentInfo{com.google.android.apps.nexuslauncher/a9.x}, userId=0, triggerTime=2026-06-30T14:43:39.674Z)
06-30 14:43:39.683 I/AiAiEcho( 1592): Predicting[0]:  [CONTEXT sampling_count=5 ]
06-30 14:43:39.683 I/AiAiEcho( 1592): EchoTargets: 
06-30 14:43:39.683 I/AiAiEcho( 1592): Filtered by AiAi flag check: 
06-30 14:43:39.683 I/AiAiEcho( 1592): [CONTEXT ratelimit_period="10 SECONDS" ]
06-30 14:43:39.684 I/AiAiEcho( 1592): #remoteViewsTwiddler: feature disabled.
06-30 14:43:39.690 D/ActivityManager(  690): sync unfroze 6557 com.google.android.calendar for 1
06-30 14:43:39.693 I/AiAiEcho( 1592): Predicting[0]:  [CONTEXT sampling_count=5 ]
06-30 14:43:39.693 I/AiAiEcho( 1592): EchoTargets: 
06-30 14:43:39.693 I/AiAiEcho( 1592): Filtered by AiAi flag check: 
06-30 14:43:39.693 I/AiAiEcho( 1592): [CONTEXT ratelimit_period="10 SECONDS" ]
06-30 14:43:39.693 I/AiAiEcho( 1592): #remoteViewsTwiddler: feature disabled.
06-30 14:43:39.697 I/AiAiEcho( 1592): Predicting[0]:  [CONTEXT sampling_count=5 ]
06-30 14:43:39.697 I/AiAiEcho( 1592): EchoTargets: 
06-30 14:43:39.697 I/AiAiEcho( 1592): Filtered by AiAi flag check: 
06-30 14:43:39.697 I/AiAiEcho( 1592): [CONTEXT ratelimit_period="10 SECONDS" ]
06-30 14:43:39.699 I/AiAiEcho( 1592): #remoteViewsTwiddler: feature disabled.
06-30 14:43:39.699 I/AiAiEcho( 1592): #postPredictionTargets: Sending updates to UISurface ambientcue with targets# 0 (types=[])
06-30 14:43:39.700 I/AiAiEcho( 1592): #postPredictionTargets: Sending updates to UISurface lockscreen with targets# 0 (types=[])
06-30 14:43:39.700 I/AiAiEcho( 1592): #postPredictionTargets: Sending updates to UISurface home with targets# 0 (types=[])
06-30 14:43:39.700 I/AmbientCueRepository(  981): Receiving SmartSpace targets # 0
06-30 14:43:39.706 I/DisplayManager( 6557): Choreographer implicitly registered for the refresh rate.
06-30 14:43:39.714 D/BaseActivity( 2807): Launcher flags updated: [state_started] -[state_window_focused]
06-30 14:43:39.718 D/ShortcutAndWidgetContainer( 2807): appWidgetScale - [x,y]: [1.0,1.0]
06-30 14:43:39.718 D/NavigableAppWidgetHostView( 2807): updateScale - [fitScale,bounceScale]: [1.0,1.0]
06-30 14:43:39.718 D/ShortcutAndWidgetContainer( 2807): appWidgetScale - [x,y]: [1.0,1.0]
06-30 14:43:39.718 D/NavigableAppWidgetHostView( 2807): updateScale - [fitScale,bounceScale]: [1.0,1.0]
06-30 14:43:39.718 D/ShortcutAndWidgetContainer( 2807): appWidgetScale - [x,y]: [1.0,1.0]
06-30 14:43:39.718 D/NavigableAppWidgetHostView( 2807): updateScale - [fitScale,bounceScale]: [1.0,1.0]
06-30 14:43:39.718 D/ShortcutAndWidgetContainer( 2807): appWidgetScale - [x,y]: [1.0,1.0]
06-30 14:43:39.718 D/NavigableAppWidgetHostView( 2807): updateScale - [fitScale,bounceScale]: [1.0,1.0]
06-30 14:43:39.718 D/SsBaseTemplateCard( 2807): Passed-in item info is null
06-30 14:43:39.718 D/SsBaseTemplateCard( 2807): Passed-in item info is null
06-30 14:43:39.718 D/SsBaseTemplateCard( 2807): Passed-in item info is null
06-30 14:43:39.718 D/SsBaseTemplateCard( 2807): Passed-in item info is null
06-30 14:43:39.718 I/SsBaseTemplateCard( 2807): Secondary card pane is null
06-30 14:43:39.753 I/GFXSTREAM( 6557): [eglDisplay.cpp(297)] Opening libGLESv1_CM_emulation.so
06-30 14:43:39.753 I/GFXSTREAM( 6557): [eglDisplay.cpp(297)] Opening libGLESv2_emulation.so
06-30 14:43:39.765 W/libc    ( 6557): Access denied finding property "vendor.mesa.virtgpu.kumquat"
06-30 14:43:39.771 W/HWUI    ( 6557): Failed to choose config with EGL_SWAP_BEHAVIOR_PRESERVED, retrying without...
06-30 14:43:39.771 W/HWUI    ( 6557): Failed to initialize 101010-2 format, error = EGL_SUCCESS
06-30 14:43:39.796 I/APM_AudioPolicyManager(  523): getNewOutputDevices io 13 recent device override {AUDIO_DEVICE_OUT_SPEAKER, @:}
06-30 14:43:39.799 V/RecentTasksController(  981): generateList(getRecentTasks)
06-30 14:43:39.799 V/RecentTasksController(  981): initializeDesksMap - allDeskIds: []
06-30 14:43:39.799 V/RecentTasksController(  981): Task 508 is a transparent overlay on active desk
06-30 14:43:39.799 V/RecentTasksController(  981): Added fullscreen task: 508
06-30 14:43:39.799 V/RecentTasksController(  981): Task 507 is not an active desktop task
06-30 14:43:39.799 V/RecentTasksController(  981): Added fullscreen task: 507
06-30 14:43:39.799 V/RecentTasksController(  981): Task 496 is not an active desktop task
06-30 14:43:39.799 V/RecentTasksController(  981): Added fullscreen task: 496
06-30 14:43:39.799 V/RecentTasksController(  981): generateList - complete
06-30 14:43:39.800 V/RecentTasksController(  981): Notify recent tasks changed
06-30 14:43:39.800 D/RecentTasksList( 2807): invalidateLoadedTasks - previous requestLoadId: -1
06-30 14:43:39.802 D/PreloadThumbnailUseCase( 2807): Preloading thumbnails for task ids: [[id=496 windowingMode=1 user=0 lastActiveTime=12996805] null, [id=507 windowingMode=1 user=0 lastActiveTime=13054823] null, [id=508 windowingMode=1 user=0 lastActiveTime=13847622] null]
06-30 14:43:39.809 D/DesktopExperienceFlags( 6557): Toggle override initialized to: false
06-30 14:43:39.820 I/GFXSTREAM(  690): [eglDisplay.cpp(297)] Opening libGLESv1_CM_emulation.so
06-30 14:43:39.822 I/GFXSTREAM(  690): [eglDisplay.cpp(297)] Opening libGLESv2_emulation.so
06-30 14:43:39.825 W/libc    (  690): Access denied finding property "vendor.mesa.virtgpu.kumquat"
06-30 14:43:39.820 W/GrallocUploadTh(  690): type=1400 audit(0.0:113): avc:  denied  { read } for  name="u:object_r:vendor_default_prop:s0" dev="tmpfs" ino=404 scontext=u:r:system_server:s0 tcontext=u:object_r:vendor_default_prop:s0 tclass=file permissive=0
06-30 14:43:39.829 W/HWUI    (  690): Failed to choose config with EGL_SWAP_BEHAVIOR_PRESERVED, retrying without...
06-30 14:43:39.829 W/HWUI    (  690): Failed to initialize 101010-2 format, error = EGL_SUCCESS
06-30 14:43:39.982 I/c.acdt  ( 6557): AppUpdater is not enabled via the shared remote parameter. Unregistering callback.
06-30 14:43:39.985 D/TelephonyManager(  690): requestModemActivityInfo: Sending result to app: ModemActivityInfo{ mTimestamp=13847929 mSleepTimeMs=1974 mIdleTimeMs=658 mActivityStatsTechSpecificInfo=[{mRat=UNKNOWN,mFrequencyRange=UNKNOWN,mTxTimeMs[]=[47, 141, 282, 376, 423],mRxTimeMs=423}]}
06-30 14:43:40.011 I/FontLog ( 1317): (REDACTED) Received query %s, URI %s
06-30 14:43:40.011 I/FontLog ( 1317): (REDACTED) Query [%s] resolved to %s
06-30 14:43:40.012 I/FontLog ( 1317): (REDACTED) Fetch %s end status %s
06-30 14:43:40.013 I/FontLog ( 1317): (REDACTED) Pulling font file for id = %d, cache size = %d
06-30 14:43:40.014 I/HWUI    ( 6557): Using FreeType backend (prop=Auto)
06-30 14:43:40.020 I/FontLog ( 1317): (REDACTED) Pulling font file for id = %d, cache size = %d
06-30 14:43:40.023 V/GrammaticalInflectionUtils(  690): AttributionSource: android.content.AttributionSource@7d05141f does not have READ_SYSTEM_GRAMMATICAL_GENDER permission.
06-30 14:43:40.028 D/RecentsView( 2807): onTaskDisplayChanged: 509, new displayId = 0
06-30 14:43:40.032 V/RecentTasksController(  981): Notify recent tasks changed
06-30 14:43:40.034 D/ShellDesktopMode(  981): DesktopRepository(0): Removes freeform task: taskId=451
06-30 14:43:40.034 V/ActivityTaskManager(  690): TaskLaunchParamsModifier: phase=3 task=Task{2e2681d #509 type=standard A=10160:google.android.task.calendar} activity=ActivityRecord{139614452 u0 com.google.android.calendar/.allinone.AllInOneCalendarActivity t-1} display-from-no-display-source=0 display-id=0 task-display-area-windowing-mode=1 suggested-display-area=DefaultTaskDisplayArea@98618239 inherit-from-source=fullscreen non-freeform-task-display-area display-area=DefaultTaskDisplayArea@98618239 skip-bounds-fullscreen
06-30 14:43:40.034 W/ShellDesktopMode(  981): DesktopRepository(0): No display id found for task: taskId=451
06-30 14:43:40.034 I/ActivityTaskManager(  690): START u0 {act=android.intent.action.VIEW dat=content://com.android.calendar/... flg=0x10200000 xflg=0x4 cmp=com.google.android.calendar/.allinone.AllInOneCalendarActivity bnds=[50,161][1117,434] (has extras)} with LAUNCH_SINGLE_TASK from uid 10160 (com.google.android.calendar) (sr=14542839) (BAL_ALLOW_VISIBLE_WINDOW) result code=0
06-30 14:43:40.034 V/RecentTasksController(  981): Notify recent tasks changed
06-30 14:43:40.034 D/RecentTasksList( 2807): invalidateLoadedTasks - previous requestLoadId: -1
06-30 14:43:40.037 D/RecentTasksList( 2807): invalidateLoadedTasks - previous requestLoadId: -1
06-30 14:43:40.046 W/InputChannel-JNI(  690): Channel already disposed.
06-30 14:43:40.051 D/ConnectivityService(  690): Returning UNBLOCKED NetworkInfo to uid=10160
06-30 14:43:40.056 W/libbinder.IPCThreadState(  596): Sending oneway calls to frozen process.
06-30 14:43:40.063 V/WindowManager(  690): Defer transition id=89 for TaskFragmentTransaction=android.os.Binder@4f2251
06-30 14:43:40.067 V/WindowManager(  690): Continue transition id=89 for TaskFragmentTransaction=android.os.Binder@4f2251
06-30 14:43:40.071 D/WindowManager(  690): setClientSurface Surface(name=VRI-Splash Screen com.google.android.calendar#1075)/@0x9cc7ab6 for 1dbd28c Splash Screen com.google.android.calendar
06-30 14:43:40.072 I/Surface (  981): Creating surface for consumer unnamed-981-33 with slotExpansion=1 for 64 slots
06-30 14:43:40.073 I/Surface (  981): Creating surface for consumer VRI[calendar]#20(BLAST Consumer)20 with slotExpansion=1 for 64 slots
06-30 14:43:40.083 E/hmly    ( 1317): Got more than one input Future failure. Logging failures after the first
06-30 14:43:40.083 E/hmly    ( 1317): java.io.IOException: Unable to create parent directories of /data/user/0/com.google.android.gms/files/mobstore_salt.pb.lock
06-30 14:43:40.083 E/hmly    ( 1317): 	at hhkm.c(:com.google.android.gms@262031038@26.20.31 (260800-919905943):37)
06-30 14:43:40.083 E/hmly    ( 1317): 	at gons.e(:com.google.android.gms@262031038@26.20.31 (260800-919905943):5)
06-30 14:43:40.083 E/hmly    ( 1317): 	at goqk.a(:com.google.android.gms@262031038@26.20.31 (260800-919905943):198)
06-30 14:43:40.083 E/hmly    ( 1317): 	at gomy.d(:com.google.android.gms@262031038@26.20.31 (260800-919905943):5)
06-30 14:43:40.083 E/hmly    ( 1317): 	at gosk.a(:com.google.android.gms@262031038@26.20.31 (260800-919905943):28)
06-30 14:43:40.083 E/hmly    ( 1317): 	at hdmz.a(:com.google.android.gms@262031038@26.20.31 (260800-919905943):17)
06-30 14:43:40.083 E/hmly    ( 1317): 	at hmnp.a(:com.google.android.gms@262031038@26.20.31 (260800-919905943):20)
06-30 14:43:40.083 E/hmly    ( 1317): 	at hmpt.a(:com.google.android.gms@262031038@26.20.31 (260800-919905943):3)
06-30 14:43:40.083 E/hmly    ( 1317): 	at hmou.run(:com.google.android.gms@262031038@26.20.31 (260800-919905943):19)
06-30 14:43:40.083 E/hmly    ( 1317): 	at hmpv.run(:com.google.android.gms@262031038@26.20.31 (260800-919905943):5)
06-30 14:43:40.083 E/hmly    ( 1317): 	at hmnr.run(:com.google.android.gms@262031038@26.20.31 (260800-919905943):20)
06-30 14:43:40.083 E/hmly    ( 1317): 	at java.util.concurrent.ThreadPoolExecutor.runWorker(ThreadPoolExecutor.java:1100)
06-30 14:43:40.083 E/hmly    ( 1317): 	at java.util.concurrent.ThreadPoolExecutor$Worker.run(ThreadPoolExecutor.java:624)
06-30 14:43:40.083 E/hmly    ( 1317): 	at java.lang.Thread.run(Thread.java:1572)
06-30 14:43:40.149 V/WindowManagerShell(  981): onTransitionReady(transaction=2963527443046)
06-30 14:43:40.151 V/WindowManager(  690): Sent Transition (#89) createdAt=06-30 14:43:39.659 via request=TransitionRequestInfo { type = OPEN, triggerTask = TaskInfo{userId=0 taskId=508 effectiveUid=10160 displayId=0 isRunning=true baseIntent=Intent { act=android.intent.action.VIEW dat=content://com.android.calendar/... flg=0x10a00000 cmp=com.google.android.calendar/com.android.calendar.AllInOneActivity } baseActivity=ComponentInfo{com.google.android.calendar/com.android.calendar.event.LaunchInfoActivity} topActivity=ComponentInfo{com.google.android.calendar/com.android.calendar.event.LaunchInfoActivity} origActivity=ComponentInfo{com.google.android.calendar/com.android.calendar.AllInOneActivity} realActivity=ComponentInfo{com.google.android.calendar/com.android.calendar.event.LaunchInfoActivity} realActivityIsAppLockEnabled=false numActivities=1 lastActiveTime=13847612 supportsMultiWindow=true supportsMultiWindowWithoutConstraints=true resizeMode=1 isResizeable=true minWidth=-1 minHeight=-1 defaultMinSize=220 token=WCT{RemoteToken{21d8c42 Task{b333664 #508 type=standard A=10160:com.android.calendar.event.LaunchInfoActivity}}} topActivityType=1 pictureInPictureParams=null shouldDockBigOverlays=false launchIntoPipHostTaskId=-1 lastParentTaskIdBeforePip=-1 displayCutoutSafeInsets=Rect(0, 132 - 0, 0) topActivityInfo=ActivityInfo{45d0453 com.android.calendar.AllInOneActivity} launchCookies=[] positionInParent=Point(0, 0) parentTaskId=-1 isFocused=false isInteractive=false isVisible=false isVisibleRequested=false isTopActivityNoDisplay=true isSleeping=false locusId=null displayAreaFeatureId=1 isTopActivityTransparent=true isActivityStackTransparent=true lastNonFullscreenBounds=null leafTaskBoundsFromOptions= false capturedLink=null capturedLinkTimestamp=0 requestedVisibleTypes=503 topActivityRequestOpenInBrowserEducationTimestamp=0 appCompatTaskInfo=AppCompatTaskInfo { topActivityInSizeCompat=false isLeafTask= true eligibleForLetterboxEducation= false isLetterboxEducationEnabled= true isLetterboxDoubleTapEnabled= false eligibleForUserAspectRatioButton= false topActivityBoundsLetterboxed= false isFromLetterboxDoubleTap= false topActivityLetterboxVerticalPosition= -1 topActivityLetterboxHorizontalPosition= -1 topActivityLetterboxWidth=-1 topActivityLetterboxHeight=-1 topActivityAppBounds=Rect(0, 0 - 1080, 2400) isUserFullscreenOverrideEnabled=false isSystemFullscreenOverrideEnabled=false hasMinAspectRatioOverride=false topActivityLetterboxBounds=null topNonResizableActivityAspectRatio=-1.0} topActivityMainWindowFrame=null isAppBubble=false}, pipChange = null, remoteTransitionInfo = RemoteTransitionInfo { remoteTransition = android.window.IRemoteTransition$Stub$Proxy@e1e5190, debugName = QuickstepLaunch, filter = null }, displayChanges = null, requestedLocation = null, userChange = null, windowingLayerChange = null, fullscreenRequestChange = null, flags = 0, debugId = 89 }
06-30 14:43:40.153 V/WindowManager(  690):     startWCT=WindowContainerTransaction { changes= {} hops= [] flags= 0 errorCallbackToken=null taskFragmentOrganizer=null }
06-30 14:43:40.155 V/WindowManager(  690):     info={id=89 t=OPEN f=0x0 trk=0 r=[0@Point(0, 0)] c=[
06-30 14:43:40.155 V/WindowManager(  690):         {WCT{RemoteToken{522ca89 Task{2e2681d #509 type=standard A=10160:google.android.task.calendar}}} m=OPEN f=MOVE_TO_TOP|FLAG_CHANGED_INTERACTIVE leash=Surface(name=Task=509#1072)/@0xdb7e724 sb=Rect(0, 0 - 1080, 2400) eb=Rect(0, 0 - 1080, 2400) epz=Point(1080, 2400) d=0 taskParent=-1 winMode=1 userId=0},
06-30 14:43:40.155 V/WindowManager(  690):         {WCT{RemoteToken{12c0cb7 Task{adf5de0 #1 type=home}}} m=TO_BACK f=SHOW_WALLPAPER|FLAG_CHANGED_INTERACTIVE leash=Surface(name=Task=1#35)/@0x3cdaf5c sb=Rect(0, 0 - 1080, 2400) eb=Rect(0, 0 - 1080, 2400) epz=Point(1080, 2400) d=0 taskParent=-1 winMode=1 userId=0},
06-30 14:43:40.155 V/WindowManager(  690):         {m=TO_BACK f=IS_WALLPAPER leash=Surface(name=WallpaperWindowToken{8e22b1e}#55)/@0xe1349cf sb=Rect(0, 0 - 1080, 2400) eb=Rect(0, 0 - 1080, 2400) epz=Point(1080, 2400) d=0}
06-30 14:43:40.155 V/WindowManager(  690):     ]}
06-30 14:43:40.156 V/WindowManagerShell(  981): onTransitionReady (#89) android.os.BinderProxy@6a5d032: {id=89 t=OPEN f=0x0 trk=0 r=[0@Point(0, 0)] c=[
06-30 14:43:40.156 V/WindowManagerShell(  981):         {m=OPEN f=MOVE_TO_TOP|FLAG_CHANGED_INTERACTIVE leash=Surface(name=Task=509#1072)/@0x46e05f4 sb=Rect(0, 0 - 1080, 2400) eb=Rect(0, 0 - 1080, 2400) epz=Point(1080, 2400) d=0 taskParent=-1 winMode=1 userId=0},
06-30 14:43:40.156 V/WindowManagerShell(  981):         {m=TO_BACK f=SHOW_WALLPAPER|FLAG_CHANGED_INTERACTIVE leash=Surface(name=Task=1#35)/@0x761111d sb=Rect(0, 0 - 1080, 2400) eb=Rect(0, 0 - 1080, 2400) epz=Point(1080, 2400) d=0 taskParent=-1 winMode=1 userId=0},
06-30 14:43:40.156 V/WindowManagerShell(  981):         {m=TO_BACK f=IS_WALLPAPER leash=Surface(name=WallpaperWindowToken{8e22b1e}#55)/@0xf94f92 sb=Rect(0, 0 - 1080, 2400) eb=Rect(0, 0 - 1080, 2400) epz=Point(1080, 2400) d=0}
06-30 14:43:40.156 V/WindowManagerShell(  981):     ]}
06-30 14:43:40.159 V/WindowManagerShell(  981): Playing animation for (#89) android.os.BinderProxy@6a5d032@0
06-30 14:43:40.160 V/WindowManagerShell(  981):  try firstHandler com.android.wm.shell.transition.DefaultMixedHandler@72cd161
06-30 14:43:40.160 V/WindowManagerShell(  981): Mixed transition for opening an intent with a remote transition and PIP or Desktop #89
06-30 14:43:40.160 V/WindowManagerShell(  981): tryAnimateOpenIntentWithRemoteAndPipOrDesktop
06-30 14:43:40.160 V/WindowManagerShell(  981):  Delegate animation for (#89) to RemoteTransition { remoteTransition = android.window.IRemoteTransition$Stub$Proxy@78f1339, appThread = null, debugName = QuickstepLaunch, filter = null }
06-30 14:43:40.170 V/WindowManagerShell(  981):  animated by firstHandler
06-30 14:43:40.170 V/ShellTaskOrganizer(  981): Task appeared taskId=509 listener=FullscreenTaskListener
06-30 14:43:40.170 V/ShellTaskOrganizer(  981): Fullscreen Task Appeared: #509
06-30 14:43:40.170 V/RecentTasksController(  981): Notify recent tasks changed
06-30 14:43:40.173 D/LauncherStateManager( 2807): StateManager.cancelAnimation: animation ongoing: false, partial trace:
06-30 14:43:40.173 D/LauncherStateManager( 2807): 	at com.android.launcher3.statemanager.StateManager.setCurrentAnimation(go/retraceme 4b96215a9d9b4c1494121442fbf9d6e89857c91e1d76ddcc689701971259418a:59)
06-30 14:43:40.173 D/LauncherStateManager( 2807): 	at com.android.launcher3.QuickstepTransitionManager$AppLaunchAnimationRunner.onAnimationStart(go/retraceme 4b96215a9d9b4c1494121442fbf9d6e89857c91e1d76ddcc689701971259418a:433)
06-30 14:43:40.173 D/LauncherStateManager( 2807): 	at com.android.launcher3.LauncherAnimationRunner$$ExternalSyntheticLambda2.run(go/retraceme 4b96215a9d9b4c1494121442fbf9d6e89857c91e1d76ddcc689701971259418a:71)
06-30 14:43:40.173 V/RecentTasksController(  981): Notify recent tasks changed
06-30 14:43:40.179 D/RecentTasksList( 2807): invalidateLoadedTasks - previous requestLoadId: -1
06-30 14:43:40.186 V/RecentTasksController(  981): generateList(getRecentTasks)
06-30 14:43:40.187 V/RecentTasksController(  981): initializeDesksMap - allDeskIds: []
06-30 14:43:40.187 V/RecentTasksController(  981): Task 509 is not an active desktop task
06-30 14:43:40.187 V/RecentTasksController(  981): Added fullscreen task: 509
06-30 14:43:40.187 V/RecentTasksController(  981): Task 507 is not an active desktop task
06-30 14:43:40.187 V/RecentTasksController(  981): Added fullscreen task: 507
06-30 14:43:40.187 V/RecentTasksController(  981): Task 496 is not an active desktop task
06-30 14:43:40.187 V/RecentTasksController(  981): Added fullscreen task: 496
06-30 14:43:40.187 V/RecentTasksController(  981): generateList - complete
06-30 14:43:40.190 I/FontLog ( 1317): (REDACTED) Received query %s, URI %s
06-30 14:43:40.190 I/FontLog ( 1317): (REDACTED) Query [%s] resolved to %s
06-30 14:43:40.190 I/FontLog ( 1317): (REDACTED) Font PFD returned from cache for %s
06-30 14:43:40.190 I/FontLog ( 1317): (REDACTED) Fetch %s end status %s
06-30 14:43:40.193 D/RecentTasksList( 2807): invalidateLoadedTasks - previous requestLoadId: -1
06-30 14:43:40.198 I/FontLog ( 1317): (REDACTED) Pulling font file for id = %d, cache size = %d
06-30 14:43:40.208 D/PreloadThumbnailUseCase( 2807): Preloading thumbnails for task ids: [[id=496 windowingMode=1 user=0 lastActiveTime=12996805] null, [id=507 windowingMode=1 user=0 lastActiveTime=13054823] null, [id=509 windowingMode=1 user=0 lastActiveTime=13848005] null]
06-30 14:43:40.210 W/skia    (  527): AGTM parsing failed flags.readFromStream(s) at 159
06-30 14:43:40.210 W/skia    (  527): AGTM parsing failed flags.readFromStream(s) at 159
06-30 14:43:40.243 I/FontLog ( 1317): (REDACTED) Received query %s, URI %s
06-30 14:43:40.243 I/FontLog ( 1317): (REDACTED) Query [%s] resolved to %s
06-30 14:43:40.245 I/FontLog ( 1317): (REDACTED) Font PFD returned from cache for %s
06-30 14:43:40.245 I/FontLog ( 1317): (REDACTED) Fetch %s end status %s
06-30 14:43:40.256 I/FontLog ( 1317): (REDACTED) Pulling font file for id = %d, cache size = %d
06-30 14:43:40.268 I/FontLog ( 1317): (REDACTED) Received query %s, URI %s
06-30 14:43:40.268 I/FontLog ( 1317): (REDACTED) Query [%s] resolved to %s
06-30 14:43:40.269 I/FontLog ( 1317): (REDACTED) Font PFD returned from cache for %s
06-30 14:43:40.269 I/FontLog ( 1317): (REDACTED) Fetch %s end status %s
06-30 14:43:40.270 I/ndroid.calendar( 6557): Background concurrent mark compact GC freed 2230KB AllocSpace bytes, 8(320KB) LOS objects, 49% free, 10219KB/19MB, paused 4.103ms,9.358ms total 198.975ms
06-30 14:43:40.270 W/ndroid.calendar( 6557): Reducing the number of considered missed Gc histogram windows from 169 to 100
06-30 14:43:40.274 I/FontLog ( 1317): (REDACTED) Pulling font file for id = %d, cache size = %d
06-30 14:43:40.280 I/FontLog ( 1317): (REDACTED) Received query %s, URI %s
06-30 14:43:40.281 I/FontLog ( 1317): (REDACTED) Query [%s] resolved to %s
06-30 14:43:40.284 E/hmly    ( 1317): Got more than one input Future failure. Logging failures after the first
06-30 14:43:40.284 E/hmly    ( 1317): java.io.IOException: Unable to create parent directories of /data/user/0/com.google.android.gms/files/mobstore_salt.pb.lock
06-30 14:43:40.284 E/hmly    ( 1317): 	at hhkm.c(:com.google.android.gms@262031038@26.20.31 (260800-919905943):37)
06-30 14:43:40.284 E/hmly    ( 1317): 	at gons.e(:com.google.android.gms@262031038@26.20.31 (260800-919905943):5)
06-30 14:43:40.284 E/hmly    ( 1317): 	at goqk.a(:com.google.android.gms@262031038@26.20.31 (260800-919905943):198)
06-30 14:43:40.284 E/hmly    ( 1317): 	at gomy.d(:com.google.android.gms@262031038@26.20.31 (260800-919905943):5)
06-30 14:43:40.284 E/hmly    ( 1317): 	at gosk.a(:com.google.android.gms@262031038@26.20.31 (260800-919905943):28)
06-30 14:43:40.284 E/hmly    ( 1317): 	at hdmz.a(:com.google.android.gms@262031038@26.20.31 (260800-919905943):17)
06-30 14:43:40.284 E/hmly    ( 1317): 	at hmnp.a(:com.google.android.gms@262031038@26.20.31 (260800-919905943):20)
06-30 14:43:40.284 E/hmly    ( 1317): 	at hmpt.a(:com.google.android.gms@262031038@26.20.31 (260800-919905943):3)
06-30 14:43:40.284 E/hmly    ( 1317): 	at hmou.run(:com.google.android.gms@262031038@26.20.31 (260800-919905943):19)
06-30 14:43:40.284 E/hmly    ( 1317): 	at hmpv.run(:com.google.android.gms@262031038@26.20.31 (260800-919905943):5)
06-30 14:43:40.284 E/hmly    ( 1317): 	at hmnr.run(:com.google.android.gms@262031038@26.20.31 (260800-919905943):20)
06-30 14:43:40.284 E/hmly    ( 1317): 	at java.util.concurrent.ThreadPoolExecutor.runWorker(ThreadPoolExecutor.java:1100)
06-30 14:43:40.284 E/hmly    ( 1317): 	at java.util.concurrent.ThreadPoolExecutor$Worker.run(ThreadPoolExecutor.java:624)
06-30 14:43:40.284 E/hmly    ( 1317): 	at java.lang.Thread.run(Thread.java:1572)
06-30 14:43:40.284 I/FontLog ( 1317): (REDACTED) Font PFD returned from cache for %s
06-30 14:43:40.285 I/FontLog ( 1317): (REDACTED) Fetch %s end status %s
06-30 14:43:40.286 I/RanchuHwc(  493): logCompositionFallbackIfChanged: layer 189 CompositionType fallback from 3 to 1
06-30 14:43:40.287 I/FontLog ( 1317): (REDACTED) Pulling font file for id = %d, cache size = %d
06-30 14:43:40.288 W/skia    (  527): AGTM parsing failed flags.readFromStream(s) at 159
06-30 14:43:40.288 W/skia    (  527): AGTM parsing failed flags.readFromStream(s) at 159
06-30 14:43:40.288 W/skia    (  527): AGTM parsing failed flags.readFromStream(s) at 159
06-30 14:43:40.288 W/skia    (  527): AGTM parsing failed flags.readFromStream(s) at 159
06-30 14:43:40.288 W/skia    (  527): AGTM parsing failed flags.readFromStream(s) at 159
06-30 14:43:40.288 W/skia    (  527): AGTM parsing failed flags.readFromStream(s) at 159
06-30 14:43:40.289 W/skia    (  527): AGTM parsing failed flags.readFromStream(s) at 159
06-30 14:43:40.303 W/skia    (  527): AGTM parsing failed flags.readFromStream(s) at 159
06-30 14:43:40.303 W/skia    (  527): AGTM parsing failed flags.readFromStream(s) at 159
06-30 14:43:40.304 W/skia    (  527): AGTM parsing failed flags.readFromStream(s) at 159
06-30 14:43:40.304 W/skia    (  527): AGTM parsing failed flags.readFromStream(s) at 159
06-30 14:43:40.304 W/skia    (  527): AGTM parsing failed flags.readFromStream(s) at 159
06-30 14:43:40.304 W/skia    (  527): AGTM parsing failed flags.readFromStream(s) at 159
06-30 14:43:40.304 W/skia    (  527): AGTM parsing failed flags.readFromStream(s) at 159
06-30 14:43:40.336 W/skia    (  527): AGTM parsing failed flags.readFromStream(s) at 159
06-30 14:43:40.336 W/skia    (  527): AGTM parsing failed flags.readFromStream(s) at 159
06-30 14:43:40.340 I/FontLog ( 1317): (REDACTED) Received query %s, URI %s
06-30 14:43:40.340 I/FontLog ( 1317): (REDACTED) Query [%s] resolved to %s
06-30 14:43:40.341 I/FontLog ( 1317): (REDACTED) Font PFD returned from cache for %s
06-30 14:43:40.341 I/FontLog ( 1317): (REDACTED) Fetch %s end status %s
06-30 14:43:40.343 I/FontLog ( 1317): (REDACTED) Pulling font file for id = %d, cache size = %d
06-30 14:43:40.358 I/WindowExtensionsImpl( 6557): Initializing Window Extensions, vendor API level=10, activity embedding enabled=true
06-30 14:43:40.368 W/skia    (  527): AGTM parsing failed flags.readFromStream(s) at 159
06-30 14:43:40.368 W/skia    (  527): AGTM parsing failed flags.readFromStream(s) at 159
06-30 14:43:40.368 W/skia    (  527): AGTM parsing failed flags.readFromStream(s) at 159
06-30 14:43:40.368 W/skia    (  527): AGTM parsing failed flags.readFromStream(s) at 159
06-30 14:43:40.368 W/skia    (  527): AGTM parsing failed flags.readFromStream(s) at 159
06-30 14:43:40.368 W/skia    (  527): AGTM parsing failed flags.readFromStream(s) at 159
06-30 14:43:40.368 W/skia    (  527): AGTM parsing failed flags.readFromStream(s) at 159
06-30 14:43:40.382 W/UiContextUtils( 6557): Requested context is a non-UI Context. Creating a UI-Context with display: 0. Context: Context=com.google.android.calendar.application.CalendarApplication@242742, of which baseContext=android.app.ContextImpl@3466e5d
06-30 14:43:40.385 W/skia    (  527): AGTM parsing failed flags.readFromStream(s) at 159
06-30 14:43:40.386 W/skia    (  527): AGTM parsing failed flags.readFromStream(s) at 159
06-30 14:43:40.386 W/skia    (  527): AGTM parsing failed flags.readFromStream(s) at 159
06-30 14:43:40.386 W/skia    (  527): AGTM parsing failed flags.readFromStream(s) at 159
06-30 14:43:40.386 W/skia    (  527): AGTM parsing failed flags.readFromStream(s) at 159
06-30 14:43:40.386 W/skia    (  527): AGTM parsing failed flags.readFromStream(s) at 159
06-30 14:43:40.386 W/skia    (  527): AGTM parsing failed flags.readFromStream(s) at 159
06-30 14:43:40.394 D/ActivityManager(  690): sync unfroze 20906 com.google.android.gms for 4
06-30 14:43:40.400 D/BoundBrokerSvc(20906): onBind: Intent { act=com.google.android.gms.notifications.capping.api.NotificationsCappingApiService.START dat=chimera-action:/... xflg=0x4 cmp=com.google.android.gms/.chimera.GmsApiService }
06-30 14:43:40.402 D/BoundBrokerSvc(20906): Loading bound service for intent: Intent { act=com.google.android.gms.notifications.capping.api.NotificationsCappingApiService.START dat=chimera-action:/... xflg=0x4 cmp=com.google.android.gms/.chimera.GmsApiService }
06-30 14:43:40.409 W/ProcessStats(  690): Tracking association SourceState{7b1d7f0 com.google.android.calendar/10160 BTop #13213} whose proc state 2 is better than process ProcessState{3053945 com.google.android.gms/10203 pkg=com.google.android.gms} proc state 14 (1 skipped)
06-30 14:43:40.409 D/BoundBrokerSvc(20906): onUnbind: Intent { act=com.google.android.gms.common.BIND_SHARED_PREFS xflg=0x4 pkg=com.google.android.gms }
06-30 14:43:40.420 E/hmly    ( 1317): Got more than one input Future failure. Logging failures after the first
06-30 14:43:40.420 E/hmly    ( 1317): java.io.IOException: Unable to create parent directories of /data/user/0/com.google.android.gms/files/mobstore_salt.pb.lock
06-30 14:43:40.420 E/hmly    ( 1317): 	at hhkm.c(:com.google.android.gms@262031038@26.20.31 (260800-919905943):37)
06-30 14:43:40.420 E/hmly    ( 1317): 	at gons.e(:com.google.android.gms@262031038@26.20.31 (260800-919905943):5)
06-30 14:43:40.420 E/hmly    ( 1317): 	at goqk.a(:com.google.android.gms@262031038@26.20.31 (260800-919905943):198)
06-30 14:43:40.420 E/hmly    ( 1317): 	at gomy.d(:com.google.android.gms@262031038@26.20.31 (260800-919905943):5)
06-30 14:43:40.420 E/hmly    ( 1317): 	at gosk.a(:com.google.android.gms@262031038@26.20.31 (260800-919905943):28)
06-30 14:43:40.420 E/hmly    ( 1317): 	at hdmz.a(:com.google.android.gms@262031038@26.20.31 (260800-919905943):17)
06-30 14:43:40.420 E/hmly    ( 1317): 	at hmnp.a(:com.google.android.gms@262031038@26.20.31 (260800-919905943):20)
06-30 14:43:40.420 E/hmly    ( 1317): 	at hmpt.a(:com.google.android.gms@262031038@26.20.31 (260800-919905943):3)
06-30 14:43:40.420 E/hmly    ( 1317): 	at hmou.run(:com.google.android.gms@262031038@26.20.31 (260800-919905943):19)
06-30 14:43:40.420 E/hmly    ( 1317): 	at hmpv.run(:com.google.android.gms@262031038@26.20.31 (260800-919905943):5)
06-30 14:43:40.420 E/hmly    ( 1317): 	at hmnr.run(:com.google.android.gms@262031038@26.20.31 (260800-919905943):20)
06-30 14:43:40.420 E/hmly    ( 1317): 	at java.util.concurrent.ThreadPoolExecutor.runWorker(ThreadPoolExecutor.java:1100)
06-30 14:43:40.420 E/hmly    ( 1317): 	at java.util.concurrent.ThreadPoolExecutor$Worker.run(ThreadPoolExecutor.java:624)
06-30 14:43:40.420 E/hmly    ( 1317): 	at java.lang.Thread.run(Thread.java:1572)
06-30 14:43:40.429 D/HttpFlagsLoader( 6557): Found application exporting HTTP flags: com.google.android.gms
06-30 14:43:40.429 D/HttpFlagsLoader( 6557): HTTP flags file path: /data/user_de/0/com.google.android.gms/app_httpflags/flags.binarypb
06-30 14:43:40.431 I/HttpFlagsLoader( 6557): HTTP flags log line (Impl): Using live production flag values from Google
06-30 14:43:40.435 W/skia    (  527): AGTM parsing failed flags.readFromStream(s) at 159
06-30 14:43:40.435 W/skia    (  527): AGTM parsing failed flags.readFromStream(s) at 159
06-30 14:43:40.435 W/skia    (  527): AGTM parsing failed flags.readFromStream(s) at 159
06-30 14:43:40.435 W/skia    (  527): AGTM parsing failed flags.readFromStream(s) at 159
06-30 14:43:40.435 W/skia    (  527): AGTM parsing failed flags.readFromStream(s) at 159
06-30 14:43:40.435 W/skia    (  527): AGTM parsing failed flags.readFromStream(s) at 159
06-30 14:43:40.435 W/skia    (  527): AGTM parsing failed flags.readFromStream(s) at 159
06-30 14:43:40.439 D/ConnectivityService(  690): requestNetwork for uid/pid:10160/6557 activeRequest: null callbackRequest: 1865 [NetworkRequest [ TRACK_DEFAULT id=1866, [ Capabilities: INTERNET&NOT_RESTRICTED&TRUSTED&NOT_VCN_MANAGED&NOT_BANDWIDTH_CONSTRAINED Uid: 10160 RequestorUid: 10160 RequestorPkg: com.google.android.calendar UnderlyingNetworks: Null] ], NetworkRequest [ REQUEST id=1867, [ Transports: SATELLITE Capabilities: INTERNET&NOT_RESTRICTED&TRUSTED&NOT_VCN_MANAGED Uid: 10160 RequestorUid: 10160 RequestorPkg: com.google.android.calendar UnderlyingNetworks: Null] ]] callback flags: 0 order: 2147483647 isUidTracked: false declaredMethods: AVAIL|LOST|NC|LP
06-30 14:43:40.442 D/CompatChangeReporter(  690): Compat change id reported: 349487600; UID 10160; state: ENABLED
06-30 14:43:40.445 W/skia    (  527): AGTM parsing failed flags.readFromStream(s) at 159
06-30 14:43:40.445 W/skia    (  527): AGTM parsing failed flags.readFromStream(s) at 159
06-30 14:43:40.451 I/cn_CronetLibraryLoader( 6557): Cronet version: 147.0.7727.45, arch: x86_64
06-30 14:43:40.454 D/ConnectivityService(  690): NetReassign [1866 : null → 100] [c 0] [a 9] [i 3]
06-30 14:43:40.466 W/skia    (  527): AGTM parsing failed flags.readFromStream(s) at 159
06-30 14:43:40.467 W/skia    (  527): AGTM parsing failed flags.readFromStream(s) at 159
06-30 14:43:40.467 W/skia    (  527): AGTM parsing failed flags.readFromStream(s) at 159
06-30 14:43:40.467 W/skia    (  527): AGTM parsing failed flags.readFromStream(s) at 159
06-30 14:43:40.467 W/skia    (  527): AGTM parsing failed flags.readFromStream(s) at 159
06-30 14:43:40.467 W/skia    (  527): AGTM parsing failed flags.readFromStream(s) at 159
06-30 14:43:40.467 W/skia    (  527): AGTM parsing failed flags.readFromStream(s) at 159
06-30 14:43:40.475 D/BoundBrokerSvc( 1317): onRebind: Intent { act=com.google.android.gms.common.telemetry.service.START dat=chimera-action:/... xflg=0x4 cmp=com.google.android.gms/.chimera.PersistentApiService }
06-30 14:43:40.480 W/HWUI    ( 6557): Unknown dataspace 0
06-30 14:43:40.482 D/ConnectivityService(  690): NetReassign [no changes] [c 0] [a 0] [i 27]
06-30 14:43:40.486 W/skia    (  527): AGTM parsing failed flags.readFromStream(s) at 159
06-30 14:43:40.486 W/skia    (  527): AGTM parsing failed flags.readFromStream(s) at 159
06-30 14:43:40.486 W/skia    (  527): AGTM parsing failed flags.readFromStream(s) at 159
06-30 14:43:40.487 W/skia    (  527): AGTM parsing failed flags.readFromStream(s) at 159
06-30 14:43:40.487 W/skia    (  527): AGTM parsing failed flags.readFromStream(s) at 159
06-30 14:43:40.487 W/skia    (  527): AGTM parsing failed flags.readFromStream(s) at 159
06-30 14:43:40.487 W/skia    (  527): AGTM parsing failed flags.readFromStream(s) at 159
06-30 14:43:40.495 E/hmly    ( 1317): Got more than one input Future failure. Logging failures after the first
06-30 14:43:40.495 E/hmly    ( 1317): java.io.IOException: Unable to create parent directories of /data/user/0/com.google.android.gms/files/mobstore_salt.pb.lock
06-30 14:43:40.495 E/hmly    ( 1317): 	at hhkm.c(:com.google.android.gms@262031038@26.20.31 (260800-919905943):37)
06-30 14:43:40.495 E/hmly    ( 1317): 	at gons.e(:com.google.android.gms@262031038@26.20.31 (260800-919905943):5)
06-30 14:43:40.495 E/hmly    ( 1317): 	at goqk.a(:com.google.android.gms@262031038@26.20.31 (260800-919905943):198)
06-30 14:43:40.495 E/hmly    ( 1317): 	at gomy.d(:com.google.android.gms@262031038@26.20.31 (260800-919905943):5)
06-30 14:43:40.495 E/hmly    ( 1317): 	at gosk.a(:com.google.android.gms@262031038@26.20.31 (260800-919905943):28)
06-30 14:43:40.495 E/hmly    ( 1317): 	at hdmz.a(:com.google.android.gms@262031038@26.20.31 (260800-919905943):17)
06-30 14:43:40.495 E/hmly    ( 1317): 	at hmnp.a(:com.google.android.gms@262031038@26.20.31 (260800-919905943):20)
06-30 14:43:40.495 E/hmly    ( 1317): 	at hmpt.a(:com.google.android.gms@262031038@26.20.31 (260800-919905943):3)
06-30 14:43:40.495 E/hmly    ( 1317): 	at hmou.run(:com.google.android.gms@262031038@26.20.31 (260800-919905943):19)
06-30 14:43:40.495 E/hmly    ( 1317): 	at hmpv.run(:com.google.android.gms@262031038@26.20.31 (260800-919905943):5)
06-30 14:43:40.495 E/hmly    ( 1317): 	at hmnr.run(:com.google.android.gms@262031038@26.20.31 (260800-919905943):20)
06-30 14:43:40.495 E/hmly    ( 1317): 	at java.util.concurrent.ThreadPoolExecutor.runWorker(ThreadPoolExecutor.java:1100)
06-30 14:43:40.495 E/hmly    ( 1317): 	at java.util.concurrent.ThreadPoolExecutor$Worker.run(ThreadPoolExecutor.java:624)
06-30 14:43:40.495 E/hmly    ( 1317): 	at java.lang.Thread.run(Thread.java:1572)
06-30 14:43:40.497 E/hmly    ( 1317): Got more than one input Future failure. Logging failures after the first
06-30 14:43:40.497 E/hmly    ( 1317): java.io.IOException: Unable to create parent directories of /data/user/0/com.google.android.gms/files/mobstore_salt.pb.lock
06-30 14:43:40.497 E/hmly    ( 1317): 	at hhkm.c(:com.google.android.gms@262031038@26.20.31 (260800-919905943):37)
06-30 14:43:40.497 E/hmly    ( 1317): 	at gons.e(:com.google.android.gms@262031038@26.20.31 (260800-919905943):5)
06-30 14:43:40.497 E/hmly    ( 1317): 	at goqk.a(:com.google.android.gms@262031038@26.20.31 (260800-919905943):198)
06-30 14:43:40.497 E/hmly    ( 1317): 	at gomy.d(:com.google.android.gms@262031038@26.20.31 (260800-919905943):5)
06-30 14:43:40.497 E/hmly    ( 1317): 	at gosk.a(:com.google.android.gms@262031038@26.20.31 (260800-919905943):28)
06-30 14:43:40.497 E/hmly    ( 1317): 	at hdmz.a(:com.google.android.gms@262031038@26.20.31 (260800-919905943):17)
06-30 14:43:40.497 E/hmly    ( 1317): 	at hmnp.a(:com.google.android.gms@262031038@26.20.31 (260800-919905943):20)
06-30 14:43:40.497 E/hmly    ( 1317): 	at hmpt.a(:com.google.android.gms@262031038@26.20.31 (260800-919905943):3)
06-30 14:43:40.497 E/hmly    ( 1317): 	at hmou.run(:com.google.android.gms@262031038@26.20.31 (260800-919905943):19)
06-30 14:43:40.497 E/hmly    ( 1317): 	at hmpv.run(:com.google.android.gms@262031038@26.20.31 (260800-919905943):5)
06-30 14:43:40.497 E/hmly    ( 1317): 	at hmnr.run(:com.google.android.gms@262031038@26.20.31 (260800-919905943):20)
06-30 14:43:40.497 E/hmly    ( 1317): 	at java.util.concurrent.ThreadPoolExecutor.runWorker(ThreadPoolExecutor.java:1100)
06-30 14:43:40.497 E/hmly    ( 1317): 	at java.util.concurrent.ThreadPoolExecutor$Worker.run(ThreadPoolExecutor.java:624)
06-30 14:43:40.497 E/hmly    ( 1317): 	at java.lang.Thread.run(Thread.java:1572)
06-30 14:43:40.502 W/InputChannel-JNI(  690): Channel already disposed.
06-30 14:43:40.506 I/HalDevMgr(  690): bestIfaceCreationProposal is null, requestIface=STA, existingIface=[name=wlan0 type=STA]
06-30 14:43:40.518 W/skia    (  527): AGTM parsing failed flags.readFromStream(s) at 159
06-30 14:43:40.518 W/skia    (  527): AGTM parsing failed flags.readFromStream(s) at 159
06-30 14:43:40.518 W/skia    (  527): AGTM parsing failed flags.readFromStream(s) at 159
06-30 14:43:40.518 W/skia    (  527): AGTM parsing failed flags.readFromStream(s) at 159
06-30 14:43:40.518 W/skia    (  527): AGTM parsing failed flags.readFromStream(s) at 159
06-30 14:43:40.518 W/skia    (  527): AGTM parsing failed flags.readFromStream(s) at 159
06-30 14:43:40.518 W/skia    (  527): AGTM parsing failed flags.readFromStream(s) at 159
06-30 14:43:40.523 I/ndroid.calendar( 6557): Background young concurrent mark compact GC freed 3139KB AllocSpace bytes, 2(64KB) LOS objects, 46% free, 10MB/19MB, paused 2.834ms,10.610ms total 89.211ms
06-30 14:43:40.533 W/libc    ( 6557): Access denied finding property "vendor.mesa.virtgpu.kumquat"
06-30 14:43:40.538 I/SyncerLog( 6557): [1] Sync started
06-30 14:43:40.540 I/SyncerLog( 6557): [1] Client context: {channel=5, notification_push_stack=1, app_version=2026.22.0-928196530-release, version_code=2018155224}
06-30 14:43:40.547 W/DynamiteModule( 6557): Local module descriptor class for com.google.android.gms.providerinstaller.dynamite not found.
06-30 14:43:40.553 W/skia    (  527): AGTM parsing failed flags.readFromStream(s) at 159
06-30 14:43:40.553 W/skia    (  527): AGTM parsing failed flags.readFromStream(s) at 159
06-30 14:43:40.554 W/skia    (  527): AGTM parsing failed flags.readFromStream(s) at 159
06-30 14:43:40.554 W/skia    (  527): AGTM parsing failed flags.readFromStream(s) at 159
06-30 14:43:40.554 W/skia    (  527): AGTM parsing failed flags.readFromStream(s) at 159
06-30 14:43:40.554 W/skia    (  527): AGTM parsing failed flags.readFromStream(s) at 159
06-30 14:43:40.554 W/skia    (  527): AGTM parsing failed flags.readFromStream(s) at 159
06-30 14:43:40.554 D/BoundBrokerSvc( 1317): onRebind: Intent { act=com.google.android.gms.libs.gmscorelogger.service.START dat=chimera-action:/... xflg=0x4 cmp=com.google.android.gms/.chimera.PersistentDirectBootAwareApiService }
06-30 14:43:40.555 W/ProviderHelper( 1317): Unknown dynamite feature providerinstaller.dynamite
06-30 14:43:40.557 D/WindowOnBackDispatcher( 6557): setTopOnBackInvokedCallback (unwrapped): android.app.Activity$$ExternalSyntheticLambda0@2320671
06-30 14:43:40.559 D/CoreBackPreview(  690): Window{a7a1781 u0 com.google.android.calendar/com.google.android.calendar.allinone.AllInOneCalendarActivity}: Setting back callback OnBackInvokedCallbackInfo{mCallback=android.window.IOnBackInvokedCallback$Stub$Proxy@7ba3c7b, mPriority=-1, mIsAnimationCallback=false, mOverrideBehavior=0}
06-30 14:43:40.566 W/ProviderInstaller( 6557): Failed to load providerinstaller module: No acceptable module com.google.android.gms.providerinstaller.dynamite found. Local version is 0 and remote version is 0.
06-30 14:43:40.568 D/ApplicationLoaders( 6557): Returning zygote-cached class loader: /system/framework/org.apache.http.legacy.jar
06-30 14:43:40.569 D/ApplicationLoaders( 6557): Returning zygote-cached class loader: /system/framework/com.android.location.provider.jar
06-30 14:43:40.569 D/ApplicationLoaders( 6557): Returning zygote-cached class loader: /system/framework/com.android.media.remotedisplay.jar
06-30 14:43:40.569 D/ApplicationLoaders( 6557): Returning zygote-cached class loader: /system_ext/framework/androidx.window.extensions.jar
06-30 14:43:40.569 D/ApplicationLoaders( 6557): Returning zygote-cached class loader: /system_ext/framework/androidx.window.sidecar.jar
06-30 14:43:40.575 W/skia    (  527): AGTM parsing failed flags.readFromStream(s) at 159
06-30 14:43:40.575 W/skia    (  527): AGTM parsing failed flags.readFromStream(s) at 159
06-30 14:43:40.575 W/skia    (  527): AGTM parsing failed flags.readFromStream(s) at 159
06-30 14:43:40.575 W/skia    (  527): AGTM parsing failed flags.readFromStream(s) at 159
06-30 14:43:40.575 E/hmly    ( 1317): Got more than one input Future failure. Logging failures after the first
06-30 14:43:40.575 E/hmly    ( 1317): java.io.IOException: Unable to create parent directories of /data/user/0/com.google.android.gms/files/mobstore_salt.pb.lock
06-30 14:43:40.575 E/hmly    ( 1317): 	at hhkm.c(:com.google.android.gms@262031038@26.20.31 (260800-919905943):37)
06-30 14:43:40.575 E/hmly    ( 1317): 	at gons.e(:com.google.android.gms@262031038@26.20.31 (260800-919905943):5)
06-30 14:43:40.575 E/hmly    ( 1317): 	at goqk.a(:com.google.android.gms@262031038@26.20.31 (260800-919905943):198)
06-30 14:43:40.575 E/hmly    ( 1317): 	at gomy.d(:com.google.android.gms@262031038@26.20.31 (260800-919905943):5)
06-30 14:43:40.575 E/hmly    ( 1317): 	at gosk.a(:com.google.android.gms@262031038@26.20.31 (260800-919905943):28)
06-30 14:43:40.575 E/hmly    ( 1317): 	at hdmz.a(:com.google.android.gms@262031038@26.20.31 (260800-919905943):17)
06-30 14:43:40.575 E/hmly    ( 1317): 	at hmnp.a(:com.google.android.gms@262031038@26.20.31 (260800-919905943):20)
06-30 14:43:40.575 E/hmly    ( 1317): 	at hmpt.a(:com.google.android.gms@262031038@26.20.31 (260800-919905943):3)
06-30 14:43:40.575 E/hmly    ( 1317): 	at hmou.run(:com.google.android.gms@262031038@26.20.31 (260800-919905943):19)
06-30 14:43:40.575 E/hmly    ( 1317): 	at hmpv.run(:com.google.android.gms@262031038@26.20.31 (260800-919905943):5)
06-30 14:43:40.575 E/hmly    ( 1317): 	at hmnr.run(:com.google.android.gms@262031038@26.20.31 (260800-919905943):20)
06-30 14:43:40.575 E/hmly    ( 1317): 	at java.util.concurrent.ThreadPoolExecutor.runWorker(ThreadPoolExecutor.java:1100)
06-30 14:43:40.575 E/hmly    ( 1317): 	at java.util.concurrent.ThreadPoolExecutor$Worker.run(ThreadPoolExecutor.java:624)
06-30 14:43:40.575 E/hmly    ( 1317): 	at java.lang.Thread.run(Thread.java:1572)
06-30 14:43:40.575 W/skia    (  527): AGTM parsing failed flags.readFromStream(s) at 159
06-30 14:43:40.575 W/skia    (  527): AGTM parsing failed flags.readFromStream(s) at 159
06-30 14:43:40.575 W/skia    (  527): AGTM parsing failed flags.readFromStream(s) at 159
06-30 14:43:40.577 I/SyncerLog( 6557): [1] State: {synced_user_settings=true, synced_calendar_list=true}
06-30 14:43:40.596 I/adbd    (  539): adbd service requested 'shell,v2,raw:dumpsys package com.google.android.gms'
06-30 14:43:40.597 E/hmly    ( 1317): Got more than one input Future failure. Logging failures after the first
06-30 14:43:40.597 E/hmly    ( 1317): java.io.IOException: Unable to create parent directories of /data/user/0/com.google.android.gms/files/mobstore_salt.pb.lock
06-30 14:43:40.597 E/hmly    ( 1317): 	at hhkm.c(:com.google.android.gms@262031038@26.20.31 (260800-919905943):37)
06-30 14:43:40.597 E/hmly    ( 1317): 	at gons.e(:com.google.android.gms@262031038@26.20.31 (260800-919905943):5)
06-30 14:43:40.597 E/hmly    ( 1317): 	at goqk.a(:com.google.android.gms@262031038@26.20.31 (260800-919905943):198)
06-30 14:43:40.597 E/hmly    ( 1317): 	at gomy.d(:com.google.android.gms@262031038@26.20.31 (260800-919905943):5)
06-30 14:43:40.597 E/hmly    ( 1317): 	at gosk.a(:com.google.android.gms@262031038@26.20.31 (260800-919905943):28)
06-30 14:43:40.597 E/hmly    ( 1317): 	at hdmz.a(:com.google.android.gms@262031038@26.20.31 (260800-919905943):17)
06-30 14:43:40.597 E/hmly    ( 1317): 	at hmnp.a(:com.google.android.gms@262031038@26.20.31 (260800-919905943):20)
06-30 14:43:40.597 E/hmly    ( 1317): 	at hmpt.a(:com.google.android.gms@262031038@26.20.31 (260800-919905943):3)
06-30 14:43:40.597 E/hmly    ( 1317): 	at hmou.run(:com.google.android.gms@262031038@26.20.31 (260800-919905943):19)
06-30 14:43:40.597 E/hmly    ( 1317): 	at hmpv.run(:com.google.android.gms@262031038@26.20.31 (260800-919905943):5)
06-30 14:43:40.597 E/hmly    ( 1317): 	at hmnr.run(:com.google.android.gms@262031038@26.20.31 (260800-919905943):20)
06-30 14:43:40.597 E/hmly    ( 1317): 	at java.util.concurrent.ThreadPoolExecutor.runWorker(ThreadPoolExecutor.java:1100)
06-30 14:43:40.597 E/hmly    ( 1317): 	at java.util.concurrent.ThreadPoolExecutor$Worker.run(ThreadPoolExecutor.java:624)
06-30 14:43:40.597 E/hmly    ( 1317): 	at java.lang.Thread.run(Thread.java:1572)
06-30 14:43:40.597 D/VRI[AllInOneCalendarActivity]( 6557): WindowInsets changed: 1080x2400 statusBars:[0,132,0,0] navigationBars:[0,0,0,63] mandatorySystemGestures:[0,164,0,84] 
06-30 14:43:40.597 E/hmly    ( 1317): Got more than one input Future failure. Logging failures after the first
06-30 14:43:40.597 E/hmly    ( 1317): java.io.IOException: Unable to create parent directories of /data/user/0/com.google.android.gms/files/mobstore_salt.pb.lock
06-30 14:43:40.597 E/hmly    ( 1317): 	at hhkm.c(:com.google.android.gms@262031038@26.20.31 (260800-919905943):37)
06-30 14:43:40.597 E/hmly    ( 1317): 	at gons.e(:com.google.android.gms@262031038@26.20.31 (260800-919905943):5)
06-30 14:43:40.597 E/hmly    ( 1317): 	at goqk.a(:com.google.android.gms@262031038@26.20.31 (260800-919905943):198)
06-30 14:43:40.597 E/hmly    ( 1317): 	at gomy.d(:com.google.android.gms@262031038@26.20.31 (260800-919905943):5)
06-30 14:43:40.597 E/hmly    ( 1317): 	at gosk.a(:com.google.android.gms@262031038@26.20.31 (260800-919905943):28)
06-30 14:43:40.597 E/hmly    ( 1317): 	at hdmz.a(:com.google.android.gms@262031038@26.20.31 (260800-919905943):17)
06-30 14:43:40.597 E/hmly    ( 1317): 	at hmnp.a(:com.google.android.gms@262031038@26.20.31 (260800-919905943):20)
06-30 14:43:40.597 E/hmly    ( 1317): 	at hmpt.a(:com.google.android.gms@262031038@26.20.31 (260800-919905943):3)
06-30 14:43:40.597 E/hmly    ( 1317): 	at hmou.run(:com.google.android.gms@262031038@26.20.31 (260800-919905943):19)
06-30 14:43:40.597 E/hmly    ( 1317): 	at hmpv.run(:com.google.android.gms@262031038@26.20.31 (260800-919905943):5)
06-30 14:43:40.597 E/hmly    ( 1317): 	at hmnr.run(:com.google.android.gms@262031038@26.20.31 (260800-919905943):20)
06-30 14:43:40.597 E/hmly    ( 1317): 	at java.util.concurrent.ThreadPoolExecutor.runWorker(ThreadPoolExecutor.java:1100)
06-30 14:43:40.597 E/hmly    ( 1317): 	at java.util.concurrent.ThreadPoolExecutor$Worker.run(ThreadPoolExecutor.java:624)
06-30 14:43:40.597 E/hmly    ( 1317): 	at java.lang.Thread.run(Thread.java:1572)
06-30 14:43:40.597 E/hmly    ( 1317): Got more than one input Future failure. Logging failures after the first
06-30 14:43:40.597 E/hmly    ( 1317): java.io.IOException: Unable to create parent directories of /data/user/0/com.google.android.gms/files/mobstore_salt.pb.lock
06-30 14:43:40.597 E/hmly    ( 1317): 	at hhkm.c(:com.google.android.gms@262031038@26.20.31 (260800-919905943):37)
06-30 14:43:40.597 E/hmly    ( 1317): 	at gons.e(:com.google.android.gms@262031038@26.20.31 (260800-919905943):5)
06-30 14:43:40.597 E/hmly    ( 1317): 	at goqk.a(:com.google.android.gms@262031038@26.20.31 (260800-919905943):198)
06-30 14:43:40.597 E/hmly    ( 1317): 	at gomy.d(:com.google.android.gms@262031038@26.20.31 (260800-919905943):5)
06-30 14:43:40.597 E/hmly    ( 1317): 	at gosk.a(:com.google.android.gms@262031038@26.20.31 (260800-919905943):28)
06-30 14:43:40.597 E/hmly    ( 1317): 	at hdmz.a(:com.google.android.gms@262031038@26.20.31 (260800-919905943):17)
06-30 14:43:40.597 E/hmly    ( 1317): 	at hmnp.a(:com.google.android.gms@262031038@26.20.31 (260800-919905943):20)
06-30 14:43:40.597 E/hmly    ( 1317): 	at hmpt.a(:com.google.android.gms@262031038@26.20.31 (260800-919905943):3)
06-30 14:43:40.597 E/hmly    ( 1317): 	at hmou.run(:com.google.android.gms@262031038@26.20.31 (260800-919905943):19)
06-30 14:43:40.597 E/hmly    ( 1317): 	at hmpv.run(:com.google.android.gms@262031038@26.20.31 (260800-919905943):5)
06-30 14:43:40.597 E/hmly    ( 1317): 	at hmnr.run(:com.google.android.gms@262031038@26.20.31 (260800-919905943):20)
06-30 14:43:40.597 E/hmly    ( 1317): 	at java.util.concurrent.ThreadPoolExecutor.runWorker(ThreadPoolExecutor.java:1100)
06-30 14:43:40.597 E/hmly    ( 1317): 	at java.util.concurrent.ThreadPoolExecutor$Worker.run(ThreadPoolExecutor.java:624)
06-30 14:43:40.597 E/hmly    ( 1317): 	at java.lang.Thread.run(Thread.java:1572)
06-30 14:43:40.599 E/hmly    ( 1317): Got more than one input Future failure. Logging failures after the first
06-30 14:43:40.599 E/hmly    ( 1317): java.io.IOException: Unable to create parent directories of /data/user/0/com.google.android.gms/files/mobstore_salt.pb.lock
06-30 14:43:40.599 E/hmly    ( 1317): 	at hhkm.c(:com.google.android.gms@262031038@26.20.31 (260800-919905943):37)
06-30 14:43:40.599 E/hmly    ( 1317): 	at gons.e(:com.google.android.gms@262031038@26.20.31 (260800-919905943):5)
06-30 14:43:40.599 E/hmly    ( 1317): 	at goqk.a(:com.google.android.gms@262031038@26.20.31 (260800-919905943):198)
06-30 14:43:40.599 E/hmly    ( 1317): 	at gomy.d(:com.google.android.gms@262031038@26.20.31 (260800-919905943):5)
06-30 14:43:40.599 E/hmly    ( 1317): 	at gosk.a(:com.google.android.gms@262031038@26.20.31 (260800-919905943):28)
06-30 14:43:40.599 E/hmly    ( 1317): 	at hdmz.a(:com.google.android.gms@262031038@26.20.31 (260800-919905943):17)
06-30 14:43:40.599 E/hmly    ( 1317): 	at hmnp.a(:com.google.android.gms@262031038@26.20.31 (260800-919905943):20)
06-30 14:43:40.599 E/hmly    ( 1317): 	at hmpt.a(:com.google.android.gms@262031038@26.20.31 (260800-919905943):3)
06-30 14:43:40.599 E/hmly    ( 1317): 	at hmou.run(:com.google.android.gms@262031038@26.20.31 (260800-919905943):19)
06-30 14:43:40.599 E/hmly    ( 1317): 	at hmpv.run(:com.google.android.gms@262031038@26.20.31 (260800-919905943):5)
06-30 14:43:40.599 E/hmly    ( 1317): 	at hmnr.run(:com.google.android.gms@262031038@26.20.31 (260800-919905943):20)
06-30 14:43:40.599 E/hmly    ( 1317): 	at java.util.concurrent.ThreadPoolExecutor.runWorker(ThreadPoolExecutor.java:1100)
06-30 14:43:40.599 E/hmly    ( 1317): 	at java.util.concurrent.ThreadPoolExecutor$Worker.run(ThreadPoolExecutor.java:624)
06-30 14:43:40.599 E/hmly    ( 1317): 	at java.lang.Thread.run(Thread.java:1572)
06-30 14:43:40.600 E/hmly    ( 1317): Got more than one input Future failure. Logging failures after the first
06-30 14:43:40.600 E/hmly    ( 1317): java.io.IOException: Unable to create parent directories of /data/user/0/com.google.android.gms/files/mobstore_salt.pb.lock
06-30 14:43:40.600 E/hmly    ( 1317): 	at hhkm.c(:com.google.android.gms@262031038@26.20.31 (260800-919905943):37)
06-30 14:43:40.600 E/hmly    ( 1317): 	at gons.e(:com.google.android.gms@262031038@26.20.31 (260800-919905943):5)
06-30 14:43:40.600 E/hmly    ( 1317): 	at goqk.a(:com.google.android.gms@262031038@26.20.31 (260800-919905943):198)
06-30 14:43:40.600 E/hmly    ( 1317): 	at gomy.d(:com.google.android.gms@262031038@26.20.31 (260800-919905943):5)
06-30 14:43:40.600 E/hmly    ( 1317): 	at gosk.a(:com.google.android.gms@262031038@26.20.31 (260800-919905943):28)
06-30 14:43:40.600 E/hmly    ( 1317): 	at hdmz.a(:com.google.android.gms@262031038@26.20.31 (260800-919905943):17)
06-30 14:43:40.600 E/hmly    ( 1317): 	at hmnp.a(:com.google.android.gms@262031038@26.20.31 (260800-919905943):20)
06-30 14:43:40.600 E/hmly    ( 1317): 	at hmpt.a(:com.google.android.gms@262031038@26.20.31 (260800-919905943):3)
06-30 14:43:40.600 E/hmly    ( 1317): 	at hmou.run(:com.google.android.gms@262031038@26.20.31 (260800-919905943):19)
06-30 14:43:40.600 E/hmly    ( 1317): 	at hmpv.run(:com.google.android.gms@262031038@26.20.31 (260800-919905943):5)
06-30 14:43:40.600 E/hmly    ( 1317): 	at hmnr.run(:com.google.android.gms@262031038@26.20.31 (260800-919905943):20)
06-30 14:43:40.600 E/hmly    ( 1317): 	at java.util.concurrent.ThreadPoolExecutor.runWorker(ThreadPoolExecutor.java:1100)
06-30 14:43:40.600 E/hmly    ( 1317): 	at java.util.concurrent.ThreadPoolExecutor$Worker.run(ThreadPoolExecutor.java:624)
06-30 14:43:40.600 E/hmly    ( 1317): 	at java.lang.Thread.run(Thread.java:1572)
06-30 14:43:40.602 I/SyncerLog( 6557): [1] Request: {client_change_count=0, sync_triggers=[{id=10, type=APP_STARTUP_REFRESH, age=175}]}
06-30 14:43:40.603 W/skia    (  527): AGTM parsing failed flags.readFromStream(s) at 159
06-30 14:43:40.603 W/skia    (  527): AGTM parsing failed flags.readFromStream(s) at 159
06-30 14:43:40.603 W/skia    (  527): AGTM parsing failed flags.readFromStream(s) at 159
06-30 14:43:40.604 W/skia    (  527): AGTM parsing failed flags.readFromStream(s) at 159
06-30 14:43:40.604 W/skia    (  527): AGTM parsing failed flags.readFromStream(s) at 159
06-30 14:43:40.604 W/skia    (  527): AGTM parsing failed flags.readFromStream(s) at 159
06-30 14:43:40.604 W/skia    (  527): AGTM parsing failed flags.readFromStream(s) at 159
06-30 14:43:40.628 W/skia    (  527): AGTM parsing failed flags.readFromStream(s) at 159
06-30 14:43:40.630 W/skia    (  527): AGTM parsing failed flags.readFromStream(s) at 159
06-30 14:43:40.687 W/skia    (  527): AGTM parsing failed flags.readFromStream(s) at 159
06-30 14:43:40.687 W/skia    (  527): AGTM parsing failed flags.readFromStream(s) at 159
06-30 14:43:40.689 W/skia    (  527): AGTM parsing failed flags.readFromStream(s) at 159
06-30 14:43:40.689 W/skia    (  527): AGTM parsing failed flags.readFromStream(s) at 159
06-30 14:43:40.689 W/skia    (  527): AGTM parsing failed flags.readFromStream(s) at 159
06-30 14:43:40.689 W/skia    (  527): AGTM parsing failed flags.readFromStream(s) at 159
06-30 14:43:40.689 W/skia    (  527): AGTM parsing failed flags.readFromStream(s) at 159
06-30 14:43:40.704 W/skia    (  527): AGTM parsing failed flags.readFromStream(s) at 159
06-30 14:43:40.704 W/skia    (  527): AGTM parsing failed flags.readFromStream(s) at 159
06-30 14:43:40.705 W/skia    (  527): AGTM parsing failed flags.readFromStream(s) at 159
06-30 14:43:40.705 W/skia    (  527): AGTM parsing failed flags.readFromStream(s) at 159
06-30 14:43:40.705 W/skia    (  527): AGTM parsing failed flags.readFromStream(s) at 159
06-30 14:43:40.705 W/skia    (  527): AGTM parsing failed flags.readFromStream(s) at 159
06-30 14:43:40.705 W/skia    (  527): AGTM parsing failed flags.readFromStream(s) at 159
06-30 14:43:40.705 W/libbinder.ServiceManagerCppClient(  527): Permission failure: android.permission.ACCESS_SURFACE_FLINGER from uid=10160 pid=6557
06-30 14:43:40.705 D/libbinder.PermissionCache(  527): checking android.permission.ACCESS_SURFACE_FLINGER for uid=10160 => denied (5332 us)
06-30 14:43:40.705 W/libbinder.ServiceManagerCppClient(  527): Permission failure: android.permission.ROTATE_SURFACE_FLINGER from uid=10160 pid=6557
06-30 14:43:40.706 D/libbinder.PermissionCache(  527): checking android.permission.ROTATE_SURFACE_FLINGER for uid=10160 => denied (703 us)
06-30 14:43:40.707 W/libbinder.ServiceManagerCppClient(  527): Permission failure: android.permission.INTERNAL_SYSTEM_WINDOW from uid=10160 pid=6557
06-30 14:43:40.707 D/libbinder.PermissionCache(  527): checking android.permission.INTERNAL_SYSTEM_WINDOW for uid=10160 => denied (1322 us)
06-30 14:43:40.707 W/libbinder.ServiceManagerCppClient(  527): Permission failure: android.permission.READ_FRAME_BUFFER from uid=10160 pid=6557
06-30 14:43:40.707 I/FontLog ( 1317): (REDACTED) Received query %s, URI %s
06-30 14:43:40.707 D/libbinder.PermissionCache(  527): checking android.permission.READ_FRAME_BUFFER for uid=10160 => denied (224 us)
06-30 14:43:40.707 V/WindowManagerShell(  981): Received remote transition finished callback for (#89)
06-30 14:43:40.707 I/FontLog ( 1317): (REDACTED) Query [%s] resolved to %s
06-30 14:43:40.708 V/WindowManagerShell(  981): Transition animation finished (aborted=false), notifying core (#89) android.os.BinderProxy@6a5d032@0
06-30 14:43:40.710 I/FontLog ( 1317): (REDACTED) Font PFD returned from cache for %s
06-30 14:43:40.710 D/WindowManager(  690): setClientSurface Surface(name=VRI-com.google.android.calendar/com.google.android.calendar.allinone.AllInOneCalendarActivity#1083)/@0xb85bd2d for a7a1781 com.google.android.calendar/com.google.android.calendar.allinone.AllInOneCalendarActivity
06-30 14:43:40.710 I/FontLog ( 1317): (REDACTED) Fetch %s end status %s
06-30 14:43:40.728 V/WindowManagerShell(  981): Track 0 became idle
06-30 14:43:40.728 V/WindowManagerShell(  981): All active transition animations finished
06-30 14:43:40.730 V/WindowManager(  690): Finish Transition (#89): created at 06-30 14:43:39.659 collect-started=0.062ms request-sent=6.065ms started=7.647ms ready=409.273ms sent=486.395ms commit=39.752ms finished=1059.605ms
06-30 14:43:40.730 W/skia    (  527): AGTM parsing failed flags.readFromStream(s) at 159
06-30 14:43:40.731 D/nativeloader( 6557): Configuring clns-10 for other apk /data/app/~~pUpe9D-hsv0lOCLmNQJGyA==/com.google.android.gms-a0e_AySruvvgbDhYG8Z6yQ==/base.apk. target_sdk_version=37, uses_libraries=, library_path=/data/app/~~pUpe9D-hsv0lOCLmNQJGyA==/com.google.android.gms-a0e_AySruvvgbDhYG8Z6yQ==/lib/x86_64:/data/app/~~pUpe9D-hsv0lOCLmNQJGyA==/com.google.android.gms-a0e_AySruvvgbDhYG8Z6yQ==/base.apk!/lib/x86_64, permitted_path=/data:/mnt/expand:/data/user/0/com.google.android.gms
06-30 14:43:40.736 D/WallpaperService(  981): onVisibilityChanged(false): com.android.systemui.wallpapers.ImageWallpaper$CanvasEngine@881b100
06-30 14:43:40.740 I/FontLog ( 1317): (REDACTED) Pulling font file for id = %d, cache size = %d
06-30 14:43:40.744 I/Surface ( 6557): Creating surface for consumer unnamed-6557-0 with slotExpansion=1 for 64 slots
06-30 14:43:40.746 D/VRI[NexusLauncherActivity]( 2807): visibilityChanged oldVisibility=true newVisibility=false
06-30 14:43:40.746 I/Surface ( 6557): Creating surface for consumer VRI[AllInOneCalendarActivity]#0(BLAST Consumer)0 with slotExpansion=1 for 64 slots
06-30 14:43:40.753 I/gmlp    ( 6557): Unable to retrieve flag snapshot for com.google.android.gms.providerinstaller#com.google.android.calendar, using defaults.
06-30 14:43:40.756 D/SmartspaceInteractor( 2807): notifySmartspaceEvent: SmartspaceTargetEvent{mSmartspaceTarget=null, mSmartspaceActionId='null', mEventType=7}
06-30 14:43:40.759 I/MdiSyncModule(20906): (REDACTED) Receiving API connection from package '%s'...
06-30 14:43:40.774 D/nativeloader( 6557): Load /data/app/~~pUpe9D-hsv0lOCLmNQJGyA==/com.google.android.gms-a0e_AySruvvgbDhYG8Z6yQ==/base.apk!/lib/x86_64/libconscrypt_gmscore_jni.so using class loader ns clns-10 (caller=/data/app/~~pUpe9D-hsv0lOCLmNQJGyA==/com.google.android.gms-a0e_AySruvvgbDhYG8Z6yQ==/base.apk): ok
06-30 14:43:40.774 V/NativeCrypto( 6557): Registering com/google/android/gms/org/conscrypt/NativeCrypto's 337 native methods...
06-30 14:43:40.805 I/ProviderInstaller( 6557): Installed default security provider GmsCore_OpenSSL
06-30 14:43:40.807 E/GoogleApiManager( 6557): Failed to get service from broker. 
06-30 14:43:40.807 E/GoogleApiManager( 6557): java.lang.SecurityException: Unknown calling package name 'com.google.android.gms'.
06-30 14:43:40.807 E/GoogleApiManager( 6557): 	at android.os.Parcel.createExceptionOrNull(Parcel.java:3392)
06-30 14:43:40.807 E/GoogleApiManager( 6557): 	at android.os.Parcel.createException(Parcel.java:3376)
06-30 14:43:40.807 E/GoogleApiManager( 6557): 	at android.os.Parcel.readException(Parcel.java:3359)
06-30 14:43:40.807 E/GoogleApiManager( 6557): 	at android.os.Parcel.readException(Parcel.java:3301)
06-30 14:43:40.807 E/GoogleApiManager( 6557): 	at bjwi.a(:com.google.android.gms@262031038@26.20.31 (260800-919905943):36)
06-30 14:43:40.807 E/GoogleApiManager( 6557): 	at bjue.z(:com.google.android.gms@262031038@26.20.31 (260800-919905943):143)
06-30 14:43:40.807 E/GoogleApiManager( 6557): 	at bjaj.run(:com.google.android.gms@262031038@26.20.31 (260800-919905943):42)
06-30 14:43:40.807 E/GoogleApiManager( 6557): 	at android.os.Handler.handleCallback(Handler.java:1095)
06-30 14:43:40.807 E/GoogleApiManager( 6557): 	at android.os.Handler.dispatchMessageImpl(Handler.java:135)
06-30 14:43:40.807 E/GoogleApiManager( 6557): 	at android.os.Handler.dispatchMessage(Handler.java:125)
06-30 14:43:40.807 E/GoogleApiManager( 6557): 	at dbov.mL(:com.google.android.gms@262031038@26.20.31 (260800-919905943):1)
06-30 14:43:40.807 E/GoogleApiManager( 6557): 	at dbov.dispatchMessage(:com.google.android.gms@262031038@26.20.31 (260800-919905943):5)
06-30 14:43:40.807 E/GoogleApiManager( 6557): 	at android.os.Looper.loopOnce(Looper.java:296)
06-30 14:43:40.807 E/GoogleApiManager( 6557): 	at android.os.Looper.loop(Looper.java:397)
06-30 14:43:40.807 E/GoogleApiManager( 6557): 	at android.os.HandlerThread.run(HandlerThread.java:139)
06-30 14:43:40.807 W/GoogleApiManager( 6557): Not showing notification since connectionResult is not user-facing: ConnectionResult{statusCode=DEVELOPER_ERROR, resolution=null, message=null, clientMethodKey=null}
06-30 14:43:40.810 W/FlagRegistrar( 6557): Failed to register com.google.android.gms.providerinstaller#com.google.android.calendar
06-30 14:43:40.810 W/FlagRegistrar( 6557): gmma: 17: 17: API: Phenotype.API is not available on this device. Connection failed with: ConnectionResult{statusCode=DEVELOPER_ERROR, resolution=null, message=null, clientMethodKey=null}
06-30 14:43:40.810 W/FlagRegistrar( 6557): 	at gmmc.a(:com.google.android.gms@262031038@26.20.31 (260800-919905943):13)
06-30 14:43:40.810 W/FlagRegistrar( 6557): 	at hmky.d(:com.google.android.gms@262031038@26.20.31 (260800-919905943):3)
06-30 14:43:40.810 W/FlagRegistrar( 6557): 	at hmla.run(:com.google.android.gms@262031038@26.20.31 (260800-919905943):139)
06-30 14:43:40.810 W/FlagRegistrar( 6557): 	at hmni.execute(:com.google.android.gms@262031038@26.20.31 (260800-919905943):1)
06-30 14:43:40.810 W/FlagRegistrar( 6557): 	at hmli.f(:com.google.android.gms@262031038@26.20.31 (260800-919905943):1)
06-30 14:43:40.810 W/FlagRegistrar( 6557): 	at hmli.m(:com.google.android.gms@262031038@26.20.31 (260800-919905943):101)
06-30 14:43:40.810 W/FlagRegistrar( 6557): 	at hmli.q(:com.google.android.gms@262031038@26.20.31 (260800-919905943):16)
06-30 14:43:40.810 W/FlagRegistrar( 6557): 	at gfwz.hC(:com.google.android.gms@262031038@26.20.31 (260800-919905943):35)
06-30 14:43:40.810 W/FlagRegistrar( 6557): 	at fser.run(:com.google.android.gms@262031038@26.20.31 (260800-919905943):12)
06-30 14:43:40.810 W/FlagRegistrar( 6557): 	at hmni.execute(:com.google.android.gms@262031038@26.20.31 (260800-919905943):1)
06-30 14:43:40.810 W/FlagRegistrar( 6557): 	at fses.b(:com.google.android.gms@262031038@26.20.31 (260800-919905943):18)
06-30 14:43:40.810 W/FlagRegistrar( 6557): 	at fsfh.b(:com.google.android.gms@262031038@26.20.31 (260800-919905943):34)
06-30 14:43:40.810 W/FlagRegistrar( 6557): 	at fsfj.d(:com.google.android.gms@262031038@26.20.31 (260800-919905943):22)
06-30 14:43:40.810 W/FlagRegistrar( 6557): 	at bixp.e(:com.google.android.gms@262031038@26.20.31 (260800-919905943):9)
06-30 14:43:40.810 W/FlagRegistrar( 6557): 	at bjah.q(:com.google.android.gms@262031038@26.20.31 (260800-919905943):48)
06-30 14:43:40.810 W/FlagRegistrar( 6557): 	at bjah.d(:com.google.android.gms@262031038@26.20.31 (260800-919905943):10)
06-30 14:43:40.810 W/FlagRegistrar( 6557): 	at bjah.g(:com.google.android.gms@262031038@26.20.31 (260800-919905943):191)
06-30 14:43:40.810 W/FlagRegistrar( 6557): 	at bjah.onConnectionFailed(:com.google.android.gms@262031038@26.20.31 (260800-919905943):2)
06-30 14:43:40.810 W/FlagRegistrar( 6557): 	at bjaj.run(:com.google.android.gms@262031038@26.20.31 (260800-919905943):70)
06-30 14:43:40.810 W/FlagRegistrar( 6557): 	at android.os.Handler.handleCallback(Handler.java:1095)
06-30 14:43:40.810 W/FlagRegistrar( 6557): 	at android.os.Handler.dispatchMessageImpl(Handler.java:135)
06-30 14:43:40.810 W/FlagRegistrar( 6557): 	at android.os.Handler.dispatchMessage(Handler.java:125)
06-30 14:43:40.810 W/FlagRegistrar( 6557): 	at dbov.mL(:com.google.android.gms@262031038@26.20.31 (260800-919905943):1)
06-30 14:43:40.810 W/FlagRegistrar( 6557): 	at dbov.dispatchMessage(:com.google.android.gms@262031038@26.20.31 (260800-919905943):5)
06-30 14:43:40.810 W/FlagRegistrar( 6557): 	at android.os.Looper.loopOnce(Looper.java:296)
06-30 14:43:40.810 W/FlagRegistrar( 6557): 	at android.os.Looper.loop(Looper.java:397)
06-30 14:43:40.810 W/FlagRegistrar( 6557): 	at android.os.HandlerThread.run(HandlerThread.java:139)
06-30 14:43:40.810 W/FlagRegistrar( 6557): Caused by: bivu: 17: API: Phenotype.API is not available on this device. Connection failed with: ConnectionResult{statusCode=DEVELOPER_ERROR, resolution=null, message=null, clientMethodKey=null}
06-30 14:43:40.810 W/FlagRegistrar( 6557): 	at bjtq.a(:com.google.android.gms@262031038@26.20.31 (260800-919905943):15)
06-30 14:43:40.810 W/FlagRegistrar( 6557): 	at bixs.a(:com.google.android.gms@262031038@26.20.31 (260800-919905943):1)
06-30 14:43:40.810 W/FlagRegistrar( 6557): 	at bixp.e(:com.google.android.gms@262031038@26.20.31 (260800-919905943):5)
06-30 14:43:40.810 W/FlagRegistrar( 6557): 	... 13 more
06-30 14:43:40.810 W/FlagStore( 6557): Unable to update local snapshot for com.google.android.gms.providerinstaller#com.google.android.calendar, may result in stale flags.
06-30 14:43:40.810 W/FlagStore( 6557): java.util.concurrent.ExecutionException: gmma: 17: 17: API: Phenotype.API is not available on this device. Connection failed with: ConnectionResult{statusCode=DEVELOPER_ERROR, resolution=null, message=null, clientMethodKey=null}
06-30 14:43:40.810 W/FlagStore( 6557): 	at hmli.j(:com.google.android.gms@262031038@26.20.31 (260800-919905943):21)
06-30 14:43:40.810 W/FlagStore( 6557): 	at hmlr.t(:com.google.android.gms@262031038@26.20.31 (260800-919905943):24)
06-30 14:43:40.810 W/FlagStore( 6557): 	at hmli.get(:com.google.android.gms@262031038@26.20.31 (260800-919905943):1)
06-30 14:43:40.810 W/FlagStore( 6557): 	at hmpx.a(:com.google.android.gms@262031038@26.20.31 (260800-919905943):2)
06-30 14:43:40.810 W/FlagStore( 6557): 	at hmon.s(:com.google.android.gms@262031038@26.20.31 (260800-919905943):10)
06-30 14:43:40.810 W/FlagStore( 6557): 	at gmrl.d(:com.google.android.gms@262031038@26.20.31 (260800-919905943):1)
06-30 14:43:40.810 W/FlagStore( 6557): 	at gmqp.run(:com.google.android.gms@262031038@26.20.31 (260800-919905943):5)
06-30 14:43:40.810 W/FlagStore( 6557): 	at java.util.concurrent.Executors$RunnableAdapter.call(Executors.java:520)
06-30 14:43:40.810 W/FlagStore( 6557): 	at java.util.concurrent.FutureTask.run(FutureTask.java:328)
06-30 14:43:40.810 W/FlagStore( 6557): 	at java.util.concurrent.ScheduledThreadPoolExecutor$ScheduledFutureTask.run(ScheduledThreadPoolExecutor.java:323)
06-30 14:43:40.810 W/FlagStore( 6557): 	at java.util.concurrent.ThreadPoolExecutor.runWorker(ThreadPoolExecutor.java:1100)
06-30 14:43:40.810 W/FlagStore( 6557): 	at java.util.concurrent.ThreadPoolExecutor$Worker.run(ThreadPoolExecutor.java:624)
06-30 14:43:40.810 W/FlagStore( 6557): 	at java.lang.Thread.run(Thread.java:1572)
06-30 14:43:40.810 W/FlagStore( 6557): Caused by: gmma: 17: 17: API: Phenotype.API is not available on this device. Connection failed with: ConnectionResult{statusCode=DEVELOPER_ERROR, resolution=null, message=null, clientMethodKey=null}
06-30 14:43:40.810 W/FlagStore( 6557): 	at gmmc.a(:com.google.android.gms@262031038@26.20.31 (260800-919905943):13)
06-30 14:43:40.810 W/FlagStore( 6557): 	at hmky.d(:com.google.android.gms@262031038@26.20.31 (260800-919905943):3)
06-30 14:43:40.810 W/FlagStore( 6557): 	at hmla.run(:com.google.android.gms@262031038@26.20.31 (260800-919905943):139)
06-30 14:43:40.810 W/FlagStore( 6557): 	at hmni.execute(:com.google.android.gms@262031038@26.20.31 (260800-919905943):1)
06-30 14:43:40.810 W/FlagStore( 6557): 	at hmli.f(:com.google.android.gms@262031038@26.20.31 (260800-919905943):1)
06-30 14:43:40.810 W/FlagStore( 6557): 	at hmli.m(:com.google.android.gms@262031038@26.20.31 (260800-919905943):101)
06-30 14:43:40.810 W/FlagStore( 6557): 	at hmli.q(:com.google.android.gms@262031038@26.20.31 (260800-919905943):16)
06-30 14:43:40.810 W/FlagStore( 6557): 	at gfwz.hC(:com.google.android.gms@262031038@26.20.31 (260800-919905943):35)
06-30 14:43:40.810 W/FlagStore( 6557): 	at fser.run(:com.google.android.gms@262031038@26.20.31 (260800-919905943):12)
06-30 14:43:40.810 W/FlagStore( 6557): 	at hmni.execute(:com.google.android.gms@262031038@26.20.31 (260800-919905943):1)
06-30 14:43:40.810 W/FlagStore( 6557): 	at fses.b(:com.google.android.gms@262031038@26.20.31 (260800-919905943):18)
06-30 14:43:40.810 W/FlagStore( 6557): 	at fsfh.b(:com.google.android.gms@262031038@26.20.31 (260800-919905943):34)
06-30 14:43:40.810 W/FlagStore( 6557): 	at fsfo.B(:com.google.android.gms@262031038@26.20.31 (260800-919905943):17)
06-30 14:43:40.810 W/FlagStore( 6557): 	at fsej.run(:com.google.android.gms@262031038@26.20.31 (260800-919905943):60)
06-30 14:43:40.810 W/FlagStore( 6557): 	at hmni.execute(:com.google.android.gms@262031038@26.20.31 (260800-919905943):1)
06-30 14:43:40.810 W/FlagStore( 6557): 	at fsek.b(:com.google.android.gms@262031038@26.20.31 (260800-919905943):8)
06-30 14:43:40.810 W/FlagStore( 6557): 	at fsfh.b(:com.google.android.gms@262031038@26.20.31 (260800-919905943):34)
06-30 14:43:40.810 W/FlagStore( 6557): 	at fsfj.d(:com.google.android.gms@262031038@26.20.31 (260800-919905943):22)
06-30 14:43:40.810 W/FlagStore( 6557): 	at bixp.e(:com.google.android.gms@262031038@26.20.31 (260800-919905943):9)
06-30 14:43:40.810 W/FlagStore( 6557): 	at bjah.q(:com.google.android.gms@262031038@26.20.31 (260800-919905943):48)
06-30 14:43:40.810 W/FlagStore( 6557): 	at bjah.d(:com.google.android.gms@262031038@26.20.31 (260800-919905943):10)
06-30 14:43:40.810 W/FlagStore( 6557): 	at bjah.g(:com.google.android.gms@262031038@26.20.31 (260800-919905943):191)
06-30 14:43:40.810 W/FlagStore( 6557): 	at bjah.onConnectionFailed(:com.google.android.gms@262031038@26.20.31 (260800-919905943):2)
06-30 14:43:40.810 W/FlagStore( 6557): 	at bjaj.run(:com.google.android.gms@262031038@26.20.31 (260800-919905943):70)
06-30 14:43:40.810 W/FlagStore( 6557): 	at android.os.Handler.handleCallback(Handler.java:1095)
06-30 14:43:40.810 W/FlagStore( 6557): 	at android.os.Handler.dispatchMessageImpl(Handler.java:135)
06-30 14:43:40.810 W/FlagStore( 6557): 	at android.os.Handler.dispatchMessage(Handler.java:125)
06-30 14:43:40.810 W/FlagStore( 6557): 	at dbov.mL(:com.google.android.gms@262031038@26.20.31 (260800-919905943):1)
06-30 14:43:40.810 W/FlagStore( 6557): 	at dbov.dispatchMessage(:com.google.android.gms@262031038@26.20.31 (260800-919905943):5)
06-30 14:43:40.810 W/FlagStore( 6557): 	at android.os.Looper.loopOnce(Looper.java:296)
06-30 14:43:40.810 W/FlagStore( 6557): 	at android.os.Looper.loop(Looper.java:397)
06-30 14:43:40.810 W/FlagStore( 6557): 	at android.os.HandlerThread.run(HandlerThread.java:139)
06-30 14:43:40.810 W/FlagStore( 6557): Caused by: bivu: 17: API: Phenotype.API is not available on this device. Connection failed with: ConnectionResult{statusCode=DEVELOPER_ERROR, resolution=null, message=null, clientMethodKey=null}
06-30 14:43:40.810 W/FlagStore( 6557): 	at bjtq.a(:com.google.android.gms@262031038@26.20.31 (260800-919905943):15)
06-30 14:43:40.810 W/FlagStore( 6557): 	at bixs.a(:com.google.android.gms@262031038@26.20.31 (260800-919905943):1)
06-30 14:43:40.810 W/FlagStore( 6557): 	at bixp.e(:com.google.android.gms@262031038@26.20.31 (260800-919905943):5)
06-30 14:43:40.810 W/FlagStore( 6557): 	... 13 more
06-30 14:43:40.838 D/android.hardware.audio@7.1-impl.ranchu(  471): 544 frames of silence written
06-30 14:43:40.842 E/hmly    ( 1317): Got more than one input Future failure. Logging failures after the first
06-30 14:43:40.842 E/hmly    ( 1317): java.io.IOException: Unable to create parent directories of /data/user/0/com.google.android.gms/files/mobstore_salt.pb.lock
06-30 14:43:40.842 E/hmly    ( 1317): 	at hhkm.c(:com.google.android.gms@262031038@26.20.31 (260800-919905943):37)
06-30 14:43:40.842 E/hmly    ( 1317): 	at gons.e(:com.google.android.gms@262031038@26.20.31 (260800-919905943):5)
06-30 14:43:40.842 E/hmly    ( 1317): 	at goqk.a(:com.google.android.gms@262031038@26.20.31 (260800-919905943):198)
06-30 14:43:40.842 E/hmly    ( 1317): 	at gomy.d(:com.google.android.gms@262031038@26.20.31 (260800-919905943):5)
06-30 14:43:40.842 E/hmly    ( 1317): 	at gosk.a(:com.google.android.gms@262031038@26.20.31 (260800-919905943):28)
06-30 14:43:40.842 E/hmly    ( 1317): 	at hdmz.a(:com.google.android.gms@262031038@26.20.31 (260800-919905943):17)
06-30 14:43:40.842 E/hmly    ( 1317): 	at hmnp.a(:com.google.android.gms@262031038@26.20.31 (260800-919905943):20)
06-30 14:43:40.842 E/hmly    ( 1317): 	at hmpt.a(:com.google.android.gms@262031038@26.20.31 (260800-919905943):3)
06-30 14:43:40.842 E/hmly    ( 1317): 	at hmou.run(:com.google.android.gms@262031038@26.20.31 (260800-919905943):19)
06-30 14:43:40.842 E/hmly    ( 1317): 	at hmpv.run(:com.google.android.gms@262031038@26.20.31 (260800-919905943):5)
06-30 14:43:40.842 E/hmly    ( 1317): 	at hmnr.run(:com.google.android.gms@262031038@26.20.31 (260800-919905943):20)
06-30 14:43:40.842 E/hmly    ( 1317): 	at java.util.concurrent.ThreadPoolExecutor.runWorker(ThreadPoolExecutor.java:1100)
06-30 14:43:40.842 E/hmly    ( 1317): 	at java.util.concurrent.ThreadPoolExecutor$Worker.run(ThreadPoolExecutor.java:624)
06-30 14:43:40.842 E/hmly    ( 1317): 	at java.lang.Thread.run(Thread.java:1572)
06-30 14:43:40.842 E/hmly    ( 1317): Got more than one input Future failure. Logging failures after the first
06-30 14:43:40.842 E/hmly    ( 1317): java.io.IOException: Unable to create parent directories of /data/user/0/com.google.android.gms/files/mobstore_salt.pb.lock
06-30 14:43:40.842 E/hmly    ( 1317): 	at hhkm.c(:com.google.android.gms@262031038@26.20.31 (260800-919905943):37)
06-30 14:43:40.842 E/hmly    ( 1317): 	at gons.e(:com.google.android.gms@262031038@26.20.31 (260800-919905943):5)
06-30 14:43:40.842 E/hmly    ( 1317): 	at goqk.a(:com.google.android.gms@262031038@26.20.31 (260800-919905943):198)
06-30 14:43:40.842 E/hmly    ( 1317): 	at gomy.d(:com.google.android.gms@262031038@26.20.31 (260800-919905943):5)
06-30 14:43:40.842 E/hmly    ( 1317): 	at gosk.a(:com.google.android.gms@262031038@26.20.31 (260800-919905943):28)
06-30 14:43:40.842 E/hmly    ( 1317): 	at hdmz.a(:com.google.android.gms@262031038@26.20.31 (260800-919905943):17)
06-30 14:43:40.842 E/hmly    ( 1317): 	at hmnp.a(:com.google.android.gms@262031038@26.20.31 (260800-919905943):20)
06-30 14:43:40.842 E/hmly    ( 1317): 	at hmpt.a(:com.google.android.gms@262031038@26.20.31 (260800-919905943):3)
06-30 14:43:40.842 E/hmly    ( 1317): 	at hmou.run(:com.google.android.gms@262031038@26.20.31 (260800-919905943):19)
06-30 14:43:40.842 E/hmly    ( 1317): 	at hmpv.run(:com.google.android.gms@262031038@26.20.31 (260800-919905943):5)
06-30 14:43:40.842 E/hmly    ( 1317): 	at hmnr.run(:com.google.android.gms@262031038@26.20.31 (260800-919905943):20)
06-30 14:43:40.842 E/hmly    ( 1317): 	at java.util.concurrent.ThreadPoolExecutor.runWorker(ThreadPoolExecutor.java:1100)
06-30 14:43:40.842 E/hmly    ( 1317): 	at java.util.concurrent.ThreadPoolExecutor$Worker.run(ThreadPoolExecutor.java:624)
06-30 14:43:40.842 E/hmly    ( 1317): 	at java.lang.Thread.run(Thread.java:1572)
06-30 14:43:40.842 E/hmly    ( 1317): Got more than one input Future failure. Logging failures after the first
06-30 14:43:40.842 E/hmly    ( 1317): java.io.IOException: Unable to create parent directories of /data/user/0/com.google.android.gms/files/mobstore_salt.pb.lock
06-30 14:43:40.842 E/hmly    ( 1317): 	at hhkm.c(:com.google.android.gms@262031038@26.20.31 (260800-919905943):37)
06-30 14:43:40.842 E/hmly    ( 1317): 	at gons.e(:com.google.android.gms@262031038@26.20.31 (260800-919905943):5)
06-30 14:43:40.842 E/hmly    ( 1317): 	at goqk.a(:com.google.android.gms@262031038@26.20.31 (260800-919905943):198)
06-30 14:43:40.842 E/hmly    ( 1317): 	at gomy.d(:com.google.android.gms@262031038@26.20.31 (260800-919905943):5)
06-30 14:43:40.842 E/hmly    ( 1317): 	at gosk.a(:com.google.android.gms@262031038@26.20.31 (260800-919905943):28)
06-30 14:43:40.842 E/hmly    ( 1317): 	at hdmz.a(:com.google.android.gms@262031038@26.20.31 (260800-919905943):17)
06-30 14:43:40.842 E/hmly    ( 1317): 	at hmnp.a(:com.google.android.gms@262031038@26.20.31 (260800-919905943):20)
06-30 14:43:40.842 E/hmly    ( 1317): 	at hmpt.a(:com.google.android.gms@262031038@26.20.31 (260800-919905943):3)
06-30 14:43:40.842 E/hmly    ( 1317): 	at hmou.run(:com.google.android.gms@262031038@26.20.31 (260800-919905943):19)
06-30 14:43:40.842 E/hmly    ( 1317): 	at hmpv.run(:com.google.android.gms@262031038@26.20.31 (260800-919905943):5)
06-30 14:43:40.842 E/hmly    ( 1317): 	at hmnr.run(:com.google.android.gms@262031038@26.20.31 (260800-919905943):20)
06-30 14:43:40.842 E/hmly    ( 1317): 	at java.util.concurrent.ThreadPoolExecutor.runWorker(ThreadPoolExecutor.java:1100)
06-30 14:43:40.842 E/hmly    ( 1317): 	at java.util.concurrent.ThreadPoolExecutor$Worker.run(ThreadPoolExecutor.java:624)
06-30 14:43:40.842 E/hmly    ( 1317): 	at java.lang.Thread.run(Thread.java:1572)
06-30 14:43:40.843 E/hmly    ( 1317): Got more than one input Future failure. Logging failures after the first
06-30 14:43:40.843 E/hmly    ( 1317): java.io.IOException: Unable to create parent directories of /data/user/0/com.google.android.gms/files/mobstore_salt.pb.lock
06-30 14:43:40.843 E/hmly    ( 1317): 	at hhkm.c(:com.google.android.gms@262031038@26.20.31 (260800-919905943):37)
06-30 14:43:40.843 E/hmly    ( 1317): 	at gons.e(:com.google.android.gms@262031038@26.20.31 (260800-919905943):5)
06-30 14:43:40.843 E/hmly    ( 1317): 	at goqk.a(:com.google.android.gms@262031038@26.20.31 (260800-919905943):198)
06-30 14:43:40.843 E/hmly    ( 1317): 	at gomy.d(:com.google.android.gms@262031038@26.20.31 (260800-919905943):5)
06-30 14:43:40.843 E/hmly    ( 1317): 	at gosk.a(:com.google.android.gms@262031038@26.20.31 (260800-919905943):28)
06-30 14:43:40.843 E/hmly    ( 1317): 	at hdmz.a(:com.google.android.gms@262031038@26.20.31 (260800-919905943):17)
06-30 14:43:40.843 E/hmly    ( 1317): 	at hmnp.a(:com.google.android.gms@262031038@26.20.31 (260800-919905943):20)
06-30 14:43:40.843 E/hmly    ( 1317): 	at hmpt.a(:com.google.android.gms@262031038@26.20.31 (260800-919905943):3)
06-30 14:43:40.843 E/hmly    ( 1317): 	at hmou.run(:com.google.android.gms@262031038@26.20.31 (260800-919905943):19)
06-30 14:43:40.843 E/hmly    ( 1317): 	at hmpv.run(:com.google.android.gms@262031038@26.20.31 (260800-919905943):5)
06-30 14:43:40.843 E/hmly    ( 1317): 	at hmnr.run(:com.google.android.gms@262031038@26.20.31 (260800-919905943):20)
06-30 14:43:40.843 E/hmly    ( 1317): 	at java.util.concurrent.ThreadPoolExecutor.runWorker(ThreadPoolExecutor.java:1100)
06-30 14:43:40.843 E/hmly    ( 1317): 	at java.util.concurrent.ThreadPoolExecutor$Worker.run(ThreadPoolExecutor.java:624)
06-30 14:43:40.843 E/hmly    ( 1317): 	at java.lang.Thread.run(Thread.java:1572)
06-30 14:43:40.843 E/hmly    ( 1317): Got more than one input Future failure. Logging failures after the first
06-30 14:43:40.843 E/hmly    ( 1317): java.io.IOException: Unable to create parent directories of /data/user/0/com.google.android.gms/files/mobstore_salt.pb.lock
06-30 14:43:40.843 E/hmly    ( 1317): 	at hhkm.c(:com.google.android.gms@262031038@26.20.31 (260800-919905943):37)
06-30 14:43:40.843 E/hmly    ( 1317): 	at gons.e(:com.google.android.gms@262031038@26.20.31 (260800-919905943):5)
06-30 14:43:40.843 E/hmly    ( 1317): 	at goqk.a(:com.google.android.gms@262031038@26.20.31 (260800-919905943):198)
06-30 14:43:40.843 E/hmly    ( 1317): 	at gomy.d(:com.google.android.gms@262031038@26.20.31 (260800-919905943):5)
06-30 14:43:40.843 E/hmly    ( 1317): 	at gosk.a(:com.google.android.gms@262031038@26.20.31 (260800-919905943):28)
06-30 14:43:40.843 E/hmly    ( 1317): 	at hdmz.a(:com.google.android.gms@262031038@26.20.31 (260800-919905943):17)
06-30 14:43:40.843 E/hmly    ( 1317): 	at hmnp.a(:com.google.android.gms@262031038@26.20.31 (260800-919905943):20)
06-30 14:43:40.843 E/hmly    ( 1317): 	at hmpt.a(:com.google.android.gms@262031038@26.20.31 (260800-919905943):3)
06-30 14:43:40.843 E/hmly    ( 1317): 	at hmou.run(:com.google.android.gms@262031038@26.20.31 (260800-919905943):19)
06-30 14:43:40.843 E/hmly    ( 1317): 	at hmpv.run(:com.google.android.gms@262031038@26.20.31 (260800-919905943):5)
06-30 14:43:40.843 E/hmly    ( 1317): 	at hmnr.run(:com.google.android.gms@262031038@26.20.31 (260800-919905943):20)
06-30 14:43:40.843 E/hmly    ( 1317): 	at java.util.concurrent.ThreadPoolExecutor.runWorker(ThreadPoolExecutor.java:1100)
06-30 14:43:40.843 E/hmly    ( 1317): 	at java.util.concurrent.ThreadPoolExecutor$Worker.run(ThreadPoolExecutor.java:624)
06-30 14:43:40.843 E/hmly    ( 1317): 	at java.lang.Thread.run(Thread.java:1572)
06-30 14:43:40.845 I/MdiSyncModule(20906): API connection successful!
06-30 14:43:40.845 W/cal.badb( 6557): Failed to create JWT helper. This is unexpected
06-30 14:43:40.845 W/cal.badb( 6557): java.lang.NoSuchMethodException: cal.aqom.getScopes []
06-30 14:43:40.845 W/cal.badb( 6557): 	at java.lang.Class.getMethod(Class.java:2942)
06-30 14:43:40.845 W/cal.badb( 6557): 	at java.lang.Class.getMethod(Class.java:2442)
06-30 14:43:40.845 W/cal.badb( 6557): 	at cal.bacz.<init>(PG:15)
06-30 14:43:40.845 W/cal.badb( 6557): 	at cal.badb.<clinit>(PG:27)
06-30 14:43:40.845 W/cal.badb( 6557): 	at cal.zes.k(PG:83)
06-30 14:43:40.845 W/cal.badb( 6557): 	at cal.zes.l(PG:100)
06-30 14:43:40.845 W/cal.badb( 6557): 	at cal.zes.g(PG:5)
06-30 14:43:40.845 W/cal.badb( 6557): 	at cal.tcl.call(PG:11)
06-30 14:43:40.845 W/cal.badb( 6557): 	at java.util.concurrent.FutureTask.run(FutureTask.java:328)
06-30 14:43:40.845 W/cal.badb( 6557): 	at cal.nue.run(PG:5)
06-30 14:43:40.845 W/cal.badb( 6557): 	at java.util.concurrent.Executors$RunnableAdapter.call(Executors.java:520)
06-30 14:43:40.845 W/cal.badb( 6557): 	at java.util.concurrent.FutureTask.run(FutureTask.java:328)
06-30 14:43:40.845 W/cal.badb( 6557): 	at java.util.concurrent.ScheduledThreadPoolExecutor$ScheduledFutureTask.run(ScheduledThreadPoolExecutor.java:323)
06-30 14:43:40.845 W/cal.badb( 6557): 	at java.util.concurrent.ThreadPoolExecutor.runWorker(ThreadPoolExecutor.java:1100)
06-30 14:43:40.845 W/cal.badb( 6557): 	at java.util.concurrent.ThreadPoolExecutor$Worker.run(ThreadPoolExecutor.java:624)
06-30 14:43:40.845 W/cal.badb( 6557): 	at cal.nud.run(PG:66)
06-30 14:43:40.845 W/cal.badb( 6557): 	at java.lang.Thread.run(Thread.java:1572)
06-30 14:43:40.848 D/android.hardware.audio@7.1-impl.ranchu(  471): 544 frames of silence written
06-30 14:43:40.860 W/skia    (  527): AGTM parsing failed flags.readFromStream(s) at 159
06-30 14:43:40.910 I/artd    ( 3273): GetBestInfo: odex next to the dex file (/data/app/~~pUpe9D-hsv0lOCLmNQJGyA==/com.google.android.gms-a0e_AySruvvgbDhYG8Z6yQ==/oat/x86_64/base.odex) is kOatUpToDate with filter 'speed-profile' executable 'false'
06-30 14:43:40.913 I/artd    ( 3273): GetBestInfo: dm (/data/app/~~pUpe9D-hsv0lOCLmNQJGyA==/com.google.android.gms-a0e_AySruvvgbDhYG8Z6yQ==/split_AdsDynamite_installtime.dm) is kOatUpToDate with filter 'verify' executable 'false'
06-30 14:43:40.918 I/artd    ( 3273): GetBestInfo: odex next to the dex file (/data/app/~~pUpe9D-hsv0lOCLmNQJGyA==/com.google.android.gms-a0e_AySruvvgbDhYG8Z6yQ==/oat/x86_64/split_CronetDynamite_installtime.odex) is kOatUpToDate with filter 'speed-profile' executable 'false'
06-30 14:43:40.919 I/artd    ( 3273): GetBestInfo: dm (/data/app/~~pUpe9D-hsv0lOCLmNQJGyA==/com.google.android.gms-a0e_AySruvvgbDhYG8Z6yQ==/split_DynamiteLoader_installtime.dm) is kOatUpToDate with filter 'verify' executable 'false'
06-30 14:43:40.920 I/artd    ( 3273): GetBestInfo: dm (/data/app/~~pUpe9D-hsv0lOCLmNQJGyA==/com.google.android.gms-a0e_AySruvvgbDhYG8Z6yQ==/split_DynamiteModulesA_installtime.dm) is kOatUpToDate with filter 'verify' executable 'false'
06-30 14:43:40.921 I/artd    ( 3273): GetBestInfo: dm (/data/app/~~pUpe9D-hsv0lOCLmNQJGyA==/com.google.android.gms-a0e_AySruvvgbDhYG8Z6yQ==/split_DynamiteModulesC_installtime.dm) is kOatUpToDate with filter 'verify' executable 'false'
06-30 14:43:40.923 I/artd    ( 3273): GetBestInfo: dm (/data/app/~~pUpe9D-hsv0lOCLmNQJGyA==/com.google.android.gms-a0e_AySruvvgbDhYG8Z6yQ==/split_GoogleCertificates_installtime.dm) is kOatUpToDate with filter 'verify' executable 'false'
06-30 14:43:40.924 I/artd    ( 3273): GetBestInfo: dm (/data/app/~~pUpe9D-hsv0lOCLmNQJGyA==/com.google.android.gms-a0e_AySruvvgbDhYG8Z6yQ==/split_MapsDynamite_installtime.dm) is kOatUpToDate with filter 'verify' executable 'false'
06-30 14:43:40.926 I/artd    ( 3273): GetBestInfo: dm (/data/app/~~pUpe9D-hsv0lOCLmNQJGyA==/com.google.android.gms-a0e_AySruvvgbDhYG8Z6yQ==/split_MeasurementDynamite_installtime.dm) is kOatUpToDate with filter 'verify' executable 'false'
06-30 14:43:40.928 I/artd    ( 3273): GetBestInfo: /data/user_de/0/com.google.android.gms/app_chimera/m/0000000e/dl-IdentityCredentialsPlatform.optional_262031100800.apk has no usable artifacts
06-30 14:43:40.929 I/artd    ( 3273): GetBestInfo: /data/user_de/0/com.google.android.gms/app_chimera/m/00000001/CronetDynamite.apk has no usable artifacts
06-30 14:43:40.930 I/artd    ( 3273): GetBestInfo: /data/user_de/0/com.google.android.gms/app_chimera/m/00000013/dl-TfliteDynamiteDynamite.integ_252130102100800.apk has no usable artifacts
06-30 14:43:40.930 I/artd    ( 3273): GetBestInfo: /data/user_de/0/com.google.android.gms/app_chimera/m/00000002/DynamiteLoader.apk has no usable artifacts
06-30 14:43:40.931 I/artd    ( 3273): GetBestInfo: /data/user_de/0/com.google.android.gms/app_chimera/m/0000000c/dl-IdentityCredentialsPlatform.optional_261136100800.apk has no usable artifacts
06-30 14:43:40.932 I/artd    ( 3273): GetBestInfo: /data/user_de/0/com.google.android.gms/app_chimera/m/00000005/GoogleCertificates.apk has no usable artifacts
06-30 14:43:40.934 I/artd    ( 3273): GetBestInfo: /data/user_de/0/com.google.android.gms/app_chimera/m/0000000a/dl-TfliteDynamiteDynamite.integ_260580502100800.apk has no usable artifacts
06-30 14:43:40.935 I/artd    ( 3273): GetBestInfo: /data/user_de/0/com.google.android.gms/app_chimera/m/00000016/dl-PlayCloudSearch.optional_262031100000.apk has no usable artifacts
06-30 14:43:40.937 I/artd    ( 3273): GetBestInfo: /data/user_de/0/com.google.android.gms/app_chimera/m/00000014/dl-MlkitOcrCommon.optional_262031100800.apk has no usable artifacts
06-30 14:43:40.939 I/artd    ( 3273): GetBestInfo: /data/user_de/0/com.google.android.gms/app_chimera/m/00000008/dl-VisionOcr.optional_261136100000.apk has no usable artifacts
06-30 14:43:40.940 I/artd    ( 3273): GetBestInfo: /data/user_de/0/com.google.android.gms/app_chimera/m/00000010/dl-Appsearch.optional_262031100800.apk has no usable artifacts
06-30 14:43:40.942 I/artd    ( 3273): GetBestInfo: /data/user_de/0/com.google.android.gms/app_chimera/m/0000000b/dl-Appsearch.optional_261136100800.apk has no usable artifacts
06-30 14:43:40.944 I/artd    ( 3273): GetBestInfo: vdex next to the dex file (/data/user/0/com.google.android.gms/app_dg_cache/9BCBC14EE674B00B958D4B0C5B4BD883630AA39E/oat/x86_64/the.vdex) is kOatUpToDate with filter 'verify' executable 'false'
06-30 14:43:40.946 I/artd    ( 3273): GetBestInfo: /data/user_de/0/com.google.android.gms/app_chimera/m/00000009/dl-MlkitOcrCommon.optional_261136100800.apk has no usable artifacts
06-30 14:43:40.947 I/artd    ( 3273): GetBestInfo: /data/user/0/com.google.android.gms/app_dg_cache/22DA9D7AD8ED7504E0CAC64C41ECDBD7068924E0/the.apk has no usable artifacts
06-30 14:43:40.948 I/artd    ( 3273): GetBestInfo: vdex next to the dex file (/data/user/0/com.google.android.gms/app_dg_cache/FEE57AEA14526BE59FD8AB1365237E7B7A5CE7CB/oat/x86_64/the.vdex) is kOatUpToDate with filter 'verify' executable 'false'
06-30 14:43:40.950 I/artd    ( 3273): GetBestInfo: vdex next to the dex file (/data/user/0/com.google.android.gms/app_dg_cache/1C62BDE86218FBAA50DF06C4A79F5C3FE74B69EC/oat/x86_64/the.vdex) is kOatUpToDate with filter 'verify' executable 'false'
06-30 14:43:40.950 I/artd    ( 3273): GetBestInfo: /data/user_de/0/com.google.android.gms/app_chimera/m/0000000f/dl-VisionOcr.optional_262031100000.apk has no usable artifacts
06-30 14:43:40.952 I/artd    ( 3273): GetBestInfo: /data/user_de/0/com.google.android.gms/app_chimera/m/00000015/dl-MlkitBarcodeUi.optional_262031100800.apk has no usable artifacts
06-30 14:43:40.953 I/artd    ( 3273): GetBestInfo: /data/user_de/0/com.google.android.gms/app_chimera/m/00000007/MeasurementDynamite.apk has no usable artifacts
06-30 14:43:40.961 W/skia    (  527): AGTM parsing failed flags.readFromStream(s) at 159
06-30 14:43:40.970 W/View    ( 6557): requestLayout() improperly called by com.google.android.material.textview.MaterialTextView{d30d8e2 V.ED..... ......ID 0,0-86,74 #7f0b01cc app:id/date_picker_text_view} during layout: running second layout pass
06-30 14:43:40.970 W/View    ( 6557): requestLayout() improperly called by com.google.android.calendar.common.view.AutoResizeTextView{ad6473 V.ED..... ......ID 0,74-126,148 #7f0b01c3 app:id/date_picker_alt_month_name} during layout: running second layout pass
06-30 14:43:40.975 D/WindowLayoutComponentImpl( 6557): Register WindowLayoutInfoListener on Context=com.google.android.calendar.allinone.AllInOneCalendarActivity@3b0e2a7, of which baseContext=cal.ym@2d77a9, of which baseContext=android.app.ContextImpl@387a12e
06-30 14:43:40.993 D/BoundBrokerSvc(20906): onBind: Intent { act=com.google.android.gms.inappreach.service.START dat=chimera-action:/... xflg=0x4 cmp=com.google.android.gms/.chimera.GmsApiService }
06-30 14:43:40.993 D/BoundBrokerSvc(20906): Loading bound service for intent: Intent { act=com.google.android.gms.inappreach.service.START dat=chimera-action:/... xflg=0x4 cmp=com.google.android.gms/.chimera.GmsApiService }
06-30 14:43:41.026 E/hmly    ( 1317): Got more than one input Future failure. Logging failures after the first
06-30 14:43:41.026 E/hmly    ( 1317): java.io.IOException: Unable to create parent directories of /data/user/0/com.google.android.gms/files/mobstore_salt.pb.lock
06-30 14:43:41.026 E/hmly    ( 1317): 	at hhkm.c(:com.google.android.gms@262031038@26.20.31 (260800-919905943):37)
06-30 14:43:41.026 E/hmly    ( 1317): 	at gons.e(:com.google.android.gms@262031038@26.20.31 (260800-919905943):5)
06-30 14:43:41.026 E/hmly    ( 1317): 	at goqk.a(:com.google.android.gms@262031038@26.20.31 (260800-919905943):198)
06-30 14:43:41.026 E/hmly    ( 1317): 	at gomy.d(:com.google.android.gms@262031038@26.20.31 (260800-919905943):5)
06-30 14:43:41.026 E/hmly    ( 1317): 	at gosk.a(:com.google.android.gms@262031038@26.20.31 (260800-919905943):28)
06-30 14:43:41.026 E/hmly    ( 1317): 	at hdmz.a(:com.google.android.gms@262031038@26.20.31 (260800-919905943):17)
06-30 14:43:41.026 E/hmly    ( 1317): 	at hmnp.a(:com.google.android.gms@262031038@26.20.31 (260800-919905943):20)
06-30 14:43:41.026 E/hmly    ( 1317): 	at hmpt.a(:com.google.android.gms@262031038@26.20.31 (260800-919905943):3)
06-30 14:43:41.026 E/hmly    ( 1317): 	at hmou.run(:com.google.android.gms@262031038@26.20.31 (260800-919905943):19)
06-30 14:43:41.026 E/hmly    ( 1317): 	at hmpv.run(:com.google.android.gms@262031038@26.20.31 (260800-919905943):5)
06-30 14:43:41.026 E/hmly    ( 1317): 	at hmnr.run(:com.google.android.gms@262031038@26.20.31 (260800-919905943):20)
06-30 14:43:41.026 E/hmly    ( 1317): 	at java.util.concurrent.ThreadPoolExecutor.runWorker(ThreadPoolExecutor.java:1100)
06-30 14:43:41.026 E/hmly    ( 1317): 	at java.util.concurrent.ThreadPoolExecutor$Worker.run(ThreadPoolExecutor.java:624)
06-30 14:43:41.026 E/hmly    ( 1317): 	at java.lang.Thread.run(Thread.java:1572)
06-30 14:43:41.052 E/hmly    ( 1317): Got more than one input Future failure. Logging failures after the first
06-30 14:43:41.052 E/hmly    ( 1317): java.io.IOException: Unable to create parent directories of /data/user/0/com.google.android.gms/files/mobstore_salt.pb.lock
06-30 14:43:41.052 E/hmly    ( 1317): 	at hhkm.c(:com.google.android.gms@262031038@26.20.31 (260800-919905943):37)
06-30 14:43:41.052 E/hmly    ( 1317): 	at gons.e(:com.google.android.gms@262031038@26.20.31 (260800-919905943):5)
06-30 14:43:41.052 E/hmly    ( 1317): 	at goqk.a(:com.google.android.gms@262031038@26.20.31 (260800-919905943):198)
06-30 14:43:41.052 E/hmly    ( 1317): 	at gomy.d(:com.google.android.gms@262031038@26.20.31 (260800-919905943):5)
06-30 14:43:41.052 E/hmly    ( 1317): 	at gosk.a(:com.google.android.gms@262031038@26.20.31 (260800-919905943):28)
06-30 14:43:41.052 E/hmly    ( 1317): 	at hdmz.a(:com.google.android.gms@262031038@26.20.31 (260800-919905943):17)
06-30 14:43:41.052 E/hmly    ( 1317): 	at hmnp.a(:com.google.android.gms@262031038@26.20.31 (260800-919905943):20)
06-30 14:43:41.052 E/hmly    ( 1317): 	at hmpt.a(:com.google.android.gms@262031038@26.20.31 (260800-919905943):3)
06-30 14:43:41.052 E/hmly    ( 1317): 	at hmou.run(:com.google.android.gms@262031038@26.20.31 (260800-919905943):19)
06-30 14:43:41.052 E/hmly    ( 1317): 	at hmpv.run(:com.google.android.gms@262031038@26.20.31 (260800-919905943):5)
06-30 14:43:41.052 E/hmly    ( 1317): 	at hmnr.run(:com.google.android.gms@262031038@26.20.31 (260800-919905943):20)
06-30 14:43:41.052 E/hmly    ( 1317): 	at java.util.concurrent.ThreadPoolExecutor.runWorker(ThreadPoolExecutor.java:1100)
06-30 14:43:41.052 E/hmly    ( 1317): 	at java.util.concurrent.ThreadPoolExecutor$Worker.run(ThreadPoolExecutor.java:624)
06-30 14:43:41.052 E/hmly    ( 1317): 	at java.lang.Thread.run(Thread.java:1572)
06-30 14:43:41.062 W/skia    (  527): AGTM parsing failed flags.readFromStream(s) at 159
06-30 14:43:41.072 I/ndroid.calendar( 6557): Background concurrent mark compact GC freed 9797KB AllocSpace bytes, 4(2656KB) LOS objects, 49% free, 10MB/21MB, paused 1.979ms,11.947ms total 112.039ms
06-30 14:43:41.098 E/hmly    ( 1317): Got more than one input Future failure. Logging failures after the first
06-30 14:43:41.098 E/hmly    ( 1317): java.io.IOException: Unable to create parent directories of /data/user/0/com.google.android.gms/files/mobstore_salt.pb.lock
06-30 14:43:41.098 E/hmly    ( 1317): 	at hhkm.c(:com.google.android.gms@262031038@26.20.31 (260800-919905943):37)
06-30 14:43:41.098 E/hmly    ( 1317): 	at gons.e(:com.google.android.gms@262031038@26.20.31 (260800-919905943):5)
06-30 14:43:41.098 E/hmly    ( 1317): 	at goqk.a(:com.google.android.gms@262031038@26.20.31 (260800-919905943):198)
06-30 14:43:41.098 E/hmly    ( 1317): 	at gomy.d(:com.google.android.gms@262031038@26.20.31 (260800-919905943):5)
06-30 14:43:41.098 E/hmly    ( 1317): 	at gosk.a(:com.google.android.gms@262031038@26.20.31 (260800-919905943):28)
06-30 14:43:41.098 E/hmly    ( 1317): 	at hdmz.a(:com.google.android.gms@262031038@26.20.31 (260800-919905943):17)
06-30 14:43:41.098 E/hmly    ( 1317): 	at hmnp.a(:com.google.android.gms@262031038@26.20.31 (260800-919905943):20)
06-30 14:43:41.098 E/hmly    ( 1317): 	at hmpt.a(:com.google.android.gms@262031038@26.20.31 (260800-919905943):3)
06-30 14:43:41.098 E/hmly    ( 1317): 	at hmou.run(:com.google.android.gms@262031038@26.20.31 (260800-919905943):19)
06-30 14:43:41.098 E/hmly    ( 1317): 	at hmpv.run(:com.google.android.gms@262031038@26.20.31 (260800-919905943):5)
06-30 14:43:41.098 E/hmly    ( 1317): 	at hmnr.run(:com.google.android.gms@262031038@26.20.31 (260800-919905943):20)
06-30 14:43:41.098 E/hmly    ( 1317): 	at java.util.concurrent.ThreadPoolExecutor.runWorker(ThreadPoolExecutor.java:1100)
06-30 14:43:41.098 E/hmly    ( 1317): 	at java.util.concurrent.ThreadPoolExecutor$Worker.run(ThreadPoolExecutor.java:624)
06-30 14:43:41.098 E/hmly    ( 1317): 	at java.lang.Thread.run(Thread.java:1572)
06-30 14:43:41.105 E/hmly    ( 1317): Got more than one input Future failure. Logging failures after the first
06-30 14:43:41.105 E/hmly    ( 1317): java.io.IOException: Unable to create parent directories of /data/user/0/com.google.android.gms/files/mobstore_salt.pb.lock
06-30 14:43:41.105 E/hmly    ( 1317): 	at hhkm.c(:com.google.android.gms@262031038@26.20.31 (260800-919905943):37)
06-30 14:43:41.105 E/hmly    ( 1317): 	at gons.e(:com.google.android.gms@262031038@26.20.31 (260800-919905943):5)
06-30 14:43:41.105 E/hmly    ( 1317): 	at goqk.a(:com.google.android.gms@262031038@26.20.31 (260800-919905943):198)
06-30 14:43:41.105 E/hmly    ( 1317): 	at gomy.d(:com.google.android.gms@262031038@26.20.31 (260800-919905943):5)
06-30 14:43:41.105 E/hmly    ( 1317): 	at gosk.a(:com.google.android.gms@262031038@26.20.31 (260800-919905943):28)
06-30 14:43:41.105 E/hmly    ( 1317): 	at hdmz.a(:com.google.android.gms@262031038@26.20.31 (260800-919905943):17)
06-30 14:43:41.105 E/hmly    ( 1317): 	at hmnp.a(:com.google.android.gms@262031038@26.20.31 (260800-919905943):20)
06-30 14:43:41.105 E/hmly    ( 1317): 	at hmpt.a(:com.google.android.gms@262031038@26.20.31 (260800-919905943):3)
06-30 14:43:41.105 E/hmly    ( 1317): 	at hmou.run(:com.google.android.gms@262031038@26.20.31 (260800-919905943):19)
06-30 14:43:41.105 E/hmly    ( 1317): 	at hmpv.run(:com.google.android.gms@262031038@26.20.31 (260800-919905943):5)
06-30 14:43:41.105 E/hmly    ( 1317): 	at hmnr.run(:com.google.android.gms@262031038@26.20.31 (260800-919905943):20)
06-30 14:43:41.105 E/hmly    ( 1317): 	at java.util.concurrent.ThreadPoolExecutor.runWorker(ThreadPoolExecutor.java:1100)
06-30 14:43:41.105 E/hmly    ( 1317): 	at java.util.concurrent.ThreadPoolExecutor$Worker.run(ThreadPoolExecutor.java:624)
06-30 14:43:41.105 E/hmly    ( 1317): 	at java.lang.Thread.run(Thread.java:1572)
06-30 14:43:41.211 I/ndroid.calendar( 6557): Background young concurrent mark compact GC freed 10173KB AllocSpace bytes, 0(0B) LOS objects, 50% free, 10MB/21MB, paused 2.504ms,8.495ms total 50.241ms
06-30 14:43:41.254 E/hmly    ( 1317): Got more than one input Future failure. Logging failures after the first
06-30 14:43:41.254 E/hmly    ( 1317): java.io.IOException: Unable to create parent directories of /data/user/0/com.google.android.gms/files/mobstore_salt.pb.lock
06-30 14:43:41.254 E/hmly    ( 1317): 	at hhkm.c(:com.google.android.gms@262031038@26.20.31 (260800-919905943):37)
06-30 14:43:41.254 E/hmly    ( 1317): 	at gons.e(:com.google.android.gms@262031038@26.20.31 (260800-919905943):5)
06-30 14:43:41.254 E/hmly    ( 1317): 	at goqk.a(:com.google.android.gms@262031038@26.20.31 (260800-919905943):198)
06-30 14:43:41.254 E/hmly    ( 1317): 	at gomy.d(:com.google.android.gms@262031038@26.20.31 (260800-919905943):5)
06-30 14:43:41.254 E/hmly    ( 1317): 	at gosk.a(:com.google.android.gms@262031038@26.20.31 (260800-919905943):28)
06-30 14:43:41.254 E/hmly    ( 1317): 	at hdmz.a(:com.google.android.gms@262031038@26.20.31 (260800-919905943):17)
06-30 14:43:41.254 E/hmly    ( 1317): 	at hmnp.a(:com.google.android.gms@262031038@26.20.31 (260800-919905943):20)
06-30 14:43:41.254 E/hmly    ( 1317): 	at hmpt.a(:com.google.android.gms@262031038@26.20.31 (260800-919905943):3)
06-30 14:43:41.254 E/hmly    ( 1317): 	at hmou.run(:com.google.android.gms@262031038@26.20.31 (260800-919905943):19)
06-30 14:43:41.254 E/hmly    ( 1317): 	at hmpv.run(:com.google.android.gms@262031038@26.20.31 (260800-919905943):5)
06-30 14:43:41.254 E/hmly    ( 1317): 	at hmnr.run(:com.google.android.gms@262031038@26.20.31 (260800-919905943):20)
06-30 14:43:41.254 E/hmly    ( 1317): 	at java.util.concurrent.ThreadPoolExecutor.runWorker(ThreadPoolExecutor.java:1100)
06-30 14:43:41.254 E/hmly    ( 1317): 	at java.util.concurrent.ThreadPoolExecutor$Worker.run(ThreadPoolExecutor.java:624)
06-30 14:43:41.254 E/hmly    ( 1317): 	at java.lang.Thread.run(Thread.java:1572)
06-30 14:43:41.256 E/hmly    ( 1317): Got more than one input Future failure. Logging failures after the first
06-30 14:43:41.256 E/hmly    ( 1317): java.io.IOException: Unable to create parent directories of /data/user/0/com.google.android.gms/files/mobstore_salt.pb.lock
06-30 14:43:41.256 E/hmly    ( 1317): 	at hhkm.c(:com.google.android.gms@262031038@26.20.31 (260800-919905943):37)
06-30 14:43:41.256 E/hmly    ( 1317): 	at gons.e(:com.google.android.gms@262031038@26.20.31 (260800-919905943):5)
06-30 14:43:41.256 E/hmly    ( 1317): 	at goqk.a(:com.google.android.gms@262031038@26.20.31 (260800-919905943):198)
06-30 14:43:41.256 E/hmly    ( 1317): 	at gomy.d(:com.google.android.gms@262031038@26.20.31 (260800-919905943):5)
06-30 14:43:41.256 E/hmly    ( 1317): 	at gosk.a(:com.google.android.gms@262031038@26.20.31 (260800-919905943):28)
06-30 14:43:41.256 E/hmly    ( 1317): 	at hdmz.a(:com.google.android.gms@262031038@26.20.31 (260800-919905943):17)
06-30 14:43:41.256 E/hmly    ( 1317): 	at hmnp.a(:com.google.android.gms@262031038@26.20.31 (260800-919905943):20)
06-30 14:43:41.256 E/hmly    ( 1317): 	at hmpt.a(:com.google.android.gms@262031038@26.20.31 (260800-919905943):3)
06-30 14:43:41.256 E/hmly    ( 1317): 	at hmou.run(:com.google.android.gms@262031038@26.20.31 (260800-919905943):19)
06-30 14:43:41.256 E/hmly    ( 1317): 	at hmpv.run(:com.google.android.gms@262031038@26.20.31 (260800-919905943):5)
06-30 14:43:41.256 E/hmly    ( 1317): 	at hmnr.run(:com.google.android.gms@262031038@26.20.31 (260800-919905943):20)
06-30 14:43:41.256 E/hmly    ( 1317): 	at java.util.concurrent.ThreadPoolExecutor.runWorker(ThreadPoolExecutor.java:1100)
06-30 14:43:41.256 E/hmly    ( 1317): 	at java.util.concurrent.ThreadPoolExecutor$Worker.run(ThreadPoolExecutor.java:624)
06-30 14:43:41.256 E/hmly    ( 1317): 	at java.lang.Thread.run(Thread.java:1572)
06-30 14:43:41.259 E/hmly    ( 1317): Got more than one input Future failure. Logging failures after the first
06-30 14:43:41.259 E/hmly    ( 1317): java.io.IOException: Unable to create parent directories of /data/user/0/com.google.android.gms/files/mobstore_salt.pb.lock
06-30 14:43:41.259 E/hmly    ( 1317): 	at hhkm.c(:com.google.android.gms@262031038@26.20.31 (260800-919905943):37)
06-30 14:43:41.259 E/hmly    ( 1317): 	at gons.e(:com.google.android.gms@262031038@26.20.31 (260800-919905943):5)
06-30 14:43:41.259 E/hmly    ( 1317): 	at goqk.a(:com.google.android.gms@262031038@26.20.31 (260800-919905943):198)
06-30 14:43:41.259 E/hmly    ( 1317): 	at gomy.d(:com.google.android.gms@262031038@26.20.31 (260800-919905943):5)
06-30 14:43:41.259 E/hmly    ( 1317): 	at gosk.a(:com.google.android.gms@262031038@26.20.31 (260800-919905943):28)
06-30 14:43:41.259 E/hmly    ( 1317): 	at hdmz.a(:com.google.android.gms@262031038@26.20.31 (260800-919905943):17)
06-30 14:43:41.259 E/hmly    ( 1317): 	at hmnp.a(:com.google.android.gms@262031038@26.20.31 (260800-919905943):20)
06-30 14:43:41.259 E/hmly    ( 1317): 	at hmpt.a(:com.google.android.gms@262031038@26.20.31 (260800-919905943):3)
06-30 14:43:41.259 E/hmly    ( 1317): 	at hmou.run(:com.google.android.gms@262031038@26.20.31 (260800-919905943):19)
06-30 14:43:41.259 E/hmly    ( 1317): 	at hmpv.run(:com.google.android.gms@262031038@26.20.31 (260800-919905943):5)
06-30 14:43:41.259 E/hmly    ( 1317): 	at hmnr.run(:com.google.android.gms@262031038@26.20.31 (260800-919905943):20)
06-30 14:43:41.259 E/hmly    ( 1317): 	at java.util.concurrent.ThreadPoolExecutor.runWorker(ThreadPoolExecutor.java:1100)
06-30 14:43:41.259 E/hmly    ( 1317): 	at java.util.concurrent.ThreadPoolExecutor$Worker.run(ThreadPoolExecutor.java:624)
06-30 14:43:41.259 E/hmly    ( 1317): 	at java.lang.Thread.run(Thread.java:1572)
06-30 14:43:41.259 E/hmly    ( 1317): Got more than one input Future failure. Logging failures after the first
06-30 14:43:41.259 E/hmly    ( 1317): java.io.IOException: Unable to create parent directories of /data/user/0/com.google.android.gms/files/mobstore_salt.pb.lock
06-30 14:43:41.259 E/hmly    ( 1317): 	at hhkm.c(:com.google.android.gms@262031038@26.20.31 (260800-919905943):37)
06-30 14:43:41.259 E/hmly    ( 1317): 	at gons.e(:com.google.android.gms@262031038@26.20.31 (260800-919905943):5)
06-30 14:43:41.259 E/hmly    ( 1317): 	at goqk.a(:com.google.android.gms@262031038@26.20.31 (260800-919905943):198)
06-30 14:43:41.259 E/hmly    ( 1317): 	at gomy.d(:com.google.android.gms@262031038@26.20.31 (260800-919905943):5)
06-30 14:43:41.259 E/hmly    ( 1317): 	at gosk.a(:com.google.android.gms@262031038@26.20.31 (260800-919905943):28)
06-30 14:43:41.259 E/hmly    ( 1317): 	at hdmz.a(:com.google.android.gms@262031038@26.20.31 (260800-919905943):17)
06-30 14:43:41.259 E/hmly    ( 1317): 	at hmnp.a(:com.google.android.gms@262031038@26.20.31 (260800-919905943):20)
06-30 14:43:41.259 E/hmly    ( 1317): 	at hmpt.a(:com.google.android.gms@262031038@26.20.31 (260800-919905943):3)
06-30 14:43:41.259 E/hmly    ( 1317): 	at hmou.run(:com.google.android.gms@262031038@26.20.31 (260800-919905943):19)
06-30 14:43:41.259 E/hmly    ( 1317): 	at hmpv.run(:com.google.android.gms@262031038@26.20.31 (260800-919905943):5)
06-30 14:43:41.259 E/hmly    ( 1317): 	at hmnr.run(:com.google.android.gms@262031038@26.20.31 (260800-919905943):20)
06-30 14:43:41.259 E/hmly    ( 1317): 	at java.util.concurrent.ThreadPoolExecutor.runWorker(ThreadPoolExecutor.java:1100)
06-30 14:43:41.259 E/hmly    ( 1317): 	at java.util.concurrent.ThreadPoolExecutor$Worker.run(ThreadPoolExecutor.java:624)
06-30 14:43:41.259 E/hmly    ( 1317): 	at java.lang.Thread.run(Thread.java:1572)
06-30 14:43:41.260 E/hmly    ( 1317): Got more than one input Future failure. Logging failures after the first
06-30 14:43:41.260 E/hmly    ( 1317): java.io.IOException: Unable to create parent directories of /data/user/0/com.google.android.gms/files/mobstore_salt.pb.lock
06-30 14:43:41.260 E/hmly    ( 1317): 	at hhkm.c(:com.google.android.gms@262031038@26.20.31 (260800-919905943):37)
06-30 14:43:41.260 E/hmly    ( 1317): 	at gons.e(:com.google.android.gms@262031038@26.20.31 (260800-919905943):5)
06-30 14:43:41.260 E/hmly    ( 1317): 	at goqk.a(:com.google.android.gms@262031038@26.20.31 (260800-919905943):198)
06-30 14:43:41.260 E/hmly    ( 1317): 	at gomy.d(:com.google.android.gms@262031038@26.20.31 (260800-919905943):5)
06-30 14:43:41.260 E/hmly    ( 1317): 	at gosk.a(:com.google.android.gms@262031038@26.20.31 (260800-919905943):28)
06-30 14:43:41.260 E/hmly    ( 1317): 	at hdmz.a(:com.google.android.gms@262031038@26.20.31 (260800-919905943):17)
06-30 14:43:41.260 E/hmly    ( 1317): 	at hmnp.a(:com.google.android.gms@262031038@26.20.31 (260800-919905943):20)
06-30 14:43:41.260 E/hmly    ( 1317): 	at hmpt.a(:com.google.android.gms@262031038@26.20.31 (260800-919905943):3)
06-30 14:43:41.260 E/hmly    ( 1317): 	at hmou.run(:com.google.android.gms@262031038@26.20.31 (260800-919905943):19)
06-30 14:43:41.260 E/hmly    ( 1317): 	at hmpv.run(:com.google.android.gms@262031038@26.20.31 (260800-919905943):5)
06-30 14:43:41.260 E/hmly    ( 1317): 	at hmnr.run(:com.google.android.gms@262031038@26.20.31 (260800-919905943):20)
06-30 14:43:41.260 E/hmly    ( 1317): 	at java.util.concurrent.ThreadPoolExecutor.runWorker(ThreadPoolExecutor.java:1100)
06-30 14:43:41.260 E/hmly    ( 1317): 	at java.util.concurrent.ThreadPoolExecutor$Worker.run(ThreadPoolExecutor.java:624)
06-30 14:43:41.260 E/hmly    ( 1317): 	at java.lang.Thread.run(Thread.java:1572)
06-30 14:43:41.302 E/hmly    ( 1317): Got more than one input Future failure. Logging failures after the first
06-30 14:43:41.302 E/hmly    ( 1317): java.io.IOException: Unable to create parent directories of /data/user/0/com.google.android.gms/files/mobstore_salt.pb.lock
06-30 14:43:41.302 E/hmly    ( 1317): 	at hhkm.c(:com.google.android.gms@262031038@26.20.31 (260800-919905943):37)
06-30 14:43:41.302 E/hmly    ( 1317): 	at gons.e(:com.google.android.gms@262031038@26.20.31 (260800-919905943):5)
06-30 14:43:41.302 E/hmly    ( 1317): 	at goqk.a(:com.google.android.gms@262031038@26.20.31 (260800-919905943):198)
06-30 14:43:41.302 E/hmly    ( 1317): 	at gomy.d(:com.google.android.gms@262031038@26.20.31 (260800-919905943):5)
06-30 14:43:41.302 E/hmly    ( 1317): 	at gosk.a(:com.google.android.gms@262031038@26.20.31 (260800-919905943):28)
06-30 14:43:41.302 E/hmly    ( 1317): 	at hdmz.a(:com.google.android.gms@262031038@26.20.31 (260800-919905943):17)
06-30 14:43:41.302 E/hmly    ( 1317): 	at hmnp.a(:com.google.android.gms@262031038@26.20.31 (260800-919905943):20)
06-30 14:43:41.302 E/hmly    ( 1317): 	at hmpt.a(:com.google.android.gms@262031038@26.20.31 (260800-919905943):3)
06-30 14:43:41.302 E/hmly    ( 1317): 	at hmou.run(:com.google.android.gms@262031038@26.20.31 (260800-919905943):19)
06-30 14:43:41.302 E/hmly    ( 1317): 	at hmpv.run(:com.google.android.gms@262031038@26.20.31 (260800-919905943):5)
06-30 14:43:41.302 E/hmly    ( 1317): 	at hmnr.run(:com.google.android.gms@262031038@26.20.31 (260800-919905943):20)
06-30 14:43:41.302 E/hmly    ( 1317): 	at java.util.concurrent.ThreadPoolExecutor.runWorker(ThreadPoolExecutor.java:1100)
06-30 14:43:41.302 E/hmly    ( 1317): 	at java.util.concurrent.ThreadPoolExecutor$Worker.run(ThreadPoolExecutor.java:624)
06-30 14:43:41.302 E/hmly    ( 1317): 	at java.lang.Thread.run(Thread.java:1572)
06-30 14:43:41.325 W/libbinder.ServiceManagerCppClient(  690): Permission failure: android.permission.ACCESS_SURFACE_FLINGER from uid=10160 pid=0
06-30 14:43:41.325 D/libbinder.PermissionCache(  690): checking android.permission.ACCESS_SURFACE_FLINGER for uid=10160 => denied (94 us)
06-30 14:43:41.325 W/libbinder.ServiceManagerCppClient(  690): Permission failure: android.permission.ROTATE_SURFACE_FLINGER from uid=10160 pid=0
06-30 14:43:41.325 D/libbinder.PermissionCache(  690): checking android.permission.ROTATE_SURFACE_FLINGER for uid=10160 => denied (50 us)
06-30 14:43:41.325 W/libbinder.ServiceManagerCppClient(  690): Permission failure: android.permission.INTERNAL_SYSTEM_WINDOW from uid=10160 pid=0
06-30 14:43:41.325 D/libbinder.PermissionCache(  690): checking android.permission.INTERNAL_SYSTEM_WINDOW for uid=10160 => denied (43 us)
06-30 14:43:41.325 W/libbinder.ServiceManagerCppClient(  690): Permission failure: android.permission.READ_FRAME_BUFFER from uid=10160 pid=0
06-30 14:43:41.325 D/libbinder.PermissionCache(  690): checking android.permission.READ_FRAME_BUFFER for uid=10160 => denied (50 us)
06-30 14:43:41.327 I/ActivityTaskManager(  690): Displayed com.google.android.calendar/.allinone.AllInOneCalendarActivity for user 0: +1s671ms
06-30 14:43:41.332 E/hmly    ( 1317): Got more than one input Future failure. Logging failures after the first
06-30 14:43:41.332 E/hmly    ( 1317): java.io.IOException: Unable to create parent directories of /data/user/0/com.google.android.gms/files/mobstore_salt.pb.lock
06-30 14:43:41.332 E/hmly    ( 1317): 	at hhkm.c(:com.google.android.gms@262031038@26.20.31 (260800-919905943):37)
06-30 14:43:41.332 E/hmly    ( 1317): 	at gons.e(:com.google.android.gms@262031038@26.20.31 (260800-919905943):5)
06-30 14:43:41.332 E/hmly    ( 1317): 	at goqk.a(:com.google.android.gms@262031038@26.20.31 (260800-919905943):198)
06-30 14:43:41.332 E/hmly    ( 1317): 	at gomy.d(:com.google.android.gms@262031038@26.20.31 (260800-919905943):5)
06-30 14:43:41.332 E/hmly    ( 1317): 	at gosk.a(:com.google.android.gms@262031038@26.20.31 (260800-919905943):28)
06-30 14:43:41.332 E/hmly    ( 1317): 	at hdmz.a(:com.google.android.gms@262031038@26.20.31 (260800-919905943):17)
06-30 14:43:41.332 E/hmly    ( 1317): 	at hmnp.a(:com.google.android.gms@262031038@26.20.31 (260800-919905943):20)
06-30 14:43:41.332 E/hmly    ( 1317): 	at hmpt.a(:com.google.android.gms@262031038@26.20.31 (260800-919905943):3)
06-30 14:43:41.332 E/hmly    ( 1317): 	at hmou.run(:com.google.android.gms@262031038@26.20.31 (260800-919905943):19)
06-30 14:43:41.332 E/hmly    ( 1317): 	at hmpv.run(:com.google.android.gms@262031038@26.20.31 (260800-919905943):5)
06-30 14:43:41.332 E/hmly    ( 1317): 	at hmnr.run(:com.google.android.gms@262031038@26.20.31 (260800-919905943):20)
06-30 14:43:41.332 E/hmly    ( 1317): 	at java.util.concurrent.ThreadPoolExecutor.runWorker(ThreadPoolExecutor.java:1100)
06-30 14:43:41.332 E/hmly    ( 1317): 	at java.util.concurrent.ThreadPoolExecutor$Worker.run(ThreadPoolExecutor.java:624)
06-30 14:43:41.332 E/hmly    ( 1317): 	at java.lang.Thread.run(Thread.java:1572)
06-30 14:43:41.334 E/hmly    ( 1317): Got more than one input Future failure. Logging failures after the first
06-30 14:43:41.334 E/hmly    ( 1317): java.io.IOException: Unable to create parent directories of /data/user/0/com.google.android.gms/files/mobstore_salt.pb.lock
06-30 14:43:41.334 E/hmly    ( 1317): 	at hhkm.c(:com.google.android.gms@262031038@26.20.31 (260800-919905943):37)
06-30 14:43:41.334 E/hmly    ( 1317): 	at gons.e(:com.google.android.gms@262031038@26.20.31 (260800-919905943):5)
06-30 14:43:41.334 E/hmly    ( 1317): 	at goqk.a(:com.google.android.gms@262031038@26.20.31 (260800-919905943):198)
06-30 14:43:41.334 E/hmly    ( 1317): 	at gomy.d(:com.google.android.gms@262031038@26.20.31 (260800-919905943):5)
06-30 14:43:41.334 E/hmly    ( 1317): 	at gosk.a(:com.google.android.gms@262031038@26.20.31 (260800-919905943):28)
06-30 14:43:41.334 E/hmly    ( 1317): 	at hdmz.a(:com.google.android.gms@262031038@26.20.31 (260800-919905943):17)
06-30 14:43:41.334 E/hmly    ( 1317): 	at hmnp.a(:com.google.android.gms@262031038@26.20.31 (260800-919905943):20)
06-30 14:43:41.334 E/hmly    ( 1317): 	at hmpt.a(:com.google.android.gms@262031038@26.20.31 (260800-919905943):3)
06-30 14:43:41.334 E/hmly    ( 1317): 	at hmou.run(:com.google.android.gms@262031038@26.20.31 (260800-919905943):19)
06-30 14:43:41.334 E/hmly    ( 1317): 	at hmpv.run(:com.google.android.gms@262031038@26.20.31 (260800-919905943):5)
06-30 14:43:41.334 E/hmly    ( 1317): 	at hmnr.run(:com.google.android.gms@262031038@26.20.31 (260800-919905943):20)
06-30 14:43:41.334 E/hmly    ( 1317): 	at java.util.concurrent.ThreadPoolExecutor.runWorker(ThreadPoolExecutor.java:1100)
06-30 14:43:41.334 E/hmly    ( 1317): 	at java.util.concurrent.ThreadPoolExecutor$Worker.run(ThreadPoolExecutor.java:624)
06-30 14:43:41.334 E/hmly    ( 1317): 	at java.lang.Thread.run(Thread.java:1572)
06-30 14:43:41.344 W/skia    (  527): AGTM parsing failed flags.readFromStream(s) at 159
06-30 14:43:41.446 I/ndroid.calendar( 6557): Background young concurrent mark compact GC freed 10MB AllocSpace bytes, 0(0B) LOS objects, 43% free, 12MB/21MB, paused 3.400ms,10.049ms total 82.379ms
06-30 14:43:41.446 W/skia    (  527): AGTM parsing failed flags.readFromStream(s) at 159
06-30 14:43:41.446 W/skia    (  527): AGTM parsing failed flags.readFromStream(s) at 159
06-30 14:43:41.547 W/skia    (  527): AGTM parsing failed flags.readFromStream(s) at 159
06-30 14:43:41.547 W/skia    (  527): AGTM parsing failed flags.readFromStream(s) at 159
06-30 14:43:41.589 I/ndroid.calendar( 6557): Background young concurrent mark compact GC freed 8838KB AllocSpace bytes, 0(0B) LOS objects, 43% free, 12MB/21MB, paused 4.311ms,11.318ms total 58.379ms
06-30 14:43:41.626 E/hmly    ( 1317): Got more than one input Future failure. Logging failures after the first
06-30 14:43:41.626 E/hmly    ( 1317): java.io.IOException: Unable to create parent directories of /data/user/0/com.google.android.gms/files/mobstore_salt.pb.lock
06-30 14:43:41.626 E/hmly    ( 1317): 	at hhkm.c(:com.google.android.gms@262031038@26.20.31 (260800-919905943):37)
06-30 14:43:41.626 E/hmly    ( 1317): 	at gons.e(:com.google.android.gms@262031038@26.20.31 (260800-919905943):5)
06-30 14:43:41.626 E/hmly    ( 1317): 	at goqk.a(:com.google.android.gms@262031038@26.20.31 (260800-919905943):198)
06-30 14:43:41.626 E/hmly    ( 1317): 	at gomy.d(:com.google.android.gms@262031038@26.20.31 (260800-919905943):5)
06-30 14:43:41.626 E/hmly    ( 1317): 	at gosk.a(:com.google.android.gms@262031038@26.20.31 (260800-919905943):28)
06-30 14:43:41.626 E/hmly    ( 1317): 	at hdmz.a(:com.google.android.gms@262031038@26.20.31 (260800-919905943):17)
06-30 14:43:41.626 E/hmly    ( 1317): 	at hmnp.a(:com.google.android.gms@262031038@26.20.31 (260800-919905943):20)
06-30 14:43:41.626 E/hmly    ( 1317): 	at hmpt.a(:com.google.android.gms@262031038@26.20.31 (260800-919905943):3)
06-30 14:43:41.626 E/hmly    ( 1317): 	at hmou.run(:com.google.android.gms@262031038@26.20.31 (260800-919905943):19)
06-30 14:43:41.626 E/hmly    ( 1317): 	at hmpv.run(:com.google.android.gms@262031038@26.20.31 (260800-919905943):5)
06-30 14:43:41.626 E/hmly    ( 1317): 	at hmnr.run(:com.google.android.gms@262031038@26.20.31 (260800-919905943):20)
06-30 14:43:41.626 E/hmly    ( 1317): 	at java.util.concurrent.ThreadPoolExecutor.runWorker(ThreadPoolExecutor.java:1100)
06-30 14:43:41.626 E/hmly    ( 1317): 	at java.util.concurrent.ThreadPoolExecutor$Worker.run(ThreadPoolExecutor.java:624)
06-30 14:43:41.626 E/hmly    ( 1317): 	at java.lang.Thread.run(Thread.java:1572)
06-30 14:43:41.633 E/hmly    ( 1317): Got more than one input Future failure. Logging failures after the first
06-30 14:43:41.633 E/hmly    ( 1317): java.io.IOException: Unable to create parent directories of /data/user/0/com.google.android.gms/files/mobstore_salt.pb.lock
06-30 14:43:41.633 E/hmly    ( 1317): 	at hhkm.c(:com.google.android.gms@262031038@26.20.31 (260800-919905943):37)
06-30 14:43:41.633 E/hmly    ( 1317): 	at gons.e(:com.google.android.gms@262031038@26.20.31 (260800-919905943):5)
06-30 14:43:41.633 E/hmly    ( 1317): 	at goqk.a(:com.google.android.gms@262031038@26.20.31 (260800-919905943):198)
06-30 14:43:41.633 E/hmly    ( 1317): 	at gomy.d(:com.google.android.gms@262031038@26.20.31 (260800-919905943):5)
06-30 14:43:41.633 E/hmly    ( 1317): 	at gosk.a(:com.google.android.gms@262031038@26.20.31 (260800-919905943):28)
06-30 14:43:41.633 E/hmly    ( 1317): 	at hdmz.a(:com.google.android.gms@262031038@26.20.31 (260800-919905943):17)
06-30 14:43:41.633 E/hmly    ( 1317): 	at hmnp.a(:com.google.android.gms@262031038@26.20.31 (260800-919905943):20)
06-30 14:43:41.633 E/hmly    ( 1317): 	at hmpt.a(:com.google.android.gms@262031038@26.20.31 (260800-919905943):3)
06-30 14:43:41.633 E/hmly    ( 1317): 	at hmou.run(:com.google.android.gms@262031038@26.20.31 (260800-919905943):19)
06-30 14:43:41.633 E/hmly    ( 1317): 	at hmpv.run(:com.google.android.gms@262031038@26.20.31 (260800-919905943):5)
06-30 14:43:41.633 E/hmly    ( 1317): 	at hmnr.run(:com.google.android.gms@262031038@26.20.31 (260800-919905943):20)
06-30 14:43:41.633 E/hmly    ( 1317): 	at java.util.concurrent.ThreadPoolExecutor.runWorker(ThreadPoolExecutor.java:1100)
06-30 14:43:41.633 E/hmly    ( 1317): 	at java.util.concurrent.ThreadPoolExecutor$Worker.run(ThreadPoolExecutor.java:624)
06-30 14:43:41.633 E/hmly    ( 1317): 	at java.lang.Thread.run(Thread.java:1572)
06-30 14:43:41.658 W/skia    (  527): AGTM parsing failed flags.readFromStream(s) at 159
06-30 14:43:41.658 W/skia    (  527): AGTM parsing failed flags.readFromStream(s) at 159
06-30 14:43:41.696 I/ndroid.calendar( 6557): Waiting for a blocking GC ProfileSaver
06-30 14:43:41.746 W/libbinder.IPCThreadState(  596): Sending oneway calls to frozen process.
06-30 14:43:41.751 I/ndroid.calendar( 6557): Background young concurrent mark compact GC freed 8280KB AllocSpace bytes, 0(0B) LOS objects, 44% free, 11MB/21MB, paused 5.504ms,10.478ms total 57.927ms
06-30 14:43:41.751 I/ndroid.calendar( 6557): WaitForGcToComplete blocked ProfileSaver on Background for 54.664ms
06-30 14:43:41.774 W/skia    (  527): AGTM parsing failed flags.readFromStream(s) at 159
06-30 14:43:41.775 W/skia    (  527): AGTM parsing failed flags.readFromStream(s) at 159
06-30 14:43:41.799 D/BaseActivity( 2807): Launcher flags updated: [] -[state_started]
06-30 14:43:41.799 D/BaseDepthController( 2807): setSurface:
06-30 14:43:41.799 D/BaseDepthController( 2807): 	mWaitingOnSurfaceValidity: false
06-30 14:43:41.799 D/BaseDepthController( 2807): 	mBaseSurface: null
06-30 14:43:41.799 D/BaseDepthController( 2807): mSurface is null and mCurrentBlur is: 0
06-30 14:43:41.799 D/LauncherStateManager( 2807): StateManager.goToState: fromState: Normal, toState: Normal, partial trace:
06-30 14:43:41.799 D/LauncherStateManager( 2807): 	at com.android.launcher3.statemanager.StateManager.moveToRestState(go/retraceme 4b96215a9d9b4c1494121442fbf9d6e89857c91e1d76ddcc689701971259418a:26)
06-30 14:43:41.799 D/LauncherStateManager( 2807): 	at com.android.launcher3.statemanager.StateManager.moveToRestState(go/retraceme 4b96215a9d9b4c1494121442fbf9d6e89857c91e1d76ddcc689701971259418a:35)
06-30 14:43:41.799 D/LauncherStateManager( 2807): 	at com.android.launcher3.statemanager.StatefulActivity.onStop(go/retraceme 4b96215a9d9b4c1494121442fbf9d6e89857c91e1d76ddcc689701971259418a:31)
06-30 14:43:41.799 D/LauncherStateManager( 2807): StateManager.onRepeatStateSetAborted: state: Normal
06-30 14:43:41.799 D/KeyboardStateManager( 2807): hideKeyboard
06-30 14:43:41.799 D/KeyboardStateManager( 2807): isImeShown: false
06-30 14:43:41.799 D/StatsLog( 2807): LAUNCHER_ONSTOP
06-30 14:43:41.801 D/StatsLog( 2807): LAUNCHER_GOOGLE_SEARCH_RESTORE_LIST_SIZE_AFTER_ACTIVITY_RESTART
06-30 14:43:41.874 W/skia    (  527): AGTM parsing failed flags.readFromStream(s) at 159
06-30 14:43:41.874 W/skia    (  527): AGTM parsing failed flags.readFromStream(s) at 159
06-30 14:43:41.905 W/ActivityTaskManager(  690): callingPackage for (uid=-1, pid=0) has no WPC
06-30 14:43:41.906 W/ActivityStartInterceptor(  690): Starting home with component specified, uid=0
06-30 14:43:41.907 V/GrammaticalInflectionUtils(  690): AttributionSource: android.content.AttributionSource@b3a027ff does not have READ_SYSTEM_GRAMMATICAL_GENDER permission.
06-30 14:43:41.912 V/RecentTasksController(  981): Notify recent tasks changed
06-30 14:43:41.912 D/RecentTasksList( 2807): invalidateLoadedTasks - previous requestLoadId: -1
06-30 14:43:41.921 V/WindowManager(  690): Defer transition id=90 for TaskFragmentTransaction=android.os.Binder@70657a7
06-30 14:43:41.921 V/ActivityTaskManager(  690): TaskLaunchParamsModifier: phase=3 task=Task{fab8c12 #2 type=home I=com.google.android.apps.nexuslauncher/.NexusLauncherActivity} activity=ActivityRecord{216701372 u0 com.google.android.apps.nexuslauncher/.NexusLauncherActivity t-1} display-area-token-from-option=DefaultTaskDisplayArea@98618239 display-id=0 task-display-area-windowing-mode=1 suggested-display-area=DefaultTaskDisplayArea@98618239 non-freeform-task-display-area display-area=DefaultTaskDisplayArea@98618239 skip-bounds-fullscreen
06-30 14:43:41.921 I/ActivityTaskManager(  690): START u0 {act=android.intent.action.MAIN cat=[android.intent.category.HOME] flg=0x10000100 cmp=com.google.android.apps.nexuslauncher/.NexusLauncherActivity (has extras)} with LAUNCH_SINGLE_TASK from uid 0 (BAL_ALLOW_ALLOWLISTED_UID) result code=2
06-30 14:43:41.923 V/WindowManagerShell(  981): Transition requested (#90): android.os.BinderProxy@38464b7 TransitionRequestInfo { type = OPEN, triggerTask = TaskInfo{userId=0 taskId=2 effectiveUid=10192 displayId=0 isRunning=true baseIntent=Intent { act=android.intent.action.MAIN cat=[android.intent.category.HOME] flg=0x10000100 cmp=com.google.android.apps.nexuslauncher/.NexusLauncherActivity } baseActivity=ComponentInfo{com.google.android.apps.nexuslauncher/com.google.android.apps.nexuslauncher.NexusLauncherActivity} topActivity=ComponentInfo{com.google.android.apps.nexuslauncher/com.google.android.apps.nexuslauncher.NexusLauncherActivity} origActivity=null realActivity=ComponentInfo{com.google.android.apps.nexuslauncher/com.google.android.apps.nexuslauncher.NexusLauncherActivity} realActivityIsAppLockEnabled=false numActivities=1 lastActiveTime=13849862 supportsMultiWindow=true supportsMultiWindowWithoutConstraints=true resizeMode=2 isResizeable=true minWidth=-1 minHeight=-1 defaultMinSize=220 token=WCT{android.os.BinderProxy@f280305} topActivityType=2 pictureInPictureParams=null shouldDockBigOverlays=false launchIntoPipHostTaskId=-1 lastParentTaskIdBeforePip=-1 displayCutoutSafeInsets=Rect(0, 0 - 0, 0) topActivityInfo=ActivityInfo{298d424 com.google.android.apps.nexuslauncher.NexusLauncherActivity} launchCookies=[] positionInParent=Point(0, 0) parentTaskId=-1 isFocused=true isInteractive=true isVisible=false isVisibleRequested=true isTopActivityNoDisplay=false isSleeping=false locusId=null displayAreaFeatureId=1 isTopActivityTransparent=false isActivityStackTransparent=false lastNonFullscreenBounds=null leafTaskBoundsFromOptions= false capturedLink=null capturedLinkTimestamp=0 requestedVisibleTypes=503 topActivityRequestOpenInBrowserEducationTimestamp=0 appCompatTaskInfo=AppCompatTaskInfo { topActivityInSizeCompat=false isLeafTask= true eligibleForLetterboxEducation= false isLetterboxEducationEnabled= true isLetterboxDoubleTapEnabled= false eligibleForUserAspectRatioButton= false topActivityBoundsLetterboxed= false isFromLetterboxDoubleTap= false topActivityLetterboxVerticalPosition= -1 topActivityLetterboxHorizontalPosition= -1 topActivityLetterboxWidth=-1 topActivityLetterboxHeight=-1 topActivityAppBounds=Rect(0, 0 - 1080, 2400) isUserFullscreenOverrideEnabled=false isSystemFullscreenOverrideEnabled=false hasMinAspectRatioOverride=false topActivityLetterboxBounds=null topNonResizableActivityAspectRatio=-1.0} topActivityMainWindowFrame=null isAppBubble=false}, pipChange = null, remoteTransitionInfo = null, displayChanges = null, requestedLocation = null, userChange = null, windowingLayerChange = null, fullscreenRequestChange = null, flags = 0, debugId = 90 }
06-30 14:43:41.923 W/DisconnectHandler(  981): No disconnect change found in the transition, not handling request.
06-30 14:43:41.923 V/ShellDesktopMode(  981): DesktopTasksController: skipping handleRequest reason=triggerTask's display doesn't support desktop mode
06-30 14:43:41.923 D/ShellSplitScreen(  981): logExit: no-op, mLoggerSessionId is null
06-30 14:43:41.923 D/ViewRootImpl( 2807): Skipping stats log for color mode
06-30 14:43:41.923 D/BaseActivity( 2807): Launcher flags updated: [state_started] +[state_started]
06-30 14:43:41.924 D/OverviewCommandHelper( 2807): Launcher.onNewIntent: alreadyOnHome: false, shouldMoveToDefaultScreen: false, intentAction: android.intent.action.MAIN, internalStateHandled: false
06-30 14:43:41.924 D/TFOManager( 2807): playPanelCloseAnimation() duration=200 traceTag=LauncherOverlay-hide isHomeButtonTap=true
06-30 14:43:41.924 D/TFOManager( 2807): Skipped creating panel close animation because -1 is invisible.
06-30 14:43:41.924 D/OverviewCommandHelper( 2807): clearing pending commands: []
06-30 14:43:41.924 D/BaseActivity( 2807): Launcher flags updated: [state_started|state_resumed|state_user_active] +[state_resumed|state_user_active]
06-30 14:43:41.924 D/BaseActivity( 2807): Launcher flags updated: [state_started|state_resumed|state_deferred_resumed|state_user_active] +[state_deferred_resumed]
06-30 14:43:41.924 D/StatsLog( 2807): LAUNCHER_ONRESUME
06-30 14:43:41.925 D/WindowManagerShell(  981): onActivityRestartAttempt: topActivity=ComponentInfo{com.google.android.apps.nexuslauncher/com.google.android.apps.nexuslauncher.NexusLauncherActivity}, wasVisible=false, displayId=0, pipDisplayLayoutState#displayId=0
06-30 14:43:41.928 I/AiAiEcho( 1592): Predicting[0]:  [CONTEXT sampling_count=5 ]
06-30 14:43:41.928 I/AiAiEcho( 1592): EchoTargets: 
06-30 14:43:41.928 I/AiAiEcho( 1592): Filtered by AiAi flag check: 
06-30 14:43:41.928 I/AiAiEcho( 1592): [CONTEXT ratelimit_period="10 SECONDS" ]
06-30 14:43:41.928 V/WindowManager(  690): Continue transition id=90 for TaskFragmentTransaction=android.os.Binder@70657a7
06-30 14:43:41.929 D/WindowManagerShell(  981): setLauncherKeepClearAreaHeight: visible=true, height=495
06-30 14:43:41.929 I/AiAiEcho( 1592): #remoteViewsTwiddler: feature disabled.
06-30 14:43:41.929 I/AiAiEcho( 1592): #postPredictionTargets: Sending updates to UISurface home with targets# 0 (types=[])
06-30 14:43:41.931 D/QuickstepModelDelegate( 2807): notifyAppTargetEvent action=1 launchLocation=workspace/0/[-1,-1]/[1,1]
06-30 14:43:41.936 D/SmartspaceInteractor( 2807): notifySmartspaceEvent: SmartspaceTargetEvent{mSmartspaceTarget=null, mSmartspaceActionId='null', mEventType=6}
06-30 14:43:41.937 D/WindowManager(  690): setClientSurface Surface(name=VRI-com.google.android.apps.nexuslauncher/com.google.android.apps.nexuslauncher.NexusLauncherActivity#1090)/@0xbde7ffd for 185bfd3 com.google.android.apps.nexuslauncher/com.google.android.apps.nexuslauncher.NexusLauncherActivity
06-30 14:43:41.938 I/Surface ( 2807): Creating surface for consumer unnamed-2807-27 with slotExpansion=1 for 64 slots
06-30 14:43:41.939 I/Surface ( 2807): Creating surface for consumer VRI[NexusLauncherActivity]#17(BLAST Consumer)17 with slotExpansion=1 for 64 slots
06-30 14:43:41.941 D/BaseDepthController( 2807): setSurface:
06-30 14:43:41.941 D/BaseDepthController( 2807): 	mWaitingOnSurfaceValidity: false
06-30 14:43:41.941 D/BaseDepthController( 2807): 	mBaseSurface: Surface(name=VRI-com.google.android.apps.nexuslauncher/com.google.android.apps.nexuslauncher.NexusLauncherActivity#1090)/@0x83fdc38
06-30 14:43:41.942 V/BaseDepthController( 2807): Applying blur: 0 to Surface(name=VRI-com.google.android.apps.nexuslauncher/com.google.android.apps.nexuslauncher.NexusLauncherActivity#1090)/@0x83fdc38 applyImmediately: false
06-30 14:43:41.942 D/BaseDepthController( 2807): shouldBlurWorkspace: false targetState: Normal currentStableState: Normal mCurrentBlur: 0 mLauncher.getDepthBlurTargets(): [com.android.launcher3.Workspace{ddc5c42 V.ED..... .......D 0,0-1080,2400 #7f0a0486 app:id/workspace}, com.android.launcher3.Hotseat{7fb9453 V.ED..... .......D 0,1905-1080,2400 #7f0a01f6 app:id/hotseat}]
06-30 14:43:41.946 D/WallpaperService(  981): onVisibilityChanged(true): com.android.systemui.wallpapers.ImageWallpaper$CanvasEngine@881b100
06-30 14:43:41.978 W/skia    (  527): AGTM parsing failed flags.readFromStream(s) at 159
06-30 14:43:41.978 W/skia    (  527): AGTM parsing failed flags.readFromStream(s) at 159
06-30 14:43:41.992 I/ndroid.calendar( 6557): Background young concurrent mark compact GC freed 11MB AllocSpace bytes, 0(0B) LOS objects, 42% free, 12MB/21MB, paused 1.492ms,13.205ms total 84.005ms
06-30 14:43:42.013 I/SharedLibrariesImpl(  690): Start pruneUnusedStaticSharedLibraries for neededSpace: 9223372036854775807 maxCachePeriod: 604800000
06-30 14:43:42.013 I/SharedLibrariesImpl(  690): pruning candidate: lib=com.google.android.trichromelibrary version=782711438 pkg=com.google.android.trichromelibrary_782711438
06-30 14:43:42.013 I/SharedLibrariesImpl(  690): attempting to delete: com.google.android.trichromelibrary_782711438
06-30 14:43:42.013 W/PackageManager(  690): Not removing package com.google.android.trichromelibrary hosting lib com.google.android.trichromelibrary version 782711438 used by [VersionedPackage[com.android.chrome/782711438]] for user 0
06-30 14:43:42.023 V/RecentTasksController(  981): Notify recent tasks changed
06-30 14:43:42.024 D/ActivityAllAppsContainerView( 2807): rebindAdapters: force: false
06-30 14:43:42.024 D/ActivityAllAppsContainerView( 2807): rebindAdapters: Not needed.
06-30 14:43:42.024 V/RecentTasksController(  981): generateList(getRecentTasks)
06-30 14:43:42.024 V/RecentTasksController(  981): initializeDesksMap - allDeskIds: []
06-30 14:43:42.024 V/RecentTasksController(  981): Task 509 is not an active desktop task
06-30 14:43:42.024 V/RecentTasksController(  981): Added fullscreen task: 509
06-30 14:43:42.024 V/RecentTasksController(  981): Task 507 is not an active desktop task
06-30 14:43:42.024 V/RecentTasksController(  981): Added fullscreen task: 507
06-30 14:43:42.024 V/RecentTasksController(  981): Task 496 is not an active desktop task
06-30 14:43:42.024 V/RecentTasksController(  981): Added fullscreen task: 496
06-30 14:43:42.024 V/RecentTasksController(  981): generateList - complete
06-30 14:43:42.026 D/RecentTasksList( 2807): invalidateLoadedTasks - previous requestLoadId: -1
06-30 14:43:42.026 D/PreloadThumbnailUseCase( 2807): Preloading thumbnails for task ids: [[id=496 windowingMode=1 user=0 lastActiveTime=12996805] null, [id=507 windowingMode=1 user=0 lastActiveTime=13054823] null, [id=509 windowingMode=1 user=0 lastActiveTime=13849860] null]
06-30 14:43:42.026 I/libbinder.BpBinder(  527): onLastStrongRef automatically unlinking death recipients for binder (0x7d6e324460e0) with descriptor: '(not cached)'
06-30 14:43:42.029 V/WindowManagerShell(  981): onTransitionReady(transaction=2963527443131)
06-30 14:43:42.030 V/WindowManagerShell(  981): onTransitionReady (#90) android.os.BinderProxy@38464b7: {id=90 t=OPEN f=0x0 trk=0 r=[0@Point(0, 0)] c=[
06-30 14:43:42.030 V/WindowManagerShell(  981):         {m=TO_FRONT f=SHOW_WALLPAPER|MOVE_TO_TOP|FLAG_CHANGED_INTERACTIVE leash=Surface(name=Task=1#35)/@0x38d7b8d sb=Rect(0, 0 - 1080, 2400) eb=Rect(0, 0 - 1080, 2400) epz=Point(1080, 2400) d=0 taskParent=-1 winMode=1 userId=0},
06-30 14:43:42.030 V/WindowManagerShell(  981):         {m=TO_BACK f=FLAG_CHANGED_INTERACTIVE leash=Surface(name=Task=509#1072)/@0xaf0c142 sb=Rect(0, 0 - 1080, 2400) eb=Rect(0, 0 - 1080, 2400) epz=Point(1080, 2400) d=0 taskParent=-1 winMode=1 userId=0},
06-30 14:43:42.030 V/WindowManagerShell(  981):         {m=TO_FRONT f=IS_WALLPAPER leash=Surface(name=WallpaperWindowToken{8e22b1e}#55)/@0xe709553 sb=Rect(0, 0 - 1080, 2400) eb=Rect(0, 0 - 1080, 2400) epz=Point(1080, 2400) d=0}
06-30 14:43:42.030 V/WindowManagerShell(  981):     ]}
06-30 14:43:42.030 V/WindowManagerShell(  981): Playing animation for (#90) android.os.BinderProxy@38464b7@0
06-30 14:43:42.031 D/ShellSplitScreen(  981): startAnimation: transition=90 isSplitActive=false
06-30 14:43:42.031 V/ShellRecents(  981): RecentsTransitionHandler.startAnimation: no controller found
06-30 14:43:42.031 V/ShellDesktopMode(  981): DesktopMixedTransitionHandler: No pending desktop transition
06-30 14:43:42.031 V/WindowManagerShell(  981): Transition doesn't have explicit remote, search filters for match for {id=90 t=OPEN f=0x0 trk=0 r=[0@Point(0, 0)] c=[{m=TO_FRONT f=SHOW_WALLPAPER|MOVE_TO_TOP|FLAG_CHANGED_INTERACTIVE leash=Surface(name=Task=1#35)/@0x38d7b8d sb=Rect(0, 0 - 1080, 2400) eb=Rect(0, 0 - 1080, 2400) epz=Point(1080, 2400) d=0 taskParent=-1 winMode=1 userId=0},{m=TO_BACK f=FLAG_CHANGED_INTERACTIVE leash=Surface(name=Task=509#1072)/@0xaf0c142 sb=Rect(0, 0 - 1080, 2400) eb=Rect(0, 0 - 1080, 2400) epz=Point(1080, 2400) d=0 taskParent=-1 winMode=1 userId=0},{m=TO_FRONT f=IS_WALLPAPER leash=Surface(name=WallpaperWindowToken{8e22b1e}#55)/@0xe709553 sb=Rect(0, 0 - 1080, 2400) eb=Rect(0, 0 - 1080, 2400) epz=Point(1080, 2400) d=0}]}
06-30 14:43:42.031 V/WindowManagerShell(  981):  Checking filter Pair{{types=[] flags=0x0 notFlags=0x0 checks=[{atype=undefined independent=true modes=[CLOSE,TO_BACK] flags=IN_TASK_WITH_EMBEDDED_ACTIVITY mustBeTask=false order=ANY topActivity=null launchCookie=null taskFragmentToken=android.os.BinderProxy@3656a62 windowingMode=undefined isCrossDisplayMove=false}]} RemoteTransition { remoteTransition = android.window.IRemoteTransition$Stub$Proxy@26457f3, appThread = android.app.IApplicationThread$Stub$Proxy@77acb0, debugName = overlayBackTransition, filter = {types=[] flags=0x0 notFlags=0x0 checks=[{atype=undefined independent=true modes=[CLOSE,TO_BACK] flags=IN_TASK_WITH_EMBEDDED_ACTIVITY mustBeTask=false order=ANY topActivity=null launchCookie=null taskFragmentToken=android.os.BinderProxy@3656a62 windowingMode=undefined isCrossDisplayMove=false}]} }}
06-30 14:43:42.031 V/WindowManagerShell(  981):  Checking filter Pair{{types=[] flags=0x0 notFlags=0x0 checks=[{atype=dream independent=true modes=[OPEN,TO_FRONT] flags=NONE mustBeTask=false order=ANY topActivity=null launchCookie=null windowingMode=undefined isCrossDisplayMove=false},{atype=home independent=true modes=[CLOSE,TO_BACK] flags=NONE mustBeTask=false order=ANY topActivity=null launchCookie=null windowingMode=undefined isCrossDisplayMove=false}]} RemoteTransition { remoteTransition = android.window.IRemoteTransition$Stub$Proxy@9b25729, appThread = android.app.IApplicationThread$Stub$Proxy@a33caae, debugName = LauncherToDream, filter = {types=[] flags=0x0 notFlags=0x0 checks=[{atype=dream independent=true modes=[OPEN,TO_FRONT] flags=NONE mustBeTask=false order=ANY topActivity=null launchCookie=null windowingMode=undefined isCrossDisplayMove=false},{atype=home independent=true modes=[CLOSE,TO_BACK] flags=NONE mustBeTask=false order=ANY topActivity=null launchCookie=null windowingMode=undefined isCrossDisplayMove=false}]} }}
06-30 14:43:42.031 V/WindowManagerShell(  981):  Checking filter Pair{{types=[] flags=0x0 notFlags=0x0 checks=[{atype=standard independent=false modes=[CHANGE] flags=NONE mustBeTask=true order=ANY topActivity=null launchCookie=null windowingMode=undefined isCrossDisplayMove=true}]} RemoteTransition { remoteTransition = android.window.IRemoteTransition$Stub$Proxy@62804f, appThread = android.app.IApplicationThread$Stub$Proxy@922e3dc, debugName = QuickstepDisplayMove, filter = {types=[] flags=0x0 notFlags=0x0 checks=[{atype=standard independent=false modes=[CHANGE] flags=NONE mustBeTask=true order=ANY topActivity=null launchCookie=null windowingMode=undefined isCrossDisplayMove=true}]} }}
06-30 14:43:42.031 V/WindowManagerShell(  981):  Checking filter Pair{{types=[] flags=0x0 notFlags=0x100 checks=[{atype=home independent=true modes=[OPEN,TO_FRONT] flags=NONE mustBeTask=false order=ANY topActivity=ComponentInfo{com.google.android.apps.nexuslauncher/com.google.android.apps.nexuslauncher.NexusLauncherActivity} launchCookie=null windowingMode=undefined isCrossDisplayMove=false},{atype=standard independent=true modes=[CLOSE,TO_BACK] flags=NONE mustBeTask=false order=ANY topActivity=null launchCookie=null windowingMode=undefined isCrossDisplayMove=false},{NOT atype=undefined independent=true modes=[] flags=NONE mustBeTask=true order=ANY topActivity=null launchCookie=null customAnim=true windowingMode=undefined isCrossDisplayMove=false}]} RemoteTransition { remoteTransition = android.window.IRemoteTransition$Stub$Proxy@d703ce5, appThread = android.app.IApplicationThread$Stub$Proxy@975e3ba, debugName = QuickstepLaunchHome, filter = {types=[] flags=0x0 notFlags=0x100 checks=[{atype=home independent=true modes=[OPEN,TO_FRONT] flags=NONE mustBeTask=false order=ANY topActivity=ComponentInfo{com.google.android.apps.nexuslauncher/com.google.android.apps.nexuslauncher.NexusLauncherActivity} launchCookie=null windowingMode=undefined isCrossDisplayMove=false},{atype=standard independent=true modes=[CLOSE,TO_BACK] flags=NONE mustBeTask=false order=ANY topActivity=null launchCookie=null windowingMode=undefined isCrossDisplayMove=false},{NOT atype=undefined independent=true modes=[] flags=NONE mustBeTask=true order=ANY topActivity=null launchCookie=null customAnim=true windowingMode=undefined isCrossDisplayMove=false}]} }}
06-30 14:43:42.031 D/RemoteTransitionHandler(  981): Found filterPair{{types=[] flags=0x0 notFlags=0x100 checks=[{atype=home independent=true modes=[OPEN,TO_FRONT] flags=NONE mustBeTask=false order=ANY topActivity=ComponentInfo{com.google.android.apps.nexuslauncher/com.google.android.apps.nexuslauncher.NexusLauncherActivity} launchCookie=null windowingMode=undefined isCrossDisplayMove=false},{atype=standard independent=true modes=[CLOSE,TO_BACK] flags=NONE mustBeTask=false order=ANY topActivity=null launchCookie=null windowingMode=undefined isCrossDisplayMove=false},{NOT atype=undefined independent=true modes=[] flags=NONE mustBeTask=true order=ANY topActivity=null launchCookie=null customAnim=true windowingMode=undefined isCrossDisplayMove=false}]} RemoteTransition { remoteTransition = android.window.IRemoteTransition$Stub$Proxy@d703ce5, appThread = android.app.IApplicationThread$Stub$Proxy@975e3ba, debugName = QuickstepLaunchHome, filter = {types=[] flags=0x0 notFlags=0x100 checks=[{atype=home independent=true modes=[OPEN,TO_FRONT] flags=NONE mustBeTask=false order=ANY topActivity=ComponentInfo{com.google.android.apps.nexuslauncher/com.google.android.apps.nexuslauncher.NexusLauncherActivity} launchCookie=null windowingMode=undefined isCrossDisplayMove=false},{atype=standard independent=true modes=[CLOSE,TO_BACK] flags=NONE mustBeTask=false order=ANY topActivity=null launchCookie=null windowingMode=undefined isCrossDisplayMove=false},{NOT atype=undefined independent=true modes=[] flags=NONE mustBeTask=true order=ANY topActivity=null launchCookie=null customAnim=true windowingMode=undefined isCrossDisplayMove=false}]} }}
06-30 14:43:42.031 V/WindowManagerShell(  981):  Delegate animation for (#90) to RemoteTransition { remoteTransition = android.window.IRemoteTransition$Stub$Proxy@d703ce5, appThread = android.app.IApplicationThread$Stub$Proxy@975e3ba, debugName = QuickstepLaunchHome, filter = {types=[] flags=0x0 notFlags=0x100 checks=[{atype=home independent=true modes=[OPEN,TO_FRONT] flags=NONE mustBeTask=false order=ANY topActivity=ComponentInfo{com.google.android.apps.nexuslauncher/com.google.android.apps.nexuslauncher.NexusLauncherActivity} launchCookie=null windowingMode=undefined isCrossDisplayMove=false},{atype=standard independent=true modes=[CLOSE,TO_BACK] flags=NONE mustBeTask=false order=ANY topActivity=null launchCookie=null windowingMode=undefined isCrossDisplayMove=false},{NOT atype=undefined independent=true modes=[] flags=NONE mustBeTask=true order=ANY topActivity=null launchCookie=null customAnim=true windowingMode=undefined isCrossDisplayMove=false}]} }
06-30 14:43:42.034 D/LauncherStateManager( 2807): StateManager.cancelAnimation: animation ongoing: false, partial trace:
06-30 14:43:42.034 D/LauncherStateManager( 2807): 	at com.android.launcher3.statemanager.StateManager.setCurrentAnimation(go/retraceme 4b96215a9d9b4c1494121442fbf9d6e89857c91e1d76ddcc689701971259418a:59)
06-30 14:43:42.034 D/LauncherStateManager( 2807): 	at com.android.launcher3.QuickstepTransitionManager.createWallpaperOpenAnimations(go/retraceme 4b96215a9d9b4c1494121442fbf9d6e89857c91e1d76ddcc689701971259418a:734)
06-30 14:43:42.034 D/LauncherStateManager( 2807): 	at com.android.launcher3.QuickstepTransitionManager$WallpaperOpenLauncherAnimationRunner.onAnimationStart(go/retraceme 4b96215a9d9b4c1494121442fbf9d6e89857c91e1d76ddcc689701971259418a:135)
06-30 14:43:42.034 D/LauncherStateManager( 2807): StateManager.createAtomicAnimation: fromState: Normal, toState: Normal, partial trace:
06-30 14:43:42.034 D/LauncherStateManager( 2807): 	at com.android.quickstep.util.WorkspaceRevealAnim.prepareToAnimate(go/retraceme 4b96215a9d9b4c1494121442fbf9d6e89857c91e1d76ddcc689701971259418a:19)
06-30 14:43:42.034 D/LauncherStateManager( 2807): 	at com.android.quickstep.util.WorkspaceRevealAnim.<init>(go/retraceme 4b96215a9d9b4c1494121442fbf9d6e89857c91e1d76ddcc689701971259418a:10)
06-30 14:43:42.034 D/LauncherStateManager( 2807): 	at com.android.launcher3.QuickstepTransitionManager.createWallpaperOpenAnimations(go/retraceme 4b96215a9d9b4c1494121442fbf9d6e89857c91e1d76ddcc689701971259418a:775)
06-30 14:43:42.034 D/AllAppsTransitionController( 2807): shouldProtectHeader: false skipScrim: true state: Normal stateManager.getState(): Normal
06-30 14:43:42.034 D/KeyboardInsetsHandler( 2807): removePendingImeController: pendingImeController=null
06-30 14:43:42.034 D/b/311077782( 2807): LauncherAnimationRunner.setAnimation
06-30 14:43:42.035 D/ShortcutAndWidgetContainer( 2807): appWidgetScale - [x,y]: [1.0,1.0]
06-30 14:43:42.035 D/NavigableAppWidgetHostView( 2807): updateScale - [fitScale,bounceScale]: [1.0,1.0]
06-30 14:43:42.035 D/ShortcutAndWidgetContainer( 2807): appWidgetScale - [x,y]: [1.0,1.0]
06-30 14:43:42.035 D/NavigableAppWidgetHostView( 2807): updateScale - [fitScale,bounceScale]: [1.0,1.0]
06-30 14:43:42.035 D/ShortcutAndWidgetContainer( 2807): appWidgetScale - [x,y]: [1.0,1.0]
06-30 14:43:42.035 D/NavigableAppWidgetHostView( 2807): updateScale - [fitScale,bounceScale]: [1.0,1.0]
06-30 14:43:42.036 D/ShortcutAndWidgetContainer( 2807): appWidgetScale - [x,y]: [1.0,1.0]
06-30 14:43:42.036 D/NavigableAppWidgetHostView( 2807): updateScale - [fitScale,bounceScale]: [1.0,1.0]
06-30 14:43:42.036 D/SsBaseTemplateCard( 2807): Passed-in item info is null
06-30 14:43:42.036 D/SsBaseTemplateCard( 2807): Passed-in item info is null
06-30 14:43:42.036 D/SsBaseTemplateCard( 2807): Passed-in item info is null
06-30 14:43:42.036 D/SsBaseTemplateCard( 2807): Passed-in item info is null
06-30 14:43:42.036 I/SsBaseTemplateCard( 2807): Secondary card pane is null
06-30 14:43:42.053 W/skia    (  527): AGTM parsing failed flags.readFromStream(s) at 159
06-30 14:43:42.057 V/WindowManager(  690): Sent Transition (#90) createdAt=06-30 14:43:41.907 via request=TransitionRequestInfo { type = OPEN, triggerTask = TaskInfo{userId=0 taskId=2 effectiveUid=10192 displayId=0 isRunning=true baseIntent=Intent { act=android.intent.action.MAIN cat=[android.intent.category.HOME] flg=0x10000100 cmp=com.google.android.apps.nexuslauncher/.NexusLauncherActivity } baseActivity=ComponentInfo{com.google.android.apps.nexuslauncher/com.google.android.apps.nexuslauncher.NexusLauncherActivity} topActivity=ComponentInfo{com.google.android.apps.nexuslauncher/com.google.android.apps.nexuslauncher.NexusLauncherActivity} origActivity=null realActivity=ComponentInfo{com.google.android.apps.nexuslauncher/com.google.android.apps.nexuslauncher.NexusLauncherActivity} realActivityIsAppLockEnabled=false numActivities=1 lastActiveTime=13849862 supportsMultiWindow=true supportsMultiWindowWithoutConstraints=true resizeMode=2 isResizeable=true minWidth=-1 minHeight=-1 defaultMinSize=220 token=WCT{RemoteToken{3f2883c Task{fab8c12 #2 type=home I=com.google.android.apps.nexuslauncher/.NexusLauncherActivity}}} topActivityType=2 pictureInPictureParams=null shouldDockBigOverlays=false launchIntoPipHostTaskId=-1 lastParentTaskIdBeforePip=-1 displayCutoutSafeInsets=Rect(0, 0 - 0, 0) topActivityInfo=ActivityInfo{1a1e7af com.google.android.apps.nexuslauncher.NexusLauncherActivity} launchCookies=[] positionInParent=Point(0, 0) parentTaskId=-1 isFocused=true isInteractive=true isVisible=false isVisibleRequested=true isTopActivityNoDisplay=false isSleeping=false locusId=null displayAreaFeatureId=1 isTopActivityTransparent=false isActivityStackTransparent=false lastNonFullscreenBounds=null leafTaskBoundsFromOptions= false capturedLink=null capturedLinkTimestamp=0 requestedVisibleTypes=503 topActivityRequestOpenInBrowserEducationTimestamp=0 appCompatTaskInfo=AppCompatTaskInfo { topActivityInSizeCompat=false isLeafTask= true eligibleForLetterboxEducation= false isLetterboxEducationEnabled= true isLetterboxDoubleTapEnabled= false eligibleForUserAspectRatioButton= false topActivityBoundsLetterboxed= false isFromLetterboxDoubleTap= false topActivityLetterboxVerticalPosition= -1 topActivityLetterboxHorizontalPosition= -1 topActivityLetterboxWidth=-1 topActivityLetterboxHeight=-1 topActivityAppBounds=Rect(0, 0 - 1080, 2400) isUserFullscreenOverrideEnabled=false isSystemFullscreenOverrideEnabled=false hasMinAspectRatioOverride=false topActivityLetterboxBounds=null topNonResizableActivityAspectRatio=-1.0} topActivityMainWindowFrame=null isAppBubble=false}, pipChange = null, remoteTransitionInfo = null, displayChanges = null, requestedLocation = null, userChange = null, windowingLayerChange = null, fullscreenRequestChange = null, flags = 0, debugId = 90 }
06-30 14:43:42.058 V/WindowManager(  690):     startWCT=WindowContainerTransaction { changes= {} hops= [] flags= 0 errorCallbackToken=null taskFragmentOrganizer=null }
06-30 14:43:42.058 V/WindowManager(  690):     info={id=90 t=OPEN f=0x0 trk=0 r=[0@Point(0, 0)] c=[
06-30 14:43:42.058 V/WindowManager(  690):         {WCT{RemoteToken{12c0cb7 Task{adf5de0 #1 type=home}}} m=TO_FRONT f=SHOW_WALLPAPER|MOVE_TO_TOP|FLAG_CHANGED_INTERACTIVE leash=Surface(name=Task=1#35)/@0x3cdaf5c sb=Rect(0, 0 - 1080, 2400) eb=Rect(0, 0 - 1080, 2400) epz=Point(1080, 2400) d=0 taskParent=-1 winMode=1 userId=0},
06-30 14:43:42.058 V/WindowManager(  690):         {WCT{RemoteToken{522ca89 Task{2e2681d #509 type=standard A=10160:google.android.task.calendar}}} m=TO_BACK f=FLAG_CHANGED_INTERACTIVE leash=Surface(name=Task=509#1072)/@0xdb7e724 sb=Rect(0, 0 - 1080, 2400) eb=Rect(0, 0 - 1080, 2400) epz=Point(1080, 2400) d=0 taskParent=-1 winMode=1 userId=0},
06-30 14:43:42.058 V/WindowManager(  690):         {m=TO_FRONT f=IS_WALLPAPER leash=Surface(name=WallpaperWindowToken{8e22b1e}#55)/@0xe1349cf sb=Rect(0, 0 - 1080, 2400) eb=Rect(0, 0 - 1080, 2400) epz=Point(1080, 2400) d=0}
06-30 14:43:42.058 V/WindowManager(  690):     ]}
06-30 14:43:42.058 W/ActivityTaskManager(  690): setRunningRemoteTransition: no process for null
06-30 14:43:42.058 V/WindowManagerShell(  981):  animated by com.android.wm.shell.transition.RemoteTransitionHandler@ca52dd6
06-30 14:43:42.059 E/TransitionChain(  690): Can't collect into a chain with no transition
06-30 14:43:42.059 E/TransitionChain(  690): Can't collect into a chain with no transition
06-30 14:43:42.064 V/RecentTasksController(  981): Notify recent tasks changed
06-30 14:43:42.064 D/RecentTasksList( 2807): invalidateLoadedTasks - previous requestLoadId: -1
06-30 14:43:42.069 I/RanchuHwc(  493): logCompositionFallbackIfChanged: layer 192 CompositionType fallback from 2 to 1
06-30 14:43:42.069 I/RanchuHwc(  493): logCompositionFallbackIfChanged: layer 191 CompositionType fallback from 2 to 1
06-30 14:43:42.069 W/skia    (  527): AGTM parsing failed flags.readFromStream(s) at 159
06-30 14:43:42.069 W/skia    (  527): AGTM parsing failed flags.readFromStream(s) at 159
06-30 14:43:42.070 W/skia    (  527): AGTM parsing failed flags.readFromStream(s) at 159
06-30 14:43:42.070 W/skia    (  527): AGTM parsing failed flags.readFromStream(s) at 159
06-30 14:43:42.070 W/skia    (  527): AGTM parsing failed flags.readFromStream(s) at 159
06-30 14:43:42.070 W/skia    (  527): AGTM parsing failed flags.readFromStream(s) at 159
06-30 14:43:42.070 W/skia    (  527): AGTM parsing failed flags.readFromStream(s) at 159
06-30 14:43:42.073 D/BaseActivity( 2807): Launcher flags updated: [state_started|state_resumed|state_deferred_resumed|state_window_focused|state_user_active] +[state_window_focused]
06-30 14:43:42.077 I/ImeTracker(  690): com.google.android.apps.nexuslauncher:d3fe0bae: onRequestHide at ORIGIN_SERVER reason HIDE_SAME_WINDOW_FOCUSED_WITHOUT_EDITOR fromUser false userId 0 displayId 0
06-30 14:43:42.078 D/InsetsController( 2807): hide(ime())
06-30 14:43:42.079 I/ImeTracker( 2807): com.google.android.apps.nexuslauncher:d3fe0bae: onCancelled at PHASE_CLIENT_ALREADY_HIDDEN
06-30 14:43:42.079 W/InputChannel-JNI(  690): Channel already disposed.
06-30 14:43:42.079 W/skia    (  527): AGTM parsing failed flags.readFromStream(s) at 159
06-30 14:43:42.079 W/skia    (  527): AGTM parsing failed flags.readFromStream(s) at 159
06-30 14:43:42.079 W/skia    (  527): AGTM parsing failed flags.readFromStream(s) at 159
06-30 14:43:42.087 I/GoogleInputMethodService( 3384): GoogleInputMethodService.onFinishInput():2274 
06-30 14:43:42.087 I/Module  ( 3384): DeviceLockedStatusModuleProvider$Module.updateDeviceLockedStatusInternal():128 repeatCheckTimes = 0, locked = false
06-30 14:43:42.089 I/GoogleInputMethodService( 3384): GoogleInputMethodService.onStartInput():1459 onStartInput(EditorInfo{EditorInfo{packageName=com.google.android.apps.nexuslauncher, inputType=0, inputTypeString=NULL, enableLearning=false, autoCorrection=false, autoComplete=false, imeOptions=0, privateImeOptions=null, actionName=UNSPECIFIED, actionLabel=null, initialSelStart=-1, initialSelEnd=-1, initialCapsMode=0, label=null, fieldId=0, fieldName=null, extras=null, hintText=null, hintLocales=[]}}, false)
06-30 14:43:42.089 I/LatinIMEBase( 3384): LatinIMEBase.updateInputViewCoverNavigation():317 Update input view padding, isNavbarOverInputWindow=true, bottom inset=63
06-30 14:43:42.089 I/Module  ( 3384): DeviceLockedStatusModuleProvider$Module.updateDeviceLockedStatusInternal():128 repeatCheckTimes = 1, locked = false
06-30 14:43:42.099 W/skia    (  527): AGTM parsing failed flags.readFromStream(s) at 159
06-30 14:43:42.099 W/skia    (  527): AGTM parsing failed flags.readFromStream(s) at 159
06-30 14:43:42.099 W/skia    (  527): AGTM parsing failed flags.readFromStream(s) at 159
06-30 14:43:42.099 W/skia    (  527): AGTM parsing failed flags.readFromStream(s) at 159
06-30 14:43:42.099 W/skia    (  527): AGTM parsing failed flags.readFromStream(s) at 159
06-30 14:43:42.099 W/skia    (  527): AGTM parsing failed flags.readFromStream(s) at 159
06-30 14:43:42.099 W/skia    (  527): AGTM parsing failed flags.readFromStream(s) at 159
06-30 14:43:42.108 W/PackageConfigPersister(  690): App-specific configuration not found for packageName: com.google.android.apps.nexuslauncher and userId: 0
06-30 14:43:42.119 W/skia    (  527): AGTM parsing failed flags.readFromStream(s) at 159
06-30 14:43:42.119 W/skia    (  527): AGTM parsing failed flags.readFromStream(s) at 159
06-30 14:43:42.119 W/skia    (  527): AGTM parsing failed flags.readFromStream(s) at 159
06-30 14:43:42.119 W/skia    (  527): AGTM parsing failed flags.readFromStream(s) at 159
06-30 14:43:42.119 W/skia    (  527): AGTM parsing failed flags.readFromStream(s) at 159
06-30 14:43:42.119 W/skia    (  527): AGTM parsing failed flags.readFromStream(s) at 159
06-30 14:43:42.119 W/skia    (  527): AGTM parsing failed flags.readFromStream(s) at 159
06-30 14:43:42.135 W/skia    (  527): AGTM parsing failed flags.readFromStream(s) at 159
06-30 14:43:42.136 W/skia    (  527): AGTM parsing failed flags.readFromStream(s) at 159
06-30 14:43:42.136 W/skia    (  527): AGTM parsing failed flags.readFromStream(s) at 159
06-30 14:43:42.136 W/skia    (  527): AGTM parsing failed flags.readFromStream(s) at 159
06-30 14:43:42.136 W/skia    (  527): AGTM parsing failed flags.readFromStream(s) at 159
06-30 14:43:42.136 W/skia    (  527): AGTM parsing failed flags.readFromStream(s) at 159
06-30 14:43:42.136 W/skia    (  527): AGTM parsing failed flags.readFromStream(s) at 159
06-30 14:43:42.152 W/skia    (  527): AGTM parsing failed flags.readFromStream(s) at 159
06-30 14:43:42.152 W/skia    (  527): AGTM parsing failed flags.readFromStream(s) at 159
06-30 14:43:42.152 W/skia    (  527): AGTM parsing failed flags.readFromStream(s) at 159
06-30 14:43:42.152 W/skia    (  527): AGTM parsing failed flags.readFromStream(s) at 159
06-30 14:43:42.152 W/skia    (  527): AGTM parsing failed flags.readFromStream(s) at 159
06-30 14:43:42.152 W/skia    (  527): AGTM parsing failed flags.readFromStream(s) at 159
06-30 14:43:42.152 W/skia    (  527): AGTM parsing failed flags.readFromStream(s) at 159
06-30 14:43:42.160 V/RecentTasksController(  981): Notify recent tasks changed
06-30 14:43:42.161 D/RecentTasksList( 2807): invalidateLoadedTasks - previous requestLoadId: -1
06-30 14:43:42.163 V/RecentTasksController(  981): generateList(getRecentTasks)
06-30 14:43:42.163 V/RecentTasksController(  981): initializeDesksMap - allDeskIds: []
06-30 14:43:42.163 V/RecentTasksController(  981): Task 509 is not an active desktop task
06-30 14:43:42.163 V/RecentTasksController(  981): Added fullscreen task: 509
06-30 14:43:42.163 V/RecentTasksController(  981): Task 507 is not an active desktop task
06-30 14:43:42.163 V/RecentTasksController(  981): Added fullscreen task: 507
06-30 14:43:42.163 V/RecentTasksController(  981): Task 496 is not an active desktop task
06-30 14:43:42.163 V/RecentTasksController(  981): Added fullscreen task: 496
06-30 14:43:42.163 V/RecentTasksController(  981): generateList - complete
06-30 14:43:42.164 D/PreloadThumbnailUseCase( 2807): Preloading thumbnails for task ids: [[id=496 windowingMode=1 user=0 lastActiveTime=12996805] null, [id=507 windowingMode=1 user=0 lastActiveTime=13054823] null, [id=509 windowingMode=1 user=0 lastActiveTime=13849860] null]
06-30 14:43:42.168 W/skia    (  527): AGTM parsing failed flags.readFromStream(s) at 159
06-30 14:43:42.168 W/skia    (  527): AGTM parsing failed flags.readFromStream(s) at 159
06-30 14:43:42.168 W/skia    (  527): AGTM parsing failed flags.readFromStream(s) at 159
06-30 14:43:42.168 W/skia    (  527): AGTM parsing failed flags.readFromStream(s) at 159
06-30 14:43:42.168 W/skia    (  527): AGTM parsing failed flags.readFromStream(s) at 159
06-30 14:43:42.168 I/ndroid.calendar( 6557): Background young concurrent mark compact GC freed 8166KB AllocSpace bytes, 0(0B) LOS objects, 45% free, 11MB/21MB, paused 2.509ms,9.985ms total 54.340ms
06-30 14:43:42.168 W/skia    (  527): AGTM parsing failed flags.readFromStream(s) at 159
06-30 14:43:42.168 W/skia    (  527): AGTM parsing failed flags.readFromStream(s) at 159
06-30 14:43:42.182 W/skia    (  527): AGTM parsing failed flags.readFromStream(s) at 159
06-30 14:43:42.182 W/skia    (  527): AGTM parsing failed flags.readFromStream(s) at 159
06-30 14:43:42.182 W/skia    (  527): AGTM parsing failed flags.readFromStream(s) at 159
06-30 14:43:42.186 W/skia    (  527): AGTM parsing failed flags.readFromStream(s) at 159
06-30 14:43:42.186 W/skia    (  527): AGTM parsing failed flags.readFromStream(s) at 159
06-30 14:43:42.186 W/skia    (  527): AGTM parsing failed flags.readFromStream(s) at 159
06-30 14:43:42.186 W/skia    (  527): AGTM parsing failed flags.readFromStream(s) at 159
06-30 14:43:42.186 W/skia    (  527): AGTM parsing failed flags.readFromStream(s) at 159
06-30 14:43:42.186 W/skia    (  527): AGTM parsing failed flags.readFromStream(s) at 159
06-30 14:43:42.186 W/skia    (  527): AGTM parsing failed flags.readFromStream(s) at 159
06-30 14:43:42.202 W/skia    (  527): AGTM parsing failed flags.readFromStream(s) at 159
06-30 14:43:42.202 W/skia    (  527): AGTM parsing failed flags.readFromStream(s) at 159
06-30 14:43:42.202 W/skia    (  527): AGTM parsing failed flags.readFromStream(s) at 159
06-30 14:43:42.202 W/skia    (  527): AGTM parsing failed flags.readFromStream(s) at 159
06-30 14:43:42.202 W/skia    (  527): AGTM parsing failed flags.readFromStream(s) at 159
06-30 14:43:42.202 W/skia    (  527): AGTM parsing failed flags.readFromStream(s) at 159
06-30 14:43:42.202 W/skia    (  527): AGTM parsing failed flags.readFromStream(s) at 159
06-30 14:43:42.266 I/s.nexuslauncher( 2807): NativeAlloc concurrent mark compact GC freed 692KB AllocSpace bytes, 0(0B) LOS objects, 49% free, 6312KB/12MB, paused 1.650ms,9.900ms total 35.011ms
06-30 14:43:42.296 W/skia    (  527): AGTM parsing failed flags.readFromStream(s) at 159
06-30 14:43:42.296 W/skia    (  527): AGTM parsing failed flags.readFromStream(s) at 159
06-30 14:43:42.353 I/ndroid.calendar( 6557): Background young concurrent mark compact GC freed 9491KB AllocSpace bytes, 0(0B) LOS objects, 44% free, 11MB/21MB, paused 2.622ms,7.048ms total 33.638ms
06-30 14:43:42.391 W/skia    (  527): AGTM parsing failed flags.readFromStream(s) at 159
06-30 14:43:42.391 W/skia    (  527): AGTM parsing failed flags.readFromStream(s) at 159
06-30 14:43:42.394 D/WorkspaceRevealAnim( 2807): onAnimationEnd: workspace alpha = 1.0
06-30 14:43:42.395 V/WindowManagerShell(  981): Received remote transition finished callback for (#90)
06-30 14:43:42.396 V/WindowManagerShell(  981): Transition animation finished (aborted=false), notifying core (#90) android.os.BinderProxy@38464b7@0
06-30 14:43:42.397 V/WindowManager(  690): Finish Transition (#90): created at 06-30 14:43:41.907 collect-started=0.027ms request-sent=11.871ms started=16.881ms ready=21.639ms sent=121.372ms commit=7.003ms finished=490.061ms
06-30 14:43:42.405 I/Surface (  690): Creating surface for consumer unnamed-690-21 with slotExpansion=1 for 64 slots
06-30 14:43:42.405 I/Surface (  690): Creating surface for consumer ImageReader-864x1920f1m1-690-16 with slotExpansion=1 for 64 slots
06-30 14:43:42.405 W/ImageReader_JNI(  690): Unable to acquire a buffer item, very likely client tried to acquire more than maxImages buffers
06-30 14:43:42.407 V/WindowManagerShell(  981): Track 0 became idle
06-30 14:43:42.407 V/WindowManagerShell(  981): All active transition animations finished
06-30 14:43:42.413 W/ActivityTaskManager(  690): Activity top resumed state loss timeout for ActivityRecord{139614452 u0 com.google.android.calendar/.allinone.AllInOneCalendarActivity t509}
06-30 14:43:42.434 E/ConsumerBase(  690): [ImageReader-864x1920f1m1-690-16] abandonLocked: ConsumerBase is abandoned!
06-30 14:43:42.442 D/BaseActivity( 2807): Launcher flags updated: [state_started|state_resumed|state_deferred_resumed|state_window_focused|state_user_active] +[]
06-30 14:43:42.528 W/skia    (  527): AGTM parsing failed flags.readFromStream(s) at 159
06-30 14:43:42.528 W/skia    (  527): AGTM parsing failed flags.readFromStream(s) at 159
06-30 14:43:42.625 I/cn_CronetUrlRequestContext( 6557): destroyNativeStreamLocked android.net.http.internal.org.chromium.net.impl.CronetBidirectionalStream@eaafd3a
06-30 14:43:42.625 I/c.aotm  ( 6557): Received successful sync response; latencyMs=2083; numEntitiesFetched=0
06-30 14:43:42.625 I/c.aotk  ( 6557): Got endResult sync response; syncWatermark=[1782830644s 77793000ns]
06-30 14:43:42.629 W/skia    (  527): AGTM parsing failed flags.readFromStream(s) at 159
06-30 14:43:42.629 W/skia    (  527): AGTM parsing failed flags.readFromStream(s) at 159
06-30 14:43:42.630 I/Finsky  ( 4591): [53] AIM: AppInfoManager-Perf > Destroying AppInfoManager ...
06-30 14:43:42.634 I/c.aotk  ( 6557): Retrieve secondary data in the background.
06-30 14:43:42.636 E/hmly    ( 1317): Got more than one input Future failure. Logging failures after the first
06-30 14:43:42.636 E/hmly    ( 1317): java.io.IOException: Unable to create parent directories of /data/user/0/com.google.android.gms/files/mobstore_salt.pb.lock
06-30 14:43:42.636 E/hmly    ( 1317): 	at hhkm.c(:com.google.android.gms@262031038@26.20.31 (260800-919905943):37)
06-30 14:43:42.636 E/hmly    ( 1317): 	at gons.e(:com.google.android.gms@262031038@26.20.31 (260800-919905943):5)
06-30 14:43:42.636 E/hmly    ( 1317): 	at goqk.a(:com.google.android.gms@262031038@26.20.31 (260800-919905943):198)
06-30 14:43:42.636 E/hmly    ( 1317): 	at gomy.d(:com.google.android.gms@262031038@26.20.31 (260800-919905943):5)
06-30 14:43:42.636 E/hmly    ( 1317): 	at gosk.a(:com.google.android.gms@262031038@26.20.31 (260800-919905943):28)
06-30 14:43:42.636 E/hmly    ( 1317): 	at hdmz.a(:com.google.android.gms@262031038@26.20.31 (260800-919905943):17)
06-30 14:43:42.636 E/hmly    ( 1317): 	at hmnp.a(:com.google.android.gms@262031038@26.20.31 (260800-919905943):20)
06-30 14:43:42.636 E/hmly    ( 1317): 	at hmpt.a(:com.google.android.gms@262031038@26.20.31 (260800-919905943):3)
06-30 14:43:42.636 E/hmly    ( 1317): 	at hmou.run(:com.google.android.gms@262031038@26.20.31 (260800-919905943):19)
06-30 14:43:42.636 E/hmly    ( 1317): 	at hmpv.run(:com.google.android.gms@262031038@26.20.31 (260800-919905943):5)
06-30 14:43:42.636 E/hmly    ( 1317): 	at hmnr.run(:com.google.android.gms@262031038@26.20.31 (260800-919905943):20)
06-30 14:43:42.636 E/hmly    ( 1317): 	at java.util.concurrent.ThreadPoolExecutor.runWorker(ThreadPoolExecutor.java:1100)
06-30 14:43:42.636 E/hmly    ( 1317): 	at java.util.concurrent.ThreadPoolExecutor$Worker.run(ThreadPoolExecutor.java:624)
06-30 14:43:42.636 E/hmly    ( 1317): 	at java.lang.Thread.run(Thread.java:1572)
06-30 14:43:42.681 D/android.hardware.audio@7.1-impl.ranchu(  471): threadLoop: entering standby, frames: 4256256
06-30 14:43:42.681 D/android.hardware.audio@7.1-impl.ranchu(  471): ~TinyalsaSink: joining consumeThread
06-30 14:43:42.681 D/android.hardware.audio@7.1-impl.ranchu(  471): consumeThread: exiting
06-30 14:43:42.681 D/android.hardware.audio@7.1-impl.ranchu(  471): ~TinyalsaSink: stopping PCM stream
06-30 14:43:42.725 I/cn_CronetUrlRequestContext( 6557): destroyNativeStreamLocked android.net.http.internal.org.chromium.net.impl.CronetBidirectionalStream@75d28ea
06-30 14:43:42.726 I/SyncerLog( 6557): [1] Response: {applied_change_ids=[], done_change_ids=[], server_change_count=8, change_set_details={mark_to_be_deleted=[4(<some_calendar>), 11(<some_calendar>), 11(<some_calendar>), 2(none), 1(none), 8(none)], delete_all_marked=[4(<some_calendar>), 11(<some_calendar>), 11(<some_calendar>), 2(none), 1(none), 8(none)], run_cleanup=[4(<some_calendar>)], incrementally_synced_entities=[6(none)], acl=0, calendarListEntry=2, calendarSyncInfo=2, event=186, setting=31, other=[EVENT_LABEL, EVENT_LABEL, EVENT_LABEL, EVENT_LABEL, EVENT_LABEL, EVENT_LABEL, EVENT_LABEL, EVENT_LABEL, EVENT_LABEL, EVENT_LABEL, EVENT_LABEL, EVENT_LABEL, EVENT_LABEL, EVENT_LABEL, EVENT_LABEL, EVENT_LABEL, EVENT_LABEL, EVENT_LABEL, EVENT_LABEL, EVENT_LABEL, EVENT_LABEL, EVENT_LABEL, EVENT_LABEL, EVENT_LABEL, ACCESS_DATA]}, updated_sync_state={synced_user_settings=true, synced_calendar_list=true}, bad_sync_state=false, debug_info=Ch42NTU3OTlCM0U2REY5LjkwQThBNzIuQkQxMTNGNEI=, call_sync=false, }
06-30 14:43:42.911 I/SyncerLog( 6557): [1] Total requests: 1 (plus 0 retried)
06-30 14:43:42.911 I/SyncerLog( 6557): [1] Sync Result: SUCCESS
06-30 14:43:42.917 E/hmly    ( 1317): Got more than one input Future failure. Logging failures after the first
06-30 14:43:42.917 E/hmly    ( 1317): java.io.IOException: Unable to create parent directories of /data/user/0/com.google.android.gms/files/mobstore_salt.pb.lock
06-30 14:43:42.917 E/hmly    ( 1317): 	at hhkm.c(:com.google.android.gms@262031038@26.20.31 (260800-919905943):37)
06-30 14:43:42.917 E/hmly    ( 1317): 	at gons.e(:com.google.android.gms@262031038@26.20.31 (260800-919905943):5)
06-30 14:43:42.917 E/hmly    ( 1317): 	at goqk.a(:com.google.android.gms@262031038@26.20.31 (260800-919905943):198)
06-30 14:43:42.917 E/hmly    ( 1317): 	at gomy.d(:com.google.android.gms@262031038@26.20.31 (260800-919905943):5)
06-30 14:43:42.917 E/hmly    ( 1317): 	at gosk.a(:com.google.android.gms@262031038@26.20.31 (260800-919905943):28)
06-30 14:43:42.917 E/hmly    ( 1317): 	at hdmz.a(:com.google.android.gms@262031038@26.20.31 (260800-919905943):17)
06-30 14:43:42.917 E/hmly    ( 1317): 	at hmnp.a(:com.google.android.gms@262031038@26.20.31 (260800-919905943):20)
06-30 14:43:42.917 E/hmly    ( 1317): 	at hmpt.a(:com.google.android.gms@262031038@26.20.31 (260800-919905943):3)
06-30 14:43:42.917 E/hmly    ( 1317): 	at hmou.run(:com.google.android.gms@262031038@26.20.31 (260800-919905943):19)
06-30 14:43:42.917 E/hmly    ( 1317): 	at hmpv.run(:com.google.android.gms@262031038@26.20.31 (260800-919905943):5)
06-30 14:43:42.917 E/hmly    ( 1317): 	at hmnr.run(:com.google.android.gms@262031038@26.20.31 (260800-919905943):20)
06-30 14:43:42.917 E/hmly    ( 1317): 	at java.util.concurrent.ThreadPoolExecutor.runWorker(ThreadPoolExecutor.java:1100)
06-30 14:43:42.917 E/hmly    ( 1317): 	at java.util.concurrent.ThreadPoolExecutor$Worker.run(ThreadPoolExecutor.java:624)
06-30 14:43:42.917 E/hmly    ( 1317): 	at java.lang.Thread.run(Thread.java:1572)
06-30 14:43:42.921 E/hmly    ( 1317): Got more than one input Future failure. Logging failures after the first
06-30 14:43:42.921 E/hmly    ( 1317): java.io.IOException: Unable to create parent directories of /data/user/0/com.google.android.gms/files/mobstore_salt.pb.lock
06-30 14:43:42.921 E/hmly    ( 1317): 	at hhkm.c(:com.google.android.gms@262031038@26.20.31 (260800-919905943):37)
06-30 14:43:42.921 E/hmly    ( 1317): 	at gons.e(:com.google.android.gms@262031038@26.20.31 (260800-919905943):5)
06-30 14:43:42.921 E/hmly    ( 1317): 	at goqk.a(:com.google.android.gms@262031038@26.20.31 (260800-919905943):198)
06-30 14:43:42.921 E/hmly    ( 1317): 	at gomy.d(:com.google.android.gms@262031038@26.20.31 (260800-919905943):5)
06-30 14:43:42.921 E/hmly    ( 1317): 	at gosk.a(:com.google.android.gms@262031038@26.20.31 (260800-919905943):28)
06-30 14:43:42.921 E/hmly    ( 1317): 	at hdmz.a(:com.google.android.gms@262031038@26.20.31 (260800-919905943):17)
06-30 14:43:42.921 E/hmly    ( 1317): 	at hmnp.a(:com.google.android.gms@262031038@26.20.31 (260800-919905943):20)
06-30 14:43:42.921 E/hmly    ( 1317): 	at hmpt.a(:com.google.android.gms@262031038@26.20.31 (260800-919905943):3)
06-30 14:43:42.921 E/hmly    ( 1317): 	at hmou.run(:com.google.android.gms@262031038@26.20.31 (260800-919905943):19)
06-30 14:43:42.921 E/hmly    ( 1317): 	at hmpv.run(:com.google.android.gms@262031038@26.20.31 (260800-919905943):5)
06-30 14:43:42.921 E/hmly    ( 1317): 	at hmnr.run(:com.google.android.gms@262031038@26.20.31 (260800-919905943):20)
06-30 14:43:42.921 E/hmly    ( 1317): 	at java.util.concurrent.ThreadPoolExecutor.runWorker(ThreadPoolExecutor.java:1100)
06-30 14:43:42.921 E/hmly    ( 1317): 	at java.util.concurrent.ThreadPoolExecutor$Worker.run(ThreadPoolExecutor.java:624)
06-30 14:43:42.921 E/hmly    ( 1317): 	at java.lang.Thread.run(Thread.java:1572)
06-30 14:43:43.074 W/skia    (  527): AGTM parsing failed flags.readFromStream(s) at 159
06-30 14:43:43.074 W/skia    (  527): AGTM parsing failed flags.readFromStream(s) at 159
06-30 14:43:43.174 W/skia    (  527): AGTM parsing failed flags.readFromStream(s) at 159
06-30 14:43:43.174 W/skia    (  527): AGTM parsing failed flags.readFromStream(s) at 159
06-30 14:43:43.241 D/StatsLog( 2807): LAUNCHER_WIDGET_RESIZE_STARTED
06-30 14:43:43.276 W/skia    (  527): AGTM parsing failed flags.readFromStream(s) at 159
06-30 14:43:43.276 W/skia    (  527): AGTM parsing failed flags.readFromStream(s) at 159
06-30 14:43:43.292 D/StatsLog( 2807): LAUNCHER_OPEN_WIDGET_LONG_PRESS_MENU
06-30 14:43:43.295 D/KeyboardStateManager( 2807): hideKeyboard
06-30 14:43:43.295 D/KeyboardStateManager( 2807): isImeShown: false
06-30 14:43:43.300 D/ShortcutAndWidgetContainer( 2807): appWidgetScale - [x,y]: [1.0,1.0]
06-30 14:43:43.300 D/NavigableAppWidgetHostView( 2807): updateScale - [fitScale,bounceScale]: [1.0,1.0]
06-30 14:43:43.300 D/ShortcutAndWidgetContainer( 2807): appWidgetScale - [x,y]: [1.0,1.0]
06-30 14:43:43.300 D/NavigableAppWidgetHostView( 2807): updateScale - [fitScale,bounceScale]: [1.0,1.0]
06-30 14:43:43.300 D/ShortcutAndWidgetContainer( 2807): appWidgetScale - [x,y]: [1.0,1.0]
06-30 14:43:43.300 D/NavigableAppWidgetHostView( 2807): updateScale - [fitScale,bounceScale]: [1.0,1.0]
06-30 14:43:43.301 E/DefaultHalVibrator(  690): [Vibrator id=1] Error setting amplitude to -1.0
06-30 14:43:43.301 E/DefaultHalVibrator(  690): java.lang.IllegalArgumentException: 
06-30 14:43:43.301 E/DefaultHalVibrator(  690): 	at android.os.Parcel.createExceptionOrNull(Parcel.java:3396)
06-30 14:43:43.301 E/DefaultHalVibrator(  690): 	at android.os.Parcel.createException(Parcel.java:3376)
06-30 14:43:43.301 E/DefaultHalVibrator(  690): 	at android.os.Parcel.readException(Parcel.java:3359)
06-30 14:43:43.301 E/DefaultHalVibrator(  690): 	at android.os.Parcel.readException(Parcel.java:3301)
06-30 14:43:43.301 E/DefaultHalVibrator(  690): 	at android.hardware.vibrator.IVibrator$Stub$Proxy.setAmplitude(IVibrator.java:591)
06-30 14:43:43.301 E/DefaultHalVibrator(  690): 	at com.android.server.vibrator.VintfHalVibrator$DefaultHalVibrator.$r8$lambda$0C8_tXFEpRdUi8a2odeqXuWb1JI(VintfHalVibrator.java:293)
06-30 14:43:43.301 E/DefaultHalVibrator(  690): 	at com.android.server.vibrator.VintfHalVibrator$DefaultHalVibrator$$ExternalSyntheticLambda8.run(R8$$SyntheticClass:0)
06-30 14:43:43.301 E/DefaultHalVibrator(  690): 	at com.android.server.vibrator.VintfUtils.run(VintfUtils.java:171)
06-30 14:43:43.301 E/DefaultHalVibrator(  690): 	at com.android.server.vibrator.VintfUtils.runNoThrow(VintfUtils.java:184)
06-30 14:43:43.301 E/DefaultHalVibrator(  690): 	at com.android.server.vibrator.VintfHalVibrator$DefaultHalVibrator.setAmplitude(VintfHalVibrator.java:292)
06-30 14:43:43.301 E/DefaultHalVibrator(  690): 	at com.android.server.vibrator.AbstractVibratorStep.changeAmplitude(AbstractVibratorStep.java:139)
06-30 14:43:43.301 E/DefaultHalVibrator(  690): 	at com.android.server.vibrator.SetAmplitudeVibratorStep.startVibrating(SetAmplitudeVibratorStep.java:148)
06-30 14:43:43.301 E/DefaultHalVibrator(  690): 	at com.android.server.vibrator.SetAmplitudeVibratorStep.play(SetAmplitudeVibratorStep.java:96)
06-30 14:43:43.301 E/DefaultHalVibrator(  690): 	at com.android.server.vibrator.VibrationStepConductor.runNextStep(VibrationStepConductor.java:346)
06-30 14:43:43.301 E/DefaultHalVibrator(  690): 	at com.android.server.vibrator.VibrationThread.playVibration(VibrationThread.java:283)
06-30 14:43:43.301 E/DefaultHalVibrator(  690): 	at com.android.server.vibrator.VibrationThread.runCurrentVibrationWithWakeLock(VibrationThread.java:239)
06-30 14:43:43.301 E/DefaultHalVibrator(  690): 	at com.android.server.vibrator.VibrationThread.run(VibrationThread.java:148)
06-30 14:43:43.313 W/InputChannel-JNI(  690): Channel already disposed.
06-30 14:43:43.313 I/GoogleInputMethodService( 3384): GoogleInputMethodService.onFinishInput():2274 
06-30 14:43:43.314 I/Module  ( 3384): DeviceLockedStatusModuleProvider$Module.updateDeviceLockedStatusInternal():128 repeatCheckTimes = 0, locked = false
06-30 14:43:43.315 I/GoogleInputMethodService( 3384): GoogleInputMethodService.onStartInput():1459 onStartInput(EditorInfo{EditorInfo{packageName=com.google.android.apps.nexuslauncher, inputType=0, inputTypeString=NULL, enableLearning=false, autoCorrection=false, autoComplete=false, imeOptions=0, privateImeOptions=null, actionName=UNSPECIFIED, actionLabel=null, initialSelStart=-1, initialSelEnd=-1, initialCapsMode=0, label=null, fieldId=0, fieldName=null, extras=null, hintText=null, hintLocales=[]}}, false)
06-30 14:43:43.315 I/LatinIMEBase( 3384): LatinIMEBase.updateInputViewCoverNavigation():317 Update input view padding, isNavbarOverInputWindow=true, bottom inset=63
06-30 14:43:43.316 W/PackageConfigPersister(  690): App-specific configuration not found for packageName: com.google.android.apps.nexuslauncher and userId: 0
06-30 14:43:43.316 I/Module  ( 3384): DeviceLockedStatusModuleProvider$Module.updateDeviceLockedStatusInternal():128 repeatCheckTimes = 1, locked = false
06-30 14:43:43.378 W/skia    (  527): AGTM parsing failed flags.readFromStream(s) at 159
06-30 14:43:43.378 W/skia    (  527): AGTM parsing failed flags.readFromStream(s) at 159
06-30 14:43:43.432 D/ActivityManager(  690): freezing 3977 com.google.android.apps.messaging
06-30 14:43:43.464 I/Choreographer( 6557): Skipped 132 frames!  The application may be doing too much work on its main thread.
06-30 14:43:43.479 W/skia    (  527): AGTM parsing failed flags.readFromStream(s) at 159
06-30 14:43:43.479 W/skia    (  527): AGTM parsing failed flags.readFromStream(s) at 159
06-30 14:43:43.490 I/HWUI    ( 6557): Davey! duration=2234ms; Flags=0, FrameTimelineVsyncId=824114, IntendedVsync=13849197650544, Vsync=13851397650456, InputEventId=0, HandleInputStart=13851412117200, AnimationStart=13851412139700, PerformTraversalsStart=13851413121000, DrawStart=13851414133400, FrameDeadline=13849314317206, FrameStartTime=13851411761100, FrameInterval=16666666, WorkloadTarget=16666666, AnimationTime=13851397650456, SyncQueued=13851416135300, SyncStart=13851417181000, IssueDrawCommandsStart=13851417982800, SwapBuffers=13851429917700, FrameCompleted=13851432705300, DequeueBufferDuration=15100, QueueBufferDuration=217700, GpuCompleted=13851432705300, SwapBuffersCompleted=13851430828400, DisplayPresentTime=0, CommandSubmissionCompleted=13851429917700, 
06-30 14:43:43.514 I/HalDevMgr(  690): bestIfaceCreationProposal is null, requestIface=STA, existingIface=[name=wlan0 type=STA]
06-30 14:43:43.541 E/TaskPersister(  690): File error accessing recents directory (directory doesn't exist?).
06-30 14:43:43.562 E/hmly    ( 1317): Got more than one input Future failure. Logging failures after the first
06-30 14:43:43.562 E/hmly    ( 1317): java.io.IOException: Unable to create parent directories of /data/user/0/com.google.android.gms/files/mobstore_salt.pb.lock
06-30 14:43:43.562 E/hmly    ( 1317): 	at hhkm.c(:com.google.android.gms@262031038@26.20.31 (260800-919905943):37)
06-30 14:43:43.562 E/hmly    ( 1317): 	at gons.e(:com.google.android.gms@262031038@26.20.31 (260800-919905943):5)
06-30 14:43:43.562 E/hmly    ( 1317): 	at goqk.a(:com.google.android.gms@262031038@26.20.31 (260800-919905943):198)
06-30 14:43:43.562 E/hmly    ( 1317): 	at gomy.d(:com.google.android.gms@262031038@26.20.31 (260800-919905943):5)
06-30 14:43:43.562 E/hmly    ( 1317): 	at gosk.a(:com.google.android.gms@262031038@26.20.31 (260800-919905943):28)
06-30 14:43:43.562 E/hmly    ( 1317): 	at hdmz.a(:com.google.android.gms@262031038@26.20.31 (260800-919905943):17)
06-30 14:43:43.562 E/hmly    ( 1317): 	at hmnp.a(:com.google.android.gms@262031038@26.20.31 (260800-919905943):20)
06-30 14:43:43.562 E/hmly    ( 1317): 	at hmpt.a(:com.google.android.gms@262031038@26.20.31 (260800-919905943):3)
06-30 14:43:43.562 E/hmly    ( 1317): 	at hmou.run(:com.google.android.gms@262031038@26.20.31 (260800-919905943):19)
06-30 14:43:43.562 E/hmly    ( 1317): 	at hmpv.run(:com.google.android.gms@262031038@26.20.31 (260800-919905943):5)
06-30 14:43:43.562 E/hmly    ( 1317): 	at hmnr.run(:com.google.android.gms@262031038@26.20.31 (260800-919905943):20)
06-30 14:43:43.562 E/hmly    ( 1317): 	at java.util.concurrent.ThreadPoolExecutor.runWorker(ThreadPoolExecutor.java:1100)
06-30 14:43:43.562 E/hmly    ( 1317): 	at java.util.concurrent.ThreadPoolExecutor$Worker.run(ThreadPoolExecutor.java:624)
06-30 14:43:43.562 E/hmly    ( 1317): 	at java.lang.Thread.run(Thread.java:1572)
06-30 14:43:43.563 E/hmly    ( 1317): Got more than one input Future failure. Logging failures after the first
06-30 14:43:43.563 E/hmly    ( 1317): java.io.IOException: Unable to create parent directories of /data/user/0/com.google.android.gms/files/mobstore_salt.pb.lock
06-30 14:43:43.563 E/hmly    ( 1317): 	at hhkm.c(:com.google.android.gms@262031038@26.20.31 (260800-919905943):37)
06-30 14:43:43.563 E/hmly    ( 1317): 	at gons.e(:com.google.android.gms@262031038@26.20.31 (260800-919905943):5)
06-30 14:43:43.563 E/hmly    ( 1317): 	at goqk.a(:com.google.android.gms@262031038@26.20.31 (260800-919905943):198)
06-30 14:43:43.563 E/hmly    ( 1317): 	at gomy.d(:com.google.android.gms@262031038@26.20.31 (260800-919905943):5)
06-30 14:43:43.563 E/hmly    ( 1317): 	at gosk.a(:com.google.android.gms@262031038@26.20.31 (260800-919905943):28)
06-30 14:43:43.563 E/hmly    ( 1317): 	at hdmz.a(:com.google.android.gms@262031038@26.20.31 (260800-919905943):17)
06-30 14:43:43.563 E/hmly    ( 1317): 	at hmnp.a(:com.google.android.gms@262031038@26.20.31 (260800-919905943):20)
06-30 14:43:43.563 E/hmly    ( 1317): 	at hmpt.a(:com.google.android.gms@262031038@26.20.31 (260800-919905943):3)
06-30 14:43:43.563 E/hmly    ( 1317): 	at hmou.run(:com.google.android.gms@262031038@26.20.31 (260800-919905943):19)
06-30 14:43:43.563 E/hmly    ( 1317): 	at hmpv.run(:com.google.android.gms@262031038@26.20.31 (260800-919905943):5)
06-30 14:43:43.563 E/hmly    ( 1317): 	at hmnr.run(:com.google.android.gms@262031038@26.20.31 (260800-919905943):20)
06-30 14:43:43.563 E/hmly    ( 1317): 	at java.util.concurrent.ThreadPoolExecutor.runWorker(ThreadPoolExecutor.java:1100)
06-30 14:43:43.563 E/hmly    ( 1317): 	at java.util.concurrent.ThreadPoolExecutor$Worker.run(ThreadPoolExecutor.java:624)
06-30 14:43:43.563 E/hmly    ( 1317): 	at java.lang.Thread.run(Thread.java:1572)
06-30 14:43:43.568 E/hmly    ( 1317): Got more than one input Future failure. Logging failures after the first
06-30 14:43:43.568 E/hmly    ( 1317): java.io.IOException: Unable to create parent directories of /data/user/0/com.google.android.gms/files/mobstore_salt.pb.lock
06-30 14:43:43.568 E/hmly    ( 1317): 	at hhkm.c(:com.google.android.gms@262031038@26.20.31 (260800-919905943):37)
06-30 14:43:43.568 E/hmly    ( 1317): 	at gons.e(:com.google.android.gms@262031038@26.20.31 (260800-919905943):5)
06-30 14:43:43.568 E/hmly    ( 1317): 	at goqk.a(:com.google.android.gms@262031038@26.20.31 (260800-919905943):198)
06-30 14:43:43.568 E/hmly    ( 1317): 	at gomy.d(:com.google.android.gms@262031038@26.20.31 (260800-919905943):5)
06-30 14:43:43.568 E/hmly    ( 1317): 	at gosk.a(:com.google.android.gms@262031038@26.20.31 (260800-919905943):28)
06-30 14:43:43.568 E/hmly    ( 1317): 	at hdmz.a(:com.google.android.gms@262031038@26.20.31 (260800-919905943):17)
06-30 14:43:43.568 E/hmly    ( 1317): 	at hmnp.a(:com.google.android.gms@262031038@26.20.31 (260800-919905943):20)
06-30 14:43:43.568 E/hmly    ( 1317): 	at hmpt.a(:com.google.android.gms@262031038@26.20.31 (260800-919905943):3)
06-30 14:43:43.568 E/hmly    ( 1317): 	at hmou.run(:com.google.android.gms@262031038@26.20.31 (260800-919905943):19)
06-30 14:43:43.568 E/hmly    ( 1317): 	at hmpv.run(:com.google.android.gms@262031038@26.20.31 (260800-919905943):5)
06-30 14:43:43.568 E/hmly    ( 1317): 	at hmnr.run(:com.google.android.gms@262031038@26.20.31 (260800-919905943):20)
06-30 14:43:43.568 E/hmly    ( 1317): 	at java.util.concurrent.ThreadPoolExecutor.runWorker(ThreadPoolExecutor.java:1100)
06-30 14:43:43.568 E/hmly    ( 1317): 	at java.util.concurrent.ThreadPoolExecutor$Worker.run(ThreadPoolExecutor.java:624)
06-30 14:43:43.568 E/hmly    ( 1317): 	at java.lang.Thread.run(Thread.java:1572)
06-30 14:43:43.578 E/hmly    ( 1317): Got more than one input Future failure. Logging failures after the first
06-30 14:43:43.578 E/hmly    ( 1317): java.io.IOException: Unable to create parent directories of /data/user/0/com.google.android.gms/files/mobstore_salt.pb.lock
06-30 14:43:43.578 E/hmly    ( 1317): 	at hhkm.c(:com.google.android.gms@262031038@26.20.31 (260800-919905943):37)
06-30 14:43:43.578 E/hmly    ( 1317): 	at gons.e(:com.google.android.gms@262031038@26.20.31 (260800-919905943):5)
06-30 14:43:43.578 E/hmly    ( 1317): 	at goqk.a(:com.google.android.gms@262031038@26.20.31 (260800-919905943):198)
06-30 14:43:43.578 E/hmly    ( 1317): 	at gomy.d(:com.google.android.gms@262031038@26.20.31 (260800-919905943):5)
06-30 14:43:43.578 E/hmly    ( 1317): 	at gosk.a(:com.google.android.gms@262031038@26.20.31 (260800-919905943):28)
06-30 14:43:43.578 E/hmly    ( 1317): 	at hdmz.a(:com.google.android.gms@262031038@26.20.31 (260800-919905943):17)
06-30 14:43:43.578 E/hmly    ( 1317): 	at hmnp.a(:com.google.android.gms@262031038@26.20.31 (260800-919905943):20)
06-30 14:43:43.578 E/hmly    ( 1317): 	at hmpt.a(:com.google.android.gms@262031038@26.20.31 (260800-919905943):3)
06-30 14:43:43.578 E/hmly    ( 1317): 	at hmou.run(:com.google.android.gms@262031038@26.20.31 (260800-919905943):19)
06-30 14:43:43.578 E/hmly    ( 1317): 	at hmpv.run(:com.google.android.gms@262031038@26.20.31 (260800-919905943):5)
06-30 14:43:43.578 E/hmly    ( 1317): 	at hmnr.run(:com.google.android.gms@262031038@26.20.31 (260800-919905943):20)
06-30 14:43:43.578 E/hmly    ( 1317): 	at java.util.concurrent.ThreadPoolExecutor.runWorker(ThreadPoolExecutor.java:1100)
06-30 14:43:43.578 E/hmly    ( 1317): 	at java.util.concurrent.ThreadPoolExecutor$Worker.run(ThreadPoolExecutor.java:624)
06-30 14:43:43.578 E/hmly    ( 1317): 	at java.lang.Thread.run(Thread.java:1572)
06-30 14:43:43.579 W/skia    (  527): AGTM parsing failed flags.readFromStream(s) at 159
06-30 14:43:43.579 W/skia    (  527): AGTM parsing failed flags.readFromStream(s) at 159
06-30 14:43:43.680 I/BaseDragLayer( 2807): findActiveController: mActiveController=LauncherDragController
06-30 14:43:43.680 W/skia    (  527): AGTM parsing failed flags.readFromStream(s) at 159
06-30 14:43:43.680 W/skia    (  527): AGTM parsing failed flags.readFromStream(s) at 159
06-30 14:43:43.681 D/ShortcutAndWidgetContainer( 2807): appWidgetScale - [x,y]: [1.0,1.0]
06-30 14:43:43.681 D/NavigableAppWidgetHostView( 2807): updateScale - [fitScale,bounceScale]: [1.0,1.0]
06-30 14:43:43.681 D/ShortcutAndWidgetContainer( 2807): appWidgetScale - [x,y]: [1.0,1.0]
06-30 14:43:43.682 D/NavigableAppWidgetHostView( 2807): updateScale - [fitScale,bounceScale]: [1.0,1.0]
06-30 14:43:43.682 D/ShortcutAndWidgetContainer( 2807): appWidgetScale - [x,y]: [1.0,1.0]
06-30 14:43:43.682 D/NavigableAppWidgetHostView( 2807): updateScale - [fitScale,bounceScale]: [1.0,1.0]
06-30 14:43:43.682 D/ShortcutAndWidgetContainer( 2807): appWidgetScale - [x,y]: [1.0,1.0]
06-30 14:43:43.682 D/NavigableAppWidgetHostView( 2807): updateScale - [fitScale,bounceScale]: [1.0,1.0]
06-30 14:43:43.791 W/skia    (  527): AGTM parsing failed flags.readFromStream(s) at 159
06-30 14:43:43.792 W/skia    (  527): AGTM parsing failed flags.readFromStream(s) at 159
06-30 14:43:43.892 W/skia    (  527): AGTM parsing failed flags.readFromStream(s) at 159
06-30 14:43:43.892 W/skia    (  527): AGTM parsing failed flags.readFromStream(s) at 159
06-30 14:43:43.993 W/skia    (  527): AGTM parsing failed flags.readFromStream(s) at 159
06-30 14:43:43.993 W/skia    (  527): AGTM parsing failed flags.readFromStream(s) at 159
06-30 14:43:44.022 V/GrammaticalInflectionUtils(  690): AttributionSource: android.content.AttributionSource@b3a027ff does not have READ_SYSTEM_GRAMMATICAL_GENDER permission.
06-30 14:43:44.026 W/AS.PlaybackActivityMon(  690): No piid assigned for invalid/internal port id 15
06-30 14:43:44.026 W/AS.PlaybackActivityMon(  690): No piid assigned for invalid/internal port id 15
06-30 14:43:44.029 D/AudioFlinger(  523): mixer(0x7ab76c35b790) throttle end: throttle time(37)
06-30 14:43:44.031 V/ActivityTaskManager(  690): TaskLaunchParamsModifier: phase=3 task=Task{aee8514 #510 type=standard A=10192:com.google.android.apps.nexuslauncher} activity=ActivityRecord{70222695 u0 com.google.android.apps.nexuslauncher/com.android.launcher3.proxy.ProxyActivityStarter t-1} display-area-from-source=DefaultTaskDisplayArea@98618239 display-id=0 task-display-area-windowing-mode=1 suggested-display-area=DefaultTaskDisplayArea@98618239 inherit-from-source=fullscreen non-freeform-task-display-area display-area=DefaultTaskDisplayArea@98618239 skip-bounds-fullscreen
06-30 14:43:44.031 V/WindowManagerShell(  981): Transition requested (#91): android.os.BinderProxy@cb38f45 TransitionRequestInfo { type = OPEN, triggerTask = TaskInfo{userId=0 taskId=510 effectiveUid=10192 displayId=0 isRunning=true baseIntent=Intent { flg=0x10208000 cmp=com.google.android.apps.nexuslauncher/com.android.launcher3.proxy.ProxyActivityStarter } baseActivity=ComponentInfo{com.google.android.apps.nexuslauncher/com.android.launcher3.proxy.ProxyActivityStarter} topActivity=ComponentInfo{com.google.android.apps.nexuslauncher/com.android.launcher3.proxy.ProxyActivityStarter} origActivity=null realActivity=ComponentInfo{com.google.android.apps.nexuslauncher/com.android.launcher3.proxy.ProxyActivityStarter} realActivityIsAppLockEnabled=false numActivities=1 lastActiveTime=13851978 supportsMultiWindow=true supportsMultiWindowWithoutConstraints=true resizeMode=1 isResizeable=true minWidth=-1 minHeight=-1 defaultMinSize=220 token=WCT{android.os.BinderProxy@279369a} topActivityType=1 pictureInPictureParams=null shouldDockBigOverlays=false launchIntoPipHostTaskId=-1 lastParentTaskIdBeforePip=-1 displayCutoutSafeInsets=Rect(0, 132 - 0, 0) topActivityInfo=ActivityInfo{15b5bcb com.android.launcher3.proxy.ProxyActivityStarter} launchCookies=[] positionInParent=Point(0, 0) parentTaskId=-1 isFocused=false isInteractive=false isVisible=false isVisibleRequested=false isTopActivityNoDisplay=false isSleeping=false locusId=null displayAreaFeatureId=1 isTopActivityTransparent=true isActivityStackTransparent=true lastNonFullscreenBounds=null leafTaskBoundsFromOptions= false capturedLink=null capturedLinkTimestamp=0 requestedVisibleTypes=503 topActivityRequestOpenInBrowserEducationTimestamp=0 appCompatTaskInfo=AppCompatTaskInfo { topActivityInSizeCompat=false isLeafTask= true eligibleForLetterboxEducation= false isLetterboxEducationEnabled= true isLetterboxDoubleTapEnabled= false eligibleForUserAspectRatioButton= false topActivityBoundsLetterboxed= false isFromLetterboxDoubleTap= false topActivityLetterboxVerticalPosition= -1 topActivityLetterboxHorizontalPosition= -1 topActivityLetterboxWidth=-1 topActivityLetterboxHeight=-1 topActivityAppBounds=Rect(0, 0 - 1080, 2400) isUserFullscreenOverrideEnabled=false isSystemFullscreenOverrideEnabled=false hasMinAspectRatioOverride=false topActivityLetterboxBounds=null topNonResizableActivityAspectRatio=-1.0} topActivityMainWindowFrame=null isAppBubble=false}, pipChange = null, remoteTransitionInfo = null, displayChanges = null, requestedLocation = null, userChange = null, windowingLayerChange = null, fullscreenRequestChange = null, flags = 0, debugId = 91 }
06-30 14:43:44.031 W/DisconnectHandler(  981): No disconnect change found in the transition, not handling request.
06-30 14:43:44.031 V/ShellDesktopMode(  981): DesktopTasksController: skipping handleRequest reason=triggerTask's display doesn't support desktop mode
06-30 14:43:44.032 D/ShellSplitScreen(  981): logExit: no-op, mLoggerSessionId is null
06-30 14:43:44.031 I/ActivityTaskManager(  690): START u0 {flg=0x10208000 xflg=0x4 cmp=com.google.android.apps.nexuslauncher/com.android.launcher3.proxy.ProxyActivityStarter (has extras)} with LAUNCH_SINGLE_TASK from uid 10192 (com.google.android.apps.nexuslauncher) (sr=160058977) (BAL_ALLOW_VISIBLE_WINDOW) result code=0
06-30 14:43:44.041 V/RecentTasksController(  981): Notify recent tasks changed
06-30 14:43:44.042 D/RecentsView( 2807): onTaskDisplayChanged: 510, new displayId = 0
06-30 14:43:44.042 D/BaseActivity( 2807): Launcher flags updated: [state_started|state_resumed|state_deferred_resumed|state_window_focused|state_user_active] -[]
06-30 14:43:44.042 I/libbinder.BpBinder(  527): onLastStrongRef automatically unlinking death recipients for binder (0x7d6e3244df60) with descriptor: '(not cached)'
06-30 14:43:44.042 D/BaseActivity( 2807): Launcher flags updated: [state_started|state_resumed|state_deferred_resumed|state_window_focused] -[state_user_active]
06-30 14:43:44.042 D/BaseActivity( 2807): Launcher flags updated: [state_started|state_window_focused] -[state_resumed|state_deferred_resumed]
06-30 14:43:44.042 W/SplitSelectStateCtor( 2807): Missing session instanceIds
06-30 14:43:44.042 D/StatsLog( 2807): LAUNCHER_SPLIT_SELECTION_EXIT_INTERRUPTED
06-30 14:43:44.048 D/WindowManagerShell(  981): setLauncherKeepClearAreaHeight: visible=false, height=495
06-30 14:43:44.058 D/RecentTasksList( 2807): invalidateLoadedTasks - previous requestLoadId: -1
06-30 14:43:44.059 D/UnlockComponentFactory( 2807): instantiateActivity() com.android.launcher3.proxy.ProxyActivityStarter isUserLocked: false
06-30 14:43:44.068 V/ActivityTaskManager(  690): TaskLaunchParamsModifier: phase=3 task=Task{aee8514 #510 type=standard A=10192:com.google.android.apps.nexuslauncher} activity=ActivityRecord{193064121 u0 android/.appwidget.AppWidgetConfigActivityProxy t-1} display-from-option=0 display-id=0 task-display-area-windowing-mode=1 suggested-display-area=DefaultTaskDisplayArea@98618239 inherit-from-source=fullscreen non-freeform-task-display-area display-area=DefaultTaskDisplayArea@98618239 skip-bounds-fullscreen
06-30 14:43:44.069 I/ActivityTaskManager(  690): START u0 {xflg=0x4 cmp=android/.appwidget.AppWidgetConfigActivityProxy (has extras)} with LAUNCH_MULTIPLE from uid 1000 (android) (realCallingUid=10192) (rr=70222695) (BAL_ALLOW_VISIBLE_WINDOW [realCaller]) result code=0
06-30 14:43:44.081 D/AppOpHistoryHelper(  690): MetricHandler reporting 10 records.
06-30 14:43:44.091 W/InputChannel-JNI(  690): Channel already disposed.
06-30 14:43:44.093 D/WindowOnBackDispatcher( 2807): setTopOnBackInvokedCallback (unwrapped): android.app.Activity$$ExternalSyntheticLambda0@d254929
06-30 14:43:44.094 D/VRI[ProxyActivityStarter]( 2807): WindowInsets changed: 1080x2400 statusBars:[0,132,0,0] navigationBars:[0,0,0,63] mandatorySystemGestures:[0,164,0,84] 
06-30 14:43:44.094 D/CoreBackPreview(  690): Window{8cb9b75 u0 com.google.android.apps.nexuslauncher/com.android.launcher3.proxy.ProxyActivityStarter}: Setting back callback OnBackInvokedCallbackInfo{mCallback=android.window.IOnBackInvokedCallback$Stub$Proxy@4ed3b7b, mPriority=-1, mIsAnimationCallback=false, mOverrideBehavior=0}
06-30 14:43:44.095 D/WindowManager(  690): setClientSurface Surface(name=VRI-com.google.android.apps.nexuslauncher/com.android.launcher3.proxy.ProxyActivityStarter#1101)/@0xd43fd98 for 8cb9b75 com.google.android.apps.nexuslauncher/com.android.launcher3.proxy.ProxyActivityStarter
06-30 14:43:44.107 I/Surface ( 2807): Creating surface for consumer unnamed-2807-28 with slotExpansion=1 for 64 slots
06-30 14:43:44.107 I/Surface ( 2807): Creating surface for consumer VRI[ProxyActivityStarter]#18(BLAST Consumer)18 with slotExpansion=1 for 64 slots
06-30 14:43:44.152 V/RecentTasksController(  981): Notify recent tasks changed
06-30 14:43:44.153 V/RecentTasksController(  981): generateList(getRecentTasks)
06-30 14:43:44.153 V/RecentTasksController(  981): initializeDesksMap - allDeskIds: []
06-30 14:43:44.153 W/ndroid.calendar( 6557): Suspending all threads took: 11.097ms
06-30 14:43:44.153 V/RecentTasksController(  981): Task 510 is a transparent overlay on active desk
06-30 14:43:44.153 V/RecentTasksController(  981): Added fullscreen task: 510
06-30 14:43:44.153 V/RecentTasksController(  981): Task 509 is not an active desktop task
06-30 14:43:44.154 V/RecentTasksController(  981): Added fullscreen task: 509
06-30 14:43:44.154 V/RecentTasksController(  981): Task 507 is not an active desktop task
06-30 14:43:44.154 V/RecentTasksController(  981): Added fullscreen task: 507
06-30 14:43:44.154 V/RecentTasksController(  981): generateList - complete
06-30 14:43:44.155 D/PreloadThumbnailUseCase( 2807): Preloading thumbnails for task ids: [[id=507 windowingMode=1 user=0 lastActiveTime=13054823] null, [id=509 windowingMode=1 user=0 lastActiveTime=13849860] null, [id=510 windowingMode=1 user=0 lastActiveTime=13852014] null]
06-30 14:43:44.193 I/APM_AudioPolicyManager(  523): getNewOutputDevices io 13 recent device override {AUDIO_DEVICE_OUT_SPEAKER, @:}
06-30 14:43:44.197 W/libc    (  690): Access denied finding property "vendor.mesa.virtgpu.kumquat"
06-30 14:43:44.199 D/BaseActivity( 2807): Launcher flags updated: [state_started] -[state_window_focused]
06-30 14:43:44.199 W/ActivityTaskManager(  690): callingPackage for (uid=1000, pid=690) is ambiguous: [android, com.android.providers.settings, com.android.server.telecom, com.android.location.fused]
06-30 14:43:44.192 W/RenderThread(  690): type=1400 audit(0.0:114): avc:  denied  { read } for  name="u:object_r:vendor_default_prop:s0" dev="tmpfs" ino=404 scontext=u:r:system_server:s0 tcontext=u:object_r:vendor_default_prop:s0 tclass=file permissive=0
06-30 14:43:44.200 V/GrammaticalInflectionUtils(  690): AttributionSource: android.content.AttributionSource@f996d976 does not have READ_SYSTEM_GRAMMATICAL_GENDER permission.
06-30 14:43:44.208 W/HWUI    (  690): Failed to choose config with EGL_SWAP_BEHAVIOR_PRESERVED, retrying without...
06-30 14:43:44.209 W/HWUI    (  690): Failed to initialize 101010-2 format, error = EGL_SUCCESS
06-30 14:43:44.213 V/ActivityTaskManager(  690): TaskLaunchParamsModifier: phase=3 task=Task{aee8514 #510 type=standard A=10192:com.google.android.apps.nexuslauncher} activity=ActivityRecord{100335022 u0 com.aiquota.mobile/.widget.DashboardWidgetConfigureActivity t-1} display-area-from-source=DefaultTaskDisplayArea@98618239 display-id=0 task-display-area-windowing-mode=1 suggested-display-area=DefaultTaskDisplayArea@98618239 inherit-from-source=fullscreen non-freeform-task-display-area display-area=DefaultTaskDisplayArea@98618239 skip-bounds-fullscreen
06-30 14:43:44.214 I/ActivityTaskManager(  690): START u0 {act=android.appwidget.action.APPWIDGET_CONFIGURE xflg=0x4 cmp=com.aiquota.mobile/.widget.DashboardWidgetConfigureActivity (has extras)} with LAUNCH_MULTIPLE from uid 1000 (android) (rr=193064121) (BAL_ALLOW_VISIBLE_WINDOW) result code=0
06-30 14:43:44.236 D/RecentTasksList( 2807): invalidateLoadedTasks - previous requestLoadId: -1
06-30 14:43:44.264 D/CompatChangeReporter(  690): Compat change id reported: 324203798; UID 10233; state: ENABLED
06-30 14:43:44.270 V/WindowManager(  690): Defer transition id=91 for TaskFragmentTransaction=android.os.Binder@a84c4d1
06-30 14:43:44.272 W/libc    (24771): Access denied finding property "vendor.mesa.virtgpu.kumquat"
06-30 14:43:44.276 W/libbinder.IPCThreadState(  596): Sending oneway calls to frozen process.
06-30 14:43:44.278 D/WindowOnBackDispatcher(  690): setTopOnBackInvokedCallback (unwrapped): android.app.Activity$$ExternalSyntheticLambda0@f88a37
06-30 14:43:44.283 W/HWUI    (24771): Failed to choose config with EGL_SWAP_BEHAVIOR_PRESERVED, retrying without...
06-30 14:43:44.285 W/HWUI    (24771): Failed to initialize 101010-2 format, error = EGL_SUCCESS
06-30 14:43:44.289 D/CoreBackPreview(  690): Window{d10129d u0 android/android.appwidget.AppWidgetConfigActivityProxy}: Setting back callback OnBackInvokedCallbackInfo{mCallback=android.window.WindowOnBackInvokedDispatcher$OnBackInvokedCallbackWrapper@1bfdd0d, mPriority=-1, mIsAnimationCallback=false, mOverrideBehavior=0}
06-30 14:43:44.289 D/VRI[AppWidgetConfigActivityProxy](  690): WindowInsets changed: 1080x2205 mandatorySystemGestures:[0,32,0,21] 
06-30 14:43:44.290 D/WindowManager(  690): setClientSurface Surface(name=VRI-android/android.appwidget.AppWidgetConfigActivityProxy#1108)/@0x2c192d3 for d10129d android/android.appwidget.AppWidgetConfigActivityProxy
06-30 14:43:44.311 V/WindowManager(  690): Continue transition id=91 for TaskFragmentTransaction=android.os.Binder@a84c4d1
06-30 14:43:44.313 I/Surface (  690): Creating surface for consumer unnamed-690-22 with slotExpansion=1 for 64 slots
06-30 14:43:44.314 I/Surface (  690): Creating surface for consumer VRI[AppWidgetConfigActivityProxy]#5(BLAST Consumer)5 with slotExpansion=1 for 64 slots
06-30 14:43:44.314 D/VRI[AppWidgetConfigActivityProxy](  690): WindowInsets changed: 0x0 mandatorySystemGestures:null 
06-30 14:43:44.363 D/CompatChangeReporter(24771): Compat change id reported: 309578419; UID 10233; state: ENABLED
06-30 14:43:44.375 V/RecentTasksController(  981): Notify recent tasks changed
06-30 14:43:44.379 V/RecentTasksController(  981): generateList(getRecentTasks)
06-30 14:43:44.379 V/RecentTasksController(  981): initializeDesksMap - allDeskIds: []
06-30 14:43:44.379 V/RecentTasksController(  981): Task 510 is not an active desktop task
06-30 14:43:44.379 V/RecentTasksController(  981): Added fullscreen task: 510
06-30 14:43:44.379 V/RecentTasksController(  981): Task 509 is not an active desktop task
06-30 14:43:44.379 V/RecentTasksController(  981): Added fullscreen task: 509
06-30 14:43:44.379 V/RecentTasksController(  981): Task 507 is not an active desktop task
06-30 14:43:44.379 V/RecentTasksController(  981): Added fullscreen task: 507
06-30 14:43:44.379 V/RecentTasksController(  981): generateList - complete
06-30 14:43:44.380 D/PreloadThumbnailUseCase( 2807): Preloading thumbnails for task ids: [[id=507 windowingMode=1 user=0 lastActiveTime=13054823] null, [id=509 windowingMode=1 user=0 lastActiveTime=13849860] null, [id=510 windowingMode=1 user=0 lastActiveTime=13852211] null]
06-30 14:43:44.387 D/CompatChangeReporter(24771): Compat change id reported: 270674727; UID 10233; state: ENABLED
06-30 14:43:44.390 D/RecentTasksList( 2807): invalidateLoadedTasks - previous requestLoadId: -1
06-30 14:43:44.420 D/CompatChangeReporter(24771): Compat change id reported: 349153669; UID 10233; state: ENABLED
06-30 14:43:44.421 W/HWUI    (24771): Unknown dataspace 0
06-30 14:43:44.431 W/InputChannel-JNI(  690): Channel already disposed.
06-30 14:43:44.439 W/libc    (24771): Access denied finding property "vendor.mesa.virtgpu.kumquat"
06-30 14:43:44.446 D/VRI[DashboardWidgetConfigureActivity](24771): WindowInsets changed: 1080x2400 statusBars:[0,132,0,0] navigationBars:[0,0,0,63] mandatorySystemGestures:[0,164,0,84] 
06-30 14:43:44.447 D/WindowOnBackDispatcher(24771): setTopOnBackInvokedCallback (unwrapped): android.view.ViewRootImpl$$ExternalSyntheticLambda14@ba3f43c
06-30 14:43:44.447 D/CoreBackPreview(  690): Window{7310b40 u0 com.aiquota.mobile/com.aiquota.mobile.widget.DashboardWidgetConfigureActivity}: Setting back callback OnBackInvokedCallbackInfo{mCallback=android.window.IOnBackInvokedCallback$Stub$Proxy@f341c1f, mPriority=0, mIsAnimationCallback=false, mOverrideBehavior=0}
06-30 14:43:44.448 I/HWUI    (24771): Using FreeType backend (prop=Auto)
06-30 14:43:44.459 D/WindowManager(  690): setClientSurface Surface(name=VRI-com.aiquota.mobile/com.aiquota.mobile.widget.DashboardWidgetConfigureActivity#1110)/@0x8bb9b6c for 7310b40 com.aiquota.mobile/com.aiquota.mobile.widget.DashboardWidgetConfigureActivity
06-30 14:43:44.463 W/ndroid.calendar( 6557): Suspending all threads took: 9.747ms
06-30 14:43:44.468 I/Surface (24771): Creating surface for consumer unnamed-24771-0 with slotExpansion=1 for 64 slots
06-30 14:43:44.470 I/Surface (24771): Creating surface for consumer VRI[DashboardWidgetConfigureActivity]#0(BLAST Consumer)0 with slotExpansion=1 for 64 slots
06-30 14:43:44.694 D/AIQuotaBgRefreshService(24771): cycleStart providers=gemini
06-30 14:43:44.698 V/WindowManagerShell(  981): onTransitionReady(transaction=2963527443237)
06-30 14:43:44.699 V/ShellTaskOrganizer(  981): Task appeared taskId=510 listener=FullscreenTaskListener
06-30 14:43:44.699 V/ShellTaskOrganizer(  981): Fullscreen Task Appeared: #510
06-30 14:43:44.699 I/ActivityTaskManager(  690): Displayed com.aiquota.mobile/.widget.DashboardWidgetConfigureActivity for user 0: +672ms
06-30 14:43:44.699 V/RecentTasksController(  981): Notify recent tasks changed
06-30 14:43:44.699 V/WindowManagerShell(  981): onTransitionReady (#91) android.os.BinderProxy@cb38f45: {id=91 t=OPEN f=0x0 trk=0 r=[0@Point(0, 0)] c=[
06-30 14:43:44.699 V/WindowManagerShell(  981):         {m=OPEN f=MOVE_TO_TOP|FLAG_CHANGED_INTERACTIVE leash=Surface(name=Task=510#1097)/@0x402dac1 sb=Rect(0, 0 - 1080, 2400) eb=Rect(0, 0 - 1080, 2400) epz=Point(1080, 2400) d=0 taskParent=-1 winMode=1 userId=0},
06-30 14:43:44.699 V/WindowManagerShell(  981):         {m=TO_BACK f=SHOW_WALLPAPER|FLAG_CHANGED_INTERACTIVE leash=Surface(name=Task=1#35)/@0x6242266 sb=Rect(0, 0 - 1080, 2400) eb=Rect(0, 0 - 1080, 2400) epz=Point(1080, 2400) d=0 taskParent=-1 winMode=1 userId=0},
06-30 14:43:44.699 V/WindowManagerShell(  981):         {m=TO_BACK f=IS_WALLPAPER leash=Surface(name=WallpaperWindowToken{8e22b1e}#55)/@0xc1e9a7 sb=Rect(0, 0 - 1080, 2400) eb=Rect(0, 0 - 1080, 2400) epz=Point(1080, 2400) d=0}
06-30 14:43:44.699 V/WindowManagerShell(  981):     ]}
06-30 14:43:44.700 V/WindowManager(  690): Sent Transition (#91) createdAt=06-30 14:43:44.023 via request=TransitionRequestInfo { type = OPEN, triggerTask = TaskInfo{userId=0 taskId=510 effectiveUid=10192 displayId=0 isRunning=true baseIntent=Intent { flg=0x10208000 cmp=com.google.android.apps.nexuslauncher/com.android.launcher3.proxy.ProxyActivityStarter } baseActivity=ComponentInfo{com.google.android.apps.nexuslauncher/com.android.launcher3.proxy.ProxyActivityStarter} topActivity=ComponentInfo{com.google.android.apps.nexuslauncher/com.android.launcher3.proxy.ProxyActivityStarter} origActivity=null realActivity=ComponentInfo{com.google.android.apps.nexuslauncher/com.android.launcher3.proxy.ProxyActivityStarter} realActivityIsAppLockEnabled=false numActivities=1 lastActiveTime=13851978 supportsMultiWindow=true supportsMultiWindowWithoutConstraints=true resizeMode=1 isResizeable=true minWidth=-1 minHeight=-1 defaultMinSize=220 token=WCT{RemoteToken{f177017 Task{aee8514 #510 type=standard A=10192:com.google.android.apps.nexuslauncher}}} topActivityType=1 pictureInPictureParams=null shouldDockBigOverlays=false launchIntoPipHostTaskId=-1 lastParentTaskIdBeforePip=-1 displayCutoutSafeInsets=Rect(0, 132 - 0, 0) topActivityInfo=ActivityInfo{9ebec04 com.android.launcher3.proxy.ProxyActivityStarter} launchCookies=[] positionInParent=Point(0, 0) parentTaskId=-1 isFocused=false isInteractive=false isVisible=false isVisibleRequested=false isTopActivityNoDisplay=false isSleeping=false locusId=null displayAreaFeatureId=1 isTopActivityTransparent=true isActivityStackTransparent=true lastNonFullscreenBounds=null leafTaskBoundsFromOptions= false capturedLink=null capturedLinkTimestamp=0 requestedVisibleTypes=503 topActivityRequestOpenInBrowserEducationTimestamp=0 appCompatTaskInfo=AppCompatTaskInfo { topActivityInSizeCompat=false isLeafTask= true eligibleForLetterboxEducation= false isLetterboxEducationEnabled= true isLetterboxDoubleTapEnabled= false eligibleForUserAspectRatioButton= false topActivityBoundsLetterboxed= false isFromLetterboxDoubleTap= false topActivityLetterboxVerticalPosition= -1 topActivityLetterboxHorizontalPosition= -1 topActivityLetterboxWidth=-1 topActivityLetterboxHeight=-1 topActivityAppBounds=Rect(0, 0 - 1080, 2400) isUserFullscreenOverrideEnabled=false isSystemFullscreenOverrideEnabled=false hasMinAspectRatioOverride=false topActivityLetterboxBounds=null topNonResizableActivityAspectRatio=-1.0} topActivityMainWindowFrame=null isAppBubble=false}, pipChange = null, remoteTransitionInfo = null, displayChanges = null, requestedLocation = null, userChange = null, windowingLayerChange = null, fullscreenRequestChange = null, flags = 0, debugId = 91 }
06-30 14:43:44.700 V/WindowManager(  690):     startWCT=WindowContainerTransaction { changes= {} hops= [] flags= 0 errorCallbackToken=null taskFragmentOrganizer=null }
06-30 14:43:44.700 V/WindowManager(  690):     info={id=91 t=OPEN f=0x0 trk=0 r=[0@Point(0, 0)] c=[
06-30 14:43:44.700 V/WindowManager(  690):         {WCT{RemoteToken{f177017 Task{aee8514 #510 type=standard A=10192:com.google.android.apps.nexuslauncher}}} m=OPEN f=MOVE_TO_TOP|FLAG_CHANGED_INTERACTIVE leash=Surface(name=Task=510#1097)/@0x900ffb1 sb=Rect(0, 0 - 1080, 2400) eb=Rect(0, 0 - 1080, 2400) epz=Point(1080, 2400) d=0 taskParent=-1 winMode=1 userId=0},
06-30 14:43:44.700 V/WindowManager(  690):         {WCT{RemoteToken{12c0cb7 Task{adf5de0 #1 type=home}}} m=TO_BACK f=SHOW_WALLPAPER|FLAG_CHANGED_INTERACTIVE leash=Surface(name=Task=1#35)/@0x3cdaf5c sb=Rect(0, 0 - 1080, 2400) eb=Rect(0, 0 - 1080, 2400) epz=Point(1080, 2400) d=0 taskParent=-1 winMode=1 userId=0},
06-30 14:43:44.700 V/WindowManager(  690):         {m=TO_BACK f=IS_WALLPAPER leash=Surface(name=WallpaperWindowToken{8e22b1e}#55)/@0xe1349cf sb=Rect(0, 0 - 1080, 2400) eb=Rect(0, 0 - 1080, 2400) epz=Point(1080, 2400) d=0}
06-30 14:43:44.700 V/WindowManager(  690):     ]}
06-30 14:43:44.701 V/WindowManagerShell(  981): Playing animation for (#91) android.os.BinderProxy@cb38f45@0
06-30 14:43:44.701 D/ShellSplitScreen(  981): startAnimation: transition=91 isSplitActive=false
06-30 14:43:44.701 V/ShellRecents(  981): RecentsTransitionHandler.startAnimation: no controller found
06-30 14:43:44.701 V/ShellDesktopMode(  981): DesktopMixedTransitionHandler: No pending desktop transition
06-30 14:43:44.701 V/WindowManagerShell(  981): Transition doesn't have explicit remote, search filters for match for {id=91 t=OPEN f=0x0 trk=0 r=[0@Point(0, 0)] c=[{m=OPEN f=MOVE_TO_TOP|FLAG_CHANGED_INTERACTIVE leash=Surface(name=Task=510#1097)/@0x402dac1 sb=Rect(0, 0 - 1080, 2400) eb=Rect(0, 0 - 1080, 2400) epz=Point(1080, 2400) d=0 taskParent=-1 winMode=1 userId=0},{m=TO_BACK f=SHOW_WALLPAPER|FLAG_CHANGED_INTERACTIVE leash=Surface(name=Task=1#35)/@0x6242266 sb=Rect(0, 0 - 1080, 2400) eb=Rect(0, 0 - 1080, 2400) epz=Point(1080, 2400) d=0 taskParent=-1 winMode=1 userId=0},{m=TO_BACK f=IS_WALLPAPER leash=Surface(name=WallpaperWindowToken{8e22b1e}#55)/@0xc1e9a7 sb=Rect(0, 0 - 1080, 2400) eb=Rect(0, 0 - 1080, 2400) epz=Point(1080, 2400) d=0}]}
06-30 14:43:44.701 V/WindowManagerShell(  981):  Checking filter Pair{{types=[] flags=0x0 notFlags=0x0 checks=[{atype=undefined independent=true modes=[CLOSE,TO_BACK] flags=IN_TASK_WITH_EMBEDDED_ACTIVITY mustBeTask=false order=ANY topActivity=null launchCookie=null taskFragmentToken=android.os.BinderProxy@3656a62 windowingMode=undefined isCrossDisplayMove=false}]} RemoteTransition { remoteTransition = android.window.IRemoteTransition$Stub$Proxy@26457f3, appThread = android.app.IApplicationThread$Stub$Proxy@77acb0, debugName = overlayBackTransition, filter = {types=[] flags=0x0 notFlags=0x0 checks=[{atype=undefined independent=true modes=[CLOSE,TO_BACK] flags=IN_TASK_WITH_EMBEDDED_ACTIVITY mustBeTask=false order=ANY topActivity=null launchCookie=null taskFragmentToken=android.os.BinderProxy@3656a62 windowingMode=undefined isCrossDisplayMove=false}]} }}
06-30 14:43:44.701 V/WindowManagerShell(  981):  Checking filter Pair{{types=[] flags=0x0 notFlags=0x0 checks=[{atype=dream independent=true modes=[OPEN,TO_FRONT] flags=NONE mustBeTask=false order=ANY topActivity=null launchCookie=null windowingMode=undefined isCrossDisplayMove=false},{atype=home independent=true modes=[CLOSE,TO_BACK] flags=NONE mustBeTask=false order=ANY topActivity=null launchCookie=null windowingMode=undefined isCrossDisplayMove=false}]} RemoteTransition { remoteTransition = android.window.IRemoteTransition$Stub$Proxy@9b25729, appThread = android.app.IApplicationThread$Stub$Proxy@a33caae, debugName = LauncherToDream, filter = {types=[] flags=0x0 notFlags=0x0 checks=[{atype=dream independent=true modes=[OPEN,TO_FRONT] flags=NONE mustBeTask=false order=ANY topActivity=null launchCookie=null windowingMode=undefined isCrossDisplayMove=false},{atype=home independent=true modes=[CLOSE,TO_BACK] flags=NONE mustBeTask=false order=ANY topActivity=null launchCookie=null windowingMode=undefined isCrossDisplayMove=false}]} }}
06-30 14:43:44.701 V/WindowManagerShell(  981):  Checking filter Pair{{types=[] flags=0x0 notFlags=0x0 checks=[{atype=standard independent=false modes=[CHANGE] flags=NONE mustBeTask=true order=ANY topActivity=null launchCookie=null windowingMode=undefined isCrossDisplayMove=true}]} RemoteTransition { remoteTransition = android.window.IRemoteTransition$Stub$Proxy@62804f, appThread = android.app.IApplicationThread$Stub$Proxy@922e3dc, debugName = QuickstepDisplayMove, filter = {types=[] flags=0x0 notFlags=0x0 checks=[{atype=standard independent=false modes=[CHANGE] flags=NONE mustBeTask=true order=ANY topActivity=null launchCookie=null windowingMode=undefined isCrossDisplayMove=true}]} }}
06-30 14:43:44.701 V/WindowManagerShell(  981):  Checking filter Pair{{types=[] flags=0x0 notFlags=0x100 checks=[{atype=home independent=true modes=[OPEN,TO_FRONT] flags=NONE mustBeTask=false order=ANY topActivity=ComponentInfo{com.google.android.apps.nexuslauncher/com.google.android.apps.nexuslauncher.NexusLauncherActivity} launchCookie=null windowingMode=undefined isCrossDisplayMove=false},{atype=standard independent=true modes=[CLOSE,TO_BACK] flags=NONE mustBeTask=false order=ANY topActivity=null launchCookie=null windowingMode=undefined isCrossDisplayMove=false},{NOT atype=undefined independent=true modes=[] flags=NONE mustBeTask=true order=ANY topActivity=null launchCookie=null customAnim=true windowingMode=undefined isCrossDisplayMove=false}]} RemoteTransition { remoteTransition = android.window.IRemoteTransition$Stub$Proxy@d703ce5, appThread = android.app.IApplicationThread$Stub$Proxy@975e3ba, debugName = QuickstepLaunchHome, filter = {types=[] flags=0x0 notFlags=0x100 checks=[{atype=home independent=true modes=[OPEN,TO_FRONT] flags=NONE mustBeTask=false order=ANY topActivity=ComponentInfo{com.google.android.apps.nexuslauncher/com.google.android.apps.nexuslauncher.NexusLauncherActivity} launchCookie=null windowingMode=undefined isCrossDisplayMove=false},{atype=standard independent=true modes=[CLOSE,TO_BACK] flags=NONE mustBeTask=false order=ANY topActivity=null launchCookie=null windowingMode=undefined isCrossDisplayMove=false},{NOT atype=undefined independent=true modes=[] flags=NONE mustBeTask=true order=ANY topActivity=null launchCookie=null customAnim=true windowingMode=undefined isCrossDisplayMove=false}]} }}
06-30 14:43:44.701 V/WindowManagerShell(  981):  Checking filter Pair{{types=[OPEN,TO_FRONT] flags=0x0 notFlags=0x0 checks=[{atype=standard independent=true modes=[OPEN,TO_FRONT] flags=NONE mustBeTask=true order=ANY topActivity=null launchCookie=null windowingMode=freeform isCrossDisplayMove=false}]} RemoteTransition { remoteTransition = android.window.IRemoteTransition$Stub$Proxy@23d5716, appThread = null, debugName = DesktopWindowLimitUnminimize, filter = {types=[OPEN,TO_FRONT] flags=0x0 notFlags=0x0 checks=[{atype=standard independent=true modes=[OPEN,TO_FRONT] flags=NONE mustBeTask=true order=ANY topActivity=null launchCookie=null windowingMode=freeform isCrossDisplayMove=false}]} }}
06-30 14:43:44.701 V/WindowManagerShell(  981):  Delegate animation for (#91) to null
06-30 14:43:44.701 V/WindowManagerShell(  981): start default transition animation, info = {id=91 t=OPEN f=0x0 trk=0 r=[0@Point(0, 0)] c=[{m=OPEN f=MOVE_TO_TOP|FLAG_CHANGED_INTERACTIVE leash=Surface(name=Task=510#1097)/@0x402dac1 sb=Rect(0, 0 - 1080, 2400) eb=Rect(0, 0 - 1080, 2400) epz=Point(1080, 2400) d=0 taskParent=-1 winMode=1 userId=0},{m=TO_BACK f=SHOW_WALLPAPER|FLAG_CHANGED_INTERACTIVE leash=Surface(name=Task=1#35)/@0x6242266 sb=Rect(0, 0 - 1080, 2400) eb=Rect(0, 0 - 1080, 2400) epz=Point(1080, 2400) d=0 taskParent=-1 winMode=1 userId=0},{m=TO_BACK f=IS_WALLPAPER leash=Surface(name=WallpaperWindowToken{8e22b1e}#55)/@0xc1e9a7 sb=Rect(0, 0 - 1080, 2400) eb=Rect(0, 0 - 1080, 2400) epz=Point(1080, 2400) d=0}]}
06-30 14:43:44.702 V/WindowManagerShell(  981): loadAnimation: anim=android.view.animation.AnimationSet@2197943 animAttr=0x13 type=OPEN isEntrance=false
06-30 14:43:44.702 V/WindowManagerShell(  981): loadAnimation: anim=android.view.animation.AnimationSet@ed0669f animAttr=0x12 type=OPEN isEntrance=true
06-30 14:43:44.703 V/WindowManagerShell(  981):  animated by com.android.wm.shell.transition.DefaultTransitionHandler@ad48879
06-30 14:43:44.711 D/RecentTasksList( 2807): invalidateLoadedTasks - previous requestLoadId: -1
06-30 14:43:44.762 W/skia    (  527): AGTM parsing failed flags.readFromStream(s) at 159
06-30 14:43:44.762 W/skia    (  527): AGTM parsing failed flags.readFromStream(s) at 159
06-30 14:43:44.874 W/skia    (  527): AGTM parsing failed flags.readFromStream(s) at 159
06-30 14:43:44.874 W/skia    (  527): AGTM parsing failed flags.readFromStream(s) at 159
06-30 14:43:44.992 W/skia    (  527): AGTM parsing failed flags.readFromStream(s) at 159
06-30 14:43:44.995 I/.aiquota.mobile(24771): Compiler allocated 5239KB to compile void android.view.ViewRootImpl.performTraversals(long)
06-30 14:43:45.018 V/WindowManagerShell(  981): Transition animation finished (aborted=false), notifying core (#91) android.os.BinderProxy@cb38f45@0
06-30 14:43:45.023 V/WindowManager(  690): Finish Transition (#91): created at 06-30 14:43:44.023 collect-started=0.074ms request-sent=7.837ms started=12.843ms ready=288.107ms sent=672.364ms commit=22.66ms finished=999.902ms
06-30 14:43:45.026 D/VRI[NexusLauncherActivity]( 2807): visibilityChanged oldVisibility=true newVisibility=false
06-30 14:43:45.026 D/WallpaperService(  981): onVisibilityChanged(false): com.android.systemui.wallpapers.ImageWallpaper$CanvasEngine@881b100
06-30 14:43:45.027 V/WindowManagerShell(  981): Track 0 became idle
06-30 14:43:45.027 V/WindowManagerShell(  981): All active transition animations finished
06-30 14:43:45.035 D/SmartspaceInteractor( 2807): notifySmartspaceEvent: SmartspaceTargetEvent{mSmartspaceTarget=null, mSmartspaceActionId='null', mEventType=7}
06-30 14:43:45.094 W/skia    (  527): AGTM parsing failed flags.readFromStream(s) at 159
06-30 14:43:45.129 D/BaseActivity( 2807): Launcher flags updated: [] -[state_started]
06-30 14:43:45.130 D/BaseDepthController( 2807): setSurface:
06-30 14:43:45.130 D/BaseDepthController( 2807): 	mWaitingOnSurfaceValidity: false
06-30 14:43:45.130 D/BaseDepthController( 2807): 	mBaseSurface: null
06-30 14:43:45.130 D/BaseDepthController( 2807): mSurface is null and mCurrentBlur is: 0
06-30 14:43:45.130 D/LauncherStateManager( 2807): StateManager.goToState: fromState: Normal, toState: Normal, partial trace:
06-30 14:43:45.130 D/LauncherStateManager( 2807): 	at com.android.launcher3.statemanager.StateManager.moveToRestState(go/retraceme 4b96215a9d9b4c1494121442fbf9d6e89857c91e1d76ddcc689701971259418a:26)
06-30 14:43:45.130 D/LauncherStateManager( 2807): 	at com.android.launcher3.statemanager.StateManager.moveToRestState(go/retraceme 4b96215a9d9b4c1494121442fbf9d6e89857c91e1d76ddcc689701971259418a:35)
06-30 14:43:45.130 D/LauncherStateManager( 2807): 	at com.android.launcher3.statemanager.StatefulActivity.onStop(go/retraceme 4b96215a9d9b4c1494121442fbf9d6e89857c91e1d76ddcc689701971259418a:31)
06-30 14:43:45.130 D/LauncherStateManager( 2807): StateManager.onRepeatStateSetAborted: state: Normal
06-30 14:43:45.130 D/KeyboardStateManager( 2807): hideKeyboard
06-30 14:43:45.130 D/KeyboardStateManager( 2807): isImeShown: false
06-30 14:43:45.130 D/StatsLog( 2807): LAUNCHER_ONSTOP
06-30 14:43:45.130 I/AIQuotaDebugCookie(24771): provider=gemini debugCookieRestore=true reason=background_collection source=external urlCount=7 cookieCount=193
06-30 14:43:45.131 D/StatsLog( 2807): LAUNCHER_WIDGET_RESIZE_COMPLETED
06-30 14:43:45.131 D/AIQuotaBgRefreshService(24771): load provider=gemini start= warmUp=false request=4
06-30 14:43:45.139 D/StatsLog( 2807): LAUNCHER_CLOSE_WIDGET_LONG_PRESS_MENU
06-30 14:43:45.139 D/StatsLog( 2807): LAUNCHER_GOOGLE_SEARCH_RESTORE_LIST_SIZE_AFTER_ACTIVITY_RESTART
06-30 14:43:45.150 I/ImeTracker( 2807): com.google.android.apps.nexuslauncher:ca5b26ad: onRequestHide at ORIGIN_CLIENT reason HIDE_CLOSE_CURRENT_SESSION fromUser false userId 0 displayId 0
06-30 14:43:45.151 D/InsetsController( 2807): hide(ime())
06-30 14:43:45.151 I/ImeTracker( 2807): com.google.android.apps.nexuslauncher:ca5b26ad: onCancelled at PHASE_CLIENT_ALREADY_HIDDEN
06-30 14:43:45.182 D/AIQuotaBgRefreshService(24771): inject provider=gemini url=
06-30 14:43:45.183 D/AIQuotaBgRefreshService(24771): pageFinished provider=gemini url=
06-30 14:43:45.189 I/ImeTracker(  690): com.aiquota.mobile:2895f0f0: onRequestHide at ORIGIN_SERVER reason HIDE_UNSPECIFIED_WINDOW fromUser false userId 0 displayId 0
06-30 14:43:45.195 I/FontLog ( 1317): (REDACTED) Received query %s, URI %s
06-30 14:43:45.195 I/FontLog ( 1317): (REDACTED) Query [%s] resolved to %s
06-30 14:43:45.196 W/skia    (  527): AGTM parsing failed flags.readFromStream(s) at 159
06-30 14:43:45.200 I/FontLog ( 1317): (REDACTED) Fetch %s end status %s
06-30 14:43:45.200 W/InputChannel-JNI(  690): Channel already disposed.
06-30 14:43:45.200 I/GoogleInputMethodService( 3384): GoogleInputMethodService.onFinishInput():2274 
06-30 14:43:45.200 W/System  ( 2807): A resource failed to call release. 
06-30 14:43:45.200 W/System  ( 2807): A resource failed to call release. 
06-30 14:43:45.200 W/System  ( 2807): A resource failed to call release. 
06-30 14:43:45.201 D/InsetsController(24771): hide(ime())
06-30 14:43:45.201 I/ImeTracker(24771): com.aiquota.mobile:2895f0f0: onCancelled at PHASE_CLIENT_ALREADY_HIDDEN
06-30 14:43:45.205 I/ImeTracker(  690): system_server:aa98a311: onRequestHide at ORIGIN_SERVER reason IME_REQUESTED_CHANGED_LISTENER fromUser false displayId 0
06-30 14:43:45.208 I/ImeTracker(  690): system_server:aa98a311: onCancelled at PHASE_SERVER_SHOULD_HIDE
06-30 14:43:45.208 I/FontLog ( 1317): (REDACTED) Pulling font file for id = %d, cache size = %d
06-30 14:43:45.210 I/Module  ( 3384): DeviceLockedStatusModuleProvider$Module.updateDeviceLockedStatusInternal():128 repeatCheckTimes = 0, locked = false
06-30 14:43:45.212 I/GoogleInputMethodService( 3384): GoogleInputMethodService.onStartInput():1459 onStartInput(EditorInfo{EditorInfo{packageName=com.aiquota.mobile, inputType=0, inputTypeString=NULL, enableLearning=false, autoCorrection=false, autoComplete=false, imeOptions=0, privateImeOptions=null, actionName=UNSPECIFIED, actionLabel=null, initialSelStart=-1, initialSelEnd=-1, initialCapsMode=0, label=null, fieldId=0, fieldName=null, extras=null, hintText=null, hintLocales=[]}}, false)
06-30 14:43:45.212 I/LatinIMEBase( 3384): LatinIMEBase.updateInputViewCoverNavigation():317 Update input view padding, isNavbarOverInputWindow=true, bottom inset=63
06-30 14:43:45.212 I/Module  ( 3384): DeviceLockedStatusModuleProvider$Module.updateDeviceLockedStatusInternal():128 repeatCheckTimes = 1, locked = false
06-30 14:43:45.214 W/PackageConfigPersister(  690): App-specific configuration not found for packageName: com.aiquota.mobile and userId: 0
06-30 14:43:45.215 I/FontLog ( 1317): (REDACTED) Pulling font file for id = %d, cache size = %d
06-30 14:43:45.296 W/skia    (  527): AGTM parsing failed flags.readFromStream(s) at 159
06-30 14:43:45.324 I/AIQuotaDebugCookie(24771): provider=gemini debugCookieHeaderRestore=true source=external url=https://gemini.google.com
06-30 14:43:45.506 D/AIQuotaGeminiUsageRpc(24771): geminiUsagePageHtml status=200 payloadBytes=25284
06-30 14:43:45.506 D/AIQuotaNativeUsage(24771): nativeUsage provider=gemini ok=false diagnostic=gemini_usage_page_rpc_params_unavailable statuses=gemini_usage_page_html:200
06-30 14:43:45.508 D/AIQuotaBgRefreshService(24771): collectorError provider=gemini errorKind=gemini_usage_page_rpc_params_unavailable retry=0 url= summary=root=provider|errorKind|message,provider=gemini,collectorMode=none,lineCount=0,hasUsage=false,hasData=false,hasError=true
06-30 14:43:45.508 D/AIQuotaBgRefreshService(24771): outcome provider=gemini type=Failure
06-30 14:43:45.510 W/AIQuotaBgRefreshService(24771): failure provider=gemini kind=COLLECTOR_ERROR message=Background collector failed: gemini_usage_page_rpc_params_unavailable
06-30 14:43:45.529 I/AIQuotaDebugCookie(24771): provider=gemini debugCookieSnapshot=true reason=background_webview_non_auth_failure urlCount=7 cookieCount=7 nativeAuthContextCount=0 nativeAuthHeaderCount=0
06-30 14:43:45.545 I/.aiquota.mobile(24771): Background young concurrent mark compact GC freed 3013KB AllocSpace bytes, 38(1728KB) LOS objects, 40% free, 6003KB/10146KB, paused 1.972ms,6.683ms total 20.861ms
06-30 14:43:45.715 D/BoundBrokerSvc( 1317): onUnbind: Intent { act=com.google.android.gms.common.telemetry.service.START dat=chimera-action:/... xflg=0x4 cmp=com.google.android.gms/.chimera.PersistentApiService }
06-30 14:43:45.774 V/RecentTasksController(  981): Notify recent tasks changed
06-30 14:43:45.774 D/RecentsView( 2807): onTaskRemoved: 508, not handling task stack changes
06-30 14:43:45.774 D/RecentsView( 2807): onTaskRemoved: 508, not handling task stack changes
06-30 14:43:45.775 D/RecentTasksList( 2807): invalidateLoadedTasks - previous requestLoadId: -1
06-30 14:43:45.781 E/hmly    ( 1317): Got more than one input Future failure. Logging failures after the first
06-30 14:43:45.781 E/hmly    ( 1317): java.io.IOException: Unable to create parent directories of /data/user/0/com.google.android.gms/files/mobstore_salt.pb.lock
06-30 14:43:45.781 E/hmly    ( 1317): 	at hhkm.c(:com.google.android.gms@262031038@26.20.31 (260800-919905943):37)
06-30 14:43:45.781 E/hmly    ( 1317): 	at gons.e(:com.google.android.gms@262031038@26.20.31 (260800-919905943):5)
06-30 14:43:45.781 E/hmly    ( 1317): 	at goqk.a(:com.google.android.gms@262031038@26.20.31 (260800-919905943):198)
06-30 14:43:45.781 E/hmly    ( 1317): 	at gomy.d(:com.google.android.gms@262031038@26.20.31 (260800-919905943):5)
06-30 14:43:45.781 E/hmly    ( 1317): 	at gosk.a(:com.google.android.gms@262031038@26.20.31 (260800-919905943):28)
06-30 14:43:45.781 E/hmly    ( 1317): 	at hdmz.a(:com.google.android.gms@262031038@26.20.31 (260800-919905943):17)
06-30 14:43:45.781 E/hmly    ( 1317): 	at hmnp.a(:com.google.android.gms@262031038@26.20.31 (260800-919905943):20)
06-30 14:43:45.781 E/hmly    ( 1317): 	at hmpt.a(:com.google.android.gms@262031038@26.20.31 (260800-919905943):3)
06-30 14:43:45.781 E/hmly    ( 1317): 	at hmou.run(:com.google.android.gms@262031038@26.20.31 (260800-919905943):19)
06-30 14:43:45.781 E/hmly    ( 1317): 	at hmpv.run(:com.google.android.gms@262031038@26.20.31 (260800-919905943):5)
06-30 14:43:45.781 E/hmly    ( 1317): 	at hmnr.run(:com.google.android.gms@262031038@26.20.31 (260800-919905943):20)
06-30 14:43:45.781 E/hmly    ( 1317): 	at java.util.concurrent.ThreadPoolExecutor.runWorker(ThreadPoolExecutor.java:1100)
06-30 14:43:45.781 E/hmly    ( 1317): 	at java.util.concurrent.ThreadPoolExecutor$Worker.run(ThreadPoolExecutor.java:624)
06-30 14:43:45.781 E/hmly    ( 1317): 	at java.lang.Thread.run(Thread.java:1572)
06-30 14:43:45.793 D/VRI[AllInOneCalendarActivity]( 6557): visibilityChanged oldVisibility=true newVisibility=false
06-30 14:43:45.793 E/hmly    ( 1317): Got more than one input Future failure. Logging failures after the first
06-30 14:43:45.793 E/hmly    ( 1317): java.io.IOException: Unable to create parent directories of /data/user/0/com.google.android.gms/files/mobstore_salt.pb.lock
06-30 14:43:45.793 E/hmly    ( 1317): 	at hhkm.c(:com.google.android.gms@262031038@26.20.31 (260800-919905943):37)
06-30 14:43:45.793 E/hmly    ( 1317): 	at gons.e(:com.google.android.gms@262031038@26.20.31 (260800-919905943):5)
06-30 14:43:45.793 E/hmly    ( 1317): 	at goqk.a(:com.google.android.gms@262031038@26.20.31 (260800-919905943):198)
06-30 14:43:45.793 E/hmly    ( 1317): 	at gomy.d(:com.google.android.gms@262031038@26.20.31 (260800-919905943):5)
06-30 14:43:45.793 E/hmly    ( 1317): 	at gosk.a(:com.google.android.gms@262031038@26.20.31 (260800-919905943):28)
06-30 14:43:45.793 E/hmly    ( 1317): 	at hdmz.a(:com.google.android.gms@262031038@26.20.31 (260800-919905943):17)
06-30 14:43:45.793 E/hmly    ( 1317): 	at hmnp.a(:com.google.android.gms@262031038@26.20.31 (260800-919905943):20)
06-30 14:43:45.793 E/hmly    ( 1317): 	at hmpt.a(:com.google.android.gms@262031038@26.20.31 (260800-919905943):3)
06-30 14:43:45.793 E/hmly    ( 1317): 	at hmou.run(:com.google.android.gms@262031038@26.20.31 (260800-919905943):19)
06-30 14:43:45.793 E/hmly    ( 1317): 	at hmpv.run(:com.google.android.gms@262031038@26.20.31 (260800-919905943):5)
06-30 14:43:45.793 E/hmly    ( 1317): 	at hmnr.run(:com.google.android.gms@262031038@26.20.31 (260800-919905943):20)
06-30 14:43:45.793 E/hmly    ( 1317): 	at java.util.concurrent.ThreadPoolExecutor.runWorker(ThreadPoolExecutor.java:1100)
06-30 14:43:45.793 E/hmly    ( 1317): 	at java.util.concurrent.ThreadPoolExecutor$Worker.run(ThreadPoolExecutor.java:624)
06-30 14:43:45.793 E/hmly    ( 1317): 	at java.lang.Thread.run(Thread.java:1572)
06-30 14:43:45.794 W/skia    (  527): AGTM parsing failed flags.readFromStream(s) at 159
06-30 14:43:45.798 E/hmly    ( 1317): Got more than one input Future failure. Logging failures after the first
06-30 14:43:45.798 E/hmly    ( 1317): java.io.IOException: Unable to create parent directories of /data/user/0/com.google.android.gms/files/mobstore_salt.pb.lock
06-30 14:43:45.798 E/hmly    ( 1317): 	at hhkm.c(:com.google.android.gms@262031038@26.20.31 (260800-919905943):37)
06-30 14:43:45.798 E/hmly    ( 1317): 	at gons.e(:com.google.android.gms@262031038@26.20.31 (260800-919905943):5)
06-30 14:43:45.798 E/hmly    ( 1317): 	at goqk.a(:com.google.android.gms@262031038@26.20.31 (260800-919905943):198)
06-30 14:43:45.798 E/hmly    ( 1317): 	at gomy.d(:com.google.android.gms@262031038@26.20.31 (260800-919905943):5)
06-30 14:43:45.798 E/hmly    ( 1317): 	at gosk.a(:com.google.android.gms@262031038@26.20.31 (260800-919905943):28)
06-30 14:43:45.798 E/hmly    ( 1317): 	at hdmz.a(:com.google.android.gms@262031038@26.20.31 (260800-919905943):17)
06-30 14:43:45.798 E/hmly    ( 1317): 	at hmnp.a(:com.google.android.gms@262031038@26.20.31 (260800-919905943):20)
06-30 14:43:45.798 E/hmly    ( 1317): 	at hmpt.a(:com.google.android.gms@262031038@26.20.31 (260800-919905943):3)
06-30 14:43:45.798 E/hmly    ( 1317): 	at hmou.run(:com.google.android.gms@262031038@26.20.31 (260800-919905943):19)
06-30 14:43:45.798 E/hmly    ( 1317): 	at hmpv.run(:com.google.android.gms@262031038@26.20.31 (260800-919905943):5)
06-30 14:43:45.798 E/hmly    ( 1317): 	at hmnr.run(:com.google.android.gms@262031038@26.20.31 (260800-919905943):20)
06-30 14:43:45.798 E/hmly    ( 1317): 	at java.util.concurrent.ThreadPoolExecutor.runWorker(ThreadPoolExecutor.java:1100)
06-30 14:43:45.798 E/hmly    ( 1317): 	at java.util.concurrent.ThreadPoolExecutor$Worker.run(ThreadPoolExecutor.java:624)
06-30 14:43:45.798 E/hmly    ( 1317): 	at java.lang.Thread.run(Thread.java:1572)
06-30 14:43:45.863 I/Choreographer( 6557): Skipped 143 frames!  The application may be doing too much work on its main thread.
06-30 14:43:45.869 V/GrammaticalInflectionUtils(  690): AttributionSource: android.content.AttributionSource@799b62e1 does not have READ_SYSTEM_GRAMMATICAL_GENDER permission.
06-30 14:43:45.875 D/Zygote  (  460): Forked child process 25149
06-30 14:43:45.877 I/ActivityManager(  690): Start proc 25149:com.google.android.googlequicksearchbox:search/u0a158 for broadcast {com.google.android.googlequicksearchbox/com.google.android.libraries.calendar.appsearch.clients.broadcast.CalendarUpdatedAppSearchBroadcastReceiver}
06-30 14:43:45.879 I/libprocessgroup(25149): Created cgroup /sys/fs/cgroup/apps/uid_10158/pid_25149
06-30 14:43:45.889 I/Zygote  (25149): Process 25149 created for com.google.android.googlequicksearchbox:search
06-30 14:43:45.890 I/earchbox:search(25149): Using generational CollectorTypeCMC GC.
06-30 14:43:45.890 W/earchbox:search(25149): Unexpected CPU variant for x86: x86_64.
06-30 14:43:45.890 W/earchbox:search(25149): Known variants: atom, sandybridge, silvermont, goldmont, goldmont-plus, goldmont-without-sha-xsaves, tremont, kabylake, alderlake, pantherlake, default
06-30 14:43:45.894 W/skia    (  527): AGTM parsing failed flags.readFromStream(s) at 159
06-30 14:43:45.901 D/nativeloader(25149): Load libframework-connectivity-tiramisu-jni.so using APEX ns com_android_tethering for caller /apex/com.android.tethering/javalib/framework-connectivity-t.jar: ok
06-30 14:43:45.902 W/JobScheduler(  690): Job didn't exist in JobStore: 275d39b {androidx.work.systemjobscheduler} #u0a160/34 #AppSearchWorker#@androidx.work.systemjobscheduler@com.google.android.calendar/androidx.work.impl.background.systemjob.SystemJobService
06-30 14:43:45.950 D/ApplicationLoaders(25149): Returning zygote-cached class loader: /system/framework/org.apache.http.legacy.jar
06-30 14:43:45.950 D/ApplicationLoaders(25149): Returning zygote-cached class loader: /system_ext/framework/androidx.window.extensions.jar
06-30 14:43:45.950 D/ApplicationLoaders(25149): Returning zygote-cached class loader: /system_ext/framework/androidx.window.sidecar.jar
06-30 14:43:45.952 W/earchbox:search(25149): Failed to find entry 'classes.dex': Entry not found
06-30 14:43:45.957 D/nativeloader(25149): Configuring clns-9 for other apk /data/app/~~K8DIYcctJ41Pva4S0BT7jA==/com.google.android.googlequicksearchbox-OEkwi5J2y9PiBTuES4i25w==/Velvet.apk:/data/app/~~K8DIYcctJ41Pva4S0BT7jA==/com.google.android.googlequicksearchbox-OEkwi5J2y9PiBTuES4i25w==/split_lens_ondevice_engine_play_ml_module.apk. target_sdk_version=36, uses_libraries=, library_path=/data/app/~~K8DIYcctJ41Pva4S0BT7jA==/com.google.android.googlequicksearchbox-OEkwi5J2y9PiBTuES4i25w==/lib/x86_64:/data/app/~~K8DIYcctJ41Pva4S0BT7jA==/com.google.android.googlequicksearchbox-OEkwi5J2y9PiBTuES4i25w==/Velvet.apk!/lib/x86_64:/data/app/~~K8DIYcctJ41Pva4S0BT7jA==/com.google.android.googlequicksearchbox-OEkwi5J2y9PiBTuES4i25w==/split_lens_ondevice_engine_play_ml_module.apk!/lib/x86_64, permitted_path=/data:/mnt/expand:/data/user/0/com.google.android.googlequicksearchbox
06-30 14:43:45.978 W/ApplicationInfo(  690): Large ApplicationInfo parcel: size=18260 package=com.google.android.googlequicksearchbox splits=1 sharedLibs=3 resDirs=2 overlayPaths=2
06-30 14:43:45.979 V/GraphicsEnvironment(25149): Currently set values for:
06-30 14:43:45.979 V/GraphicsEnvironment(25149):   angle_gl_driver_selection_pkgs=[]
06-30 14:43:45.979 V/GraphicsEnvironment(25149):   angle_gl_driver_selection_values=[]
06-30 14:43:45.979 V/GraphicsEnvironment(25149): com.google.android.googlequicksearchbox is not listed in per-application setting
06-30 14:43:45.979 V/GraphicsEnvironment(25149): No special selections for ANGLE, returning default driver choice
06-30 14:43:45.980 V/GraphicsEnvironment(25149): Neither updatable production driver nor prerelease driver is supported.
06-30 14:43:45.996 W/skia    (  527): AGTM parsing failed flags.readFromStream(s) at 159
06-30 14:43:46.018 W/ApplicationInfo(  690): Large ApplicationInfo parcel: size=18260 package=com.google.android.googlequicksearchbox splits=1 sharedLibs=3 resDirs=2 overlayPaths=2
06-30 14:43:46.023 D/ProcessLifecycleG3(25149): androidx.startup is not available, initializing using ProcessLifecycleOwnerInitializer instead.
06-30 14:43:46.097 W/skia    (  527): AGTM parsing failed flags.readFromStream(s) at 159
06-30 14:43:46.133 D/nativeloader(25149): Load /data/app/~~K8DIYcctJ41Pva4S0BT7jA==/com.google.android.googlequicksearchbox-OEkwi5J2y9PiBTuES4i25w==/Velvet.apk!/lib/x86_64/libnative_crash_handler_jni.so using class loader ns clns-9 (caller=/data/app/~~K8DIYcctJ41Pva4S0BT7jA==/com.google.android.googlequicksearchbox-OEkwi5J2y9PiBTuES4i25w==/Velvet.apk!classes2.dex): ok
06-30 14:43:46.154 I/drbx    (25149): Scheduling one-off OpaEnabledBroadcastWorker in 30 seconds
06-30 14:43:46.168 I/eitg    (25149): SslGuard completed installation.
06-30 14:43:46.171 D/nativeloader(25149): Load /data/app/~~K8DIYcctJ41Pva4S0BT7jA==/com.google.android.googlequicksearchbox-OEkwi5J2y9PiBTuES4i25w==/Velvet.apk!/lib/x86_64/libdatastore_shared_counter.so using class loader ns clns-9 (caller=/data/app/~~K8DIYcctJ41Pva4S0BT7jA==/com.google.android.googlequicksearchbox-OEkwi5J2y9PiBTuES4i25w==/Velvet.apk): ok
06-30 14:43:46.180 I/dlhj    (25149): (REDACTED) Gemini app was installed: %s
06-30 14:43:46.203 I/cvgn    (25149): Initializing GMS Compliance Client Library...
06-30 14:43:46.204 I/cvgn    (25149): Checking for device compliance...
06-30 14:43:46.204 W/CacheStorage(25149): cache doesn't exist
06-30 14:43:46.205 I/cvgn    (25149): Completed library init.
06-30 14:43:46.207 W/ApplicationInfo(  690): Large ApplicationInfo parcel: size=18260 package=com.google.android.googlequicksearchbox splits=1 sharedLibs=3 resDirs=2 overlayPaths=2
06-30 14:43:46.208 W/skia    (  527): AGTM parsing failed flags.readFromStream(s) at 159
06-30 14:43:46.228 W/CacheStorage(25149): cache doesn't exist
06-30 14:43:46.266 D/nativeloader(25149): Load /data/app/~~K8DIYcctJ41Pva4S0BT7jA==/com.google.android.googlequicksearchbox-OEkwi5J2y9PiBTuES4i25w==/Velvet.apk!/lib/x86_64/libmappedcountercacheversionjni.so using class loader ns clns-9 (caller=/data/app/~~K8DIYcctJ41Pva4S0BT7jA==/com.google.android.googlequicksearchbox-OEkwi5J2y9PiBTuES4i25w==/Velvet.apk!classes2.dex): ok
06-30 14:43:46.297 I/cvgn    (25149): (REDACTED) Device Compliance Fetch time taken = %sms
06-30 14:43:46.298 I/cvgn    (25149): Device is compliant!
06-30 14:43:46.298 I/cvgn    (25149): Invoking "compliant" action...
06-30 14:43:46.307 W/blhv    (25149): No value provided for the places model index flag.
06-30 14:43:46.308 W/blhv    (25149): No value provided for the places model index flag.
06-30 14:43:46.310 W/skia    (  527): AGTM parsing failed flags.readFromStream(s) at 159
06-30 14:43:46.338 I/upp     (25149): load shared preferences: file not found
06-30 14:43:46.346 D/BoundBrokerSvc(20906): onRebind: Intent { act=com.google.android.gms.onboardingconsent.api.ConsentManagerApiService.START dat=chimera-action:/... xflg=0x4 cmp=com.google.android.gms/.chimera.GmsApiService }
06-30 14:43:46.348 D/BoundBrokerSvc(20906): onBind: Intent { act=com.google.android.gms.audit.service.START xflg=0x4 pkg=com.google.android.gms }
06-30 14:43:46.348 D/BoundBrokerSvc(20906): Loading bound service for intent: Intent { act=com.google.android.gms.audit.service.START xflg=0x4 pkg=com.google.android.gms }
06-30 14:43:46.350 I/ConsentManagerApiServic(20906): (REDACTED) ConsentManagerApiService onGetService success %s
06-30 14:43:46.364 W/blhv    (25149): No value provided for the places model index flag.
06-30 14:43:46.365 W/blhv    (25149): No value provided for the places model index flag.
06-30 14:43:46.372 I/eody    (25149): Validating WorkManager process
06-30 14:43:46.374 I/eody    (25149): (REDACTED) Processes: %s, %s, %s, %s
06-30 14:43:46.380 D/WM-PackageManagerHelper(25149): Skipping component enablement for androidx.work.impl.background.systemjob.SystemJobService
06-30 14:43:46.380 D/WM-Schedulers(25149): Created SystemJobScheduler and enabled SystemJobService
06-30 14:43:46.382 D/WM-ForceStopRunnable(25149): Is default app process = true
06-30 14:43:46.382 D/WM-ForceStopRunnable(25149): Performing cleanup operations.
06-30 14:43:46.392 W/blhv    (25149): No value provided for the places model index flag.
06-30 14:43:46.393 D/WM-SystemJobScheduler(25149): Reconciling jobs
06-30 14:43:46.411 W/skia    (  527): AGTM parsing failed flags.readFromStream(s) at 159
06-30 14:43:46.414 D/WM-ForceStopRunnable(25149): Found unfinished work, scheduling it.
06-30 14:43:46.431 W/JobInfo (25149): Requested important-while-foreground flag for job2498 is ignored and takes no effect
06-30 14:43:46.431 D/WM-SystemJobScheduler(25149): Scheduling work ID 88866757-861c-4524-aad7-58c9f446d9ccJob ID 2498
06-30 14:43:46.434 W/JobInfo (25149): Requested important-while-foreground flag for job2499 is ignored and takes no effect
06-30 14:43:46.435 D/WM-SystemJobScheduler(25149): Scheduling work ID 2efd4f79-1e6e-4d15-82b8-ce2eda56d698Job ID 2499
06-30 14:43:46.438 W/JobInfo (25149): Requested important-while-foreground flag for job2500 is ignored and takes no effect
06-30 14:43:46.438 D/WM-SystemJobScheduler(25149): Scheduling work ID 08f89ed1-4e53-4aa1-acac-f8583afbdc86Job ID 2500
06-30 14:43:46.440 W/JobInfo (25149): Requested important-while-foreground flag for job5 is ignored and takes no effect
06-30 14:43:46.440 D/WM-SystemJobScheduler(25149): Scheduling work ID f1085356-6eed-4823-9ffa-c7e9644b690fJob ID 5
06-30 14:43:46.442 W/JobInfo (25149): Requested important-while-foreground flag for job2488 is ignored and takes no effect
06-30 14:43:46.442 D/WM-SystemJobScheduler(25149): Scheduling work ID b81d43e3-0618-4683-a499-026773643722Job ID 2488
06-30 14:43:46.446 W/JobInfo (25149): Requested important-while-foreground flag for job2491 is ignored and takes no effect
06-30 14:43:46.446 D/WM-SystemJobScheduler(25149): Scheduling work ID cc4d24cc-cec2-4ef5-b5c0-fe37b3d3ec98Job ID 2491
06-30 14:43:46.447 W/JobInfo (25149): Requested important-while-foreground flag for job2490 is ignored and takes no effect
06-30 14:43:46.448 D/WM-SystemJobScheduler(25149): Scheduling work ID 7bfeb665-cc1e-4e18-b06b-a3ac6266bc94Job ID 2490
06-30 14:43:46.453 D/WM-SystemJobScheduler(25149): Scheduling work ID 5c18d491-4b68-456f-8307-4340ed1ee481Job ID 2486
06-30 14:43:46.464 D/WM-SystemJobScheduler(25149): Scheduling work ID 634629d6-c852-4aea-add3-692dc8b93dbaJob ID 2485
06-30 14:43:46.472 D/WM-SystemJobScheduler(25149): Scheduling work ID 433f223f-e471-4411-a40c-93bf6a5f319aJob ID 2489
06-30 14:43:46.479 D/WM-SystemJobScheduler(25149): Scheduling work ID c63454db-0060-482e-a3fc-031a137d5d7fJob ID 2221
06-30 14:43:46.491 D/WM-SystemJobScheduler(25149): Scheduling work ID f79a7028-b964-48cb-9a56-8ac92fa0904fJob ID 2218
06-30 14:43:46.499 D/WM-SystemJobScheduler(25149): Scheduling work ID 4772c941-be11-4a21-bd71-94c26bd46763Job ID 2222
06-30 14:43:46.506 D/WM-SystemJobScheduler(25149): Scheduling work ID b7a35c98-b377-4e2a-9d8b-19230aa320f2Job ID 2474
06-30 14:43:46.512 D/WM-SystemJobScheduler(25149): Scheduling work ID 5f9477c9-2e71-4f8a-ac3c-5a21b6aaebe4Job ID 2441
06-30 14:43:46.519 I/AdbWifiNetworkMonitor(  690): Wi-Fi network available
06-30 14:43:46.520 I/AdbWifiNetworkMonitor(  690): Received the same Wi-Fi SSID. Ignoring.
06-30 14:43:46.521 I/HalDevMgr(  690): bestIfaceCreationProposal is null, requestIface=STA, existingIface=[name=wlan0 type=STA]
06-30 14:43:46.523 I/NullBinder( 1317): NullBinder for android.net.action.RECOMMEND_NETWORKS triggering remote TransactionTooLargeException due to Service without Chimera impl, calling uid: 1000, calling pid: 0
06-30 14:43:46.523 D/WM-WorkConstraintsTrack( 2923): NetworkRequestConstraintController onCapabilitiesChanged callback
06-30 14:43:46.524 W/libbinder.Binder( 1317): Large reply transaction of 1056768 bytes, interface descriptor , function: UNKNOWN_FUNCTION_NAME, code: 1, flags: 17
06-30 14:43:46.524 I/BugleRcsEngine( 3867): Connected state: [1], networkType: [WIFI] [CONTEXT thread_id=65 ]
06-30 14:43:46.524 D/WM-SystemJobScheduler(25149): Scheduling work ID ed448030-ef16-423c-8c5b-8e8ac90fe9eaJob ID 2481
06-30 14:43:46.526 I/BugleRcsEngine( 3867): handleMessage processing message:[NOTIFY_UPTIME_IGNORE_STATE_CHANGED] with [non-null]:RcsEngineImpl reference [CONTEXT log_prefix="RcsEngineImpl[DUAL_REG]:[390448b9-d26f]>Handler" thread_id=69 ]
06-30 14:43:46.526 W/libbinder.IPCThreadState(  690): Sending oneway calls to frozen process.
06-30 14:43:46.528 W/libbinder.IPCThreadState(  690): Sending oneway calls to frozen process.
06-30 14:43:46.529 W/libbinder.IPCThreadState(  690): Sending oneway calls to frozen process.
06-30 14:43:46.536 W/libbinder.IPCThreadState(  690): Sending oneway calls to frozen process.
06-30 14:43:46.537 W/libbinder.IPCThreadState(  690): Sending oneway calls to frozen process.
06-30 14:43:46.546 D/IpClient/wlan0( 1083): interfaceLinkStateChanged: ifindex 16 up
06-30 14:43:46.547 D/ConnectivityService(  690): NetReassign [no changes] [c 0] [a 4] [i 4]
06-30 14:43:46.547 D/WM-WorkConstraintsTrack( 3977): NetworkRequestConstraintController onCapabilitiesChanged callback
06-30 14:43:46.555 D/ActivityManager(  690): sync unfroze 3977 com.google.android.apps.messaging for 7
06-30 14:43:46.565 I/NearbyMediums( 1317): Wifi changed new SSID: "AndroidWifi"
06-30 14:43:46.565 I/NearbyMediums( 1317): WifiLanConnectivityInfo is not changed, skip notify.
06-30 14:43:46.563 D/IpClient/wlan0( 1083): interfaceLinkStateChanged: ifindex 16 up
06-30 14:43:46.588 I/CPController(25149): register the profile change listener
06-30 14:43:46.600 D/WM-SystemJobScheduler(25149): Scheduling work ID 0ca670a5-03b5-4b02-a5e2-cdd71134c94fJob ID 2482
06-30 14:43:46.612 I/BugleRcsEngine( 3867): No RCS Configuration was found in Bugle for simID: redacted-pii:sim_id[chars:20,last3:897] [CONTEXT log_prefix="ProvisioningEngineDataRetriever" thread_id=69 ]
06-30 14:43:46.612 W/ApplicationInfo(  690): Large ApplicationInfo parcel: size=18260 package=com.google.android.googlequicksearchbox splits=1 sharedLibs=3 resDirs=2 overlayPaths=2
06-30 14:43:46.612 W/ApplicationInfo(  690): Large ApplicationInfo parcel: size=18260 package=com.google.android.googlequicksearchbox splits=1 sharedLibs=3 resDirs=2 overlayPaths=2
06-30 14:43:46.612 W/ApplicationInfo(  690): Large ApplicationInfo parcel: size=18260 package=com.google.android.googlequicksearchbox splits=1 sharedLibs=3 resDirs=2 overlayPaths=2
06-30 14:43:46.612 W/ApplicationInfo(  690): Large ApplicationInfo parcel: size=18260 package=com.google.android.googlequicksearchbox splits=1 sharedLibs=3 resDirs=2 overlayPaths=2
06-30 14:43:46.614 I/cpsa    (25149): (REDACTED) remove request for trigger key: %s, isClientInitiated: %s
06-30 14:43:46.617 W/cprs    (25149): (REDACTED) No expiration policy for request: %s from client: %s
06-30 14:43:46.625 D/WM-SystemJobScheduler(25149): Scheduling work ID f4d7fba5-3e04-45f7-bf44-e4c5559693eeJob ID 2483
06-30 14:43:46.625 W/cprs    (25149): (REDACTED) No expiration policy for request: %s from client: %s
06-30 14:43:46.634 I/bmgk    (25149): CTF Update success.
06-30 14:43:46.636 I/bkpi    (25149): (REDACTED) Updating user context. Event: %s
06-30 14:43:46.639 D/WM-SystemJobScheduler(25149): Scheduling work ID 69bc9e8b-c0e9-47ee-805b-529677b1ffcbJob ID 2501
06-30 14:43:46.654 D/BoundBrokerSvc(20906): onBind: Intent { act=com.google.android.gms.wallet.service.BIND xflg=0x4 pkg=com.google.android.gms }
06-30 14:43:46.654 D/BoundBrokerSvc(20906): Loading bound service for intent: Intent { act=com.google.android.gms.wallet.service.BIND xflg=0x4 pkg=com.google.android.gms }
06-30 14:43:46.655 D/WM-GreedyScheduler(25149): Starting tracking for 7bfeb665-cc1e-4e18-b06b-a3ac6266bc94,08f89ed1-4e53-4aa1-acac-f8583afbdc86,b81d43e3-0618-4683-a499-026773643722,2efd4f79-1e6e-4d15-82b8-ce2eda56d698,f1085356-6eed-4823-9ffa-c7e9644b690f,88866757-861c-4524-aad7-58c9f446d9cc,cc4d24cc-cec2-4ef5-b5c0-fe37b3d3ec98
06-30 14:43:46.661 D/BoundBrokerSvc(20906): onBind: Intent { act=com.google.android.gms.pay.service.BIND dat=chimera-action:/... xflg=0x4 cmp=com.google.android.gms/.chimera.GmsApiService }
06-30 14:43:46.661 D/BoundBrokerSvc(20906): Loading bound service for intent: Intent { act=com.google.android.gms.pay.service.BIND dat=chimera-action:/... xflg=0x4 cmp=com.google.android.gms/.chimera.GmsApiService }
06-30 14:43:46.681 D/WM-ConstraintTracker(25149): onz: initial state = false
06-30 14:43:46.681 D/WM-BrdcstRcvrCnstrntTrc(25149): onz: registering receiver
06-30 14:43:46.690 D/WM-WorkConstraintsTrack(25149): NetworkRequestConstraintController register shared callback
06-30 14:43:46.694 I/Icing   (20906): IndexChimeraService.getServiceInterface callingPackage=com.google.android.googlequicksearchbox componentName=AMBIENT_ASSISTANT serviceId=32
06-30 14:43:46.711 I/SS3PSurfacesSuggestAggr(25149): Neither TNG Smartspace widget nor OEM is enabled.
06-30 14:43:46.711 I/BcSsSuggestionAgg(25149): TNG Bluechip smartspace not enabled.
06-30 14:43:46.712 W/bkmi    (25149): Triggering event does not contain a headphone connection.
06-30 14:43:46.712 D/ConnectivityService(  690): requestNetwork for uid/pid:10158/25149 activeRequest: null callbackRequest: 1870 [NetworkRequest [ REQUEST id=1871, [ Capabilities: INTERNET&NOT_RESTRICTED&TRUSTED&NOT_VCN_MANAGED&NOT_BANDWIDTH_CONSTRAINED Uid: 10158 RequestorUid: 10158 RequestorPkg: com.google.android.googlequicksearchbox UnderlyingNetworks: Null] ]] callback flags: 0 order: 2147483647 isUidTracked: false declaredMethods: AVAIL|LOST|NC|BLK
06-30 14:43:46.715 D/BoundBrokerSvc(20906): onBind: Intent { act=com.google.android.gms.feedback.internal.IFeedbackService dat=chimera-action:/... xflg=0x4 cmp=com.google.android.gms/.chimera.GmsBoundBrokerService }
06-30 14:43:46.715 D/BoundBrokerSvc(20906): Loading bound service for intent: Intent { act=com.google.android.gms.feedback.internal.IFeedbackService dat=chimera-action:/... xflg=0x4 cmp=com.google.android.gms/.chimera.GmsBoundBrokerService }
06-30 14:43:46.722 D/WM-PackageManagerHelper(25149): Skipping component enablement for androidx.work.impl.background.systemalarm.RescheduleReceiver
06-30 14:43:46.722 D/WifiNetworkFactory(  690): got request NetworkRequest [ REQUEST id=1871, [ Capabilities: INTERNET&NOT_RESTRICTED&TRUSTED&NOT_VCN_MANAGED&NOT_BANDWIDTH_CONSTRAINED Uid: 10158 RequestorUid: 10158 RequestorPkg: com.google.android.googlequicksearchbox UnderlyingNetworks: Null] ]
06-30 14:43:46.723 D/ConnectivityService(  690): NetReassign [1871 : null → 100] [c 4] [a 2] [i 2]
06-30 14:43:46.725 D/WM-GreedyScheduler(25149): Constraints not met: Cancelling work ID WorkGenerationalId(workSpecId=f1085356-6eed-4823-9ffa-c7e9644b690f, generation=0)
06-30 14:43:46.725 D/WM-GreedyScheduler(25149): Constraints not met: Cancelling work ID WorkGenerationalId(workSpecId=cc4d24cc-cec2-4ef5-b5c0-fe37b3d3ec98, generation=136)
06-30 14:43:46.725 D/WM-GreedyScheduler(25149): Constraints not met: Cancelling work ID WorkGenerationalId(workSpecId=88866757-861c-4524-aad7-58c9f446d9cc, generation=167)
06-30 14:43:46.726 D/UntrustedWifiNetworkFactory(  690): got request NetworkRequest [ REQUEST id=1871, [ Capabilities: INTERNET&NOT_RESTRICTED&TRUSTED&NOT_VCN_MANAGED&NOT_BANDWIDTH_CONSTRAINED Uid: 10158 RequestorUid: 10158 RequestorPkg: com.google.android.googlequicksearchbox UnderlyingNetworks: Null] ]
06-30 14:43:46.726 D/OemPaidWifiNetworkFactory(  690): got request NetworkRequest [ REQUEST id=1871, [ Capabilities: INTERNET&NOT_RESTRICTED&TRUSTED&NOT_VCN_MANAGED&NOT_BANDWIDTH_CONSTRAINED Uid: 10158 RequestorUid: 10158 RequestorPkg: com.google.android.googlequicksearchbox UnderlyingNetworks: Null] ]
06-30 14:43:46.726 D/MultiInternetWifiNetworkFactory(  690): got request NetworkRequest [ REQUEST id=1871, [ Capabilities: INTERNET&NOT_RESTRICTED&TRUSTED&NOT_VCN_MANAGED&NOT_BANDWIDTH_CONSTRAINED Uid: 10158 RequestorUid: 10158 RequestorPkg: com.google.android.googlequicksearchbox UnderlyingNetworks: Null] ]
06-30 14:43:46.729 D/WM-WorkConstraintsTrack(25149): NetworkRequestConstraintController onCapabilitiesChanged callback
06-30 14:43:46.729 D/WM-WorkConstraintsTrack(25149): Not dispatching constraint state yet: isBlocked=null, capabilitiesInitialized=true
06-30 14:43:46.729 D/WM-WorkConstraintsTrack(25149): NetworkRequestConstraintController onBlockedStatusChanged callback false
06-30 14:43:46.731 I/Icing   (20906): IndexChimeraService.getServiceInterface callingPackage=com.google.android.gms componentName=null serviceId=30
06-30 14:43:46.733 D/WM-GreedyScheduler(25149): Constraints not met: Cancelling work ID WorkGenerationalId(workSpecId=08f89ed1-4e53-4aa1-acac-f8583afbdc86, generation=332)
06-30 14:43:46.733 D/WM-GreedyScheduler(25149): Constraints not met: Cancelling work ID WorkGenerationalId(workSpecId=2efd4f79-1e6e-4d15-82b8-ce2eda56d698, generation=167)
06-30 14:43:46.733 D/WM-GreedyScheduler(25149): Constraints not met: Cancelling work ID WorkGenerationalId(workSpecId=b81d43e3-0618-4683-a499-026773643722, generation=272)
06-30 14:43:46.733 D/WM-GreedyScheduler(25149): Constraints not met: Cancelling work ID WorkGenerationalId(workSpecId=7bfeb665-cc1e-4e18-b06b-a3ac6266bc94, generation=136)
06-30 14:43:46.750 I/Icing   (20906): Usage reports ok 2, Failed Usage reports 0, indexed 0, rejected 0
06-30 14:43:46.760 D/AppWidgetServiceImpl(  690): Trying to notify widget update for package com.aiquota.mobile with widget id: 22
06-30 14:43:46.764 I/Icing   (20906): Usage reports ok 0, Failed Usage reports 0, indexed 0, rejected 0
06-30 14:43:46.769 W/ActivityManager(  690): Skipping manifest association check for null package. SourceUid: 10203, SourcePkg: null, TargetUid: 10203, TargetPkg: com.google.android.gms
06-30 14:43:46.778 W/JobInfo (24771): Requested important-while-foreground flag for job27 is ignored and takes no effect
06-30 14:43:46.788 D/AppWidgetServiceImpl(  690): Trying to notify widget update for package com.aiquota.mobile with widget id: 24
06-30 14:43:46.790 D/AppWidgetServiceImpl(  690): Trying to notify widget update for package com.aiquota.mobile with widget id: 20
06-30 14:43:46.793 D/AppWidgetServiceImpl(  690): Trying to notify widget update for package com.aiquota.mobile with widget id: 21
06-30 14:43:46.923 W/skia    (  527): AGTM parsing failed flags.readFromStream(s) at 159
06-30 14:43:46.948 W/AiAiEcho( 1592): LyftNotificationParser Ridesharing ETA not enabled
06-30 14:43:46.948 I/AiAiEcho( 1592): SmartspaceNotificationPredictor no parser can handle this notification or notification is invalid
06-30 14:43:46.998 I/wpa_supplicant(  961): wlan0: CTRL-EVENT-BEACON-LOSS 
06-30 14:43:47.025 W/skia    (  527): AGTM parsing failed flags.readFromStream(s) at 159
06-30 14:43:47.028 I/NearbySharing( 1317): Network state changed: NetworkState(isRestricted=false, isOnline=true, isCongested=false, isMetered=false, isWifiConnected=true)
06-30 14:43:47.063 D/AppWidgetServiceImpl(  690): Trying to notify widget update for package com.aiquota.mobile with widget id: 17
06-30 14:43:47.082 D/android.hardware.audio@7.1-impl.ranchu(  471): threadLoop: entering standby, frames: 4405312
06-30 14:43:47.082 D/android.hardware.audio@7.1-impl.ranchu(  471): ~TinyalsaSink: joining consumeThread
06-30 14:43:47.082 D/android.hardware.audio@7.1-impl.ranchu(  471): consumeThread: exiting
06-30 14:43:47.082 D/android.hardware.audio@7.1-impl.ranchu(  471): ~TinyalsaSink: stopping PCM stream
06-30 14:43:47.111 I/system_server(  690): Background young concurrent mark compact GC freed 19MB AllocSpace bytes, 14(432KB) LOS objects, 32% free, 44MB/65MB, paused 1.884ms,28.188ms total 50.039ms
06-30 14:43:47.127 W/skia    (  527): AGTM parsing failed flags.readFromStream(s) at 159
06-30 14:43:47.228 W/skia    (  527): AGTM parsing failed flags.readFromStream(s) at 159
06-30 14:43:47.329 W/skia    (  527): AGTM parsing failed flags.readFromStream(s) at 159
06-30 14:43:47.430 W/skia    (  527): AGTM parsing failed flags.readFromStream(s) at 159
06-30 14:43:47.531 W/skia    (  527): AGTM parsing failed flags.readFromStream(s) at 159
06-30 14:43:47.557 E/TaskPersister(  690): File error accessing recents directory (directory doesn't exist?).
06-30 14:43:47.639 W/skia    (  527): AGTM parsing failed flags.readFromStream(s) at 159
06-30 14:43:47.857 E/hmly    ( 1317): Got more than one input Future failure. Logging failures after the first
06-30 14:43:47.857 E/hmly    ( 1317): java.io.IOException: Unable to create parent directories of /data/user/0/com.google.android.gms/files/mobstore_salt.pb.lock
06-30 14:43:47.857 E/hmly    ( 1317): 	at hhkm.c(:com.google.android.gms@262031038@26.20.31 (260800-919905943):37)
06-30 14:43:47.857 E/hmly    ( 1317): 	at gons.e(:com.google.android.gms@262031038@26.20.31 (260800-919905943):5)
06-30 14:43:47.857 E/hmly    ( 1317): 	at goqk.a(:com.google.android.gms@262031038@26.20.31 (260800-919905943):198)
06-30 14:43:47.857 E/hmly    ( 1317): 	at gomy.d(:com.google.android.gms@262031038@26.20.31 (260800-919905943):5)
06-30 14:43:47.857 E/hmly    ( 1317): 	at gosk.a(:com.google.android.gms@262031038@26.20.31 (260800-919905943):28)
06-30 14:43:47.857 E/hmly    ( 1317): 	at hdmz.a(:com.google.android.gms@262031038@26.20.31 (260800-919905943):17)
06-30 14:43:47.857 E/hmly    ( 1317): 	at hmnp.a(:com.google.android.gms@262031038@26.20.31 (260800-919905943):20)
06-30 14:43:47.857 E/hmly    ( 1317): 	at hmpt.a(:com.google.android.gms@262031038@26.20.31 (260800-919905943):3)
06-30 14:43:47.857 E/hmly    ( 1317): 	at hmou.run(:com.google.android.gms@262031038@26.20.31 (260800-919905943):19)
06-30 14:43:47.857 E/hmly    ( 1317): 	at hmpv.run(:com.google.android.gms@262031038@26.20.31 (260800-919905943):5)
06-30 14:43:47.857 E/hmly    ( 1317): 	at hmnr.run(:com.google.android.gms@262031038@26.20.31 (260800-919905943):20)
06-30 14:43:47.857 E/hmly    ( 1317): 	at java.util.concurrent.ThreadPoolExecutor.runWorker(ThreadPoolExecutor.java:1100)
06-30 14:43:47.857 E/hmly    ( 1317): 	at java.util.concurrent.ThreadPoolExecutor$Worker.run(ThreadPoolExecutor.java:624)
06-30 14:43:47.857 E/hmly    ( 1317): 	at java.lang.Thread.run(Thread.java:1572)
06-30 14:43:48.657 W/skia    (  527): AGTM parsing failed flags.readFromStream(s) at 159
06-30 14:43:48.758 W/skia    (  527): AGTM parsing failed flags.readFromStream(s) at 159
06-30 14:43:48.860 W/skia    (  527): AGTM parsing failed flags.readFromStream(s) at 159
06-30 14:43:48.963 W/skia    (  527): AGTM parsing failed flags.readFromStream(s) at 159
06-30 14:43:49.064 W/skia    (  527): AGTM parsing failed flags.readFromStream(s) at 159
06-30 14:43:49.528 I/AdbWifiNetworkMonitor(  690): Wi-Fi network available
06-30 14:43:49.528 I/AdbWifiNetworkMonitor(  690): Received the same Wi-Fi SSID. Ignoring.
06-30 14:43:49.529 I/HalDevMgr(  690): bestIfaceCreationProposal is null, requestIface=STA, existingIface=[name=wlan0 type=STA]
06-30 14:43:49.531 D/WM-WorkConstraintsTrack( 2923): NetworkRequestConstraintController onCapabilitiesChanged callback
06-30 14:43:49.534 W/libbinder.IPCThreadState(  690): Sending oneway calls to frozen process.
06-30 14:43:49.534 W/libbinder.IPCThreadState(  690): Sending oneway calls to frozen process.
06-30 14:43:49.534 D/WM-WorkConstraintsTrack( 3977): NetworkRequestConstraintController onCapabilitiesChanged callback
06-30 14:43:49.535 I/NullBinder( 1317): NullBinder for android.net.action.RECOMMEND_NETWORKS triggering remote TransactionTooLargeException due to Service without Chimera impl, calling uid: 1000, calling pid: 0
06-30 14:43:49.535 W/libbinder.Binder( 1317): Large reply transaction of 1056768 bytes, interface descriptor , function: UNKNOWN_FUNCTION_NAME, code: 1, flags: 17
06-30 14:43:49.536 I/BugleRcsEngine( 3867): handleMessage processing message:[NOTIFY_UPTIME_IGNORE_STATE_CHANGED] with [non-null]:RcsEngineImpl reference [CONTEXT log_prefix="RcsEngineImpl[DUAL_REG]:[390448b9-d26f]>Handler" thread_id=69 ]
06-30 14:43:49.537 I/BugleRcsEngine( 3867): Connected state: [1], networkType: [WIFI] [CONTEXT thread_id=65 ]
06-30 14:43:49.537 D/WM-WorkConstraintsTrack(25149): NetworkRequestConstraintController onCapabilitiesChanged callback
06-30 14:43:49.538 D/ConnectivityService(  690): NetReassign [no changes] [c 0] [a 1] [i 1]
06-30 14:43:49.539 I/NearbyMediums( 1317): Wifi changed new SSID: "AndroidWifi"
06-30 14:43:49.539 I/NearbyMediums( 1317): WifiLanConnectivityInfo is not changed, skip notify.
06-30 14:43:49.541 I/BugleRcsEngine( 3867): No RCS Configuration was found in Bugle for simID: redacted-pii:sim_id[chars:20,last3:897] [CONTEXT log_prefix="ProvisioningEngineDataRetriever" thread_id=69 ]
06-30 14:43:49.552 D/SatelliteController( 1128): isInCarrierRoamingNbIotNtn: satellite is disabled
06-30 14:43:49.552 D/SatelliteController( 1128): getCarrierRoamingNtnConnectType: Checking connect type from PLMN config for subId: 1
06-30 14:43:49.552 D/TelephonyConfigUpdateInstallReceiver( 1128): getConfigParser: domain=satellite
06-30 14:43:49.552 V/SatelliteController( 1128): satelliteConfigParser is not ready
06-30 14:43:49.552 D/SatelliteController( 1128): isSatelliteAttachSupportedViaConfigupdater: return null (satelliteConfig is null)
06-30 14:43:49.554 D/SatelliteController( 1128): getSatellitePerPlmnConfiguration: invalid subId or not supported via carrier.
06-30 14:43:49.554 D/SatelliteController( 1128): getCarrierRoamingNtnConnectType: config: null
06-30 14:43:49.554 D/TelephonyConfigUpdateInstallReceiver( 1128): getConfigParser: domain=satellite
06-30 14:43:49.554 V/SatelliteController( 1128): satelliteConfigParser is not ready
06-30 14:43:49.554 D/SatelliteController( 1128): getCarrierRoamingNtnConnectTypeViaConfigUpdater: return null (satelliteConfig is null)
06-30 14:43:49.555 D/SatelliteController( 1128): getCarrierRoamingNtnConnectType: Falling back to global carrier config connect type: 0
06-30 14:43:49.555 D/TelephonyConfigUpdateInstallReceiver( 1128): getConfigParser: domain=satellite
06-30 14:43:49.555 V/SatelliteController( 1128): satelliteConfigParser is not ready
06-30 14:43:49.555 D/SatelliteController( 1128): isSatelliteAttachSupportedViaConfigupdater: return null (satelliteConfig is null)
06-30 14:43:49.556 D/SatelliteController( 1128): getCarrierRoamingNtnConnectType: Checking connect type from PLMN config for subId: 1
06-30 14:43:49.556 D/TelephonyConfigUpdateInstallReceiver( 1128): getConfigParser: domain=satellite
06-30 14:43:49.556 V/SatelliteController( 1128): satelliteConfigParser is not ready
06-30 14:43:49.556 D/SatelliteController( 1128): isSatelliteAttachSupportedViaConfigupdater: return null (satelliteConfig is null)
06-30 14:43:49.556 D/SatelliteController( 1128): getSatellitePerPlmnConfiguration: invalid subId or not supported via carrier.
06-30 14:43:49.556 D/SatelliteController( 1128): getCarrierRoamingNtnConnectType: config: null
06-30 14:43:49.556 D/TelephonyConfigUpdateInstallReceiver( 1128): getConfigParser: domain=satellite
06-30 14:43:49.556 V/SatelliteController( 1128): satelliteConfigParser is not ready
06-30 14:43:49.556 D/SatelliteController( 1128): getCarrierRoamingNtnConnectTypeViaConfigUpdater: return null (satelliteConfig is null)
06-30 14:43:49.556 D/SatelliteController( 1128): getCarrierRoamingNtnConnectType: Falling back to global carrier config connect type: 0
06-30 14:43:49.556 D/TelephonyConfigUpdateInstallReceiver( 1128): getConfigParser: domain=satellite
06-30 14:43:49.556 V/SatelliteController( 1128): satelliteConfigParser is not ready
06-30 14:43:49.556 D/SatelliteController( 1128): isSatelliteAttachSupportedViaConfigupdater: return null (satelliteConfig is null)
06-30 14:43:49.598 D/AppWidgetServiceImpl(  690): Trying to notify widget update for package com.aiquota.mobile with widget id: 22
06-30 14:43:49.603 D/AppWidgetServiceImpl(  690): Trying to notify widget update for package com.aiquota.mobile with widget id: 24
06-30 14:43:49.604 D/AppWidgetServiceImpl(  690): Trying to notify widget update for package com.aiquota.mobile with widget id: 20
06-30 14:43:49.605 D/AppWidgetServiceImpl(  690): Trying to notify widget update for package com.aiquota.mobile with widget id: 21
06-30 14:43:49.626 D/AppWidgetServiceImpl(  690): Trying to notify widget update for package com.aiquota.mobile with widget id: 17
06-30 14:43:49.630 W/AS.PlaybackActivityMon(  690): No piid assigned for invalid/internal port id 15
06-30 14:43:49.630 W/AS.PlaybackActivityMon(  690): No piid assigned for invalid/internal port id 15
06-30 14:43:49.631 V/WindowManagerShell(  981): Transition requested (#92): android.os.BinderProxy@47b431e TransitionRequestInfo { type = CLOSE, triggerTask = null, pipChange = null, remoteTransitionInfo = null, displayChanges = null, requestedLocation = null, userChange = null, windowingLayerChange = null, fullscreenRequestChange = null, flags = 0, debugId = 92 }
06-30 14:43:49.632 W/DisconnectHandler(  981): No disconnect change found in the transition, not handling request.
06-30 14:43:49.632 V/ShellDesktopMode(  981): DesktopTasksController: skipping handleRequest reason=triggerTask is null
06-30 14:43:49.632 D/AudioFlinger(  523): mixer(0x7ab76c35b790) throttle end: throttle time(35)
06-30 14:43:49.633 I/libbinder.BpBinder(  527): onLastStrongRef automatically unlinking death recipients for binder (0x7d6e324501c0) with descriptor: '(not cached)'
06-30 14:43:49.641 V/WindowManager(  690): Defer transition id=92 for TaskFragmentTransaction=android.os.Binder@50cb86b
06-30 14:43:49.642 D/ViewRootImpl( 2807): Skipping stats log for color mode
06-30 14:43:49.643 D/BaseActivity( 2807): Launcher flags updated: [state_started] +[state_started]
06-30 14:43:49.644 D/AppWidgetServiceImpl(  690): No active widgetId:17 with pending config activity
06-30 14:43:49.647 V/WindowManager(  690): Continue transition id=92 for TaskFragmentTransaction=android.os.Binder@50cb86b
06-30 14:43:49.652 D/WindowManager(  690): setClientSurface Surface(name=VRI-android/android.appwidget.AppWidgetConfigActivityProxy#1117)/@0x2c192d3 for d10129d android/android.appwidget.AppWidgetConfigActivityProxy
06-30 14:43:49.653 I/Surface ( 2807): Creating surface for consumer unnamed-2807-29 with slotExpansion=1 for 64 slots
06-30 14:43:49.654 I/Surface ( 2807): Creating surface for consumer VRI[ProxyActivityStarter]#19(BLAST Consumer)19 with slotExpansion=1 for 64 slots
06-30 14:43:49.654 D/WindowManager(  690): setClientSurface Surface(name=VRI-com.google.android.apps.nexuslauncher/com.android.launcher3.proxy.ProxyActivityStarter#1116)/@0x9dba074 for 8cb9b75 com.google.android.apps.nexuslauncher/com.android.launcher3.proxy.ProxyActivityStarter
06-30 14:43:49.657 I/Surface (  690): Creating surface for consumer unnamed-690-23 with slotExpansion=1 for 64 slots
06-30 14:43:49.658 I/Surface (  690): Creating surface for consumer VRI[AppWidgetConfigActivityProxy]#6(BLAST Consumer)6 with slotExpansion=1 for 64 slots
06-30 14:43:49.764 D/SmartspaceInteractor( 2807): notifySmartspaceEvent: SmartspaceTargetEvent{mSmartspaceTarget=null, mSmartspaceActionId='null', mEventType=6}
06-30 14:43:49.765 D/WindowManager(  690): setClientSurface Surface(name=VRI-com.google.android.apps.nexuslauncher/com.google.android.apps.nexuslauncher.NexusLauncherActivity#1120)/@0xb309f55 for 185bfd3 com.google.android.apps.nexuslauncher/com.google.android.apps.nexuslauncher.NexusLauncherActivity
06-30 14:43:49.765 I/Surface ( 2807): Creating surface for consumer unnamed-2807-30 with slotExpansion=1 for 64 slots
06-30 14:43:49.765 I/Surface ( 2807): Creating surface for consumer VRI[NexusLauncherActivity]#20(BLAST Consumer)20 with slotExpansion=1 for 64 slots
06-30 14:43:49.767 D/ShortcutAndWidgetContainer( 2807): appWidgetScale - [x,y]: [1.0,1.0]
06-30 14:43:49.767 D/NavigableAppWidgetHostView( 2807): updateScale - [fitScale,bounceScale]: [1.0,1.0]
06-30 14:43:49.767 D/ShortcutAndWidgetContainer( 2807): appWidgetScale - [x,y]: [1.0,1.0]
06-30 14:43:49.767 D/NavigableAppWidgetHostView( 2807): updateScale - [fitScale,bounceScale]: [1.0,1.0]
06-30 14:43:49.767 D/ShortcutAndWidgetContainer( 2807): appWidgetScale - [x,y]: [1.0,1.0]
06-30 14:43:49.767 D/NavigableAppWidgetHostView( 2807): updateScale - [fitScale,bounceScale]: [1.0,1.0]
06-30 14:43:49.767 D/ShortcutAndWidgetContainer( 2807): appWidgetScale - [x,y]: [1.0,1.0]
06-30 14:43:49.767 D/NavigableAppWidgetHostView( 2807): updateScale - [fitScale,bounceScale]: [1.0,1.0]
06-30 14:43:49.767 D/BaseDepthController( 2807): setSurface:
06-30 14:43:49.767 D/BaseDepthController( 2807): 	mWaitingOnSurfaceValidity: false
06-30 14:43:49.767 D/BaseDepthController( 2807): 	mBaseSurface: Surface(name=VRI-com.google.android.apps.nexuslauncher/com.google.android.apps.nexuslauncher.NexusLauncherActivity#1120)/@0x83fdc38
06-30 14:43:49.767 V/BaseDepthController( 2807): Applying blur: 0 to Surface(name=VRI-com.google.android.apps.nexuslauncher/com.google.android.apps.nexuslauncher.NexusLauncherActivity#1120)/@0x83fdc38 applyImmediately: false
06-30 14:43:49.768 D/BaseDepthController( 2807): shouldBlurWorkspace: false targetState: Normal currentStableState: Normal mCurrentBlur: 0 mLauncher.getDepthBlurTargets(): [com.android.launcher3.Workspace{ddc5c42 V.ED..... ......ID 0,0-1080,2400 #7f0a0486 app:id/workspace}, com.android.launcher3.Hotseat{7fb9453 V.ED..... .......D 0,1905-1080,2400 #7f0a01f6 app:id/hotseat}]
06-30 14:43:49.790 D/WallpaperService(  981): onVisibilityChanged(true): com.android.systemui.wallpapers.ImageWallpaper$CanvasEngine@881b100
06-30 14:43:49.792 I/APM_AudioPolicyManager(  523): getNewOutputDevices io 13 recent device override {AUDIO_DEVICE_OUT_SPEAKER, @:}
06-30 14:43:49.829 V/RecentTasksController(  981): Notify recent tasks changed
06-30 14:43:49.830 V/RecentTasksController(  981): generateList(getRecentTasks)
06-30 14:43:49.830 V/RecentTasksController(  981): initializeDesksMap - allDeskIds: []
06-30 14:43:49.830 V/RecentTasksController(  981): Task 510 is a transparent overlay on active desk
06-30 14:43:49.830 V/RecentTasksController(  981): Added fullscreen task: 510
06-30 14:43:49.830 V/RecentTasksController(  981): Task 509 is not an active desktop task
06-30 14:43:49.830 V/RecentTasksController(  981): Added fullscreen task: 509
06-30 14:43:49.830 V/RecentTasksController(  981): Task 507 is not an active desktop task
06-30 14:43:49.830 V/RecentTasksController(  981): Added fullscreen task: 507
06-30 14:43:49.831 V/RecentTasksController(  981): generateList - complete
06-30 14:43:49.831 D/PreloadThumbnailUseCase( 2807): Preloading thumbnails for task ids: [[id=507 windowingMode=1 user=0 lastActiveTime=13054823] null, [id=509 windowingMode=1 user=0 lastActiveTime=13849860] null, [id=510 windowingMode=1 user=0 lastActiveTime=13857664] null]
06-30 14:43:49.840 V/WindowManagerShell(  981): onTransitionReady(transaction=2963527443342)
06-30 14:43:49.841 V/WindowManager(  690): Sent Transition (#92) createdAt=06-30 14:43:49.629 via request=TransitionRequestInfo { type = CLOSE, triggerTask = null, pipChange = null, remoteTransitionInfo = null, displayChanges = null, requestedLocation = null, userChange = null, windowingLayerChange = null, fullscreenRequestChange = null, flags = 0, debugId = 92 }
06-30 14:43:49.841 V/WindowManager(  690):     startWCT=WindowContainerTransaction { changes= {} hops= [] flags= 0 errorCallbackToken=null taskFragmentOrganizer=null }
06-30 14:43:49.841 V/WindowManager(  690):     info={id=92 t=CLOSE f=0x0 trk=0 r=[0@Point(0, 0)] c=[
06-30 14:43:49.841 V/WindowManager(  690):         {m=CLOSE f=FILLS_TASK leash=Surface(name=ActivityRecord{100335022 u0 com.aiquota.mobile/.widget.DashboardWidgetConfigureActivity t510}#1104)/@0x870925b sb=Rect(0, 0 - 1080, 2400) eb=Rect(0, 0 - 1080, 2400) epz=Point(1080, 2400) d=0 bc=fffafafa activity=ActivityTransitionInfo { component = ComponentInfo{com.aiquota.mobile/com.aiquota.mobile.widget.DashboardWidgetConfigureActivity}, taskId = 510, appCompatTransitionInfo = null }},
06-30 14:43:49.841 V/WindowManager(  690):         {m=TO_FRONT f=TRANSLUCENT|FILLS_TASK leash=Surface(name=ActivityRecord{70222695 u0 com.google.android.apps.nexuslauncher/com.android.launcher3.proxy.ProxyActivityStarter t510}#1098)/@0x4fded6a sb=Rect(0, 0 - 1080, 2400) eb=Rect(0, 0 - 1080, 2400) epz=Point(1080, 2400) d=0 bc=fffafafa activity=ActivityTransitionInfo { component = ComponentInfo{com.google.android.apps.nexuslauncher/com.android.launcher3.proxy.ProxyActivityStarter}, taskId = 510, appCompatTransitionInfo = null }},
06-30 14:43:49.841 V/WindowManager(  690):         {WCT{RemoteToken{12c0cb7 Task{adf5de0 #1 type=home}}} m=TO_FRONT f=SHOW_WALLPAPER leash=Surface(name=Task=1#35)/@0x3cdaf5c sb=Rect(0, 0 - 1080, 2400) eb=Rect(0, 0 - 1080, 2400) epz=Point(1080, 2400) d=0 taskParent=-1 winMode=1 userId=0},
06-30 14:43:49.841 V/WindowManager(  690):         {m=TO_FRONT f=IS_WALLPAPER leash=Surface(name=WallpaperWindowToken{8e22b1e}#55)/@0xe1349cf sb=Rect(0, 0 - 1080, 2400) eb=Rect(0, 0 - 1080, 2400) epz=Point(1080, 2400) d=0}
06-30 14:43:49.841 V/WindowManager(  690):     ]}
06-30 14:43:49.841 V/WindowManagerShell(  981): onTransitionReady (#92) android.os.BinderProxy@47b431e: {id=92 t=CLOSE f=0x0 trk=0 r=[0@Point(0, 0)] c=[
06-30 14:43:49.841 V/WindowManagerShell(  981):         {m=CLOSE f=FILLS_TASK leash=Surface(name=ActivityRecord{100335022 u0 com.aiquota.mobile/.widget.DashboardWidgetConfigureActivity t510}#1104)/@0xe22e7ff sb=Rect(0, 0 - 1080, 2400) eb=Rect(0, 0 - 1080, 2400) epz=Point(1080, 2400) d=0 bc=fffafafa activity=ActivityTransitionInfo { component = ComponentInfo{com.aiquota.mobile/com.aiquota.mobile.widget.DashboardWidgetConfigureActivity}, taskId = 510, appCompatTransitionInfo = null }},
06-30 14:43:49.841 V/WindowManagerShell(  981):         {m=TO_FRONT f=TRANSLUCENT|FILLS_TASK leash=Surface(name=ActivityRecord{70222695 u0 com.google.android.apps.nexuslauncher/com.android.launcher3.proxy.ProxyActivityStarter t510}#1098)/@0x5c6a9cc sb=Rect(0, 0 - 1080, 2400) eb=Rect(0, 0 - 1080, 2400) epz=Point(1080, 2400) d=0 bc=fffafafa activity=ActivityTransitionInfo { component = ComponentInfo{com.google.android.apps.nexuslauncher/com.android.launcher3.proxy.ProxyActivityStarter}, taskId = 510, appCompatTransitionInfo = null }},
06-30 14:43:49.841 V/WindowManagerShell(  981):         {m=TO_FRONT f=SHOW_WALLPAPER leash=Surface(name=Task=1#35)/@0xd1aa415 sb=Rect(0, 0 - 1080, 2400) eb=Rect(0, 0 - 1080, 2400) epz=Point(1080, 2400) d=0 taskParent=-1 winMode=1 userId=0},
06-30 14:43:49.841 V/WindowManagerShell(  981):         {m=TO_FRONT f=IS_WALLPAPER leash=Surface(name=WallpaperWindowToken{8e22b1e}#55)/@0xf94732a sb=Rect(0, 0 - 1080, 2400) eb=Rect(0, 0 - 1080, 2400) epz=Point(1080, 2400) d=0}
06-30 14:43:49.841 V/WindowManagerShell(  981):     ]}
06-30 14:43:49.843 V/WindowManagerShell(  981): Playing animation for (#92) android.os.BinderProxy@47b431e@0
06-30 14:43:49.843 D/ShellSplitScreen(  981): startAnimation: transition=92 isSplitActive=false
06-30 14:43:49.843 V/ShellRecents(  981): RecentsTransitionHandler.startAnimation: no controller found
06-30 14:43:49.843 V/ShellDesktopMode(  981): DesktopMixedTransitionHandler: No pending desktop transition
06-30 14:43:49.843 V/WindowManagerShell(  981): Transition doesn't have explicit remote, search filters for match for {id=92 t=CLOSE f=0x0 trk=0 r=[0@Point(0, 0)] c=[{m=CLOSE f=FILLS_TASK leash=Surface(name=ActivityRecord{100335022 u0 com.aiquota.mobile/.widget.DashboardWidgetConfigureActivity t510}#1104)/@0xe22e7ff sb=Rect(0, 0 - 1080, 2400) eb=Rect(0, 0 - 1080, 2400) epz=Point(1080, 2400) d=0 bc=fffafafa activity=ActivityTransitionInfo { component = ComponentInfo{com.aiquota.mobile/com.aiquota.mobile.widget.DashboardWidgetConfigureActivity}, taskId = 510, appCompatTransitionInfo = null }},{m=TO_FRONT f=TRANSLUCENT|FILLS_TASK leash=Surface(name=ActivityRecord{70222695 u0 com.google.android.apps.nexuslauncher/com.android.launcher3.proxy.ProxyActivityStarter t510}#1098)/@0x5c6a9cc sb=Rect(0, 0 - 1080, 2400) eb=Rect(0, 0 - 1080, 2400) epz=Point(1080, 2400) d=0 bc=fffafafa activity=ActivityTransitionInfo { component = ComponentInfo{com.google.android.apps.nexuslauncher/com.android.launcher3.proxy.ProxyActivityStarter}, taskId = 510, appCompatTransitionInfo = null }},{m=TO_FRONT f=SHOW_WALLPAPER leash=Surface(name=Task=1#35)/@0xd1aa415 sb=Rect(0, 0 - 1080, 2400) eb=Rect(0, 0 - 1080, 2400) epz=Point(1080, 2400) d=0 taskParent=-1 winMode=1 userId=0},{m=TO_FRONT f=IS_WALLPAPER leash=Surface(name=WallpaperWindowToken{8e22b1e}#55)/@0xf94732a sb=Rect(0, 0 - 1080, 2400) eb=Rect(0, 0 - 1080, 2400) epz=Point(1080, 2400) d=0}]}
06-30 14:43:49.843 V/WindowManagerShell(  981):  Checking filter Pair{{types=[] flags=0x0 notFlags=0x0 checks=[{atype=undefined independent=true modes=[CLOSE,TO_BACK] flags=IN_TASK_WITH_EMBEDDED_ACTIVITY mustBeTask=false order=ANY topActivity=null launchCookie=null taskFragmentToken=android.os.BinderProxy@3656a62 windowingMode=undefined isCrossDisplayMove=false}]} RemoteTransition { remoteTransition = android.window.IRemoteTransition$Stub$Proxy@26457f3, appThread = android.app.IApplicationThread$Stub$Proxy@77acb0, debugName = overlayBackTransition, filter = {types=[] flags=0x0 notFlags=0x0 checks=[{atype=undefined independent=true modes=[CLOSE,TO_BACK] flags=IN_TASK_WITH_EMBEDDED_ACTIVITY mustBeTask=false order=ANY topActivity=null launchCookie=null taskFragmentToken=android.os.BinderProxy@3656a62 windowingMode=undefined isCrossDisplayMove=false}]} }}
06-30 14:43:49.843 V/WindowManagerShell(  981):  Checking filter Pair{{types=[] flags=0x0 notFlags=0x0 checks=[{atype=dream independent=true modes=[OPEN,TO_FRONT] flags=NONE mustBeTask=false order=ANY topActivity=null launchCookie=null windowingMode=undefined isCrossDisplayMove=false},{atype=home independent=true modes=[CLOSE,TO_BACK] flags=NONE mustBeTask=false order=ANY topActivity=null launchCookie=null windowingMode=undefined isCrossDisplayMove=false}]} RemoteTransition { remoteTransition = android.window.IRemoteTransition$Stub$Proxy@9b25729, appThread = android.app.IApplicationThread$Stub$Proxy@a33caae, debugName = LauncherToDream, filter = {types=[] flags=0x0 notFlags=0x0 checks=[{atype=dream independent=true modes=[OPEN,TO_FRONT] flags=NONE mustBeTask=false order=ANY topActivity=null launchCookie=null windowingMode=undefined isCrossDisplayMove=false},{atype=home independent=true modes=[CLOSE,TO_BACK] flags=NONE mustBeTask=false order=ANY topActivity=null launchCookie=null windowingMode=undefined isCrossDisplayMove=false}]} }}
06-30 14:43:49.843 V/WindowManagerShell(  981):  Checking filter Pair{{types=[] flags=0x0 notFlags=0x0 checks=[{atype=standard independent=false modes=[CHANGE] flags=NONE mustBeTask=true order=ANY topActivity=null launchCookie=null windowingMode=undefined isCrossDisplayMove=true}]} RemoteTransition { remoteTransition = android.window.IRemoteTransition$Stub$Proxy@62804f, appThread = android.app.IApplicationThread$Stub$Proxy@922e3dc, debugName = QuickstepDisplayMove, filter = {types=[] flags=0x0 notFlags=0x0 checks=[{atype=standard independent=false modes=[CHANGE] flags=NONE mustBeTask=true order=ANY topActivity=null launchCookie=null windowingMode=undefined isCrossDisplayMove=true}]} }}
06-30 14:43:49.843 V/WindowManagerShell(  981):  Checking filter Pair{{types=[] flags=0x0 notFlags=0x100 checks=[{atype=home independent=true modes=[OPEN,TO_FRONT] flags=NONE mustBeTask=false order=ANY topActivity=ComponentInfo{com.google.android.apps.nexuslauncher/com.google.android.apps.nexuslauncher.NexusLauncherActivity} launchCookie=null windowingMode=undefined isCrossDisplayMove=false},{atype=standard independent=true modes=[CLOSE,TO_BACK] flags=NONE mustBeTask=false order=ANY topActivity=null launchCookie=null windowingMode=undefined isCrossDisplayMove=false},{NOT atype=undefined independent=true modes=[] flags=NONE mustBeTask=true order=ANY topActivity=null launchCookie=null customAnim=true windowingMode=undefined isCrossDisplayMove=false}]} RemoteTransition { remoteTransition = android.window.IRemoteTransition$Stub$Proxy@d703ce5, appThread = android.app.IApplicationThread$Stub$Proxy@975e3ba, debugName = QuickstepLaunchHome, filter = {types=[] flags=0x0 notFlags=0x100 checks=[{atype=home independent=true modes=[OPEN,TO_FRONT] flags=NONE mustBeTask=false order=ANY topActivity=ComponentInfo{com.google.android.apps.nexuslauncher/com.google.android.apps.nexuslauncher.NexusLauncherActivity} launchCookie=null windowingMode=undefined isCrossDisplayMove=false},{atype=standard independent=true modes=[CLOSE,TO_BACK] flags=NONE mustBeTask=false order=ANY topActivity=null launchCookie=null windowingMode=undefined isCrossDisplayMove=false},{NOT atype=undefined independent=true modes=[] flags=NONE mustBeTask=true order=ANY topActivity=null launchCookie=null customAnim=true windowingMode=undefined isCrossDisplayMove=false}]} }}
06-30 14:43:49.844 V/WindowManagerShell(  981):  Checking filter Pair{{types=[OPEN,TO_FRONT] flags=0x0 notFlags=0x0 checks=[{atype=standard independent=true modes=[OPEN,TO_FRONT] flags=NONE mustBeTask=true order=ANY topActivity=null launchCookie=null windowingMode=freeform isCrossDisplayMove=false}]} RemoteTransition { remoteTransition = android.window.IRemoteTransition$Stub$Proxy@23d5716, appThread = null, debugName = DesktopWindowLimitUnminimize, filter = {types=[OPEN,TO_FRONT] flags=0x0 notFlags=0x0 checks=[{atype=standard independent=true modes=[OPEN,TO_FRONT] flags=NONE mustBeTask=true order=ANY topActivity=null launchCookie=null windowingMode=freeform isCrossDisplayMove=false}]} }}
06-30 14:43:49.844 V/WindowManagerShell(  981):  Delegate animation for (#92) to null
06-30 14:43:49.844 V/WindowManagerShell(  981): start default transition animation, info = {id=92 t=CLOSE f=0x0 trk=0 r=[0@Point(0, 0)] c=[{m=CLOSE f=FILLS_TASK leash=Surface(name=ActivityRecord{100335022 u0 com.aiquota.mobile/.widget.DashboardWidgetConfigureActivity t510}#1104)/@0xe22e7ff sb=Rect(0, 0 - 1080, 2400) eb=Rect(0, 0 - 1080, 2400) epz=Point(1080, 2400) d=0 bc=fffafafa activity=ActivityTransitionInfo { component = ComponentInfo{com.aiquota.mobile/com.aiquota.mobile.widget.DashboardWidgetConfigureActivity}, taskId = 510, appCompatTransitionInfo = null }},{m=TO_FRONT f=TRANSLUCENT|FILLS_TASK leash=Surface(name=ActivityRecord{70222695 u0 com.google.android.apps.nexuslauncher/com.android.launcher3.proxy.ProxyActivityStarter t510}#1098)/@0x5c6a9cc sb=Rect(0, 0 - 1080, 2400) eb=Rect(0, 0 - 1080, 2400) epz=Point(1080, 2400) d=0 bc=fffafafa activity=ActivityTransitionInfo { component = ComponentInfo{com.google.android.apps.nexuslauncher/com.android.launcher3.proxy.ProxyActivityStarter}, taskId = 510, appCompatTransitionInfo = null }},{m=TO_FRONT f=SHOW_WALLPAPER leash=Surface(name=Task=1#35)/@0xd1aa415 sb=Rect(0, 0 - 1080, 2400) eb=Rect(0, 0 - 1080, 2400) epz=Point(1080, 2400) d=0 taskParent=-1 winMode=1 userId=0},{m=TO_FRONT f=IS_WALLPAPER leash=Surface(name=WallpaperWindowToken{8e22b1e}#55)/@0xf94732a sb=Rect(0, 0 - 1080, 2400) eb=Rect(0, 0 - 1080, 2400) epz=Point(1080, 2400) d=0}]}
06-30 14:43:49.844 V/WindowManagerShell(  981): loadAnimation: anim=android.view.animation.AnimationSet@b0e6c91 animAttr=0x10 type=CLOSE isEntrance=true
06-30 14:43:49.845 V/WindowManagerShell(  981): loadAnimation: anim=android.view.animation.AnimationSet@35e97f6 animAttr=0x10 type=CLOSE isEntrance=true
06-30 14:43:49.846 V/WindowManagerShell(  981): loadAnimation: anim=android.view.animation.AnimationSet@d43d82 animAttr=0x11 type=CLOSE isEntrance=false
06-30 14:43:49.846 W/ActivityTaskManager(  690): callingPackage for (uid=-1, pid=-1) has no WPC
06-30 14:43:49.847 D/RecentTasksList( 2807): invalidateLoadedTasks - previous requestLoadId: -1
06-30 14:43:49.847 V/WindowManagerShell(  981):  animated by com.android.wm.shell.transition.DefaultTransitionHandler@ad48879
06-30 14:43:49.848 V/WindowManagerShell(  981): Transition requested (#93): android.os.BinderProxy@82d84d0 TransitionRequestInfo { type = CLOSE, triggerTask = TaskInfo{userId=0 taskId=510 effectiveUid=10192 displayId=0 isRunning=true baseIntent=Intent { flg=0x10208000 cmp=com.google.android.apps.nexuslauncher/com.android.launcher3.proxy.ProxyActivityStarter } baseActivity=ComponentInfo{com.google.android.apps.nexuslauncher/com.android.launcher3.proxy.ProxyActivityStarter} topActivity=ComponentInfo{com.google.android.apps.nexuslauncher/com.android.launcher3.proxy.ProxyActivityStarter} origActivity=null realActivity=ComponentInfo{com.google.android.apps.nexuslauncher/com.android.launcher3.proxy.ProxyActivityStarter} realActivityIsAppLockEnabled=false numActivities=1 lastActiveTime=13857664 supportsMultiWindow=true supportsMultiWindowWithoutConstraints=true resizeMode=1 isResizeable=true minWidth=-1 minHeight=-1 defaultMinSize=220 token=WCT{android.os.BinderProxy@279369a} topActivityType=1 pictureInPictureParams=null shouldDockBigOverlays=false launchIntoPipHostTaskId=-1 lastParentTaskIdBeforePip=-1 displayCutoutSafeInsets=Rect(0, 0 - 0, 0) topActivityInfo=ActivityInfo{2b91cc9 com.android.launcher3.proxy.ProxyActivityStarter} launchCookies=[android.os.BinderProxy@3a161fd] positionInParent=Point(0, 0) parentTaskId=-1 isFocused=true isInteractive=true isVisible=true isVisibleRequested=true isTopActivityNoDisplay=false isSleeping=false locusId=null displayAreaFeatureId=1 isTopActivityTransparent=true isActivityStackTransparent=true lastNonFullscreenBounds=null leafTaskBoundsFromOptions= false capturedLink=null capturedLinkTimestamp=0 requestedVisibleTypes=503 topActivityRequestOpenInBrowserEducationTimestamp=0 appCompatTaskInfo=AppCompatTaskInfo { topActivityInSizeCompat=false isLeafTask= true eligibleForLetterboxEducation= false isLetterboxEducationEnabled= true isLetterboxDoubleTapEnabled= false eligibleForUserAspectRatioButton= false topActivityBoundsLetterboxed= false isFromLetterboxDoubleTap= false topActivityLetterboxVerticalPosition= -1 topActivityLetterboxHorizontalPosition= -1 topActivityLetterboxWidth=-1 topActivityLetterboxHeight=-1 topActivityAppBounds=Rect(0, 0 - 1080, 2400) isUserFullscreenOverrideEnabled=false isSystemFullscreenOverrideEnabled=false hasMinAspectRatioOverride=false topActivityLetterboxBounds=null topNonResizableActivityAspectRatio=-1.0} topActivityMainWindowFrame=null isAppBubble=false}, pipChange = null, remoteTransitionInfo = null, displayChanges = null, requestedLocation = null, userChange = null, windowingLayerChange = null, fullscreenRequestChange = null, flags = 0, debugId = 93 }
06-30 14:43:49.848 W/DisconnectHandler(  981): No disconnect change found in the transition, not handling request.
06-30 14:43:49.848 V/ShellDesktopMode(  981): DesktopTasksController: skipping handleRequest reason=triggerTask's display doesn't support desktop mode
06-30 14:43:49.851 E/TaskPersister(  690): File error accessing recents directory (directory doesn't exist?).
06-30 14:43:49.853 V/RecentTasksController(  981): Notify recent tasks changed
06-30 14:43:49.861 V/WindowManagerShell(  981): onTransitionReady(transaction=2963527443365)
06-30 14:43:49.861 V/WindowManagerShell(  981): onTransitionReady (#93) android.os.BinderProxy@82d84d0: {id=93 t=CLOSE f=0x0 trk=0 r=[0@Point(0, 0)] c=[
06-30 14:43:49.861 V/WindowManagerShell(  981):         {m=CLOSE f=FLAG_CHANGED_INTERACTIVE leash=Surface(name=Task=510#1097)/@0x4adbc85 sb=Rect(0, 0 - 1080, 2400) eb=Rect(0, 0 - 1080, 2400) epz=Point(1080, 2400) d=0 taskParent=-1 winMode=1 userId=0},
06-30 14:43:49.861 V/WindowManagerShell(  981):         {m=CHANGE f=SHOW_WALLPAPER|MOVE_TO_TOP|FLAG_CHANGED_INTERACTIVE leash=Surface(name=Task=1#35)/@0x147fada sb=Rect(0, 0 - 1080, 2400) eb=Rect(0, 0 - 1080, 2400) epz=Point(1080, 2400) d=0 taskParent=-1 winMode=1 userId=0}
06-30 14:43:49.861 V/WindowManagerShell(  981):     ]}
06-30 14:43:49.862 V/WindowManagerShell(  981): Transition (#93) android.os.BinderProxy@82d84d0@0 ready while (#92) android.os.BinderProxy@47b431e@0 is still animating. Notify the animating transition in case they can be merged
06-30 14:43:49.866 V/WindowManagerShell(  981): Transition animation finished (aborted=false), notifying core (#92) android.os.BinderProxy@47b431e@0
06-30 14:43:49.882 V/WindowManager(  690): Sent Transition (#93) createdAt=06-30 14:43:49.843 via request=TransitionRequestInfo { type = CLOSE, triggerTask = TaskInfo{userId=0 taskId=510 effectiveUid=10192 displayId=0 isRunning=true baseIntent=Intent { flg=0x10208000 cmp=com.google.android.apps.nexuslauncher/com.android.launcher3.proxy.ProxyActivityStarter } baseActivity=ComponentInfo{com.google.android.apps.nexuslauncher/com.android.launcher3.proxy.ProxyActivityStarter} topActivity=ComponentInfo{com.google.android.apps.nexuslauncher/com.android.launcher3.proxy.ProxyActivityStarter} origActivity=null realActivity=ComponentInfo{com.google.android.apps.nexuslauncher/com.android.launcher3.proxy.ProxyActivityStarter} realActivityIsAppLockEnabled=false numActivities=1 lastActiveTime=13857664 supportsMultiWindow=true supportsMultiWindowWithoutConstraints=true resizeMode=1 isResizeable=true minWidth=-1 minHeight=-1 defaultMinSize=220 token=WCT{RemoteToken{f177017 Task{aee8514 #510 type=standard A=10192:com.google.android.apps.nexuslauncher}}} topActivityType=1 pictureInPictureParams=null shouldDockBigOverlays=false launchIntoPipHostTaskId=-1 lastParentTaskIdBeforePip=-1 displayCutoutSafeInsets=Rect(0, 0 - 0, 0) topActivityInfo=ActivityInfo{9ebec04 com.android.launcher3.proxy.ProxyActivityStarter} launchCookies=[android.os.BinderProxy@1ca3409] positionInParent=Point(0, 0) parentTaskId=-1 isFocused=true isInteractive=true isVisible=true isVisibleRequested=true isTopActivityNoDisplay=false isSleeping=false locusId=null displayAreaFeatureId=1 isTopActivityTransparent=true isActivityStackTransparent=true lastNonFullscreenBounds=null leafTaskBoundsFromOptions= false capturedLink=null capturedLinkTimestamp=0 requestedVisibleTypes=503 topActivityRequestOpenInBrowserEducationTimestamp=0 appCompatTaskInfo=AppCompatTaskInfo { topActivityInSizeCompat=false isLeafTask= true eligibleForLetterboxEducation= false isLetterboxEducationEnabled= true isLetterboxDoubleTapEnabled= false eligibleForUserAspectRatioButton= false topActivityBoundsLetterboxed= false isFromLetterboxDoubleTap= false topActivityLetterboxVerticalPosition= -1 topActivityLetterboxHorizontalPosition= -1 topActivityLetterboxWidth=-1 topActivityLetterboxHeight=-1 topActivityAppBounds=Rect(0, 0 - 1080, 2400) isUserFullscreenOverrideEnabled=false isSystemFullscreenOverrideEnabled=false hasMinAspectRatioOverride=false topActivityLetterboxBounds=null topNonResizableActivityAspectRatio=-1.0} topActivityMainWindowFrame=null isAppBubble=false}, pipChange = null, remoteTransitionInfo = null, displayChanges = null, requestedLocation = null, userChange = null, windowingLayerChange = null, fullscreenRequestChange = null, flags = 0, debugId = 93 }
06-30 14:43:49.882 V/WindowManager(  690):     startWCT=WindowContainerTransaction { changes= {} hops= [] flags= 0 errorCallbackToken=null taskFragmentOrganizer=null }
06-30 14:43:49.883 V/WindowManager(  690):     info={id=93 t=CLOSE f=0x0 trk=0 r=[0@Point(0, 0)] c=[
06-30 14:43:49.883 V/WindowManager(  690):         {WCT{RemoteToken{f177017 Task{aee8514 #510 type=standard A=10192:com.google.android.apps.nexuslauncher}}} m=CLOSE f=FLAG_CHANGED_INTERACTIVE leash=Surface(name=Task=510#1097)/@0x900ffb1 sb=Rect(0, 0 - 1080, 2400) eb=Rect(0, 0 - 1080, 2400) epz=Point(1080, 2400) d=0 taskParent=-1 winMode=1 userId=0},
06-30 14:43:49.883 V/WindowManager(  690):         {WCT{RemoteToken{12c0cb7 Task{adf5de0 #1 type=home}}} m=CHANGE f=SHOW_WALLPAPER|MOVE_TO_TOP|FLAG_CHANGED_INTERACTIVE leash=Surface(name=Task=1#35)/@0x3cdaf5c sb=Rect(0, 0 - 1080, 2400) eb=Rect(0, 0 - 1080, 2400) epz=Point(1080, 2400) d=0 taskParent=-1 winMode=1 userId=0}
06-30 14:43:49.883 V/WindowManager(  690):     ]}
06-30 14:43:49.884 I/libbinder.BpBinder(  527): onLastStrongRef automatically unlinking death recipients for binder (0x7d6e324533f0) with descriptor: '(not cached)'
06-30 14:43:49.885 D/ShortcutAndWidgetContainer( 2807): appWidgetScale - [x,y]: [1.0,1.0]
06-30 14:43:49.885 D/NavigableAppWidgetHostView( 2807): updateScale - [fitScale,bounceScale]: [1.0,1.0]
06-30 14:43:49.885 D/ShortcutAndWidgetContainer( 2807): appWidgetScale - [x,y]: [1.0,1.0]
06-30 14:43:49.885 D/NavigableAppWidgetHostView( 2807): updateScale - [fitScale,bounceScale]: [1.0,1.0]
06-30 14:43:49.885 D/ShortcutAndWidgetContainer( 2807): appWidgetScale - [x,y]: [1.0,1.0]
06-30 14:43:49.885 D/NavigableAppWidgetHostView( 2807): updateScale - [fitScale,bounceScale]: [1.0,1.0]
06-30 14:43:49.885 D/ShortcutAndWidgetContainer( 2807): appWidgetScale - [x,y]: [1.0,1.0]
06-30 14:43:49.885 D/NavigableAppWidgetHostView( 2807): updateScale - [fitScale,bounceScale]: [1.0,1.0]
06-30 14:43:49.887 D/RecentTasksList( 2807): invalidateLoadedTasks - previous requestLoadId: -1
06-30 14:43:49.887 D/StatsLog( 2807): LAUNCHER_WIDGET_RECONFIGURED
06-30 14:43:49.887 E/Launcher( 2807): Widget update called, when the widget no longer exists.
06-30 14:43:49.887 D/BaseActivity( 2807): Launcher flags updated: [state_started|state_resumed|state_user_active] +[state_resumed|state_user_active]
06-30 14:43:49.887 V/WindowManager(  690): Finish Transition (#92): created at 06-30 14:43:49.629 collect-started=0.031ms request-sent=0.05ms started=2.591ms ready=88.825ms sent=208.792ms commit=12.593ms finished=255.949ms
06-30 14:43:49.887 D/BaseActivity( 2807): Launcher flags updated: [state_started|state_resumed|state_user_active] +[]
06-30 14:43:49.888 D/BaseActivity( 2807): Launcher flags updated: [state_started|state_resumed|state_deferred_resumed|state_user_active] +[state_deferred_resumed]
06-30 14:43:49.888 D/StatsLog( 2807): LAUNCHER_ONRESUME
06-30 14:43:49.888 V/WindowManagerShell(  981): Playing animation for (#93) android.os.BinderProxy@82d84d0@0
06-30 14:43:49.888 D/ShellSplitScreen(  981): startAnimation: transition=93 isSplitActive=false
06-30 14:43:49.889 V/ShellRecents(  981): RecentsTransitionHandler.startAnimation: no controller found
06-30 14:43:49.889 V/ShellDesktopMode(  981): DesktopMixedTransitionHandler: No pending desktop transition
06-30 14:43:49.889 V/WindowManagerShell(  981): Transition doesn't have explicit remote, search filters for match for {id=93 t=CLOSE f=0x0 trk=0 r=[0@Point(0, 0)] c=[{m=CLOSE f=FLAG_CHANGED_INTERACTIVE leash=Surface(name=Task=510#1097)/@0x4adbc85 sb=Rect(0, 0 - 1080, 2400) eb=Rect(0, 0 - 1080, 2400) epz=Point(1080, 2400) d=0 taskParent=-1 winMode=1 userId=0},{m=CHANGE f=SHOW_WALLPAPER|MOVE_TO_TOP|FLAG_CHANGED_INTERACTIVE leash=Surface(name=Task=1#35)/@0x147fada sb=Rect(0, 0 - 1080, 2400) eb=Rect(0, 0 - 1080, 2400) epz=Point(1080, 2400) d=0 taskParent=-1 winMode=1 userId=0}]}
06-30 14:43:49.889 V/WindowManagerShell(  981):  Checking filter Pair{{types=[] flags=0x0 notFlags=0x0 checks=[{atype=undefined independent=true modes=[CLOSE,TO_BACK] flags=IN_TASK_WITH_EMBEDDED_ACTIVITY mustBeTask=false order=ANY topActivity=null launchCookie=null taskFragmentToken=android.os.BinderProxy@3656a62 windowingMode=undefined isCrossDisplayMove=false}]} RemoteTransition { remoteTransition = android.window.IRemoteTransition$Stub$Proxy@26457f3, appThread = android.app.IApplicationThread$Stub$Proxy@77acb0, debugName = overlayBackTransition, filter = {types=[] flags=0x0 notFlags=0x0 checks=[{atype=undefined independent=true modes=[CLOSE,TO_BACK] flags=IN_TASK_WITH_EMBEDDED_ACTIVITY mustBeTask=false order=ANY topActivity=null launchCookie=null taskFragmentToken=android.os.BinderProxy@3656a62 windowingMode=undefined isCrossDisplayMove=false}]} }}
06-30 14:43:49.889 V/WindowManagerShell(  981):  Checking filter Pair{{types=[] flags=0x0 notFlags=0x0 checks=[{atype=dream independent=true modes=[OPEN,TO_FRONT] flags=NONE mustBeTask=false order=ANY topActivity=null launchCookie=null windowingMode=undefined isCrossDisplayMove=false},{atype=home independent=true modes=[CLOSE,TO_BACK] flags=NONE mustBeTask=false order=ANY topActivity=null launchCookie=null windowingMode=undefined isCrossDisplayMove=false}]} RemoteTransition { remoteTransition = android.window.IRemoteTransition$Stub$Proxy@9b25729, appThread = android.app.IApplicationThread$Stub$Proxy@a33caae, debugName = LauncherToDream, filter = {types=[] flags=0x0 notFlags=0x0 checks=[{atype=dream independent=true modes=[OPEN,TO_FRONT] flags=NONE mustBeTask=false order=ANY topActivity=null launchCookie=null windowingMode=undefined isCrossDisplayMove=false},{atype=home independent=true modes=[CLOSE,TO_BACK] flags=NONE mustBeTask=false order=ANY topActivity=null launchCookie=null windowingMode=undefined isCrossDisplayMove=false}]} }}
06-30 14:43:49.889 V/WindowManagerShell(  981):  Checking filter Pair{{types=[] flags=0x0 notFlags=0x0 checks=[{atype=standard independent=false modes=[CHANGE] flags=NONE mustBeTask=true order=ANY topActivity=null launchCookie=null windowingMode=undefined isCrossDisplayMove=true}]} RemoteTransition { remoteTransition = android.window.IRemoteTransition$Stub$Proxy@62804f, appThread = android.app.IApplicationThread$Stub$Proxy@922e3dc, debugName = QuickstepDisplayMove, filter = {types=[] flags=0x0 notFlags=0x0 checks=[{atype=standard independent=false modes=[CHANGE] flags=NONE mustBeTask=true order=ANY topActivity=null launchCookie=null windowingMode=undefined isCrossDisplayMove=true}]} }}
06-30 14:43:49.889 V/WindowManagerShell(  981):  Checking filter Pair{{types=[] flags=0x0 notFlags=0x100 checks=[{atype=home independent=true modes=[OPEN,TO_FRONT] flags=NONE mustBeTask=false order=ANY topActivity=ComponentInfo{com.google.android.apps.nexuslauncher/com.google.android.apps.nexuslauncher.NexusLauncherActivity} launchCookie=null windowingMode=undefined isCrossDisplayMove=false},{atype=standard independent=true modes=[CLOSE,TO_BACK] flags=NONE mustBeTask=false order=ANY topActivity=null launchCookie=null windowingMode=undefined isCrossDisplayMove=false},{NOT atype=undefined independent=true modes=[] flags=NONE mustBeTask=true order=ANY topActivity=null launchCookie=null customAnim=true windowingMode=undefined isCrossDisplayMove=false}]} RemoteTransition { remoteTransition = android.window.IRemoteTransition$Stub$Proxy@d703ce5, appThread = android.app.IApplicationThread$Stub$Proxy@975e3ba, debugName = QuickstepLaunchHome, filter = {types=[] flags=0x0 notFlags=0x100 checks=[{atype=home independent=true modes=[OPEN,TO_FRONT] flags=NONE mustBeTask=false order=ANY topActivity=ComponentInfo{com.google.android.apps.nexuslauncher/com.google.android.apps.nexuslauncher.NexusLauncherActivity} launchCookie=null windowingMode=undefined isCrossDisplayMove=false},{atype=standard independent=true modes=[CLOSE,TO_BACK] flags=NONE mustBeTask=false order=ANY topActivity=null launchCookie=null windowingMode=undefined isCrossDisplayMove=false},{NOT atype=undefined independent=true modes=[] flags=NONE mustBeTask=true order=ANY topActivity=null launchCookie=null customAnim=true windowingMode=undefined isCrossDisplayMove=false}]} }}
06-30 14:43:49.889 V/WindowManagerShell(  981):  Checking filter Pair{{types=[OPEN,TO_FRONT] flags=0x0 notFlags=0x0 checks=[{atype=standard independent=true modes=[OPEN,TO_FRONT] flags=NONE mustBeTask=true order=ANY topActivity=null launchCookie=null windowingMode=freeform isCrossDisplayMove=false}]} RemoteTransition { remoteTransition = android.window.IRemoteTransition$Stub$Proxy@23d5716, appThread = null, debugName = DesktopWindowLimitUnminimize, filter = {types=[OPEN,TO_FRONT] flags=0x0 notFlags=0x0 checks=[{atype=standard independent=true modes=[OPEN,TO_FRONT] flags=NONE mustBeTask=true order=ANY topActivity=null launchCookie=null windowingMode=freeform isCrossDisplayMove=false}]} }}
06-30 14:43:49.889 V/WindowManagerShell(  981):  Delegate animation for (#93) to null
06-30 14:43:49.889 V/WindowManagerShell(  981): start default transition animation, info = {id=93 t=CLOSE f=0x0 trk=0 r=[0@Point(0, 0)] c=[{m=CLOSE f=FLAG_CHANGED_INTERACTIVE leash=Surface(name=Task=510#1097)/@0x4adbc85 sb=Rect(0, 0 - 1080, 2400) eb=Rect(0, 0 - 1080, 2400) epz=Point(1080, 2400) d=0 taskParent=-1 winMode=1 userId=0},{m=CHANGE f=SHOW_WALLPAPER|MOVE_TO_TOP|FLAG_CHANGED_INTERACTIVE leash=Surface(name=Task=1#35)/@0x147fada sb=Rect(0, 0 - 1080, 2400) eb=Rect(0, 0 - 1080, 2400) epz=Point(1080, 2400) d=0 taskParent=-1 winMode=1 userId=0}]}
06-30 14:43:49.890 D/QuickstepModelDelegate( 2807): notifyAppTargetEvent action=1 launchLocation=workspace/0/[-1,-1]/[1,1]
06-30 14:43:49.891 D/VRI[DashboardWidgetConfigureActivity](24771): visibilityChanged oldVisibility=true newVisibility=false
06-30 14:43:49.889 V/WindowManagerShell(  981): loadAnimation: anim=android.view.animation.AnimationSet@b78ace7 animAttr=0xb type=CLOSE isEntrance=false
06-30 14:43:49.894 V/WindowManagerShell(  981):  animated by com.android.wm.shell.transition.DefaultTransitionHandler@ad48879
06-30 14:43:49.894 D/WindowManagerShell(  981): setLauncherKeepClearAreaHeight: visible=true, height=495
06-30 14:43:49.907 D/BaseActivity( 2807): Launcher flags updated: [state_started|state_resumed|state_deferred_resumed|state_window_focused|state_user_active] +[state_window_focused]
06-30 14:43:49.909 I/ImeTracker(  690): com.google.android.apps.nexuslauncher:537bce37: onRequestHide at ORIGIN_SERVER reason HIDE_UNSPECIFIED_WINDOW fromUser false userId 0 displayId 0
06-30 14:43:49.910 D/InsetsController( 2807): hide(ime())
06-30 14:43:49.910 I/ImeTracker( 2807): com.google.android.apps.nexuslauncher:537bce37: onCancelled at PHASE_CLIENT_ALREADY_HIDDEN
06-30 14:43:49.910 W/InputChannel-JNI(  690): Channel already disposed.
06-30 14:43:49.912 I/GoogleInputMethodService( 3384): GoogleInputMethodService.onFinishInput():2274 
06-30 14:43:49.913 I/Module  ( 3384): DeviceLockedStatusModuleProvider$Module.updateDeviceLockedStatusInternal():128 repeatCheckTimes = 0, locked = false
06-30 14:43:49.913 I/GoogleInputMethodService( 3384): GoogleInputMethodService.onStartInput():1459 onStartInput(EditorInfo{EditorInfo{packageName=com.google.android.apps.nexuslauncher, inputType=0, inputTypeString=NULL, enableLearning=false, autoCorrection=false, autoComplete=false, imeOptions=0, privateImeOptions=null, actionName=UNSPECIFIED, actionLabel=null, initialSelStart=-1, initialSelEnd=-1, initialCapsMode=0, label=null, fieldId=0, fieldName=null, extras=null, hintText=null, hintLocales=[]}}, false)
06-30 14:43:49.915 I/LatinIMEBase( 3384): LatinIMEBase.updateInputViewCoverNavigation():317 Update input view padding, isNavbarOverInputWindow=true, bottom inset=63
06-30 14:43:49.915 I/AiAiEcho( 1592): Predicting[0]:  [CONTEXT sampling_count=5 ]
06-30 14:43:49.915 I/AiAiEcho( 1592): EchoTargets: 
06-30 14:43:49.915 I/AiAiEcho( 1592): Filtered by AiAi flag check: 
06-30 14:43:49.915 I/AiAiEcho( 1592): [CONTEXT ratelimit_period="10 SECONDS" ]
06-30 14:43:49.915 W/PackageConfigPersister(  690): App-specific configuration not found for packageName: com.google.android.apps.nexuslauncher and userId: 0
06-30 14:43:49.918 I/ImeTracker(  690): system_server:5491f838: onRequestHide at ORIGIN_SERVER reason IME_REQUESTED_CHANGED_LISTENER fromUser false displayId 0
06-30 14:43:49.918 I/ImeTracker(  690): system_server:5491f838: onCancelled at PHASE_SERVER_SHOULD_HIDE
06-30 14:43:49.918 I/RanchuHwc(  493): logCompositionFallbackIfChanged: layer 196 CompositionType fallback from 2 to 1
06-30 14:43:49.918 I/RanchuHwc(  493): logCompositionFallbackIfChanged: layer 195 CompositionType fallback from 2 to 1
06-30 14:43:49.919 W/skia    (  527): AGTM parsing failed flags.readFromStream(s) at 159
06-30 14:43:49.919 W/skia    (  527): AGTM parsing failed flags.readFromStream(s) at 159
06-30 14:43:49.919 W/skia    (  527): AGTM parsing failed flags.readFromStream(s) at 159
06-30 14:43:49.919 I/AiAiEcho( 1592): #remoteViewsTwiddler: feature disabled.
06-30 14:43:49.919 W/skia    (  527): AGTM parsing failed flags.readFromStream(s) at 159
06-30 14:43:49.919 W/skia    (  527): AGTM parsing failed flags.readFromStream(s) at 159
06-30 14:43:49.919 W/skia    (  527): AGTM parsing failed flags.readFromStream(s) at 159
06-30 14:43:49.919 W/skia    (  527): AGTM parsing failed flags.readFromStream(s) at 159
06-30 14:43:49.919 I/Module  ( 3384): DeviceLockedStatusModuleProvider$Module.updateDeviceLockedStatusInternal():128 repeatCheckTimes = 1, locked = false
06-30 14:43:49.920 I/AiAiEcho( 1592): #postPredictionTargets: Sending updates to UISurface home with targets# 0 (types=[])
06-30 14:43:49.937 W/skia    (  527): AGTM parsing failed flags.readFromStream(s) at 159
06-30 14:43:49.937 W/skia    (  527): AGTM parsing failed flags.readFromStream(s) at 159
06-30 14:43:49.937 W/skia    (  527): AGTM parsing failed flags.readFromStream(s) at 159
06-30 14:43:49.937 W/skia    (  527): AGTM parsing failed flags.readFromStream(s) at 159
06-30 14:43:49.937 W/skia    (  527): AGTM parsing failed flags.readFromStream(s) at 159
06-30 14:43:49.937 W/skia    (  527): AGTM parsing failed flags.readFromStream(s) at 159
06-30 14:43:49.937 W/skia    (  527): AGTM parsing failed flags.readFromStream(s) at 159
06-30 14:43:49.953 W/skia    (  527): AGTM parsing failed flags.readFromStream(s) at 159
06-30 14:43:49.953 W/skia    (  527): AGTM parsing failed flags.readFromStream(s) at 159
06-30 14:43:49.953 W/skia    (  527): AGTM parsing failed flags.readFromStream(s) at 159
06-30 14:43:49.953 W/skia    (  527): AGTM parsing failed flags.readFromStream(s) at 159
06-30 14:43:49.953 W/skia    (  527): AGTM parsing failed flags.readFromStream(s) at 159
06-30 14:43:49.953 W/skia    (  527): AGTM parsing failed flags.readFromStream(s) at 159
06-30 14:43:49.953 W/skia    (  527): AGTM parsing failed flags.readFromStream(s) at 159
06-30 14:43:49.956 D/ShortcutAndWidgetContainer( 2807): appWidgetScale - [x,y]: [1.0,1.0]
06-30 14:43:49.956 D/NavigableAppWidgetHostView( 2807): updateScale - [fitScale,bounceScale]: [1.0,1.0]
06-30 14:43:49.956 D/ShortcutAndWidgetContainer( 2807): appWidgetScale - [x,y]: [1.0,1.0]
06-30 14:43:49.956 D/NavigableAppWidgetHostView( 2807): updateScale - [fitScale,bounceScale]: [1.0,1.0]
06-30 14:43:49.956 D/ShortcutAndWidgetContainer( 2807): appWidgetScale - [x,y]: [1.0,1.0]
06-30 14:43:49.956 D/NavigableAppWidgetHostView( 2807): updateScale - [fitScale,bounceScale]: [1.0,1.0]
06-30 14:43:49.956 D/ShortcutAndWidgetContainer( 2807): appWidgetScale - [x,y]: [1.0,1.0]
06-30 14:43:49.956 D/NavigableAppWidgetHostView( 2807): updateScale - [fitScale,bounceScale]: [1.0,1.0]
06-30 14:43:49.958 D/SsBaseTemplateCard( 2807): Passed-in item info is null
06-30 14:43:49.958 D/SsBaseTemplateCard( 2807): Passed-in item info is null
06-30 14:43:49.958 D/SsBaseTemplateCard( 2807): Passed-in item info is null
06-30 14:43:49.958 D/SsBaseTemplateCard( 2807): Passed-in item info is null
06-30 14:43:49.958 I/SsBaseTemplateCard( 2807): Secondary card pane is null
06-30 14:43:49.959 V/RecentTasksController(  981): Notify recent tasks changed
06-30 14:43:49.959 W/libbinder.IPCThreadState(  596): Sending oneway calls to frozen process.
06-30 14:43:49.962 D/RecentTasksList( 2807): invalidateLoadedTasks - previous requestLoadId: -1
06-30 14:43:49.963 V/RecentTasksController(  981): generateList(getRecentTasks)
06-30 14:43:49.963 V/RecentTasksController(  981): initializeDesksMap - allDeskIds: []
06-30 14:43:49.963 V/RecentTasksController(  981): Task 509 is not an active desktop task
06-30 14:43:49.963 V/RecentTasksController(  981): Added fullscreen task: 509
06-30 14:43:49.963 V/RecentTasksController(  981): Task 507 is not an active desktop task
06-30 14:43:49.963 V/RecentTasksController(  981): Added fullscreen task: 507
06-30 14:43:49.963 V/RecentTasksController(  981): Task 496 is not an active desktop task
06-30 14:43:49.963 V/RecentTasksController(  981): Added fullscreen task: 496
06-30 14:43:49.963 V/RecentTasksController(  981): generateList - complete
06-30 14:43:49.964 D/PreloadThumbnailUseCase( 2807): Preloading thumbnails for task ids: [[id=496 windowingMode=1 user=0 lastActiveTime=12996805] null, [id=507 windowingMode=1 user=0 lastActiveTime=13054823] null, [id=509 windowingMode=1 user=0 lastActiveTime=13849860] null]
06-30 14:43:49.970 W/skia    (  527): AGTM parsing failed flags.readFromStream(s) at 159
06-30 14:43:49.970 W/skia    (  527): AGTM parsing failed flags.readFromStream(s) at 159
06-30 14:43:49.970 W/skia    (  527): AGTM parsing failed flags.readFromStream(s) at 159
06-30 14:43:49.970 W/skia    (  527): AGTM parsing failed flags.readFromStream(s) at 159
06-30 14:43:49.970 W/skia    (  527): AGTM parsing failed flags.readFromStream(s) at 159
06-30 14:43:49.970 W/skia    (  527): AGTM parsing failed flags.readFromStream(s) at 159
06-30 14:43:49.970 W/skia    (  527): AGTM parsing failed flags.readFromStream(s) at 159
06-30 14:43:49.978 W/skia    (  527): AGTM parsing failed flags.readFromStream(s) at 159
06-30 14:43:49.978 W/skia    (  527): AGTM parsing failed flags.readFromStream(s) at 159
06-30 14:43:49.978 W/skia    (  527): AGTM parsing failed flags.readFromStream(s) at 159
06-30 14:43:49.990 W/libc    (  690): Access denied finding property "vendor.mesa.virtgpu.kumquat"
06-30 14:43:49.992 W/skia    (  527): AGTM parsing failed flags.readFromStream(s) at 159
06-30 14:43:49.992 W/skia    (  527): AGTM parsing failed flags.readFromStream(s) at 159
06-30 14:43:49.992 W/skia    (  527): AGTM parsing failed flags.readFromStream(s) at 159
06-30 14:43:49.992 W/skia    (  527): AGTM parsing failed flags.readFromStream(s) at 159
06-30 14:43:49.992 W/skia    (  527): AGTM parsing failed flags.readFromStream(s) at 159
06-30 14:43:49.992 W/skia    (  527): AGTM parsing failed flags.readFromStream(s) at 159
06-30 14:43:49.992 W/skia    (  527): AGTM parsing failed flags.readFromStream(s) at 159
06-30 14:43:49.984 W/binder:690_14(  690): type=1400 audit(0.0:115): avc:  denied  { read } for  name="u:object_r:vendor_default_prop:s0" dev="tmpfs" ino=404 scontext=u:r:system_server:s0 tcontext=u:object_r:vendor_default_prop:s0 tclass=file permissive=0
06-30 14:43:50.001 W/skia    (  527): AGTM parsing failed flags.readFromStream(s) at 159
06-30 14:43:50.002 W/skia    (  527): AGTM parsing failed flags.readFromStream(s) at 159
06-30 14:43:50.002 W/skia    (  527): AGTM parsing failed flags.readFromStream(s) at 159
06-30 14:43:50.002 W/skia    (  527): AGTM parsing failed flags.readFromStream(s) at 159
06-30 14:43:50.002 W/skia    (  527): AGTM parsing failed flags.readFromStream(s) at 159
06-30 14:43:50.002 W/skia    (  527): AGTM parsing failed flags.readFromStream(s) at 159
06-30 14:43:50.002 W/skia    (  527): AGTM parsing failed flags.readFromStream(s) at 159
06-30 14:43:50.019 W/skia    (  527): AGTM parsing failed flags.readFromStream(s) at 159
06-30 14:43:50.019 W/skia    (  527): AGTM parsing failed flags.readFromStream(s) at 159
06-30 14:43:50.019 W/skia    (  527): AGTM parsing failed flags.readFromStream(s) at 159
06-30 14:43:50.019 W/skia    (  527): AGTM parsing failed flags.readFromStream(s) at 159
06-30 14:43:50.019 W/skia    (  527): AGTM parsing failed flags.readFromStream(s) at 159
06-30 14:43:50.019 W/skia    (  527): AGTM parsing failed flags.readFromStream(s) at 159
06-30 14:43:50.019 W/skia    (  527): AGTM parsing failed flags.readFromStream(s) at 159
06-30 14:43:50.038 I/NearbySharing( 1317): Network state changed: NetworkState(isRestricted=false, isOnline=true, isCongested=false, isMetered=false, isWifiConnected=true)
06-30 14:43:50.056 W/skia    (  527): AGTM parsing failed flags.readFromStream(s) at 159
06-30 14:43:50.056 W/skia    (  527): AGTM parsing failed flags.readFromStream(s) at 159
06-30 14:43:50.056 W/skia    (  527): AGTM parsing failed flags.readFromStream(s) at 159
06-30 14:43:50.056 W/skia    (  527): AGTM parsing failed flags.readFromStream(s) at 159
06-30 14:43:50.056 W/skia    (  527): AGTM parsing failed flags.readFromStream(s) at 159
06-30 14:43:50.056 W/skia    (  527): AGTM parsing failed flags.readFromStream(s) at 159
06-30 14:43:50.056 W/skia    (  527): AGTM parsing failed flags.readFromStream(s) at 159
06-30 14:43:50.068 W/skia    (  527): AGTM parsing failed flags.readFromStream(s) at 159
06-30 14:43:50.068 W/skia    (  527): AGTM parsing failed flags.readFromStream(s) at 159
06-30 14:43:50.068 W/skia    (  527): AGTM parsing failed flags.readFromStream(s) at 159
06-30 14:43:50.068 W/skia    (  527): AGTM parsing failed flags.readFromStream(s) at 159
06-30 14:43:50.069 W/skia    (  527): AGTM parsing failed flags.readFromStream(s) at 159
06-30 14:43:50.069 W/skia    (  527): AGTM parsing failed flags.readFromStream(s) at 159
06-30 14:43:50.069 W/skia    (  527): AGTM parsing failed flags.readFromStream(s) at 159
06-30 14:43:50.080 W/skia    (  527): AGTM parsing failed flags.readFromStream(s) at 159
06-30 14:43:50.080 W/skia    (  527): AGTM parsing failed flags.readFromStream(s) at 159
06-30 14:43:50.087 W/skia    (  527): AGTM parsing failed flags.readFromStream(s) at 159
06-30 14:43:50.087 W/skia    (  527): AGTM parsing failed flags.readFromStream(s) at 159
06-30 14:43:50.087 W/skia    (  527): AGTM parsing failed flags.readFromStream(s) at 159
06-30 14:43:50.087 W/skia    (  527): AGTM parsing failed flags.readFromStream(s) at 159
06-30 14:43:50.088 W/skia    (  527): AGTM parsing failed flags.readFromStream(s) at 159
06-30 14:43:50.088 W/skia    (  527): AGTM parsing failed flags.readFromStream(s) at 159
06-30 14:43:50.088 W/skia    (  527): AGTM parsing failed flags.readFromStream(s) at 159
06-30 14:43:50.096 I/s.nexuslauncher( 2807): NativeAlloc concurrent mark compact GC freed 1185KB AllocSpace bytes, 0(0B) LOS objects, 49% free, 6617KB/12MB, paused 1.629ms,6.591ms total 21.948ms
06-30 14:43:50.102 W/skia    (  527): AGTM parsing failed flags.readFromStream(s) at 159
06-30 14:43:50.102 W/skia    (  527): AGTM parsing failed flags.readFromStream(s) at 159
06-30 14:43:50.102 W/skia    (  527): AGTM parsing failed flags.readFromStream(s) at 159
06-30 14:43:50.102 W/skia    (  527): AGTM parsing failed flags.readFromStream(s) at 159
06-30 14:43:50.102 W/skia    (  527): AGTM parsing failed flags.readFromStream(s) at 159
06-30 14:43:50.102 W/skia    (  527): AGTM parsing failed flags.readFromStream(s) at 159
06-30 14:43:50.102 W/skia    (  527): AGTM parsing failed flags.readFromStream(s) at 159
06-30 14:43:50.119 W/skia    (  527): AGTM parsing failed flags.readFromStream(s) at 159
06-30 14:43:50.119 W/skia    (  527): AGTM parsing failed flags.readFromStream(s) at 159
06-30 14:43:50.119 W/skia    (  527): AGTM parsing failed flags.readFromStream(s) at 159
06-30 14:43:50.119 W/skia    (  527): AGTM parsing failed flags.readFromStream(s) at 159
06-30 14:43:50.119 W/skia    (  527): AGTM parsing failed flags.readFromStream(s) at 159
06-30 14:43:50.119 W/skia    (  527): AGTM parsing failed flags.readFromStream(s) at 159
06-30 14:43:50.119 W/skia    (  527): AGTM parsing failed flags.readFromStream(s) at 159
06-30 14:43:50.136 W/skia    (  527): AGTM parsing failed flags.readFromStream(s) at 159
06-30 14:43:50.136 W/skia    (  527): AGTM parsing failed flags.readFromStream(s) at 159
06-30 14:43:50.136 W/skia    (  527): AGTM parsing failed flags.readFromStream(s) at 159
06-30 14:43:50.136 W/skia    (  527): AGTM parsing failed flags.readFromStream(s) at 159
06-30 14:43:50.136 W/skia    (  527): AGTM parsing failed flags.readFromStream(s) at 159
06-30 14:43:50.136 W/skia    (  527): AGTM parsing failed flags.readFromStream(s) at 159
06-30 14:43:50.136 W/skia    (  527): AGTM parsing failed flags.readFromStream(s) at 159
06-30 14:43:50.153 W/skia    (  527): AGTM parsing failed flags.readFromStream(s) at 159
06-30 14:43:50.153 W/skia    (  527): AGTM parsing failed flags.readFromStream(s) at 159
06-30 14:43:50.153 W/skia    (  527): AGTM parsing failed flags.readFromStream(s) at 159
06-30 14:43:50.153 W/skia    (  527): AGTM parsing failed flags.readFromStream(s) at 159
06-30 14:43:50.153 W/skia    (  527): AGTM parsing failed flags.readFromStream(s) at 159
06-30 14:43:50.153 W/skia    (  527): AGTM parsing failed flags.readFromStream(s) at 159
06-30 14:43:50.153 W/skia    (  527): AGTM parsing failed flags.readFromStream(s) at 159
06-30 14:43:50.170 W/skia    (  527): AGTM parsing failed flags.readFromStream(s) at 159
06-30 14:43:50.170 W/skia    (  527): AGTM parsing failed flags.readFromStream(s) at 159
06-30 14:43:50.170 W/skia    (  527): AGTM parsing failed flags.readFromStream(s) at 159
06-30 14:43:50.170 W/skia    (  527): AGTM parsing failed flags.readFromStream(s) at 159
06-30 14:43:50.170 W/skia    (  527): AGTM parsing failed flags.readFromStream(s) at 159
06-30 14:43:50.170 W/skia    (  527): AGTM parsing failed flags.readFromStream(s) at 159
06-30 14:43:50.170 W/skia    (  527): AGTM parsing failed flags.readFromStream(s) at 159
06-30 14:43:50.190 W/skia    (  527): AGTM parsing failed flags.readFromStream(s) at 159
06-30 14:43:50.190 W/skia    (  527): AGTM parsing failed flags.readFromStream(s) at 159
06-30 14:43:50.290 W/skia    (  527): AGTM parsing failed flags.readFromStream(s) at 159
06-30 14:43:50.291 W/skia    (  527): AGTM parsing failed flags.readFromStream(s) at 159
06-30 14:43:50.391 W/skia    (  527): AGTM parsing failed flags.readFromStream(s) at 159
06-30 14:43:50.391 W/skia    (  527): AGTM parsing failed flags.readFromStream(s) at 159
06-30 14:43:50.418 V/WindowManagerShell(  981): Transition animation finished (aborted=false), notifying core (#93) android.os.BinderProxy@82d84d0@0
06-30 14:43:50.420 V/WindowManager(  690): Finish Transition (#93): created at 06-30 14:43:49.843 collect-started=0.041ms request-sent=0.133ms started=5.083ms ready=12.603ms sent=16.498ms commit=47.445ms finished=576.447ms
06-30 14:43:50.420 V/WindowManagerShell(  981): Track 0 became idle
06-30 14:43:50.421 V/WindowManagerShell(  981): All active transition animations finished
06-30 14:43:50.421 D/VRI[ProxyActivityStarter]( 2807): visibilityChanged oldVisibility=true newVisibility=false
06-30 14:43:50.428 D/WindowOnBackDispatcher(24771): setTopOnBackInvokedCallback (unwrapped): null
06-30 14:43:50.428 D/WindowOnBackDispatcher(  690): setTopOnBackInvokedCallback (unwrapped): null
06-30 14:43:50.428 D/CoreBackPreview(  690): Window{d10129d u0 android/android.appwidget.AppWidgetConfigActivityProxy}: Setting back callback null
06-30 14:43:50.429 D/CoreBackPreview(  690): Window{7310b40 u0 com.aiquota.mobile/com.aiquota.mobile.widget.DashboardWidgetConfigureActivity}: Setting back callback null
06-30 14:43:50.429 W/ProcessStats(  690): Tracking association SourceState{fb17462 com.google.android.apps.messaging:rcs/10154 BFgs #13289} whose proc state 4 is better than process ProcessState{6764665 com.google.android.apps.messaging/10154 pkg=com.google.android.apps.messaging} proc state 14 (13 skipped)
06-30 14:43:50.429 D/ViewRootImpl(24771): Skipping stats log for color mode
06-30 14:43:50.432 D/ViewRootImpl(  690): Skipping stats log for color mode
06-30 14:43:50.437 D/WindowOnBackDispatcher( 2807): setTopOnBackInvokedCallback (unwrapped): null
06-30 14:43:50.438 D/ViewRootImpl( 2807): Skipping stats log for color mode
06-30 14:43:50.439 D/CoreBackPreview(  690): Window{8cb9b75 u0 com.google.android.apps.nexuslauncher/com.android.launcher3.proxy.ProxyActivityStarter}: Setting back callback null
06-30 14:43:50.443 D/RecentsView( 2807): onTaskRemoved: 510, not handling task stack changes
06-30 14:43:50.443 D/RecentsView( 2807): onTaskRemoved: 510, not handling task stack changes
06-30 14:43:50.453 V/ShellTaskOrganizer(  981): Task vanished taskId=510
06-30 14:43:50.453 V/ShellTaskOrganizer(  981): Fullscreen Task Vanished: #510
06-30 14:43:50.453 V/ShellDesktopMode(  981): Task Vanished: #510 closed=true
06-30 14:43:50.454 V/RecentTasksController(  981): Notify recent tasks changed
06-30 14:43:50.454 D/ShellDesktopMode(  981): AppToWebRepository: Task 510 is vanishing. Removing task data from repository
06-30 14:43:50.454 D/RecentTasksList( 2807): invalidateLoadedTasks - previous requestLoadId: -1
06-30 14:43:50.454 V/AppCompat(  981): SingleSurfaceLetterboxController: []
06-30 14:43:50.454 V/AppCompat(  981): MultiSurfaceLetterboxController: []
06-30 14:43:50.454 V/AppCompat(  981): LetterboxInputController: []
06-30 14:43:50.454 V/AppCompat(  981): RoundedCornersLetterboxController: {}
06-30 14:43:50.492 W/skia    (  527): AGTM parsing failed flags.readFromStream(s) at 159
06-30 14:43:50.492 W/skia    (  527): AGTM parsing failed flags.readFromStream(s) at 159
06-30 14:43:50.528 I/Surface (  690): Creating surface for consumer unnamed-690-24 with slotExpansion=1 for 64 slots
06-30 14:43:50.528 I/Surface (  690): Creating surface for consumer ImageReader-864x1920f1m1-690-17 with slotExpansion=1 for 64 slots
06-30 14:43:50.528 W/ImageReader_JNI(  690): Unable to acquire a buffer item, very likely client tried to acquire more than maxImages buffers
06-30 14:43:50.535 E/ConsumerBase(  690): [ImageReader-864x1920f1m1-690-17] abandonLocked: ConsumerBase is abandoned!
06-30 14:43:50.579 I/adbd    (  539): adbd service requested 'shell,v2,raw:dumpsys package com.google.android.gms'
06-30 14:43:50.595 W/skia    (  527): AGTM parsing failed flags.readFromStream(s) at 159
06-30 14:43:50.595 W/skia    (  527): AGTM parsing failed flags.readFromStream(s) at 159
06-30 14:43:50.715 I/artd    ( 3273): GetBestInfo: odex next to the dex file (/data/app/~~pUpe9D-hsv0lOCLmNQJGyA==/com.google.android.gms-a0e_AySruvvgbDhYG8Z6yQ==/oat/x86_64/base.odex) is kOatUpToDate with filter 'speed-profile' executable 'false'
06-30 14:43:50.716 I/artd    ( 3273): GetBestInfo: dm (/data/app/~~pUpe9D-hsv0lOCLmNQJGyA==/com.google.android.gms-a0e_AySruvvgbDhYG8Z6yQ==/split_AdsDynamite_installtime.dm) is kOatUpToDate with filter 'verify' executable 'false'
06-30 14:43:50.717 I/artd    ( 3273): GetBestInfo: odex next to the dex file (/data/app/~~pUpe9D-hsv0lOCLmNQJGyA==/com.google.android.gms-a0e_AySruvvgbDhYG8Z6yQ==/oat/x86_64/split_CronetDynamite_installtime.odex) is kOatUpToDate with filter 'speed-profile' executable 'false'
06-30 14:43:50.719 I/artd    ( 3273): GetBestInfo: dm (/data/app/~~pUpe9D-hsv0lOCLmNQJGyA==/com.google.android.gms-a0e_AySruvvgbDhYG8Z6yQ==/split_DynamiteLoader_installtime.dm) is kOatUpToDate with filter 'verify' executable 'false'
06-30 14:43:50.720 I/artd    ( 3273): GetBestInfo: dm (/data/app/~~pUpe9D-hsv0lOCLmNQJGyA==/com.google.android.gms-a0e_AySruvvgbDhYG8Z6yQ==/split_DynamiteModulesA_installtime.dm) is kOatUpToDate with filter 'verify' executable 'false'
06-30 14:43:50.721 I/artd    ( 3273): GetBestInfo: dm (/data/app/~~pUpe9D-hsv0lOCLmNQJGyA==/com.google.android.gms-a0e_AySruvvgbDhYG8Z6yQ==/split_DynamiteModulesC_installtime.dm) is kOatUpToDate with filter 'verify' executable 'false'
06-30 14:43:50.722 I/artd    ( 3273): GetBestInfo: dm (/data/app/~~pUpe9D-hsv0lOCLmNQJGyA==/com.google.android.gms-a0e_AySruvvgbDhYG8Z6yQ==/split_GoogleCertificates_installtime.dm) is kOatUpToDate with filter 'verify' executable 'false'
06-30 14:43:50.723 I/artd    ( 3273): GetBestInfo: dm (/data/app/~~pUpe9D-hsv0lOCLmNQJGyA==/com.google.android.gms-a0e_AySruvvgbDhYG8Z6yQ==/split_MapsDynamite_installtime.dm) is kOatUpToDate with filter 'verify' executable 'false'
06-30 14:43:50.725 I/artd    ( 3273): GetBestInfo: dm (/data/app/~~pUpe9D-hsv0lOCLmNQJGyA==/com.google.android.gms-a0e_AySruvvgbDhYG8Z6yQ==/split_MeasurementDynamite_installtime.dm) is kOatUpToDate with filter 'verify' executable 'false'
06-30 14:43:50.726 I/artd    ( 3273): GetBestInfo: /data/user_de/0/com.google.android.gms/app_chimera/m/0000000e/dl-IdentityCredentialsPlatform.optional_262031100800.apk has no usable artifacts
06-30 14:43:50.727 I/artd    ( 3273): GetBestInfo: /data/user_de/0/com.google.android.gms/app_chimera/m/00000001/CronetDynamite.apk has no usable artifacts
06-30 14:43:50.728 I/artd    ( 3273): GetBestInfo: /data/user_de/0/com.google.android.gms/app_chimera/m/00000013/dl-TfliteDynamiteDynamite.integ_252130102100800.apk has no usable artifacts
06-30 14:43:50.729 I/artd    ( 3273): GetBestInfo: /data/user_de/0/com.google.android.gms/app_chimera/m/00000002/DynamiteLoader.apk has no usable artifacts
06-30 14:43:50.730 I/artd    ( 3273): GetBestInfo: /data/user_de/0/com.google.android.gms/app_chimera/m/0000000c/dl-IdentityCredentialsPlatform.optional_261136100800.apk has no usable artifacts
06-30 14:43:50.730 I/artd    ( 3273): GetBestInfo: /data/user_de/0/com.google.android.gms/app_chimera/m/00000005/GoogleCertificates.apk has no usable artifacts
06-30 14:43:50.731 I/artd    ( 3273): GetBestInfo: /data/user_de/0/com.google.android.gms/app_chimera/m/0000000a/dl-TfliteDynamiteDynamite.integ_260580502100800.apk has no usable artifacts
06-30 14:43:50.733 I/artd    ( 3273): GetBestInfo: /data/user_de/0/com.google.android.gms/app_chimera/m/00000016/dl-PlayCloudSearch.optional_262031100000.apk has no usable artifacts
06-30 14:43:50.734 I/artd    ( 3273): GetBestInfo: /data/user_de/0/com.google.android.gms/app_chimera/m/00000014/dl-MlkitOcrCommon.optional_262031100800.apk has no usable artifacts
06-30 14:43:50.736 I/artd    ( 3273): GetBestInfo: /data/user_de/0/com.google.android.gms/app_chimera/m/00000008/dl-VisionOcr.optional_261136100000.apk has no usable artifacts
06-30 14:43:50.737 I/artd    ( 3273): GetBestInfo: /data/user_de/0/com.google.android.gms/app_chimera/m/00000010/dl-Appsearch.optional_262031100800.apk has no usable artifacts
06-30 14:43:50.739 I/artd    ( 3273): GetBestInfo: /data/user_de/0/com.google.android.gms/app_chimera/m/0000000b/dl-Appsearch.optional_261136100800.apk has no usable artifacts
06-30 14:43:50.741 I/artd    ( 3273): GetBestInfo: vdex next to the dex file (/data/user/0/com.google.android.gms/app_dg_cache/9BCBC14EE674B00B958D4B0C5B4BD883630AA39E/oat/x86_64/the.vdex) is kOatUpToDate with filter 'verify' executable 'false'
06-30 14:43:50.742 I/artd    ( 3273): GetBestInfo: /data/user_de/0/com.google.android.gms/app_chimera/m/00000009/dl-MlkitOcrCommon.optional_261136100800.apk has no usable artifacts
06-30 14:43:50.743 I/artd    ( 3273): GetBestInfo: /data/user/0/com.google.android.gms/app_dg_cache/22DA9D7AD8ED7504E0CAC64C41ECDBD7068924E0/the.apk has no usable artifacts
06-30 14:43:50.744 I/artd    ( 3273): GetBestInfo: vdex next to the dex file (/data/user/0/com.google.android.gms/app_dg_cache/FEE57AEA14526BE59FD8AB1365237E7B7A5CE7CB/oat/x86_64/the.vdex) is kOatUpToDate with filter 'verify' executable 'false'
06-30 14:43:50.746 I/artd    ( 3273): GetBestInfo: vdex next to the dex file (/data/user/0/com.google.android.gms/app_dg_cache/1C62BDE86218FBAA50DF06C4A79F5C3FE74B69EC/oat/x86_64/the.vdex) is kOatUpToDate with filter 'verify' executable 'false'
06-30 14:43:50.747 I/artd    ( 3273): GetBestInfo: /data/user_de/0/com.google.android.gms/app_chimera/m/0000000f/dl-VisionOcr.optional_262031100000.apk has no usable artifacts
06-30 14:43:50.748 I/artd    ( 3273): GetBestInfo: /data/user_de/0/com.google.android.gms/app_chimera/m/00000015/dl-MlkitBarcodeUi.optional_262031100800.apk has no usable artifacts
06-30 14:43:50.749 I/artd    ( 3273): GetBestInfo: /data/user_de/0/com.google.android.gms/app_chimera/m/00000007/MeasurementDynamite.apk has no usable artifacts
06-30 14:43:50.758 E/GoogleApiManager( 6557): Failed to get service from broker. 
06-30 14:43:50.758 E/GoogleApiManager( 6557): java.lang.SecurityException: Unknown calling package name 'com.google.android.gms'.
06-30 14:43:50.758 E/GoogleApiManager( 6557): 	at android.os.Parcel.createExceptionOrNull(Parcel.java:3392)
06-30 14:43:50.758 E/GoogleApiManager( 6557): 	at android.os.Parcel.createException(Parcel.java:3376)
06-30 14:43:50.758 E/GoogleApiManager( 6557): 	at android.os.Parcel.readException(Parcel.java:3359)
06-30 14:43:50.758 E/GoogleApiManager( 6557): 	at android.os.Parcel.readException(Parcel.java:3301)
06-30 14:43:50.758 E/GoogleApiManager( 6557): 	at bjwi.a(:com.google.android.gms@262031038@26.20.31 (260800-919905943):36)
06-30 14:43:50.758 E/GoogleApiManager( 6557): 	at bjue.z(:com.google.android.gms@262031038@26.20.31 (260800-919905943):143)
06-30 14:43:50.758 E/GoogleApiManager( 6557): 	at bjaj.run(:com.google.android.gms@262031038@26.20.31 (260800-919905943):42)
06-30 14:43:50.758 E/GoogleApiManager( 6557): 	at android.os.Handler.handleCallback(Handler.java:1095)
06-30 14:43:50.758 E/GoogleApiManager( 6557): 	at android.os.Handler.dispatchMessageImpl(Handler.java:135)
06-30 14:43:50.758 E/GoogleApiManager( 6557): 	at android.os.Handler.dispatchMessage(Handler.java:125)
06-30 14:43:50.758 E/GoogleApiManager( 6557): 	at dbov.mL(:com.google.android.gms@262031038@26.20.31 (260800-919905943):1)
06-30 14:43:50.758 E/GoogleApiManager( 6557): 	at dbov.dispatchMessage(:com.google.android.gms@262031038@26.20.31 (260800-919905943):5)
06-30 14:43:50.758 E/GoogleApiManager( 6557): 	at android.os.Looper.loopOnce(Looper.java:296)
06-30 14:43:50.758 E/GoogleApiManager( 6557): 	at android.os.Looper.loop(Looper.java:397)
06-30 14:43:50.758 E/GoogleApiManager( 6557): 	at android.os.HandlerThread.run(HandlerThread.java:139)
06-30 14:43:50.758 W/GoogleApiManager( 6557): Not showing notification since connectionResult is not user-facing: ConnectionResult{statusCode=DEVELOPER_ERROR, resolution=null, message=null, clientMethodKey=null}
06-30 14:43:50.941 D/InetDiagMessage(  690): Destroyed 4 sockets, proto=IPPROTO_TCP, family=AF_INET, states=14
06-30 14:43:50.942 D/InetDiagMessage(  690): Destroyed 0 sockets, proto=IPPROTO_TCP, family=AF_INET6, states=14
06-30 14:43:50.942 D/InetDiagMessage(  690): Destroyed live tcp sockets for uids={10160} in 3ms
06-30 14:43:50.942 D/InetDiagMessage(  690): Destroyed 0 sockets, proto=IPPROTO_TCP, family=AF_INET, states=14
06-30 14:43:50.942 D/InetDiagMessage(  690): Destroyed 0 sockets, proto=IPPROTO_TCP, family=AF_INET6, states=14
06-30 14:43:50.942 D/InetDiagMessage(  690): Destroyed live tcp sockets for uids={20160} in 1ms
06-30 14:43:51.639 D/AppWidgetServiceImpl(  690): Trying to notify widget update for package com.aiquota.mobile with widget id: 22
06-30 14:43:51.643 D/AppWidgetServiceImpl(  690): Trying to notify widget update for package com.aiquota.mobile with widget id: 24
06-30 14:43:51.645 D/AppWidgetServiceImpl(  690): Trying to notify widget update for package com.aiquota.mobile with widget id: 20
06-30 14:43:51.646 D/AppWidgetServiceImpl(  690): Trying to notify widget update for package com.aiquota.mobile with widget id: 21
06-30 14:43:51.669 D/AppWidgetServiceImpl(  690): Trying to notify widget update for package com.aiquota.mobile with widget id: 17
06-30 14:43:51.685 D/ShortcutAndWidgetContainer( 2807): appWidgetScale - [x,y]: [1.0,1.0]
06-30 14:43:51.685 D/NavigableAppWidgetHostView( 2807): updateScale - [fitScale,bounceScale]: [1.0,1.0]
06-30 14:43:51.685 D/ShortcutAndWidgetContainer( 2807): appWidgetScale - [x,y]: [1.0,1.0]
06-30 14:43:51.685 D/NavigableAppWidgetHostView( 2807): updateScale - [fitScale,bounceScale]: [1.0,1.0]
06-30 14:43:51.685 D/ShortcutAndWidgetContainer( 2807): appWidgetScale - [x,y]: [1.0,1.0]
06-30 14:43:51.685 D/NavigableAppWidgetHostView( 2807): updateScale - [fitScale,bounceScale]: [1.0,1.0]
06-30 14:43:51.685 D/ShortcutAndWidgetContainer( 2807): appWidgetScale - [x,y]: [1.0,1.0]
06-30 14:43:51.685 D/NavigableAppWidgetHostView( 2807): updateScale - [fitScale,bounceScale]: [1.0,1.0]
06-30 14:43:51.689 W/skia    (  527): AGTM parsing failed flags.readFromStream(s) at 159
06-30 14:43:51.689 W/skia    (  527): AGTM parsing failed flags.readFromStream(s) at 159
06-30 14:43:51.789 W/skia    (  527): AGTM parsing failed flags.readFromStream(s) at 159
06-30 14:43:51.789 W/skia    (  527): AGTM parsing failed flags.readFromStream(s) at 159
06-30 14:43:51.891 W/skia    (  527): AGTM parsing failed flags.readFromStream(s) at 159
06-30 14:43:51.891 W/skia    (  527): AGTM parsing failed flags.readFromStream(s) at 159
06-30 14:43:52.535 I/AdbWifiNetworkMonitor(  690): Wi-Fi network available
06-30 14:43:52.535 I/AdbWifiNetworkMonitor(  690): Received the same Wi-Fi SSID. Ignoring.
06-30 14:43:52.546 I/HalDevMgr(  690): bestIfaceCreationProposal is null, requestIface=STA, existingIface=[name=wlan0 type=STA]
06-30 14:43:52.554 I/NullBinder( 1317): NullBinder for android.net.action.RECOMMEND_NETWORKS triggering remote TransactionTooLargeException due to Service without Chimera impl, calling uid: 1000, calling pid: 0
06-30 14:43:52.556 D/IpClient/wlan0( 1083): interfaceLinkStateChanged: ifindex 16 up
06-30 14:43:52.558 D/WM-WorkConstraintsTrack( 2923): NetworkRequestConstraintController onCapabilitiesChanged callback
06-30 14:43:52.558 W/libbinder.IPCThreadState(  690): Sending oneway calls to frozen process.
06-30 14:43:52.559 W/libbinder.Binder( 1317): Large reply transaction of 1056768 bytes, interface descriptor , function: UNKNOWN_FUNCTION_NAME, code: 1, flags: 17
06-30 14:43:52.560 W/libbinder.IPCThreadState(  690): Sending oneway calls to frozen process.
06-30 14:43:52.564 I/BugleRcsEngine( 3867): handleMessage processing message:[NOTIFY_UPTIME_IGNORE_STATE_CHANGED] with [non-null]:RcsEngineImpl reference [CONTEXT log_prefix="RcsEngineImpl[DUAL_REG]:[390448b9-d26f]>Handler" thread_id=69 ]
06-30 14:43:52.565 D/WM-WorkConstraintsTrack( 3977): NetworkRequestConstraintController onCapabilitiesChanged callback
06-30 14:43:52.568 I/BugleRcsEngine( 3867): Connected state: [1], networkType: [WIFI] [CONTEXT thread_id=65 ]
06-30 14:43:52.569 D/IpClient/wlan0( 1083): interfaceLinkStateChanged: ifindex 16 up
06-30 14:43:52.569 D/WM-WorkConstraintsTrack(25149): NetworkRequestConstraintController onCapabilitiesChanged callback
06-30 14:43:52.573 I/NearbyMediums( 1317): Wifi changed new SSID: "AndroidWifi"
06-30 14:43:52.574 I/NearbyMediums( 1317): WifiLanConnectivityInfo is not changed, skip notify.
06-30 14:43:52.574 D/ConnectivityService(  690): NetReassign [no changes] [c 1] [a 2] [i 1]
06-30 14:43:52.574 I/BugleRcsEngine( 3867): No RCS Configuration was found in Bugle for simID: redacted-pii:sim_id[chars:20,last3:897] [CONTEXT log_prefix="ProvisioningEngineDataRetriever" thread_id=69 ]
06-30 14:43:52.683 D/android.hardware.audio@7.1-impl.ranchu(  471): threadLoop: entering standby, frames: 4554368
06-30 14:43:52.683 D/android.hardware.audio@7.1-impl.ranchu(  471): ~TinyalsaSink: joining consumeThread
06-30 14:43:52.684 D/android.hardware.audio@7.1-impl.ranchu(  471): consumeThread: exiting
06-30 14:43:52.684 D/android.hardware.audio@7.1-impl.ranchu(  471): ~TinyalsaSink: stopping PCM stream
06-30 14:43:53.064 I/NearbySharing( 1317): Network state changed: NetworkState(isRestricted=false, isOnline=true, isCongested=false, isMetered=false, isWifiConnected=true)
06-30 14:43:53.126 W/ApplicationInfo(  690): Large ApplicationInfo parcel: size=18260 package=com.google.android.googlequicksearchbox splits=1 sharedLibs=3 resDirs=2 overlayPaths=2
06-30 14:43:53.127 W/PackageInfo(  690): Large parcel: size=18568 pkg=com.google.android.googlequicksearchbox uid=10158 prevAllowSquashing=false
06-30 14:43:53.169 E/hmly    ( 1317): Got more than one input Future failure. Logging failures after the first
06-30 14:43:53.169 E/hmly    ( 1317): java.io.IOException: Unable to create parent directories of /data/user/0/com.google.android.gms/files/mobstore_salt.pb.lock
06-30 14:43:53.169 E/hmly    ( 1317): 	at hhkm.c(:com.google.android.gms@262031038@26.20.31 (260800-919905943):37)
06-30 14:43:53.169 E/hmly    ( 1317): 	at gons.e(:com.google.android.gms@262031038@26.20.31 (260800-919905943):5)
06-30 14:43:53.169 E/hmly    ( 1317): 	at goqk.a(:com.google.android.gms@262031038@26.20.31 (260800-919905943):198)
06-30 14:43:53.169 E/hmly    ( 1317): 	at gomy.d(:com.google.android.gms@262031038@26.20.31 (260800-919905943):5)
06-30 14:43:53.169 E/hmly    ( 1317): 	at gosk.a(:com.google.android.gms@262031038@26.20.31 (260800-919905943):28)
06-30 14:43:53.169 E/hmly    ( 1317): 	at hdmz.a(:com.google.android.gms@262031038@26.20.31 (260800-919905943):17)
06-30 14:43:53.169 E/hmly    ( 1317): 	at hmnp.a(:com.google.android.gms@262031038@26.20.31 (260800-919905943):20)
06-30 14:43:53.169 E/hmly    ( 1317): 	at hmpt.a(:com.google.android.gms@262031038@26.20.31 (260800-919905943):3)
06-30 14:43:53.169 E/hmly    ( 1317): 	at hmou.run(:com.google.android.gms@262031038@26.20.31 (260800-919905943):19)
06-30 14:43:53.169 E/hmly    ( 1317): 	at hmpv.run(:com.google.android.gms@262031038@26.20.31 (260800-919905943):5)
06-30 14:43:53.169 E/hmly    ( 1317): 	at hmnr.run(:com.google.android.gms@262031038@26.20.31 (260800-919905943):20)
06-30 14:43:53.169 E/hmly    ( 1317): 	at java.util.concurrent.ThreadPoolExecutor.runWorker(ThreadPoolExecutor.java:1100)
06-30 14:43:53.169 E/hmly    ( 1317): 	at java.util.concurrent.ThreadPoolExecutor$Worker.run(ThreadPoolExecutor.java:624)
06-30 14:43:53.169 E/hmly    ( 1317): 	at java.lang.Thread.run(Thread.java:1572)
06-30 14:43:53.174 E/hmly    ( 1317): Got more than one input Future failure. Logging failures after the first
06-30 14:43:53.174 E/hmly    ( 1317): java.io.IOException: Unable to create parent directories of /data/user/0/com.google.android.gms/files/mobstore_salt.pb.lock
06-30 14:43:53.174 E/hmly    ( 1317): 	at hhkm.c(:com.google.android.gms@262031038@26.20.31 (260800-919905943):37)
06-30 14:43:53.174 E/hmly    ( 1317): 	at gons.e(:com.google.android.gms@262031038@26.20.31 (260800-919905943):5)
06-30 14:43:53.174 E/hmly    ( 1317): 	at goqk.a(:com.google.android.gms@262031038@26.20.31 (260800-919905943):198)
06-30 14:43:53.174 E/hmly    ( 1317): 	at gomy.d(:com.google.android.gms@262031038@26.20.31 (260800-919905943):5)
06-30 14:43:53.174 E/hmly    ( 1317): 	at gosk.a(:com.google.android.gms@262031038@26.20.31 (260800-919905943):28)
06-30 14:43:53.174 E/hmly    ( 1317): 	at hdmz.a(:com.google.android.gms@262031038@26.20.31 (260800-919905943):17)
06-30 14:43:53.174 E/hmly    ( 1317): 	at hmnp.a(:com.google.android.gms@262031038@26.20.31 (260800-919905943):20)
06-30 14:43:53.174 E/hmly    ( 1317): 	at hmpt.a(:com.google.android.gms@262031038@26.20.31 (260800-919905943):3)
06-30 14:43:53.174 E/hmly    ( 1317): 	at hmou.run(:com.google.android.gms@262031038@26.20.31 (260800-919905943):19)
06-30 14:43:53.174 E/hmly    ( 1317): 	at hmpv.run(:com.google.android.gms@262031038@26.20.31 (260800-919905943):5)
06-30 14:43:53.174 E/hmly    ( 1317): 	at hmnr.run(:com.google.android.gms@262031038@26.20.31 (260800-919905943):20)
06-30 14:43:53.174 E/hmly    ( 1317): 	at java.util.concurrent.ThreadPoolExecutor.runWorker(ThreadPoolExecutor.java:1100)
06-30 14:43:53.174 E/hmly    ( 1317): 	at java.util.concurrent.ThreadPoolExecutor$Worker.run(ThreadPoolExecutor.java:624)
06-30 14:43:53.174 E/hmly    ( 1317): 	at java.lang.Thread.run(Thread.java:1572)
06-30 14:43:53.174 V/ClearcutMetricXmitter(25149): Transmission is done.
06-30 14:43:53.174 V/ClearcutMetricXmitter(25149): Transmission is done.
06-30 14:43:53.935 E/TaskPersister(  690): File error accessing recents directory (directory doesn't exist?).
06-30 14:43:54.934 I/wpa_supplicant(  961): wlan0: CTRL-EVENT-BEACON-LOSS 
06-30 14:43:55.530 I/keystore2(  331): system/security/keystore2/watchdog/src/lib.rs:371 - Watchdog thread idle -> terminating. Have a great day.
06-30 14:43:55.552 I/AdbWifiNetworkMonitor(  690): Wi-Fi network available
06-30 14:43:55.552 I/AdbWifiNetworkMonitor(  690): Received the same Wi-Fi SSID. Ignoring.
06-30 14:43:55.558 D/WM-WorkConstraintsTrack( 2923): NetworkRequestConstraintController onCapabilitiesChanged callback
06-30 14:43:55.558 I/HalDevMgr(  690): bestIfaceCreationProposal is null, requestIface=STA, existingIface=[name=wlan0 type=STA]
06-30 14:43:55.560 I/BugleRcsEngine( 3867): handleMessage processing message:[NOTIFY_UPTIME_IGNORE_STATE_CHANGED] with [non-null]:RcsEngineImpl reference [CONTEXT log_prefix="RcsEngineImpl[DUAL_REG]:[390448b9-d26f]>Handler" thread_id=69 ]
06-30 14:43:55.561 I/BugleRcsEngine( 3867): Connected state: [1], networkType: [WIFI] [CONTEXT thread_id=65 ]
06-30 14:43:55.561 D/WM-WorkConstraintsTrack( 3977): NetworkRequestConstraintController onCapabilitiesChanged callback
06-30 14:43:55.562 W/libbinder.IPCThreadState(  690): Sending oneway calls to frozen process.
06-30 14:43:55.563 W/libbinder.IPCThreadState(  690): Sending oneway calls to frozen process.
06-30 14:43:55.563 I/NullBinder( 1317): NullBinder for android.net.action.RECOMMEND_NETWORKS triggering remote TransactionTooLargeException due to Service without Chimera impl, calling uid: 1000, calling pid: 0
06-30 14:43:55.564 W/libbinder.Binder( 1317): Large reply transaction of 1056768 bytes, interface descriptor , function: UNKNOWN_FUNCTION_NAME, code: 1, flags: 17
06-30 14:43:55.566 D/WM-WorkConstraintsTrack(25149): NetworkRequestConstraintController onCapabilitiesChanged callback
06-30 14:43:55.569 D/ConnectivityService(  690): NetReassign [no changes] [c 2] [a 1] [i 1]
06-30 14:43:55.570 I/NearbyMediums( 1317): Wifi changed new SSID: "AndroidWifi"
06-30 14:43:55.570 I/NearbyMediums( 1317): WifiLanConnectivityInfo is not changed, skip notify.
06-30 14:43:55.570 I/BugleRcsEngine( 3867): No RCS Configuration was found in Bugle for simID: redacted-pii:sim_id[chars:20,last3:897] [CONTEXT log_prefix="ProvisioningEngineDataRetriever" thread_id=69 ]
06-30 14:43:56.061 I/NearbySharing( 1317): Network state changed: NetworkState(isRestricted=false, isOnline=true, isCongested=false, isMetered=false, isWifiConnected=true)
06-30 14:43:56.267 D/ActivityManager(  690): freezing 25149 com.google.android.googlequicksearchbox:search
06-30 14:43:58.506 D/BoundBrokerSvc(20906): onUnbind: Intent { act=com.google.android.gms.notifications.capping.api.NotificationsCappingApiService.START dat=chimera-action:/... xflg=0x4 cmp=com.google.android.gms/.chimera.GmsApiService }
06-30 14:43:58.565 I/HalDevMgr(  690): bestIfaceCreationProposal is null, requestIface=STA, existingIface=[name=wlan0 type=STA]
06-30 14:43:58.569 D/IpClient/wlan0( 1083): interfaceLinkStateChanged: ifindex 16 up
06-30 14:43:58.573 D/IpClient/wlan0( 1083): interfaceLinkStateChanged: ifindex 16 up
06-30 14:43:59.552 D/SatelliteController( 1128): isInCarrierRoamingNbIotNtn: satellite is disabled
06-30 14:43:59.552 D/SatelliteController( 1128): getCarrierRoamingNtnConnectType: Checking connect type from PLMN config for subId: 1
06-30 14:43:59.552 D/TelephonyConfigUpdateInstallReceiver( 1128): getConfigParser: domain=satellite
06-30 14:43:59.552 V/SatelliteController( 1128): satelliteConfigParser is not ready
06-30 14:43:59.552 D/SatelliteController( 1128): isSatelliteAttachSupportedViaConfigupdater: return null (satelliteConfig is null)
06-30 14:43:59.553 D/SatelliteController( 1128): getSatellitePerPlmnConfiguration: invalid subId or not supported via carrier.
06-30 14:43:59.553 D/SatelliteController( 1128): getCarrierRoamingNtnConnectType: config: null
06-30 14:43:59.553 D/TelephonyConfigUpdateInstallReceiver( 1128): getConfigParser: domain=satellite
06-30 14:43:59.553 V/SatelliteController( 1128): satelliteConfigParser is not ready
06-30 14:43:59.553 D/SatelliteController( 1128): getCarrierRoamingNtnConnectTypeViaConfigUpdater: return null (satelliteConfig is null)
06-30 14:43:59.553 D/SatelliteController( 1128): getCarrierRoamingNtnConnectType: Falling back to global carrier config connect type: 0
06-30 14:43:59.553 D/TelephonyConfigUpdateInstallReceiver( 1128): getConfigParser: domain=satellite
06-30 14:43:59.553 V/SatelliteController( 1128): satelliteConfigParser is not ready
06-30 14:43:59.553 D/SatelliteController( 1128): isSatelliteAttachSupportedViaConfigupdater: return null (satelliteConfig is null)
06-30 14:43:59.553 D/SatelliteController( 1128): getCarrierRoamingNtnConnectType: Checking connect type from PLMN config for subId: 1
06-30 14:43:59.553 D/TelephonyConfigUpdateInstallReceiver( 1128): getConfigParser: domain=satellite
06-30 14:43:59.553 V/SatelliteController( 1128): satelliteConfigParser is not ready
06-30 14:43:59.553 D/SatelliteController( 1128): isSatelliteAttachSupportedViaConfigupdater: return null (satelliteConfig is null)
06-30 14:43:59.553 D/SatelliteController( 1128): getSatellitePerPlmnConfiguration: invalid subId or not supported via carrier.
06-30 14:43:59.553 D/SatelliteController( 1128): getCarrierRoamingNtnConnectType: config: null
06-30 14:43:59.553 D/TelephonyConfigUpdateInstallReceiver( 1128): getConfigParser: domain=satellite
06-30 14:43:59.553 V/SatelliteController( 1128): satelliteConfigParser is not ready
06-30 14:43:59.553 D/SatelliteController( 1128): getCarrierRoamingNtnConnectTypeViaConfigUpdater: return null (satelliteConfig is null)
06-30 14:43:59.554 D/SatelliteController( 1128): getCarrierRoamingNtnConnectType: Falling back to global carrier config connect type: 0
06-30 14:43:59.554 D/TelephonyConfigUpdateInstallReceiver( 1128): getConfigParser: domain=satellite
06-30 14:43:59.554 V/SatelliteController( 1128): satelliteConfigParser is not ready
06-30 14:43:59.554 D/SatelliteController( 1128): isSatelliteAttachSupportedViaConfigupdater: return null (satelliteConfig is null)
06-30 14:44:00.057 W/skia    (  527): AGTM parsing failed flags.readFromStream(s) at 159
06-30 14:44:00.057 W/skia    (  527): AGTM parsing failed flags.readFromStream(s) at 159
06-30 14:44:00.581 I/adbd    (  539): adbd service requested 'shell,v2,raw:dumpsys package com.google.android.gms'
06-30 14:44:00.711 I/artd    ( 3273): GetBestInfo: odex next to the dex file (/data/app/~~pUpe9D-hsv0lOCLmNQJGyA==/com.google.android.gms-a0e_AySruvvgbDhYG8Z6yQ==/oat/x86_64/base.odex) is kOatUpToDate with filter 'speed-profile' executable 'false'
06-30 14:44:00.713 I/artd    ( 3273): GetBestInfo: dm (/data/app/~~pUpe9D-hsv0lOCLmNQJGyA==/com.google.android.gms-a0e_AySruvvgbDhYG8Z6yQ==/split_AdsDynamite_installtime.dm) is kOatUpToDate with filter 'verify' executable 'false'
06-30 14:44:00.714 I/artd    ( 3273): GetBestInfo: odex next to the dex file (/data/app/~~pUpe9D-hsv0lOCLmNQJGyA==/com.google.android.gms-a0e_AySruvvgbDhYG8Z6yQ==/oat/x86_64/split_CronetDynamite_installtime.odex) is kOatUpToDate with filter 'speed-profile' executable 'false'
06-30 14:44:00.715 I/artd    ( 3273): GetBestInfo: dm (/data/app/~~pUpe9D-hsv0lOCLmNQJGyA==/com.google.android.gms-a0e_AySruvvgbDhYG8Z6yQ==/split_DynamiteLoader_installtime.dm) is kOatUpToDate with filter 'verify' executable 'false'
06-30 14:44:00.717 I/artd    ( 3273): GetBestInfo: dm (/data/app/~~pUpe9D-hsv0lOCLmNQJGyA==/com.google.android.gms-a0e_AySruvvgbDhYG8Z6yQ==/split_DynamiteModulesA_installtime.dm) is kOatUpToDate with filter 'verify' executable 'false'
06-30 14:44:00.718 I/artd    ( 3273): GetBestInfo: dm (/data/app/~~pUpe9D-hsv0lOCLmNQJGyA==/com.google.android.gms-a0e_AySruvvgbDhYG8Z6yQ==/split_DynamiteModulesC_installtime.dm) is kOatUpToDate with filter 'verify' executable 'false'
06-30 14:44:00.720 I/artd    ( 3273): GetBestInfo: dm (/data/app/~~pUpe9D-hsv0lOCLmNQJGyA==/com.google.android.gms-a0e_AySruvvgbDhYG8Z6yQ==/split_GoogleCertificates_installtime.dm) is kOatUpToDate with filter 'verify' executable 'false'
06-30 14:44:00.721 I/artd    ( 3273): GetBestInfo: dm (/data/app/~~pUpe9D-hsv0lOCLmNQJGyA==/com.google.android.gms-a0e_AySruvvgbDhYG8Z6yQ==/split_MapsDynamite_installtime.dm) is kOatUpToDate with filter 'verify' executable 'false'
06-30 14:44:00.723 I/artd    ( 3273): GetBestInfo: dm (/data/app/~~pUpe9D-hsv0lOCLmNQJGyA==/com.google.android.gms-a0e_AySruvvgbDhYG8Z6yQ==/split_MeasurementDynamite_installtime.dm) is kOatUpToDate with filter 'verify' executable 'false'
06-30 14:44:00.724 I/artd    ( 3273): GetBestInfo: /data/user_de/0/com.google.android.gms/app_chimera/m/0000000e/dl-IdentityCredentialsPlatform.optional_262031100800.apk has no usable artifacts
06-30 14:44:00.725 I/artd    ( 3273): GetBestInfo: /data/user_de/0/com.google.android.gms/app_chimera/m/00000001/CronetDynamite.apk has no usable artifacts
06-30 14:44:00.726 I/artd    ( 3273): GetBestInfo: /data/user_de/0/com.google.android.gms/app_chimera/m/00000013/dl-TfliteDynamiteDynamite.integ_252130102100800.apk has no usable artifacts
06-30 14:44:00.727 I/artd    ( 3273): GetBestInfo: /data/user_de/0/com.google.android.gms/app_chimera/m/00000002/DynamiteLoader.apk has no usable artifacts
06-30 14:44:00.728 I/artd    ( 3273): GetBestInfo: /data/user_de/0/com.google.android.gms/app_chimera/m/0000000c/dl-IdentityCredentialsPlatform.optional_261136100800.apk has no usable artifacts
06-30 14:44:00.729 I/artd    ( 3273): GetBestInfo: /data/user_de/0/com.google.android.gms/app_chimera/m/00000005/GoogleCertificates.apk has no usable artifacts
06-30 14:44:00.730 I/artd    ( 3273): GetBestInfo: /data/user_de/0/com.google.android.gms/app_chimera/m/0000000a/dl-TfliteDynamiteDynamite.integ_260580502100800.apk has no usable artifacts
06-30 14:44:00.731 I/artd    ( 3273): GetBestInfo: /data/user_de/0/com.google.android.gms/app_chimera/m/00000016/dl-PlayCloudSearch.optional_262031100000.apk has no usable artifacts
06-30 14:44:00.732 I/artd    ( 3273): GetBestInfo: /data/user_de/0/com.google.android.gms/app_chimera/m/00000014/dl-MlkitOcrCommon.optional_262031100800.apk has no usable artifacts
06-30 14:44:00.734 I/artd    ( 3273): GetBestInfo: /data/user_de/0/com.google.android.gms/app_chimera/m/00000008/dl-VisionOcr.optional_261136100000.apk has no usable artifacts
06-30 14:44:00.736 I/artd    ( 3273): GetBestInfo: /data/user_de/0/com.google.android.gms/app_chimera/m/00000010/dl-Appsearch.optional_262031100800.apk has no usable artifacts
06-30 14:44:00.737 I/artd    ( 3273): GetBestInfo: /data/user_de/0/com.google.android.gms/app_chimera/m/0000000b/dl-Appsearch.optional_261136100800.apk has no usable artifacts
06-30 14:44:00.739 I/artd    ( 3273): GetBestInfo: vdex next to the dex file (/data/user/0/com.google.android.gms/app_dg_cache/9BCBC14EE674B00B958D4B0C5B4BD883630AA39E/oat/x86_64/the.vdex) is kOatUpToDate with filter 'verify' executable 'false'
06-30 14:44:00.740 I/artd    ( 3273): GetBestInfo: /data/user_de/0/com.google.android.gms/app_chimera/m/00000009/dl-MlkitOcrCommon.optional_261136100800.apk has no usable artifacts
06-30 14:44:00.741 I/artd    ( 3273): GetBestInfo: /data/user/0/com.google.android.gms/app_dg_cache/22DA9D7AD8ED7504E0CAC64C41ECDBD7068924E0/the.apk has no usable artifacts
06-30 14:44:00.742 I/artd    ( 3273): GetBestInfo: vdex next to the dex file (/data/user/0/com.google.android.gms/app_dg_cache/FEE57AEA14526BE59FD8AB1365237E7B7A5CE7CB/oat/x86_64/the.vdex) is kOatUpToDate with filter 'verify' executable 'false'
06-30 14:44:00.744 I/artd    ( 3273): GetBestInfo: vdex next to the dex file (/data/user/0/com.google.android.gms/app_dg_cache/1C62BDE86218FBAA50DF06C4A79F5C3FE74B69EC/oat/x86_64/the.vdex) is kOatUpToDate with filter 'verify' executable 'false'
06-30 14:44:00.745 I/artd    ( 3273): GetBestInfo: /data/user_de/0/com.google.android.gms/app_chimera/m/0000000f/dl-VisionOcr.optional_262031100000.apk has no usable artifacts
06-30 14:44:00.746 I/artd    ( 3273): GetBestInfo: /data/user_de/0/com.google.android.gms/app_chimera/m/00000015/dl-MlkitBarcodeUi.optional_262031100800.apk has no usable artifacts
06-30 14:44:00.748 I/artd    ( 3273): GetBestInfo: /data/user_de/0/com.google.android.gms/app_chimera/m/00000007/MeasurementDynamite.apk has no usable artifacts
06-30 14:44:00.811 D/BoundBrokerSvc(20906): onUnbind: Intent { act=com.google.android.gms.inappreach.service.START dat=chimera-action:/... xflg=0x4 cmp=com.google.android.gms/.chimera.GmsApiService }
06-30 14:44:00.812 D/BoundBrokerSvc( 1317): onUnbind: Intent { act=com.google.android.gms.libs.gmscorelogger.service.START dat=chimera-action:/... xflg=0x4 cmp=com.google.android.gms/.chimera.PersistentDirectBootAwareApiService }
06-30 14:44:00.901 D/ActivityManager(  690): freezing 6575 com.android.providers.calendar
06-30 14:44:00.902 D/InetDiagMessage(  690): Destroyed 0 sockets, proto=IPPROTO_TCP, family=AF_INET, states=14
06-30 14:44:00.903 D/InetDiagMessage(  690): Destroyed 0 sockets, proto=IPPROTO_TCP, family=AF_INET6, states=14
06-30 14:44:00.903 D/InetDiagMessage(  690): Destroyed live tcp sockets for uids={10104} in 1ms
06-30 14:44:01.277 I/PlayCommon( 4591): [61] Preparing logs for uploading
06-30 14:44:01.279 I/PlayCommon( 4591): [61] Connecting to server: https://play.googleapis.com/play/log?format=raw&proto_v2=true
06-30 14:44:01.572 I/HalDevMgr(  690): bestIfaceCreationProposal is null, requestIface=STA, existingIface=[name=wlan0 type=STA]
06-30 14:44:01.754 D/BoundBrokerSvc(20906): onUnbind: Intent { act=com.google.android.gms.feedback.internal.IFeedbackService dat=chimera-action:/... xflg=0x4 cmp=com.google.android.gms/.chimera.GmsBoundBrokerService }
06-30 14:44:02.766 I/PlayCommon( 4591): [61] Successfully uploaded logs.
06-30 14:44:02.871 I/wpa_supplicant(  961): wlan0: CTRL-EVENT-BEACON-LOSS 
06-30 14:44:04.578 I/AdbWifiNetworkMonitor(  690): Wi-Fi network available
06-30 14:44:04.578 I/AdbWifiNetworkMonitor(  690): Received the same Wi-Fi SSID. Ignoring.
06-30 14:44:04.579 I/HalDevMgr(  690): bestIfaceCreationProposal is null, requestIface=STA, existingIface=[name=wlan0 type=STA]
06-30 14:44:04.582 D/WM-WorkConstraintsTrack( 2923): NetworkRequestConstraintController onCapabilitiesChanged callback
06-30 14:44:04.584 D/WM-WorkConstraintsTrack( 3977): NetworkRequestConstraintController onCapabilitiesChanged callback
06-30 14:44:04.584 W/libbinder.IPCThreadState(  690): Sending oneway calls to frozen process.
06-30 14:44:04.584 W/libbinder.IPCThreadState(  690): Sending oneway calls to frozen process.
06-30 14:44:04.587 I/BugleRcsEngine( 3867): handleMessage processing message:[NOTIFY_UPTIME_IGNORE_STATE_CHANGED] with [non-null]:RcsEngineImpl reference [CONTEXT log_prefix="RcsEngineImpl[DUAL_REG]:[390448b9-d26f]>Handler" thread_id=69 ]
06-30 14:44:04.591 W/libbinder.IPCThreadState(  690): Sending oneway calls to frozen process.
06-30 14:44:04.591 D/IpClient/wlan0( 1083): interfaceLinkStateChanged: ifindex 16 up
06-30 14:44:04.591 I/BugleRcsEngine( 3867): Connected state: [1], networkType: [WIFI] [CONTEXT thread_id=65 ]
06-30 14:44:04.593 D/ConnectivityService(  690): NetReassign [no changes] [c 0] [a 1] [i 0]
06-30 14:44:04.593 D/IpClient/wlan0( 1083): interfaceLinkStateChanged: ifindex 16 up
06-30 14:44:04.594 D/IpClient/wlan0( 1083): interfaceLinkStateChanged: ifindex 16 up
06-30 14:44:04.595 I/NullBinder( 1317): NullBinder for android.net.action.RECOMMEND_NETWORKS triggering remote TransactionTooLargeException due to Service without Chimera impl, calling uid: 1000, calling pid: 0
06-30 14:44:04.596 W/libbinder.Binder( 1317): Large reply transaction of 1056768 bytes, interface descriptor , function: UNKNOWN_FUNCTION_NAME, code: 1, flags: 17
06-30 14:44:04.597 I/NearbyMediums( 1317): Wifi changed new SSID: "AndroidWifi"
06-30 14:44:04.597 I/NearbyMediums( 1317): WifiLanConnectivityInfo is not changed, skip notify.
06-30 14:44:04.599 I/BugleRcsEngine( 3867): No RCS Configuration was found in Bugle for simID: redacted-pii:sim_id[chars:20,last3:897] [CONTEXT log_prefix="ProvisioningEngineDataRetriever" thread_id=69 ]
06-30 14:44:05.090 I/NearbySharing( 1317): Network state changed: NetworkState(isRestricted=false, isOnline=true, isCongested=false, isMetered=false, isWifiConnected=true)
06-30 14:44:07.590 I/HalDevMgr(  690): bestIfaceCreationProposal is null, requestIface=STA, existingIface=[name=wlan0 type=STA]
06-30 14:44:09.553 D/SatelliteController( 1128): isInCarrierRoamingNbIotNtn: satellite is disabled
06-30 14:44:09.553 D/SatelliteController( 1128): getCarrierRoamingNtnConnectType: Checking connect type from PLMN config for subId: 1
06-30 14:44:09.553 D/TelephonyConfigUpdateInstallReceiver( 1128): getConfigParser: domain=satellite
06-30 14:44:09.553 V/SatelliteController( 1128): satelliteConfigParser is not ready
06-30 14:44:09.553 D/SatelliteController( 1128): isSatelliteAttachSupportedViaConfigupdater: return null (satelliteConfig is null)
06-30 14:44:09.553 D/SatelliteController( 1128): getSatellitePerPlmnConfiguration: invalid subId or not supported via carrier.
06-30 14:44:09.553 D/SatelliteController( 1128): getCarrierRoamingNtnConnectType: config: null
06-30 14:44:09.553 D/TelephonyConfigUpdateInstallReceiver( 1128): getConfigParser: domain=satellite
06-30 14:44:09.553 V/SatelliteController( 1128): satelliteConfigParser is not ready
06-30 14:44:09.553 D/SatelliteController( 1128): getCarrierRoamingNtnConnectTypeViaConfigUpdater: return null (satelliteConfig is null)
06-30 14:44:09.554 D/SatelliteController( 1128): getCarrierRoamingNtnConnectType: Falling back to global carrier config connect type: 0
06-30 14:44:09.554 D/TelephonyConfigUpdateInstallReceiver( 1128): getConfigParser: domain=satellite
06-30 14:44:09.554 V/SatelliteController( 1128): satelliteConfigParser is not ready
06-30 14:44:09.554 D/SatelliteController( 1128): isSatelliteAttachSupportedViaConfigupdater: return null (satelliteConfig is null)
06-30 14:44:09.554 D/SatelliteController( 1128): getCarrierRoamingNtnConnectType: Checking connect type from PLMN config for subId: 1
06-30 14:44:09.554 D/TelephonyConfigUpdateInstallReceiver( 1128): getConfigParser: domain=satellite
06-30 14:44:09.554 V/SatelliteController( 1128): satelliteConfigParser is not ready
06-30 14:44:09.554 D/SatelliteController( 1128): isSatelliteAttachSupportedViaConfigupdater: return null (satelliteConfig is null)
06-30 14:44:09.554 D/SatelliteController( 1128): getSatellitePerPlmnConfiguration: invalid subId or not supported via carrier.
06-30 14:44:09.554 D/SatelliteController( 1128): getCarrierRoamingNtnConnectType: config: null
06-30 14:44:09.554 D/TelephonyConfigUpdateInstallReceiver( 1128): getConfigParser: domain=satellite
06-30 14:44:09.554 V/SatelliteController( 1128): satelliteConfigParser is not ready
06-30 14:44:09.554 D/SatelliteController( 1128): getCarrierRoamingNtnConnectTypeViaConfigUpdater: return null (satelliteConfig is null)
06-30 14:44:09.554 D/SatelliteController( 1128): getCarrierRoamingNtnConnectType: Falling back to global carrier config connect type: 0
06-30 14:44:09.555 D/TelephonyConfigUpdateInstallReceiver( 1128): getConfigParser: domain=satellite
06-30 14:44:09.555 V/SatelliteController( 1128): satelliteConfigParser is not ready
06-30 14:44:09.555 D/SatelliteController( 1128): isSatelliteAttachSupportedViaConfigupdater: return null (satelliteConfig is null)
06-30 14:44:10.580 I/adbd    (  539): adbd service requested 'shell,v2,raw:dumpsys package com.google.android.gms'
06-30 14:44:10.604 I/HalDevMgr(  690): bestIfaceCreationProposal is null, requestIface=STA, existingIface=[name=wlan0 type=STA]
06-30 14:44:10.616 D/IpClient/wlan0( 1083): interfaceLinkStateChanged: ifindex 16 up
06-30 14:44:10.631 D/IpClient/wlan0( 1083): interfaceLinkStateChanged: ifindex 16 up
06-30 14:44:10.631 D/IpClient/wlan0( 1083): interfaceLinkStateChanged: ifindex 16 up
06-30 14:44:10.716 I/artd    ( 3273): GetBestInfo: odex next to the dex file (/data/app/~~pUpe9D-hsv0lOCLmNQJGyA==/com.google.android.gms-a0e_AySruvvgbDhYG8Z6yQ==/oat/x86_64/base.odex) is kOatUpToDate with filter 'speed-profile' executable 'false'
06-30 14:44:10.718 I/artd    ( 3273): GetBestInfo: dm (/data/app/~~pUpe9D-hsv0lOCLmNQJGyA==/com.google.android.gms-a0e_AySruvvgbDhYG8Z6yQ==/split_AdsDynamite_installtime.dm) is kOatUpToDate with filter 'verify' executable 'false'
06-30 14:44:10.719 I/artd    ( 3273): GetBestInfo: odex next to the dex file (/data/app/~~pUpe9D-hsv0lOCLmNQJGyA==/com.google.android.gms-a0e_AySruvvgbDhYG8Z6yQ==/oat/x86_64/split_CronetDynamite_installtime.odex) is kOatUpToDate with filter 'speed-profile' executable 'false'
06-30 14:44:10.720 I/artd    ( 3273): GetBestInfo: dm (/data/app/~~pUpe9D-hsv0lOCLmNQJGyA==/com.google.android.gms-a0e_AySruvvgbDhYG8Z6yQ==/split_DynamiteLoader_installtime.dm) is kOatUpToDate with filter 'verify' executable 'false'
06-30 14:44:10.720 I/artd    ( 3273): GetBestInfo: dm (/data/app/~~pUpe9D-hsv0lOCLmNQJGyA==/com.google.android.gms-a0e_AySruvvgbDhYG8Z6yQ==/split_DynamiteModulesA_installtime.dm) is kOatUpToDate with filter 'verify' executable 'false'
06-30 14:44:10.722 I/artd    ( 3273): GetBestInfo: dm (/data/app/~~pUpe9D-hsv0lOCLmNQJGyA==/com.google.android.gms-a0e_AySruvvgbDhYG8Z6yQ==/split_DynamiteModulesC_installtime.dm) is kOatUpToDate with filter 'verify' executable 'false'
06-30 14:44:10.723 I/artd    ( 3273): GetBestInfo: dm (/data/app/~~pUpe9D-hsv0lOCLmNQJGyA==/com.google.android.gms-a0e_AySruvvgbDhYG8Z6yQ==/split_GoogleCertificates_installtime.dm) is kOatUpToDate with filter 'verify' executable 'false'
06-30 14:44:10.724 I/artd    ( 3273): GetBestInfo: dm (/data/app/~~pUpe9D-hsv0lOCLmNQJGyA==/com.google.android.gms-a0e_AySruvvgbDhYG8Z6yQ==/split_MapsDynamite_installtime.dm) is kOatUpToDate with filter 'verify' executable 'false'
06-30 14:44:10.726 I/artd    ( 3273): GetBestInfo: dm (/data/app/~~pUpe9D-hsv0lOCLmNQJGyA==/com.google.android.gms-a0e_AySruvvgbDhYG8Z6yQ==/split_MeasurementDynamite_installtime.dm) is kOatUpToDate with filter 'verify' executable 'false'
06-30 14:44:10.727 I/artd    ( 3273): GetBestInfo: /data/user_de/0/com.google.android.gms/app_chimera/m/0000000e/dl-IdentityCredentialsPlatform.optional_262031100800.apk has no usable artifacts
06-30 14:44:10.728 I/artd    ( 3273): GetBestInfo: /data/user_de/0/com.google.android.gms/app_chimera/m/00000001/CronetDynamite.apk has no usable artifacts
06-30 14:44:10.729 I/artd    ( 3273): GetBestInfo: /data/user_de/0/com.google.android.gms/app_chimera/m/00000013/dl-TfliteDynamiteDynamite.integ_252130102100800.apk has no usable artifacts
06-30 14:44:10.729 I/artd    ( 3273): GetBestInfo: /data/user_de/0/com.google.android.gms/app_chimera/m/00000002/DynamiteLoader.apk has no usable artifacts
06-30 14:44:10.731 I/artd    ( 3273): GetBestInfo: /data/user_de/0/com.google.android.gms/app_chimera/m/0000000c/dl-IdentityCredentialsPlatform.optional_261136100800.apk has no usable artifacts
06-30 14:44:10.731 I/artd    ( 3273): GetBestInfo: /data/user_de/0/com.google.android.gms/app_chimera/m/00000005/GoogleCertificates.apk has no usable artifacts
06-30 14:44:10.732 I/artd    ( 3273): GetBestInfo: /data/user_de/0/com.google.android.gms/app_chimera/m/0000000a/dl-TfliteDynamiteDynamite.integ_260580502100800.apk has no usable artifacts
06-30 14:44:10.733 I/artd    ( 3273): GetBestInfo: /data/user_de/0/com.google.android.gms/app_chimera/m/00000016/dl-PlayCloudSearch.optional_262031100000.apk has no usable artifacts
06-30 14:44:10.734 I/artd    ( 3273): GetBestInfo: /data/user_de/0/com.google.android.gms/app_chimera/m/00000014/dl-MlkitOcrCommon.optional_262031100800.apk has no usable artifacts
06-30 14:44:10.735 I/artd    ( 3273): GetBestInfo: /data/user_de/0/com.google.android.gms/app_chimera/m/00000008/dl-VisionOcr.optional_261136100000.apk has no usable artifacts
06-30 14:44:10.736 I/artd    ( 3273): GetBestInfo: /data/user_de/0/com.google.android.gms/app_chimera/m/00000010/dl-Appsearch.optional_262031100800.apk has no usable artifacts
06-30 14:44:10.737 I/artd    ( 3273): GetBestInfo: /data/user_de/0/com.google.android.gms/app_chimera/m/0000000b/dl-Appsearch.optional_261136100800.apk has no usable artifacts
06-30 14:44:10.739 I/artd    ( 3273): GetBestInfo: vdex next to the dex file (/data/user/0/com.google.android.gms/app_dg_cache/9BCBC14EE674B00B958D4B0C5B4BD883630AA39E/oat/x86_64/the.vdex) is kOatUpToDate with filter 'verify' executable 'false'
06-30 14:44:10.741 I/artd    ( 3273): GetBestInfo: /data/user_de/0/com.google.android.gms/app_chimera/m/00000009/dl-MlkitOcrCommon.optional_261136100800.apk has no usable artifacts
06-30 14:44:10.742 I/artd    ( 3273): GetBestInfo: /data/user/0/com.google.android.gms/app_dg_cache/22DA9D7AD8ED7504E0CAC64C41ECDBD7068924E0/the.apk has no usable artifacts
06-30 14:44:10.744 I/artd    ( 3273): GetBestInfo: vdex next to the dex file (/data/user/0/com.google.android.gms/app_dg_cache/FEE57AEA14526BE59FD8AB1365237E7B7A5CE7CB/oat/x86_64/the.vdex) is kOatUpToDate with filter 'verify' executable 'false'
06-30 14:44:10.745 I/artd    ( 3273): GetBestInfo: vdex next to the dex file (/data/user/0/com.google.android.gms/app_dg_cache/1C62BDE86218FBAA50DF06C4A79F5C3FE74B69EC/oat/x86_64/the.vdex) is kOatUpToDate with filter 'verify' executable 'false'
06-30 14:44:10.747 I/artd    ( 3273): GetBestInfo: /data/user_de/0/com.google.android.gms/app_chimera/m/0000000f/dl-VisionOcr.optional_262031100000.apk has no usable artifacts
06-30 14:44:10.748 I/artd    ( 3273): GetBestInfo: /data/user_de/0/com.google.android.gms/app_chimera/m/00000015/dl-MlkitBarcodeUi.optional_262031100800.apk has no usable artifacts
06-30 14:44:10.749 I/artd    ( 3273): GetBestInfo: /data/user_de/0/com.google.android.gms/app_chimera/m/00000007/MeasurementDynamite.apk has no usable artifacts
06-30 14:44:11.061 I/wpa_supplicant(  961): wlan0: CTRL-EVENT-BEACON-LOSS 
06-30 14:44:11.809 D/ActivityManager(  690): freezing 20906 com.google.android.gms
06-30 14:44:13.608 I/AdbWifiNetworkMonitor(  690): Wi-Fi network available
06-30 14:44:13.609 I/AdbWifiNetworkMonitor(  690): Received the same Wi-Fi SSID. Ignoring.
06-30 14:44:13.610 I/HalDevMgr(  690): bestIfaceCreationProposal is null, requestIface=STA, existingIface=[name=wlan0 type=STA]
06-30 14:44:13.613 D/WM-WorkConstraintsTrack( 2923): NetworkRequestConstraintController onCapabilitiesChanged callback
06-30 14:44:13.615 I/NullBinder( 1317): NullBinder for android.net.action.RECOMMEND_NETWORKS triggering remote TransactionTooLargeException due to Service without Chimera impl, calling uid: 1000, calling pid: 0
06-30 14:44:13.616 D/WM-WorkConstraintsTrack( 3977): NetworkRequestConstraintController onCapabilitiesChanged callback
06-30 14:44:13.616 W/libbinder.Binder( 1317): Large reply transaction of 1056768 bytes, interface descriptor , function: UNKNOWN_FUNCTION_NAME, code: 1, flags: 17
06-30 14:44:13.616 I/BugleRcsEngine( 3867): Connected state: [1], networkType: [WIFI] [CONTEXT thread_id=65 ]
06-30 14:44:13.616 I/BugleRcsEngine( 3867): handleMessage processing message:[NOTIFY_UPTIME_IGNORE_STATE_CHANGED] with [non-null]:RcsEngineImpl reference [CONTEXT log_prefix="RcsEngineImpl[DUAL_REG]:[390448b9-d26f]>Handler" thread_id=69 ]
06-30 14:44:13.617 W/libbinder.IPCThreadState(  690): Sending oneway calls to frozen process.
06-30 14:44:13.617 W/libbinder.IPCThreadState(  690): Sending oneway calls to frozen process.
06-30 14:44:13.618 W/libbinder.IPCThreadState(  690): Sending oneway calls to frozen process.
06-30 14:44:13.618 W/libbinder.IPCThreadState(  690): Sending oneway calls to frozen process.
06-30 14:44:13.618 W/libbinder.IPCThreadState(  690): Sending oneway calls to frozen process.
06-30 14:44:13.619 W/libbinder.IPCThreadState(  690): Sending oneway calls to frozen process.
06-30 14:44:13.621 D/ConnectivityService(  690): NetReassign [no changes] [c 0] [a 1] [i 0]
06-30 14:44:13.622 I/BugleRcsEngine( 3867): No RCS Configuration was found in Bugle for simID: redacted-pii:sim_id[chars:20,last3:897] [CONTEXT log_prefix="ProvisioningEngineDataRetriever" thread_id=69 ]
06-30 14:44:13.622 I/NearbyMediums( 1317): Wifi changed new SSID: "AndroidWifi"
06-30 14:44:13.622 I/NearbyMediums( 1317): WifiLanConnectivityInfo is not changed, skip notify.
06-30 14:44:14.114 I/NearbySharing( 1317): Network state changed: NetworkState(isRestricted=false, isOnline=true, isCongested=false, isMetered=false, isWifiConnected=true)
06-30 14:44:14.444 I/adbd    (  539): adbd service requested 'shell,v2,TERM=dumb:export ANDROID_LOG_TAGS=''; exec logcat '-d' '-v' 'time''
