--------- beginning of main
06-30 14:31:36.052 I/LauncherAppWidgetHostView( 2807): App widget created with id: 17
06-30 14:31:36.062 I/Finsky  ( 4591): [2] akoj - Received: android.intent.action.PACKAGE_ADDED, [vs2dVv1EnBqQzEZkHBtmpVjvRlVGIkhD_Z1oHYSUmeA]
06-30 14:31:36.063 V/BaseDepthController( 2807): Applying blur: 0 to Surface(name=VRI-com.google.android.apps.nexuslauncher/com.google.android.apps.nexuslauncher.NexusLauncherActivity#1061)/@0x83fdc38 applyImmediately: false
06-30 14:31:36.063 D/BaseDepthController( 2807): shouldBlurWorkspace: false targetState: Normal currentStableState: Normal mCurrentBlur: 0 mLauncher.getDepthBlurTargets(): [com.android.launcher3.Workspace{ddc5c42 V.ED..... ......ID 0,0-1080,2400 #7f0a0486 app:id/workspace}, com.android.launcher3.Hotseat{7fb9453 V.ED..... ........ 0,1905-1080,2400 #7f0a01f6 app:id/hotseat}]
06-30 14:31:36.065 W/skia    (  527): AGTM parsing failed flags.readFromStream(s) at 159
06-30 14:31:36.065 W/skia    (  527): AGTM parsing failed flags.readFromStream(s) at 159
06-30 14:31:36.066 D/ShortcutAndWidgetContainer( 2807): appWidgetScale - [x,y]: [1.0,1.0]
06-30 14:31:36.066 D/NavigableAppWidgetHostView( 2807): updateScale - [fitScale,bounceScale]: [1.0,1.0]
06-30 14:31:36.066 D/ShortcutAndWidgetContainer( 2807): appWidgetScale - [x,y]: [1.0,1.0]
06-30 14:31:36.066 D/NavigableAppWidgetHostView( 2807): updateScale - [fitScale,bounceScale]: [1.0,1.0]
06-30 14:31:36.066 D/ShortcutAndWidgetContainer( 2807): appWidgetScale - [x,y]: [1.0,1.0]
06-30 14:31:36.066 D/NavigableAppWidgetHostView( 2807): updateScale - [fitScale,bounceScale]: [1.0,1.0]
06-30 14:31:36.066 D/ShortcutAndWidgetContainer( 2807): appWidgetScale - [x,y]: [1.0,1.0]
06-30 14:31:36.066 D/NavigableAppWidgetHostView( 2807): updateScale - [fitScale,bounceScale]: [1.0,1.0]
06-30 14:31:36.074 I/LauncherAppWidgetHostView( 2807): App widget created with id: 22
06-30 14:31:36.075 I/MediaProvider( 1569): Invalidating LocalCallingIdentity cache for package com.aiquota.mobile. Reason: package android.intent.action.PACKAGE_REMOVED
06-30 14:31:36.075 W/MediaProvider( 1569): WorkProfileOwnerApps cache is empty
06-30 14:31:36.075 D/PickerSyncLockManager( 1569): Trying to acquire lock com.android.providers.media.photopicker.sync.CloseableReentrantLock@89db5e1[Unlocked]. Lock Name = CLOUD_PROVIDER_LOCK. Threads that may be waiting to acquire this lock = []
06-30 14:31:36.075 D/CloseableReentrantLock( 1569): Successfully acquired lock com.android.providers.media.photopicker.sync.CloseableReentrantLock@89db5e1[Locked by thread main]. Lock Name = CLOUD_PROVIDER_LOCK. Threads that may be waiting to acquire this lock = []
06-30 14:31:36.075 D/CloseableReentrantLock( 1569): Successfully released lock com.android.providers.media.photopicker.sync.CloseableReentrantLock@89db5e1[Unlocked]. Lock Name = CLOUD_PROVIDER_LOCK. Threads that may be waiting to acquire this lock = []
06-30 14:31:36.076 I/PermissionControllerServiceImpl( 5255): Updating user sensitive for uid 10233
06-30 14:31:36.078 I/LauncherAppWidgetHostView( 2807): App widget created with id: 24
06-30 14:31:36.081 I/LauncherAppWidgetHostView( 2807): App widget created with id: 20
06-30 14:31:36.083 I/LauncherAppWidgetHostView( 2807): App widget created with id: 21
06-30 14:31:36.083 V/BaseDepthController( 2807): Applying blur: 0 to Surface(name=VRI-com.google.android.apps.nexuslauncher/com.google.android.apps.nexuslauncher.NexusLauncherActivity#1061)/@0x83fdc38 applyImmediately: false
06-30 14:31:36.084 D/BaseDepthController( 2807): shouldBlurWorkspace: false targetState: Normal currentStableState: Normal mCurrentBlur: 0 mLauncher.getDepthBlurTargets(): [com.android.launcher3.Workspace{ddc5c42 V.ED..... ......ID 0,0-1080,2400 #7f0a0486 app:id/workspace}, com.android.launcher3.Hotseat{7fb9453 V.ED..... ........ 0,1905-1080,2400 #7f0a01f6 app:id/hotseat}]
--------- beginning of system
06-30 14:31:36.086 W/PackageConfigPersister(  690): App-specific configuration not found for packageName: com.aiquota.mobile and userId: 0
06-30 14:31:36.087 D/ShortcutAndWidgetContainer( 2807): appWidgetScale - [x,y]: [1.0,1.0]
06-30 14:31:36.090 D/NavigableAppWidgetHostView( 2807): updateScale - [fitScale,bounceScale]: [1.0,1.0]
06-30 14:31:36.090 D/ShortcutAndWidgetContainer( 2807): appWidgetScale - [x,y]: [1.0,1.0]
06-30 14:31:36.090 D/NavigableAppWidgetHostView( 2807): updateScale - [fitScale,bounceScale]: [1.0,1.0]
06-30 14:31:36.091 D/ShortcutAndWidgetContainer( 2807): appWidgetScale - [x,y]: [1.0,1.0]
06-30 14:31:36.091 D/NavigableAppWidgetHostView( 2807): updateScale - [fitScale,bounceScale]: [1.0,1.0]
06-30 14:31:36.091 D/ShortcutAndWidgetContainer( 2807): appWidgetScale - [x,y]: [1.0,1.0]
06-30 14:31:36.091 D/NavigableAppWidgetHostView( 2807): updateScale - [fitScale,bounceScale]: [1.0,1.0]
06-30 14:31:36.091 D/ShortcutAndWidgetContainer( 2807): appWidgetScale - [x,y]: [1.0,1.0]
06-30 14:31:36.091 D/NavigableAppWidgetHostView( 2807): updateScale - [fitScale,bounceScale]: [1.0,1.0]
06-30 14:31:36.095 W/ProcessStats(  690): Tracking association SourceState{f4b52d7 com.google.android.apps.nexuslauncher/10192 BTop #12718} whose proc state 2 is better than process ProcessState{513161d com.google.android.apps.wellbeing/10159 pkg=com.google.android.apps.wellbeing} proc state 14 (1 skipped)
06-30 14:31:36.098 W/UsageStatsService(  690): Unexpected activity event reported! (com.android.settings/com.android.settings.SubSettings event : 23 instanceId : 20405535)
06-30 14:31:36.101 V/BaseDepthController( 2807): Applying blur: 0 to Surface(name=VRI-com.google.android.apps.nexuslauncher/com.google.android.apps.nexuslauncher.NexusLauncherActivity#1061)/@0x83fdc38 applyImmediately: false
06-30 14:31:36.101 D/BaseDepthController( 2807): shouldBlurWorkspace: false targetState: Normal currentStableState: Normal mCurrentBlur: 0 mLauncher.getDepthBlurTargets(): [com.android.launcher3.Workspace{ddc5c42 V.ED..... ........ 0,0-1080,2400 #7f0a0486 app:id/workspace}, com.android.launcher3.Hotseat{7fb9453 V.ED..... ........ 0,1905-1080,2400 #7f0a01f6 app:id/hotseat}]
06-30 14:31:36.108 W/ApplicationInfo(  690): Large ApplicationInfo parcel: size=18260 package=com.google.android.googlequicksearchbox splits=1 sharedLibs=3 resDirs=2 overlayPaths=2
06-30 14:31:36.108 W/ParceledListSlice(  690): Element #26 is 19420 bytes.
06-30 14:31:36.109 W/ApplicationInfo(  690): Large ApplicationInfo parcel: size=18260 package=com.google.android.googlequicksearchbox splits=1 sharedLibs=3 resDirs=2 overlayPaths=2
06-30 14:31:36.109 W/ParceledListSlice(  690): Element #27 is 19612 bytes.
06-30 14:31:36.109 I/Finsky  ( 4591): [2] akoj - Deduping intent android.intent.action.PACKAGE_ADDED
06-30 14:31:36.110 W/ApplicationInfo(  690): Large ApplicationInfo parcel: size=18260 package=com.google.android.googlequicksearchbox splits=1 sharedLibs=3 resDirs=2 overlayPaths=2
06-30 14:31:36.111 W/ParceledListSlice(  690): Element #28 is 19820 bytes.
06-30 14:31:36.111 W/ApplicationInfo(  690): Large ApplicationInfo parcel: size=18260 package=com.google.android.googlequicksearchbox splits=1 sharedLibs=3 resDirs=2 overlayPaths=2
06-30 14:31:36.111 W/ParceledListSlice(  690): Element #29 is 19324 bytes.
06-30 14:31:36.118 V/BaseDepthController( 2807): Applying blur: 0 to Surface(name=VRI-com.google.android.apps.nexuslauncher/com.google.android.apps.nexuslauncher.NexusLauncherActivity#1061)/@0x83fdc38 applyImmediately: false
06-30 14:31:36.118 D/BaseDepthController( 2807): shouldBlurWorkspace: false targetState: Normal currentStableState: Normal mCurrentBlur: 0 mLauncher.getDepthBlurTargets(): [com.android.launcher3.Workspace{ddc5c42 V.ED..... ........ 0,0-1080,2400 #7f0a0486 app:id/workspace}, com.android.launcher3.Hotseat{7fb9453 V.ED..... ........ 0,1905-1080,2400 #7f0a01f6 app:id/hotseat}]
06-30 14:31:36.119 I/BackupManagerService(  690): No delayed restore requests for the given dependency: com.aiquota.mobile
06-30 14:31:36.126 I/Finsky  ( 4591): [2] akoj - Received: android.intent.action.PACKAGE_ADDED, [vs2dVv1EnBqQzEZkHBtmpVjvRlVGIkhD_Z1oHYSUmeA]
06-30 14:31:36.134 V/BaseDepthController( 2807): Applying blur: 0 to Surface(name=VRI-com.google.android.apps.nexuslauncher/com.google.android.apps.nexuslauncher.NexusLauncherActivity#1061)/@0x83fdc38 applyImmediately: false
06-30 14:31:36.134 D/BaseDepthController( 2807): shouldBlurWorkspace: false targetState: Normal currentStableState: Normal mCurrentBlur: 0 mLauncher.getDepthBlurTargets(): [com.android.launcher3.Workspace{ddc5c42 V.ED..... ........ 0,0-1080,2400 #7f0a0486 app:id/workspace}, com.android.launcher3.Hotseat{7fb9453 V.ED..... ........ 0,1905-1080,2400 #7f0a01f6 app:id/hotseat}]
06-30 14:31:36.143 I/dnzs    ( 1573): (REDACTED) maybeUpdateCacheDataForAddedPackage %s
06-30 14:31:36.144 I/Finsky:background( 4938): [2] aknz - Received: android.intent.action.PACKAGE_ADDED, [vs2dVv1EnBqQzEZkHBtmpVjvRlVGIkhD_Z1oHYSUmeA]
06-30 14:31:36.153 I/Finsky:background( 4938): [149] Wrote row to frosting DB: 4570
06-30 14:31:36.155 I/Finsky  ( 4591): [56] AIM: AppInfoManager-Perf > OnDeviceAppInfo > cacheHitCount=1, cacheMissCount=0. Missed  in cache (limit 10) : []
06-30 14:31:36.155 I/Finsky  ( 4591): [56] AIM: Got app ownership map. App counts: . Unique apps: 0
06-30 14:31:36.155 E/Finsky  ( 4591): [56] [Counters] attempted to use a non-positive increment for: 4752
06-30 14:31:36.156 I/Finsky  ( 4591): [56] AIM: AppInfoManager-Perf > ItemModel > CacheSize=39, cacheHitCount=0, cacheMissCount=0, total appsWithNoServerDataCount=4. Missed  in cache (limit 10) : []
06-30 14:31:36.156 E/Finsky  ( 4591): [56] [Counters] attempted to use a non-positive increment for: 4753
06-30 14:31:36.160 I/Finsky:background( 4938): [2] aknz - Deduping intent android.intent.action.PACKAGE_ADDED
06-30 14:31:36.160 I/Role    (  690): com.google.android.gms not qualified for android.app.role.SYSTEM_DEPENDENCY_INSTALLER due to missing RequiredComponent{mFlags='0', mIntentFilterData=IntentFilterData{mAction='android.content.pm.action.INSTALL_DEPENDENCY', mCategories='[]', mDataScheme='null', mDataType='null'}, mMetaData=[], mPermission='android.permission.BIND_DEPENDENCY_INSTALLER', mQueryFlags=0} Requirement{mFeatureFlag=null, mMinTargetSdkVersion=1}
06-30 14:31:36.160 E/RoleControllerServiceImpl(  690): Default/fallback role holder package doesn't qualify for the role, package: com.google.android.gms, role: android.app.role.SYSTEM_DEPENDENCY_INSTALLER, user: 0
06-30 14:31:36.162 D/AS.AudioService(  690): received android.intent.action.PACKAGE_REPLACED replacing: true archival: false for package com.aiquota.mobile with uid 10233
06-30 14:31:36.164 I/Finsky  ( 4591): [2] akoj - Deduping intent android.intent.action.PACKAGE_ADDED
06-30 14:31:36.164 I/Finsky  ( 4591): [42] RECEIVER_PACKAGE_MONITOR#logWorkEndAndFinishGoAsync: SUCCESS
06-30 14:31:36.165 V/AccessibilityUserState(  690): updateShortcutTargets: type:accessibility_shortcut_target_service, current:{}, new:{}
06-30 14:31:36.165 V/AccessibilityUserState(  690): updateShortcutTargets: type:accessibility_qs_targets, current:{}, new:{}
06-30 14:31:36.165 V/AccessibilityUserState(  690): updateShortcutTargets: type:accessibility_button_targets, current:{}, new:{}
06-30 14:31:36.165 V/AccessibilityUserState(  690): updateShortcutTargets: type:accessibility_gesture_targets, current:{}, new:{}
06-30 14:31:36.165 V/AccessibilityUserState(  690): updateShortcutTargets: type:accessibility_key_gesture_targets, current:{}, new:{}
06-30 14:31:36.165 V/AccessibilityUserState(  690): updateShortcutTargets: type:accessibility_top_row_key_targets, current:{}, new:{}
06-30 14:31:36.165 V/AccessibilityUserState(  690): updateShortcutTargets: type:accessibility_quick_access_targets, current:{}, new:{}
06-30 14:31:36.165 V/AccessibilityManagerService(  690): onUserStateChangedLocked for userId: 0, forceUpdate: false
06-30 14:31:36.170 I/Finsky:background( 4938): [48] IQ:PSL: onPackageRemoved com.aiquota.mobile, replacing=true existingStatus=[Package:com.aiquota.mobile, isid:688fWjFSS7eTyCHCzaXt_g] state:INSTALLED
06-30 14:31:36.174 I/Finsky:background( 4938): [2] aknz - Received: android.intent.action.PACKAGE_ADDED, [vs2dVv1EnBqQzEZkHBtmpVjvRlVGIkhD_Z1oHYSUmeA]
06-30 14:31:36.177 V/BaseDepthController( 2807): Applying blur: 0 to Surface(name=VRI-com.google.android.apps.nexuslauncher/com.google.android.apps.nexuslauncher.NexusLauncherActivity#1061)/@0x83fdc38 applyImmediately: false
06-30 14:31:36.177 D/BaseDepthController( 2807): shouldBlurWorkspace: false targetState: Normal currentStableState: Normal mCurrentBlur: 0 mLauncher.getDepthBlurTargets(): [com.android.launcher3.Workspace{ddc5c42 V.ED..... ........ 0,0-1080,2400 #7f0a0486 app:id/workspace}, com.android.launcher3.Hotseat{7fb9453 V.ED..... ........ 0,1905-1080,2400 #7f0a01f6 app:id/hotseat}]
06-30 14:31:36.190 I/adbd    (  539): adbd service requested 'shell,v2,TERM=dumb,raw:am broadcast -n com.aiquota.mobile/.debug.ProviderStateDebugReceiver -a com.aiquota.mobile.debug.RESET_PROVIDER --es provider_id gemini'
06-30 14:31:36.191 V/BaseDepthController( 2807): Applying blur: 0 to Surface(name=VRI-com.google.android.apps.nexuslauncher/com.google.android.apps.nexuslauncher.NexusLauncherActivity#1061)/@0x83fdc38 applyImmediately: false
06-30 14:31:36.191 D/BaseDepthController( 2807): shouldBlurWorkspace: false targetState: Normal currentStableState: Normal mCurrentBlur: 0 mLauncher.getDepthBlurTargets(): [com.android.launcher3.Workspace{ddc5c42 V.ED..... ........ 0,0-1080,2400 #7f0a0486 app:id/workspace}, com.android.launcher3.Hotseat{7fb9453 V.ED..... ........ 0,1905-1080,2400 #7f0a01f6 app:id/hotseat}]
06-30 14:31:36.195 I/NearbySharing( 1317): Network state changed: NetworkState(isRestricted=false, isOnline=true, isCongested=false, isMetered=false, isWifiConnected=true)
06-30 14:31:36.196 W/ApplicationInfo( 2807): Large ApplicationInfo parcel: size=18260 package=com.google.android.googlequicksearchbox splits=1 sharedLibs=3 resDirs=2 overlayPaths=2
06-30 14:31:36.207 I/Finsky:background( 4938): [2] aknz - Deduping intent android.intent.action.PACKAGE_ADDED
06-30 14:31:36.208 V/AccessibilityUserState(  690): updateShortcutTargets: type:accessibility_shortcut_target_service, current:{}, new:{}
06-30 14:31:36.208 V/AccessibilityUserState(  690): updateShortcutTargets: type:accessibility_button_targets, current:{}, new:{}
06-30 14:31:36.208 V/AccessibilityUserState(  690): updateShortcutTargets: type:accessibility_gesture_targets, current:{}, new:{}
06-30 14:31:36.208 V/AccessibilityUserState(  690): updateShortcutTargets: type:accessibility_qs_targets, current:{}, new:{}
06-30 14:31:36.208 V/AccessibilityUserState(  690): updateShortcutTargets: type:accessibility_key_gesture_targets, current:{}, new:{}
06-30 14:31:36.208 V/AccessibilityUserState(  690): updateShortcutTargets: type:accessibility_top_row_key_targets, current:{}, new:{}
06-30 14:31:36.208 V/AccessibilityUserState(  690): updateShortcutTargets: type:accessibility_quick_access_targets, current:{}, new:{}
06-30 14:31:36.208 W/MagnificationConnectionManager(  690): requestConnection duplicated request: connect=false, mConnectionState=DISCONNECTED
06-30 14:31:36.208 V/AccessibilityUserState(  690): updateShortcutTargets: type:accessibility_button_targets, current:{}, new:{}
06-30 14:31:36.208 V/AccessibilityUserState(  690): updateShortcutTargets: type:accessibility_qs_targets, current:{}, new:{}
06-30 14:31:36.209 V/AccessibilityManagerService(  690): onUserStateChangedLocked for userId: 0, forceUpdate: false
06-30 14:31:36.209 W/skia    (  527): AGTM parsing failed flags.readFromStream(s) at 159
06-30 14:31:36.210 W/skia    (  527): AGTM parsing failed flags.readFromStream(s) at 159
06-30 14:31:36.211 I/Finsky:background( 4938): [64] RECEIVER_PACKAGE_MONITOR_BACKGROUND#logWorkEndAndFinishGoAsync: SUCCESS
06-30 14:31:36.214 V/BaseDepthController( 2807): Applying blur: 0 to Surface(name=VRI-com.google.android.apps.nexuslauncher/com.google.android.apps.nexuslauncher.NexusLauncherActivity#1061)/@0x83fdc38 applyImmediately: false
06-30 14:31:36.214 D/BaseDepthController( 2807): shouldBlurWorkspace: false targetState: Normal currentStableState: Normal mCurrentBlur: 0 mLauncher.getDepthBlurTargets(): [com.android.launcher3.Workspace{ddc5c42 V.ED..... ........ 0,0-1080,2400 #7f0a0486 app:id/workspace}, com.android.launcher3.Hotseat{7fb9453 V.ED..... ........ 0,1905-1080,2400 #7f0a01f6 app:id/hotseat}]
06-30 14:31:36.214 D/ImsResolver( 1128): maybeAddedImsService, packageName: com.aiquota.mobile
06-30 14:31:36.214 V/ImsResolver( 1128): searchForImsServices: package=com.aiquota.mobile, users=[UserHandle{0}]
06-30 14:31:36.214 V/ImsResolver( 1128): searchForImsServices: package=com.aiquota.mobile, users=[UserHandle{0}]
06-30 14:31:36.222 W/ApplicationInfo( 2807): Large ApplicationInfo parcel: size=18260 package=com.google.android.googlequicksearchbox splits=1 sharedLibs=3 resDirs=2 overlayPaths=2
06-30 14:31:36.222 W/ApplicationInfo( 2807): Large ApplicationInfo parcel: size=18260 package=com.google.android.googlequicksearchbox splits=1 sharedLibs=3 resDirs=2 overlayPaths=2
06-30 14:31:36.224 V/AccessibilityUserState(  690): updateShortcutTargets: type:accessibility_shortcut_target_service, current:{}, new:{}
06-30 14:31:36.224 V/AccessibilityUserState(  690): updateShortcutTargets: type:accessibility_button_targets, current:{}, new:{}
06-30 14:31:36.224 V/AccessibilityUserState(  690): updateShortcutTargets: type:accessibility_gesture_targets, current:{}, new:{}
06-30 14:31:36.224 V/AccessibilityUserState(  690): updateShortcutTargets: type:accessibility_qs_targets, current:{}, new:{}
06-30 14:31:36.224 V/AccessibilityUserState(  690): updateShortcutTargets: type:accessibility_key_gesture_targets, current:{}, new:{}
06-30 14:31:36.224 V/AccessibilityUserState(  690): updateShortcutTargets: type:accessibility_top_row_key_targets, current:{}, new:{}
06-30 14:31:36.224 V/AccessibilityUserState(  690): updateShortcutTargets: type:accessibility_quick_access_targets, current:{}, new:{}
06-30 14:31:36.224 V/BaseDepthController( 2807): Applying blur: 0 to Surface(name=VRI-com.google.android.apps.nexuslauncher/com.google.android.apps.nexuslauncher.NexusLauncherActivity#1061)/@0x83fdc38 applyImmediately: false
06-30 14:31:36.224 D/BaseDepthController( 2807): shouldBlurWorkspace: false targetState: Normal currentStableState: Normal mCurrentBlur: 0 mLauncher.getDepthBlurTargets(): [com.android.launcher3.Workspace{ddc5c42 V.ED..... ........ 0,0-1080,2400 #7f0a0486 app:id/workspace}, com.android.launcher3.Hotseat{7fb9453 V.ED..... ........ 0,1905-1080,2400 #7f0a01f6 app:id/hotseat}]
06-30 14:31:36.225 W/MagnificationConnectionManager(  690): requestConnection duplicated request: connect=false, mConnectionState=DISCONNECTED
06-30 14:31:36.226 W/libbinder.IPCThreadState(  690): Sending oneway calls to frozen process.
06-30 14:31:36.226 W/libbinder.IPCThreadState(  690): Sending oneway calls to frozen process.
06-30 14:31:36.226 W/libbinder.IPCThreadState(  690): Sending oneway calls to frozen process.
06-30 14:31:36.227 W/libbinder.IPCThreadState(  690): Sending oneway calls to frozen process.
06-30 14:31:36.228 W/libbinder.IPCThreadState(  690): Sending oneway calls to frozen process.
06-30 14:31:36.228 W/Looper  (  690): Drained
06-30 14:31:36.228 W/libbinder.IPCThreadState(  690): Sending oneway calls to frozen process.
06-30 14:31:36.228 W/libbinder.IPCThreadState(  690): Sending oneway calls to frozen process.
06-30 14:31:36.228 W/libbinder.IPCThreadState(  690): Sending oneway calls to frozen process.
06-30 14:31:36.228 W/libbinder.IPCThreadState(  690): Sending oneway calls to frozen process.
06-30 14:31:36.229 W/libbinder.IPCThreadState(  690): Sending oneway calls to frozen process.
06-30 14:31:36.230 I/s.nexuslauncher( 2807): Background concurrent mark compact GC freed 2121KB AllocSpace bytes, 4(256KB) LOS objects, 49% free, 6423KB/12MB, paused 1.061ms,7.582ms total 131.197ms
06-30 14:31:36.231 W/VvmPkgInstalledRcvr( 1128): carrierVvmPkgAdded: carrier vvm packages doesn't contain com.aiquota.mobile
06-30 14:31:36.231 V/AccessibilityUserState(  690): updateShortcutTargets: type:accessibility_shortcut_target_service, current:{}, new:{}
06-30 14:31:36.232 V/AccessibilityUserState(  690): updateShortcutTargets: type:accessibility_qs_targets, current:{}, new:{}
06-30 14:31:36.232 V/AccessibilityUserState(  690): updateShortcutTargets: type:accessibility_button_targets, current:{}, new:{}
06-30 14:31:36.232 V/AccessibilityUserState(  690): updateShortcutTargets: type:accessibility_gesture_targets, current:{}, new:{}
06-30 14:31:36.232 V/AccessibilityUserState(  690): updateShortcutTargets: type:accessibility_key_gesture_targets, current:{}, new:{}
06-30 14:31:36.232 V/AccessibilityUserState(  690): updateShortcutTargets: type:accessibility_top_row_key_targets, current:{}, new:{}
06-30 14:31:36.232 V/AccessibilityUserState(  690): updateShortcutTargets: type:accessibility_quick_access_targets, current:{}, new:{}
06-30 14:31:36.232 V/AccessibilityManagerService(  690): onUserStateChangedLocked for userId: 0, forceUpdate: false
06-30 14:31:36.223 W/ApplicationInfo( 2807): Large ApplicationInfo parcel: size=18260 package=com.google.android.googlequicksearchbox splits=1 sharedLibs=3 resDirs=2 overlayPaths=2
06-30 14:31:36.239 V/BaseDepthController( 2807): Applying blur: 0 to Surface(name=VRI-com.google.android.apps.nexuslauncher/com.google.android.apps.nexuslauncher.NexusLauncherActivity#1061)/@0x83fdc38 applyImmediately: false
06-30 14:31:36.240 D/BaseDepthController( 2807): shouldBlurWorkspace: false targetState: Normal currentStableState: Normal mCurrentBlur: 0 mLauncher.getDepthBlurTargets(): [com.android.launcher3.Workspace{ddc5c42 V.ED..... ........ 0,0-1080,2400 #7f0a0486 app:id/workspace}, com.android.launcher3.Hotseat{7fb9453 V.ED..... ........ 0,1905-1080,2400 #7f0a01f6 app:id/hotseat}]
06-30 14:31:36.250 I/ActivityManager(  690): Broadcasting: Intent { act=com.aiquota.mobile.debug.RESET_PROVIDER flg=0x400000 cmp=com.aiquota.mobile/.debug.ProviderStateDebugReceiver (has extras) }
06-30 14:31:36.255 I/Finsky  ( 4591): [47] WM::SCH: Logging work initialize for 12-1
06-30 14:31:36.256 V/BaseDepthController( 2807): Applying blur: 0 to Surface(name=VRI-com.google.android.apps.nexuslauncher/com.google.android.apps.nexuslauncher.NexusLauncherActivity#1061)/@0x83fdc38 applyImmediately: false
06-30 14:31:36.256 D/BaseDepthController( 2807): shouldBlurWorkspace: false targetState: Normal currentStableState: Normal mCurrentBlur: 0 mLauncher.getDepthBlurTargets(): [com.android.launcher3.Workspace{ddc5c42 V.ED..... ........ 0,0-1080,2400 #7f0a0486 app:id/workspace}, com.android.launcher3.Hotseat{7fb9453 V.ED..... ........ 0,1905-1080,2400 #7f0a01f6 app:id/hotseat}]
06-30 14:31:36.263 D/ActivityManager(  690): sync unfroze 20906 com.google.android.gms for 6
06-30 14:31:36.274 V/BaseDepthController( 2807): Applying blur: 0 to Surface(name=VRI-com.google.android.apps.nexuslauncher/com.google.android.apps.nexuslauncher.NexusLauncherActivity#1061)/@0x83fdc38 applyImmediately: false
06-30 14:31:36.274 D/BaseDepthController( 2807): shouldBlurWorkspace: false targetState: Normal currentStableState: Normal mCurrentBlur: 0 mLauncher.getDepthBlurTargets(): [com.android.launcher3.Workspace{ddc5c42 V.ED..... ........ 0,0-1080,2400 #7f0a0486 app:id/workspace}, com.android.launcher3.Hotseat{7fb9453 V.ED..... ........ 0,1905-1080,2400 #7f0a01f6 app:id/hotseat}]
06-30 14:31:36.278 D/SatelliteController( 1128): packageStateChanged: package:com.aiquota.mobile defaultSmsPackageName: com.google.android.apps.messaging satelliteGatewayServicePackageName: 
06-30 14:31:36.279 I/ActivityManager(  690): Enqueued broadcast Intent { act=com.aiquota.mobile.debug.RESET_PROVIDER flg=0x400000 cmp=com.aiquota.mobile/.debug.ProviderStateDebugReceiver (has extras) }: 0
06-30 14:31:36.289 I/AiAiEcho( 1592): AppIndexer Package:[com.aiquota.mobile] UserProfile:[0] Enabled:[true].
06-30 14:31:36.289 I/AiAiEcho( 1592): AppFetcherImplV2 updateApps package:[com.aiquota.mobile], userId:[0], reason:[package is updated.].
06-30 14:31:36.291 I/Finsky  ( 4591): [47] WM::SCH: Logging work initialize for 12-1
06-30 14:31:36.294 V/BaseDepthController( 2807): Applying blur: 0 to Surface(name=VRI-com.google.android.apps.nexuslauncher/com.google.android.apps.nexuslauncher.NexusLauncherActivity#1061)/@0x83fdc38 applyImmediately: false
06-30 14:31:36.295 D/BaseDepthController( 2807): shouldBlurWorkspace: false targetState: Normal currentStableState: Normal mCurrentBlur: 0 mLauncher.getDepthBlurTargets(): [com.android.launcher3.Workspace{ddc5c42 V.ED..... ........ 0,0-1080,2400 #7f0a0486 app:id/workspace}, com.android.launcher3.Hotseat{7fb9453 V.ED..... ........ 0,1905-1080,2400 #7f0a01f6 app:id/hotseat}]
06-30 14:31:36.300 W/skia    (  527): AGTM parsing failed flags.readFromStream(s) at 159
06-30 14:31:36.300 W/skia    (  527): AGTM parsing failed flags.readFromStream(s) at 159
06-30 14:31:36.318 V/BaseDepthController( 2807): Applying blur: 0 to Surface(name=VRI-com.google.android.apps.nexuslauncher/com.google.android.apps.nexuslauncher.NexusLauncherActivity#1061)/@0x83fdc38 applyImmediately: false
06-30 14:31:36.318 D/BaseDepthController( 2807): shouldBlurWorkspace: false targetState: Normal currentStableState: Normal mCurrentBlur: 0 mLauncher.getDepthBlurTargets(): [com.android.launcher3.Workspace{ddc5c42 V.ED..... ........ 0,0-1080,2400 #7f0a0486 app:id/workspace}, com.android.launcher3.Hotseat{7fb9453 V.ED..... ........ 0,1905-1080,2400 #7f0a01f6 app:id/hotseat}]
06-30 14:31:36.334 V/BaseDepthController( 2807): Applying blur: 0 to Surface(name=VRI-com.google.android.apps.nexuslauncher/com.google.android.apps.nexuslauncher.NexusLauncherActivity#1061)/@0x83fdc38 applyImmediately: false
06-30 14:31:36.334 D/BaseDepthController( 2807): shouldBlurWorkspace: false targetState: Normal currentStableState: Normal mCurrentBlur: 0 mLauncher.getDepthBlurTargets(): [com.android.launcher3.Workspace{ddc5c42 V.ED..... ........ 0,0-1080,2400 #7f0a0486 app:id/workspace}, com.android.launcher3.Hotseat{7fb9453 V.ED..... ........ 0,1905-1080,2400 #7f0a01f6 app:id/hotseat}]
06-30 14:31:36.350 V/AccessibilityUserState(  690): updateShortcutTargets: type:accessibility_shortcut_target_service, current:{}, new:{}
06-30 14:31:36.350 I/Finsky  ( 4591): [53] SCH: Scheduling phonesky job Id: 12-1, CT: 1782829895832, Constraints: [{ L: 15000, D: 86400000, C: CHARGING_NONE, I: IDLE_NONE, N: NET_ANY, B: BATTERY_ANY }]
06-30 14:31:36.350 V/AccessibilityUserState(  690): updateShortcutTargets: type:accessibility_button_targets, current:{}, new:{}
06-30 14:31:36.350 V/AccessibilityUserState(  690): updateShortcutTargets: type:accessibility_gesture_targets, current:{}, new:{}
06-30 14:31:36.350 V/AccessibilityUserState(  690): updateShortcutTargets: type:accessibility_qs_targets, current:{}, new:{}
06-30 14:31:36.350 V/AccessibilityUserState(  690): updateShortcutTargets: type:accessibility_key_gesture_targets, current:{}, new:{}
06-30 14:31:36.350 V/AccessibilityUserState(  690): updateShortcutTargets: type:accessibility_top_row_key_targets, current:{}, new:{}
06-30 14:31:36.350 V/AccessibilityUserState(  690): updateShortcutTargets: type:accessibility_quick_access_targets, current:{}, new:{}
06-30 14:31:36.350 W/MagnificationConnectionManager(  690): requestConnection duplicated request: connect=false, mConnectionState=DISCONNECTED
06-30 14:31:36.350 I/Finsky  ( 4591): [53] AIM: AppInfoManager-Perf > getApps > data collection finished
06-30 14:31:36.350 I/Finsky  ( 4591): [53] AIM: AppInfoManager-Perf > maybeDestroyAppInfoManager is called. actives = 1
06-30 14:31:36.351 V/AccessibilityManagerService(  690): onUserStateChangedLocked for userId: 0, forceUpdate: false
06-30 14:31:36.352 V/AccessibilityUserState(  690): updateShortcutTargets: type:accessibility_shortcut_target_service, current:{}, new:{}
06-30 14:31:36.352 V/AccessibilityUserState(  690): updateShortcutTargets: type:accessibility_button_targets, current:{}, new:{}
06-30 14:31:36.352 V/AccessibilityUserState(  690): updateShortcutTargets: type:accessibility_gesture_targets, current:{}, new:{}
06-30 14:31:36.352 V/AccessibilityUserState(  690): updateShortcutTargets: type:accessibility_qs_targets, current:{}, new:{}
06-30 14:31:36.352 V/AccessibilityUserState(  690): updateShortcutTargets: type:accessibility_key_gesture_targets, current:{}, new:{}
06-30 14:31:36.352 V/AccessibilityUserState(  690): updateShortcutTargets: type:accessibility_top_row_key_targets, current:{}, new:{}
06-30 14:31:36.352 V/AccessibilityUserState(  690): updateShortcutTargets: type:accessibility_quick_access_targets, current:{}, new:{}
06-30 14:31:36.352 W/MagnificationConnectionManager(  690): requestConnection duplicated request: connect=false, mConnectionState=DISCONNECTED
06-30 14:31:36.352 W/Looper  (  690): Slow dispatch took 120ms main app=system_server main=true group=FOREGROUND h=com.android.server.accessibility.AccessibilityManagerService$MainHandler c=com.android.server.accessibility.AccessibilityManagerService$$ExternalSyntheticLambda35@db084a2 m=0
06-30 14:31:36.368 V/BaseDepthController( 2807): Applying blur: 0 to Surface(name=VRI-com.google.android.apps.nexuslauncher/com.google.android.apps.nexuslauncher.NexusLauncherActivity#1061)/@0x83fdc38 applyImmediately: false
06-30 14:31:36.369 D/BaseDepthController( 2807): shouldBlurWorkspace: false targetState: Normal currentStableState: Normal mCurrentBlur: 0 mLauncher.getDepthBlurTargets(): [com.android.launcher3.Workspace{ddc5c42 V.ED..... ........ 0,0-1080,2400 #7f0a0486 app:id/workspace}, com.android.launcher3.Hotseat{7fb9453 V.ED..... ........ 0,1905-1080,2400 #7f0a01f6 app:id/hotseat}]
06-30 14:31:36.384 V/BaseDepthController( 2807): Applying blur: 0 to Surface(name=VRI-com.google.android.apps.nexuslauncher/com.google.android.apps.nexuslauncher.NexusLauncherActivity#1061)/@0x83fdc38 applyImmediately: false
06-30 14:31:36.384 D/BaseDepthController( 2807): shouldBlurWorkspace: false targetState: Normal currentStableState: Normal mCurrentBlur: 0 mLauncher.getDepthBlurTargets(): [com.android.launcher3.Workspace{ddc5c42 V.ED..... ........ 0,0-1080,2400 #7f0a0486 app:id/workspace}, com.android.launcher3.Hotseat{7fb9453 V.ED..... ........ 0,1905-1080,2400 #7f0a01f6 app:id/hotseat}]
06-30 14:31:36.388 E/RoleControllerServiceImpl(  690): Default/fallback role holder package doesn't qualify for the role, package: com.google.android.gms, role: android.app.role.WALLET, user: 0
06-30 14:31:36.402 V/BaseDepthController( 2807): Applying blur: 0 to Surface(name=VRI-com.google.android.apps.nexuslauncher/com.google.android.apps.nexuslauncher.NexusLauncherActivity#1061)/@0x83fdc38 applyImmediately: false
06-30 14:31:36.402 D/BaseDepthController( 2807): shouldBlurWorkspace: false targetState: Normal currentStableState: Normal mCurrentBlur: 0 mLauncher.getDepthBlurTargets(): [com.android.launcher3.Workspace{ddc5c42 V.ED..... ........ 0,0-1080,2400 #7f0a0486 app:id/workspace}, com.android.launcher3.Hotseat{7fb9453 V.ED..... ........ 0,1905-1080,2400 #7f0a01f6 app:id/hotseat}]
06-30 14:31:36.404 D/AlphabeticIndexCompat( 2807): computeSectionName: cs: 설정 sectionName: ㅅ
06-30 14:31:36.405 D/AlphabeticIndexCompat( 2807): computeSectionName: cs: 포토 sectionName: ㅍ
06-30 14:31:36.413 W/skia    (  527): AGTM parsing failed flags.readFromStream(s) at 159
06-30 14:31:36.413 W/skia    (  527): AGTM parsing failed flags.readFromStream(s) at 159
06-30 14:31:36.417 D/AlphabeticIndexCompat( 2807): computeSectionName: cs: 배터리 sectionName: ㅂ
06-30 14:31:36.421 D/AlphabeticIndexCompat( 2807): computeSectionName: cs: Chrome sectionName: C
06-30 14:31:36.421 D/AlphabeticIndexCompat( 2807): computeSectionName: cs: Gmail sectionName: G
06-30 14:31:36.421 D/AlphabeticIndexCompat( 2807): computeSectionName: cs: Drive sectionName: D
06-30 14:31:36.422 D/AlphabeticIndexCompat( 2807): computeSectionName: cs: 시계 sectionName: ㅅ
06-30 14:31:36.422 D/AlphabeticIndexCompat( 2807): computeSectionName: cs: 주소록 sectionName: ㅈ
06-30 14:31:36.422 D/AlphabeticIndexCompat( 2807): computeSectionName: cs: 캘린더 sectionName: ㅋ
06-30 14:31:36.422 D/AlphabeticIndexCompat( 2807): computeSectionName: cs: AI Usage sectionName: A
06-30 14:31:36.422 D/AlphabeticIndexCompat( 2807): computeSectionName: cs: 지도 sectionName: ㅈ
06-30 14:31:36.431 D/AlphabeticIndexCompat( 2807): computeSectionName: cs: YouTube Music sectionName: Y
06-30 14:31:36.431 D/AlphabeticIndexCompat( 2807): computeSectionName: cs: YouTube sectionName: Y
06-30 14:31:36.431 D/AlphabeticIndexCompat( 2807): computeSectionName: cs: Google sectionName: G
06-30 14:31:36.431 D/AlphabeticIndexCompat( 2807): computeSectionName: cs: Android 시스템 인텔리전스 sectionName: A
06-30 14:31:36.433 D/AlphabeticIndexCompat( 2807): computeSectionName: cs: AI Quota sectionName: A
06-30 14:31:36.434 D/AlphabeticIndexCompat( 2807): computeSectionName: cs: 디지털 웰빙 sectionName: ㄷ
06-30 14:31:36.435 D/AlphabeticIndexCompat( 2807): computeSectionName: cs: 대화 sectionName: ㄷ
06-30 14:31:36.464 W/SignedPackage(  690): Cannot get ApplicationInfo for package: com.google.android.devicelockcontroller
06-30 14:31:36.468 V/BaseDepthController( 2807): Applying blur: 0 to Surface(name=VRI-com.google.android.apps.nexuslauncher/com.google.android.apps.nexuslauncher.NexusLauncherActivity#1061)/@0x83fdc38 applyImmediately: false
06-30 14:31:36.468 D/BaseDepthController( 2807): shouldBlurWorkspace: false targetState: Normal currentStableState: Normal mCurrentBlur: 0 mLauncher.getDepthBlurTargets(): [com.android.launcher3.Workspace{ddc5c42 V.ED..... ........ 0,0-1080,2400 #7f0a0486 app:id/workspace}, com.android.launcher3.Hotseat{7fb9453 V.ED..... ........ 0,1905-1080,2400 #7f0a01f6 app:id/hotseat}]
06-30 14:31:36.471 W/Looper  (  690): Slow dispatch took 117ms main app=system_server main=true group=FOREGROUND h=com.android.server.alarm.AlarmManagerService$AlarmHandler c=null m=7
06-30 14:31:36.471 W/libbinder.IPCThreadState(  690): Sending oneway calls to frozen process.
06-30 14:31:36.471 W/libbinder.IPCThreadState(  690): Sending oneway calls to frozen process.
06-30 14:31:36.471 W/libbinder.IPCThreadState(  690): Sending oneway calls to frozen process.
06-30 14:31:36.472 W/libbinder.IPCThreadState(  690): Sending oneway calls to frozen process.
06-30 14:31:36.476 W/libbinder.IPCThreadState(  690): Sending oneway calls to frozen process.
06-30 14:31:36.476 W/libbinder.IPCThreadState(  690): Sending oneway calls to frozen process.
06-30 14:31:36.476 W/libbinder.IPCThreadState(  690): Sending oneway calls to frozen process.
06-30 14:31:36.476 W/libbinder.IPCThreadState(  690): Sending oneway calls to frozen process.
06-30 14:31:36.477 W/libbinder.IPCThreadState(  690): Sending oneway calls to frozen process.
06-30 14:31:36.477 W/libbinder.IPCThreadState(  690): Sending oneway calls to frozen process.
06-30 14:31:36.503 I/AppBackupStateCleanupIO(20906): Backup state cleanup on uninstall is disabled. [CONTEXT service_id=229 ]
06-30 14:31:36.503 I/FraudProtectUtils(20906): (REDACTED) Latest bank app list size: %d, %s isBankApp: %b
06-30 14:31:36.503 I/PackageInstalledIntentO(20906): (REDACTED) Package %s is not a bank app. Skipping updates.
06-30 14:31:36.507 I/Fitness ( 1317): (REDACTED) FitCleanupIntentOperation received Intent %s
06-30 14:31:36.509 W/skia    (  527): AGTM parsing failed flags.readFromStream(s) at 159
06-30 14:31:36.509 W/skia    (  527): AGTM parsing failed flags.readFromStream(s) at 159
06-30 14:31:36.511 I/ProximityAuth( 1317): [RecentAppsMediator] Package added: (user=UserHandle{0}) com.aiquota.mobile
06-30 14:31:36.512 I/Auth    (20906): (REDACTED) [SupervisedAccountIntentOperation] onHandleIntent: %s
06-30 14:31:36.513 W/AppInstallOperation(20906): FDL Migration::InstallIntentOperation by FDL Module [CONTEXT service_id=77 ]
06-30 14:31:36.515 I/FraudProtectUtils(20906): (REDACTED) Latest bank app list size: %d, %s isBankApp: %b
06-30 14:31:36.515 I/PackageInstalledIntentO(20906): (REDACTED) Package %s is not a bank app. Skipping updates.
06-30 14:31:36.523 I/Finsky:background( 4938): [149] Wrote row to frosting DB: 4571
06-30 14:31:36.529 W/android.vending( 4591): Suspending all threads took: 140.533ms
06-30 14:31:36.536 V/BaseDepthController( 2807): Applying blur: 0 to Surface(name=VRI-com.google.android.apps.nexuslauncher/com.google.android.apps.nexuslauncher.NexusLauncherActivity#1061)/@0x83fdc38 applyImmediately: false
06-30 14:31:36.536 D/BaseDepthController( 2807): setEarlyWakeup: false
06-30 14:31:36.537 D/BaseDepthController( 2807): shouldBlurWorkspace: false targetState: Normal currentStableState: Normal mCurrentBlur: 0 mLauncher.getDepthBlurTargets(): [com.android.launcher3.Workspace{ddc5c42 V.ED..... ........ 0,0-1080,2400 #7f0a0486 app:id/workspace}, com.android.launcher3.Hotseat{7fb9453 V.ED..... ........ 0,1905-1080,2400 #7f0a01f6 app:id/hotseat}]
06-30 14:31:36.560 I/Finsky:background( 4938): [149] Wrote row to frosting DB: 4572
06-30 14:31:36.638 W/skia    (  527): AGTM parsing failed flags.readFromStream(s) at 159
06-30 14:31:36.639 W/skia    (  527): AGTM parsing failed flags.readFromStream(s) at 159
06-30 14:31:36.648 I/Finsky:background( 4938): [149] Wrote row to frosting DB: 4573
06-30 14:31:36.651 W/libc    ( 2807): Access denied finding property "vendor.mesa.virtgpu.kumquat"
06-30 14:31:36.652 I/NearbyDiscovery(20906): (REDACTED) processGrantSlicePermission: %s
06-30 14:31:36.657 W/HWUI    ( 2807): Failed to choose config with EGL_SWAP_BEHAVIOR_PRESERVED, retrying without...
06-30 14:31:36.657 W/HWUI    ( 2807): Failed to initialize 101010-2 format, error = EGL_SUCCESS
06-30 14:31:36.658 E/AppOps  (  690): attributionTag VCN not declared in manifest of android
06-30 14:31:36.664 I/android.vending( 4591): IncrementDisableThreadFlip blocked for 10.024ms
06-30 14:31:36.680 I/Finsky  ( 4591): [54] SCH: Scheduling 1 system job(s)
06-30 14:31:36.681 I/Finsky  ( 4591): [54] SCH: Scheduling system job Id: 9452, L: 14151, D: 47038381, C: false, I: false, N: 1
06-30 14:31:36.681 I/PackageManager(  690): getInstalledPackages: callingUid=10203 flags=0 updatedFlags=786432 userId=0
06-30 14:31:36.700 I/Finsky  ( 4591): [53] AIM: AppInfoManager-Perf > getApps > data collection finished
06-30 14:31:36.700 I/Finsky  ( 4591): [53] AIM: AppInfoManager-Perf > maybeDestroyAppInfoManager is called. actives = 0
06-30 14:31:36.703 I/Finsky:background( 4938): [149] Wrote row to frosting DB: 4574
06-30 14:31:36.707 I/PackageManager(  690): getInstalledPackages: callingUid=1000 flags=134217856 updatedFlags=135004288 userId=0
06-30 14:31:36.719 D/ScalingWorkspaceRevealAnim( 2807): onAnimationEnd, workspace and hotseat are visible
06-30 14:31:36.719 V/BaseDepthController( 2807): Applying blur: 0 to Surface(name=VRI-com.google.android.apps.nexuslauncher/com.google.android.apps.nexuslauncher.NexusLauncherActivity#1061)/@0x83fdc38 applyImmediately: false
06-30 14:31:36.720 D/BaseDepthController( 2807): shouldBlurWorkspace: false targetState: Normal currentStableState: Normal mCurrentBlur: 0 mLauncher.getDepthBlurTargets(): [com.android.launcher3.Workspace{ddc5c42 V.ED..... ......ID 0,0-1080,2400 #7f0a0486 app:id/workspace}, com.android.launcher3.Hotseat{7fb9453 V.ED..... ......ID 0,1905-1080,2400 #7f0a01f6 app:id/hotseat}]
06-30 14:31:36.722 I/Finsky:background( 4938): [2] Memory trim requested to level 40
06-30 14:31:36.735 D/AlphabeticIndexCompat( 2807): computeSectionName: cs: AI Quota sectionName: A
06-30 14:31:36.740 D/AllAppsStore( 2807): setApps: apps.length=23
06-30 14:31:36.740 D/AllAppsStore( 2807): notifyUpdate: notifying listeners
06-30 14:31:36.740 D/AllAppsStore( 2807): setApps: apps.length=23
06-30 14:31:36.740 D/AllAppsStore( 2807): notifyUpdate: notifying listeners
06-30 14:31:36.740 D/ActivityAllAppsContainerView( 2807): onAppsUpdated; number of apps: 23
06-30 14:31:36.740 D/ActivityAllAppsContainerView( 2807): rebindAdapters: force: false
06-30 14:31:36.740 D/ActivityAllAppsContainerView( 2807): rebindAdapters: Not needed.
06-30 14:31:36.740 D/StatsLog( 2807): LAUNCHER_ALLAPPS_COUNT
06-30 14:31:36.740 D/AlphabeticalAppsList( 2807): Clearing FastScrollerSections.
06-30 14:31:36.740 D/AlphabeticalAppsList( 2807): Adding apps with sections. HasPrivateApps: false
06-30 14:31:36.740 D/AlphabeticalAppsList( 2807): addAppsWithSections: adding sectionName: ㅁ with appInfoTitle: 메시지
06-30 14:31:36.740 D/AlphabeticalAppsList( 2807): addAppsWithSections: adding sectionName: ㅅ with appInfoTitle: 설정
06-30 14:31:36.740 D/AlphabeticalAppsList( 2807): addAppsWithSections: adding sectionName: ㅇ with appInfoTitle: 위급 정보
06-30 14:31:36.740 D/AlphabeticalAppsList( 2807): addAppsWithSections: adding sectionName: ㅈ with appInfoTitle: 주소록
06-30 14:31:36.740 D/AlphabeticalAppsList( 2807): addAppsWithSections: adding sectionName: ㅋ with appInfoTitle: 카메라
06-30 14:31:36.740 D/AlphabeticalAppsList( 2807): addAppsWithSections: adding sectionName: ㅍ with appInfoTitle: 파일
06-30 14:31:36.740 D/AlphabeticalAppsList( 2807): addAppsWithSections: adding sectionName: ㅎ with appInfoTitle: 휴대전화
06-30 14:31:36.740 D/AlphabeticalAppsList( 2807): addAppsWithSections: adding sectionName: A with appInfoTitle: AI Quota
06-30 14:31:36.740 D/AlphabeticalAppsList( 2807): addAppsWithSections: adding sectionName: C with appInfoTitle: Chrome
06-30 14:31:36.740 D/AlphabeticalAppsList( 2807): addAppsWithSections: adding sectionName: D with appInfoTitle: Drive
06-30 14:31:36.740 D/AlphabeticalAppsList( 2807): addAppsWithSections: adding sectionName: G with appInfoTitle: Glasses
06-30 14:31:36.740 D/AlphabeticalAppsList( 2807): addAppsWithSections: adding sectionName: P with appInfoTitle: Play 스토어
06-30 14:31:36.740 D/AlphabeticalAppsList( 2807): addAppsWithSections: adding sectionName: T with appInfoTitle: TMoble
06-30 14:31:36.741 D/AlphabeticalAppsList( 2807): addAppsWithSections: adding sectionName: V with appInfoTitle: Voice Access
06-30 14:31:36.741 D/AlphabeticalAppsList( 2807): addAppsWithSections: adding sectionName: Y with appInfoTitle: YouTube
06-30 14:31:36.741 D/AlphabeticalAppsList( 2807): Adding FastScrollSection duplicate to scroll to the bottom.
06-30 14:31:36.741 D/AlphabeticalAppsList( 2807): Clearing FastScrollerSections.
06-30 14:31:36.741 D/AlphabeticalAppsList( 2807): Adding apps with sections. HasPrivateApps: false
06-30 14:31:36.741 D/AlphabeticalAppsList( 2807): addAppsWithSections: adding sectionName: ㅁ with appInfoTitle: 메시지
06-30 14:31:36.741 D/AlphabeticalAppsList( 2807): addAppsWithSections: adding sectionName: ㅅ with appInfoTitle: 설정
06-30 14:31:36.741 D/AlphabeticalAppsList( 2807): addAppsWithSections: adding sectionName: ㅇ with appInfoTitle: 위급 정보
06-30 14:31:36.741 D/AlphabeticalAppsList( 2807): addAppsWithSections: adding sectionName: ㅈ with appInfoTitle: 주소록
06-30 14:31:36.741 D/AlphabeticalAppsList( 2807): addAppsWithSections: adding sectionName: ㅋ with appInfoTitle: 카메라
06-30 14:31:36.741 D/AlphabeticalAppsList( 2807): addAppsWithSections: adding sectionName: ㅍ with appInfoTitle: 파일
06-30 14:31:36.741 D/AlphabeticalAppsList( 2807): addAppsWithSections: adding sectionName: ㅎ with appInfoTitle: 휴대전화
06-30 14:31:36.741 D/AlphabeticalAppsList( 2807): addAppsWithSections: adding sectionName: A with appInfoTitle: AI Quota
06-30 14:31:36.741 D/AlphabeticalAppsList( 2807): addAppsWithSections: adding sectionName: C with appInfoTitle: Chrome
06-30 14:31:36.741 D/AlphabeticalAppsList( 2807): addAppsWithSections: adding sectionName: D with appInfoTitle: Drive
06-30 14:31:36.741 D/AlphabeticalAppsList( 2807): addAppsWithSections: adding sectionName: G with appInfoTitle: Glasses
06-30 14:31:36.741 D/AlphabeticalAppsList( 2807): addAppsWithSections: adding sectionName: P with appInfoTitle: Play 스토어
06-30 14:31:36.741 D/AlphabeticalAppsList( 2807): addAppsWithSections: adding sectionName: T with appInfoTitle: TMoble
06-30 14:31:36.741 D/AlphabeticalAppsList( 2807): addAppsWithSections: adding sectionName: V with appInfoTitle: Voice Access
06-30 14:31:36.741 D/AlphabeticalAppsList( 2807): addAppsWithSections: adding sectionName: Y with appInfoTitle: YouTube
06-30 14:31:36.741 D/AlphabeticalAppsList( 2807): Adding FastScrollSection duplicate to scroll to the bottom.
06-30 14:31:36.742 W/skia    (  527): AGTM parsing failed flags.readFromStream(s) at 159
06-30 14:31:36.742 W/skia    (  527): AGTM parsing failed flags.readFromStream(s) at 159
06-30 14:31:36.751 D/BoundBrokerSvc(20906): onBind: Intent { act=com.google.android.gms.common.BIND_SHARED_PREFS xflg=0x4 pkg=com.google.android.gms }
06-30 14:31:36.752 D/BoundBrokerSvc(20906): Loading bound service for intent: Intent { act=com.google.android.gms.common.BIND_SHARED_PREFS xflg=0x4 pkg=com.google.android.gms }
06-30 14:31:36.772 W/SQLiteLog(20906): (28) double-quoted string literal: "com.aiquota.mobile"
06-30 14:31:36.775 V/WindowManagerShell(  981): Received remote transition finished callback for (#88)
06-30 14:31:36.775 I/PackageManager(  690): getInstalledPackages: callingUid=10203 flags=0 updatedFlags=786432 userId=0
06-30 14:31:36.779 I/Finsky  ( 4591): [55] AIM: AppInfoManager-Perf > ItemModel > CacheSize=39, cacheHitCount=0, cacheMissCount=0, total appsWithNoServerDataCount=4. Missed  in cache (limit 10) : []
06-30 14:31:36.786 V/WindowManagerShell(  981): Transition animation finished (aborted=false), notifying core (#88) android.os.BinderProxy@cccb28a@0
06-30 14:31:36.796 E/libbinder.IPCThreadState(  690): Binder transaction failure. id: 2134666, cmd: BR_DEAD_REPLY (29189), error: -22 (Invalid argument)
06-30 14:31:36.799 W/ActivityManager(  690): pid 690 system sent binder code 7 with flags 1 and got error -32
06-30 14:31:36.799 D/ActivityManager(  690): Too many transaction errors, throttling transaction error callback.
06-30 14:31:36.800 W/WindowManager(  690): Exception thrown during dispatchAppVisibility Window{c04ed53 u0 com.aiquota.mobile/com.aiquota.mobile.MainActivity EXITING}
06-30 14:31:36.800 W/WindowManager(  690): android.os.DeadObjectException
06-30 14:31:36.800 W/WindowManager(  690): 	at android.os.BinderProxy.transactNative(Native Method)
06-30 14:31:36.800 W/WindowManager(  690): 	at android.os.BinderProxy.transact(BinderProxy.java:626)
06-30 14:31:36.800 W/WindowManager(  690): 	at android.view.IWindow$Stub$Proxy.dispatchAppVisibility(IWindow.java:602)
06-30 14:31:36.800 W/WindowManager(  690): 	at com.android.server.wm.WindowState.sendAppVisibilityToClients(WindowState.java:3388)
06-30 14:31:36.800 W/WindowManager(  690): 	at com.android.server.wm.WindowContainer.sendAppVisibilityToClients(WindowContainer.java:1245)
06-30 14:31:36.800 W/WindowManager(  690): 	at com.android.server.wm.WindowToken.setClientVisible(WindowToken.java:392)
06-30 14:31:36.800 W/WindowManager(  690): 	at com.android.server.wm.ActivityRecord.commitVisibility(ActivityRecord.java:5654)
06-30 14:31:36.800 W/WindowManager(  690): 	at com.android.server.wm.Transition.finishTransition(Transition.java:1629)
06-30 14:31:36.800 W/WindowManager(  690): 	at com.android.server.wm.TransitionController.finishTransition(TransitionController.java:1220)
06-30 14:31:36.800 W/WindowManager(  690): 	at com.android.server.wm.WindowOrganizerController.finishTransition(WindowOrganizerController.java:533)
06-30 14:31:36.800 W/WindowManager(  690): 	at android.window.IWindowOrganizerController$Stub.onTransact(IWindowOrganizerController.java:265)
06-30 14:31:36.800 W/WindowManager(  690): 	at com.android.server.wm.WindowOrganizerController.onTransact(WindowOrganizerController.java:239)
06-30 14:31:36.800 W/WindowManager(  690): 	at android.os.Binder.execTransactInternal(Binder.java:1369)
06-30 14:31:36.800 W/WindowManager(  690): 	at android.os.Binder.execTransact(Binder.java:1323)
06-30 14:31:36.800 W/Process (  690): Unable to open /proc/23861/status
06-30 14:31:36.810 V/WindowManager(  690): Finish Transition (#88): created at 06-30 14:31:35.510 collect-started=0.138ms request-sent=0.208ms started=6.623ms ready=9.789ms sent=93.811ms commit=58.953ms finished=1283.169ms
06-30 14:31:36.810 W/ActivityManager(  690): Skipping manifest association check for null package. SourceUid: 10203, SourcePkg: null, TargetUid: 10203, TargetPkg: com.google.android.gms
06-30 14:31:36.835 W/System  (  981): A resource failed to call release. 
06-30 14:31:36.837 W/System  (  981): A resource failed to call release. 
06-30 14:31:36.837 W/System  (  981): A resource failed to call release. 
06-30 14:31:36.837 W/System  (  981): A resource failed to call release. 
06-30 14:31:36.843 W/skia    (  527): AGTM parsing failed flags.readFromStream(s) at 159
06-30 14:31:36.843 W/skia    (  527): AGTM parsing failed flags.readFromStream(s) at 159
06-30 14:31:36.845 V/WindowManagerShell(  981): Track 0 became idle
06-30 14:31:36.845 V/WindowManagerShell(  981): All active transition animations finished
06-30 14:31:36.847 D/RecentsView( 2807): onTaskRemoved: 507, not handling task stack changes
06-30 14:31:36.847 D/RecentsView( 2807): onTaskRemoved: 507, not handling task stack changes
06-30 14:31:36.849 V/ShellTaskOrganizer(  981): Task vanished taskId=507
06-30 14:31:36.850 V/ShellTaskOrganizer(  981): Fullscreen Task Vanished: #507
06-30 14:31:36.850 V/ShellDesktopMode(  981): Task Vanished: #507 closed=true
06-30 14:31:36.852 V/RecentTasksController(  981): Notify recent tasks changed
06-30 14:31:36.852 D/ShellDesktopMode(  981): AppToWebRepository: Task 507 is vanishing. Removing task data from repository
06-30 14:31:36.852 D/RecentTasksList( 2807): invalidateLoadedTasks - previous requestLoadId: -1
06-30 14:31:36.854 V/AppCompat(  981): SingleSurfaceLetterboxController: []
06-30 14:31:36.854 V/AppCompat(  981): MultiSurfaceLetterboxController: []
06-30 14:31:36.854 V/AppCompat(  981): LetterboxInputController: []
06-30 14:31:36.854 V/AppCompat(  981): RoundedCornersLetterboxController: {}
06-30 14:31:36.858 W/System  (  981): A resource failed to call release. 
06-30 14:31:36.858 W/System  (  981): A resource failed to call release. 
06-30 14:31:36.863 I/Surface (  690): Creating surface for consumer unnamed-690-20 with slotExpansion=1 for 64 slots
06-30 14:31:36.863 I/Surface (  690): Creating surface for consumer ImageReader-864x1920f1m1-690-15 with slotExpansion=1 for 64 slots
06-30 14:31:36.867 I/Finsky  ( 4591): [50] [ContentSync] finished, scheduled=true
06-30 14:31:36.868 W/ImageReader_JNI(  690): Unable to acquire a buffer item, very likely client tried to acquire more than maxImages buffers
06-30 14:31:36.868 E/BpTransactionCompletedListener(  527): Failed to transact (-32)
06-30 14:31:36.869 I/Finsky  ( 4591): [53] SCH: Scheduling phonesky job Id: 12-1, CT: 1782829896015, Constraints: [{ L: 15000, D: 86400000, C: CHARGING_NONE, I: IDLE_NONE, N: NET_ANY, B: BATTERY_ANY }]
06-30 14:31:36.890 W/ActivityManager(  690): Skipping manifest association check for null package. SourceUid: 10203, SourcePkg: null, TargetUid: 10203, TargetPkg: com.google.android.gms
06-30 14:31:36.903 W/android.vending( 4591): Suspending all threads took: 6.763ms
06-30 14:31:36.906 E/ConsumerBase(  690): [ImageReader-864x1920f1m1-690-15] abandonLocked: ConsumerBase is abandoned!
06-30 14:31:36.917 I/Icing   (20906): IndexChimeraService.getServiceInterface callingPackage=com.google.android.gms componentName=AppsCorpus serviceId=36
06-30 14:31:36.920 I/Finsky  ( 4591): [53] SCH: Scheduling 0 system job(s)
06-30 14:31:36.920 I/Finsky  ( 4591): [53] [ContentSync] finished, scheduled=true
06-30 14:31:36.930 D/BoundBrokerSvc(20906): onBind: Intent { act=com.google.android.gms.feedback.internal.IFeedbackService dat=chimera-action:/... xflg=0x4 cmp=com.google.android.gms/.chimera.GmsBoundBrokerService }
06-30 14:31:36.930 D/BoundBrokerSvc(20906): Loading bound service for intent: Intent { act=com.google.android.gms.feedback.internal.IFeedbackService dat=chimera-action:/... xflg=0x4 cmp=com.google.android.gms/.chimera.GmsBoundBrokerService }
06-30 14:31:36.936 V/SafetySourceDataValidat(  690): Package: com.android.vending has expected signature
06-30 14:31:36.946 W/skia    (  527): AGTM parsing failed flags.readFromStream(s) at 159
06-30 14:31:36.946 W/skia    (  527): AGTM parsing failed flags.readFromStream(s) at 159
06-30 14:31:37.032 I/system_server(  690): Background concurrent mark compact GC freed 27MB AllocSpace bytes, 50(2048KB) LOS objects, 36% free, 41MB/65MB, paused 3.407ms,60.895ms total 796.287ms
06-30 14:31:37.042 I/AiAiTextClassifier( 1592): onDestroyTextClassificationSession = TextClassificationSessionId {03c46a1b-7829-49cd-bbbc-f04606b32d82}
06-30 14:31:37.045 W/System  (  690): A resource failed to call close. 
06-30 14:31:37.045 W/System  (  690): A resource failed to call close. 
06-30 14:31:37.047 D/nativeloader(24227): Configuring clns-9 for other apk /data/app/~~HX1Lg-UsAhWUehHhhfX5cQ==/com.aiquota.mobile-TL2bccJ8lN_ucnCVBNd6Zg==/base.apk. target_sdk_version=35, uses_libraries=, library_path=/data/app/~~HX1Lg-UsAhWUehHhhfX5cQ==/com.aiquota.mobile-TL2bccJ8lN_ucnCVBNd6Zg==/lib/x86_64:/data/app/~~HX1Lg-UsAhWUehHhhfX5cQ==/com.aiquota.mobile-TL2bccJ8lN_ucnCVBNd6Zg==/base.apk!/lib/x86_64, permitted_path=/data:/mnt/expand:/data/user/0/com.aiquota.mobile
06-30 14:31:37.051 D/CompatChangeReporter(24227): Compat change id reported: 202956589; UID 10233; state: ENABLED
06-30 14:31:37.054 I/Icing   (20906): IndexChimeraService.getServiceInterface callingPackage=com.google.android.gms componentName=null serviceId=30
06-30 14:31:37.054 I/Icing   (20906): Usage reports ok 6, Failed Usage reports 0, indexed 0, rejected 0
06-30 14:31:37.064 V/GraphicsEnvironment(24227): Currently set values for:
06-30 14:31:37.064 V/GraphicsEnvironment(24227):   angle_gl_driver_selection_pkgs=[]
06-30 14:31:37.064 V/GraphicsEnvironment(24227):   angle_gl_driver_selection_values=[]
06-30 14:31:37.064 V/GraphicsEnvironment(24227): com.aiquota.mobile is not listed in per-application setting
06-30 14:31:37.065 V/GraphicsEnvironment(24227): No special selections for ANGLE, returning default driver choice
06-30 14:31:37.067 V/GraphicsEnvironment(24227): Neither updatable production driver nor prerelease driver is supported.
06-30 14:31:37.087 I/Icing   (20906): Usage reports ok 0, Failed Usage reports 0, indexed 0, rejected 0
06-30 14:31:37.104 I/Icing   (20906): Indexing com.google.android.gms-apps from com.google.android.gms
06-30 14:31:37.114 I/Icing   (20906): Indexing done com.google.android.gms-apps
06-30 14:31:37.117 W/ActivityManager(  690): Skipping manifest association check for null package. SourceUid: 10203, SourcePkg: null, TargetUid: 10203, TargetPkg: com.google.android.gms
06-30 14:31:37.162 I/FirebaseApp(24227): Device unlocked: initializing all Firebase APIs for app [DEFAULT]
06-30 14:31:37.203 I/FirebaseInitProvider(24227): FirebaseApp initialization successful
06-30 14:31:37.230 D/WM-WrkMgrInitializer(24227): Initializing WorkManager with default configuration.
06-30 14:31:37.307 W/libbinder.Binder( 3383): Binder transaction to android.content.IContentProvider, function: UNKNOWN_FUNCTION_NAME, code: 21, took 1379ms. Data bytes: 480 Reply bytes: 440 Flags: 18
06-30 14:31:37.313 D/WM-PackageManagerHelper(24227): Skipping component enablement for androidx.work.impl.background.systemjob.SystemJobService
06-30 14:31:37.313 D/WM-Schedulers(24227): Created SystemJobScheduler and enabled SystemJobService
06-30 14:31:37.358 D/com.google.firebase.appcheck.debug.internal.DebugAppCheckProvider(24227): Enter this debug secret into the allow list in the Firebase Console for your project: af9bae90-6cf0-4cae-9907-9a6792beadf2
06-30 14:31:37.396 D/CompatChangeReporter(24227): Compat change id reported: 311402873; UID 10233; state: ENABLED
06-30 14:31:37.396 D/CompatChangeReporter(24227): Compat change id reported: 323349338; UID 10233; state: ENABLED
06-30 14:31:37.396 D/CompatChangeReporter(  690): Compat change id reported: 311402873; UID 10233; state: ENABLED
06-30 14:31:37.396 D/CompatChangeReporter(  690): Compat change id reported: 323349338; UID 10233; state: ENABLED
06-30 14:31:37.446 W/JobScheduler(  690): Job didn't exist in JobStore: a0240da #u0a233/7 com.aiquota.mobile/androidx.work.impl.background.systemjob.SystemJobService
06-30 14:31:37.563 I/AppsFilter(  690): interaction: PackageSetting{f4a16fa com.aiquota.mobile/10233} -> PackageSetting{71fb75e com.google.android.apps.maps/10168} BLOCKED
06-30 14:31:37.564 I/AppsFilter(  690): interaction: PackageSetting{f4a16fa com.aiquota.mobile/10233} -> PackageSetting{71fb75e com.google.android.apps.maps/10168} BLOCKED
06-30 14:31:37.564 I/AppsFilter(  690): interaction: PackageSetting{f4a16fa com.aiquota.mobile/10233} -> PackageSetting{610999b com.google.android.apps.photos/10171} BLOCKED
06-30 14:31:37.564 I/AppsFilter(  690): interaction: PackageSetting{f4a16fa com.aiquota.mobile/10233} -> PackageSetting{610999b com.google.android.apps.photos/10171} BLOCKED
06-30 14:31:37.564 I/AppsFilter(  690): interaction: PackageSetting{f4a16fa com.aiquota.mobile/10233} -> PackageSetting{cc0d138 com.google.android.apps.youtube.music/10183} BLOCKED
06-30 14:31:37.564 I/AppsFilter(  690): interaction: PackageSetting{f4a16fa com.aiquota.mobile/10233} -> PackageSetting{cc0d138 com.google.android.apps.youtube.music/10183} BLOCKED
06-30 14:31:37.564 I/AppsFilter(  690): interaction: PackageSetting{f4a16fa com.aiquota.mobile/10233} -> PackageSetting{e554f9d com.google.android.calendar/10160} BLOCKED
06-30 14:31:37.564 I/AppsFilter(  690): interaction: PackageSetting{f4a16fa com.aiquota.mobile/10233} -> PackageSetting{e554f9d com.google.android.calendar/10160} BLOCKED
06-30 14:31:37.564 I/AppsFilter(  690): interaction: PackageSetting{f4a16fa com.aiquota.mobile/10233} -> PackageSetting{7285511 com.google.android.contacts/10165} BLOCKED
06-30 14:31:37.564 I/AppsFilter(  690): interaction: PackageSetting{f4a16fa com.aiquota.mobile/10233} -> PackageSetting{7285511 com.google.android.contacts/10165} BLOCKED
06-30 14:31:37.564 I/AppsFilter(  690): interaction: PackageSetting{f4a16fa com.aiquota.mobile/10233} -> PackageSetting{7285511 com.google.android.contacts/10165} BLOCKED
06-30 14:31:37.564 I/AppsFilter(  690): interaction: PackageSetting{f4a16fa com.aiquota.mobile/10233} -> PackageSetting{7285511 com.google.android.contacts/10165} BLOCKED
06-30 14:31:37.564 I/AppsFilter(  690): interaction: PackageSetting{f4a16fa com.aiquota.mobile/10233} -> PackageSetting{23d9676 com.google.android.deskclock/10173} BLOCKED
06-30 14:31:37.564 I/AppsFilter(  690): interaction: PackageSetting{f4a16fa com.aiquota.mobile/10233} -> PackageSetting{23d9676 com.google.android.deskclock/10173} BLOCKED
06-30 14:31:37.564 I/AppsFilter(  690): interaction: PackageSetting{f4a16fa com.aiquota.mobile/10233} -> PackageSetting{23d9676 com.google.android.deskclock/10173} BLOCKED
06-30 14:31:37.566 I/AppsFilter(  690): interaction: PackageSetting{f4a16fa com.aiquota.mobile/10233} -> PackageSetting{23d9676 com.google.android.deskclock/10173} BLOCKED
06-30 14:31:37.566 I/AppsFilter(  690): interaction: PackageSetting{f4a16fa com.aiquota.mobile/10233} -> PackageSetting{23d9676 com.google.android.deskclock/10173} BLOCKED
06-30 14:31:37.566 I/AppsFilter(  690): interaction: PackageSetting{f4a16fa com.aiquota.mobile/10233} -> PackageSetting{d553477 com.google.android.gm/10174} BLOCKED
06-30 14:31:37.567 I/AppsFilter(  690): interaction: PackageSetting{f4a16fa com.aiquota.mobile/10233} -> PackageSetting{e4dc8e4 com.google.android.settings.intelligence/10157} BLOCKED
06-30 14:31:37.567 I/AppsFilter(  690): interaction: PackageSetting{f4a16fa com.aiquota.mobile/10233} -> PackageSetting{eac314d com.google.android.youtube/10182} BLOCKED
06-30 14:31:37.567 I/AppsFilter(  690): interaction: PackageSetting{f4a16fa com.aiquota.mobile/10233} -> PackageSetting{eac314d com.google.android.youtube/10182} BLOCKED
06-30 14:31:37.567 I/AppsFilter(  690): interaction: PackageSetting{f4a16fa com.aiquota.mobile/10233} -> PackageSetting{4e4a402 u.sage/10231} BLOCKED
06-30 14:31:37.568 W/ApplicationInfo(  690): Large ApplicationInfo parcel: size=18260 package=com.google.android.googlequicksearchbox splits=1 sharedLibs=3 resDirs=2 overlayPaths=2
06-30 14:31:37.568 W/ParceledListSlice(  690): Element #8 is 19420 bytes.
06-30 14:31:37.568 W/ApplicationInfo(  690): Large ApplicationInfo parcel: size=18260 package=com.google.android.googlequicksearchbox splits=1 sharedLibs=3 resDirs=2 overlayPaths=2
06-30 14:31:37.568 W/ParceledListSlice(  690): Element #9 is 19612 bytes.
06-30 14:31:37.568 W/ApplicationInfo(  690): Large ApplicationInfo parcel: size=18260 package=com.google.android.googlequicksearchbox splits=1 sharedLibs=3 resDirs=2 overlayPaths=2
06-30 14:31:37.568 W/ParceledListSlice(  690): Element #10 is 19820 bytes.
06-30 14:31:37.568 W/ApplicationInfo(  690): Large ApplicationInfo parcel: size=18260 package=com.google.android.googlequicksearchbox splits=1 sharedLibs=3 resDirs=2 overlayPaths=2
06-30 14:31:37.568 W/ParceledListSlice(  690): Element #11 is 19324 bytes.
06-30 14:31:37.568 W/ParceledListSlice(  690): Overly large reply size: 84676
06-30 14:31:37.806 W/JobInfo (24227): Requested important-while-foreground flag for job11 is ignored and takes no effect
06-30 14:31:37.911 I/wpa_supplicant(  961): wlan0: CTRL-EVENT-BEACON-LOSS 
06-30 14:31:37.939 D/AppWidgetServiceImpl(  690): Trying to notify widget update for package com.aiquota.mobile with widget id: 22
06-30 14:31:37.941 I/LauncherAppWidgetHostView( 2807): App widget with id: 22 loaded
06-30 14:31:37.943 D/AppWidgetServiceImpl(  690): Trying to notify widget update for package com.aiquota.mobile with widget id: 24
06-30 14:31:37.943 D/AppWidgetServiceImpl(  690): Trying to notify widget update for package com.aiquota.mobile with widget id: 20
06-30 14:31:37.944 D/AppWidgetServiceImpl(  690): Trying to notify widget update for package com.aiquota.mobile with widget id: 21
06-30 14:31:37.952 D/ShortcutAndWidgetContainer( 2807): appWidgetScale - [x,y]: [1.0,1.0]
06-30 14:31:37.952 D/NavigableAppWidgetHostView( 2807): updateScale - [fitScale,bounceScale]: [1.0,1.0]
06-30 14:31:37.952 D/ShortcutAndWidgetContainer( 2807): appWidgetScale - [x,y]: [1.0,1.0]
06-30 14:31:37.952 D/NavigableAppWidgetHostView( 2807): updateScale - [fitScale,bounceScale]: [1.0,1.0]
06-30 14:31:37.952 D/ShortcutAndWidgetContainer( 2807): appWidgetScale - [x,y]: [1.0,1.0]
06-30 14:31:37.952 D/NavigableAppWidgetHostView( 2807): updateScale - [fitScale,bounceScale]: [1.0,1.0]
06-30 14:31:37.952 D/ShortcutAndWidgetContainer( 2807): appWidgetScale - [x,y]: [1.0,1.0]
06-30 14:31:37.952 D/NavigableAppWidgetHostView( 2807): updateScale - [fitScale,bounceScale]: [1.0,1.0]
06-30 14:31:37.953 I/LauncherAppWidgetHostView( 2807): App widget with id: 24 loaded
06-30 14:31:37.953 I/LauncherAppWidgetHostView( 2807): App widget with id: 20 loaded
06-30 14:31:37.953 I/LauncherAppWidgetHostView( 2807): App widget with id: 21 loaded
06-30 14:31:37.969 D/ShortcutAndWidgetContainer( 2807): appWidgetScale - [x,y]: [1.0,1.0]
06-30 14:31:37.969 D/NavigableAppWidgetHostView( 2807): updateScale - [fitScale,bounceScale]: [1.0,1.0]
06-30 14:31:37.973 W/skia    (  527): AGTM parsing failed flags.readFromStream(s) at 159
06-30 14:31:37.973 W/skia    (  527): AGTM parsing failed flags.readFromStream(s) at 159
06-30 14:31:37.985 D/ShortcutAndWidgetContainer( 2807): appWidgetScale - [x,y]: [1.0,1.0]
06-30 14:31:37.985 D/NavigableAppWidgetHostView( 2807): updateScale - [fitScale,bounceScale]: [1.0,1.0]
06-30 14:31:37.985 D/ShortcutAndWidgetContainer( 2807): appWidgetScale - [x,y]: [1.0,1.0]
06-30 14:31:37.985 D/NavigableAppWidgetHostView( 2807): updateScale - [fitScale,bounceScale]: [1.0,1.0]
06-30 14:31:37.985 D/ShortcutAndWidgetContainer( 2807): appWidgetScale - [x,y]: [1.0,1.0]
06-30 14:31:37.985 D/NavigableAppWidgetHostView( 2807): updateScale - [fitScale,bounceScale]: [1.0,1.0]
06-30 14:31:37.985 D/ShortcutAndWidgetContainer( 2807): appWidgetScale - [x,y]: [1.0,1.0]
06-30 14:31:37.985 D/NavigableAppWidgetHostView( 2807): updateScale - [fitScale,bounceScale]: [1.0,1.0]
06-30 14:31:38.023 I/AIQuotaDebugState(24227): debugProviderReset=true providers=gemini
06-30 14:31:38.043 I/ActivityManager(  690): Broadcast completed: result=0
06-30 14:31:38.044 W/libbinder.Binder(  690): Binder transaction to android.app.IActivityManager, function: UNKNOWN_FUNCTION_NAME, code: 1598246212, took 1794ms. Data bytes: 440 Reply bytes: 4 Flags: 16
06-30 14:31:38.074 W/skia    (  527): AGTM parsing failed flags.readFromStream(s) at 159
06-30 14:31:38.074 W/skia    (  527): AGTM parsing failed flags.readFromStream(s) at 159
06-30 14:31:38.081 I/adbd    (  539): adbd service requested 'shell,v2,TERM=dumb,raw:mkdir -p /sdcard/Android/data/com.aiquota.mobile/files/debug-session-cookies'
06-30 14:31:38.132 I/adbd    (  539): adbd service requested 'sync:'
06-30 14:31:38.174 I/adbd    (  539): adbd service requested 'shell,v2,TERM=dumb,raw:am broadcast -n com.aiquota.mobile/.debug.ProviderRefreshDebugReceiver -a com.aiquota.mobile.debug.REFRESH_PROVIDER --es provider_id gemini'
06-30 14:31:38.192 I/ActivityManager(  690): Broadcasting: Intent { act=com.aiquota.mobile.debug.REFRESH_PROVIDER flg=0x400000 cmp=com.aiquota.mobile/.debug.ProviderRefreshDebugReceiver (has extras) }
06-30 14:31:38.194 I/ActivityManager(  690): Enqueued broadcast Intent { act=com.aiquota.mobile.debug.REFRESH_PROVIDER flg=0x400000 cmp=com.aiquota.mobile/.debug.ProviderRefreshDebugReceiver (has extras) }: 0
06-30 14:31:38.205 D/CompatChangeReporter(  690): Compat change id reported: 311208749; UID 10233; state: ENABLED
06-30 14:31:38.205 I/ActivityManager(  690): Background started FGS: Allowed [callingPackage: com.aiquota.mobile; callingUid: 10233; uidState: TRNB; uidBFSL: n/a; BFGS denied: false; intent: Intent { act=com.aiquota.mobile.action.REFRESH xflg=0x4 cmp=com.aiquota.mobile/.providers.ProviderBackgroundRefreshService (has extras) }; code:SYSTEM_ALLOW_LISTED; tempAllowListReason:<,reasonCode:SYSTEM_ALLOW_LISTED,duration:9223372036854775807,callingUid:-1>; allowWiu:-1; targetSdkVersion:35; callerTargetSdkVersion:35; startForegroundCount:0; bindFromPackage:null; isBindService:false]
06-30 14:31:38.206 D/CompatChangeReporter(  690): Compat change id reported: 319471980; UID 10233; state: ENABLED
06-30 14:31:38.209 I/AIQuotaDebugRefresh(24227): debugProviderRefresh=true provider=gemini
06-30 14:31:38.209 I/ActivityManager(  690): Broadcast completed: result=0
06-30 14:31:38.220 I/WebViewFactory(24227): Loading com.google.android.webview version 148.0.7778.215 (code 777821508)
06-30 14:31:38.221 V/ResourcesManager(24227): The following library key has been added: ResourcesKey{ mHash=aa554488 mResDir=null mSplitDirs=[] mOverlayDirs=[] mLibDirs=[/data/app/~~gRZDsxlqZCLB7oCd7TOaUA==/com.google.android.webview-YT9iMlxeDceFosa4dJznZw==/base.apk,/system/framework/android.test.base.jar,/system_ext/framework/androidx.window.extensions.jar] mDisplayId=0 mOverrideConfig=v37 mCompatInfo={420dpi always-compat} mLoaders=[]}
06-30 14:31:38.223 D/ApplicationLoaders(24227): Returning zygote-cached class loader: /system/framework/android.test.base.jar
06-30 14:31:38.223 D/ApplicationLoaders(24227): Returning zygote-cached class loader: /system_ext/framework/androidx.window.extensions.jar
06-30 14:31:38.225 W/.aiquota.mobile(24227): Loading /data/app/~~gRZDsxlqZCLB7oCd7TOaUA==/com.google.android.webview-YT9iMlxeDceFosa4dJznZw==/oat/x86_64/base.odex non-executable as it requires an image which we failed to load
06-30 14:31:38.229 D/nativeloader(24227): Configuring clns-10 for other apk /data/app/~~gRZDsxlqZCLB7oCd7TOaUA==/com.google.android.webview-YT9iMlxeDceFosa4dJznZw==/base.apk. target_sdk_version=36, uses_libraries=, library_path=/data/app/~~gRZDsxlqZCLB7oCd7TOaUA==/com.google.android.webview-YT9iMlxeDceFosa4dJznZw==/lib/x86_64:/data/app/~~gRZDsxlqZCLB7oCd7TOaUA==/com.google.android.webview-YT9iMlxeDceFosa4dJznZw==/base.apk!/lib/x86_64, permitted_path=/data:/mnt/expand
06-30 14:31:38.273 I/cr_WVCFactoryProvider(24227): version=148.0.7778.215 (777821508) minSdkVersion=29 multiprocess=true packageId=2 splits=<none>
06-30 14:31:38.274 D/DesktopExperienceFlags(24227): Toggle override initialized to: false
06-30 14:31:38.289 D/nativeloader(24227): Load /data/app/~~gRZDsxlqZCLB7oCd7TOaUA==/com.google.android.webview-YT9iMlxeDceFosa4dJznZw==/base.apk!/lib/x86_64/libwebviewchromium.so using class loader ns clns-10 (caller=/data/app/~~gRZDsxlqZCLB7oCd7TOaUA==/com.google.android.webview-YT9iMlxeDceFosa4dJznZw==/base.apk): ok
06-30 14:31:38.292 D/nativeloader(24227): Load /system/lib64/libwebviewchromium_plat_support.so using class loader ns clns-10 (caller=/data/app/~~gRZDsxlqZCLB7oCd7TOaUA==/com.google.android.webview-YT9iMlxeDceFosa4dJznZw==/base.apk): ok
06-30 14:31:38.295 E/chromium(24227): [0630/143138.295393:ERROR:android_webview/browser/variations/variations_seed_loader.cc:39] Seed missing signature.
06-30 14:31:38.296 I/chromium(24227): [0630/143138.295935:INFO:android_webview/browser/variations/variations_seed_loader.cc:67] Failed to open file for reading.: No such file or directory (2)
06-30 14:31:38.300 I/cr_LibraryLoader(24227): Successfully loaded native library
06-30 14:31:38.300 I/cr_CachingUmaRecorder(24227): Flushed 16 samples from 16 histograms, 0 samples were dropped.
06-30 14:31:38.336 D/CompatChangeReporter(  690): Compat change id reported: 296558535; UID 10233; state: ENABLED
06-30 14:31:38.336 D/CompatChangeReporter(  690): Compat change id reported: 317799821; UID 10233; state: ENABLED
06-30 14:31:38.336 D/CompatChangeReporter(  690): Compat change id reported: 313677553; UID 10233; state: ENABLED
06-30 14:31:38.336 W/ActivityManager(  690): Foreground service started from background can not have location/camera/microphone access: service com.aiquota.mobile/.providers.ProviderBackgroundRefreshService
06-30 14:31:38.337 W/ForegroundServiceTypeLoggerModule(  690): Foreground service start for UID: 10233 does not have any types
06-30 14:31:38.414 D/AIQuotaBgRefreshService(24227): cycleStart providers=gemini
06-30 14:31:38.445 I/cr_ChildProcLH(24227): ScopedServiceBindingBatch.tryActivate: false
06-30 14:31:38.447 I/cr_CombinedPProvider(24227): #registerProvider() provider:WV.wk@35c8d29 isPolicyCacheEnabled:false policyProvidersSize:0
06-30 14:31:38.448 I/cr_PolicyProvider(24227): #setManagerAndSource() 0
06-30 14:31:38.451 I/cr_DisplayManager(24227): Is Display Topology available: false
06-30 14:31:38.457 V/GrammaticalInflectionUtils(  690): AttributionSource: android.content.AttributionSource@dc130f7b does not have READ_SYSTEM_GRAMMATICAL_GENDER permission.
06-30 14:31:38.460 I/DisplayManager(24227): Implicitly registering for refresh rate
06-30 14:31:38.463 D/Zygote  ( 1048): Forked child process 24317
06-30 14:31:38.464 I/libprocessgroup(  690): Created cgroup /sys/fs/cgroup/apps/uid_99028
06-30 14:31:38.465 I/libprocessgroup(  690): Created cgroup /sys/fs/cgroup/apps/uid_99028/pid_24317
06-30 14:31:38.467 I/Zygote  (24317): Process 24317 created for com.google.android.webview:sandboxed_process0:org.chromium.content.app.SandboxedProcessService0:0
06-30 14:31:38.467 I/ocessService0:0(24317): Using generational CollectorTypeCMC GC.
06-30 14:31:38.467 W/ocessService0:0(24317): Unexpected CPU variant for x86: x86_64.
06-30 14:31:38.467 W/ocessService0:0(24317): Known variants: atom, sandybridge, silvermont, goldmont, goldmont-plus, goldmont-without-sha-xsaves, tremont, kabylake, alderlake, pantherlake, default
06-30 14:31:38.469 I/cr_CombinedPProvider(24227): #linkNativeInternal() 1
06-30 14:31:38.469 I/cr_AppResProvider(24227): #getApplicationRestrictionsFromUserManager() Bundle[EMPTY_PARCEL]
06-30 14:31:38.469 I/cr_PolicyProvider(24227): #notifySettingsAvailable() 0
06-30 14:31:38.469 I/cr_CombinedPProvider(24227): #onSettingsAvailable() 0
06-30 14:31:38.469 I/cr_CombinedPProvider(24227): #flushPolicies()
06-30 14:31:38.471 D/nativeloader(24317): Load libframework-connectivity-tiramisu-jni.so using APEX ns com_android_tethering for caller /apex/com.android.tethering/javalib/framework-connectivity-t.jar: ok
06-30 14:31:38.474 D/BoundBrokerSvc(20906): onBind: Intent { act=com.google.android.gms.safetynet.service.START xflg=0x4 pkg=com.google.android.gms }
06-30 14:31:38.474 I/ActivityManager(  690): Start proc 24317:com.google.android.webview:sandboxed_process0:org.chromium.content.app.SandboxedProcessService0:0/u0i28 for bound-service {com.aiquota.mobile/org.chromium.content.app.SandboxedProcessService0:0}
06-30 14:31:38.474 D/BoundBrokerSvc(20906): Loading bound service for intent: Intent { act=com.google.android.gms.safetynet.service.START xflg=0x4 pkg=com.google.android.gms }
06-30 14:31:38.486 D/ApplicationLoaders(24317): Returning zygote-cached class loader: /system/framework/android.test.base.jar
06-30 14:31:38.487 D/ApplicationLoaders(24317): Returning zygote-cached class loader: /system_ext/framework/androidx.window.extensions.jar
06-30 14:31:38.492 E/ActivityThread(24317): ConnectivityService is null in handleBindApplication!
06-30 14:31:38.493 D/CompatChangeReporter(24227): Compat change id reported: 312399441; UID 10233; state: ENABLED
06-30 14:31:38.496 I/cr_WebViewApkApp(24317): version=148.0.7778.215 (777821508) minSdkVersion=29 processName=com.google.android.webview:sandboxed_process0:org.chromium.content.app.SandboxedProcessService0:0 splits=<none>
06-30 14:31:38.506 W/chromium(24227): [WARNING:android_webview/browser/network_service/net_helpers.cc:137] HTTP Cache size is: 20971520
06-30 14:31:38.507 I/cr_ChildProcessService(24317): Creating new ChildProcessService pid=24317
06-30 14:31:38.533 D/BoundBrokerSvc(20906): onBind: Intent { act=com.google.android.gms.safebrowsing.SafeBrowsingService.START dat=chimera-action:/... xflg=0x4 cmp=com.google.android.gms/.chimera.GmsBoundBrokerService }
06-30 14:31:38.533 D/BoundBrokerSvc(20906): Loading bound service for intent: Intent { act=com.google.android.gms.safebrowsing.SafeBrowsingService.START dat=chimera-action:/... xflg=0x4 cmp=com.google.android.gms/.chimera.GmsBoundBrokerService }
06-30 14:31:38.545 V/NotificationHistory(  690): Attempted to add notif for locked/gone/disabled user 0
06-30 14:31:38.549 W/AiAiEcho( 1592): LyftNotificationParser Ridesharing ETA not enabled
06-30 14:31:38.550 I/AiAiEcho( 1592): SmartspaceNotificationPredictor no parser can handle this notification or notification is invalid
06-30 14:31:38.553 D/ConnectivityService(  690): requestNetwork for uid/pid:10233/24227 activeRequest: null callbackRequest: 1796 [NetworkRequest [ REQUEST id=1797, [ Capabilities: INTERNET&NOT_RESTRICTED&TRUSTED&NOT_VCN_MANAGED&NOT_BANDWIDTH_CONSTRAINED Uid: 10233 RequestorUid: 10233 RequestorPkg: com.aiquota.mobile UnderlyingNetworks: Null] ]] callback flags: 0 order: 2147483647 isUidTracked: false declaredMethods: AVAIL|LOST|NC|LP
06-30 14:31:38.554 D/WifiNetworkFactory(  690): got request NetworkRequest [ REQUEST id=1797, [ Capabilities: INTERNET&NOT_RESTRICTED&TRUSTED&NOT_VCN_MANAGED&NOT_BANDWIDTH_CONSTRAINED Uid: 10233 RequestorUid: 10233 RequestorPkg: com.aiquota.mobile UnderlyingNetworks: Null] ]
06-30 14:31:38.554 D/ConnectivityService(  690): NetReassign [1797 : null → 100] [c 0] [a 0] [i 1]
06-30 14:31:38.555 D/UntrustedWifiNetworkFactory(  690): got request NetworkRequest [ REQUEST id=1797, [ Capabilities: INTERNET&NOT_RESTRICTED&TRUSTED&NOT_VCN_MANAGED&NOT_BANDWIDTH_CONSTRAINED Uid: 10233 RequestorUid: 10233 RequestorPkg: com.aiquota.mobile UnderlyingNetworks: Null] ]
06-30 14:31:38.555 D/OemPaidWifiNetworkFactory(  690): got request NetworkRequest [ REQUEST id=1797, [ Capabilities: INTERNET&NOT_RESTRICTED&TRUSTED&NOT_VCN_MANAGED&NOT_BANDWIDTH_CONSTRAINED Uid: 10233 RequestorUid: 10233 RequestorPkg: com.aiquota.mobile UnderlyingNetworks: Null] ]
06-30 14:31:38.555 D/MultiInternetWifiNetworkFactory(  690): got request NetworkRequest [ REQUEST id=1797, [ Capabilities: INTERNET&NOT_RESTRICTED&TRUSTED&NOT_VCN_MANAGED&NOT_BANDWIDTH_CONSTRAINED Uid: 10233 RequestorUid: 10233 RequestorPkg: com.aiquota.mobile UnderlyingNetworks: Null] ]
06-30 14:31:38.555 D/CompatChangeReporter(  690): Compat change id reported: 319212206; UID 10233; state: ENABLED
06-30 14:31:38.556 D/ConnectivityService(  690): NetReassign [no changes] [c 1] [a 0] [i 0]
06-30 14:31:38.591 W/skia    (  527): AGTM parsing failed flags.readFromStream(s) at 159
06-30 14:31:38.591 W/skia    (  527): AGTM parsing failed flags.readFromStream(s) at 159
06-30 14:31:38.621 I/AdbWifiNetworkMonitor(  690): Wi-Fi network available
06-30 14:31:38.622 I/AdbWifiNetworkMonitor(  690): Received the same Wi-Fi SSID. Ignoring.
06-30 14:31:38.629 I/HalDevMgr(  690): bestIfaceCreationProposal is null, requestIface=STA, existingIface=[name=wlan0 type=STA]
06-30 14:31:38.638 D/WM-WorkConstraintsTrack( 2923): NetworkRequestConstraintController onCapabilitiesChanged callback
06-30 14:31:38.642 D/WM-WorkConstraintsTrack( 3977): NetworkRequestConstraintController onCapabilitiesChanged callback
06-30 14:31:38.644 I/BugleRcsEngine( 3867): handleMessage processing message:[NOTIFY_UPTIME_IGNORE_STATE_CHANGED] with [non-null]:RcsEngineImpl reference [CONTEXT log_prefix="RcsEngineImpl[DUAL_REG]:[390448b9-d26f]>Handler" thread_id=69 ]
06-30 14:31:38.644 I/BugleRcsEngine( 3867): Connected state: [1], networkType: [WIFI] [CONTEXT thread_id=65 ]
06-30 14:31:38.645 W/libbinder.IPCThreadState(  690): Sending oneway calls to frozen process.
06-30 14:31:38.648 W/libbinder.IPCThreadState(  690): Sending oneway calls to frozen process.
06-30 14:31:38.648 W/libbinder.IPCThreadState(  690): Sending oneway calls to frozen process.
06-30 14:31:38.648 W/libbinder.IPCThreadState(  690): Sending oneway calls to frozen process.
06-30 14:31:38.649 I/NullBinder( 1317): NullBinder for android.net.action.RECOMMEND_NETWORKS triggering remote TransactionTooLargeException due to Service without Chimera impl, calling uid: 1000, calling pid: 0
06-30 14:31:38.649 W/libbinder.Binder( 1317): Large reply transaction of 1056768 bytes, interface descriptor , function: UNKNOWN_FUNCTION_NAME, code: 1, flags: 17
06-30 14:31:38.653 D/ConnectivityService(  690): NetReassign [no changes] [c 0] [a 4] [i 1]
06-30 14:31:38.656 I/NearbyMediums( 1317): Wifi changed new SSID: "AndroidWifi"
06-30 14:31:38.656 I/NearbyMediums( 1317): WifiLanConnectivityInfo is not changed, skip notify.
06-30 14:31:38.662 I/BugleRcsEngine( 3867): No RCS Configuration was found in Bugle for simID: redacted-pii:sim_id[chars:20,last3:897] [CONTEXT log_prefix="ProvisioningEngineDataRetriever" thread_id=69 ]
06-30 14:31:38.694 W/skia    (  527): AGTM parsing failed flags.readFromStream(s) at 159
06-30 14:31:38.694 W/skia    (  527): AGTM parsing failed flags.readFromStream(s) at 159
06-30 14:31:38.785 I/AIQuotaDebugCookie(24227): provider=gemini debugCookieRestore=true reason=background_collection source=external urlCount=7 cookieCount=100
06-30 14:31:38.791 D/AIQuotaBgRefreshService(24227): load provider=gemini start= warmUp=false request=1
06-30 14:31:38.793 W/skia    (  527): AGTM parsing failed flags.readFromStream(s) at 159
06-30 14:31:38.793 W/skia    (  527): AGTM parsing failed flags.readFromStream(s) at 159
06-30 14:31:38.801 W/cr_media(24227): BLUETOOTH_CONNECT permission is missing.
06-30 14:31:38.806 W/cr_media(24227): getBluetoothAdapter() requires BLUETOOTH permission
06-30 14:31:38.806 W/cr_media(24227): registerBluetoothIntentsIfNeeded: Requires BLUETOOTH permission
06-30 14:31:38.827 D/AudioSystem(24227): onNewService: media.audio_policy service obtained 0x75d14d42db30
06-30 14:31:38.830 I/cr_LibraryLoader(24317): Successfully loaded native library
06-30 14:31:38.830 I/cr_CachingUmaRecorder(24317): Flushed 2 samples from 2 histograms, 0 samples were dropped.
06-30 14:31:38.841 D/AudioSystem(24227): getService: IAudioPolicyService retrieved: 0x75d14d42db30  cached: 0x75d14d42db30
06-30 14:31:38.848 I/chromium(24317): [INFO:third_party/skia/src/ports/SkFontMgr_android_parser.cpp:723] [SkFontMgr Android Parser] '/product/etc/fonts_customization.xml' could not be opened
06-30 14:31:38.848 I/chromium(24317): 
06-30 14:31:38.850 I/CameraManagerGlobal(24227): Connecting to camera service
06-30 14:31:38.850 W/chromium(24317): [WARNING:content/child/runtime_features.cc:540] Fenced frames cannot be enabled in this configuration. Use --enable-features=FencedFrames instead.
06-30 14:31:38.851 W/chromium(24317): [WARNING:content/child/runtime_features.cc:565] Topics cannot be enabled in this configuration. Use --enable-features=BrowsingTopics in addition.
06-30 14:31:38.851 W/chromium(24317): [WARNING:content/child/runtime_features.cc:586] SharedStorage cannot be enabled in this configuration. Use --enable-features=SharedStorageAPI in addition.
06-30 14:31:38.853 I/keystore2(  331): system/security/keystore2/watchdog/src/lib.rs:371 - Watchdog thread idle -> terminating. Have a great day.
06-30 14:31:38.895 W/skia    (  527): AGTM parsing failed flags.readFromStream(s) at 159
06-30 14:31:38.896 W/skia    (  527): AGTM parsing failed flags.readFromStream(s) at 159
06-30 14:31:38.912 W/libc    (24227): Access denied finding property "vendor.mesa.virtgpu.kumquat"
06-30 14:31:38.912 W/libc    (24227): Access denied finding property "vendor.mesa.log"
06-30 14:31:38.912 W/libc    (24227): Access denied finding property "vendor.mesa.log.level"
06-30 14:31:38.912 W/libc    (24227): Access denied finding property "vendor.mesa.log.prefix"
06-30 14:31:38.912 W/libc    (24227): Access denied finding property "vendor.mesa.gallium.print.options"
06-30 14:31:38.912 W/libc    (24227): Access denied finding property "vendor.mesa.log.file.auto"
06-30 14:31:38.912 W/libc    (24227): Access denied finding property "vendor.mesa.log.file"
06-30 14:31:38.912 E/MESA    (24227): Failed to open rendernode: No such file or directory
06-30 14:31:38.912 W/libc    (24227): Access denied finding property "vendor.mesa.virtgpu.kumquat"
06-30 14:31:38.912 E/MESA    (24227): Failed to open rendernode: No such file or directory
06-30 14:31:38.912 D/vulkan  (24227): searching for layers in '/data/app/~~HX1Lg-UsAhWUehHhhfX5cQ==/com.aiquota.mobile-TL2bccJ8lN_ucnCVBNd6Zg==/lib/x86_64'
06-30 14:31:38.913 D/vulkan  (24227): searching for layers in '/data/app/~~HX1Lg-UsAhWUehHhhfX5cQ==/com.aiquota.mobile-TL2bccJ8lN_ucnCVBNd6Zg==/base.apk!/lib/x86_64'
06-30 14:31:38.913 W/libc    (24227): Access denied finding property "vendor.mesa.virtgpu.kumquat"
06-30 14:31:38.913 E/MESA    (24227): Failed to open rendernode: No such file or directory
06-30 14:31:38.913 W/libc    (24227): Access denied finding property "vendor.mesa.virtgpu.kumquat"
06-30 14:31:38.914 E/MESA    (24227): Failed to open rendernode: No such file or directory
06-30 14:31:38.914 W/libc    (24227): Access denied finding property "vendor.mesa.virtgpu.kumquat"
06-30 14:31:38.914 E/MESA    (24227): Failed to open rendernode: No such file or directory
06-30 14:31:38.914 W/libc    (24227): Access denied finding property "vendor.mesa.virtgpu.kumquat"
06-30 14:31:38.914 E/MESA    (24227): Failed to open rendernode: No such file or directory
06-30 14:31:38.914 W/libc    (24227): Access denied finding property "vendor.mesa.virtgpu.kumquat"
06-30 14:31:38.914 E/MESA    (24227): Failed to open rendernode: No such file or directory
06-30 14:31:38.915 I/GFXSTREAM(24227): [eglDisplay.cpp(297)] Opening libGLESv1_CM_emulation.so
06-30 14:31:38.915 I/GFXSTREAM(24227): [eglDisplay.cpp(297)] Opening libGLESv2_emulation.so
06-30 14:31:38.916 W/libc    (24227): Access denied finding property "vendor.mesa.virtgpu.kumquat"
06-30 14:31:38.925 I/FontLog ( 1317): (REDACTED) Received query %s, URI %s
06-30 14:31:38.926 I/FontLog ( 1317): (REDACTED) Query [%s] resolved to %s
06-30 14:31:38.929 I/FontLog ( 1317): (REDACTED) Font PFD returned from cache for %s
06-30 14:31:38.929 I/FontLog ( 1317): (REDACTED) Fetch %s end status %s
06-30 14:31:38.944 I/FontLog ( 1317): (REDACTED) Pulling font file for id = %d, cache size = %d
06-30 14:31:38.947 I/FontLog ( 1317): (REDACTED) Received query %s, URI %s
06-30 14:31:38.947 I/FontLog ( 1317): (REDACTED) Query [%s] resolved to %s
06-30 14:31:38.947 I/FontLog ( 1317): (REDACTED) Fetch %s end status %s
06-30 14:31:38.948 I/FontLog ( 1317): (REDACTED) Pulling font file for id = %d, cache size = %d
06-30 14:31:38.952 I/FontLog ( 1317): (REDACTED) Received query %s, URI %s
06-30 14:31:38.952 I/FontLog ( 1317): (REDACTED) Query [%s] resolved to %s
06-30 14:31:38.953 I/FontLog ( 1317): (REDACTED) Font PFD returned from cache for %s
06-30 14:31:38.953 I/FontLog ( 1317): (REDACTED) Fetch %s end status %s
06-30 14:31:38.955 I/FontLog ( 1317): (REDACTED) Pulling font file for id = %d, cache size = %d
06-30 14:31:38.961 I/FontLog ( 1317): (REDACTED) Received query %s, URI %s
06-30 14:31:38.961 I/FontLog ( 1317): (REDACTED) Query [%s] resolved to %s
06-30 14:31:38.962 I/FontLog ( 1317): (REDACTED) Font PFD returned from cache for %s
06-30 14:31:38.962 I/FontLog ( 1317): (REDACTED) Fetch %s end status %s
06-30 14:31:38.964 I/FontLog ( 1317): (REDACTED) Pulling font file for id = %d, cache size = %d
06-30 14:31:38.968 I/FontLog ( 1317): (REDACTED) Received query %s, URI %s
06-30 14:31:38.968 I/FontLog ( 1317): (REDACTED) Query [%s] resolved to %s
06-30 14:31:38.969 I/FontLog ( 1317): (REDACTED) Font PFD returned from cache for %s
06-30 14:31:38.969 I/FontLog ( 1317): (REDACTED) Fetch %s end status %s
06-30 14:31:38.971 I/FontLog ( 1317): (REDACTED) Pulling font file for id = %d, cache size = %d
06-30 14:31:38.973 I/SQLiteConnectionPool( 1317): The connection pool for /data/user/0/com.google.android.gms/databases/metadata.db has been closed but there are still 1 connections in use.  They will be closed as they are released back to the pool.
06-30 14:31:38.974 W/FontLog ( 1317): Error updating last accessed time for {Google Sans, wdth 100.0, wght 500, ital 0.0, bestEffort false}, isVf false}. [CONTEXT service_id=132 ]
06-30 14:31:38.974 W/FontLog ( 1317): java.lang.IllegalStateException: Cannot perform this operation because the connection pool has been closed.
06-30 14:31:38.974 W/FontLog ( 1317): 	at android.database.sqlite.SQLiteConnectionPool.throwIfClosedLocked(SQLiteConnectionPool.java:1112)
06-30 14:31:38.974 W/FontLog ( 1317): 	at android.database.sqlite.SQLiteConnectionPool.waitForConnection(SQLiteConnectionPool.java:803)
06-30 14:31:38.974 W/FontLog ( 1317): 	at android.database.sqlite.SQLiteConnectionPool.acquireConnection(SQLiteConnectionPool.java:402)
06-30 14:31:38.974 W/FontLog ( 1317): 	at android.database.sqlite.SQLiteSession.acquireConnection(SQLiteSession.java:931)
06-30 14:31:38.974 W/FontLog ( 1317): 	at android.database.sqlite.SQLiteSession.prepare(SQLiteSession.java:623)
06-30 14:31:38.974 W/FontLog ( 1317): 	at android.database.sqlite.SQLiteProgram.<init>(SQLiteProgram.java:62)
06-30 14:31:38.974 W/FontLog ( 1317): 	at android.database.sqlite.SQLiteStatement.<init>(SQLiteStatement.java:34)
06-30 14:31:38.974 W/FontLog ( 1317): 	at android.database.sqlite.SQLiteDatabase.executeSql(SQLiteDatabase.java:2232)
06-30 14:31:38.974 W/FontLog ( 1317): 	at android.database.sqlite.SQLiteDatabase.execSQL(SQLiteDatabase.java:2209)
06-30 14:31:38.974 W/FontLog ( 1317): 	at ccbr.run(:com.google.android.gms@262031038@26.20.31 (260800-919905943):57)
06-30 14:31:38.974 W/FontLog ( 1317): 	at bkql.c(:com.google.android.gms@262031038@26.20.31 (260800-919905943):50)
06-30 14:31:38.974 W/FontLog ( 1317): 	at bkql.run(:com.google.android.gms@262031038@26.20.31 (260800-919905943):66)
06-30 14:31:38.974 W/FontLog ( 1317): 	at java.util.concurrent.ThreadPoolExecutor.runWorker(ThreadPoolExecutor.java:1100)
06-30 14:31:38.974 W/FontLog ( 1317): 	at java.util.concurrent.ThreadPoolExecutor$Worker.run(ThreadPoolExecutor.java:624)
06-30 14:31:38.974 W/FontLog ( 1317): 	at bkwd.run(:com.google.android.gms@262031038@26.20.31 (260800-919905943):8)
06-30 14:31:38.974 W/FontLog ( 1317): 	at java.lang.Thread.run(Thread.java:1572)
06-30 14:31:38.974 W/FontLog ( 1317): Caused by: java.lang.Exception: SQLiteConnectionPool.close()
06-30 14:31:38.974 W/FontLog ( 1317): 	at android.database.sqlite.SQLiteConnectionPool.dispose(SQLiteConnectionPool.java:270)
06-30 14:31:38.974 W/FontLog ( 1317): 	at android.database.sqlite.SQLiteConnectionPool.close(SQLiteConnectionPool.java:250)
06-30 14:31:38.974 W/FontLog ( 1317): 	at android.database.sqlite.SQLiteDatabase.dispose(SQLiteDatabase.java:559)
06-30 14:31:38.974 W/FontLog ( 1317): 	at android.database.sqlite.SQLiteDatabase.onAllReferencesReleased(SQLiteDatabase.java:536)
06-30 14:31:38.974 W/FontLog ( 1317): 	at android.database.sqlite.SQLiteClosable.releaseReference(SQLiteClosable.java:92)
06-30 14:31:38.974 W/FontLog ( 1317): 	at android.database.sqlite.SQLiteDatabase.executeSql(SQLiteDatabase.java:2244)
06-30 14:31:38.974 W/FontLog ( 1317): 	... 8 more
06-30 14:31:38.997 W/skia    (  527): AGTM parsing failed flags.readFromStream(s) at 159
06-30 14:31:38.997 W/skia    (  527): AGTM parsing failed flags.readFromStream(s) at 159
06-30 14:31:39.013 D/AppWidgetServiceImpl(  690): Trying to notify widget update for package com.aiquota.mobile with widget id: 17
06-30 14:31:39.014 I/LauncherAppWidgetHostView( 2807): App widget with id: 17 loaded
06-30 14:31:39.031 I/.aiquota.mobile(24227): hiddenapi: Accessing hidden field Landroid/graphics/Bitmap;->mNativePtr:J (runtime_flags=0, domain=platform, api=unsupported) from Lcom/android/webview/chromium/WebViewChromium; (domain=app, TargetSdkVersion=35) using JNI: allowed
06-30 14:31:39.052 D/ShortcutAndWidgetContainer( 2807): appWidgetScale - [x,y]: [1.0,1.0]
06-30 14:31:39.052 D/NavigableAppWidgetHostView( 2807): updateScale - [fitScale,bounceScale]: [1.0,1.0]
06-30 14:31:39.052 D/ShortcutAndWidgetContainer( 2807): appWidgetScale - [x,y]: [1.0,1.0]
06-30 14:31:39.052 D/NavigableAppWidgetHostView( 2807): updateScale - [fitScale,bounceScale]: [1.0,1.0]
06-30 14:31:39.052 D/ShortcutAndWidgetContainer( 2807): appWidgetScale - [x,y]: [1.0,1.0]
06-30 14:31:39.052 D/NavigableAppWidgetHostView( 2807): updateScale - [fitScale,bounceScale]: [1.0,1.0]
06-30 14:31:39.052 D/ShortcutAndWidgetContainer( 2807): appWidgetScale - [x,y]: [1.0,1.0]
06-30 14:31:39.052 D/NavigableAppWidgetHostView( 2807): updateScale - [fitScale,bounceScale]: [1.0,1.0]
06-30 14:31:39.067 D/AIQuotaBgRefreshService(24227): inject provider=gemini url=
06-30 14:31:39.070 D/AIQuotaBgRefreshService(24227): pageFinished provider=gemini url=
06-30 14:31:39.072 E/ashmem  (24317): readlink(/proc/self/fd/115) failed: Operation not permitted
06-30 14:31:39.074 E/ashmem  (24317): readlink(/proc/self/fd/116) failed: Operation not permitted
06-30 14:31:39.074 E/ashmem  (24317): readlink(/proc/self/fd/118) failed: Operation not permitted
06-30 14:31:39.075 E/ashmem  (24317): readlink(/proc/self/fd/117) failed: Operation not permitted
06-30 14:31:39.076 E/ashmem  (24317): readlink(/proc/self/fd/119) failed: Operation not permitted
06-30 14:31:39.077 E/ashmem  (24317): readlink(/proc/self/fd/121) failed: Operation not permitted
06-30 14:31:39.097 W/skia    (  527): AGTM parsing failed flags.readFromStream(s) at 159
06-30 14:31:39.097 W/skia    (  527): AGTM parsing failed flags.readFromStream(s) at 159
06-30 14:31:39.142 I/NearbySharing( 1317): Network state changed: NetworkState(isRestricted=false, isOnline=true, isCongested=false, isMetered=false, isWifiConnected=true)
06-30 14:31:39.208 W/skia    (  527): AGTM parsing failed flags.readFromStream(s) at 159
06-30 14:31:39.208 W/skia    (  527): AGTM parsing failed flags.readFromStream(s) at 159
06-30 14:31:39.309 W/skia    (  527): AGTM parsing failed flags.readFromStream(s) at 159
06-30 14:31:39.309 W/skia    (  527): AGTM parsing failed flags.readFromStream(s) at 159
06-30 14:31:39.533 E/TaskPersister(  690): File error accessing recents directory (directory doesn't exist?).
06-30 14:31:39.541 D/SatelliteController( 1128): isInCarrierRoamingNbIotNtn: satellite is disabled
06-30 14:31:39.541 D/SatelliteController( 1128): getCarrierRoamingNtnConnectType: Checking connect type from PLMN config for subId: 1
06-30 14:31:39.541 D/TelephonyConfigUpdateInstallReceiver( 1128): getConfigParser: domain=satellite
06-30 14:31:39.541 V/SatelliteController( 1128): satelliteConfigParser is not ready
06-30 14:31:39.541 D/SatelliteController( 1128): isSatelliteAttachSupportedViaConfigupdater: return null (satelliteConfig is null)
06-30 14:31:39.543 D/SatelliteController( 1128): getSatellitePerPlmnConfiguration: invalid subId or not supported via carrier.
06-30 14:31:39.543 D/SatelliteController( 1128): getCarrierRoamingNtnConnectType: config: null
06-30 14:31:39.543 D/TelephonyConfigUpdateInstallReceiver( 1128): getConfigParser: domain=satellite
06-30 14:31:39.543 V/SatelliteController( 1128): satelliteConfigParser is not ready
06-30 14:31:39.543 D/SatelliteController( 1128): getCarrierRoamingNtnConnectTypeViaConfigUpdater: return null (satelliteConfig is null)
06-30 14:31:39.544 D/SatelliteController( 1128): getCarrierRoamingNtnConnectType: Falling back to global carrier config connect type: 0
06-30 14:31:39.544 D/TelephonyConfigUpdateInstallReceiver( 1128): getConfigParser: domain=satellite
06-30 14:31:39.544 V/SatelliteController( 1128): satelliteConfigParser is not ready
06-30 14:31:39.544 D/SatelliteController( 1128): isSatelliteAttachSupportedViaConfigupdater: return null (satelliteConfig is null)
06-30 14:31:39.544 D/SatelliteController( 1128): getCarrierRoamingNtnConnectType: Checking connect type from PLMN config for subId: 1
06-30 14:31:39.544 D/TelephonyConfigUpdateInstallReceiver( 1128): getConfigParser: domain=satellite
06-30 14:31:39.544 V/SatelliteController( 1128): satelliteConfigParser is not ready
06-30 14:31:39.544 D/SatelliteController( 1128): isSatelliteAttachSupportedViaConfigupdater: return null (satelliteConfig is null)
06-30 14:31:39.545 D/SatelliteController( 1128): getSatellitePerPlmnConfiguration: invalid subId or not supported via carrier.
06-30 14:31:39.545 D/SatelliteController( 1128): getCarrierRoamingNtnConnectType: config: null
06-30 14:31:39.545 D/TelephonyConfigUpdateInstallReceiver( 1128): getConfigParser: domain=satellite
06-30 14:31:39.545 V/SatelliteController( 1128): satelliteConfigParser is not ready
06-30 14:31:39.545 D/SatelliteController( 1128): getCarrierRoamingNtnConnectTypeViaConfigUpdater: return null (satelliteConfig is null)
06-30 14:31:39.545 D/SatelliteController( 1128): getCarrierRoamingNtnConnectType: Falling back to global carrier config connect type: 0
06-30 14:31:39.545 D/TelephonyConfigUpdateInstallReceiver( 1128): getConfigParser: domain=satellite
06-30 14:31:39.545 V/SatelliteController( 1128): satelliteConfigParser is not ready
06-30 14:31:39.545 D/SatelliteController( 1128): isSatelliteAttachSupportedViaConfigupdater: return null (satelliteConfig is null)
06-30 14:31:39.766 D/AppWidgetServiceImpl(  690): Trying to notify widget update for package com.aiquota.mobile with widget id: 22
06-30 14:31:39.768 D/ShortcutAndWidgetContainer( 2807): appWidgetScale - [x,y]: [1.0,1.0]
06-30 14:31:39.768 D/NavigableAppWidgetHostView( 2807): updateScale - [fitScale,bounceScale]: [1.0,1.0]
06-30 14:31:39.768 D/ShortcutAndWidgetContainer( 2807): appWidgetScale - [x,y]: [1.0,1.0]
06-30 14:31:39.768 D/NavigableAppWidgetHostView( 2807): updateScale - [fitScale,bounceScale]: [1.0,1.0]
06-30 14:31:39.768 D/ShortcutAndWidgetContainer( 2807): appWidgetScale - [x,y]: [1.0,1.0]
06-30 14:31:39.768 D/NavigableAppWidgetHostView( 2807): updateScale - [fitScale,bounceScale]: [1.0,1.0]
06-30 14:31:39.768 D/ShortcutAndWidgetContainer( 2807): appWidgetScale - [x,y]: [1.0,1.0]
06-30 14:31:39.768 D/NavigableAppWidgetHostView( 2807): updateScale - [fitScale,bounceScale]: [1.0,1.0]
06-30 14:31:39.776 D/AppWidgetServiceImpl(  690): Trying to notify widget update for package com.aiquota.mobile with widget id: 24
06-30 14:31:39.777 D/AppWidgetServiceImpl(  690): Trying to notify widget update for package com.aiquota.mobile with widget id: 20
06-30 14:31:39.779 D/AppWidgetServiceImpl(  690): Trying to notify widget update for package com.aiquota.mobile with widget id: 21
06-30 14:31:39.788 W/skia    (  527): AGTM parsing failed flags.readFromStream(s) at 159
06-30 14:31:39.788 W/skia    (  527): AGTM parsing failed flags.readFromStream(s) at 159
06-30 14:31:39.803 D/AppWidgetServiceImpl(  690): Trying to notify widget update for package com.aiquota.mobile with widget id: 17
06-30 14:31:39.818 D/ShortcutAndWidgetContainer( 2807): appWidgetScale - [x,y]: [1.0,1.0]
06-30 14:31:39.818 D/NavigableAppWidgetHostView( 2807): updateScale - [fitScale,bounceScale]: [1.0,1.0]
06-30 14:31:39.818 D/ShortcutAndWidgetContainer( 2807): appWidgetScale - [x,y]: [1.0,1.0]
06-30 14:31:39.818 D/NavigableAppWidgetHostView( 2807): updateScale - [fitScale,bounceScale]: [1.0,1.0]
06-30 14:31:39.818 D/ShortcutAndWidgetContainer( 2807): appWidgetScale - [x,y]: [1.0,1.0]
06-30 14:31:39.818 D/NavigableAppWidgetHostView( 2807): updateScale - [fitScale,bounceScale]: [1.0,1.0]
06-30 14:31:39.818 D/ShortcutAndWidgetContainer( 2807): appWidgetScale - [x,y]: [1.0,1.0]
06-30 14:31:39.818 D/NavigableAppWidgetHostView( 2807): updateScale - [fitScale,bounceScale]: [1.0,1.0]
06-30 14:31:39.893 W/skia    (  527): AGTM parsing failed flags.readFromStream(s) at 159
06-30 14:31:39.893 W/skia    (  527): AGTM parsing failed flags.readFromStream(s) at 159
06-30 14:31:39.975 W/AiAiEcho( 1592): LyftNotificationParser Ridesharing ETA not enabled
06-30 14:31:39.975 I/AiAiEcho( 1592): SmartspaceNotificationPredictor no parser can handle this notification or notification is invalid
06-30 14:31:39.995 W/skia    (  527): AGTM parsing failed flags.readFromStream(s) at 159
06-30 14:31:39.995 W/skia    (  527): AGTM parsing failed flags.readFromStream(s) at 159
06-30 14:31:40.582 I/adbd    (  539): adbd service requested 'shell,v2,raw:dumpsys package com.google.android.gms'
06-30 14:31:40.722 I/artd    ( 3273): GetBestInfo: odex next to the dex file (/data/app/~~pUpe9D-hsv0lOCLmNQJGyA==/com.google.android.gms-a0e_AySruvvgbDhYG8Z6yQ==/oat/x86_64/base.odex) is kOatUpToDate with filter 'speed-profile' executable 'false'
06-30 14:31:40.724 I/artd    ( 3273): GetBestInfo: dm (/data/app/~~pUpe9D-hsv0lOCLmNQJGyA==/com.google.android.gms-a0e_AySruvvgbDhYG8Z6yQ==/split_AdsDynamite_installtime.dm) is kOatUpToDate with filter 'verify' executable 'false'
06-30 14:31:40.725 I/artd    ( 3273): GetBestInfo: odex next to the dex file (/data/app/~~pUpe9D-hsv0lOCLmNQJGyA==/com.google.android.gms-a0e_AySruvvgbDhYG8Z6yQ==/oat/x86_64/split_CronetDynamite_installtime.odex) is kOatUpToDate with filter 'speed-profile' executable 'false'
06-30 14:31:40.726 I/artd    ( 3273): GetBestInfo: dm (/data/app/~~pUpe9D-hsv0lOCLmNQJGyA==/com.google.android.gms-a0e_AySruvvgbDhYG8Z6yQ==/split_DynamiteLoader_installtime.dm) is kOatUpToDate with filter 'verify' executable 'false'
06-30 14:31:40.727 I/artd    ( 3273): GetBestInfo: dm (/data/app/~~pUpe9D-hsv0lOCLmNQJGyA==/com.google.android.gms-a0e_AySruvvgbDhYG8Z6yQ==/split_DynamiteModulesA_installtime.dm) is kOatUpToDate with filter 'verify' executable 'false'
06-30 14:31:40.730 I/artd    ( 3273): GetBestInfo: dm (/data/app/~~pUpe9D-hsv0lOCLmNQJGyA==/com.google.android.gms-a0e_AySruvvgbDhYG8Z6yQ==/split_DynamiteModulesC_installtime.dm) is kOatUpToDate with filter 'verify' executable 'false'
06-30 14:31:40.733 I/artd    ( 3273): GetBestInfo: dm (/data/app/~~pUpe9D-hsv0lOCLmNQJGyA==/com.google.android.gms-a0e_AySruvvgbDhYG8Z6yQ==/split_GoogleCertificates_installtime.dm) is kOatUpToDate with filter 'verify' executable 'false'
06-30 14:31:40.736 I/artd    ( 3273): GetBestInfo: dm (/data/app/~~pUpe9D-hsv0lOCLmNQJGyA==/com.google.android.gms-a0e_AySruvvgbDhYG8Z6yQ==/split_MapsDynamite_installtime.dm) is kOatUpToDate with filter 'verify' executable 'false'
06-30 14:31:40.737 I/artd    ( 3273): GetBestInfo: dm (/data/app/~~pUpe9D-hsv0lOCLmNQJGyA==/com.google.android.gms-a0e_AySruvvgbDhYG8Z6yQ==/split_MeasurementDynamite_installtime.dm) is kOatUpToDate with filter 'verify' executable 'false'
06-30 14:31:40.739 I/artd    ( 3273): GetBestInfo: /data/user_de/0/com.google.android.gms/app_chimera/m/0000000e/dl-IdentityCredentialsPlatform.optional_262031100800.apk has no usable artifacts
06-30 14:31:40.740 I/artd    ( 3273): GetBestInfo: /data/user_de/0/com.google.android.gms/app_chimera/m/00000001/CronetDynamite.apk has no usable artifacts
06-30 14:31:40.741 I/artd    ( 3273): GetBestInfo: /data/user_de/0/com.google.android.gms/app_chimera/m/00000013/dl-TfliteDynamiteDynamite.integ_252130102100800.apk has no usable artifacts
06-30 14:31:40.741 I/artd    ( 3273): GetBestInfo: /data/user_de/0/com.google.android.gms/app_chimera/m/00000002/DynamiteLoader.apk has no usable artifacts
06-30 14:31:40.742 I/artd    ( 3273): GetBestInfo: /data/user_de/0/com.google.android.gms/app_chimera/m/0000000c/dl-IdentityCredentialsPlatform.optional_261136100800.apk has no usable artifacts
06-30 14:31:40.743 I/artd    ( 3273): GetBestInfo: /data/user_de/0/com.google.android.gms/app_chimera/m/00000005/GoogleCertificates.apk has no usable artifacts
06-30 14:31:40.744 I/artd    ( 3273): GetBestInfo: /data/user_de/0/com.google.android.gms/app_chimera/m/0000000a/dl-TfliteDynamiteDynamite.integ_260580502100800.apk has no usable artifacts
06-30 14:31:40.745 I/artd    ( 3273): GetBestInfo: /data/user_de/0/com.google.android.gms/app_chimera/m/00000016/dl-PlayCloudSearch.optional_262031100000.apk has no usable artifacts
06-30 14:31:40.746 I/artd    ( 3273): GetBestInfo: /data/user_de/0/com.google.android.gms/app_chimera/m/00000014/dl-MlkitOcrCommon.optional_262031100800.apk has no usable artifacts
06-30 14:31:40.748 I/artd    ( 3273): GetBestInfo: /data/user_de/0/com.google.android.gms/app_chimera/m/00000008/dl-VisionOcr.optional_261136100000.apk has no usable artifacts
06-30 14:31:40.750 I/artd    ( 3273): GetBestInfo: /data/user_de/0/com.google.android.gms/app_chimera/m/00000010/dl-Appsearch.optional_262031100800.apk has no usable artifacts
06-30 14:31:40.752 I/artd    ( 3273): GetBestInfo: /data/user_de/0/com.google.android.gms/app_chimera/m/0000000b/dl-Appsearch.optional_261136100800.apk has no usable artifacts
06-30 14:31:40.753 I/artd    ( 3273): GetBestInfo: vdex next to the dex file (/data/user/0/com.google.android.gms/app_dg_cache/9BCBC14EE674B00B958D4B0C5B4BD883630AA39E/oat/x86_64/the.vdex) is kOatUpToDate with filter 'verify' executable 'false'
06-30 14:31:40.755 I/artd    ( 3273): GetBestInfo: /data/user_de/0/com.google.android.gms/app_chimera/m/00000009/dl-MlkitOcrCommon.optional_261136100800.apk has no usable artifacts
06-30 14:31:40.755 I/artd    ( 3273): GetBestInfo: /data/user/0/com.google.android.gms/app_dg_cache/22DA9D7AD8ED7504E0CAC64C41ECDBD7068924E0/the.apk has no usable artifacts
06-30 14:31:40.756 I/artd    ( 3273): GetBestInfo: vdex next to the dex file (/data/user/0/com.google.android.gms/app_dg_cache/FEE57AEA14526BE59FD8AB1365237E7B7A5CE7CB/oat/x86_64/the.vdex) is kOatUpToDate with filter 'verify' executable 'false'
06-30 14:31:40.758 I/artd    ( 3273): GetBestInfo: vdex next to the dex file (/data/user/0/com.google.android.gms/app_dg_cache/1C62BDE86218FBAA50DF06C4A79F5C3FE74B69EC/oat/x86_64/the.vdex) is kOatUpToDate with filter 'verify' executable 'false'
06-30 14:31:40.759 I/artd    ( 3273): GetBestInfo: /data/user_de/0/com.google.android.gms/app_chimera/m/0000000f/dl-VisionOcr.optional_262031100000.apk has no usable artifacts
06-30 14:31:40.760 I/artd    ( 3273): GetBestInfo: /data/user_de/0/com.google.android.gms/app_chimera/m/00000015/dl-MlkitBarcodeUi.optional_262031100800.apk has no usable artifacts
06-30 14:31:40.761 I/artd    ( 3273): GetBestInfo: /data/user_de/0/com.google.android.gms/app_chimera/m/00000007/MeasurementDynamite.apk has no usable artifacts
06-30 14:31:41.637 I/HalDevMgr(  690): bestIfaceCreationProposal is null, requestIface=STA, existingIface=[name=wlan0 type=STA]
06-30 14:31:42.056 D/AIQuotaGeminiUsageRpc(24227): geminiUsagePageHtml status=200 payloadBytes=25284
06-30 14:31:42.057 D/AIQuotaNativeUsage(24227): nativeUsage provider=gemini ok=false diagnostic=gemini_usage_page_rpc_params_unavailable statuses=gemini_usage_page_html:200
06-30 14:31:42.061 D/AIQuotaBgRefreshService(24227): collectorError provider=gemini errorKind=gemini_usage_page_rpc_params_unavailable retry=0 url= summary=root=provider|errorKind|message,provider=gemini,collectorMode=none,lineCount=0,hasUsage=false,hasData=false,hasError=true
06-30 14:31:42.062 D/AIQuotaBgRefreshService(24227): outcome provider=gemini type=Failure
06-30 14:31:42.063 W/AIQuotaBgRefreshService(24227): failure provider=gemini kind=COLLECTOR_ERROR message=Background collector failed: gemini_usage_page_rpc_params_unavailable
06-30 14:31:42.085 I/AIQuotaDebugCookie(24227): provider=gemini debugCookieSnapshot=true reason=background_webview_non_auth_failure urlCount=7 cookieCount=7 nativeAuthContextCount=0 nativeAuthHeaderCount=0
06-30 14:31:42.828 D/ProfileInstaller(24227): Installing profile for com.aiquota.mobile
06-30 14:31:43.717 W/ActivityManager(  690): stopServiceToken startId 11 is last, but have 1 remaining args
06-30 14:31:44.102 D/AppWidgetServiceImpl(  690): Trying to notify widget update for package com.aiquota.mobile with widget id: 22
06-30 14:31:44.106 D/AppWidgetServiceImpl(  690): Trying to notify widget update for package com.aiquota.mobile with widget id: 24
06-30 14:31:44.107 D/AppWidgetServiceImpl(  690): Trying to notify widget update for package com.aiquota.mobile with widget id: 20
06-30 14:31:44.108 D/AppWidgetServiceImpl(  690): Trying to notify widget update for package com.aiquota.mobile with widget id: 21
06-30 14:31:44.134 D/AppWidgetServiceImpl(  690): Trying to notify widget update for package com.aiquota.mobile with widget id: 17
06-30 14:31:44.151 D/ShortcutAndWidgetContainer( 2807): appWidgetScale - [x,y]: [1.0,1.0]
06-30 14:31:44.151 D/NavigableAppWidgetHostView( 2807): updateScale - [fitScale,bounceScale]: [1.0,1.0]
06-30 14:31:44.152 D/ShortcutAndWidgetContainer( 2807): appWidgetScale - [x,y]: [1.0,1.0]
06-30 14:31:44.152 D/NavigableAppWidgetHostView( 2807): updateScale - [fitScale,bounceScale]: [1.0,1.0]
06-30 14:31:44.152 D/ShortcutAndWidgetContainer( 2807): appWidgetScale - [x,y]: [1.0,1.0]
06-30 14:31:44.152 D/NavigableAppWidgetHostView( 2807): updateScale - [fitScale,bounceScale]: [1.0,1.0]
06-30 14:31:44.152 D/ShortcutAndWidgetContainer( 2807): appWidgetScale - [x,y]: [1.0,1.0]
06-30 14:31:44.152 D/NavigableAppWidgetHostView( 2807): updateScale - [fitScale,bounceScale]: [1.0,1.0]
06-30 14:31:44.173 W/skia    (  527): AGTM parsing failed flags.readFromStream(s) at 159
06-30 14:31:44.173 W/skia    (  527): AGTM parsing failed flags.readFromStream(s) at 159
06-30 14:31:44.274 W/skia    (  527): AGTM parsing failed flags.readFromStream(s) at 159
06-30 14:31:44.274 W/skia    (  527): AGTM parsing failed flags.readFromStream(s) at 159
06-30 14:31:44.305 W/AiAiEcho( 1592): LyftNotificationParser Ridesharing ETA not enabled
06-30 14:31:44.305 I/AiAiEcho( 1592): SmartspaceNotificationPredictor no parser can handle this notification or notification is invalid
06-30 14:31:44.640 I/AdbWifiNetworkMonitor(  690): Wi-Fi network available
06-30 14:31:44.640 I/AdbWifiNetworkMonitor(  690): Received the same Wi-Fi SSID. Ignoring.
06-30 14:31:44.641 I/HalDevMgr(  690): bestIfaceCreationProposal is null, requestIface=STA, existingIface=[name=wlan0 type=STA]
06-30 14:31:44.644 D/WM-WorkConstraintsTrack( 2923): NetworkRequestConstraintController onCapabilitiesChanged callback
06-30 14:31:44.645 I/NullBinder( 1317): NullBinder for android.net.action.RECOMMEND_NETWORKS triggering remote TransactionTooLargeException due to Service without Chimera impl, calling uid: 1000, calling pid: 0
06-30 14:31:44.645 W/libbinder.Binder( 1317): Large reply transaction of 1056768 bytes, interface descriptor , function: UNKNOWN_FUNCTION_NAME, code: 1, flags: 17
06-30 14:31:44.646 I/BugleRcsEngine( 3867): Connected state: [1], networkType: [WIFI] [CONTEXT thread_id=65 ]
06-30 14:31:44.646 I/BugleRcsEngine( 3867): handleMessage processing message:[NOTIFY_UPTIME_IGNORE_STATE_CHANGED] with [non-null]:RcsEngineImpl reference [CONTEXT log_prefix="RcsEngineImpl[DUAL_REG]:[390448b9-d26f]>Handler" thread_id=69 ]
06-30 14:31:44.647 D/WM-WorkConstraintsTrack( 3977): NetworkRequestConstraintController onCapabilitiesChanged callback
06-30 14:31:44.648 D/IpClient/wlan0( 1083): interfaceLinkStateChanged: ifindex 16 up
06-30 14:31:44.648 W/libbinder.IPCThreadState(  690): Sending oneway calls to frozen process.
06-30 14:31:44.649 W/libbinder.IPCThreadState(  690): Sending oneway calls to frozen process.
06-30 14:31:44.652 W/libbinder.IPCThreadState(  690): Sending oneway calls to frozen process.
06-30 14:31:44.652 W/libbinder.IPCThreadState(  690): Sending oneway calls to frozen process.
06-30 14:31:44.654 D/ConnectivityService(  690): NetReassign [no changes] [c 0] [a 1] [i 0]
06-30 14:31:44.655 I/BugleRcsEngine( 3867): No RCS Configuration was found in Bugle for simID: redacted-pii:sim_id[chars:20,last3:897] [CONTEXT log_prefix="ProvisioningEngineDataRetriever" thread_id=69 ]
06-30 14:31:44.655 D/IpClient/wlan0( 1083): interfaceLinkStateChanged: ifindex 16 up
06-30 14:31:44.656 I/NearbyMediums( 1317): Wifi changed new SSID: "AndroidWifi"
06-30 14:31:44.656 I/NearbyMediums( 1317): WifiLanConnectivityInfo is not changed, skip notify.
06-30 14:31:45.146 I/NearbySharing( 1317): Network state changed: NetworkState(isRestricted=false, isOnline=true, isCongested=false, isMetered=false, isWifiConnected=true)
06-30 14:31:46.101 I/wpa_supplicant(  961): wlan0: CTRL-EVENT-BEACON-LOSS 
06-30 14:31:46.756 D/ActivityManager(  690): freezing 4938 com.android.vending:background
06-30 14:31:47.646 I/AdbWifiNetworkMonitor(  690): Wi-Fi network available
06-30 14:31:47.646 I/AdbWifiNetworkMonitor(  690): Received the same Wi-Fi SSID. Ignoring.
06-30 14:31:47.648 I/HalDevMgr(  690): bestIfaceCreationProposal is null, requestIface=STA, existingIface=[name=wlan0 type=STA]
06-30 14:31:47.649 D/WM-WorkConstraintsTrack( 2923): NetworkRequestConstraintController onCapabilitiesChanged callback
06-30 14:31:47.652 D/WM-WorkConstraintsTrack( 3977): NetworkRequestConstraintController onCapabilitiesChanged callback
06-30 14:31:47.652 W/libbinder.IPCThreadState(  690): Sending oneway calls to frozen process.
06-30 14:31:47.653 W/libbinder.IPCThreadState(  690): Sending oneway calls to frozen process.
06-30 14:31:47.653 I/BugleRcsEngine( 3867): Connected state: [1], networkType: [WIFI] [CONTEXT thread_id=65 ]
06-30 14:31:47.654 I/BugleRcsEngine( 3867): handleMessage processing message:[NOTIFY_UPTIME_IGNORE_STATE_CHANGED] with [non-null]:RcsEngineImpl reference [CONTEXT log_prefix="RcsEngineImpl[DUAL_REG]:[390448b9-d26f]>Handler" thread_id=69 ]
06-30 14:31:47.654 W/libbinder.IPCThreadState(  690): Sending oneway calls to frozen process.
06-30 14:31:47.654 I/NullBinder( 1317): NullBinder for android.net.action.RECOMMEND_NETWORKS triggering remote TransactionTooLargeException due to Service without Chimera impl, calling uid: 1000, calling pid: 0
06-30 14:31:47.654 W/libbinder.IPCThreadState(  690): Sending oneway calls to frozen process.
06-30 14:31:47.655 W/libbinder.IPCThreadState(  690): Sending oneway calls to frozen process.
06-30 14:31:47.655 W/libbinder.IPCThreadState(  690): Sending oneway calls to frozen process.
06-30 14:31:47.655 W/libbinder.Binder( 1317): Large reply transaction of 1056768 bytes, interface descriptor , function: UNKNOWN_FUNCTION_NAME, code: 1, flags: 17
06-30 14:31:47.657 D/ConnectivityService(  690): NetReassign [no changes] [c 0] [a 1] [i 0]
06-30 14:31:47.657 I/BugleRcsEngine( 3867): No RCS Configuration was found in Bugle for simID: redacted-pii:sim_id[chars:20,last3:897] [CONTEXT log_prefix="ProvisioningEngineDataRetriever" thread_id=69 ]
06-30 14:31:47.657 I/NearbyMediums( 1317): Wifi changed new SSID: "AndroidWifi"
06-30 14:31:47.657 I/NearbyMediums( 1317): WifiLanConnectivityInfo is not changed, skip notify.
06-30 14:31:48.154 I/NearbySharing( 1317): Network state changed: NetworkState(isRestricted=false, isOnline=true, isCongested=false, isMetered=false, isWifiConnected=true)
06-30 14:31:48.347 D/InetDiagMessage(  690): Destroyed 0 sockets, proto=IPPROTO_TCP, family=AF_INET, states=14
06-30 14:31:48.347 D/InetDiagMessage(  690): Destroyed 0 sockets, proto=IPPROTO_TCP, family=AF_INET6, states=14
06-30 14:31:48.347 D/InetDiagMessage(  690): Destroyed live tcp sockets for uids={10159} in 1ms
06-30 14:31:48.348 D/InetDiagMessage(  690): Destroyed 0 sockets, proto=IPPROTO_TCP, family=AF_INET, states=14
06-30 14:31:48.348 D/InetDiagMessage(  690): Destroyed 0 sockets, proto=IPPROTO_TCP, family=AF_INET6, states=14
06-30 14:31:48.348 D/InetDiagMessage(  690): Destroyed live tcp sockets for uids={20159} in 0ms
06-30 14:31:49.541 D/SatelliteController( 1128): isInCarrierRoamingNbIotNtn: satellite is disabled
06-30 14:31:49.541 D/SatelliteController( 1128): getCarrierRoamingNtnConnectType: Checking connect type from PLMN config for subId: 1
06-30 14:31:49.541 D/TelephonyConfigUpdateInstallReceiver( 1128): getConfigParser: domain=satellite
06-30 14:31:49.541 V/SatelliteController( 1128): satelliteConfigParser is not ready
06-30 14:31:49.541 D/SatelliteController( 1128): isSatelliteAttachSupportedViaConfigupdater: return null (satelliteConfig is null)
06-30 14:31:49.541 D/SatelliteController( 1128): getSatellitePerPlmnConfiguration: invalid subId or not supported via carrier.
06-30 14:31:49.542 D/SatelliteController( 1128): getCarrierRoamingNtnConnectType: config: null
06-30 14:31:49.542 D/TelephonyConfigUpdateInstallReceiver( 1128): getConfigParser: domain=satellite
06-30 14:31:49.542 V/SatelliteController( 1128): satelliteConfigParser is not ready
06-30 14:31:49.542 D/SatelliteController( 1128): getCarrierRoamingNtnConnectTypeViaConfigUpdater: return null (satelliteConfig is null)
06-30 14:31:49.542 D/SatelliteController( 1128): getCarrierRoamingNtnConnectType: Falling back to global carrier config connect type: 0
06-30 14:31:49.542 D/TelephonyConfigUpdateInstallReceiver( 1128): getConfigParser: domain=satellite
06-30 14:31:49.542 V/SatelliteController( 1128): satelliteConfigParser is not ready
06-30 14:31:49.542 D/SatelliteController( 1128): isSatelliteAttachSupportedViaConfigupdater: return null (satelliteConfig is null)
06-30 14:31:49.543 D/SatelliteController( 1128): getCarrierRoamingNtnConnectType: Checking connect type from PLMN config for subId: 1
06-30 14:31:49.543 D/TelephonyConfigUpdateInstallReceiver( 1128): getConfigParser: domain=satellite
06-30 14:31:49.543 V/SatelliteController( 1128): satelliteConfigParser is not ready
06-30 14:31:49.543 D/SatelliteController( 1128): isSatelliteAttachSupportedViaConfigupdater: return null (satelliteConfig is null)
06-30 14:31:49.543 D/SatelliteController( 1128): getSatellitePerPlmnConfiguration: invalid subId or not supported via carrier.
06-30 14:31:49.543 D/SatelliteController( 1128): getCarrierRoamingNtnConnectType: config: null
06-30 14:31:49.543 D/TelephonyConfigUpdateInstallReceiver( 1128): getConfigParser: domain=satellite
06-30 14:31:49.543 V/SatelliteController( 1128): satelliteConfigParser is not ready
06-30 14:31:49.543 D/SatelliteController( 1128): getCarrierRoamingNtnConnectTypeViaConfigUpdater: return null (satelliteConfig is null)
06-30 14:31:49.544 D/SatelliteController( 1128): getCarrierRoamingNtnConnectType: Falling back to global carrier config connect type: 0
06-30 14:31:49.544 D/TelephonyConfigUpdateInstallReceiver( 1128): getConfigParser: domain=satellite
06-30 14:31:49.544 V/SatelliteController( 1128): satelliteConfigParser is not ready
06-30 14:31:49.544 D/SatelliteController( 1128): isSatelliteAttachSupportedViaConfigupdater: return null (satelliteConfig is null)
06-30 14:31:50.587 I/adbd    (  539): adbd service requested 'shell,v2,raw:dumpsys package com.google.android.gms'
06-30 14:31:50.658 I/HalDevMgr(  690): bestIfaceCreationProposal is null, requestIface=STA, existingIface=[name=wlan0 type=STA]
06-30 14:31:50.748 I/artd    ( 3273): GetBestInfo: odex next to the dex file (/data/app/~~pUpe9D-hsv0lOCLmNQJGyA==/com.google.android.gms-a0e_AySruvvgbDhYG8Z6yQ==/oat/x86_64/base.odex) is kOatUpToDate with filter 'speed-profile' executable 'false'
06-30 14:31:50.750 I/artd    ( 3273): GetBestInfo: dm (/data/app/~~pUpe9D-hsv0lOCLmNQJGyA==/com.google.android.gms-a0e_AySruvvgbDhYG8Z6yQ==/split_AdsDynamite_installtime.dm) is kOatUpToDate with filter 'verify' executable 'false'
06-30 14:31:50.753 I/artd    ( 3273): GetBestInfo: odex next to the dex file (/data/app/~~pUpe9D-hsv0lOCLmNQJGyA==/com.google.android.gms-a0e_AySruvvgbDhYG8Z6yQ==/oat/x86_64/split_CronetDynamite_installtime.odex) is kOatUpToDate with filter 'speed-profile' executable 'false'
06-30 14:31:50.754 I/artd    ( 3273): GetBestInfo: dm (/data/app/~~pUpe9D-hsv0lOCLmNQJGyA==/com.google.android.gms-a0e_AySruvvgbDhYG8Z6yQ==/split_DynamiteLoader_installtime.dm) is kOatUpToDate with filter 'verify' executable 'false'
06-30 14:31:50.756 I/artd    ( 3273): GetBestInfo: dm (/data/app/~~pUpe9D-hsv0lOCLmNQJGyA==/com.google.android.gms-a0e_AySruvvgbDhYG8Z6yQ==/split_DynamiteModulesA_installtime.dm) is kOatUpToDate with filter 'verify' executable 'false'
06-30 14:31:50.758 I/artd    ( 3273): GetBestInfo: dm (/data/app/~~pUpe9D-hsv0lOCLmNQJGyA==/com.google.android.gms-a0e_AySruvvgbDhYG8Z6yQ==/split_DynamiteModulesC_installtime.dm) is kOatUpToDate with filter 'verify' executable 'false'
06-30 14:31:50.759 I/artd    ( 3273): GetBestInfo: dm (/data/app/~~pUpe9D-hsv0lOCLmNQJGyA==/com.google.android.gms-a0e_AySruvvgbDhYG8Z6yQ==/split_GoogleCertificates_installtime.dm) is kOatUpToDate with filter 'verify' executable 'false'
06-30 14:31:50.761 I/artd    ( 3273): GetBestInfo: dm (/data/app/~~pUpe9D-hsv0lOCLmNQJGyA==/com.google.android.gms-a0e_AySruvvgbDhYG8Z6yQ==/split_MapsDynamite_installtime.dm) is kOatUpToDate with filter 'verify' executable 'false'
06-30 14:31:50.762 I/artd    ( 3273): GetBestInfo: dm (/data/app/~~pUpe9D-hsv0lOCLmNQJGyA==/com.google.android.gms-a0e_AySruvvgbDhYG8Z6yQ==/split_MeasurementDynamite_installtime.dm) is kOatUpToDate with filter 'verify' executable 'false'
06-30 14:31:50.763 I/artd    ( 3273): GetBestInfo: /data/user_de/0/com.google.android.gms/app_chimera/m/0000000e/dl-IdentityCredentialsPlatform.optional_262031100800.apk has no usable artifacts
06-30 14:31:50.763 I/artd    ( 3273): GetBestInfo: /data/user_de/0/com.google.android.gms/app_chimera/m/00000001/CronetDynamite.apk has no usable artifacts
06-30 14:31:50.765 I/artd    ( 3273): GetBestInfo: /data/user_de/0/com.google.android.gms/app_chimera/m/00000013/dl-TfliteDynamiteDynamite.integ_252130102100800.apk has no usable artifacts
06-30 14:31:50.766 I/artd    ( 3273): GetBestInfo: /data/user_de/0/com.google.android.gms/app_chimera/m/00000002/DynamiteLoader.apk has no usable artifacts
06-30 14:31:50.768 I/artd    ( 3273): GetBestInfo: /data/user_de/0/com.google.android.gms/app_chimera/m/0000000c/dl-IdentityCredentialsPlatform.optional_261136100800.apk has no usable artifacts
06-30 14:31:50.768 I/artd    ( 3273): GetBestInfo: /data/user_de/0/com.google.android.gms/app_chimera/m/00000005/GoogleCertificates.apk has no usable artifacts
06-30 14:31:50.770 I/artd    ( 3273): GetBestInfo: /data/user_de/0/com.google.android.gms/app_chimera/m/0000000a/dl-TfliteDynamiteDynamite.integ_260580502100800.apk has no usable artifacts
06-30 14:31:50.771 I/artd    ( 3273): GetBestInfo: /data/user_de/0/com.google.android.gms/app_chimera/m/00000016/dl-PlayCloudSearch.optional_262031100000.apk has no usable artifacts
06-30 14:31:50.772 I/artd    ( 3273): GetBestInfo: /data/user_de/0/com.google.android.gms/app_chimera/m/00000014/dl-MlkitOcrCommon.optional_262031100800.apk has no usable artifacts
06-30 14:31:50.773 I/artd    ( 3273): GetBestInfo: /data/user_de/0/com.google.android.gms/app_chimera/m/00000008/dl-VisionOcr.optional_261136100000.apk has no usable artifacts
06-30 14:31:50.774 I/artd    ( 3273): GetBestInfo: /data/user_de/0/com.google.android.gms/app_chimera/m/00000010/dl-Appsearch.optional_262031100800.apk has no usable artifacts
06-30 14:31:50.775 I/artd    ( 3273): GetBestInfo: /data/user_de/0/com.google.android.gms/app_chimera/m/0000000b/dl-Appsearch.optional_261136100800.apk has no usable artifacts
06-30 14:31:50.776 I/artd    ( 3273): GetBestInfo: vdex next to the dex file (/data/user/0/com.google.android.gms/app_dg_cache/9BCBC14EE674B00B958D4B0C5B4BD883630AA39E/oat/x86_64/the.vdex) is kOatUpToDate with filter 'verify' executable 'false'
06-30 14:31:50.778 I/artd    ( 3273): GetBestInfo: /data/user_de/0/com.google.android.gms/app_chimera/m/00000009/dl-MlkitOcrCommon.optional_261136100800.apk has no usable artifacts
06-30 14:31:50.779 I/artd    ( 3273): GetBestInfo: /data/user/0/com.google.android.gms/app_dg_cache/22DA9D7AD8ED7504E0CAC64C41ECDBD7068924E0/the.apk has no usable artifacts
06-30 14:31:50.780 I/artd    ( 3273): GetBestInfo: vdex next to the dex file (/data/user/0/com.google.android.gms/app_dg_cache/FEE57AEA14526BE59FD8AB1365237E7B7A5CE7CB/oat/x86_64/the.vdex) is kOatUpToDate with filter 'verify' executable 'false'
06-30 14:31:50.782 I/artd    ( 3273): GetBestInfo: vdex next to the dex file (/data/user/0/com.google.android.gms/app_dg_cache/1C62BDE86218FBAA50DF06C4A79F5C3FE74B69EC/oat/x86_64/the.vdex) is kOatUpToDate with filter 'verify' executable 'false'
06-30 14:31:50.782 I/artd    ( 3273): GetBestInfo: /data/user_de/0/com.google.android.gms/app_chimera/m/0000000f/dl-VisionOcr.optional_262031100000.apk has no usable artifacts
06-30 14:31:50.784 I/artd    ( 3273): GetBestInfo: /data/user_de/0/com.google.android.gms/app_chimera/m/00000015/dl-MlkitBarcodeUi.optional_262031100800.apk has no usable artifacts
06-30 14:31:50.785 I/artd    ( 3273): GetBestInfo: /data/user_de/0/com.google.android.gms/app_chimera/m/00000007/MeasurementDynamite.apk has no usable artifacts
06-30 14:31:52.085 I/keystore2(  331): system/security/keystore2/watchdog/src/lib.rs:371 - Watchdog thread idle -> terminating. Have a great day.
06-30 14:31:52.103 D/BoundBrokerSvc(20906): onUnbind: Intent { act=com.google.android.gms.feedback.internal.IFeedbackService dat=chimera-action:/... xflg=0x4 cmp=com.google.android.gms/.chimera.GmsBoundBrokerService }
06-30 14:31:53.664 I/HalDevMgr(  690): bestIfaceCreationProposal is null, requestIface=STA, existingIface=[name=wlan0 type=STA]
06-30 14:31:53.996 D/BoundBrokerSvc(20906): onUnbind: Intent { act=com.google.android.gms.safetynet.service.START xflg=0x4 pkg=com.google.android.gms }
06-30 14:31:54.037 I/wpa_supplicant(  961): wlan0: CTRL-EVENT-BEACON-LOSS 
06-30 14:31:54.038 D/BoundBrokerSvc(20906): onUnbind: Intent { act=com.google.android.gms.safebrowsing.SafeBrowsingService.START dat=chimera-action:/... xflg=0x4 cmp=com.google.android.gms/.chimera.GmsBoundBrokerService }
06-30 14:31:54.648 E/Nl80211Native(  690): getChannelsMhzForBand: Wiphy index not recorded for band 8
06-30 14:31:54.648 E/Nl80211Native(  690): getChannelsMhzForBand: Wiphy index not recorded for band 16
06-30 14:31:54.648 D/Nl80211Native(  690): Ignoring unsupported scan type 2
06-30 14:31:54.648 I/Nl80211Proxy(  690): Sending Nl80211 message: GenericNetlinkMsg{ nlHeader{StructNlMsgHdr{ nlmsg_len{56}, nlmsg_type{30()}, nlmsg_flags{5(NLM_F_REQUEST|NLM_F_ACK)}, nlmsg_seq{270}, nlmsg_pid{0} }}, genNlHeader{StructGenNlMsgHdr{ command{33}, version{1}, reserved{0} }}, attributes{[StructNlAttr{ nla_len{8}, nla_type{-32723}, nla_value{04000000}, }, StructNlAttr{ nla_len{8}, nla_type{3}, nla_value{10000000}, }, StructNlAttr{ nla_len{12}, nla_type{-32724}, nla_value{080000008F090000}, }, StructNlAttr{ nla_len{8}, nla_type{158}, nla_value{00000000}, }]} }
06-30 14:31:54.649 I/Nl80211Proxy(  690): Received NLMSG_ERROR with error 0 for message GenericNetlinkMsg{ nlHeader{StructNlMsgHdr{ nlmsg_len{56}, nlmsg_type{30()}, nlmsg_flags{5(NLM_F_REQUEST|NLM_F_ACK)}, nlmsg_seq{270}, nlmsg_pid{0} }}, genNlHeader{StructGenNlMsgHdr{ command{33}, version{1}, reserved{0} }}, attributes{[StructNlAttr{ nla_len{8}, nla_type{-32723}, nla_value{04000000}, }, StructNlAttr{ nla_len{8}, nla_type{3}, nla_value{10000000}, }, StructNlAttr{ nla_len{12}, nla_type{-32724}, nla_value{080000008F090000}, }, StructNlAttr{ nla_len{8}, nla_type{158}, nla_value{00000000}, }]} }
06-30 14:31:54.695 D/WifiNative(  690): Scan result ready event
06-30 14:31:54.696 I/Nl80211Proxy(  690): Sending Nl80211 message: GenericNetlinkMsg{ nlHeader{StructNlMsgHdr{ nlmsg_len{20}, nlmsg_type{30()}, nlmsg_flags{769(NLM_F_REQUEST|NLM_F_DUMP)}, nlmsg_seq{271}, nlmsg_pid{0} }}, genNlHeader{StructGenNlMsgHdr{ command{5}, version{1}, reserved{0} }}, attributes{[]} }
06-30 14:31:54.696 I/Nl80211Proxy(  690): Received NLMSG_DONE for message GenericNetlinkMsg{ nlHeader{StructNlMsgHdr{ nlmsg_len{20}, nlmsg_type{30()}, nlmsg_flags{769(NLM_F_REQUEST|NLM_F_DUMP)}, nlmsg_seq{271}, nlmsg_pid{0} }}, genNlHeader{StructGenNlMsgHdr{ command{5}, version{1}, reserved{0} }}, attributes{[]} }
06-30 14:31:54.697 W/Nl80211Utils(  690): Malformed NEW_INTERFACE response: missing attributes
06-30 14:31:54.697 I/Nl80211Proxy(  690): Sending Nl80211 message: GenericNetlinkMsg{ nlHeader{StructNlMsgHdr{ nlmsg_len{28}, nlmsg_type{30()}, nlmsg_flags{769(NLM_F_REQUEST|NLM_F_DUMP)}, nlmsg_seq{272}, nlmsg_pid{0} }}, genNlHeader{StructGenNlMsgHdr{ command{32}, version{1}, reserved{0} }}, attributes{[StructNlAttr{ nla_len{8}, nla_type{3}, nla_value{10000000}, }]} }
06-30 14:31:54.697 I/Nl80211Proxy(  690): Received NLMSG_DONE for message GenericNetlinkMsg{ nlHeader{StructNlMsgHdr{ nlmsg_len{28}, nlmsg_type{30()}, nlmsg_flags{769(NLM_F_REQUEST|NLM_F_DUMP)}, nlmsg_seq{272}, nlmsg_pid{0} }}, genNlHeader{StructGenNlMsgHdr{ command{32}, version{1}, reserved{0} }}, attributes{[StructNlAttr{ nla_len{8}, nla_type{3}, nla_value{10000000}, }]} }
06-30 14:31:54.697 I/WifiScanner( 1317): onFullResults
06-30 14:31:54.697 I/WifiScanner( 1317): onFullResults
06-30 14:31:54.700 I/HalDevMgr(  690): bestIfaceCreationProposal is null, requestIface=STA, existingIface=[name=wlan0 type=STA]
06-30 14:31:56.171 D/ActivityManager(  690): freezing 5255 com.google.android.permissioncontroller
06-30 14:31:56.173 D/InetDiagMessage(  690): Destroyed 0 sockets, proto=IPPROTO_TCP, family=AF_INET, states=14
06-30 14:31:56.173 D/InetDiagMessage(  690): Destroyed 0 sockets, proto=IPPROTO_TCP, family=AF_INET6, states=14
06-30 14:31:56.173 D/InetDiagMessage(  690): Destroyed live tcp sockets for uids={10218} in 1ms
06-30 14:31:56.670 I/HalDevMgr(  690): bestIfaceCreationProposal is null, requestIface=STA, existingIface=[name=wlan0 type=STA]
06-30 14:31:56.673 D/IpClient/wlan0( 1083): interfaceLinkStateChanged: ifindex 16 up
06-30 14:31:56.678 D/IpClient/wlan0( 1083): interfaceLinkStateChanged: ifindex 16 up
06-30 14:31:59.541 D/SatelliteController( 1128): isInCarrierRoamingNbIotNtn: satellite is disabled
06-30 14:31:59.541 D/SatelliteController( 1128): getCarrierRoamingNtnConnectType: Checking connect type from PLMN config for subId: 1
06-30 14:31:59.541 D/TelephonyConfigUpdateInstallReceiver( 1128): getConfigParser: domain=satellite
06-30 14:31:59.541 V/SatelliteController( 1128): satelliteConfigParser is not ready
06-30 14:31:59.541 D/SatelliteController( 1128): isSatelliteAttachSupportedViaConfigupdater: return null (satelliteConfig is null)
06-30 14:31:59.541 D/SatelliteController( 1128): getSatellitePerPlmnConfiguration: invalid subId or not supported via carrier.
06-30 14:31:59.542 D/SatelliteController( 1128): getCarrierRoamingNtnConnectType: config: null
06-30 14:31:59.542 D/TelephonyConfigUpdateInstallReceiver( 1128): getConfigParser: domain=satellite
06-30 14:31:59.542 V/SatelliteController( 1128): satelliteConfigParser is not ready
06-30 14:31:59.542 D/SatelliteController( 1128): getCarrierRoamingNtnConnectTypeViaConfigUpdater: return null (satelliteConfig is null)
06-30 14:31:59.542 D/SatelliteController( 1128): getCarrierRoamingNtnConnectType: Falling back to global carrier config connect type: 0
06-30 14:31:59.542 D/TelephonyConfigUpdateInstallReceiver( 1128): getConfigParser: domain=satellite
06-30 14:31:59.542 V/SatelliteController( 1128): satelliteConfigParser is not ready
06-30 14:31:59.542 D/SatelliteController( 1128): isSatelliteAttachSupportedViaConfigupdater: return null (satelliteConfig is null)
06-30 14:31:59.542 D/SatelliteController( 1128): getCarrierRoamingNtnConnectType: Checking connect type from PLMN config for subId: 1
06-30 14:31:59.543 D/TelephonyConfigUpdateInstallReceiver( 1128): getConfigParser: domain=satellite
06-30 14:31:59.543 V/SatelliteController( 1128): satelliteConfigParser is not ready
06-30 14:31:59.543 D/SatelliteController( 1128): isSatelliteAttachSupportedViaConfigupdater: return null (satelliteConfig is null)
06-30 14:31:59.543 D/SatelliteController( 1128): getSatellitePerPlmnConfiguration: invalid subId or not supported via carrier.
06-30 14:31:59.543 D/SatelliteController( 1128): getCarrierRoamingNtnConnectType: config: null
06-30 14:31:59.543 D/TelephonyConfigUpdateInstallReceiver( 1128): getConfigParser: domain=satellite
06-30 14:31:59.543 V/SatelliteController( 1128): satelliteConfigParser is not ready
06-30 14:31:59.543 D/SatelliteController( 1128): getCarrierRoamingNtnConnectTypeViaConfigUpdater: return null (satelliteConfig is null)
06-30 14:31:59.543 D/SatelliteController( 1128): getCarrierRoamingNtnConnectType: Falling back to global carrier config connect type: 0
06-30 14:31:59.543 D/TelephonyConfigUpdateInstallReceiver( 1128): getConfigParser: domain=satellite
06-30 14:31:59.543 V/SatelliteController( 1128): satelliteConfigParser is not ready
06-30 14:31:59.543 D/SatelliteController( 1128): isSatelliteAttachSupportedViaConfigupdater: return null (satelliteConfig is null)
06-30 14:31:59.675 I/AdbWifiNetworkMonitor(  690): Wi-Fi network available
06-30 14:31:59.675 I/AdbWifiNetworkMonitor(  690): Received the same Wi-Fi SSID. Ignoring.
06-30 14:31:59.678 I/HalDevMgr(  690): bestIfaceCreationProposal is null, requestIface=STA, existingIface=[name=wlan0 type=STA]
06-30 14:31:59.678 D/WM-WorkConstraintsTrack( 2923): NetworkRequestConstraintController onCapabilitiesChanged callback
06-30 14:31:59.679 D/WM-WorkConstraintsTrack( 3977): NetworkRequestConstraintController onCapabilitiesChanged callback
06-30 14:31:59.681 I/BugleRcsEngine( 3867): handleMessage processing message:[NOTIFY_UPTIME_IGNORE_STATE_CHANGED] with [non-null]:RcsEngineImpl reference [CONTEXT log_prefix="RcsEngineImpl[DUAL_REG]:[390448b9-d26f]>Handler" thread_id=69 ]
06-30 14:31:59.681 I/BugleRcsEngine( 3867): Connected state: [1], networkType: [WIFI] [CONTEXT thread_id=65 ]
06-30 14:31:59.682 W/libbinder.IPCThreadState(  690): Sending oneway calls to frozen process.
06-30 14:31:59.682 W/libbinder.IPCThreadState(  690): Sending oneway calls to frozen process.
06-30 14:31:59.683 W/libbinder.IPCThreadState(  690): Sending oneway calls to frozen process.
06-30 14:31:59.683 W/libbinder.IPCThreadState(  690): Sending oneway calls to frozen process.
06-30 14:31:59.683 W/libbinder.IPCThreadState(  690): Sending oneway calls to frozen process.
06-30 14:31:59.683 W/libbinder.IPCThreadState(  690): Sending oneway calls to frozen process.
06-30 14:31:59.684 I/NullBinder( 1317): NullBinder for android.net.action.RECOMMEND_NETWORKS triggering remote TransactionTooLargeException due to Service without Chimera impl, calling uid: 1000, calling pid: 0
06-30 14:31:59.684 W/libbinder.Binder( 1317): Large reply transaction of 1056768 bytes, interface descriptor , function: UNKNOWN_FUNCTION_NAME, code: 1, flags: 17
06-30 14:31:59.688 D/ConnectivityService(  690): NetReassign [no changes] [c 0] [a 3] [i 1]
06-30 14:31:59.688 I/NearbyMediums( 1317): Wifi changed new SSID: "AndroidWifi"
06-30 14:31:59.688 I/NearbyMediums( 1317): WifiLanConnectivityInfo is not changed, skip notify.
06-30 14:31:59.688 I/BugleRcsEngine( 3867): No RCS Configuration was found in Bugle for simID: redacted-pii:sim_id[chars:20,last3:897] [CONTEXT log_prefix="ProvisioningEngineDataRetriever" thread_id=69 ]
06-30 14:32:00.058 W/skia    (  527): AGTM parsing failed flags.readFromStream(s) at 159
06-30 14:32:00.059 W/skia    (  527): AGTM parsing failed flags.readFromStream(s) at 159
06-30 14:32:00.181 I/NearbySharing( 1317): Network state changed: NetworkState(isRestricted=false, isOnline=true, isCongested=false, isMetered=false, isWifiConnected=true)
06-30 14:32:00.583 I/adbd    (  539): adbd service requested 'shell,v2,raw:dumpsys package com.google.android.gms'
06-30 14:32:00.687 I/system_server(  690): Background young concurrent mark compact GC freed 21MB AllocSpace bytes, 14(384KB) LOS objects, 36% free, 41MB/65MB, paused 5.494ms,29.359ms total 69.609ms
06-30 14:32:00.779 I/artd    ( 3273): GetBestInfo: odex next to the dex file (/data/app/~~pUpe9D-hsv0lOCLmNQJGyA==/com.google.android.gms-a0e_AySruvvgbDhYG8Z6yQ==/oat/x86_64/base.odex) is kOatUpToDate with filter 'speed-profile' executable 'false'
06-30 14:32:00.781 I/artd    ( 3273): GetBestInfo: dm (/data/app/~~pUpe9D-hsv0lOCLmNQJGyA==/com.google.android.gms-a0e_AySruvvgbDhYG8Z6yQ==/split_AdsDynamite_installtime.dm) is kOatUpToDate with filter 'verify' executable 'false'
06-30 14:32:00.783 I/artd    ( 3273): GetBestInfo: odex next to the dex file (/data/app/~~pUpe9D-hsv0lOCLmNQJGyA==/com.google.android.gms-a0e_AySruvvgbDhYG8Z6yQ==/oat/x86_64/split_CronetDynamite_installtime.odex) is kOatUpToDate with filter 'speed-profile' executable 'false'
06-30 14:32:00.785 I/artd    ( 3273): GetBestInfo: dm (/data/app/~~pUpe9D-hsv0lOCLmNQJGyA==/com.google.android.gms-a0e_AySruvvgbDhYG8Z6yQ==/split_DynamiteLoader_installtime.dm) is kOatUpToDate with filter 'verify' executable 'false'
06-30 14:32:00.786 I/artd    ( 3273): GetBestInfo: dm (/data/app/~~pUpe9D-hsv0lOCLmNQJGyA==/com.google.android.gms-a0e_AySruvvgbDhYG8Z6yQ==/split_DynamiteModulesA_installtime.dm) is kOatUpToDate with filter 'verify' executable 'false'
06-30 14:32:00.787 I/artd    ( 3273): GetBestInfo: dm (/data/app/~~pUpe9D-hsv0lOCLmNQJGyA==/com.google.android.gms-a0e_AySruvvgbDhYG8Z6yQ==/split_DynamiteModulesC_installtime.dm) is kOatUpToDate with filter 'verify' executable 'false'
06-30 14:32:00.788 I/artd    ( 3273): GetBestInfo: dm (/data/app/~~pUpe9D-hsv0lOCLmNQJGyA==/com.google.android.gms-a0e_AySruvvgbDhYG8Z6yQ==/split_GoogleCertificates_installtime.dm) is kOatUpToDate with filter 'verify' executable 'false'
06-30 14:32:00.791 I/artd    ( 3273): GetBestInfo: dm (/data/app/~~pUpe9D-hsv0lOCLmNQJGyA==/com.google.android.gms-a0e_AySruvvgbDhYG8Z6yQ==/split_MapsDynamite_installtime.dm) is kOatUpToDate with filter 'verify' executable 'false'
06-30 14:32:00.792 I/artd    ( 3273): GetBestInfo: dm (/data/app/~~pUpe9D-hsv0lOCLmNQJGyA==/com.google.android.gms-a0e_AySruvvgbDhYG8Z6yQ==/split_MeasurementDynamite_installtime.dm) is kOatUpToDate with filter 'verify' executable 'false'
06-30 14:32:00.794 I/artd    ( 3273): GetBestInfo: /data/user_de/0/com.google.android.gms/app_chimera/m/0000000e/dl-IdentityCredentialsPlatform.optional_262031100800.apk has no usable artifacts
06-30 14:32:00.796 I/artd    ( 3273): GetBestInfo: /data/user_de/0/com.google.android.gms/app_chimera/m/00000001/CronetDynamite.apk has no usable artifacts
06-30 14:32:00.797 I/artd    ( 3273): GetBestInfo: /data/user_de/0/com.google.android.gms/app_chimera/m/00000013/dl-TfliteDynamiteDynamite.integ_252130102100800.apk has no usable artifacts
06-30 14:32:00.797 I/artd    ( 3273): GetBestInfo: /data/user_de/0/com.google.android.gms/app_chimera/m/00000002/DynamiteLoader.apk has no usable artifacts
06-30 14:32:00.799 I/artd    ( 3273): GetBestInfo: /data/user_de/0/com.google.android.gms/app_chimera/m/0000000c/dl-IdentityCredentialsPlatform.optional_261136100800.apk has no usable artifacts
06-30 14:32:00.800 I/artd    ( 3273): GetBestInfo: /data/user_de/0/com.google.android.gms/app_chimera/m/00000005/GoogleCertificates.apk has no usable artifacts
06-30 14:32:00.802 I/artd    ( 3273): GetBestInfo: /data/user_de/0/com.google.android.gms/app_chimera/m/0000000a/dl-TfliteDynamiteDynamite.integ_260580502100800.apk has no usable artifacts
06-30 14:32:00.803 I/artd    ( 3273): GetBestInfo: /data/user_de/0/com.google.android.gms/app_chimera/m/00000016/dl-PlayCloudSearch.optional_262031100000.apk has no usable artifacts
06-30 14:32:00.804 I/artd    ( 3273): GetBestInfo: /data/user_de/0/com.google.android.gms/app_chimera/m/00000014/dl-MlkitOcrCommon.optional_262031100800.apk has no usable artifacts
06-30 14:32:00.807 I/artd    ( 3273): GetBestInfo: /data/user_de/0/com.google.android.gms/app_chimera/m/00000008/dl-VisionOcr.optional_261136100000.apk has no usable artifacts
06-30 14:32:00.808 I/artd    ( 3273): GetBestInfo: /data/user_de/0/com.google.android.gms/app_chimera/m/00000010/dl-Appsearch.optional_262031100800.apk has no usable artifacts
06-30 14:32:00.810 I/artd    ( 3273): GetBestInfo: /data/user_de/0/com.google.android.gms/app_chimera/m/0000000b/dl-Appsearch.optional_261136100800.apk has no usable artifacts
06-30 14:32:00.812 I/artd    ( 3273): GetBestInfo: vdex next to the dex file (/data/user/0/com.google.android.gms/app_dg_cache/9BCBC14EE674B00B958D4B0C5B4BD883630AA39E/oat/x86_64/the.vdex) is kOatUpToDate with filter 'verify' executable 'false'
06-30 14:32:00.813 I/artd    ( 3273): GetBestInfo: /data/user_de/0/com.google.android.gms/app_chimera/m/00000009/dl-MlkitOcrCommon.optional_261136100800.apk has no usable artifacts
06-30 14:32:00.814 I/artd    ( 3273): GetBestInfo: /data/user/0/com.google.android.gms/app_dg_cache/22DA9D7AD8ED7504E0CAC64C41ECDBD7068924E0/the.apk has no usable artifacts
06-30 14:32:00.815 I/artd    ( 3273): GetBestInfo: vdex next to the dex file (/data/user/0/com.google.android.gms/app_dg_cache/FEE57AEA14526BE59FD8AB1365237E7B7A5CE7CB/oat/x86_64/the.vdex) is kOatUpToDate with filter 'verify' executable 'false'
06-30 14:32:00.818 I/artd    ( 3273): GetBestInfo: vdex next to the dex file (/data/user/0/com.google.android.gms/app_dg_cache/1C62BDE86218FBAA50DF06C4A79F5C3FE74B69EC/oat/x86_64/the.vdex) is kOatUpToDate with filter 'verify' executable 'false'
06-30 14:32:00.819 I/artd    ( 3273): GetBestInfo: /data/user_de/0/com.google.android.gms/app_chimera/m/0000000f/dl-VisionOcr.optional_262031100000.apk has no usable artifacts
06-30 14:32:00.821 I/artd    ( 3273): GetBestInfo: /data/user_de/0/com.google.android.gms/app_chimera/m/00000015/dl-MlkitBarcodeUi.optional_262031100800.apk has no usable artifacts
06-30 14:32:00.823 I/artd    ( 3273): GetBestInfo: /data/user_de/0/com.google.android.gms/app_chimera/m/00000007/MeasurementDynamite.apk has no usable artifacts
06-30 14:32:01.481 I/Finsky  ( 4591): [2] SCH: job service start with id 9452.
06-30 14:32:01.489 I/Finsky  ( 4591): [417] SCH: Satisfied jobs for 9452 are: 12-1
06-30 14:32:01.490 I/Finsky  ( 4591): [424] SCH: Job 12-1 starting
06-30 14:32:01.490 I/Finsky  ( 4591): [2] WM::SCH: Logging work start for 12-1
06-30 14:32:01.492 I/Finsky  ( 4591): [2] [ContentSync] job started
06-30 14:32:01.502 I/PackageManager(  690): getInstalledPackages: callingUid=10153 flags=134217728 updatedFlags=135004160 userId=0
06-30 14:32:01.507 I/android.vending( 4591): Waiting for a blocking GC ProfileSaver
06-30 14:32:01.534 I/android.vending( 4591): WaitForGcToComplete blocked ProfileSaver on Background for 27.115ms
06-30 14:32:01.556 W/Finsky  ( 4591): [2] STU: Failed to get storage stats for package 'com.android.hardware.threadnetwork' (1601: Error getting stats: android.content.pm.PackageManager.NameNotFoundException)
06-30 14:32:01.570 W/Finsky  ( 4591): [2] STU: Failed to get storage stats for package 'com.google.android.uprobestats' (1601: Error getting stats: android.content.pm.PackageManager.NameNotFoundException)
06-30 14:32:01.577 W/Finsky  ( 4591): [2] STU: Failed to get storage stats for package 'com.android.hardware.vibrator' (1601: Error getting stats: android.content.pm.PackageManager.NameNotFoundException)
06-30 14:32:01.595 W/Finsky  ( 4591): [2] STU: Failed to get storage stats for package 'com.google.android.uwb' (1601: Error getting stats: android.content.pm.PackageManager.NameNotFoundException)
06-30 14:32:01.596 W/Finsky  ( 4591): [2] STU: Failed to get storage stats for package 'com.google.android.bt' (1601: Error getting stats: android.content.pm.PackageManager.NameNotFoundException)
06-30 14:32:01.598 W/Finsky  ( 4591): [2] STU: Failed to get storage stats for package 'com.google.android.widevine.nonupdatable' (1601: Error getting stats: android.content.pm.PackageManager.NameNotFoundException)
06-30 14:32:01.601 W/Finsky  ( 4591): [2] STU: Failed to get storage stats for package 'com.google.android.tzdata6' (1601: Error getting stats: android.content.pm.PackageManager.NameNotFoundException)
06-30 14:32:01.613 W/Finsky  ( 4591): [2] STU: Failed to get storage stats for package 'com.google.android.permission' (1601: Error getting stats: android.content.pm.PackageManager.NameNotFoundException)
06-30 14:32:01.627 W/Finsky  ( 4591): [2] STU: Failed to get storage stats for package 'com.google.android.gmssystem' (1601: Error getting stats: android.content.pm.PackageManager.NameNotFoundException)
06-30 14:32:01.641 W/Finsky  ( 4591): [2] STU: Failed to get storage stats for package 'com.google.android.wifi' (1601: Error getting stats: android.content.pm.PackageManager.NameNotFoundException)
06-30 14:32:01.644 W/Finsky  ( 4591): [2] STU: Failed to get storage stats for package 'com.android.hardware.contexthub' (1601: Error getting stats: android.content.pm.PackageManager.NameNotFoundException)
06-30 14:32:01.644 W/Finsky  ( 4591): [2] STU: Failed to get storage stats for package 'com.android.hardware.authsecret' (1601: Error getting stats: android.content.pm.PackageManager.NameNotFoundException)
06-30 14:32:01.651 W/Finsky  ( 4591): [2] STU: Failed to get storage stats for package 'com.android.apex.cts.shim' (1601: Error getting stats: android.content.pm.PackageManager.NameNotFoundException)
06-30 14:32:01.653 W/Finsky  ( 4591): [2] STU: Failed to get storage stats for package 'com.android.hardware.thermal' (1601: Error getting stats: android.content.pm.PackageManager.NameNotFoundException)
06-30 14:32:01.658 W/Finsky  ( 4591): [2] STU: Failed to get storage stats for package 'com.google.android.telephonycore' (1601: Error getting stats: android.content.pm.PackageManager.NameNotFoundException)
06-30 14:32:01.674 W/Finsky  ( 4591): [2] STU: Failed to get storage stats for package 'com.google.android.appsearch' (1601: Error getting stats: android.content.pm.PackageManager.NameNotFoundException)
06-30 14:32:01.674 W/Finsky  ( 4591): [2] STU: Failed to get storage stats for package 'com.google.android.media.swcodec' (1601: Error getting stats: android.content.pm.PackageManager.NameNotFoundException)
06-30 14:32:01.675 W/Finsky  ( 4591): [2] STU: Failed to get storage stats for package 'com.google.android.art' (1601: Error getting stats: android.content.pm.PackageManager.NameNotFoundException)
06-30 14:32:01.682 W/Finsky  ( 4591): [2] STU: Failed to get storage stats for package 'com.google.android.profiling' (1601: Error getting stats: android.content.pm.PackageManager.NameNotFoundException)
06-30 14:32:01.690 W/Finsky  ( 4591): [2] STU: Failed to get storage stats for package 'com.google.android.mediaprovider' (1601: Error getting stats: android.content.pm.PackageManager.NameNotFoundException)
06-30 14:32:01.696 W/Finsky  ( 4591): [2] STU: Failed to get storage stats for package 'com.android.hardware.uwb' (1601: Error getting stats: android.content.pm.PackageManager.NameNotFoundException)
06-30 14:32:01.698 W/Finsky  ( 4591): [2] STU: Failed to get storage stats for package 'com.android.virt' (1601: Error getting stats: android.content.pm.PackageManager.NameNotFoundException)
06-30 14:32:01.701 W/Finsky  ( 4591): [2] STU: Failed to get storage stats for package 'com.android.hardware.neuralnetworks' (1601: Error getting stats: android.content.pm.PackageManager.NameNotFoundException)
06-30 14:32:01.701 W/Finsky  ( 4591): [2] STU: Failed to get storage stats for package 'com.google.android.crashrecovery' (1601: Error getting stats: android.content.pm.PackageManager.NameNotFoundException)
06-30 14:32:01.701 W/Finsky  ( 4591): [2] STU: Failed to get storage stats for package 'com.google.android.adbd' (1601: Error getting stats: android.content.pm.PackageManager.NameNotFoundException)
06-30 14:32:01.703 W/Finsky  ( 4591): [2] STU: Failed to get storage stats for package 'com.google.android.resolv' (1601: Error getting stats: android.content.pm.PackageManager.NameNotFoundException)
06-30 14:32:01.706 W/Finsky  ( 4591): [2] STU: Failed to get storage stats for package 'com.android.i18n' (1601: Error getting stats: android.content.pm.PackageManager.NameNotFoundException)
06-30 14:32:01.710 W/Finsky  ( 4591): [2] STU: Failed to get storage stats for package 'com.android.hardware.dumpstate' (1601: Error getting stats: android.content.pm.PackageManager.NameNotFoundException)
06-30 14:32:01.710 W/Finsky  ( 4591): [2] STU: Failed to get storage stats for package 'com.google.android.configinfrastructure' (1601: Error getting stats: android.content.pm.PackageManager.NameNotFoundException)
06-30 14:32:01.710 W/Finsky  ( 4591): [2] STU: Failed to get storage stats for package 'com.google.android.media' (1601: Error getting stats: android.content.pm.PackageManager.NameNotFoundException)
06-30 14:32:01.710 W/Finsky  ( 4591): [2] STU: Failed to get storage stats for package 'com.google.android.conscrypt' (1601: Error getting stats: android.content.pm.PackageManager.NameNotFoundException)
06-30 14:32:01.716 W/Finsky  ( 4591): [2] STU: Failed to get storage stats for package 'com.android.hardware.cas' (1601: Error getting stats: android.content.pm.PackageManager.NameNotFoundException)
06-30 14:32:01.720 W/Finsky  ( 4591): [2] STU: Failed to get storage stats for package 'com.google.android.neuralnetworks' (1601: Error getting stats: android.content.pm.PackageManager.NameNotFoundException)
06-30 14:32:01.721 W/Finsky  ( 4591): [2] STU: Failed to get storage stats for package 'com.google.android.webapp' (1601: Error getting stats: android.content.pm.PackageManager.NameNotFoundException)
06-30 14:32:01.723 W/Finsky  ( 4591): [2] STU: Failed to get storage stats for package 'com.google.android.runtime' (1601: Error getting stats: android.content.pm.PackageManager.NameNotFoundException)
06-30 14:32:01.724 W/Finsky  ( 4591): [2] STU: Failed to get storage stats for package 'com.google.android.ipsec' (1601: Error getting stats: android.content.pm.PackageManager.NameNotFoundException)
06-30 14:32:01.725 W/Finsky  ( 4591): [2] STU: Failed to get storage stats for package 'com.android.devicelock' (1601: Error getting stats: android.content.pm.PackageManager.NameNotFoundException)
06-30 14:32:01.728 W/Finsky  ( 4591): [2] STU: Failed to get storage stats for package 'com.android.hardware.power' (1601: Error getting stats: android.content.pm.PackageManager.NameNotFoundException)
06-30 14:32:01.735 W/Finsky  ( 4591): [2] STU: Failed to get storage stats for package 'com.google.android.ondevicepersonalization' (1601: Error getting stats: android.content.pm.PackageManager.NameNotFoundException)
06-30 14:32:01.739 W/Finsky  ( 4591): [2] STU: Failed to get storage stats for package 'com.google.android.sdkext' (1601: Error getting stats: android.content.pm.PackageManager.NameNotFoundException)
06-30 14:32:01.739 W/Finsky  ( 4591): [2] STU: Failed to get storage stats for package 'com.google.android.healthfitness' (1601: Error getting stats: android.content.pm.PackageManager.NameNotFoundException)
06-30 14:32:01.746 W/Finsky  ( 4591): [2] STU: Failed to get storage stats for package 'com.android.hardware.biometrics.fingerprint.virtual' (1601: Error getting stats: android.content.pm.PackageManager.NameNotFoundException)
06-30 14:32:01.747 W/Finsky  ( 4591): [2] STU: Failed to get storage stats for package 'com.google.android.adservices' (1601: Error getting stats: android.content.pm.PackageManager.NameNotFoundException)
06-30 14:32:01.748 W/Finsky  ( 4591): [2] STU: Failed to get storage stats for package 'com.google.android.tethering' (1601: Error getting stats: android.content.pm.PackageManager.NameNotFoundException)
06-30 14:32:01.755 W/Finsky  ( 4591): [2] STU: Failed to get storage stats for package 'com.google.android.extservices' (1601: Error getting stats: android.content.pm.PackageManager.NameNotFoundException)
06-30 14:32:01.763 W/Finsky  ( 4591): [2] STU: Failed to get storage stats for package 'com.google.android.nfcservices' (1601: Error getting stats: android.content.pm.PackageManager.NameNotFoundException)
06-30 14:32:01.779 W/Finsky  ( 4591): [2] STU: Failed to get storage stats for package 'com.google.android.os.statsd' (1601: Error getting stats: android.content.pm.PackageManager.NameNotFoundException)
06-30 14:32:01.780 W/Finsky  ( 4591): [2] STU: Failed to get storage stats for package 'com.android.hardware.rebootescrow' (1601: Error getting stats: android.content.pm.PackageManager.NameNotFoundException)
06-30 14:32:01.786 W/Finsky  ( 4591): [2] STU: Failed to get storage stats for package 'com.google.android.cellbroadcast' (1601: Error getting stats: android.content.pm.PackageManager.NameNotFoundException)
06-30 14:32:01.792 W/Finsky  ( 4591): [2] STU: Failed to get storage stats for package 'com.android.npumanager' (1601: Error getting stats: android.content.pm.PackageManager.NameNotFoundException)
06-30 14:32:01.795 W/Finsky  ( 4591): [2] STU: Failed to get storage stats for package 'com.google.android.rkpd' (1601: Error getting stats: android.content.pm.PackageManager.NameNotFoundException)
06-30 14:32:01.813 W/Finsky  ( 4591): [2] STU: Failed to get storage stats for package 'com.google.android.scheduling' (1601: Error getting stats: android.content.pm.PackageManager.NameNotFoundException)
06-30 14:32:01.820 W/Finsky  ( 4591): [2] STU: Failed to get storage stats for package 'com.android.hardware.gatekeeper' (1601: Error getting stats: android.content.pm.PackageManager.NameNotFoundException)
06-30 14:32:01.822 I/Finsky  ( 4591): [2] App states replicator found 2 unowned apps
06-30 14:32:01.824 I/Finsky  ( 4591): [54] Completed 0 account content syncs with 0 successful.
06-30 14:32:01.824 I/Finsky  ( 4591): [2] [ContentSync] Installation state replication succeeded.
06-30 14:32:01.824 I/Finsky  ( 4591): [2] SCH: jobFinished: 12-1. TimeElapsed: 333ms.
06-30 14:32:01.824 I/Finsky  ( 4591): [2] WM::SCH: Logging work end for 12-1
06-30 14:32:01.844 I/Finsky  ( 4591): [55] SCH: Scheduling phonesky job Id: 1-1337, CT: 1782790550164, Constraints: [{ L: 43184898, D: 86384898, C: CHARGING_NONE, I: IDLE_NONE, N: NET_ANY, B: BATTERY_ANY }]
06-30 14:32:01.844 I/Finsky  ( 4591): [55] SCH: Scheduling phonesky job Id: 34-106, CT: 1782747356285, Constraints: [{ L: 604800000, D: 2591999219, C: CHARGING_NONE, I: IDLE_NONE, N: NET_ANY, B: BATTERY_ANY }]
06-30 14:32:01.849 I/Finsky  ( 4591): [53] SCH: Scheduling 1 system job(s)
06-30 14:32:01.849 I/Finsky  ( 4591): [53] SCH: Scheduling system job Id: 9456, L: 3813213, D: 47013213, C: false, I: false, N: 1
06-30 14:32:01.855 I/Finsky  ( 4591): [424] SCH: job service finished with id 9452.
06-30 14:32:02.685 I/HalDevMgr(  690): bestIfaceCreationProposal is null, requestIface=STA, existingIface=[name=wlan0 type=STA]
06-30 14:32:02.997 I/wpa_supplicant(  961): wlan0: CTRL-EVENT-BEACON-LOSS 
06-30 14:32:04.077 D/ActivityManager(  690): freezing 20906 com.google.android.gms
06-30 14:32:05.689 I/AdbWifiNetworkMonitor(  690): Wi-Fi network available
06-30 14:32:05.690 I/AdbWifiNetworkMonitor(  690): Received the same Wi-Fi SSID. Ignoring.
06-30 14:32:05.692 D/WM-WorkConstraintsTrack( 2923): NetworkRequestConstraintController onCapabilitiesChanged callback
06-30 14:32:05.692 I/HalDevMgr(  690): bestIfaceCreationProposal is null, requestIface=STA, existingIface=[name=wlan0 type=STA]
06-30 14:32:05.694 D/WM-WorkConstraintsTrack( 3977): NetworkRequestConstraintController onCapabilitiesChanged callback
06-30 14:32:05.694 W/libbinder.IPCThreadState(  690): Sending oneway calls to frozen process.
06-30 14:32:05.694 I/BugleRcsEngine( 3867): handleMessage processing message:[NOTIFY_UPTIME_IGNORE_STATE_CHANGED] with [non-null]:RcsEngineImpl reference [CONTEXT log_prefix="RcsEngineImpl[DUAL_REG]:[390448b9-d26f]>Handler" thread_id=69 ]
06-30 14:32:05.694 W/libbinder.IPCThreadState(  690): Sending oneway calls to frozen process.
06-30 14:32:05.695 I/BugleRcsEngine( 3867): Connected state: [1], networkType: [WIFI] [CONTEXT thread_id=65 ]
06-30 14:32:05.695 W/libbinder.IPCThreadState(  690): Sending oneway calls to frozen process.
06-30 14:32:05.695 W/libbinder.IPCThreadState(  690): Sending oneway calls to frozen process.
06-30 14:32:05.695 W/libbinder.IPCThreadState(  690): Sending oneway calls to frozen process.
06-30 14:32:05.695 W/libbinder.IPCThreadState(  690): Sending oneway calls to frozen process.
06-30 14:32:05.695 W/libbinder.IPCThreadState(  690): Sending oneway calls to frozen process.
06-30 14:32:05.696 W/libbinder.IPCThreadState(  690): Sending oneway calls to frozen process.
06-30 14:32:05.696 W/libbinder.IPCThreadState(  690): Sending oneway calls to frozen process.
06-30 14:32:05.696 I/NullBinder( 1317): NullBinder for android.net.action.RECOMMEND_NETWORKS triggering remote TransactionTooLargeException due to Service without Chimera impl, calling uid: 1000, calling pid: 0
06-30 14:32:05.696 W/libbinder.Binder( 1317): Large reply transaction of 1056768 bytes, interface descriptor , function: UNKNOWN_FUNCTION_NAME, code: 1, flags: 17
06-30 14:32:05.699 I/BugleRcsEngine( 3867): No RCS Configuration was found in Bugle for simID: redacted-pii:sim_id[chars:20,last3:897] [CONTEXT log_prefix="ProvisioningEngineDataRetriever" thread_id=69 ]
06-30 14:32:05.701 D/ConnectivityService(  690): NetReassign [no changes] [c 1] [a 2] [i 1]
06-30 14:32:05.702 I/NearbyMediums( 1317): Wifi changed new SSID: "AndroidWifi"
06-30 14:32:05.702 I/NearbyMediums( 1317): WifiLanConnectivityInfo is not changed, skip notify.
06-30 14:32:06.196 I/NearbySharing( 1317): Network state changed: NetworkState(isRestricted=false, isOnline=true, isCongested=false, isMetered=false, isWifiConnected=true)
06-30 14:32:08.700 I/HalDevMgr(  690): bestIfaceCreationProposal is null, requestIface=STA, existingIface=[name=wlan0 type=STA]
06-30 14:32:09.542 D/SatelliteController( 1128): isInCarrierRoamingNbIotNtn: satellite is disabled
06-30 14:32:09.542 D/SatelliteController( 1128): getCarrierRoamingNtnConnectType: Checking connect type from PLMN config for subId: 1
06-30 14:32:09.542 D/TelephonyConfigUpdateInstallReceiver( 1128): getConfigParser: domain=satellite
06-30 14:32:09.542 V/SatelliteController( 1128): satelliteConfigParser is not ready
06-30 14:32:09.542 D/SatelliteController( 1128): isSatelliteAttachSupportedViaConfigupdater: return null (satelliteConfig is null)
06-30 14:32:09.542 D/SatelliteController( 1128): getSatellitePerPlmnConfiguration: invalid subId or not supported via carrier.
06-30 14:32:09.542 D/SatelliteController( 1128): getCarrierRoamingNtnConnectType: config: null
06-30 14:32:09.542 D/TelephonyConfigUpdateInstallReceiver( 1128): getConfigParser: domain=satellite
06-30 14:32:09.542 V/SatelliteController( 1128): satelliteConfigParser is not ready
06-30 14:32:09.543 D/SatelliteController( 1128): getCarrierRoamingNtnConnectTypeViaConfigUpdater: return null (satelliteConfig is null)
06-30 14:32:09.543 D/SatelliteController( 1128): getCarrierRoamingNtnConnectType: Falling back to global carrier config connect type: 0
06-30 14:32:09.543 D/TelephonyConfigUpdateInstallReceiver( 1128): getConfigParser: domain=satellite
06-30 14:32:09.543 V/SatelliteController( 1128): satelliteConfigParser is not ready
06-30 14:32:09.543 D/SatelliteController( 1128): isSatelliteAttachSupportedViaConfigupdater: return null (satelliteConfig is null)
06-30 14:32:09.543 D/SatelliteController( 1128): getCarrierRoamingNtnConnectType: Checking connect type from PLMN config for subId: 1
06-30 14:32:09.543 D/TelephonyConfigUpdateInstallReceiver( 1128): getConfigParser: domain=satellite
06-30 14:32:09.543 V/SatelliteController( 1128): satelliteConfigParser is not ready
06-30 14:32:09.543 D/SatelliteController( 1128): isSatelliteAttachSupportedViaConfigupdater: return null (satelliteConfig is null)
06-30 14:32:09.544 D/SatelliteController( 1128): getSatellitePerPlmnConfiguration: invalid subId or not supported via carrier.
06-30 14:32:09.544 D/SatelliteController( 1128): getCarrierRoamingNtnConnectType: config: null
06-30 14:32:09.544 D/TelephonyConfigUpdateInstallReceiver( 1128): getConfigParser: domain=satellite
06-30 14:32:09.544 V/SatelliteController( 1128): satelliteConfigParser is not ready
06-30 14:32:09.544 D/SatelliteController( 1128): getCarrierRoamingNtnConnectTypeViaConfigUpdater: return null (satelliteConfig is null)
06-30 14:32:09.544 D/SatelliteController( 1128): getCarrierRoamingNtnConnectType: Falling back to global carrier config connect type: 0
06-30 14:32:09.544 D/TelephonyConfigUpdateInstallReceiver( 1128): getConfigParser: domain=satellite
06-30 14:32:09.544 V/SatelliteController( 1128): satelliteConfigParser is not ready
06-30 14:32:09.544 D/SatelliteController( 1128): isSatelliteAttachSupportedViaConfigupdater: return null (satelliteConfig is null)
06-30 14:32:10.585 I/adbd    (  539): adbd service requested 'shell,v2,raw:dumpsys package com.google.android.gms'
06-30 14:32:10.780 I/artd    ( 3273): GetBestInfo: odex next to the dex file (/data/app/~~pUpe9D-hsv0lOCLmNQJGyA==/com.google.android.gms-a0e_AySruvvgbDhYG8Z6yQ==/oat/x86_64/base.odex) is kOatUpToDate with filter 'speed-profile' executable 'false'
06-30 14:32:10.782 I/artd    ( 3273): GetBestInfo: dm (/data/app/~~pUpe9D-hsv0lOCLmNQJGyA==/com.google.android.gms-a0e_AySruvvgbDhYG8Z6yQ==/split_AdsDynamite_installtime.dm) is kOatUpToDate with filter 'verify' executable 'false'
06-30 14:32:10.783 I/artd    ( 3273): GetBestInfo: odex next to the dex file (/data/app/~~pUpe9D-hsv0lOCLmNQJGyA==/com.google.android.gms-a0e_AySruvvgbDhYG8Z6yQ==/oat/x86_64/split_CronetDynamite_installtime.odex) is kOatUpToDate with filter 'speed-profile' executable 'false'
06-30 14:32:10.784 I/artd    ( 3273): GetBestInfo: dm (/data/app/~~pUpe9D-hsv0lOCLmNQJGyA==/com.google.android.gms-a0e_AySruvvgbDhYG8Z6yQ==/split_DynamiteLoader_installtime.dm) is kOatUpToDate with filter 'verify' executable 'false'
06-30 14:32:10.786 I/artd    ( 3273): GetBestInfo: dm (/data/app/~~pUpe9D-hsv0lOCLmNQJGyA==/com.google.android.gms-a0e_AySruvvgbDhYG8Z6yQ==/split_DynamiteModulesA_installtime.dm) is kOatUpToDate with filter 'verify' executable 'false'
06-30 14:32:10.787 I/artd    ( 3273): GetBestInfo: dm (/data/app/~~pUpe9D-hsv0lOCLmNQJGyA==/com.google.android.gms-a0e_AySruvvgbDhYG8Z6yQ==/split_DynamiteModulesC_installtime.dm) is kOatUpToDate with filter 'verify' executable 'false'
06-30 14:32:10.789 I/artd    ( 3273): GetBestInfo: dm (/data/app/~~pUpe9D-hsv0lOCLmNQJGyA==/com.google.android.gms-a0e_AySruvvgbDhYG8Z6yQ==/split_GoogleCertificates_installtime.dm) is kOatUpToDate with filter 'verify' executable 'false'
06-30 14:32:10.790 I/artd    ( 3273): GetBestInfo: dm (/data/app/~~pUpe9D-hsv0lOCLmNQJGyA==/com.google.android.gms-a0e_AySruvvgbDhYG8Z6yQ==/split_MapsDynamite_installtime.dm) is kOatUpToDate with filter 'verify' executable 'false'
06-30 14:32:10.792 I/artd    ( 3273): GetBestInfo: dm (/data/app/~~pUpe9D-hsv0lOCLmNQJGyA==/com.google.android.gms-a0e_AySruvvgbDhYG8Z6yQ==/split_MeasurementDynamite_installtime.dm) is kOatUpToDate with filter 'verify' executable 'false'
06-30 14:32:10.793 I/artd    ( 3273): GetBestInfo: /data/user_de/0/com.google.android.gms/app_chimera/m/0000000e/dl-IdentityCredentialsPlatform.optional_262031100800.apk has no usable artifacts
06-30 14:32:10.794 I/artd    ( 3273): GetBestInfo: /data/user_de/0/com.google.android.gms/app_chimera/m/00000001/CronetDynamite.apk has no usable artifacts
06-30 14:32:10.795 I/artd    ( 3273): GetBestInfo: /data/user_de/0/com.google.android.gms/app_chimera/m/00000013/dl-TfliteDynamiteDynamite.integ_252130102100800.apk has no usable artifacts
06-30 14:32:10.796 I/artd    ( 3273): GetBestInfo: /data/user_de/0/com.google.android.gms/app_chimera/m/00000002/DynamiteLoader.apk has no usable artifacts
06-30 14:32:10.797 I/artd    ( 3273): GetBestInfo: /data/user_de/0/com.google.android.gms/app_chimera/m/0000000c/dl-IdentityCredentialsPlatform.optional_261136100800.apk has no usable artifacts
06-30 14:32:10.798 I/artd    ( 3273): GetBestInfo: /data/user_de/0/com.google.android.gms/app_chimera/m/00000005/GoogleCertificates.apk has no usable artifacts
06-30 14:32:10.799 I/artd    ( 3273): GetBestInfo: /data/user_de/0/com.google.android.gms/app_chimera/m/0000000a/dl-TfliteDynamiteDynamite.integ_260580502100800.apk has no usable artifacts
06-30 14:32:10.800 I/artd    ( 3273): GetBestInfo: /data/user_de/0/com.google.android.gms/app_chimera/m/00000016/dl-PlayCloudSearch.optional_262031100000.apk has no usable artifacts
06-30 14:32:10.801 I/artd    ( 3273): GetBestInfo: /data/user_de/0/com.google.android.gms/app_chimera/m/00000014/dl-MlkitOcrCommon.optional_262031100800.apk has no usable artifacts
06-30 14:32:10.802 I/artd    ( 3273): GetBestInfo: /data/user_de/0/com.google.android.gms/app_chimera/m/00000008/dl-VisionOcr.optional_261136100000.apk has no usable artifacts
06-30 14:32:10.804 I/artd    ( 3273): GetBestInfo: /data/user_de/0/com.google.android.gms/app_chimera/m/00000010/dl-Appsearch.optional_262031100800.apk has no usable artifacts
06-30 14:32:10.806 I/artd    ( 3273): GetBestInfo: /data/user_de/0/com.google.android.gms/app_chimera/m/0000000b/dl-Appsearch.optional_261136100800.apk has no usable artifacts
06-30 14:32:10.807 I/artd    ( 3273): GetBestInfo: vdex next to the dex file (/data/user/0/com.google.android.gms/app_dg_cache/9BCBC14EE674B00B958D4B0C5B4BD883630AA39E/oat/x86_64/the.vdex) is kOatUpToDate with filter 'verify' executable 'false'
06-30 14:32:10.809 I/artd    ( 3273): GetBestInfo: /data/user_de/0/com.google.android.gms/app_chimera/m/00000009/dl-MlkitOcrCommon.optional_261136100800.apk has no usable artifacts
06-30 14:32:10.810 I/artd    ( 3273): GetBestInfo: /data/user/0/com.google.android.gms/app_dg_cache/22DA9D7AD8ED7504E0CAC64C41ECDBD7068924E0/the.apk has no usable artifacts
06-30 14:32:10.811 I/artd    ( 3273): GetBestInfo: vdex next to the dex file (/data/user/0/com.google.android.gms/app_dg_cache/FEE57AEA14526BE59FD8AB1365237E7B7A5CE7CB/oat/x86_64/the.vdex) is kOatUpToDate with filter 'verify' executable 'false'
06-30 14:32:10.813 I/artd    ( 3273): GetBestInfo: vdex next to the dex file (/data/user/0/com.google.android.gms/app_dg_cache/1C62BDE86218FBAA50DF06C4A79F5C3FE74B69EC/oat/x86_64/the.vdex) is kOatUpToDate with filter 'verify' executable 'false'
06-30 14:32:10.813 I/artd    ( 3273): GetBestInfo: /data/user_de/0/com.google.android.gms/app_chimera/m/0000000f/dl-VisionOcr.optional_262031100000.apk has no usable artifacts
06-30 14:32:10.814 I/artd    ( 3273): GetBestInfo: /data/user_de/0/com.google.android.gms/app_chimera/m/00000015/dl-MlkitBarcodeUi.optional_262031100800.apk has no usable artifacts
06-30 14:32:10.815 I/artd    ( 3273): GetBestInfo: /data/user_de/0/com.google.android.gms/app_chimera/m/00000007/MeasurementDynamite.apk has no usable artifacts
06-30 14:32:10.934 I/wpa_supplicant(  961): wlan0: CTRL-EVENT-BEACON-LOSS 
06-30 14:32:11.704 I/AdbWifiNetworkMonitor(  690): Wi-Fi network available
06-30 14:32:11.704 I/AdbWifiNetworkMonitor(  690): Received the same Wi-Fi SSID. Ignoring.
06-30 14:32:11.711 I/HalDevMgr(  690): bestIfaceCreationProposal is null, requestIface=STA, existingIface=[name=wlan0 type=STA]
06-30 14:32:11.713 D/WM-WorkConstraintsTrack( 2923): NetworkRequestConstraintController onCapabilitiesChanged callback
06-30 14:32:11.716 D/WM-WorkConstraintsTrack( 3977): NetworkRequestConstraintController onCapabilitiesChanged callback
06-30 14:32:11.716 W/libbinder.IPCThreadState(  690): Sending oneway calls to frozen process.
06-30 14:32:11.716 W/libbinder.IPCThreadState(  690): Sending oneway calls to frozen process.
06-30 14:32:11.716 I/NullBinder( 1317): NullBinder for android.net.action.RECOMMEND_NETWORKS triggering remote TransactionTooLargeException due to Service without Chimera impl, calling uid: 1000, calling pid: 0
06-30 14:32:11.716 W/libbinder.Binder( 1317): Large reply transaction of 1056768 bytes, interface descriptor , function: UNKNOWN_FUNCTION_NAME, code: 1, flags: 17
06-30 14:32:11.716 W/libbinder.IPCThreadState(  690): Sending oneway calls to frozen process.
06-30 14:32:11.716 W/libbinder.IPCThreadState(  690): Sending oneway calls to frozen process.
06-30 14:32:11.717 W/libbinder.IPCThreadState(  690): Sending oneway calls to frozen process.
06-30 14:32:11.717 W/libbinder.IPCThreadState(  690): Sending oneway calls to frozen process.
06-30 14:32:11.718 W/libbinder.IPCThreadState(  690): Sending oneway calls to frozen process.
06-30 14:32:11.718 W/libbinder.IPCThreadState(  690): Sending oneway calls to frozen process.
06-30 14:32:11.718 W/libbinder.IPCThreadState(  690): Sending oneway calls to frozen process.
06-30 14:32:11.719 I/BugleRcsEngine( 3867): handleMessage processing message:[NOTIFY_UPTIME_IGNORE_STATE_CHANGED] with [non-null]:RcsEngineImpl reference [CONTEXT log_prefix="RcsEngineImpl[DUAL_REG]:[390448b9-d26f]>Handler" thread_id=69 ]
06-30 14:32:11.719 I/BugleRcsEngine( 3867): Connected state: [1], networkType: [WIFI] [CONTEXT thread_id=65 ]
06-30 14:32:11.719 D/ConnectivityService(  690): NetReassign [no changes] [c 1] [a 0] [i 0]
06-30 14:32:11.722 I/NearbyMediums( 1317): Wifi changed new SSID: "AndroidWifi"
06-30 14:32:11.722 I/NearbyMediums( 1317): WifiLanConnectivityInfo is not changed, skip notify.
06-30 14:32:11.724 I/BugleRcsEngine( 3867): No RCS Configuration was found in Bugle for simID: redacted-pii:sim_id[chars:20,last3:897] [CONTEXT log_prefix="ProvisioningEngineDataRetriever" thread_id=69 ]
06-30 14:32:12.219 I/NearbySharing( 1317): Network state changed: NetworkState(isRestricted=false, isOnline=true, isCongested=false, isMetered=false, isWifiConnected=true)
06-30 14:32:13.384 D/ActivityManager(  690): freezing 3383 com.google.android.apps.wellbeing
06-30 14:32:13.386 D/InetDiagMessage(  690): Destroyed 0 sockets, proto=IPPROTO_TCP, family=AF_INET, states=14
06-30 14:32:13.386 D/InetDiagMessage(  690): Destroyed 0 sockets, proto=IPPROTO_TCP, family=AF_INET6, states=14
06-30 14:32:13.386 D/InetDiagMessage(  690): Destroyed live tcp sockets for uids={10159} in 1ms
06-30 14:32:14.720 I/HalDevMgr(  690): bestIfaceCreationProposal is null, requestIface=STA, existingIface=[name=wlan0 type=STA]
06-30 14:32:15.770 D/ActivityManager(  690): freezing 4847 com.android.settings
06-30 14:32:15.771 D/ActivityManager(  690): freezing 6089 com.android.keychain
06-30 14:32:17.727 I/HalDevMgr(  690): bestIfaceCreationProposal is null, requestIface=STA, existingIface=[name=wlan0 type=STA]
06-30 14:32:19.126 I/wpa_supplicant(  961): wlan0: CTRL-EVENT-BEACON-LOSS 
06-30 14:32:19.542 D/SatelliteController( 1128): isInCarrierRoamingNbIotNtn: satellite is disabled
06-30 14:32:19.542 D/SatelliteController( 1128): getCarrierRoamingNtnConnectType: Checking connect type from PLMN config for subId: 1
06-30 14:32:19.542 D/TelephonyConfigUpdateInstallReceiver( 1128): getConfigParser: domain=satellite
06-30 14:32:19.542 V/SatelliteController( 1128): satelliteConfigParser is not ready
06-30 14:32:19.542 D/SatelliteController( 1128): isSatelliteAttachSupportedViaConfigupdater: return null (satelliteConfig is null)
06-30 14:32:19.542 D/SatelliteController( 1128): getSatellitePerPlmnConfiguration: invalid subId or not supported via carrier.
06-30 14:32:19.543 D/SatelliteController( 1128): getCarrierRoamingNtnConnectType: config: null
06-30 14:32:19.543 D/TelephonyConfigUpdateInstallReceiver( 1128): getConfigParser: domain=satellite
06-30 14:32:19.543 V/SatelliteController( 1128): satelliteConfigParser is not ready
06-30 14:32:19.543 D/SatelliteController( 1128): getCarrierRoamingNtnConnectTypeViaConfigUpdater: return null (satelliteConfig is null)
06-30 14:32:19.544 D/SatelliteController( 1128): getCarrierRoamingNtnConnectType: Falling back to global carrier config connect type: 0
06-30 14:32:19.544 D/TelephonyConfigUpdateInstallReceiver( 1128): getConfigParser: domain=satellite
06-30 14:32:19.544 V/SatelliteController( 1128): satelliteConfigParser is not ready
06-30 14:32:19.544 D/SatelliteController( 1128): isSatelliteAttachSupportedViaConfigupdater: return null (satelliteConfig is null)
06-30 14:32:19.544 D/SatelliteController( 1128): getCarrierRoamingNtnConnectType: Checking connect type from PLMN config for subId: 1
06-30 14:32:19.544 D/TelephonyConfigUpdateInstallReceiver( 1128): getConfigParser: domain=satellite
06-30 14:32:19.544 V/SatelliteController( 1128): satelliteConfigParser is not ready
06-30 14:32:19.544 D/SatelliteController( 1128): isSatelliteAttachSupportedViaConfigupdater: return null (satelliteConfig is null)
06-30 14:32:19.545 D/SatelliteController( 1128): getSatellitePerPlmnConfiguration: invalid subId or not supported via carrier.
06-30 14:32:19.545 D/SatelliteController( 1128): getCarrierRoamingNtnConnectType: config: null
06-30 14:32:19.545 D/TelephonyConfigUpdateInstallReceiver( 1128): getConfigParser: domain=satellite
06-30 14:32:19.545 V/SatelliteController( 1128): satelliteConfigParser is not ready
06-30 14:32:19.545 D/SatelliteController( 1128): getCarrierRoamingNtnConnectTypeViaConfigUpdater: return null (satelliteConfig is null)
06-30 14:32:19.545 D/SatelliteController( 1128): getCarrierRoamingNtnConnectType: Falling back to global carrier config connect type: 0
06-30 14:32:19.545 D/TelephonyConfigUpdateInstallReceiver( 1128): getConfigParser: domain=satellite
06-30 14:32:19.545 V/SatelliteController( 1128): satelliteConfigParser is not ready
06-30 14:32:19.545 D/SatelliteController( 1128): isSatelliteAttachSupportedViaConfigupdater: return null (satelliteConfig is null)
06-30 14:32:19.573 W/skia    (  527): AGTM parsing failed flags.readFromStream(s) at 159
06-30 14:32:19.573 W/skia    (  527): AGTM parsing failed flags.readFromStream(s) at 159
06-30 14:32:20.590 I/adbd    (  539): adbd service requested 'shell,v2,raw:dumpsys package com.google.android.gms'
06-30 14:32:20.709 I/artd    ( 3273): GetBestInfo: odex next to the dex file (/data/app/~~pUpe9D-hsv0lOCLmNQJGyA==/com.google.android.gms-a0e_AySruvvgbDhYG8Z6yQ==/oat/x86_64/base.odex) is kOatUpToDate with filter 'speed-profile' executable 'false'
06-30 14:32:20.710 I/artd    ( 3273): GetBestInfo: dm (/data/app/~~pUpe9D-hsv0lOCLmNQJGyA==/com.google.android.gms-a0e_AySruvvgbDhYG8Z6yQ==/split_AdsDynamite_installtime.dm) is kOatUpToDate with filter 'verify' executable 'false'
06-30 14:32:20.712 I/artd    ( 3273): GetBestInfo: odex next to the dex file (/data/app/~~pUpe9D-hsv0lOCLmNQJGyA==/com.google.android.gms-a0e_AySruvvgbDhYG8Z6yQ==/oat/x86_64/split_CronetDynamite_installtime.odex) is kOatUpToDate with filter 'speed-profile' executable 'false'
06-30 14:32:20.713 I/artd    ( 3273): GetBestInfo: dm (/data/app/~~pUpe9D-hsv0lOCLmNQJGyA==/com.google.android.gms-a0e_AySruvvgbDhYG8Z6yQ==/split_DynamiteLoader_installtime.dm) is kOatUpToDate with filter 'verify' executable 'false'
06-30 14:32:20.714 I/artd    ( 3273): GetBestInfo: dm (/data/app/~~pUpe9D-hsv0lOCLmNQJGyA==/com.google.android.gms-a0e_AySruvvgbDhYG8Z6yQ==/split_DynamiteModulesA_installtime.dm) is kOatUpToDate with filter 'verify' executable 'false'
06-30 14:32:20.715 I/artd    ( 3273): GetBestInfo: dm (/data/app/~~pUpe9D-hsv0lOCLmNQJGyA==/com.google.android.gms-a0e_AySruvvgbDhYG8Z6yQ==/split_DynamiteModulesC_installtime.dm) is kOatUpToDate with filter 'verify' executable 'false'
06-30 14:32:20.716 I/artd    ( 3273): GetBestInfo: dm (/data/app/~~pUpe9D-hsv0lOCLmNQJGyA==/com.google.android.gms-a0e_AySruvvgbDhYG8Z6yQ==/split_GoogleCertificates_installtime.dm) is kOatUpToDate with filter 'verify' executable 'false'
06-30 14:32:20.717 I/artd    ( 3273): GetBestInfo: dm (/data/app/~~pUpe9D-hsv0lOCLmNQJGyA==/com.google.android.gms-a0e_AySruvvgbDhYG8Z6yQ==/split_MapsDynamite_installtime.dm) is kOatUpToDate with filter 'verify' executable 'false'
06-30 14:32:20.718 I/artd    ( 3273): GetBestInfo: dm (/data/app/~~pUpe9D-hsv0lOCLmNQJGyA==/com.google.android.gms-a0e_AySruvvgbDhYG8Z6yQ==/split_MeasurementDynamite_installtime.dm) is kOatUpToDate with filter 'verify' executable 'false'
06-30 14:32:20.719 I/artd    ( 3273): GetBestInfo: /data/user_de/0/com.google.android.gms/app_chimera/m/0000000e/dl-IdentityCredentialsPlatform.optional_262031100800.apk has no usable artifacts
06-30 14:32:20.720 I/artd    ( 3273): GetBestInfo: /data/user_de/0/com.google.android.gms/app_chimera/m/00000001/CronetDynamite.apk has no usable artifacts
06-30 14:32:20.721 I/artd    ( 3273): GetBestInfo: /data/user_de/0/com.google.android.gms/app_chimera/m/00000013/dl-TfliteDynamiteDynamite.integ_252130102100800.apk has no usable artifacts
06-30 14:32:20.722 I/artd    ( 3273): GetBestInfo: /data/user_de/0/com.google.android.gms/app_chimera/m/00000002/DynamiteLoader.apk has no usable artifacts
06-30 14:32:20.723 I/artd    ( 3273): GetBestInfo: /data/user_de/0/com.google.android.gms/app_chimera/m/0000000c/dl-IdentityCredentialsPlatform.optional_261136100800.apk has no usable artifacts
06-30 14:32:20.724 I/artd    ( 3273): GetBestInfo: /data/user_de/0/com.google.android.gms/app_chimera/m/00000005/GoogleCertificates.apk has no usable artifacts
06-30 14:32:20.725 I/artd    ( 3273): GetBestInfo: /data/user_de/0/com.google.android.gms/app_chimera/m/0000000a/dl-TfliteDynamiteDynamite.integ_260580502100800.apk has no usable artifacts
06-30 14:32:20.726 I/artd    ( 3273): GetBestInfo: /data/user_de/0/com.google.android.gms/app_chimera/m/00000016/dl-PlayCloudSearch.optional_262031100000.apk has no usable artifacts
06-30 14:32:20.728 I/artd    ( 3273): GetBestInfo: /data/user_de/0/com.google.android.gms/app_chimera/m/00000014/dl-MlkitOcrCommon.optional_262031100800.apk has no usable artifacts
06-30 14:32:20.729 I/artd    ( 3273): GetBestInfo: /data/user_de/0/com.google.android.gms/app_chimera/m/00000008/dl-VisionOcr.optional_261136100000.apk has no usable artifacts
06-30 14:32:20.730 I/artd    ( 3273): GetBestInfo: /data/user_de/0/com.google.android.gms/app_chimera/m/00000010/dl-Appsearch.optional_262031100800.apk has no usable artifacts
06-30 14:32:20.731 I/artd    ( 3273): GetBestInfo: /data/user_de/0/com.google.android.gms/app_chimera/m/0000000b/dl-Appsearch.optional_261136100800.apk has no usable artifacts
06-30 14:32:20.733 I/HalDevMgr(  690): bestIfaceCreationProposal is null, requestIface=STA, existingIface=[name=wlan0 type=STA]
06-30 14:32:20.733 I/artd    ( 3273): GetBestInfo: vdex next to the dex file (/data/user/0/com.google.android.gms/app_dg_cache/9BCBC14EE674B00B958D4B0C5B4BD883630AA39E/oat/x86_64/the.vdex) is kOatUpToDate with filter 'verify' executable 'false'
06-30 14:32:20.735 I/artd    ( 3273): GetBestInfo: /data/user_de/0/com.google.android.gms/app_chimera/m/00000009/dl-MlkitOcrCommon.optional_261136100800.apk has no usable artifacts
06-30 14:32:20.736 I/artd    ( 3273): GetBestInfo: /data/user/0/com.google.android.gms/app_dg_cache/22DA9D7AD8ED7504E0CAC64C41ECDBD7068924E0/the.apk has no usable artifacts
06-30 14:32:20.738 I/artd    ( 3273): GetBestInfo: vdex next to the dex file (/data/user/0/com.google.android.gms/app_dg_cache/FEE57AEA14526BE59FD8AB1365237E7B7A5CE7CB/oat/x86_64/the.vdex) is kOatUpToDate with filter 'verify' executable 'false'
06-30 14:32:20.739 I/artd    ( 3273): GetBestInfo: vdex next to the dex file (/data/user/0/com.google.android.gms/app_dg_cache/1C62BDE86218FBAA50DF06C4A79F5C3FE74B69EC/oat/x86_64/the.vdex) is kOatUpToDate with filter 'verify' executable 'false'
06-30 14:32:20.741 I/artd    ( 3273): GetBestInfo: /data/user_de/0/com.google.android.gms/app_chimera/m/0000000f/dl-VisionOcr.optional_262031100000.apk has no usable artifacts
06-30 14:32:20.742 I/artd    ( 3273): GetBestInfo: /data/user_de/0/com.google.android.gms/app_chimera/m/00000015/dl-MlkitBarcodeUi.optional_262031100800.apk has no usable artifacts
06-30 14:32:20.744 I/artd    ( 3273): GetBestInfo: /data/user_de/0/com.google.android.gms/app_chimera/m/00000007/MeasurementDynamite.apk has no usable artifacts
06-30 14:32:23.740 I/HalDevMgr(  690): bestIfaceCreationProposal is null, requestIface=STA, existingIface=[name=wlan0 type=STA]
06-30 14:32:24.097 I/WM-WorkerWrapper(24227): Worker result SUCCESS for Work [ id=aae970a3-d37c-48d4-a27b-1c6bd7038cff, tags={ androidx.glance.session.SessionWorker } ]
06-30 14:32:24.105 W/libbinder.IPCThreadState(  596): Sending oneway calls to frozen process.
06-30 14:32:24.105 W/libbinder.IPCThreadState(  596): Sending oneway calls to frozen process.
06-30 14:32:26.745 I/HalDevMgr(  690): bestIfaceCreationProposal is null, requestIface=STA, existingIface=[name=wlan0 type=STA]
06-30 14:32:27.061 I/wpa_supplicant(  961): wlan0: CTRL-EVENT-BEACON-LOSS 
06-30 14:32:29.542 D/SatelliteController( 1128): isInCarrierRoamingNbIotNtn: satellite is disabled
06-30 14:32:29.542 D/SatelliteController( 1128): getCarrierRoamingNtnConnectType: Checking connect type from PLMN config for subId: 1
06-30 14:32:29.542 D/TelephonyConfigUpdateInstallReceiver( 1128): getConfigParser: domain=satellite
06-30 14:32:29.542 V/SatelliteController( 1128): satelliteConfigParser is not ready
06-30 14:32:29.542 D/SatelliteController( 1128): isSatelliteAttachSupportedViaConfigupdater: return null (satelliteConfig is null)
06-30 14:32:29.542 D/SatelliteController( 1128): getSatellitePerPlmnConfiguration: invalid subId or not supported via carrier.
06-30 14:32:29.542 D/SatelliteController( 1128): getCarrierRoamingNtnConnectType: config: null
06-30 14:32:29.542 D/TelephonyConfigUpdateInstallReceiver( 1128): getConfigParser: domain=satellite
06-30 14:32:29.542 V/SatelliteController( 1128): satelliteConfigParser is not ready
06-30 14:32:29.542 D/SatelliteController( 1128): getCarrierRoamingNtnConnectTypeViaConfigUpdater: return null (satelliteConfig is null)
06-30 14:32:29.542 D/SatelliteController( 1128): getCarrierRoamingNtnConnectType: Falling back to global carrier config connect type: 0
06-30 14:32:29.543 D/TelephonyConfigUpdateInstallReceiver( 1128): getConfigParser: domain=satellite
06-30 14:32:29.543 V/SatelliteController( 1128): satelliteConfigParser is not ready
06-30 14:32:29.543 D/SatelliteController( 1128): isSatelliteAttachSupportedViaConfigupdater: return null (satelliteConfig is null)
06-30 14:32:29.543 D/SatelliteController( 1128): getCarrierRoamingNtnConnectType: Checking connect type from PLMN config for subId: 1
06-30 14:32:29.543 D/TelephonyConfigUpdateInstallReceiver( 1128): getConfigParser: domain=satellite
06-30 14:32:29.543 V/SatelliteController( 1128): satelliteConfigParser is not ready
06-30 14:32:29.543 D/SatelliteController( 1128): isSatelliteAttachSupportedViaConfigupdater: return null (satelliteConfig is null)
06-30 14:32:29.543 D/SatelliteController( 1128): getSatellitePerPlmnConfiguration: invalid subId or not supported via carrier.
06-30 14:32:29.543 D/SatelliteController( 1128): getCarrierRoamingNtnConnectType: config: null
06-30 14:32:29.543 D/TelephonyConfigUpdateInstallReceiver( 1128): getConfigParser: domain=satellite
06-30 14:32:29.543 V/SatelliteController( 1128): satelliteConfigParser is not ready
06-30 14:32:29.543 D/SatelliteController( 1128): getCarrierRoamingNtnConnectTypeViaConfigUpdater: return null (satelliteConfig is null)
06-30 14:32:29.544 D/SatelliteController( 1128): getCarrierRoamingNtnConnectType: Falling back to global carrier config connect type: 0
06-30 14:32:29.544 D/TelephonyConfigUpdateInstallReceiver( 1128): getConfigParser: domain=satellite
06-30 14:32:29.544 V/SatelliteController( 1128): satelliteConfigParser is not ready
06-30 14:32:29.544 D/SatelliteController( 1128): isSatelliteAttachSupportedViaConfigupdater: return null (satelliteConfig is null)
06-30 14:32:29.752 I/AdbWifiNetworkMonitor(  690): Wi-Fi network available
06-30 14:32:29.752 I/AdbWifiNetworkMonitor(  690): Received the same Wi-Fi SSID. Ignoring.
06-30 14:32:29.755 I/HalDevMgr(  690): bestIfaceCreationProposal is null, requestIface=STA, existingIface=[name=wlan0 type=STA]
06-30 14:32:29.755 D/WM-WorkConstraintsTrack( 2923): NetworkRequestConstraintController onCapabilitiesChanged callback
06-30 14:32:29.756 D/WM-WorkConstraintsTrack( 3977): NetworkRequestConstraintController onCapabilitiesChanged callback
06-30 14:32:29.756 W/libbinder.IPCThreadState(  690): Sending oneway calls to frozen process.
06-30 14:32:29.757 I/BugleRcsEngine( 3867): Connected state: [1], networkType: [WIFI] [CONTEXT thread_id=65 ]
06-30 14:32:29.757 I/BugleRcsEngine( 3867): handleMessage processing message:[NOTIFY_UPTIME_IGNORE_STATE_CHANGED] with [non-null]:RcsEngineImpl reference [CONTEXT log_prefix="RcsEngineImpl[DUAL_REG]:[390448b9-d26f]>Handler" thread_id=69 ]
06-30 14:32:29.758 I/NullBinder( 1317): NullBinder for android.net.action.RECOMMEND_NETWORKS triggering remote TransactionTooLargeException due to Service without Chimera impl, calling uid: 1000, calling pid: 0
06-30 14:32:29.759 W/libbinder.IPCThreadState(  690): Sending oneway calls to frozen process.
06-30 14:32:29.759 W/libbinder.Binder( 1317): Large reply transaction of 1056768 bytes, interface descriptor , function: UNKNOWN_FUNCTION_NAME, code: 1, flags: 17
06-30 14:32:29.759 W/libbinder.IPCThreadState(  690): Sending oneway calls to frozen process.
06-30 14:32:29.760 W/libbinder.IPCThreadState(  690): Sending oneway calls to frozen process.
06-30 14:32:29.760 W/libbinder.IPCThreadState(  690): Sending oneway calls to frozen process.
06-30 14:32:29.760 W/libbinder.IPCThreadState(  690): Sending oneway calls to frozen process.
06-30 14:32:29.760 W/libbinder.IPCThreadState(  690): Sending oneway calls to frozen process.
06-30 14:32:29.760 W/libbinder.IPCThreadState(  690): Sending oneway calls to frozen process.
06-30 14:32:29.760 W/libbinder.IPCThreadState(  690): Sending oneway calls to frozen process.
06-30 14:32:29.763 D/ConnectivityService(  690): NetReassign [no changes] [c 2] [a 0] [i 1]
06-30 14:32:29.763 I/NearbyMediums( 1317): Wifi changed new SSID: "AndroidWifi"
06-30 14:32:29.763 I/NearbyMediums( 1317): WifiLanConnectivityInfo is not changed, skip notify.
06-30 14:32:29.763 I/BugleRcsEngine( 3867): No RCS Configuration was found in Bugle for simID: redacted-pii:sim_id[chars:20,last3:897] [CONTEXT log_prefix="ProvisioningEngineDataRetriever" thread_id=69 ]
06-30 14:32:30.261 I/NearbySharing( 1317): Network state changed: NetworkState(isRestricted=false, isOnline=true, isCongested=false, isMetered=false, isWifiConnected=true)
06-30 14:32:30.583 I/adbd    (  539): adbd service requested 'shell,v2,raw:dumpsys package com.google.android.gms'
06-30 14:32:30.723 I/artd    ( 3273): GetBestInfo: odex next to the dex file (/data/app/~~pUpe9D-hsv0lOCLmNQJGyA==/com.google.android.gms-a0e_AySruvvgbDhYG8Z6yQ==/oat/x86_64/base.odex) is kOatUpToDate with filter 'speed-profile' executable 'false'
06-30 14:32:30.724 I/artd    ( 3273): GetBestInfo: dm (/data/app/~~pUpe9D-hsv0lOCLmNQJGyA==/com.google.android.gms-a0e_AySruvvgbDhYG8Z6yQ==/split_AdsDynamite_installtime.dm) is kOatUpToDate with filter 'verify' executable 'false'
06-30 14:32:30.726 I/artd    ( 3273): GetBestInfo: odex next to the dex file (/data/app/~~pUpe9D-hsv0lOCLmNQJGyA==/com.google.android.gms-a0e_AySruvvgbDhYG8Z6yQ==/oat/x86_64/split_CronetDynamite_installtime.odex) is kOatUpToDate with filter 'speed-profile' executable 'false'
06-30 14:32:30.727 I/artd    ( 3273): GetBestInfo: dm (/data/app/~~pUpe9D-hsv0lOCLmNQJGyA==/com.google.android.gms-a0e_AySruvvgbDhYG8Z6yQ==/split_DynamiteLoader_installtime.dm) is kOatUpToDate with filter 'verify' executable 'false'
06-30 14:32:30.728 I/artd    ( 3273): GetBestInfo: dm (/data/app/~~pUpe9D-hsv0lOCLmNQJGyA==/com.google.android.gms-a0e_AySruvvgbDhYG8Z6yQ==/split_DynamiteModulesA_installtime.dm) is kOatUpToDate with filter 'verify' executable 'false'
06-30 14:32:30.729 I/artd    ( 3273): GetBestInfo: dm (/data/app/~~pUpe9D-hsv0lOCLmNQJGyA==/com.google.android.gms-a0e_AySruvvgbDhYG8Z6yQ==/split_DynamiteModulesC_installtime.dm) is kOatUpToDate with filter 'verify' executable 'false'
06-30 14:32:30.731 I/artd    ( 3273): GetBestInfo: dm (/data/app/~~pUpe9D-hsv0lOCLmNQJGyA==/com.google.android.gms-a0e_AySruvvgbDhYG8Z6yQ==/split_GoogleCertificates_installtime.dm) is kOatUpToDate with filter 'verify' executable 'false'
06-30 14:32:30.732 I/artd    ( 3273): GetBestInfo: dm (/data/app/~~pUpe9D-hsv0lOCLmNQJGyA==/com.google.android.gms-a0e_AySruvvgbDhYG8Z6yQ==/split_MapsDynamite_installtime.dm) is kOatUpToDate with filter 'verify' executable 'false'
06-30 14:32:30.733 I/artd    ( 3273): GetBestInfo: dm (/data/app/~~pUpe9D-hsv0lOCLmNQJGyA==/com.google.android.gms-a0e_AySruvvgbDhYG8Z6yQ==/split_MeasurementDynamite_installtime.dm) is kOatUpToDate with filter 'verify' executable 'false'
06-30 14:32:30.735 I/artd    ( 3273): GetBestInfo: /data/user_de/0/com.google.android.gms/app_chimera/m/0000000e/dl-IdentityCredentialsPlatform.optional_262031100800.apk has no usable artifacts
06-30 14:32:30.735 I/artd    ( 3273): GetBestInfo: /data/user_de/0/com.google.android.gms/app_chimera/m/00000001/CronetDynamite.apk has no usable artifacts
06-30 14:32:30.736 I/artd    ( 3273): GetBestInfo: /data/user_de/0/com.google.android.gms/app_chimera/m/00000013/dl-TfliteDynamiteDynamite.integ_252130102100800.apk has no usable artifacts
06-30 14:32:30.737 I/artd    ( 3273): GetBestInfo: /data/user_de/0/com.google.android.gms/app_chimera/m/00000002/DynamiteLoader.apk has no usable artifacts
06-30 14:32:30.738 I/artd    ( 3273): GetBestInfo: /data/user_de/0/com.google.android.gms/app_chimera/m/0000000c/dl-IdentityCredentialsPlatform.optional_261136100800.apk has no usable artifacts
06-30 14:32:30.738 I/artd    ( 3273): GetBestInfo: /data/user_de/0/com.google.android.gms/app_chimera/m/00000005/GoogleCertificates.apk has no usable artifacts
06-30 14:32:30.740 I/artd    ( 3273): GetBestInfo: /data/user_de/0/com.google.android.gms/app_chimera/m/0000000a/dl-TfliteDynamiteDynamite.integ_260580502100800.apk has no usable artifacts
06-30 14:32:30.740 I/artd    ( 3273): GetBestInfo: /data/user_de/0/com.google.android.gms/app_chimera/m/00000016/dl-PlayCloudSearch.optional_262031100000.apk has no usable artifacts
06-30 14:32:30.742 I/artd    ( 3273): GetBestInfo: /data/user_de/0/com.google.android.gms/app_chimera/m/00000014/dl-MlkitOcrCommon.optional_262031100800.apk has no usable artifacts
06-30 14:32:30.744 I/artd    ( 3273): GetBestInfo: /data/user_de/0/com.google.android.gms/app_chimera/m/00000008/dl-VisionOcr.optional_261136100000.apk has no usable artifacts
06-30 14:32:30.745 I/artd    ( 3273): GetBestInfo: /data/user_de/0/com.google.android.gms/app_chimera/m/00000010/dl-Appsearch.optional_262031100800.apk has no usable artifacts
06-30 14:32:30.747 I/artd    ( 3273): GetBestInfo: /data/user_de/0/com.google.android.gms/app_chimera/m/0000000b/dl-Appsearch.optional_261136100800.apk has no usable artifacts
06-30 14:32:30.748 I/artd    ( 3273): GetBestInfo: vdex next to the dex file (/data/user/0/com.google.android.gms/app_dg_cache/9BCBC14EE674B00B958D4B0C5B4BD883630AA39E/oat/x86_64/the.vdex) is kOatUpToDate with filter 'verify' executable 'false'
06-30 14:32:30.750 I/artd    ( 3273): GetBestInfo: /data/user_de/0/com.google.android.gms/app_chimera/m/00000009/dl-MlkitOcrCommon.optional_261136100800.apk has no usable artifacts
06-30 14:32:30.750 I/artd    ( 3273): GetBestInfo: /data/user/0/com.google.android.gms/app_dg_cache/22DA9D7AD8ED7504E0CAC64C41ECDBD7068924E0/the.apk has no usable artifacts
06-30 14:32:30.752 I/artd    ( 3273): GetBestInfo: vdex next to the dex file (/data/user/0/com.google.android.gms/app_dg_cache/FEE57AEA14526BE59FD8AB1365237E7B7A5CE7CB/oat/x86_64/the.vdex) is kOatUpToDate with filter 'verify' executable 'false'
06-30 14:32:30.754 I/artd    ( 3273): GetBestInfo: vdex next to the dex file (/data/user/0/com.google.android.gms/app_dg_cache/1C62BDE86218FBAA50DF06C4A79F5C3FE74B69EC/oat/x86_64/the.vdex) is kOatUpToDate with filter 'verify' executable 'false'
06-30 14:32:30.755 I/artd    ( 3273): GetBestInfo: /data/user_de/0/com.google.android.gms/app_chimera/m/0000000f/dl-VisionOcr.optional_262031100000.apk has no usable artifacts
06-30 14:32:30.756 I/artd    ( 3273): GetBestInfo: /data/user_de/0/com.google.android.gms/app_chimera/m/00000015/dl-MlkitBarcodeUi.optional_262031100800.apk has no usable artifacts
06-30 14:32:30.757 I/artd    ( 3273): GetBestInfo: /data/user_de/0/com.google.android.gms/app_chimera/m/00000007/MeasurementDynamite.apk has no usable artifacts
06-30 14:32:32.761 I/AdbWifiNetworkMonitor(  690): Wi-Fi network available
06-30 14:32:32.761 I/AdbWifiNetworkMonitor(  690): Received the same Wi-Fi SSID. Ignoring.
06-30 14:32:32.762 I/HalDevMgr(  690): bestIfaceCreationProposal is null, requestIface=STA, existingIface=[name=wlan0 type=STA]
06-30 14:32:32.764 D/WM-WorkConstraintsTrack( 2923): NetworkRequestConstraintController onCapabilitiesChanged callback
06-30 14:32:32.766 D/WM-WorkConstraintsTrack( 3977): NetworkRequestConstraintController onCapabilitiesChanged callback
06-30 14:32:32.767 I/NullBinder( 1317): NullBinder for android.net.action.RECOMMEND_NETWORKS triggering remote TransactionTooLargeException due to Service without Chimera impl, calling uid: 1000, calling pid: 0
06-30 14:32:32.767 W/libbinder.Binder( 1317): Large reply transaction of 1056768 bytes, interface descriptor , function: UNKNOWN_FUNCTION_NAME, code: 1, flags: 17
06-30 14:32:32.767 W/libbinder.IPCThreadState(  690): Sending oneway calls to frozen process.
06-30 14:32:32.767 W/libbinder.IPCThreadState(  690): Sending oneway calls to frozen process.
06-30 14:32:32.767 W/libbinder.IPCThreadState(  690): Sending oneway calls to frozen process.
06-30 14:32:32.767 W/libbinder.IPCThreadState(  690): Sending oneway calls to frozen process.
06-30 14:32:32.767 W/libbinder.IPCThreadState(  690): Sending oneway calls to frozen process.
06-30 14:32:32.767 W/libbinder.IPCThreadState(  690): Sending oneway calls to frozen process.
06-30 14:32:32.767 W/libbinder.IPCThreadState(  690): Sending oneway calls to frozen process.
06-30 14:32:32.767 W/libbinder.IPCThreadState(  690): Sending oneway calls to frozen process.
06-30 14:32:32.767 W/libbinder.IPCThreadState(  690): Sending oneway calls to frozen process.
06-30 14:32:32.768 I/BugleRcsEngine( 3867): handleMessage processing message:[NOTIFY_UPTIME_IGNORE_STATE_CHANGED] with [non-null]:RcsEngineImpl reference [CONTEXT log_prefix="RcsEngineImpl[DUAL_REG]:[390448b9-d26f]>Handler" thread_id=69 ]
06-30 14:32:32.768 I/BugleRcsEngine( 3867): Connected state: [1], networkType: [WIFI] [CONTEXT thread_id=65 ]
06-30 14:32:32.769 D/ConnectivityService(  690): NetReassign [no changes] [c 0] [a 1] [i 1]
06-30 14:32:32.770 I/NearbyMediums( 1317): Wifi changed new SSID: "AndroidWifi"
06-30 14:32:32.770 I/NearbyMediums( 1317): WifiLanConnectivityInfo is not changed, skip notify.
06-30 14:32:32.770 I/BugleRcsEngine( 3867): No RCS Configuration was found in Bugle for simID: redacted-pii:sim_id[chars:20,last3:897] [CONTEXT log_prefix="ProvisioningEngineDataRetriever" thread_id=69 ]
06-30 14:32:33.265 I/NearbySharing( 1317): Network state changed: NetworkState(isRestricted=false, isOnline=true, isCongested=false, isMetered=false, isWifiConnected=true)
06-30 14:32:34.997 I/wpa_supplicant(  961): wlan0: CTRL-EVENT-BEACON-LOSS 
06-30 14:32:35.766 I/AdbWifiNetworkMonitor(  690): Wi-Fi network available
06-30 14:32:35.766 I/AdbWifiNetworkMonitor(  690): Received the same Wi-Fi SSID. Ignoring.
06-30 14:32:35.768 I/HalDevMgr(  690): bestIfaceCreationProposal is null, requestIface=STA, existingIface=[name=wlan0 type=STA]
06-30 14:32:35.771 I/NullBinder( 1317): NullBinder for android.net.action.RECOMMEND_NETWORKS triggering remote TransactionTooLargeException due to Service without Chimera impl, calling uid: 1000, calling pid: 0
06-30 14:32:35.771 W/libbinder.Binder( 1317): Large reply transaction of 1056768 bytes, interface descriptor , function: UNKNOWN_FUNCTION_NAME, code: 1, flags: 17
06-30 14:32:35.771 D/WM-WorkConstraintsTrack( 2923): NetworkRequestConstraintController onCapabilitiesChanged callback
06-30 14:32:35.772 W/libbinder.IPCThreadState(  690): Sending oneway calls to frozen process.
06-30 14:32:35.773 W/libbinder.IPCThreadState(  690): Sending oneway calls to frozen process.
06-30 14:32:35.773 D/WM-WorkConstraintsTrack( 3977): NetworkRequestConstraintController onCapabilitiesChanged callback
06-30 14:32:35.773 W/libbinder.IPCThreadState(  690): Sending oneway calls to frozen process.
06-30 14:32:35.773 W/libbinder.IPCThreadState(  690): Sending oneway calls to frozen process.
06-30 14:32:35.773 W/libbinder.IPCThreadState(  690): Sending oneway calls to frozen process.
06-30 14:32:35.773 W/libbinder.IPCThreadState(  690): Sending oneway calls to frozen process.
06-30 14:32:35.774 W/libbinder.IPCThreadState(  690): Sending oneway calls to frozen process.
06-30 14:32:35.774 W/libbinder.IPCThreadState(  690): Sending oneway calls to frozen process.
06-30 14:32:35.774 W/libbinder.IPCThreadState(  690): Sending oneway calls to frozen process.
06-30 14:32:35.774 I/BugleRcsEngine( 3867): handleMessage processing message:[NOTIFY_UPTIME_IGNORE_STATE_CHANGED] with [non-null]:RcsEngineImpl reference [CONTEXT log_prefix="RcsEngineImpl[DUAL_REG]:[390448b9-d26f]>Handler" thread_id=69 ]
06-30 14:32:35.774 I/BugleRcsEngine( 3867): Connected state: [1], networkType: [WIFI] [CONTEXT thread_id=65 ]
06-30 14:32:35.776 D/ConnectivityService(  690): NetReassign [no changes] [c 1] [a 0] [i 1]
06-30 14:32:35.777 I/BugleRcsEngine( 3867): No RCS Configuration was found in Bugle for simID: redacted-pii:sim_id[chars:20,last3:897] [CONTEXT log_prefix="ProvisioningEngineDataRetriever" thread_id=69 ]
06-30 14:32:35.777 I/NearbyMediums( 1317): Wifi changed new SSID: "AndroidWifi"
06-30 14:32:35.778 I/NearbyMediums( 1317): WifiLanConnectivityInfo is not changed, skip notify.
06-30 14:32:36.274 I/NearbySharing( 1317): Network state changed: NetworkState(isRestricted=false, isOnline=true, isCongested=false, isMetered=false, isWifiConnected=true)
06-30 14:32:36.297 E/hmly    ( 1317): Got more than one input Future failure. Logging failures after the first
06-30 14:32:36.297 E/hmly    ( 1317): java.io.IOException: Unable to create parent directories of /data/user/0/com.google.android.gms/files/mobstore_salt.pb.lock
06-30 14:32:36.297 E/hmly    ( 1317): 	at hhkm.c(:com.google.android.gms@262031038@26.20.31 (260800-919905943):37)
06-30 14:32:36.297 E/hmly    ( 1317): 	at gons.e(:com.google.android.gms@262031038@26.20.31 (260800-919905943):5)
06-30 14:32:36.297 E/hmly    ( 1317): 	at goqk.a(:com.google.android.gms@262031038@26.20.31 (260800-919905943):198)
06-30 14:32:36.297 E/hmly    ( 1317): 	at gomy.d(:com.google.android.gms@262031038@26.20.31 (260800-919905943):5)
06-30 14:32:36.297 E/hmly    ( 1317): 	at gosk.a(:com.google.android.gms@262031038@26.20.31 (260800-919905943):28)
06-30 14:32:36.297 E/hmly    ( 1317): 	at hdmz.a(:com.google.android.gms@262031038@26.20.31 (260800-919905943):17)
06-30 14:32:36.297 E/hmly    ( 1317): 	at hmnp.a(:com.google.android.gms@262031038@26.20.31 (260800-919905943):20)
06-30 14:32:36.297 E/hmly    ( 1317): 	at hmpt.a(:com.google.android.gms@262031038@26.20.31 (260800-919905943):3)
06-30 14:32:36.297 E/hmly    ( 1317): 	at hmou.run(:com.google.android.gms@262031038@26.20.31 (260800-919905943):19)
06-30 14:32:36.297 E/hmly    ( 1317): 	at hmpv.run(:com.google.android.gms@262031038@26.20.31 (260800-919905943):5)
06-30 14:32:36.297 E/hmly    ( 1317): 	at hmnr.run(:com.google.android.gms@262031038@26.20.31 (260800-919905943):20)
06-30 14:32:36.297 E/hmly    ( 1317): 	at java.util.concurrent.ThreadPoolExecutor.runWorker(ThreadPoolExecutor.java:1100)
06-30 14:32:36.297 E/hmly    ( 1317): 	at java.util.concurrent.ThreadPoolExecutor$Worker.run(ThreadPoolExecutor.java:624)
06-30 14:32:36.297 E/hmly    ( 1317): 	at java.lang.Thread.run(Thread.java:1572)
06-30 14:32:36.659 I/AppSearchIcing(  690): icing-search-engine.cc:2487: Persisting data to disk with mode 3
06-30 14:32:36.663 I/AppSearchIcing(  690): icing-search-engine.cc:2502: PersistToDisk completed.
06-30 14:32:37.523 I/PlayCore(24227): UID: [10233]  PID: [24227] AppUpdateService : requestUpdateInfo(com.aiquota.mobile)
06-30 14:32:37.525 I/PlayCore(24227): UID: [10233]  PID: [24227] AppUpdateService : Initiate binding to the service.
06-30 14:32:37.530 I/PlayCore(24227): UID: [10233]  PID: [24227] AppUpdateService : ServiceConnectionImpl.onServiceConnected(ComponentInfo{com.android.vending/com.google.android.finsky.installservice.DevTriggeredUpdateService})
06-30 14:32:37.530 I/PlayCore(24227): UID: [10233]  PID: [24227] AppUpdateService : linkToDeath
06-30 14:32:37.535 I/Finsky  ( 4591): [428] com.aiquota.mobile is installed but certificate mismatch
06-30 14:32:37.537 I/PlayCore(24227): UID: [10233]  PID: [24227] OnRequestInstallCallback : onRequestInfo
06-30 14:32:37.537 I/PlayCore(24227): UID: [10233]  PID: [24227] AppUpdateService : Unbind from service.
06-30 14:32:37.549 I/WM-WorkerWrapper(24227): Worker result SUCCESS for Work [ id=dad8693a-1d96-4f8e-8eb2-7f8d3bf3e0bb, tags={ com.aiquota.mobile.update.AppUpdateCheckWorker } ]
06-30 14:32:37.560 I/WM-WorkerWrapper(24227): Worker result SUCCESS for Work [ id=44908df9-9154-49a0-90cb-7b2e0e8865ae, tags={ com.aiquota.mobile.sync.ForegroundRefreshHealthWorker } ]
06-30 14:32:37.566 W/JobScheduler(  690): Job didn't exist in JobStore: e743525 #u0a233/10 com.aiquota.mobile/androidx.work.impl.background.systemjob.SystemJobService
06-30 14:32:37.754 W/AiAiEcho( 1592): LyftNotificationParser Ridesharing ETA not enabled
06-30 14:32:37.754 I/AiAiEcho( 1592): SmartspaceNotificationPredictor no parser can handle this notification or notification is invalid
06-30 14:32:38.414 D/AIQuotaBgRefreshService(24227): cycleStart providers=gemini
06-30 14:32:38.476 I/AIQuotaDebugCookie(24227): provider=gemini debugCookieRestore=true reason=background_collection source=external urlCount=7 cookieCount=100
06-30 14:32:38.477 D/AIQuotaBgRefreshService(24227): load provider=gemini start= warmUp=false request=2
06-30 14:32:38.510 D/AIQuotaBgRefreshService(24227): inject provider=gemini url=
06-30 14:32:38.511 D/AIQuotaBgRefreshService(24227): pageFinished provider=gemini url=
06-30 14:32:38.540 I/libbinder.BpBinder(24227): onLastStrongRef automatically unlinking death recipients for binder (0x75d19d428e60) with descriptor: '(not cached)'
06-30 14:32:38.691 D/AIQuotaGeminiUsageRpc(24227): geminiUsagePageHtml status=200 payloadBytes=25284
06-30 14:32:38.691 D/AIQuotaNativeUsage(24227): nativeUsage provider=gemini ok=false diagnostic=gemini_usage_page_rpc_params_unavailable statuses=gemini_usage_page_html:200
06-30 14:32:38.694 D/AIQuotaBgRefreshService(24227): collectorError provider=gemini errorKind=gemini_usage_page_rpc_params_unavailable retry=0 url= summary=root=provider|errorKind|message,provider=gemini,collectorMode=none,lineCount=0,hasUsage=false,hasData=false,hasError=true
06-30 14:32:38.695 D/AIQuotaBgRefreshService(24227): outcome provider=gemini type=Failure
06-30 14:32:38.695 W/AIQuotaBgRefreshService(24227): failure provider=gemini kind=COLLECTOR_ERROR message=Background collector failed: gemini_usage_page_rpc_params_unavailable
06-30 14:32:38.714 I/AIQuotaDebugCookie(24227): provider=gemini debugCookieSnapshot=true reason=background_webview_non_auth_failure urlCount=7 cookieCount=7 nativeAuthContextCount=0 nativeAuthHeaderCount=0
06-30 14:32:38.774 I/AdbWifiNetworkMonitor(  690): Wi-Fi network available
06-30 14:32:38.774 I/AdbWifiNetworkMonitor(  690): Received the same Wi-Fi SSID. Ignoring.
06-30 14:32:38.775 I/HalDevMgr(  690): bestIfaceCreationProposal is null, requestIface=STA, existingIface=[name=wlan0 type=STA]
06-30 14:32:38.779 I/NullBinder( 1317): NullBinder for android.net.action.RECOMMEND_NETWORKS triggering remote TransactionTooLargeException due to Service without Chimera impl, calling uid: 1000, calling pid: 0
06-30 14:32:38.779 W/libbinder.Binder( 1317): Large reply transaction of 1056768 bytes, interface descriptor , function: UNKNOWN_FUNCTION_NAME, code: 1, flags: 17
06-30 14:32:38.780 D/WM-WorkConstraintsTrack( 2923): NetworkRequestConstraintController onCapabilitiesChanged callback
06-30 14:32:38.780 W/libbinder.IPCThreadState(  690): Sending oneway calls to frozen process.
06-30 14:32:38.780 W/libbinder.IPCThreadState(  690): Sending oneway calls to frozen process.
06-30 14:32:38.781 W/libbinder.IPCThreadState(  690): Sending oneway calls to frozen process.
06-30 14:32:38.781 W/libbinder.IPCThreadState(  690): Sending oneway calls to frozen process.
06-30 14:32:38.781 W/libbinder.IPCThreadState(  690): Sending oneway calls to frozen process.
06-30 14:32:38.781 W/libbinder.IPCThreadState(  690): Sending oneway calls to frozen process.
06-30 14:32:38.781 D/WM-WorkConstraintsTrack( 3977): NetworkRequestConstraintController onCapabilitiesChanged callback
06-30 14:32:38.783 I/BugleRcsEngine( 3867): handleMessage processing message:[NOTIFY_UPTIME_IGNORE_STATE_CHANGED] with [non-null]:RcsEngineImpl reference [CONTEXT log_prefix="RcsEngineImpl[DUAL_REG]:[390448b9-d26f]>Handler" thread_id=69 ]
06-30 14:32:38.783 I/BugleRcsEngine( 3867): Connected state: [1], networkType: [WIFI] [CONTEXT thread_id=65 ]
06-30 14:32:38.784 W/libbinder.IPCThreadState(  690): Sending oneway calls to frozen process.
06-30 14:32:38.786 W/libbinder.IPCThreadState(  690): Sending oneway calls to frozen process.
06-30 14:32:38.787 D/IpClient/wlan0( 1083): interfaceLinkStateChanged: ifindex 16 up
06-30 14:32:38.787 W/libbinder.IPCThreadState(  690): Sending oneway calls to frozen process.
06-30 14:32:38.789 D/ConnectivityService(  690): NetReassign [no changes] [c 0] [a 1] [i 1]
06-30 14:32:38.790 I/NearbyMediums( 1317): Wifi changed new SSID: "AndroidWifi"
06-30 14:32:38.790 I/NearbyMediums( 1317): WifiLanConnectivityInfo is not changed, skip notify.
06-30 14:32:38.791 I/BugleRcsEngine( 3867): No RCS Configuration was found in Bugle for simID: redacted-pii:sim_id[chars:20,last3:897] [CONTEXT log_prefix="ProvisioningEngineDataRetriever" thread_id=69 ]
06-30 14:32:38.791 D/IpClient/wlan0( 1083): interfaceLinkStateChanged: ifindex 16 up
06-30 14:32:39.282 I/NearbySharing( 1317): Network state changed: NetworkState(isRestricted=false, isOnline=true, isCongested=false, isMetered=false, isWifiConnected=true)
06-30 14:32:39.542 D/SatelliteController( 1128): isInCarrierRoamingNbIotNtn: satellite is disabled
06-30 14:32:39.542 D/SatelliteController( 1128): getCarrierRoamingNtnConnectType: Checking connect type from PLMN config for subId: 1
06-30 14:32:39.542 D/TelephonyConfigUpdateInstallReceiver( 1128): getConfigParser: domain=satellite
06-30 14:32:39.542 V/SatelliteController( 1128): satelliteConfigParser is not ready
06-30 14:32:39.542 D/SatelliteController( 1128): isSatelliteAttachSupportedViaConfigupdater: return null (satelliteConfig is null)
06-30 14:32:39.544 D/SatelliteController( 1128): getSatellitePerPlmnConfiguration: invalid subId or not supported via carrier.
06-30 14:32:39.544 D/SatelliteController( 1128): getCarrierRoamingNtnConnectType: config: null
06-30 14:32:39.544 D/TelephonyConfigUpdateInstallReceiver( 1128): getConfigParser: domain=satellite
06-30 14:32:39.544 V/SatelliteController( 1128): satelliteConfigParser is not ready
06-30 14:32:39.544 D/SatelliteController( 1128): getCarrierRoamingNtnConnectTypeViaConfigUpdater: return null (satelliteConfig is null)
06-30 14:32:39.544 D/SatelliteController( 1128): getCarrierRoamingNtnConnectType: Falling back to global carrier config connect type: 0
06-30 14:32:39.544 D/TelephonyConfigUpdateInstallReceiver( 1128): getConfigParser: domain=satellite
06-30 14:32:39.544 V/SatelliteController( 1128): satelliteConfigParser is not ready
06-30 14:32:39.544 D/SatelliteController( 1128): isSatelliteAttachSupportedViaConfigupdater: return null (satelliteConfig is null)
06-30 14:32:39.545 D/SatelliteController( 1128): getCarrierRoamingNtnConnectType: Checking connect type from PLMN config for subId: 1
06-30 14:32:39.545 D/TelephonyConfigUpdateInstallReceiver( 1128): getConfigParser: domain=satellite
06-30 14:32:39.545 V/SatelliteController( 1128): satelliteConfigParser is not ready
06-30 14:32:39.545 D/SatelliteController( 1128): isSatelliteAttachSupportedViaConfigupdater: return null (satelliteConfig is null)
06-30 14:32:39.545 D/SatelliteController( 1128): getSatellitePerPlmnConfiguration: invalid subId or not supported via carrier.
06-30 14:32:39.545 D/SatelliteController( 1128): getCarrierRoamingNtnConnectType: config: null
06-30 14:32:39.545 D/TelephonyConfigUpdateInstallReceiver( 1128): getConfigParser: domain=satellite
06-30 14:32:39.545 V/SatelliteController( 1128): satelliteConfigParser is not ready
06-30 14:32:39.545 D/SatelliteController( 1128): getCarrierRoamingNtnConnectTypeViaConfigUpdater: return null (satelliteConfig is null)
06-30 14:32:39.545 D/SatelliteController( 1128): getCarrierRoamingNtnConnectType: Falling back to global carrier config connect type: 0
06-30 14:32:39.545 D/TelephonyConfigUpdateInstallReceiver( 1128): getConfigParser: domain=satellite
06-30 14:32:39.545 V/SatelliteController( 1128): satelliteConfigParser is not ready
06-30 14:32:39.545 D/SatelliteController( 1128): isSatelliteAttachSupportedViaConfigupdater: return null (satelliteConfig is null)
06-30 14:32:40.429 D/AppWidgetServiceImpl(  690): Trying to notify widget update for package com.aiquota.mobile with widget id: 22
06-30 14:32:40.437 W/JobInfo (24227): Requested important-while-foreground flag for job12 is ignored and takes no effect
06-30 14:32:40.443 D/AppWidgetServiceImpl(  690): Trying to notify widget update for package com.aiquota.mobile with widget id: 24
06-30 14:32:40.444 D/AppWidgetServiceImpl(  690): Trying to notify widget update for package com.aiquota.mobile with widget id: 20
06-30 14:32:40.445 D/AppWidgetServiceImpl(  690): Trying to notify widget update for package com.aiquota.mobile with widget id: 21
06-30 14:32:40.593 I/adbd    (  539): adbd service requested 'shell,v2,raw:dumpsys package com.google.android.gms'
06-30 14:32:40.644 W/AiAiEcho( 1592): LyftNotificationParser Ridesharing ETA not enabled
06-30 14:32:40.644 I/AiAiEcho( 1592): SmartspaceNotificationPredictor no parser can handle this notification or notification is invalid
06-30 14:32:40.689 I/system_server(  690): Background young concurrent mark compact GC freed 23MB AllocSpace bytes, 3(96KB) LOS objects, 36% free, 41MB/65MB, paused 4.579ms,26.928ms total 74.617ms
06-30 14:32:40.714 D/AppWidgetServiceImpl(  690): Trying to notify widget update for package com.aiquota.mobile with widget id: 17
06-30 14:32:40.734 D/ShortcutAndWidgetContainer( 2807): appWidgetScale - [x,y]: [1.0,1.0]
06-30 14:32:40.734 D/NavigableAppWidgetHostView( 2807): updateScale - [fitScale,bounceScale]: [1.0,1.0]
06-30 14:32:40.734 D/ShortcutAndWidgetContainer( 2807): appWidgetScale - [x,y]: [1.0,1.0]
06-30 14:32:40.734 D/NavigableAppWidgetHostView( 2807): updateScale - [fitScale,bounceScale]: [1.0,1.0]
06-30 14:32:40.734 D/ShortcutAndWidgetContainer( 2807): appWidgetScale - [x,y]: [1.0,1.0]
06-30 14:32:40.734 D/NavigableAppWidgetHostView( 2807): updateScale - [fitScale,bounceScale]: [1.0,1.0]
06-30 14:32:40.734 D/ShortcutAndWidgetContainer( 2807): appWidgetScale - [x,y]: [1.0,1.0]
06-30 14:32:40.734 D/NavigableAppWidgetHostView( 2807): updateScale - [fitScale,bounceScale]: [1.0,1.0]
06-30 14:32:40.742 W/System  (  981): A resource failed to call release. 
06-30 14:32:40.743 W/System  (  981): A resource failed to call release. 
06-30 14:32:40.760 W/skia    (  527): AGTM parsing failed flags.readFromStream(s) at 159
06-30 14:32:40.760 W/skia    (  527): AGTM parsing failed flags.readFromStream(s) at 159
06-30 14:32:40.784 I/artd    ( 3273): GetBestInfo: odex next to the dex file (/data/app/~~pUpe9D-hsv0lOCLmNQJGyA==/com.google.android.gms-a0e_AySruvvgbDhYG8Z6yQ==/oat/x86_64/base.odex) is kOatUpToDate with filter 'speed-profile' executable 'false'
06-30 14:32:40.790 I/artd    ( 3273): GetBestInfo: dm (/data/app/~~pUpe9D-hsv0lOCLmNQJGyA==/com.google.android.gms-a0e_AySruvvgbDhYG8Z6yQ==/split_AdsDynamite_installtime.dm) is kOatUpToDate with filter 'verify' executable 'false'
06-30 14:32:40.792 I/artd    ( 3273): GetBestInfo: odex next to the dex file (/data/app/~~pUpe9D-hsv0lOCLmNQJGyA==/com.google.android.gms-a0e_AySruvvgbDhYG8Z6yQ==/oat/x86_64/split_CronetDynamite_installtime.odex) is kOatUpToDate with filter 'speed-profile' executable 'false'
06-30 14:32:40.793 I/artd    ( 3273): GetBestInfo: dm (/data/app/~~pUpe9D-hsv0lOCLmNQJGyA==/com.google.android.gms-a0e_AySruvvgbDhYG8Z6yQ==/split_DynamiteLoader_installtime.dm) is kOatUpToDate with filter 'verify' executable 'false'
06-30 14:32:40.794 I/artd    ( 3273): GetBestInfo: dm (/data/app/~~pUpe9D-hsv0lOCLmNQJGyA==/com.google.android.gms-a0e_AySruvvgbDhYG8Z6yQ==/split_DynamiteModulesA_installtime.dm) is kOatUpToDate with filter 'verify' executable 'false'
06-30 14:32:40.795 I/artd    ( 3273): GetBestInfo: dm (/data/app/~~pUpe9D-hsv0lOCLmNQJGyA==/com.google.android.gms-a0e_AySruvvgbDhYG8Z6yQ==/split_DynamiteModulesC_installtime.dm) is kOatUpToDate with filter 'verify' executable 'false'
06-30 14:32:40.796 I/artd    ( 3273): GetBestInfo: dm (/data/app/~~pUpe9D-hsv0lOCLmNQJGyA==/com.google.android.gms-a0e_AySruvvgbDhYG8Z6yQ==/split_GoogleCertificates_installtime.dm) is kOatUpToDate with filter 'verify' executable 'false'
06-30 14:32:40.797 I/artd    ( 3273): GetBestInfo: dm (/data/app/~~pUpe9D-hsv0lOCLmNQJGyA==/com.google.android.gms-a0e_AySruvvgbDhYG8Z6yQ==/split_MapsDynamite_installtime.dm) is kOatUpToDate with filter 'verify' executable 'false'
06-30 14:32:40.799 I/artd    ( 3273): GetBestInfo: dm (/data/app/~~pUpe9D-hsv0lOCLmNQJGyA==/com.google.android.gms-a0e_AySruvvgbDhYG8Z6yQ==/split_MeasurementDynamite_installtime.dm) is kOatUpToDate with filter 'verify' executable 'false'
06-30 14:32:40.800 I/artd    ( 3273): GetBestInfo: /data/user_de/0/com.google.android.gms/app_chimera/m/0000000e/dl-IdentityCredentialsPlatform.optional_262031100800.apk has no usable artifacts
06-30 14:32:40.800 I/artd    ( 3273): GetBestInfo: /data/user_de/0/com.google.android.gms/app_chimera/m/00000001/CronetDynamite.apk has no usable artifacts
06-30 14:32:40.802 I/artd    ( 3273): GetBestInfo: /data/user_de/0/com.google.android.gms/app_chimera/m/00000013/dl-TfliteDynamiteDynamite.integ_252130102100800.apk has no usable artifacts
06-30 14:32:40.802 I/artd    ( 3273): GetBestInfo: /data/user_de/0/com.google.android.gms/app_chimera/m/00000002/DynamiteLoader.apk has no usable artifacts
06-30 14:32:40.804 I/artd    ( 3273): GetBestInfo: /data/user_de/0/com.google.android.gms/app_chimera/m/0000000c/dl-IdentityCredentialsPlatform.optional_261136100800.apk has no usable artifacts
06-30 14:32:40.804 I/artd    ( 3273): GetBestInfo: /data/user_de/0/com.google.android.gms/app_chimera/m/00000005/GoogleCertificates.apk has no usable artifacts
06-30 14:32:40.805 I/artd    ( 3273): GetBestInfo: /data/user_de/0/com.google.android.gms/app_chimera/m/0000000a/dl-TfliteDynamiteDynamite.integ_260580502100800.apk has no usable artifacts
06-30 14:32:40.806 I/artd    ( 3273): GetBestInfo: /data/user_de/0/com.google.android.gms/app_chimera/m/00000016/dl-PlayCloudSearch.optional_262031100000.apk has no usable artifacts
06-30 14:32:40.807 I/artd    ( 3273): GetBestInfo: /data/user_de/0/com.google.android.gms/app_chimera/m/00000014/dl-MlkitOcrCommon.optional_262031100800.apk has no usable artifacts
06-30 14:32:40.808 I/artd    ( 3273): GetBestInfo: /data/user_de/0/com.google.android.gms/app_chimera/m/00000008/dl-VisionOcr.optional_261136100000.apk has no usable artifacts
06-30 14:32:40.809 I/artd    ( 3273): GetBestInfo: /data/user_de/0/com.google.android.gms/app_chimera/m/00000010/dl-Appsearch.optional_262031100800.apk has no usable artifacts
06-30 14:32:40.811 I/artd    ( 3273): GetBestInfo: /data/user_de/0/com.google.android.gms/app_chimera/m/0000000b/dl-Appsearch.optional_261136100800.apk has no usable artifacts
06-30 14:32:40.815 I/artd    ( 3273): GetBestInfo: vdex next to the dex file (/data/user/0/com.google.android.gms/app_dg_cache/9BCBC14EE674B00B958D4B0C5B4BD883630AA39E/oat/x86_64/the.vdex) is kOatUpToDate with filter 'verify' executable 'false'
06-30 14:32:40.817 I/artd    ( 3273): GetBestInfo: /data/user_de/0/com.google.android.gms/app_chimera/m/00000009/dl-MlkitOcrCommon.optional_261136100800.apk has no usable artifacts
06-30 14:32:40.818 I/artd    ( 3273): GetBestInfo: /data/user/0/com.google.android.gms/app_dg_cache/22DA9D7AD8ED7504E0CAC64C41ECDBD7068924E0/the.apk has no usable artifacts
06-30 14:32:40.820 I/artd    ( 3273): GetBestInfo: vdex next to the dex file (/data/user/0/com.google.android.gms/app_dg_cache/FEE57AEA14526BE59FD8AB1365237E7B7A5CE7CB/oat/x86_64/the.vdex) is kOatUpToDate with filter 'verify' executable 'false'
06-30 14:32:40.821 I/artd    ( 3273): GetBestInfo: vdex next to the dex file (/data/user/0/com.google.android.gms/app_dg_cache/1C62BDE86218FBAA50DF06C4A79F5C3FE74B69EC/oat/x86_64/the.vdex) is kOatUpToDate with filter 'verify' executable 'false'
06-30 14:32:40.823 I/artd    ( 3273): GetBestInfo: /data/user_de/0/com.google.android.gms/app_chimera/m/0000000f/dl-VisionOcr.optional_262031100000.apk has no usable artifacts
06-30 14:32:40.824 I/artd    ( 3273): GetBestInfo: /data/user_de/0/com.google.android.gms/app_chimera/m/00000015/dl-MlkitBarcodeUi.optional_262031100800.apk has no usable artifacts
06-30 14:32:40.825 I/artd    ( 3273): GetBestInfo: /data/user_de/0/com.google.android.gms/app_chimera/m/00000007/MeasurementDynamite.apk has no usable artifacts
06-30 14:32:40.879 W/skia    (  527): AGTM parsing failed flags.readFromStream(s) at 159
06-30 14:32:40.879 W/skia    (  527): AGTM parsing failed flags.readFromStream(s) at 159
06-30 14:32:40.980 W/skia    (  527): AGTM parsing failed flags.readFromStream(s) at 159
06-30 14:32:40.980 W/skia    (  527): AGTM parsing failed flags.readFromStream(s) at 159
06-30 14:32:41.783 I/AdbWifiNetworkMonitor(  690): Wi-Fi network available
06-30 14:32:41.783 I/AdbWifiNetworkMonitor(  690): Received the same Wi-Fi SSID. Ignoring.
06-30 14:32:41.786 I/HalDevMgr(  690): bestIfaceCreationProposal is null, requestIface=STA, existingIface=[name=wlan0 type=STA]
06-30 14:32:41.787 D/WM-WorkConstraintsTrack( 2923): NetworkRequestConstraintController onCapabilitiesChanged callback
06-30 14:32:41.789 I/NullBinder( 1317): NullBinder for android.net.action.RECOMMEND_NETWORKS triggering remote TransactionTooLargeException due to Service without Chimera impl, calling uid: 1000, calling pid: 0
06-30 14:32:41.789 W/libbinder.Binder( 1317): Large reply transaction of 1056768 bytes, interface descriptor , function: UNKNOWN_FUNCTION_NAME, code: 1, flags: 17
06-30 14:32:41.789 D/WM-WorkConstraintsTrack( 3977): NetworkRequestConstraintController onCapabilitiesChanged callback
06-30 14:32:41.790 W/libbinder.IPCThreadState(  690): Sending oneway calls to frozen process.
06-30 14:32:41.790 W/libbinder.IPCThreadState(  690): Sending oneway calls to frozen process.
06-30 14:32:41.791 I/BugleRcsEngine( 3867): Connected state: [1], networkType: [WIFI] [CONTEXT thread_id=65 ]
06-30 14:32:41.791 I/BugleRcsEngine( 3867): handleMessage processing message:[NOTIFY_UPTIME_IGNORE_STATE_CHANGED] with [non-null]:RcsEngineImpl reference [CONTEXT log_prefix="RcsEngineImpl[DUAL_REG]:[390448b9-d26f]>Handler" thread_id=69 ]
06-30 14:32:41.791 W/libbinder.IPCThreadState(  690): Sending oneway calls to frozen process.
06-30 14:32:41.791 W/libbinder.IPCThreadState(  690): Sending oneway calls to frozen process.
06-30 14:32:41.791 W/libbinder.IPCThreadState(  690): Sending oneway calls to frozen process.
06-30 14:32:41.791 W/libbinder.IPCThreadState(  690): Sending oneway calls to frozen process.
06-30 14:32:41.793 W/libbinder.IPCThreadState(  690): Sending oneway calls to frozen process.
06-30 14:32:41.794 W/libbinder.IPCThreadState(  690): Sending oneway calls to frozen process.
06-30 14:32:41.795 W/libbinder.IPCThreadState(  690): Sending oneway calls to frozen process.
06-30 14:32:41.796 I/BugleRcsEngine( 3867): No RCS Configuration was found in Bugle for simID: redacted-pii:sim_id[chars:20,last3:897] [CONTEXT log_prefix="ProvisioningEngineDataRetriever" thread_id=69 ]
06-30 14:32:41.798 D/ConnectivityService(  690): NetReassign [no changes] [c 0] [a 1] [i 1]
06-30 14:32:41.798 I/NearbyMediums( 1317): Wifi changed new SSID: "AndroidWifi"
06-30 14:32:41.798 I/NearbyMediums( 1317): WifiLanConnectivityInfo is not changed, skip notify.
06-30 14:32:42.289 I/NearbySharing( 1317): Network state changed: NetworkState(isRestricted=false, isOnline=true, isCongested=false, isMetered=false, isWifiConnected=true)
06-30 14:32:42.934 I/wpa_supplicant(  961): wlan0: CTRL-EVENT-BEACON-LOSS 
06-30 14:32:44.792 I/AdbWifiNetworkMonitor(  690): Wi-Fi network available
06-30 14:32:44.792 I/AdbWifiNetworkMonitor(  690): Received the same Wi-Fi SSID. Ignoring.
06-30 14:32:44.794 I/HalDevMgr(  690): bestIfaceCreationProposal is null, requestIface=STA, existingIface=[name=wlan0 type=STA]
06-30 14:32:44.795 D/WM-WorkConstraintsTrack( 2923): NetworkRequestConstraintController onCapabilitiesChanged callback
06-30 14:32:44.797 I/BugleRcsEngine( 3867): handleMessage processing message:[NOTIFY_UPTIME_IGNORE_STATE_CHANGED] with [non-null]:RcsEngineImpl reference [CONTEXT log_prefix="RcsEngineImpl[DUAL_REG]:[390448b9-d26f]>Handler" thread_id=69 ]
06-30 14:32:44.798 I/BugleRcsEngine( 3867): Connected state: [1], networkType: [WIFI] [CONTEXT thread_id=65 ]
06-30 14:32:44.799 D/WM-WorkConstraintsTrack( 3977): NetworkRequestConstraintController onCapabilitiesChanged callback
06-30 14:32:44.799 W/libbinder.IPCThreadState(  690): Sending oneway calls to frozen process.
06-30 14:32:44.799 W/libbinder.IPCThreadState(  690): Sending oneway calls to frozen process.
06-30 14:32:44.802 W/libbinder.IPCThreadState(  690): Sending oneway calls to frozen process.
06-30 14:32:44.802 D/IpClient/wlan0( 1083): interfaceLinkStateChanged: ifindex 16 up
06-30 14:32:44.802 W/libbinder.IPCThreadState(  690): Sending oneway calls to frozen process.
06-30 14:32:44.802 W/libbinder.IPCThreadState(  690): Sending oneway calls to frozen process.
06-30 14:32:44.802 W/libbinder.IPCThreadState(  690): Sending oneway calls to frozen process.
06-30 14:32:44.803 W/libbinder.IPCThreadState(  690): Sending oneway calls to frozen process.
06-30 14:32:44.803 I/BugleRcsEngine( 3867): No RCS Configuration was found in Bugle for simID: redacted-pii:sim_id[chars:20,last3:897] [CONTEXT log_prefix="ProvisioningEngineDataRetriever" thread_id=69 ]
06-30 14:32:44.803 W/libbinder.IPCThreadState(  690): Sending oneway calls to frozen process.
06-30 14:32:44.803 I/NullBinder( 1317): NullBinder for android.net.action.RECOMMEND_NETWORKS triggering remote TransactionTooLargeException due to Service without Chimera impl, calling uid: 1000, calling pid: 0
06-30 14:32:44.804 W/libbinder.Binder( 1317): Large reply transaction of 1056768 bytes, interface descriptor , function: UNKNOWN_FUNCTION_NAME, code: 1, flags: 17
06-30 14:32:44.804 W/libbinder.IPCThreadState(  690): Sending oneway calls to frozen process.
06-30 14:32:44.807 D/ConnectivityService(  690): NetReassign [no changes] [c 1] [a 1] [i 0]
06-30 14:32:44.807 I/NearbyMediums( 1317): Wifi changed new SSID: "AndroidWifi"
06-30 14:32:44.807 I/NearbyMediums( 1317): WifiLanConnectivityInfo is not changed, skip notify.
06-30 14:32:44.810 D/IpClient/wlan0( 1083): interfaceLinkStateChanged: ifindex 16 up
06-30 14:32:45.298 I/NearbySharing( 1317): Network state changed: NetworkState(isRestricted=false, isOnline=true, isCongested=false, isMetered=false, isWifiConnected=true)
06-30 14:32:47.801 I/AdbWifiNetworkMonitor(  690): Wi-Fi network available
06-30 14:32:47.802 I/AdbWifiNetworkMonitor(  690): Received the same Wi-Fi SSID. Ignoring.
06-30 14:32:47.805 I/HalDevMgr(  690): bestIfaceCreationProposal is null, requestIface=STA, existingIface=[name=wlan0 type=STA]
06-30 14:32:47.806 D/WM-WorkConstraintsTrack( 2923): NetworkRequestConstraintController onCapabilitiesChanged callback
06-30 14:32:47.807 W/libbinder.IPCThreadState(  690): Sending oneway calls to frozen process.
06-30 14:32:47.807 W/libbinder.IPCThreadState(  690): Sending oneway calls to frozen process.
06-30 14:32:47.807 D/WM-WorkConstraintsTrack( 3977): NetworkRequestConstraintController onCapabilitiesChanged callback
06-30 14:32:47.809 I/BugleRcsEngine( 3867): handleMessage processing message:[NOTIFY_UPTIME_IGNORE_STATE_CHANGED] with [non-null]:RcsEngineImpl reference [CONTEXT log_prefix="RcsEngineImpl[DUAL_REG]:[390448b9-d26f]>Handler" thread_id=69 ]
06-30 14:32:47.809 W/libbinder.IPCThreadState(  690): Sending oneway calls to frozen process.
06-30 14:32:47.809 W/libbinder.IPCThreadState(  690): Sending oneway calls to frozen process.
06-30 14:32:47.809 W/libbinder.IPCThreadState(  690): Sending oneway calls to frozen process.
06-30 14:32:47.809 W/libbinder.IPCThreadState(  690): Sending oneway calls to frozen process.
06-30 14:32:47.810 I/BugleRcsEngine( 3867): Connected state: [1], networkType: [WIFI] [CONTEXT thread_id=65 ]
06-30 14:32:47.811 W/libbinder.IPCThreadState(  690): Sending oneway calls to frozen process.
06-30 14:32:47.812 W/libbinder.IPCThreadState(  690): Sending oneway calls to frozen process.
06-30 14:32:47.812 I/NullBinder( 1317): NullBinder for android.net.action.RECOMMEND_NETWORKS triggering remote TransactionTooLargeException due to Service without Chimera impl, calling uid: 1000, calling pid: 0
06-30 14:32:47.812 W/libbinder.Binder( 1317): Large reply transaction of 1056768 bytes, interface descriptor , function: UNKNOWN_FUNCTION_NAME, code: 1, flags: 17
06-30 14:32:47.813 W/libbinder.IPCThreadState(  690): Sending oneway calls to frozen process.
06-30 14:32:47.816 D/ConnectivityService(  690): NetReassign [no changes] [c 0] [a 2] [i 0]
06-30 14:32:47.817 I/NearbyMediums( 1317): Wifi changed new SSID: "AndroidWifi"
06-30 14:32:47.817 I/NearbyMediums( 1317): WifiLanConnectivityInfo is not changed, skip notify.
06-30 14:32:47.818 I/BugleRcsEngine( 3867): No RCS Configuration was found in Bugle for simID: redacted-pii:sim_id[chars:20,last3:897] [CONTEXT log_prefix="ProvisioningEngineDataRetriever" thread_id=69 ]
06-30 14:32:48.312 I/NearbySharing( 1317): Network state changed: NetworkState(isRestricted=false, isOnline=true, isCongested=false, isMetered=false, isWifiConnected=true)
06-30 14:32:48.715 I/keystore2(  331): system/security/keystore2/watchdog/src/lib.rs:371 - Watchdog thread idle -> terminating. Have a great day.
06-30 14:32:49.542 D/SatelliteController( 1128): isInCarrierRoamingNbIotNtn: satellite is disabled
06-30 14:32:49.542 D/SatelliteController( 1128): getCarrierRoamingNtnConnectType: Checking connect type from PLMN config for subId: 1
06-30 14:32:49.542 D/TelephonyConfigUpdateInstallReceiver( 1128): getConfigParser: domain=satellite
06-30 14:32:49.542 V/SatelliteController( 1128): satelliteConfigParser is not ready
06-30 14:32:49.542 D/SatelliteController( 1128): isSatelliteAttachSupportedViaConfigupdater: return null (satelliteConfig is null)
06-30 14:32:49.542 D/SatelliteController( 1128): getSatellitePerPlmnConfiguration: invalid subId or not supported via carrier.
06-30 14:32:49.543 D/SatelliteController( 1128): getCarrierRoamingNtnConnectType: config: null
06-30 14:32:49.543 D/TelephonyConfigUpdateInstallReceiver( 1128): getConfigParser: domain=satellite
06-30 14:32:49.543 V/SatelliteController( 1128): satelliteConfigParser is not ready
06-30 14:32:49.543 D/SatelliteController( 1128): getCarrierRoamingNtnConnectTypeViaConfigUpdater: return null (satelliteConfig is null)
06-30 14:32:49.543 D/SatelliteController( 1128): getCarrierRoamingNtnConnectType: Falling back to global carrier config connect type: 0
06-30 14:32:49.543 D/TelephonyConfigUpdateInstallReceiver( 1128): getConfigParser: domain=satellite
06-30 14:32:49.543 V/SatelliteController( 1128): satelliteConfigParser is not ready
06-30 14:32:49.543 D/SatelliteController( 1128): isSatelliteAttachSupportedViaConfigupdater: return null (satelliteConfig is null)
06-30 14:32:49.543 D/SatelliteController( 1128): getCarrierRoamingNtnConnectType: Checking connect type from PLMN config for subId: 1
06-30 14:32:49.543 D/TelephonyConfigUpdateInstallReceiver( 1128): getConfigParser: domain=satellite
06-30 14:32:49.543 V/SatelliteController( 1128): satelliteConfigParser is not ready
06-30 14:32:49.543 D/SatelliteController( 1128): isSatelliteAttachSupportedViaConfigupdater: return null (satelliteConfig is null)
06-30 14:32:49.543 D/SatelliteController( 1128): getSatellitePerPlmnConfiguration: invalid subId or not supported via carrier.
06-30 14:32:49.543 D/SatelliteController( 1128): getCarrierRoamingNtnConnectType: config: null
06-30 14:32:49.543 D/TelephonyConfigUpdateInstallReceiver( 1128): getConfigParser: domain=satellite
06-30 14:32:49.543 V/SatelliteController( 1128): satelliteConfigParser is not ready
06-30 14:32:49.543 D/SatelliteController( 1128): getCarrierRoamingNtnConnectTypeViaConfigUpdater: return null (satelliteConfig is null)
06-30 14:32:49.544 D/SatelliteController( 1128): getCarrierRoamingNtnConnectType: Falling back to global carrier config connect type: 0
06-30 14:32:49.544 D/TelephonyConfigUpdateInstallReceiver( 1128): getConfigParser: domain=satellite
06-30 14:32:49.544 V/SatelliteController( 1128): satelliteConfigParser is not ready
06-30 14:32:49.544 D/SatelliteController( 1128): isSatelliteAttachSupportedViaConfigupdater: return null (satelliteConfig is null)
06-30 14:32:49.572 W/skia    (  527): AGTM parsing failed flags.readFromStream(s) at 159
06-30 14:32:49.573 W/skia    (  527): AGTM parsing failed flags.readFromStream(s) at 159
06-30 14:32:50.579 I/adbd    (  539): adbd service requested 'shell,v2,raw:dumpsys package com.google.android.gms'
06-30 14:32:50.735 I/artd    ( 3273): GetBestInfo: odex next to the dex file (/data/app/~~pUpe9D-hsv0lOCLmNQJGyA==/com.google.android.gms-a0e_AySruvvgbDhYG8Z6yQ==/oat/x86_64/base.odex) is kOatUpToDate with filter 'speed-profile' executable 'false'
06-30 14:32:50.736 I/artd    ( 3273): GetBestInfo: dm (/data/app/~~pUpe9D-hsv0lOCLmNQJGyA==/com.google.android.gms-a0e_AySruvvgbDhYG8Z6yQ==/split_AdsDynamite_installtime.dm) is kOatUpToDate with filter 'verify' executable 'false'
06-30 14:32:50.737 I/artd    ( 3273): GetBestInfo: odex next to the dex file (/data/app/~~pUpe9D-hsv0lOCLmNQJGyA==/com.google.android.gms-a0e_AySruvvgbDhYG8Z6yQ==/oat/x86_64/split_CronetDynamite_installtime.odex) is kOatUpToDate with filter 'speed-profile' executable 'false'
06-30 14:32:50.739 I/artd    ( 3273): GetBestInfo: dm (/data/app/~~pUpe9D-hsv0lOCLmNQJGyA==/com.google.android.gms-a0e_AySruvvgbDhYG8Z6yQ==/split_DynamiteLoader_installtime.dm) is kOatUpToDate with filter 'verify' executable 'false'
06-30 14:32:50.740 I/artd    ( 3273): GetBestInfo: dm (/data/app/~~pUpe9D-hsv0lOCLmNQJGyA==/com.google.android.gms-a0e_AySruvvgbDhYG8Z6yQ==/split_DynamiteModulesA_installtime.dm) is kOatUpToDate with filter 'verify' executable 'false'
06-30 14:32:50.741 I/artd    ( 3273): GetBestInfo: dm (/data/app/~~pUpe9D-hsv0lOCLmNQJGyA==/com.google.android.gms-a0e_AySruvvgbDhYG8Z6yQ==/split_DynamiteModulesC_installtime.dm) is kOatUpToDate with filter 'verify' executable 'false'
06-30 14:32:50.742 I/artd    ( 3273): GetBestInfo: dm (/data/app/~~pUpe9D-hsv0lOCLmNQJGyA==/com.google.android.gms-a0e_AySruvvgbDhYG8Z6yQ==/split_GoogleCertificates_installtime.dm) is kOatUpToDate with filter 'verify' executable 'false'
06-30 14:32:50.743 I/artd    ( 3273): GetBestInfo: dm (/data/app/~~pUpe9D-hsv0lOCLmNQJGyA==/com.google.android.gms-a0e_AySruvvgbDhYG8Z6yQ==/split_MapsDynamite_installtime.dm) is kOatUpToDate with filter 'verify' executable 'false'
06-30 14:32:50.744 I/artd    ( 3273): GetBestInfo: dm (/data/app/~~pUpe9D-hsv0lOCLmNQJGyA==/com.google.android.gms-a0e_AySruvvgbDhYG8Z6yQ==/split_MeasurementDynamite_installtime.dm) is kOatUpToDate with filter 'verify' executable 'false'
06-30 14:32:50.745 I/artd    ( 3273): GetBestInfo: /data/user_de/0/com.google.android.gms/app_chimera/m/0000000e/dl-IdentityCredentialsPlatform.optional_262031100800.apk has no usable artifacts
06-30 14:32:50.746 I/artd    ( 3273): GetBestInfo: /data/user_de/0/com.google.android.gms/app_chimera/m/00000001/CronetDynamite.apk has no usable artifacts
06-30 14:32:50.747 I/artd    ( 3273): GetBestInfo: /data/user_de/0/com.google.android.gms/app_chimera/m/00000013/dl-TfliteDynamiteDynamite.integ_252130102100800.apk has no usable artifacts
06-30 14:32:50.747 I/artd    ( 3273): GetBestInfo: /data/user_de/0/com.google.android.gms/app_chimera/m/00000002/DynamiteLoader.apk has no usable artifacts
06-30 14:32:50.749 I/artd    ( 3273): GetBestInfo: /data/user_de/0/com.google.android.gms/app_chimera/m/0000000c/dl-IdentityCredentialsPlatform.optional_261136100800.apk has no usable artifacts
06-30 14:32:50.749 I/artd    ( 3273): GetBestInfo: /data/user_de/0/com.google.android.gms/app_chimera/m/00000005/GoogleCertificates.apk has no usable artifacts
06-30 14:32:50.750 I/artd    ( 3273): GetBestInfo: /data/user_de/0/com.google.android.gms/app_chimera/m/0000000a/dl-TfliteDynamiteDynamite.integ_260580502100800.apk has no usable artifacts
06-30 14:32:50.751 I/artd    ( 3273): GetBestInfo: /data/user_de/0/com.google.android.gms/app_chimera/m/00000016/dl-PlayCloudSearch.optional_262031100000.apk has no usable artifacts
06-30 14:32:50.753 I/artd    ( 3273): GetBestInfo: /data/user_de/0/com.google.android.gms/app_chimera/m/00000014/dl-MlkitOcrCommon.optional_262031100800.apk has no usable artifacts
06-30 14:32:50.755 I/artd    ( 3273): GetBestInfo: /data/user_de/0/com.google.android.gms/app_chimera/m/00000008/dl-VisionOcr.optional_261136100000.apk has no usable artifacts
06-30 14:32:50.756 I/artd    ( 3273): GetBestInfo: /data/user_de/0/com.google.android.gms/app_chimera/m/00000010/dl-Appsearch.optional_262031100800.apk has no usable artifacts
06-30 14:32:50.758 I/artd    ( 3273): GetBestInfo: /data/user_de/0/com.google.android.gms/app_chimera/m/0000000b/dl-Appsearch.optional_261136100800.apk has no usable artifacts
06-30 14:32:50.759 I/artd    ( 3273): GetBestInfo: vdex next to the dex file (/data/user/0/com.google.android.gms/app_dg_cache/9BCBC14EE674B00B958D4B0C5B4BD883630AA39E/oat/x86_64/the.vdex) is kOatUpToDate with filter 'verify' executable 'false'
06-30 14:32:50.760 I/artd    ( 3273): GetBestInfo: /data/user_de/0/com.google.android.gms/app_chimera/m/00000009/dl-MlkitOcrCommon.optional_261136100800.apk has no usable artifacts
06-30 14:32:50.761 I/artd    ( 3273): GetBestInfo: /data/user/0/com.google.android.gms/app_dg_cache/22DA9D7AD8ED7504E0CAC64C41ECDBD7068924E0/the.apk has no usable artifacts
06-30 14:32:50.762 I/artd    ( 3273): GetBestInfo: vdex next to the dex file (/data/user/0/com.google.android.gms/app_dg_cache/FEE57AEA14526BE59FD8AB1365237E7B7A5CE7CB/oat/x86_64/the.vdex) is kOatUpToDate with filter 'verify' executable 'false'
06-30 14:32:50.764 I/artd    ( 3273): GetBestInfo: vdex next to the dex file (/data/user/0/com.google.android.gms/app_dg_cache/1C62BDE86218FBAA50DF06C4A79F5C3FE74B69EC/oat/x86_64/the.vdex) is kOatUpToDate with filter 'verify' executable 'false'
06-30 14:32:50.765 I/artd    ( 3273): GetBestInfo: /data/user_de/0/com.google.android.gms/app_chimera/m/0000000f/dl-VisionOcr.optional_262031100000.apk has no usable artifacts
06-30 14:32:50.766 I/artd    ( 3273): GetBestInfo: /data/user_de/0/com.google.android.gms/app_chimera/m/00000015/dl-MlkitBarcodeUi.optional_262031100800.apk has no usable artifacts
06-30 14:32:50.767 I/artd    ( 3273): GetBestInfo: /data/user_de/0/com.google.android.gms/app_chimera/m/00000007/MeasurementDynamite.apk has no usable artifacts
06-30 14:32:50.812 I/AdbWifiNetworkMonitor(  690): Wi-Fi network available
06-30 14:32:50.813 I/AdbWifiNetworkMonitor(  690): Received the same Wi-Fi SSID. Ignoring.
06-30 14:32:50.813 I/HalDevMgr(  690): bestIfaceCreationProposal is null, requestIface=STA, existingIface=[name=wlan0 type=STA]
06-30 14:32:50.818 D/WM-WorkConstraintsTrack( 2923): NetworkRequestConstraintController onCapabilitiesChanged callback
06-30 14:32:50.819 W/libbinder.IPCThreadState(  690): Sending oneway calls to frozen process.
06-30 14:32:50.820 W/libbinder.IPCThreadState(  690): Sending oneway calls to frozen process.
06-30 14:32:50.820 I/BugleRcsEngine( 3867): Connected state: [1], networkType: [WIFI] [CONTEXT thread_id=65 ]
06-30 14:32:50.820 D/WM-WorkConstraintsTrack( 3977): NetworkRequestConstraintController onCapabilitiesChanged callback
06-30 14:32:50.822 I/BugleRcsEngine( 3867): handleMessage processing message:[NOTIFY_UPTIME_IGNORE_STATE_CHANGED] with [non-null]:RcsEngineImpl reference [CONTEXT log_prefix="RcsEngineImpl[DUAL_REG]:[390448b9-d26f]>Handler" thread_id=69 ]
06-30 14:32:50.822 W/libbinder.IPCThreadState(  690): Sending oneway calls to frozen process.
06-30 14:32:50.822 W/libbinder.IPCThreadState(  690): Sending oneway calls to frozen process.
06-30 14:32:50.822 W/libbinder.IPCThreadState(  690): Sending oneway calls to frozen process.
06-30 14:32:50.823 W/libbinder.IPCThreadState(  690): Sending oneway calls to frozen process.
06-30 14:32:50.823 D/IpClient/wlan0( 1083): interfaceLinkStateChanged: ifindex 16 up
06-30 14:32:50.823 W/libbinder.IPCThreadState(  690): Sending oneway calls to frozen process.
06-30 14:32:50.824 I/NullBinder( 1317): NullBinder for android.net.action.RECOMMEND_NETWORKS triggering remote TransactionTooLargeException due to Service without Chimera impl, calling uid: 1000, calling pid: 0
06-30 14:32:50.824 W/libbinder.Binder( 1317): Large reply transaction of 1056768 bytes, interface descriptor , function: UNKNOWN_FUNCTION_NAME, code: 1, flags: 17
06-30 14:32:50.824 W/libbinder.IPCThreadState(  690): Sending oneway calls to frozen process.
06-30 14:32:50.826 W/libbinder.IPCThreadState(  690): Sending oneway calls to frozen process.
06-30 14:32:50.828 I/BugleRcsEngine( 3867): No RCS Configuration was found in Bugle for simID: redacted-pii:sim_id[chars:20,last3:897] [CONTEXT log_prefix="ProvisioningEngineDataRetriever" thread_id=69 ]
06-30 14:32:50.828 D/IpClient/wlan0( 1083): interfaceLinkStateChanged: ifindex 16 up
06-30 14:32:50.829 D/IpClient/wlan0( 1083): interfaceLinkStateChanged: ifindex 16 up
06-30 14:32:50.829 I/NearbyMediums( 1317): Wifi changed new SSID: "AndroidWifi"
06-30 14:32:50.829 I/NearbyMediums( 1317): WifiLanConnectivityInfo is not changed, skip notify.
06-30 14:32:50.829 D/ConnectivityService(  690): NetReassign [no changes] [c 0] [a 2] [i 0]
06-30 14:32:51.125 I/wpa_supplicant(  961): wlan0: CTRL-EVENT-BEACON-LOSS 
06-30 14:32:51.322 I/NearbySharing( 1317): Network state changed: NetworkState(isRestricted=false, isOnline=true, isCongested=false, isMetered=false, isWifiConnected=true)
06-30 14:32:53.819 I/HalDevMgr(  690): bestIfaceCreationProposal is null, requestIface=STA, existingIface=[name=wlan0 type=STA]
06-30 14:32:54.426 D/AppOpHistoryHelper(  690): MetricHandler reporting 10 records.
06-30 14:32:56.827 I/HalDevMgr(  690): bestIfaceCreationProposal is null, requestIface=STA, existingIface=[name=wlan0 type=STA]
06-30 14:32:59.062 I/wpa_supplicant(  961): wlan0: CTRL-EVENT-BEACON-LOSS 
06-30 14:32:59.542 D/SatelliteController( 1128): isInCarrierRoamingNbIotNtn: satellite is disabled
06-30 14:32:59.542 D/SatelliteController( 1128): getCarrierRoamingNtnConnectType: Checking connect type from PLMN config for subId: 1
06-30 14:32:59.542 D/TelephonyConfigUpdateInstallReceiver( 1128): getConfigParser: domain=satellite
06-30 14:32:59.542 V/SatelliteController( 1128): satelliteConfigParser is not ready
06-30 14:32:59.542 D/SatelliteController( 1128): isSatelliteAttachSupportedViaConfigupdater: return null (satelliteConfig is null)
06-30 14:32:59.543 D/SatelliteController( 1128): getSatellitePerPlmnConfiguration: invalid subId or not supported via carrier.
06-30 14:32:59.543 D/SatelliteController( 1128): getCarrierRoamingNtnConnectType: config: null
06-30 14:32:59.543 D/TelephonyConfigUpdateInstallReceiver( 1128): getConfigParser: domain=satellite
06-30 14:32:59.543 V/SatelliteController( 1128): satelliteConfigParser is not ready
06-30 14:32:59.543 D/SatelliteController( 1128): getCarrierRoamingNtnConnectTypeViaConfigUpdater: return null (satelliteConfig is null)
06-30 14:32:59.543 D/SatelliteController( 1128): getCarrierRoamingNtnConnectType: Falling back to global carrier config connect type: 0
06-30 14:32:59.543 D/TelephonyConfigUpdateInstallReceiver( 1128): getConfigParser: domain=satellite
06-30 14:32:59.544 V/SatelliteController( 1128): satelliteConfigParser is not ready
06-30 14:32:59.544 D/SatelliteController( 1128): isSatelliteAttachSupportedViaConfigupdater: return null (satelliteConfig is null)
06-30 14:32:59.544 D/SatelliteController( 1128): getCarrierRoamingNtnConnectType: Checking connect type from PLMN config for subId: 1
06-30 14:32:59.544 D/TelephonyConfigUpdateInstallReceiver( 1128): getConfigParser: domain=satellite
06-30 14:32:59.544 V/SatelliteController( 1128): satelliteConfigParser is not ready
06-30 14:32:59.544 D/SatelliteController( 1128): isSatelliteAttachSupportedViaConfigupdater: return null (satelliteConfig is null)
06-30 14:32:59.544 D/SatelliteController( 1128): getSatellitePerPlmnConfiguration: invalid subId or not supported via carrier.
06-30 14:32:59.545 D/SatelliteController( 1128): getCarrierRoamingNtnConnectType: config: null
06-30 14:32:59.545 D/TelephonyConfigUpdateInstallReceiver( 1128): getConfigParser: domain=satellite
06-30 14:32:59.545 V/SatelliteController( 1128): satelliteConfigParser is not ready
06-30 14:32:59.545 D/SatelliteController( 1128): getCarrierRoamingNtnConnectTypeViaConfigUpdater: return null (satelliteConfig is null)
06-30 14:32:59.545 D/SatelliteController( 1128): getCarrierRoamingNtnConnectType: Falling back to global carrier config connect type: 0
06-30 14:32:59.545 D/TelephonyConfigUpdateInstallReceiver( 1128): getConfigParser: domain=satellite
06-30 14:32:59.545 V/SatelliteController( 1128): satelliteConfigParser is not ready
06-30 14:32:59.545 D/SatelliteController( 1128): isSatelliteAttachSupportedViaConfigupdater: return null (satelliteConfig is null)
06-30 14:32:59.830 I/HalDevMgr(  690): bestIfaceCreationProposal is null, requestIface=STA, existingIface=[name=wlan0 type=STA]
06-30 14:33:00.061 W/skia    (  527): AGTM parsing failed flags.readFromStream(s) at 159
06-30 14:33:00.061 W/skia    (  527): AGTM parsing failed flags.readFromStream(s) at 159
06-30 14:33:00.581 I/adbd    (  539): adbd service requested 'shell,v2,raw:dumpsys package com.google.android.gms'
06-30 14:33:00.717 I/artd    ( 3273): GetBestInfo: odex next to the dex file (/data/app/~~pUpe9D-hsv0lOCLmNQJGyA==/com.google.android.gms-a0e_AySruvvgbDhYG8Z6yQ==/oat/x86_64/base.odex) is kOatUpToDate with filter 'speed-profile' executable 'false'
06-30 14:33:00.718 I/artd    ( 3273): GetBestInfo: dm (/data/app/~~pUpe9D-hsv0lOCLmNQJGyA==/com.google.android.gms-a0e_AySruvvgbDhYG8Z6yQ==/split_AdsDynamite_installtime.dm) is kOatUpToDate with filter 'verify' executable 'false'
06-30 14:33:00.719 I/artd    ( 3273): GetBestInfo: odex next to the dex file (/data/app/~~pUpe9D-hsv0lOCLmNQJGyA==/com.google.android.gms-a0e_AySruvvgbDhYG8Z6yQ==/oat/x86_64/split_CronetDynamite_installtime.odex) is kOatUpToDate with filter 'speed-profile' executable 'false'
06-30 14:33:00.720 I/artd    ( 3273): GetBestInfo: dm (/data/app/~~pUpe9D-hsv0lOCLmNQJGyA==/com.google.android.gms-a0e_AySruvvgbDhYG8Z6yQ==/split_DynamiteLoader_installtime.dm) is kOatUpToDate with filter 'verify' executable 'false'
06-30 14:33:00.722 I/artd    ( 3273): GetBestInfo: dm (/data/app/~~pUpe9D-hsv0lOCLmNQJGyA==/com.google.android.gms-a0e_AySruvvgbDhYG8Z6yQ==/split_DynamiteModulesA_installtime.dm) is kOatUpToDate with filter 'verify' executable 'false'
06-30 14:33:00.723 I/artd    ( 3273): GetBestInfo: dm (/data/app/~~pUpe9D-hsv0lOCLmNQJGyA==/com.google.android.gms-a0e_AySruvvgbDhYG8Z6yQ==/split_DynamiteModulesC_installtime.dm) is kOatUpToDate with filter 'verify' executable 'false'
06-30 14:33:00.724 I/artd    ( 3273): GetBestInfo: dm (/data/app/~~pUpe9D-hsv0lOCLmNQJGyA==/com.google.android.gms-a0e_AySruvvgbDhYG8Z6yQ==/split_GoogleCertificates_installtime.dm) is kOatUpToDate with filter 'verify' executable 'false'
06-30 14:33:00.725 I/artd    ( 3273): GetBestInfo: dm (/data/app/~~pUpe9D-hsv0lOCLmNQJGyA==/com.google.android.gms-a0e_AySruvvgbDhYG8Z6yQ==/split_MapsDynamite_installtime.dm) is kOatUpToDate with filter 'verify' executable 'false'
06-30 14:33:00.727 I/artd    ( 3273): GetBestInfo: dm (/data/app/~~pUpe9D-hsv0lOCLmNQJGyA==/com.google.android.gms-a0e_AySruvvgbDhYG8Z6yQ==/split_MeasurementDynamite_installtime.dm) is kOatUpToDate with filter 'verify' executable 'false'
06-30 14:33:00.729 I/artd    ( 3273): GetBestInfo: /data/user_de/0/com.google.android.gms/app_chimera/m/0000000e/dl-IdentityCredentialsPlatform.optional_262031100800.apk has no usable artifacts
06-30 14:33:00.729 I/artd    ( 3273): GetBestInfo: /data/user_de/0/com.google.android.gms/app_chimera/m/00000001/CronetDynamite.apk has no usable artifacts
06-30 14:33:00.731 I/artd    ( 3273): GetBestInfo: /data/user_de/0/com.google.android.gms/app_chimera/m/00000013/dl-TfliteDynamiteDynamite.integ_252130102100800.apk has no usable artifacts
06-30 14:33:00.732 I/artd    ( 3273): GetBestInfo: /data/user_de/0/com.google.android.gms/app_chimera/m/00000002/DynamiteLoader.apk has no usable artifacts
06-30 14:33:00.733 I/artd    ( 3273): GetBestInfo: /data/user_de/0/com.google.android.gms/app_chimera/m/0000000c/dl-IdentityCredentialsPlatform.optional_261136100800.apk has no usable artifacts
06-30 14:33:00.734 I/artd    ( 3273): GetBestInfo: /data/user_de/0/com.google.android.gms/app_chimera/m/00000005/GoogleCertificates.apk has no usable artifacts
06-30 14:33:00.735 I/artd    ( 3273): GetBestInfo: /data/user_de/0/com.google.android.gms/app_chimera/m/0000000a/dl-TfliteDynamiteDynamite.integ_260580502100800.apk has no usable artifacts
06-30 14:33:00.737 I/artd    ( 3273): GetBestInfo: /data/user_de/0/com.google.android.gms/app_chimera/m/00000016/dl-PlayCloudSearch.optional_262031100000.apk has no usable artifacts
06-30 14:33:00.738 I/artd    ( 3273): GetBestInfo: /data/user_de/0/com.google.android.gms/app_chimera/m/00000014/dl-MlkitOcrCommon.optional_262031100800.apk has no usable artifacts
06-30 14:33:00.739 I/artd    ( 3273): GetBestInfo: /data/user_de/0/com.google.android.gms/app_chimera/m/00000008/dl-VisionOcr.optional_261136100000.apk has no usable artifacts
06-30 14:33:00.740 I/artd    ( 3273): GetBestInfo: /data/user_de/0/com.google.android.gms/app_chimera/m/00000010/dl-Appsearch.optional_262031100800.apk has no usable artifacts
06-30 14:33:00.742 I/artd    ( 3273): GetBestInfo: /data/user_de/0/com.google.android.gms/app_chimera/m/0000000b/dl-Appsearch.optional_261136100800.apk has no usable artifacts
06-30 14:33:00.743 I/artd    ( 3273): GetBestInfo: vdex next to the dex file (/data/user/0/com.google.android.gms/app_dg_cache/9BCBC14EE674B00B958D4B0C5B4BD883630AA39E/oat/x86_64/the.vdex) is kOatUpToDate with filter 'verify' executable 'false'
06-30 14:33:00.745 I/artd    ( 3273): GetBestInfo: /data/user_de/0/com.google.android.gms/app_chimera/m/00000009/dl-MlkitOcrCommon.optional_261136100800.apk has no usable artifacts
06-30 14:33:00.746 I/artd    ( 3273): GetBestInfo: /data/user/0/com.google.android.gms/app_dg_cache/22DA9D7AD8ED7504E0CAC64C41ECDBD7068924E0/the.apk has no usable artifacts
06-30 14:33:00.747 I/artd    ( 3273): GetBestInfo: vdex next to the dex file (/data/user/0/com.google.android.gms/app_dg_cache/FEE57AEA14526BE59FD8AB1365237E7B7A5CE7CB/oat/x86_64/the.vdex) is kOatUpToDate with filter 'verify' executable 'false'
06-30 14:33:00.748 I/artd    ( 3273): GetBestInfo: vdex next to the dex file (/data/user/0/com.google.android.gms/app_dg_cache/1C62BDE86218FBAA50DF06C4A79F5C3FE74B69EC/oat/x86_64/the.vdex) is kOatUpToDate with filter 'verify' executable 'false'
06-30 14:33:00.749 I/artd    ( 3273): GetBestInfo: /data/user_de/0/com.google.android.gms/app_chimera/m/0000000f/dl-VisionOcr.optional_262031100000.apk has no usable artifacts
06-30 14:33:00.751 I/artd    ( 3273): GetBestInfo: /data/user_de/0/com.google.android.gms/app_chimera/m/00000015/dl-MlkitBarcodeUi.optional_262031100800.apk has no usable artifacts
06-30 14:33:00.751 I/artd    ( 3273): GetBestInfo: /data/user_de/0/com.google.android.gms/app_chimera/m/00000007/MeasurementDynamite.apk has no usable artifacts
06-30 14:33:02.837 I/HalDevMgr(  690): bestIfaceCreationProposal is null, requestIface=STA, existingIface=[name=wlan0 type=STA]
06-30 14:33:05.845 I/HalDevMgr(  690): bestIfaceCreationProposal is null, requestIface=STA, existingIface=[name=wlan0 type=STA]
06-30 14:33:06.999 I/wpa_supplicant(  961): wlan0: CTRL-EVENT-BEACON-LOSS 
06-30 14:33:07.811 I/UsageStatsService(  690): User[0] Flushing usage stats to disk
06-30 14:33:08.852 I/HalDevMgr(  690): bestIfaceCreationProposal is null, requestIface=STA, existingIface=[name=wlan0 type=STA]
06-30 14:33:09.542 D/SatelliteController( 1128): isInCarrierRoamingNbIotNtn: satellite is disabled
06-30 14:33:09.542 D/SatelliteController( 1128): getCarrierRoamingNtnConnectType: Checking connect type from PLMN config for subId: 1
06-30 14:33:09.542 D/TelephonyConfigUpdateInstallReceiver( 1128): getConfigParser: domain=satellite
06-30 14:33:09.542 V/SatelliteController( 1128): satelliteConfigParser is not ready
06-30 14:33:09.542 D/SatelliteController( 1128): isSatelliteAttachSupportedViaConfigupdater: return null (satelliteConfig is null)
06-30 14:33:09.542 D/SatelliteController( 1128): getSatellitePerPlmnConfiguration: invalid subId or not supported via carrier.
06-30 14:33:09.542 D/SatelliteController( 1128): getCarrierRoamingNtnConnectType: config: null
06-30 14:33:09.542 D/TelephonyConfigUpdateInstallReceiver( 1128): getConfigParser: domain=satellite
06-30 14:33:09.542 V/SatelliteController( 1128): satelliteConfigParser is not ready
06-30 14:33:09.542 D/SatelliteController( 1128): getCarrierRoamingNtnConnectTypeViaConfigUpdater: return null (satelliteConfig is null)
06-30 14:33:09.543 D/SatelliteController( 1128): getCarrierRoamingNtnConnectType: Falling back to global carrier config connect type: 0
06-30 14:33:09.543 D/TelephonyConfigUpdateInstallReceiver( 1128): getConfigParser: domain=satellite
06-30 14:33:09.543 V/SatelliteController( 1128): satelliteConfigParser is not ready
06-30 14:33:09.543 D/SatelliteController( 1128): isSatelliteAttachSupportedViaConfigupdater: return null (satelliteConfig is null)
06-30 14:33:09.544 D/SatelliteController( 1128): getCarrierRoamingNtnConnectType: Checking connect type from PLMN config for subId: 1
06-30 14:33:09.544 D/TelephonyConfigUpdateInstallReceiver( 1128): getConfigParser: domain=satellite
06-30 14:33:09.544 V/SatelliteController( 1128): satelliteConfigParser is not ready
06-30 14:33:09.544 D/SatelliteController( 1128): isSatelliteAttachSupportedViaConfigupdater: return null (satelliteConfig is null)
06-30 14:33:09.545 D/SatelliteController( 1128): getSatellitePerPlmnConfiguration: invalid subId or not supported via carrier.
06-30 14:33:09.545 D/SatelliteController( 1128): getCarrierRoamingNtnConnectType: config: null
06-30 14:33:09.545 D/TelephonyConfigUpdateInstallReceiver( 1128): getConfigParser: domain=satellite
06-30 14:33:09.545 V/SatelliteController( 1128): satelliteConfigParser is not ready
06-30 14:33:09.545 D/SatelliteController( 1128): getCarrierRoamingNtnConnectTypeViaConfigUpdater: return null (satelliteConfig is null)
06-30 14:33:09.545 D/SatelliteController( 1128): getCarrierRoamingNtnConnectType: Falling back to global carrier config connect type: 0
06-30 14:33:09.545 D/TelephonyConfigUpdateInstallReceiver( 1128): getConfigParser: domain=satellite
06-30 14:33:09.545 V/SatelliteController( 1128): satelliteConfigParser is not ready
06-30 14:33:09.545 D/SatelliteController( 1128): isSatelliteAttachSupportedViaConfigupdater: return null (satelliteConfig is null)
06-30 14:33:09.572 W/skia    (  527): AGTM parsing failed flags.readFromStream(s) at 159
06-30 14:33:09.572 W/skia    (  527): AGTM parsing failed flags.readFromStream(s) at 159
06-30 14:33:10.578 I/adbd    (  539): adbd service requested 'shell,v2,raw:dumpsys package com.google.android.gms'
06-30 14:33:10.646 I/system_server(  690): Background young concurrent mark compact GC freed 15MB AllocSpace bytes, 135(8480KB) LOS objects, 36% free, 41MB/65MB, paused 4.335ms,25.946ms total 52.848ms
06-30 14:33:10.744 I/artd    ( 3273): GetBestInfo: odex next to the dex file (/data/app/~~pUpe9D-hsv0lOCLmNQJGyA==/com.google.android.gms-a0e_AySruvvgbDhYG8Z6yQ==/oat/x86_64/base.odex) is kOatUpToDate with filter 'speed-profile' executable 'false'
06-30 14:33:10.746 I/artd    ( 3273): GetBestInfo: dm (/data/app/~~pUpe9D-hsv0lOCLmNQJGyA==/com.google.android.gms-a0e_AySruvvgbDhYG8Z6yQ==/split_AdsDynamite_installtime.dm) is kOatUpToDate with filter 'verify' executable 'false'
06-30 14:33:10.747 I/artd    ( 3273): GetBestInfo: odex next to the dex file (/data/app/~~pUpe9D-hsv0lOCLmNQJGyA==/com.google.android.gms-a0e_AySruvvgbDhYG8Z6yQ==/oat/x86_64/split_CronetDynamite_installtime.odex) is kOatUpToDate with filter 'speed-profile' executable 'false'
06-30 14:33:10.748 I/artd    ( 3273): GetBestInfo: dm (/data/app/~~pUpe9D-hsv0lOCLmNQJGyA==/com.google.android.gms-a0e_AySruvvgbDhYG8Z6yQ==/split_DynamiteLoader_installtime.dm) is kOatUpToDate with filter 'verify' executable 'false'
06-30 14:33:10.749 I/artd    ( 3273): GetBestInfo: dm (/data/app/~~pUpe9D-hsv0lOCLmNQJGyA==/com.google.android.gms-a0e_AySruvvgbDhYG8Z6yQ==/split_DynamiteModulesA_installtime.dm) is kOatUpToDate with filter 'verify' executable 'false'
06-30 14:33:10.751 I/artd    ( 3273): GetBestInfo: dm (/data/app/~~pUpe9D-hsv0lOCLmNQJGyA==/com.google.android.gms-a0e_AySruvvgbDhYG8Z6yQ==/split_DynamiteModulesC_installtime.dm) is kOatUpToDate with filter 'verify' executable 'false'
06-30 14:33:10.752 I/artd    ( 3273): GetBestInfo: dm (/data/app/~~pUpe9D-hsv0lOCLmNQJGyA==/com.google.android.gms-a0e_AySruvvgbDhYG8Z6yQ==/split_GoogleCertificates_installtime.dm) is kOatUpToDate with filter 'verify' executable 'false'
06-30 14:33:10.753 I/artd    ( 3273): GetBestInfo: dm (/data/app/~~pUpe9D-hsv0lOCLmNQJGyA==/com.google.android.gms-a0e_AySruvvgbDhYG8Z6yQ==/split_MapsDynamite_installtime.dm) is kOatUpToDate with filter 'verify' executable 'false'
06-30 14:33:10.754 I/artd    ( 3273): GetBestInfo: dm (/data/app/~~pUpe9D-hsv0lOCLmNQJGyA==/com.google.android.gms-a0e_AySruvvgbDhYG8Z6yQ==/split_MeasurementDynamite_installtime.dm) is kOatUpToDate with filter 'verify' executable 'false'
06-30 14:33:10.755 I/artd    ( 3273): GetBestInfo: /data/user_de/0/com.google.android.gms/app_chimera/m/0000000e/dl-IdentityCredentialsPlatform.optional_262031100800.apk has no usable artifacts
06-30 14:33:10.756 I/artd    ( 3273): GetBestInfo: /data/user_de/0/com.google.android.gms/app_chimera/m/00000001/CronetDynamite.apk has no usable artifacts
06-30 14:33:10.758 I/artd    ( 3273): GetBestInfo: /data/user_de/0/com.google.android.gms/app_chimera/m/00000013/dl-TfliteDynamiteDynamite.integ_252130102100800.apk has no usable artifacts
06-30 14:33:10.758 I/artd    ( 3273): GetBestInfo: /data/user_de/0/com.google.android.gms/app_chimera/m/00000002/DynamiteLoader.apk has no usable artifacts
06-30 14:33:10.760 I/artd    ( 3273): GetBestInfo: /data/user_de/0/com.google.android.gms/app_chimera/m/0000000c/dl-IdentityCredentialsPlatform.optional_261136100800.apk has no usable artifacts
06-30 14:33:10.761 I/artd    ( 3273): GetBestInfo: /data/user_de/0/com.google.android.gms/app_chimera/m/00000005/GoogleCertificates.apk has no usable artifacts
06-30 14:33:10.762 I/artd    ( 3273): GetBestInfo: /data/user_de/0/com.google.android.gms/app_chimera/m/0000000a/dl-TfliteDynamiteDynamite.integ_260580502100800.apk has no usable artifacts
06-30 14:33:10.763 I/artd    ( 3273): GetBestInfo: /data/user_de/0/com.google.android.gms/app_chimera/m/00000016/dl-PlayCloudSearch.optional_262031100000.apk has no usable artifacts
06-30 14:33:10.764 I/artd    ( 3273): GetBestInfo: /data/user_de/0/com.google.android.gms/app_chimera/m/00000014/dl-MlkitOcrCommon.optional_262031100800.apk has no usable artifacts
06-30 14:33:10.766 I/artd    ( 3273): GetBestInfo: /data/user_de/0/com.google.android.gms/app_chimera/m/00000008/dl-VisionOcr.optional_261136100000.apk has no usable artifacts
06-30 14:33:10.767 I/artd    ( 3273): GetBestInfo: /data/user_de/0/com.google.android.gms/app_chimera/m/00000010/dl-Appsearch.optional_262031100800.apk has no usable artifacts
06-30 14:33:10.770 I/artd    ( 3273): GetBestInfo: /data/user_de/0/com.google.android.gms/app_chimera/m/0000000b/dl-Appsearch.optional_261136100800.apk has no usable artifacts
06-30 14:33:10.771 I/artd    ( 3273): GetBestInfo: vdex next to the dex file (/data/user/0/com.google.android.gms/app_dg_cache/9BCBC14EE674B00B958D4B0C5B4BD883630AA39E/oat/x86_64/the.vdex) is kOatUpToDate with filter 'verify' executable 'false'
06-30 14:33:10.773 I/artd    ( 3273): GetBestInfo: /data/user_de/0/com.google.android.gms/app_chimera/m/00000009/dl-MlkitOcrCommon.optional_261136100800.apk has no usable artifacts
06-30 14:33:10.774 I/artd    ( 3273): GetBestInfo: /data/user/0/com.google.android.gms/app_dg_cache/22DA9D7AD8ED7504E0CAC64C41ECDBD7068924E0/the.apk has no usable artifacts
06-30 14:33:10.776 I/artd    ( 3273): GetBestInfo: vdex next to the dex file (/data/user/0/com.google.android.gms/app_dg_cache/FEE57AEA14526BE59FD8AB1365237E7B7A5CE7CB/oat/x86_64/the.vdex) is kOatUpToDate with filter 'verify' executable 'false'
06-30 14:33:10.777 I/artd    ( 3273): GetBestInfo: vdex next to the dex file (/data/user/0/com.google.android.gms/app_dg_cache/1C62BDE86218FBAA50DF06C4A79F5C3FE74B69EC/oat/x86_64/the.vdex) is kOatUpToDate with filter 'verify' executable 'false'
06-30 14:33:10.778 I/artd    ( 3273): GetBestInfo: /data/user_de/0/com.google.android.gms/app_chimera/m/0000000f/dl-VisionOcr.optional_262031100000.apk has no usable artifacts
06-30 14:33:10.779 I/artd    ( 3273): GetBestInfo: /data/user_de/0/com.google.android.gms/app_chimera/m/00000015/dl-MlkitBarcodeUi.optional_262031100800.apk has no usable artifacts
06-30 14:33:10.780 I/artd    ( 3273): GetBestInfo: /data/user_de/0/com.google.android.gms/app_chimera/m/00000007/MeasurementDynamite.apk has no usable artifacts
06-30 14:33:11.857 I/HalDevMgr(  690): bestIfaceCreationProposal is null, requestIface=STA, existingIface=[name=wlan0 type=STA]
06-30 14:33:13.852 I/ForwardSyncCache( 3977): reclaimMemory: Clearing caches
06-30 14:33:13.852 I/BugleSpam( 3977): HadesBitmapStore: Purged 0 images during memory reclamation
06-30 14:33:13.852 I/BugleRestore( 3977): reclaimMemory: Clearing persistent caches
06-30 14:33:13.852 W/Bugle   ( 3977): TextClassifierLibManagerImpl: Reclaiming memory at level: 40
06-30 14:33:14.860 E/hmly    ( 1317): Got more than one input Future failure. Logging failures after the first
06-30 14:33:14.860 E/hmly    ( 1317): java.io.IOException: Unable to create parent directories of /data/user/0/com.google.android.gms/files/mobstore_salt.pb.lock
06-30 14:33:14.860 E/hmly    ( 1317): 	at hhkm.c(:com.google.android.gms@262031038@26.20.31 (260800-919905943):37)
06-30 14:33:14.860 E/hmly    ( 1317): 	at gons.e(:com.google.android.gms@262031038@26.20.31 (260800-919905943):5)
06-30 14:33:14.860 E/hmly    ( 1317): 	at goqk.a(:com.google.android.gms@262031038@26.20.31 (260800-919905943):198)
06-30 14:33:14.860 E/hmly    ( 1317): 	at gomy.d(:com.google.android.gms@262031038@26.20.31 (260800-919905943):5)
06-30 14:33:14.860 E/hmly    ( 1317): 	at gosk.a(:com.google.android.gms@262031038@26.20.31 (260800-919905943):28)
06-30 14:33:14.860 E/hmly    ( 1317): 	at hdmz.a(:com.google.android.gms@262031038@26.20.31 (260800-919905943):17)
06-30 14:33:14.860 E/hmly    ( 1317): 	at hmnp.a(:com.google.android.gms@262031038@26.20.31 (260800-919905943):20)
06-30 14:33:14.860 E/hmly    ( 1317): 	at hmpt.a(:com.google.android.gms@262031038@26.20.31 (260800-919905943):3)
06-30 14:33:14.860 E/hmly    ( 1317): 	at hmou.run(:com.google.android.gms@262031038@26.20.31 (260800-919905943):19)
06-30 14:33:14.860 E/hmly    ( 1317): 	at hmpv.run(:com.google.android.gms@262031038@26.20.31 (260800-919905943):5)
06-30 14:33:14.860 E/hmly    ( 1317): 	at hmnr.run(:com.google.android.gms@262031038@26.20.31 (260800-919905943):20)
06-30 14:33:14.860 E/hmly    ( 1317): 	at java.util.concurrent.ThreadPoolExecutor.runWorker(ThreadPoolExecutor.java:1100)
06-30 14:33:14.860 E/hmly    ( 1317): 	at java.util.concurrent.ThreadPoolExecutor$Worker.run(ThreadPoolExecutor.java:624)
06-30 14:33:14.860 E/hmly    ( 1317): 	at java.lang.Thread.run(Thread.java:1572)
06-30 14:33:14.864 I/HalDevMgr(  690): bestIfaceCreationProposal is null, requestIface=STA, existingIface=[name=wlan0 type=STA]
06-30 14:33:14.934 I/wpa_supplicant(  961): wlan0: CTRL-EVENT-BEACON-LOSS 
06-30 14:33:17.872 I/HalDevMgr(  690): bestIfaceCreationProposal is null, requestIface=STA, existingIface=[name=wlan0 type=STA]
06-30 14:33:19.542 D/SatelliteController( 1128): isInCarrierRoamingNbIotNtn: satellite is disabled
06-30 14:33:19.542 D/SatelliteController( 1128): getCarrierRoamingNtnConnectType: Checking connect type from PLMN config for subId: 1
06-30 14:33:19.542 D/TelephonyConfigUpdateInstallReceiver( 1128): getConfigParser: domain=satellite
06-30 14:33:19.542 V/SatelliteController( 1128): satelliteConfigParser is not ready
06-30 14:33:19.542 D/SatelliteController( 1128): isSatelliteAttachSupportedViaConfigupdater: return null (satelliteConfig is null)
06-30 14:33:19.542 D/SatelliteController( 1128): getSatellitePerPlmnConfiguration: invalid subId or not supported via carrier.
06-30 14:33:19.542 D/SatelliteController( 1128): getCarrierRoamingNtnConnectType: config: null
06-30 14:33:19.542 D/TelephonyConfigUpdateInstallReceiver( 1128): getConfigParser: domain=satellite
06-30 14:33:19.542 V/SatelliteController( 1128): satelliteConfigParser is not ready
06-30 14:33:19.542 D/SatelliteController( 1128): getCarrierRoamingNtnConnectTypeViaConfigUpdater: return null (satelliteConfig is null)
06-30 14:33:19.542 D/SatelliteController( 1128): getCarrierRoamingNtnConnectType: Falling back to global carrier config connect type: 0
06-30 14:33:19.542 D/TelephonyConfigUpdateInstallReceiver( 1128): getConfigParser: domain=satellite
06-30 14:33:19.542 V/SatelliteController( 1128): satelliteConfigParser is not ready
06-30 14:33:19.542 D/SatelliteController( 1128): isSatelliteAttachSupportedViaConfigupdater: return null (satelliteConfig is null)
06-30 14:33:19.543 D/SatelliteController( 1128): getCarrierRoamingNtnConnectType: Checking connect type from PLMN config for subId: 1
06-30 14:33:19.543 D/TelephonyConfigUpdateInstallReceiver( 1128): getConfigParser: domain=satellite
06-30 14:33:19.543 V/SatelliteController( 1128): satelliteConfigParser is not ready
06-30 14:33:19.543 D/SatelliteController( 1128): isSatelliteAttachSupportedViaConfigupdater: return null (satelliteConfig is null)
06-30 14:33:19.543 D/SatelliteController( 1128): getSatellitePerPlmnConfiguration: invalid subId or not supported via carrier.
06-30 14:33:19.543 D/SatelliteController( 1128): getCarrierRoamingNtnConnectType: config: null
06-30 14:33:19.543 D/TelephonyConfigUpdateInstallReceiver( 1128): getConfigParser: domain=satellite
06-30 14:33:19.543 V/SatelliteController( 1128): satelliteConfigParser is not ready
06-30 14:33:19.543 D/SatelliteController( 1128): getCarrierRoamingNtnConnectTypeViaConfigUpdater: return null (satelliteConfig is null)
06-30 14:33:19.543 D/SatelliteController( 1128): getCarrierRoamingNtnConnectType: Falling back to global carrier config connect type: 0
06-30 14:33:19.543 D/TelephonyConfigUpdateInstallReceiver( 1128): getConfigParser: domain=satellite
06-30 14:33:19.543 V/SatelliteController( 1128): satelliteConfigParser is not ready
06-30 14:33:19.543 D/SatelliteController( 1128): isSatelliteAttachSupportedViaConfigupdater: return null (satelliteConfig is null)
06-30 14:33:20.581 I/adbd    (  539): adbd service requested 'shell,v2,raw:dumpsys package com.google.android.gms'
06-30 14:33:20.732 I/artd    ( 3273): GetBestInfo: odex next to the dex file (/data/app/~~pUpe9D-hsv0lOCLmNQJGyA==/com.google.android.gms-a0e_AySruvvgbDhYG8Z6yQ==/oat/x86_64/base.odex) is kOatUpToDate with filter 'speed-profile' executable 'false'
06-30 14:33:20.734 I/artd    ( 3273): GetBestInfo: dm (/data/app/~~pUpe9D-hsv0lOCLmNQJGyA==/com.google.android.gms-a0e_AySruvvgbDhYG8Z6yQ==/split_AdsDynamite_installtime.dm) is kOatUpToDate with filter 'verify' executable 'false'
06-30 14:33:20.735 I/artd    ( 3273): GetBestInfo: odex next to the dex file (/data/app/~~pUpe9D-hsv0lOCLmNQJGyA==/com.google.android.gms-a0e_AySruvvgbDhYG8Z6yQ==/oat/x86_64/split_CronetDynamite_installtime.odex) is kOatUpToDate with filter 'speed-profile' executable 'false'
06-30 14:33:20.736 I/artd    ( 3273): GetBestInfo: dm (/data/app/~~pUpe9D-hsv0lOCLmNQJGyA==/com.google.android.gms-a0e_AySruvvgbDhYG8Z6yQ==/split_DynamiteLoader_installtime.dm) is kOatUpToDate with filter 'verify' executable 'false'
06-30 14:33:20.737 I/artd    ( 3273): GetBestInfo: dm (/data/app/~~pUpe9D-hsv0lOCLmNQJGyA==/com.google.android.gms-a0e_AySruvvgbDhYG8Z6yQ==/split_DynamiteModulesA_installtime.dm) is kOatUpToDate with filter 'verify' executable 'false'
06-30 14:33:20.738 I/artd    ( 3273): GetBestInfo: dm (/data/app/~~pUpe9D-hsv0lOCLmNQJGyA==/com.google.android.gms-a0e_AySruvvgbDhYG8Z6yQ==/split_DynamiteModulesC_installtime.dm) is kOatUpToDate with filter 'verify' executable 'false'
06-30 14:33:20.740 I/artd    ( 3273): GetBestInfo: dm (/data/app/~~pUpe9D-hsv0lOCLmNQJGyA==/com.google.android.gms-a0e_AySruvvgbDhYG8Z6yQ==/split_GoogleCertificates_installtime.dm) is kOatUpToDate with filter 'verify' executable 'false'
06-30 14:33:20.741 I/artd    ( 3273): GetBestInfo: dm (/data/app/~~pUpe9D-hsv0lOCLmNQJGyA==/com.google.android.gms-a0e_AySruvvgbDhYG8Z6yQ==/split_MapsDynamite_installtime.dm) is kOatUpToDate with filter 'verify' executable 'false'
06-30 14:33:20.742 I/artd    ( 3273): GetBestInfo: dm (/data/app/~~pUpe9D-hsv0lOCLmNQJGyA==/com.google.android.gms-a0e_AySruvvgbDhYG8Z6yQ==/split_MeasurementDynamite_installtime.dm) is kOatUpToDate with filter 'verify' executable 'false'
06-30 14:33:20.744 I/artd    ( 3273): GetBestInfo: /data/user_de/0/com.google.android.gms/app_chimera/m/0000000e/dl-IdentityCredentialsPlatform.optional_262031100800.apk has no usable artifacts
06-30 14:33:20.745 I/artd    ( 3273): GetBestInfo: /data/user_de/0/com.google.android.gms/app_chimera/m/00000001/CronetDynamite.apk has no usable artifacts
06-30 14:33:20.746 I/artd    ( 3273): GetBestInfo: /data/user_de/0/com.google.android.gms/app_chimera/m/00000013/dl-TfliteDynamiteDynamite.integ_252130102100800.apk has no usable artifacts
06-30 14:33:20.746 I/artd    ( 3273): GetBestInfo: /data/user_de/0/com.google.android.gms/app_chimera/m/00000002/DynamiteLoader.apk has no usable artifacts
06-30 14:33:20.748 I/artd    ( 3273): GetBestInfo: /data/user_de/0/com.google.android.gms/app_chimera/m/0000000c/dl-IdentityCredentialsPlatform.optional_261136100800.apk has no usable artifacts
06-30 14:33:20.749 I/artd    ( 3273): GetBestInfo: /data/user_de/0/com.google.android.gms/app_chimera/m/00000005/GoogleCertificates.apk has no usable artifacts
06-30 14:33:20.750 I/artd    ( 3273): GetBestInfo: /data/user_de/0/com.google.android.gms/app_chimera/m/0000000a/dl-TfliteDynamiteDynamite.integ_260580502100800.apk has no usable artifacts
06-30 14:33:20.751 I/artd    ( 3273): GetBestInfo: /data/user_de/0/com.google.android.gms/app_chimera/m/00000016/dl-PlayCloudSearch.optional_262031100000.apk has no usable artifacts
06-30 14:33:20.752 I/artd    ( 3273): GetBestInfo: /data/user_de/0/com.google.android.gms/app_chimera/m/00000014/dl-MlkitOcrCommon.optional_262031100800.apk has no usable artifacts
06-30 14:33:20.753 I/artd    ( 3273): GetBestInfo: /data/user_de/0/com.google.android.gms/app_chimera/m/00000008/dl-VisionOcr.optional_261136100000.apk has no usable artifacts
06-30 14:33:20.754 I/artd    ( 3273): GetBestInfo: /data/user_de/0/com.google.android.gms/app_chimera/m/00000010/dl-Appsearch.optional_262031100800.apk has no usable artifacts
06-30 14:33:20.755 I/artd    ( 3273): GetBestInfo: /data/user_de/0/com.google.android.gms/app_chimera/m/0000000b/dl-Appsearch.optional_261136100800.apk has no usable artifacts
06-30 14:33:20.756 I/artd    ( 3273): GetBestInfo: vdex next to the dex file (/data/user/0/com.google.android.gms/app_dg_cache/9BCBC14EE674B00B958D4B0C5B4BD883630AA39E/oat/x86_64/the.vdex) is kOatUpToDate with filter 'verify' executable 'false'
06-30 14:33:20.757 I/artd    ( 3273): GetBestInfo: /data/user_de/0/com.google.android.gms/app_chimera/m/00000009/dl-MlkitOcrCommon.optional_261136100800.apk has no usable artifacts
06-30 14:33:20.759 I/artd    ( 3273): GetBestInfo: /data/user/0/com.google.android.gms/app_dg_cache/22DA9D7AD8ED7504E0CAC64C41ECDBD7068924E0/the.apk has no usable artifacts
06-30 14:33:20.760 I/artd    ( 3273): GetBestInfo: vdex next to the dex file (/data/user/0/com.google.android.gms/app_dg_cache/FEE57AEA14526BE59FD8AB1365237E7B7A5CE7CB/oat/x86_64/the.vdex) is kOatUpToDate with filter 'verify' executable 'false'
06-30 14:33:20.762 I/artd    ( 3273): GetBestInfo: vdex next to the dex file (/data/user/0/com.google.android.gms/app_dg_cache/1C62BDE86218FBAA50DF06C4A79F5C3FE74B69EC/oat/x86_64/the.vdex) is kOatUpToDate with filter 'verify' executable 'false'
06-30 14:33:20.763 I/artd    ( 3273): GetBestInfo: /data/user_de/0/com.google.android.gms/app_chimera/m/0000000f/dl-VisionOcr.optional_262031100000.apk has no usable artifacts
06-30 14:33:20.764 I/artd    ( 3273): GetBestInfo: /data/user_de/0/com.google.android.gms/app_chimera/m/00000015/dl-MlkitBarcodeUi.optional_262031100800.apk has no usable artifacts
06-30 14:33:20.765 I/artd    ( 3273): GetBestInfo: /data/user_de/0/com.google.android.gms/app_chimera/m/00000007/MeasurementDynamite.apk has no usable artifacts
06-30 14:33:20.881 I/HalDevMgr(  690): bestIfaceCreationProposal is null, requestIface=STA, existingIface=[name=wlan0 type=STA]
06-30 14:33:23.125 I/wpa_supplicant(  961): wlan0: CTRL-EVENT-BEACON-LOSS 
06-30 14:33:23.852 D/ActivityManager(  690): freezing 3977 com.google.android.apps.messaging
06-30 14:33:23.886 I/HalDevMgr(  690): bestIfaceCreationProposal is null, requestIface=STA, existingIface=[name=wlan0 type=STA]
06-30 14:33:25.730 I/WM-WorkerWrapper(24227): Worker result SUCCESS for Work [ id=5d2e92a1-cabc-46d9-a748-bc6172fa094b, tags={ androidx.glance.session.SessionWorker } ]
06-30 14:33:26.895 I/HalDevMgr(  690): bestIfaceCreationProposal is null, requestIface=STA, existingIface=[name=wlan0 type=STA]
06-30 14:33:27.968 D/ControlsListingControllerImpl(  981): Subscribing callback, service count: 0
06-30 14:33:27.970 D/ControlsListingControllerImpl(  981): Unsubscribing callback
06-30 14:33:28.355 I/QuickAccessWalletTile(  981): QAW service is unavailable, recreating the wallet client.
06-30 14:33:29.542 D/SatelliteController( 1128): isInCarrierRoamingNbIotNtn: satellite is disabled
06-30 14:33:29.542 D/SatelliteController( 1128): getCarrierRoamingNtnConnectType: Checking connect type from PLMN config for subId: 1
06-30 14:33:29.542 D/TelephonyConfigUpdateInstallReceiver( 1128): getConfigParser: domain=satellite
06-30 14:33:29.542 V/SatelliteController( 1128): satelliteConfigParser is not ready
06-30 14:33:29.542 D/SatelliteController( 1128): isSatelliteAttachSupportedViaConfigupdater: return null (satelliteConfig is null)
06-30 14:33:29.543 D/SatelliteController( 1128): getSatellitePerPlmnConfiguration: invalid subId or not supported via carrier.
06-30 14:33:29.543 D/SatelliteController( 1128): getCarrierRoamingNtnConnectType: config: null
06-30 14:33:29.543 D/TelephonyConfigUpdateInstallReceiver( 1128): getConfigParser: domain=satellite
06-30 14:33:29.543 V/SatelliteController( 1128): satelliteConfigParser is not ready
06-30 14:33:29.543 D/SatelliteController( 1128): getCarrierRoamingNtnConnectTypeViaConfigUpdater: return null (satelliteConfig is null)
06-30 14:33:29.543 W/libbinder.IPCThreadState(  690): Sending oneway calls to frozen process.
06-30 14:33:29.543 D/SatelliteController( 1128): getCarrierRoamingNtnConnectType: Falling back to global carrier config connect type: 0
06-30 14:33:29.543 D/TelephonyConfigUpdateInstallReceiver( 1128): getConfigParser: domain=satellite
06-30 14:33:29.543 V/SatelliteController( 1128): satelliteConfigParser is not ready
06-30 14:33:29.543 D/SatelliteController( 1128): isSatelliteAttachSupportedViaConfigupdater: return null (satelliteConfig is null)
06-30 14:33:29.543 D/SatelliteController( 1128): getCarrierRoamingNtnConnectType: Checking connect type from PLMN config for subId: 1
06-30 14:33:29.543 D/TelephonyConfigUpdateInstallReceiver( 1128): getConfigParser: domain=satellite
06-30 14:33:29.543 V/SatelliteController( 1128): satelliteConfigParser is not ready
06-30 14:33:29.543 D/SatelliteController( 1128): isSatelliteAttachSupportedViaConfigupdater: return null (satelliteConfig is null)
06-30 14:33:29.543 D/SatelliteController( 1128): getSatellitePerPlmnConfiguration: invalid subId or not supported via carrier.
06-30 14:33:29.543 D/SatelliteController( 1128): getCarrierRoamingNtnConnectType: config: null
06-30 14:33:29.543 D/TelephonyConfigUpdateInstallReceiver( 1128): getConfigParser: domain=satellite
06-30 14:33:29.543 V/SatelliteController( 1128): satelliteConfigParser is not ready
06-30 14:33:29.543 D/SatelliteController( 1128): getCarrierRoamingNtnConnectTypeViaConfigUpdater: return null (satelliteConfig is null)
06-30 14:33:29.544 D/SatelliteController( 1128): getCarrierRoamingNtnConnectType: Falling back to global carrier config connect type: 0
06-30 14:33:29.544 D/TelephonyConfigUpdateInstallReceiver( 1128): getConfigParser: domain=satellite
06-30 14:33:29.544 V/SatelliteController( 1128): satelliteConfigParser is not ready
06-30 14:33:29.544 D/SatelliteController( 1128): isSatelliteAttachSupportedViaConfigupdater: return null (satelliteConfig is null)
06-30 14:33:29.903 I/HalDevMgr(  690): bestIfaceCreationProposal is null, requestIface=STA, existingIface=[name=wlan0 type=STA]
06-30 14:33:30.580 I/adbd    (  539): adbd service requested 'shell,v2,raw:dumpsys package com.google.android.gms'
06-30 14:33:30.732 I/artd    ( 3273): GetBestInfo: odex next to the dex file (/data/app/~~pUpe9D-hsv0lOCLmNQJGyA==/com.google.android.gms-a0e_AySruvvgbDhYG8Z6yQ==/oat/x86_64/base.odex) is kOatUpToDate with filter 'speed-profile' executable 'false'
06-30 14:33:30.733 I/artd    ( 3273): GetBestInfo: dm (/data/app/~~pUpe9D-hsv0lOCLmNQJGyA==/com.google.android.gms-a0e_AySruvvgbDhYG8Z6yQ==/split_AdsDynamite_installtime.dm) is kOatUpToDate with filter 'verify' executable 'false'
06-30 14:33:30.735 I/artd    ( 3273): GetBestInfo: odex next to the dex file (/data/app/~~pUpe9D-hsv0lOCLmNQJGyA==/com.google.android.gms-a0e_AySruvvgbDhYG8Z6yQ==/oat/x86_64/split_CronetDynamite_installtime.odex) is kOatUpToDate with filter 'speed-profile' executable 'false'
06-30 14:33:30.736 I/artd    ( 3273): GetBestInfo: dm (/data/app/~~pUpe9D-hsv0lOCLmNQJGyA==/com.google.android.gms-a0e_AySruvvgbDhYG8Z6yQ==/split_DynamiteLoader_installtime.dm) is kOatUpToDate with filter 'verify' executable 'false'
06-30 14:33:30.737 I/artd    ( 3273): GetBestInfo: dm (/data/app/~~pUpe9D-hsv0lOCLmNQJGyA==/com.google.android.gms-a0e_AySruvvgbDhYG8Z6yQ==/split_DynamiteModulesA_installtime.dm) is kOatUpToDate with filter 'verify' executable 'false'
06-30 14:33:30.738 I/artd    ( 3273): GetBestInfo: dm (/data/app/~~pUpe9D-hsv0lOCLmNQJGyA==/com.google.android.gms-a0e_AySruvvgbDhYG8Z6yQ==/split_DynamiteModulesC_installtime.dm) is kOatUpToDate with filter 'verify' executable 'false'
06-30 14:33:30.739 I/artd    ( 3273): GetBestInfo: dm (/data/app/~~pUpe9D-hsv0lOCLmNQJGyA==/com.google.android.gms-a0e_AySruvvgbDhYG8Z6yQ==/split_GoogleCertificates_installtime.dm) is kOatUpToDate with filter 'verify' executable 'false'
06-30 14:33:30.740 I/artd    ( 3273): GetBestInfo: dm (/data/app/~~pUpe9D-hsv0lOCLmNQJGyA==/com.google.android.gms-a0e_AySruvvgbDhYG8Z6yQ==/split_MapsDynamite_installtime.dm) is kOatUpToDate with filter 'verify' executable 'false'
06-30 14:33:30.742 I/artd    ( 3273): GetBestInfo: dm (/data/app/~~pUpe9D-hsv0lOCLmNQJGyA==/com.google.android.gms-a0e_AySruvvgbDhYG8Z6yQ==/split_MeasurementDynamite_installtime.dm) is kOatUpToDate with filter 'verify' executable 'false'
06-30 14:33:30.743 I/artd    ( 3273): GetBestInfo: /data/user_de/0/com.google.android.gms/app_chimera/m/0000000e/dl-IdentityCredentialsPlatform.optional_262031100800.apk has no usable artifacts
06-30 14:33:30.743 I/artd    ( 3273): GetBestInfo: /data/user_de/0/com.google.android.gms/app_chimera/m/00000001/CronetDynamite.apk has no usable artifacts
06-30 14:33:30.745 I/artd    ( 3273): GetBestInfo: /data/user_de/0/com.google.android.gms/app_chimera/m/00000013/dl-TfliteDynamiteDynamite.integ_252130102100800.apk has no usable artifacts
06-30 14:33:30.746 I/artd    ( 3273): GetBestInfo: /data/user_de/0/com.google.android.gms/app_chimera/m/00000002/DynamiteLoader.apk has no usable artifacts
06-30 14:33:30.747 I/artd    ( 3273): GetBestInfo: /data/user_de/0/com.google.android.gms/app_chimera/m/0000000c/dl-IdentityCredentialsPlatform.optional_261136100800.apk has no usable artifacts
06-30 14:33:30.748 I/artd    ( 3273): GetBestInfo: /data/user_de/0/com.google.android.gms/app_chimera/m/00000005/GoogleCertificates.apk has no usable artifacts
06-30 14:33:30.749 I/artd    ( 3273): GetBestInfo: /data/user_de/0/com.google.android.gms/app_chimera/m/0000000a/dl-TfliteDynamiteDynamite.integ_260580502100800.apk has no usable artifacts
06-30 14:33:30.750 I/artd    ( 3273): GetBestInfo: /data/user_de/0/com.google.android.gms/app_chimera/m/00000016/dl-PlayCloudSearch.optional_262031100000.apk has no usable artifacts
06-30 14:33:30.752 I/artd    ( 3273): GetBestInfo: /data/user_de/0/com.google.android.gms/app_chimera/m/00000014/dl-MlkitOcrCommon.optional_262031100800.apk has no usable artifacts
06-30 14:33:30.753 I/artd    ( 3273): GetBestInfo: /data/user_de/0/com.google.android.gms/app_chimera/m/00000008/dl-VisionOcr.optional_261136100000.apk has no usable artifacts
06-30 14:33:30.754 I/artd    ( 3273): GetBestInfo: /data/user_de/0/com.google.android.gms/app_chimera/m/00000010/dl-Appsearch.optional_262031100800.apk has no usable artifacts
06-30 14:33:30.757 I/artd    ( 3273): GetBestInfo: /data/user_de/0/com.google.android.gms/app_chimera/m/0000000b/dl-Appsearch.optional_261136100800.apk has no usable artifacts
06-30 14:33:30.758 I/artd    ( 3273): GetBestInfo: vdex next to the dex file (/data/user/0/com.google.android.gms/app_dg_cache/9BCBC14EE674B00B958D4B0C5B4BD883630AA39E/oat/x86_64/the.vdex) is kOatUpToDate with filter 'verify' executable 'false'
06-30 14:33:30.760 I/artd    ( 3273): GetBestInfo: /data/user_de/0/com.google.android.gms/app_chimera/m/00000009/dl-MlkitOcrCommon.optional_261136100800.apk has no usable artifacts
06-30 14:33:30.761 I/artd    ( 3273): GetBestInfo: /data/user/0/com.google.android.gms/app_dg_cache/22DA9D7AD8ED7504E0CAC64C41ECDBD7068924E0/the.apk has no usable artifacts
06-30 14:33:30.763 I/artd    ( 3273): GetBestInfo: vdex next to the dex file (/data/user/0/com.google.android.gms/app_dg_cache/FEE57AEA14526BE59FD8AB1365237E7B7A5CE7CB/oat/x86_64/the.vdex) is kOatUpToDate with filter 'verify' executable 'false'
06-30 14:33:30.764 I/artd    ( 3273): GetBestInfo: vdex next to the dex file (/data/user/0/com.google.android.gms/app_dg_cache/1C62BDE86218FBAA50DF06C4A79F5C3FE74B69EC/oat/x86_64/the.vdex) is kOatUpToDate with filter 'verify' executable 'false'
06-30 14:33:30.765 I/artd    ( 3273): GetBestInfo: /data/user_de/0/com.google.android.gms/app_chimera/m/0000000f/dl-VisionOcr.optional_262031100000.apk has no usable artifacts
06-30 14:33:30.766 I/artd    ( 3273): GetBestInfo: /data/user_de/0/com.google.android.gms/app_chimera/m/00000015/dl-MlkitBarcodeUi.optional_262031100800.apk has no usable artifacts
06-30 14:33:30.767 I/artd    ( 3273): GetBestInfo: /data/user_de/0/com.google.android.gms/app_chimera/m/00000007/MeasurementDynamite.apk has no usable artifacts
06-30 14:33:31.061 I/wpa_supplicant(  961): wlan0: CTRL-EVENT-BEACON-LOSS 
06-30 14:33:32.909 I/HalDevMgr(  690): bestIfaceCreationProposal is null, requestIface=STA, existingIface=[name=wlan0 type=STA]
06-30 14:33:35.915 I/HalDevMgr(  690): bestIfaceCreationProposal is null, requestIface=STA, existingIface=[name=wlan0 type=STA]
06-30 14:33:38.419 D/AIQuotaBgRefreshService(24227): cycleStart providers=gemini
06-30 14:33:38.518 I/AIQuotaDebugCookie(24227): provider=gemini debugCookieRestore=true reason=background_collection source=external urlCount=7 cookieCount=100
06-30 14:33:38.519 D/AIQuotaBgRefreshService(24227): load provider=gemini start= warmUp=false request=3
06-30 14:33:38.571 D/AIQuotaBgRefreshService(24227): inject provider=gemini url=
06-30 14:33:38.572 D/AIQuotaBgRefreshService(24227): pageFinished provider=gemini url=
06-30 14:33:38.579 D/KernelCpuUidUserSysTimeReader(  690): Removing uids 99023-99023
06-30 14:33:38.756 D/AIQuotaGeminiUsageRpc(24227): geminiUsagePageHtml status=200 payloadBytes=25284
06-30 14:33:38.757 D/AIQuotaNativeUsage(24227): nativeUsage provider=gemini ok=false diagnostic=gemini_usage_page_rpc_params_unavailable statuses=gemini_usage_page_html:200
06-30 14:33:38.759 D/AIQuotaBgRefreshService(24227): collectorError provider=gemini errorKind=gemini_usage_page_rpc_params_unavailable retry=0 url= summary=root=provider|errorKind|message,provider=gemini,collectorMode=none,lineCount=0,hasUsage=false,hasData=false,hasError=true
06-30 14:33:38.760 D/AIQuotaBgRefreshService(24227): outcome provider=gemini type=Failure
06-30 14:33:38.760 W/AIQuotaBgRefreshService(24227): failure provider=gemini kind=COLLECTOR_ERROR message=Background collector failed: gemini_usage_page_rpc_params_unavailable
06-30 14:33:38.782 I/AIQuotaDebugCookie(24227): provider=gemini debugCookieSnapshot=true reason=background_webview_non_auth_failure urlCount=7 cookieCount=7 nativeAuthContextCount=0 nativeAuthHeaderCount=0
06-30 14:33:38.919 I/AdbWifiNetworkMonitor(  690): Wi-Fi network available
06-30 14:33:38.919 I/AdbWifiNetworkMonitor(  690): Received the same Wi-Fi SSID. Ignoring.
06-30 14:33:38.921 I/HalDevMgr(  690): bestIfaceCreationProposal is null, requestIface=STA, existingIface=[name=wlan0 type=STA]
06-30 14:33:38.923 D/WM-WorkConstraintsTrack( 2923): NetworkRequestConstraintController onCapabilitiesChanged callback
06-30 14:33:38.924 W/libbinder.IPCThreadState(  690): Sending oneway calls to frozen process.
06-30 14:33:38.925 I/BugleRcsEngine( 3867): Connected state: [1], networkType: [WIFI] [CONTEXT thread_id=65 ]
06-30 14:33:38.925 I/BugleRcsEngine( 3867): handleMessage processing message:[NOTIFY_UPTIME_IGNORE_STATE_CHANGED] with [non-null]:RcsEngineImpl reference [CONTEXT log_prefix="RcsEngineImpl[DUAL_REG]:[390448b9-d26f]>Handler" thread_id=69 ]
06-30 14:33:38.926 W/libbinder.IPCThreadState(  690): Sending oneway calls to frozen process.
06-30 14:33:38.926 W/libbinder.IPCThreadState(  690): Sending oneway calls to frozen process.
06-30 14:33:38.928 W/libbinder.IPCThreadState(  690): Sending oneway calls to frozen process.
06-30 14:33:38.928 I/NullBinder( 1317): NullBinder for android.net.action.RECOMMEND_NETWORKS triggering remote TransactionTooLargeException due to Service without Chimera impl, calling uid: 1000, calling pid: 0
06-30 14:33:38.928 W/libbinder.Binder( 1317): Large reply transaction of 1056768 bytes, interface descriptor , function: UNKNOWN_FUNCTION_NAME, code: 1, flags: 17
06-30 14:33:38.929 D/IpClient/wlan0( 1083): interfaceLinkStateChanged: ifindex 16 up
06-30 14:33:38.929 W/libbinder.IPCThreadState(  690): Sending oneway calls to frozen process.
06-30 14:33:38.929 W/libbinder.IPCThreadState(  690): Sending oneway calls to frozen process.
06-30 14:33:38.929 W/libbinder.IPCThreadState(  690): Sending oneway calls to frozen process.
06-30 14:33:38.929 W/libbinder.IPCThreadState(  690): Sending oneway calls to frozen process.
06-30 14:33:38.930 D/WM-WorkConstraintsTrack( 3977): NetworkRequestConstraintController onCapabilitiesChanged callback
06-30 14:33:38.932 W/libbinder.IPCThreadState(  690): Sending oneway calls to frozen process.
06-30 14:33:38.932 D/ActivityManager(  690): sync unfroze 3977 com.google.android.apps.messaging for 7
06-30 14:33:38.935 W/libbinder.IPCThreadState(  690): Sending oneway calls to frozen process.
06-30 14:33:38.935 I/BugleRcsEngine( 3867): No RCS Configuration was found in Bugle for simID: redacted-pii:sim_id[chars:20,last3:897] [CONTEXT log_prefix="ProvisioningEngineDataRetriever" thread_id=69 ]
06-30 14:33:38.936 D/IpClient/wlan0( 1083): interfaceLinkStateChanged: ifindex 16 up
06-30 14:33:38.936 W/libbinder.IPCThreadState(  690): Sending oneway calls to frozen process.
06-30 14:33:38.938 I/NearbyMediums( 1317): Wifi changed new SSID: "AndroidWifi"
06-30 14:33:38.938 I/NearbyMediums( 1317): WifiLanConnectivityInfo is not changed, skip notify.
06-30 14:33:38.939 D/ConnectivityService(  690): NetReassign [no changes] [c 0] [a 2] [i 0]
06-30 14:33:38.998 I/wpa_supplicant(  961): wlan0: CTRL-EVENT-BEACON-LOSS 
06-30 14:33:39.430 I/NearbySharing( 1317): Network state changed: NetworkState(isRestricted=false, isOnline=true, isCongested=false, isMetered=false, isWifiConnected=true)
06-30 14:33:39.542 D/SatelliteController( 1128): isInCarrierRoamingNbIotNtn: satellite is disabled
06-30 14:33:39.542 D/SatelliteController( 1128): getCarrierRoamingNtnConnectType: Checking connect type from PLMN config for subId: 1
06-30 14:33:39.542 D/TelephonyConfigUpdateInstallReceiver( 1128): getConfigParser: domain=satellite
06-30 14:33:39.542 V/SatelliteController( 1128): satelliteConfigParser is not ready
06-30 14:33:39.542 D/SatelliteController( 1128): isSatelliteAttachSupportedViaConfigupdater: return null (satelliteConfig is null)
06-30 14:33:39.542 D/SatelliteController( 1128): getSatellitePerPlmnConfiguration: invalid subId or not supported via carrier.
06-30 14:33:39.543 D/SatelliteController( 1128): getCarrierRoamingNtnConnectType: config: null
06-30 14:33:39.543 D/TelephonyConfigUpdateInstallReceiver( 1128): getConfigParser: domain=satellite
06-30 14:33:39.543 V/SatelliteController( 1128): satelliteConfigParser is not ready
06-30 14:33:39.543 D/SatelliteController( 1128): getCarrierRoamingNtnConnectTypeViaConfigUpdater: return null (satelliteConfig is null)
06-30 14:33:39.543 D/SatelliteController( 1128): getCarrierRoamingNtnConnectType: Falling back to global carrier config connect type: 0
06-30 14:33:39.543 D/TelephonyConfigUpdateInstallReceiver( 1128): getConfigParser: domain=satellite
06-30 14:33:39.543 V/SatelliteController( 1128): satelliteConfigParser is not ready
06-30 14:33:39.543 D/SatelliteController( 1128): isSatelliteAttachSupportedViaConfigupdater: return null (satelliteConfig is null)
06-30 14:33:39.543 D/SatelliteController( 1128): getCarrierRoamingNtnConnectType: Checking connect type from PLMN config for subId: 1
06-30 14:33:39.543 D/TelephonyConfigUpdateInstallReceiver( 1128): getConfigParser: domain=satellite
06-30 14:33:39.543 V/SatelliteController( 1128): satelliteConfigParser is not ready
06-30 14:33:39.543 D/SatelliteController( 1128): isSatelliteAttachSupportedViaConfigupdater: return null (satelliteConfig is null)
06-30 14:33:39.543 D/SatelliteController( 1128): getSatellitePerPlmnConfiguration: invalid subId or not supported via carrier.
06-30 14:33:39.543 D/SatelliteController( 1128): getCarrierRoamingNtnConnectType: config: null
06-30 14:33:39.543 D/TelephonyConfigUpdateInstallReceiver( 1128): getConfigParser: domain=satellite
06-30 14:33:39.543 V/SatelliteController( 1128): satelliteConfigParser is not ready
06-30 14:33:39.543 D/SatelliteController( 1128): getCarrierRoamingNtnConnectTypeViaConfigUpdater: return null (satelliteConfig is null)
06-30 14:33:39.544 D/SatelliteController( 1128): getCarrierRoamingNtnConnectType: Falling back to global carrier config connect type: 0
06-30 14:33:39.544 D/TelephonyConfigUpdateInstallReceiver( 1128): getConfigParser: domain=satellite
06-30 14:33:39.544 V/SatelliteController( 1128): satelliteConfigParser is not ready
06-30 14:33:39.544 D/SatelliteController( 1128): isSatelliteAttachSupportedViaConfigupdater: return null (satelliteConfig is null)
06-30 14:33:40.435 D/AppWidgetServiceImpl(  690): Trying to notify widget update for package com.aiquota.mobile with widget id: 22
06-30 14:33:40.454 W/JobInfo (24227): Requested important-while-foreground flag for job13 is ignored and takes no effect
06-30 14:33:40.461 D/AppWidgetServiceImpl(  690): Trying to notify widget update for package com.aiquota.mobile with widget id: 24
06-30 14:33:40.463 D/AppWidgetServiceImpl(  690): Trying to notify widget update for package com.aiquota.mobile with widget id: 20
06-30 14:33:40.465 D/AppWidgetServiceImpl(  690): Trying to notify widget update for package com.aiquota.mobile with widget id: 21
06-30 14:33:40.595 I/adbd    (  539): adbd service requested 'shell,v2,raw:dumpsys package com.google.android.gms'
06-30 14:33:40.647 W/AiAiEcho( 1592): LyftNotificationParser Ridesharing ETA not enabled
06-30 14:33:40.648 I/AiAiEcho( 1592): SmartspaceNotificationPredictor no parser can handle this notification or notification is invalid
06-30 14:33:40.651 W/ProcessStats(  690): Tracking association SourceState{fb17462 com.google.android.apps.messaging:rcs/10154 BFgs #12869} whose proc state 4 is better than process ProcessState{6764665 com.google.android.apps.messaging/10154 pkg=com.google.android.apps.messaging} proc state 14 (1 skipped)
06-30 14:33:40.741 I/artd    ( 3273): GetBestInfo: odex next to the dex file (/data/app/~~pUpe9D-hsv0lOCLmNQJGyA==/com.google.android.gms-a0e_AySruvvgbDhYG8Z6yQ==/oat/x86_64/base.odex) is kOatUpToDate with filter 'speed-profile' executable 'false'
06-30 14:33:40.743 I/artd    ( 3273): GetBestInfo: dm (/data/app/~~pUpe9D-hsv0lOCLmNQJGyA==/com.google.android.gms-a0e_AySruvvgbDhYG8Z6yQ==/split_AdsDynamite_installtime.dm) is kOatUpToDate with filter 'verify' executable 'false'
06-30 14:33:40.744 I/artd    ( 3273): GetBestInfo: odex next to the dex file (/data/app/~~pUpe9D-hsv0lOCLmNQJGyA==/com.google.android.gms-a0e_AySruvvgbDhYG8Z6yQ==/oat/x86_64/split_CronetDynamite_installtime.odex) is kOatUpToDate with filter 'speed-profile' executable 'false'
06-30 14:33:40.745 I/artd    ( 3273): GetBestInfo: dm (/data/app/~~pUpe9D-hsv0lOCLmNQJGyA==/com.google.android.gms-a0e_AySruvvgbDhYG8Z6yQ==/split_DynamiteLoader_installtime.dm) is kOatUpToDate with filter 'verify' executable 'false'
06-30 14:33:40.746 I/artd    ( 3273): GetBestInfo: dm (/data/app/~~pUpe9D-hsv0lOCLmNQJGyA==/com.google.android.gms-a0e_AySruvvgbDhYG8Z6yQ==/split_DynamiteModulesA_installtime.dm) is kOatUpToDate with filter 'verify' executable 'false'
06-30 14:33:40.748 I/artd    ( 3273): GetBestInfo: dm (/data/app/~~pUpe9D-hsv0lOCLmNQJGyA==/com.google.android.gms-a0e_AySruvvgbDhYG8Z6yQ==/split_DynamiteModulesC_installtime.dm) is kOatUpToDate with filter 'verify' executable 'false'
06-30 14:33:40.749 I/artd    ( 3273): GetBestInfo: dm (/data/app/~~pUpe9D-hsv0lOCLmNQJGyA==/com.google.android.gms-a0e_AySruvvgbDhYG8Z6yQ==/split_GoogleCertificates_installtime.dm) is kOatUpToDate with filter 'verify' executable 'false'
06-30 14:33:40.750 I/artd    ( 3273): GetBestInfo: dm (/data/app/~~pUpe9D-hsv0lOCLmNQJGyA==/com.google.android.gms-a0e_AySruvvgbDhYG8Z6yQ==/split_MapsDynamite_installtime.dm) is kOatUpToDate with filter 'verify' executable 'false'
06-30 14:33:40.751 I/artd    ( 3273): GetBestInfo: dm (/data/app/~~pUpe9D-hsv0lOCLmNQJGyA==/com.google.android.gms-a0e_AySruvvgbDhYG8Z6yQ==/split_MeasurementDynamite_installtime.dm) is kOatUpToDate with filter 'verify' executable 'false'
06-30 14:33:40.752 I/artd    ( 3273): GetBestInfo: /data/user_de/0/com.google.android.gms/app_chimera/m/0000000e/dl-IdentityCredentialsPlatform.optional_262031100800.apk has no usable artifacts
06-30 14:33:40.752 I/artd    ( 3273): GetBestInfo: /data/user_de/0/com.google.android.gms/app_chimera/m/00000001/CronetDynamite.apk has no usable artifacts
06-30 14:33:40.754 I/artd    ( 3273): GetBestInfo: /data/user_de/0/com.google.android.gms/app_chimera/m/00000013/dl-TfliteDynamiteDynamite.integ_252130102100800.apk has no usable artifacts
06-30 14:33:40.754 I/artd    ( 3273): GetBestInfo: /data/user_de/0/com.google.android.gms/app_chimera/m/00000002/DynamiteLoader.apk has no usable artifacts
06-30 14:33:40.756 I/artd    ( 3273): GetBestInfo: /data/user_de/0/com.google.android.gms/app_chimera/m/0000000c/dl-IdentityCredentialsPlatform.optional_261136100800.apk has no usable artifacts
06-30 14:33:40.757 I/artd    ( 3273): GetBestInfo: /data/user_de/0/com.google.android.gms/app_chimera/m/00000005/GoogleCertificates.apk has no usable artifacts
06-30 14:33:40.758 I/artd    ( 3273): GetBestInfo: /data/user_de/0/com.google.android.gms/app_chimera/m/0000000a/dl-TfliteDynamiteDynamite.integ_260580502100800.apk has no usable artifacts
06-30 14:33:40.760 D/AppWidgetServiceImpl(  690): Trying to notify widget update for package com.aiquota.mobile with widget id: 17
06-30 14:33:40.761 I/artd    ( 3273): GetBestInfo: /data/user_de/0/com.google.android.gms/app_chimera/m/00000016/dl-PlayCloudSearch.optional_262031100000.apk has no usable artifacts
06-30 14:33:40.762 I/artd    ( 3273): GetBestInfo: /data/user_de/0/com.google.android.gms/app_chimera/m/00000014/dl-MlkitOcrCommon.optional_262031100800.apk has no usable artifacts
06-30 14:33:40.763 I/artd    ( 3273): GetBestInfo: /data/user_de/0/com.google.android.gms/app_chimera/m/00000008/dl-VisionOcr.optional_261136100000.apk has no usable artifacts
06-30 14:33:40.764 I/artd    ( 3273): GetBestInfo: /data/user_de/0/com.google.android.gms/app_chimera/m/00000010/dl-Appsearch.optional_262031100800.apk has no usable artifacts
06-30 14:33:40.766 I/artd    ( 3273): GetBestInfo: /data/user_de/0/com.google.android.gms/app_chimera/m/0000000b/dl-Appsearch.optional_261136100800.apk has no usable artifacts
06-30 14:33:40.767 I/artd    ( 3273): GetBestInfo: vdex next to the dex file (/data/user/0/com.google.android.gms/app_dg_cache/9BCBC14EE674B00B958D4B0C5B4BD883630AA39E/oat/x86_64/the.vdex) is kOatUpToDate with filter 'verify' executable 'false'
06-30 14:33:40.768 D/ShortcutAndWidgetContainer( 2807): appWidgetScale - [x,y]: [1.0,1.0]
06-30 14:33:40.768 D/NavigableAppWidgetHostView( 2807): updateScale - [fitScale,bounceScale]: [1.0,1.0]
06-30 14:33:40.768 D/ShortcutAndWidgetContainer( 2807): appWidgetScale - [x,y]: [1.0,1.0]
06-30 14:33:40.768 D/NavigableAppWidgetHostView( 2807): updateScale - [fitScale,bounceScale]: [1.0,1.0]
06-30 14:33:40.768 D/ShortcutAndWidgetContainer( 2807): appWidgetScale - [x,y]: [1.0,1.0]
06-30 14:33:40.768 D/NavigableAppWidgetHostView( 2807): updateScale - [fitScale,bounceScale]: [1.0,1.0]
06-30 14:33:40.768 D/ShortcutAndWidgetContainer( 2807): appWidgetScale - [x,y]: [1.0,1.0]
06-30 14:33:40.768 D/NavigableAppWidgetHostView( 2807): updateScale - [fitScale,bounceScale]: [1.0,1.0]
06-30 14:33:40.769 I/artd    ( 3273): GetBestInfo: /data/user_de/0/com.google.android.gms/app_chimera/m/00000009/dl-MlkitOcrCommon.optional_261136100800.apk has no usable artifacts
06-30 14:33:40.770 I/artd    ( 3273): GetBestInfo: /data/user/0/com.google.android.gms/app_dg_cache/22DA9D7AD8ED7504E0CAC64C41ECDBD7068924E0/the.apk has no usable artifacts
06-30 14:33:40.772 I/artd    ( 3273): GetBestInfo: vdex next to the dex file (/data/user/0/com.google.android.gms/app_dg_cache/FEE57AEA14526BE59FD8AB1365237E7B7A5CE7CB/oat/x86_64/the.vdex) is kOatUpToDate with filter 'verify' executable 'false'
06-30 14:33:40.773 I/artd    ( 3273): GetBestInfo: vdex next to the dex file (/data/user/0/com.google.android.gms/app_dg_cache/1C62BDE86218FBAA50DF06C4A79F5C3FE74B69EC/oat/x86_64/the.vdex) is kOatUpToDate with filter 'verify' executable 'false'
06-30 14:33:40.775 I/artd    ( 3273): GetBestInfo: /data/user_de/0/com.google.android.gms/app_chimera/m/0000000f/dl-VisionOcr.optional_262031100000.apk has no usable artifacts
06-30 14:33:40.776 I/artd    ( 3273): GetBestInfo: /data/user_de/0/com.google.android.gms/app_chimera/m/00000015/dl-MlkitBarcodeUi.optional_262031100800.apk has no usable artifacts
06-30 14:33:40.778 I/artd    ( 3273): GetBestInfo: /data/user_de/0/com.google.android.gms/app_chimera/m/00000007/MeasurementDynamite.apk has no usable artifacts
06-30 14:33:40.790 W/skia    (  527): AGTM parsing failed flags.readFromStream(s) at 159
06-30 14:33:40.790 W/skia    (  527): AGTM parsing failed flags.readFromStream(s) at 159
06-30 14:33:40.891 W/skia    (  527): AGTM parsing failed flags.readFromStream(s) at 159
06-30 14:33:40.891 W/skia    (  527): AGTM parsing failed flags.readFromStream(s) at 159
06-30 14:33:41.929 I/AdbWifiNetworkMonitor(  690): Wi-Fi network available
06-30 14:33:41.929 I/AdbWifiNetworkMonitor(  690): Received the same Wi-Fi SSID. Ignoring.
06-30 14:33:41.931 I/HalDevMgr(  690): bestIfaceCreationProposal is null, requestIface=STA, existingIface=[name=wlan0 type=STA]
06-30 14:33:41.933 D/WM-WorkConstraintsTrack( 2923): NetworkRequestConstraintController onCapabilitiesChanged callback
06-30 14:33:41.934 W/libbinder.IPCThreadState(  690): Sending oneway calls to frozen process.
06-30 14:33:41.934 D/WM-WorkConstraintsTrack( 3977): NetworkRequestConstraintController onCapabilitiesChanged callback
06-30 14:33:41.936 W/libbinder.IPCThreadState(  690): Sending oneway calls to frozen process.
06-30 14:33:41.936 I/BugleRcsEngine( 3867): handleMessage processing message:[NOTIFY_UPTIME_IGNORE_STATE_CHANGED] with [non-null]:RcsEngineImpl reference [CONTEXT log_prefix="RcsEngineImpl[DUAL_REG]:[390448b9-d26f]>Handler" thread_id=69 ]
06-30 14:33:41.936 I/BugleRcsEngine( 3867): Connected state: [1], networkType: [WIFI] [CONTEXT thread_id=65 ]
06-30 14:33:41.937 W/libbinder.IPCThreadState(  690): Sending oneway calls to frozen process.
06-30 14:33:41.937 W/libbinder.IPCThreadState(  690): Sending oneway calls to frozen process.
06-30 14:33:41.937 W/libbinder.IPCThreadState(  690): Sending oneway calls to frozen process.
06-30 14:33:41.937 W/libbinder.IPCThreadState(  690): Sending oneway calls to frozen process.
06-30 14:33:41.938 I/NullBinder( 1317): NullBinder for android.net.action.RECOMMEND_NETWORKS triggering remote TransactionTooLargeException due to Service without Chimera impl, calling uid: 1000, calling pid: 0
06-30 14:33:41.938 W/libbinder.Binder( 1317): Large reply transaction of 1056768 bytes, interface descriptor , function: UNKNOWN_FUNCTION_NAME, code: 1, flags: 17
06-30 14:33:41.939 W/libbinder.IPCThreadState(  690): Sending oneway calls to frozen process.
06-30 14:33:41.940 W/libbinder.IPCThreadState(  690): Sending oneway calls to frozen process.
06-30 14:33:41.941 W/libbinder.IPCThreadState(  690): Sending oneway calls to frozen process.
06-30 14:33:41.943 I/BugleRcsEngine( 3867): No RCS Configuration was found in Bugle for simID: redacted-pii:sim_id[chars:20,last3:897] [CONTEXT log_prefix="ProvisioningEngineDataRetriever" thread_id=69 ]
06-30 14:33:41.943 D/ConnectivityService(  690): NetReassign [no changes] [c 0] [a 1] [i 1]
06-30 14:33:41.944 I/NearbyMediums( 1317): Wifi changed new SSID: "AndroidWifi"
06-30 14:33:41.944 I/NearbyMediums( 1317): WifiLanConnectivityInfo is not changed, skip notify.
06-30 14:33:42.434 I/NearbySharing( 1317): Network state changed: NetworkState(isRestricted=false, isOnline=true, isCongested=false, isMetered=false, isWifiConnected=true)
06-30 14:33:44.939 I/HalDevMgr(  690): bestIfaceCreationProposal is null, requestIface=STA, existingIface=[name=wlan0 type=STA]
06-30 14:33:44.942 D/IpClient/wlan0( 1083): interfaceLinkStateChanged: ifindex 16 up
06-30 14:33:44.947 D/IpClient/wlan0( 1083): interfaceLinkStateChanged: ifindex 16 up
06-30 14:33:46.934 I/wpa_supplicant(  961): wlan0: CTRL-EVENT-BEACON-LOSS 
06-30 14:33:47.944 I/AdbWifiNetworkMonitor(  690): Wi-Fi network available
06-30 14:33:47.944 I/AdbWifiNetworkMonitor(  690): Received the same Wi-Fi SSID. Ignoring.
06-30 14:33:47.950 D/WM-WorkConstraintsTrack( 2923): NetworkRequestConstraintController onCapabilitiesChanged callback
06-30 14:33:47.951 I/HalDevMgr(  690): bestIfaceCreationProposal is null, requestIface=STA, existingIface=[name=wlan0 type=STA]
06-30 14:33:47.951 D/WM-WorkConstraintsTrack( 3977): NetworkRequestConstraintController onCapabilitiesChanged callback
06-30 14:33:47.952 I/BugleRcsEngine( 3867): handleMessage processing message:[NOTIFY_UPTIME_IGNORE_STATE_CHANGED] with [non-null]:RcsEngineImpl reference [CONTEXT log_prefix="RcsEngineImpl[DUAL_REG]:[390448b9-d26f]>Handler" thread_id=69 ]
06-30 14:33:47.952 I/BugleRcsEngine( 3867): Connected state: [1], networkType: [WIFI] [CONTEXT thread_id=65 ]
06-30 14:33:47.953 I/NullBinder( 1317): NullBinder for android.net.action.RECOMMEND_NETWORKS triggering remote TransactionTooLargeException due to Service without Chimera impl, calling uid: 1000, calling pid: 0
06-30 14:33:47.953 W/libbinder.Binder( 1317): Large reply transaction of 1056768 bytes, interface descriptor , function: UNKNOWN_FUNCTION_NAME, code: 1, flags: 17
06-30 14:33:47.953 W/libbinder.IPCThreadState(  690): Sending oneway calls to frozen process.
06-30 14:33:47.953 W/libbinder.IPCThreadState(  690): Sending oneway calls to frozen process.
06-30 14:33:47.955 W/libbinder.IPCThreadState(  690): Sending oneway calls to frozen process.
06-30 14:33:47.956 W/libbinder.IPCThreadState(  690): Sending oneway calls to frozen process.
06-30 14:33:47.956 W/libbinder.IPCThreadState(  690): Sending oneway calls to frozen process.
06-30 14:33:47.956 W/libbinder.IPCThreadState(  690): Sending oneway calls to frozen process.
06-30 14:33:47.958 W/libbinder.IPCThreadState(  690): Sending oneway calls to frozen process.
06-30 14:33:47.959 I/BugleRcsEngine( 3867): No RCS Configuration was found in Bugle for simID: redacted-pii:sim_id[chars:20,last3:897] [CONTEXT log_prefix="ProvisioningEngineDataRetriever" thread_id=69 ]
06-30 14:33:47.959 W/libbinder.IPCThreadState(  690): Sending oneway calls to frozen process.
06-30 14:33:47.961 W/libbinder.IPCThreadState(  690): Sending oneway calls to frozen process.
06-30 14:33:47.963 D/ConnectivityService(  690): NetReassign [no changes] [c 0] [a 1] [i 1]
06-30 14:33:47.964 I/NearbyMediums( 1317): Wifi changed new SSID: "AndroidWifi"
06-30 14:33:47.964 I/NearbyMediums( 1317): WifiLanConnectivityInfo is not changed, skip notify.
06-30 14:33:48.456 I/NearbySharing( 1317): Network state changed: NetworkState(isRestricted=false, isOnline=true, isCongested=false, isMetered=false, isWifiConnected=true)
06-30 14:33:49.284 I/keystore2(  331): system/security/keystore2/watchdog/src/lib.rs:371 - Watchdog thread idle -> terminating. Have a great day.
06-30 14:33:49.543 D/SatelliteController( 1128): isInCarrierRoamingNbIotNtn: satellite is disabled
06-30 14:33:49.543 D/SatelliteController( 1128): getCarrierRoamingNtnConnectType: Checking connect type from PLMN config for subId: 1
06-30 14:33:49.543 D/TelephonyConfigUpdateInstallReceiver( 1128): getConfigParser: domain=satellite
06-30 14:33:49.543 V/SatelliteController( 1128): satelliteConfigParser is not ready
06-30 14:33:49.543 D/SatelliteController( 1128): isSatelliteAttachSupportedViaConfigupdater: return null (satelliteConfig is null)
06-30 14:33:49.543 D/SatelliteController( 1128): getSatellitePerPlmnConfiguration: invalid subId or not supported via carrier.
06-30 14:33:49.543 D/SatelliteController( 1128): getCarrierRoamingNtnConnectType: config: null
06-30 14:33:49.543 D/TelephonyConfigUpdateInstallReceiver( 1128): getConfigParser: domain=satellite
06-30 14:33:49.543 V/SatelliteController( 1128): satelliteConfigParser is not ready
06-30 14:33:49.543 D/SatelliteController( 1128): getCarrierRoamingNtnConnectTypeViaConfigUpdater: return null (satelliteConfig is null)
06-30 14:33:49.544 D/SatelliteController( 1128): getCarrierRoamingNtnConnectType: Falling back to global carrier config connect type: 0
06-30 14:33:49.544 D/TelephonyConfigUpdateInstallReceiver( 1128): getConfigParser: domain=satellite
06-30 14:33:49.544 V/SatelliteController( 1128): satelliteConfigParser is not ready
06-30 14:33:49.544 D/SatelliteController( 1128): isSatelliteAttachSupportedViaConfigupdater: return null (satelliteConfig is null)
06-30 14:33:49.544 D/SatelliteController( 1128): getCarrierRoamingNtnConnectType: Checking connect type from PLMN config for subId: 1
06-30 14:33:49.544 D/TelephonyConfigUpdateInstallReceiver( 1128): getConfigParser: domain=satellite
06-30 14:33:49.544 V/SatelliteController( 1128): satelliteConfigParser is not ready
06-30 14:33:49.544 D/SatelliteController( 1128): isSatelliteAttachSupportedViaConfigupdater: return null (satelliteConfig is null)
06-30 14:33:49.544 D/SatelliteController( 1128): getSatellitePerPlmnConfiguration: invalid subId or not supported via carrier.
06-30 14:33:49.544 D/SatelliteController( 1128): getCarrierRoamingNtnConnectType: config: null
06-30 14:33:49.544 D/TelephonyConfigUpdateInstallReceiver( 1128): getConfigParser: domain=satellite
06-30 14:33:49.544 V/SatelliteController( 1128): satelliteConfigParser is not ready
06-30 14:33:49.544 D/SatelliteController( 1128): getCarrierRoamingNtnConnectTypeViaConfigUpdater: return null (satelliteConfig is null)
06-30 14:33:49.544 D/SatelliteController( 1128): getCarrierRoamingNtnConnectType: Falling back to global carrier config connect type: 0
06-30 14:33:49.544 D/TelephonyConfigUpdateInstallReceiver( 1128): getConfigParser: domain=satellite
06-30 14:33:49.544 V/SatelliteController( 1128): satelliteConfigParser is not ready
06-30 14:33:49.544 D/SatelliteController( 1128): isSatelliteAttachSupportedViaConfigupdater: return null (satelliteConfig is null)
06-30 14:33:49.576 W/skia    (  527): AGTM parsing failed flags.readFromStream(s) at 159
06-30 14:33:49.576 W/skia    (  527): AGTM parsing failed flags.readFromStream(s) at 159
06-30 14:33:50.593 I/adbd    (  539): adbd service requested 'shell,v2,raw:dumpsys package com.google.android.gms'
06-30 14:33:50.761 I/artd    ( 3273): GetBestInfo: odex next to the dex file (/data/app/~~pUpe9D-hsv0lOCLmNQJGyA==/com.google.android.gms-a0e_AySruvvgbDhYG8Z6yQ==/oat/x86_64/base.odex) is kOatUpToDate with filter 'speed-profile' executable 'false'
06-30 14:33:50.762 I/artd    ( 3273): GetBestInfo: dm (/data/app/~~pUpe9D-hsv0lOCLmNQJGyA==/com.google.android.gms-a0e_AySruvvgbDhYG8Z6yQ==/split_AdsDynamite_installtime.dm) is kOatUpToDate with filter 'verify' executable 'false'
06-30 14:33:50.763 I/artd    ( 3273): GetBestInfo: odex next to the dex file (/data/app/~~pUpe9D-hsv0lOCLmNQJGyA==/com.google.android.gms-a0e_AySruvvgbDhYG8Z6yQ==/oat/x86_64/split_CronetDynamite_installtime.odex) is kOatUpToDate with filter 'speed-profile' executable 'false'
06-30 14:33:50.765 I/artd    ( 3273): GetBestInfo: dm (/data/app/~~pUpe9D-hsv0lOCLmNQJGyA==/com.google.android.gms-a0e_AySruvvgbDhYG8Z6yQ==/split_DynamiteLoader_installtime.dm) is kOatUpToDate with filter 'verify' executable 'false'
06-30 14:33:50.766 I/artd    ( 3273): GetBestInfo: dm (/data/app/~~pUpe9D-hsv0lOCLmNQJGyA==/com.google.android.gms-a0e_AySruvvgbDhYG8Z6yQ==/split_DynamiteModulesA_installtime.dm) is kOatUpToDate with filter 'verify' executable 'false'
06-30 14:33:50.768 I/artd    ( 3273): GetBestInfo: dm (/data/app/~~pUpe9D-hsv0lOCLmNQJGyA==/com.google.android.gms-a0e_AySruvvgbDhYG8Z6yQ==/split_DynamiteModulesC_installtime.dm) is kOatUpToDate with filter 'verify' executable 'false'
06-30 14:33:50.769 I/artd    ( 3273): GetBestInfo: dm (/data/app/~~pUpe9D-hsv0lOCLmNQJGyA==/com.google.android.gms-a0e_AySruvvgbDhYG8Z6yQ==/split_GoogleCertificates_installtime.dm) is kOatUpToDate with filter 'verify' executable 'false'
06-30 14:33:50.771 I/artd    ( 3273): GetBestInfo: dm (/data/app/~~pUpe9D-hsv0lOCLmNQJGyA==/com.google.android.gms-a0e_AySruvvgbDhYG8Z6yQ==/split_MapsDynamite_installtime.dm) is kOatUpToDate with filter 'verify' executable 'false'
06-30 14:33:50.773 I/artd    ( 3273): GetBestInfo: dm (/data/app/~~pUpe9D-hsv0lOCLmNQJGyA==/com.google.android.gms-a0e_AySruvvgbDhYG8Z6yQ==/split_MeasurementDynamite_installtime.dm) is kOatUpToDate with filter 'verify' executable 'false'
06-30 14:33:50.774 I/artd    ( 3273): GetBestInfo: /data/user_de/0/com.google.android.gms/app_chimera/m/0000000e/dl-IdentityCredentialsPlatform.optional_262031100800.apk has no usable artifacts
06-30 14:33:50.775 I/artd    ( 3273): GetBestInfo: /data/user_de/0/com.google.android.gms/app_chimera/m/00000001/CronetDynamite.apk has no usable artifacts
06-30 14:33:50.777 I/artd    ( 3273): GetBestInfo: /data/user_de/0/com.google.android.gms/app_chimera/m/00000013/dl-TfliteDynamiteDynamite.integ_252130102100800.apk has no usable artifacts
06-30 14:33:50.778 I/artd    ( 3273): GetBestInfo: /data/user_de/0/com.google.android.gms/app_chimera/m/00000002/DynamiteLoader.apk has no usable artifacts
06-30 14:33:50.779 I/artd    ( 3273): GetBestInfo: /data/user_de/0/com.google.android.gms/app_chimera/m/0000000c/dl-IdentityCredentialsPlatform.optional_261136100800.apk has no usable artifacts
06-30 14:33:50.780 I/artd    ( 3273): GetBestInfo: /data/user_de/0/com.google.android.gms/app_chimera/m/00000005/GoogleCertificates.apk has no usable artifacts
06-30 14:33:50.782 I/artd    ( 3273): GetBestInfo: /data/user_de/0/com.google.android.gms/app_chimera/m/0000000a/dl-TfliteDynamiteDynamite.integ_260580502100800.apk has no usable artifacts
06-30 14:33:50.783 I/artd    ( 3273): GetBestInfo: /data/user_de/0/com.google.android.gms/app_chimera/m/00000016/dl-PlayCloudSearch.optional_262031100000.apk has no usable artifacts
06-30 14:33:50.784 I/artd    ( 3273): GetBestInfo: /data/user_de/0/com.google.android.gms/app_chimera/m/00000014/dl-MlkitOcrCommon.optional_262031100800.apk has no usable artifacts
06-30 14:33:50.785 I/artd    ( 3273): GetBestInfo: /data/user_de/0/com.google.android.gms/app_chimera/m/00000008/dl-VisionOcr.optional_261136100000.apk has no usable artifacts
06-30 14:33:50.787 I/artd    ( 3273): GetBestInfo: /data/user_de/0/com.google.android.gms/app_chimera/m/00000010/dl-Appsearch.optional_262031100800.apk has no usable artifacts
06-30 14:33:50.789 I/artd    ( 3273): GetBestInfo: /data/user_de/0/com.google.android.gms/app_chimera/m/0000000b/dl-Appsearch.optional_261136100800.apk has no usable artifacts
06-30 14:33:50.791 I/artd    ( 3273): GetBestInfo: vdex next to the dex file (/data/user/0/com.google.android.gms/app_dg_cache/9BCBC14EE674B00B958D4B0C5B4BD883630AA39E/oat/x86_64/the.vdex) is kOatUpToDate with filter 'verify' executable 'false'
06-30 14:33:50.793 I/artd    ( 3273): GetBestInfo: /data/user_de/0/com.google.android.gms/app_chimera/m/00000009/dl-MlkitOcrCommon.optional_261136100800.apk has no usable artifacts
06-30 14:33:50.794 I/artd    ( 3273): GetBestInfo: /data/user/0/com.google.android.gms/app_dg_cache/22DA9D7AD8ED7504E0CAC64C41ECDBD7068924E0/the.apk has no usable artifacts
06-30 14:33:50.796 I/artd    ( 3273): GetBestInfo: vdex next to the dex file (/data/user/0/com.google.android.gms/app_dg_cache/FEE57AEA14526BE59FD8AB1365237E7B7A5CE7CB/oat/x86_64/the.vdex) is kOatUpToDate with filter 'verify' executable 'false'
06-30 14:33:50.797 I/artd    ( 3273): GetBestInfo: vdex next to the dex file (/data/user/0/com.google.android.gms/app_dg_cache/1C62BDE86218FBAA50DF06C4A79F5C3FE74B69EC/oat/x86_64/the.vdex) is kOatUpToDate with filter 'verify' executable 'false'
06-30 14:33:50.798 I/artd    ( 3273): GetBestInfo: /data/user_de/0/com.google.android.gms/app_chimera/m/0000000f/dl-VisionOcr.optional_262031100000.apk has no usable artifacts
06-30 14:33:50.799 I/artd    ( 3273): GetBestInfo: /data/user_de/0/com.google.android.gms/app_chimera/m/00000015/dl-MlkitBarcodeUi.optional_262031100800.apk has no usable artifacts
06-30 14:33:50.800 I/artd    ( 3273): GetBestInfo: /data/user_de/0/com.google.android.gms/app_chimera/m/00000007/MeasurementDynamite.apk has no usable artifacts
06-30 14:33:50.958 I/HalDevMgr(  690): bestIfaceCreationProposal is null, requestIface=STA, existingIface=[name=wlan0 type=STA]
06-30 14:33:50.960 D/IpClient/wlan0( 1083): interfaceLinkStateChanged: ifindex 16 up
06-30 14:33:50.965 D/IpClient/wlan0( 1083): interfaceLinkStateChanged: ifindex 16 up
06-30 14:33:53.965 I/AdbWifiNetworkMonitor(  690): Wi-Fi network available
06-30 14:33:53.965 I/AdbWifiNetworkMonitor(  690): Received the same Wi-Fi SSID. Ignoring.
06-30 14:33:53.968 I/HalDevMgr(  690): bestIfaceCreationProposal is null, requestIface=STA, existingIface=[name=wlan0 type=STA]
06-30 14:33:53.968 D/WM-WorkConstraintsTrack( 2923): NetworkRequestConstraintController onCapabilitiesChanged callback
06-30 14:33:53.970 W/libbinder.IPCThreadState(  690): Sending oneway calls to frozen process.
06-30 14:33:53.970 W/libbinder.IPCThreadState(  690): Sending oneway calls to frozen process.
06-30 14:33:53.971 I/BugleRcsEngine( 3867): handleMessage processing message:[NOTIFY_UPTIME_IGNORE_STATE_CHANGED] with [non-null]:RcsEngineImpl reference [CONTEXT log_prefix="RcsEngineImpl[DUAL_REG]:[390448b9-d26f]>Handler" thread_id=69 ]
06-30 14:33:53.971 I/BugleRcsEngine( 3867): Connected state: [1], networkType: [WIFI] [CONTEXT thread_id=65 ]
06-30 14:33:53.972 W/libbinder.IPCThreadState(  690): Sending oneway calls to frozen process.
06-30 14:33:53.972 W/libbinder.IPCThreadState(  690): Sending oneway calls to frozen process.
06-30 14:33:53.972 W/libbinder.IPCThreadState(  690): Sending oneway calls to frozen process.
06-30 14:33:53.972 W/libbinder.IPCThreadState(  690): Sending oneway calls to frozen process.
06-30 14:33:53.973 D/WM-WorkConstraintsTrack( 3977): NetworkRequestConstraintController onCapabilitiesChanged callback
06-30 14:33:53.973 I/NullBinder( 1317): NullBinder for android.net.action.RECOMMEND_NETWORKS triggering remote TransactionTooLargeException due to Service without Chimera impl, calling uid: 1000, calling pid: 0
06-30 14:33:53.973 W/libbinder.Binder( 1317): Large reply transaction of 1056768 bytes, interface descriptor , function: UNKNOWN_FUNCTION_NAME, code: 1, flags: 17
06-30 14:33:53.974 W/libbinder.IPCThreadState(  690): Sending oneway calls to frozen process.
06-30 14:33:53.975 W/libbinder.IPCThreadState(  690): Sending oneway calls to frozen process.
06-30 14:33:53.975 I/BugleRcsEngine( 3867): No RCS Configuration was found in Bugle for simID: redacted-pii:sim_id[chars:20,last3:897] [CONTEXT log_prefix="ProvisioningEngineDataRetriever" thread_id=69 ]
06-30 14:33:53.976 W/libbinder.IPCThreadState(  690): Sending oneway calls to frozen process.
06-30 14:33:53.977 D/ConnectivityService(  690): NetReassign [no changes] [c 1] [a 0] [i 0]
06-30 14:33:53.977 I/NearbyMediums( 1317): Wifi changed new SSID: "AndroidWifi"
06-30 14:33:53.977 I/NearbyMediums( 1317): WifiLanConnectivityInfo is not changed, skip notify.
06-30 14:33:54.473 I/NearbySharing( 1317): Network state changed: NetworkState(isRestricted=false, isOnline=true, isCongested=false, isMetered=false, isWifiConnected=true)
06-30 14:33:55.125 I/wpa_supplicant(  961): wlan0: CTRL-EVENT-BEACON-LOSS 
06-30 14:33:56.972 I/AdbWifiNetworkMonitor(  690): Wi-Fi network available
06-30 14:33:56.972 I/AdbWifiNetworkMonitor(  690): Received the same Wi-Fi SSID. Ignoring.
06-30 14:33:56.975 I/HalDevMgr(  690): bestIfaceCreationProposal is null, requestIface=STA, existingIface=[name=wlan0 type=STA]
06-30 14:33:56.977 I/NullBinder( 1317): NullBinder for android.net.action.RECOMMEND_NETWORKS triggering remote TransactionTooLargeException due to Service without Chimera impl, calling uid: 1000, calling pid: 0
06-30 14:33:56.977 W/libbinder.Binder( 1317): Large reply transaction of 1056768 bytes, interface descriptor , function: UNKNOWN_FUNCTION_NAME, code: 1, flags: 17
06-30 14:33:56.977 D/WM-WorkConstraintsTrack( 2923): NetworkRequestConstraintController onCapabilitiesChanged callback
06-30 14:33:56.979 D/WM-WorkConstraintsTrack( 3977): NetworkRequestConstraintController onCapabilitiesChanged callback
06-30 14:33:56.979 W/libbinder.IPCThreadState(  690): Sending oneway calls to frozen process.
06-30 14:33:56.979 W/libbinder.IPCThreadState(  690): Sending oneway calls to frozen process.
06-30 14:33:56.980 I/BugleRcsEngine( 3867): Connected state: [1], networkType: [WIFI] [CONTEXT thread_id=65 ]
06-30 14:33:56.980 I/BugleRcsEngine( 3867): handleMessage processing message:[NOTIFY_UPTIME_IGNORE_STATE_CHANGED] with [non-null]:RcsEngineImpl reference [CONTEXT log_prefix="RcsEngineImpl[DUAL_REG]:[390448b9-d26f]>Handler" thread_id=69 ]
06-30 14:33:56.980 W/libbinder.IPCThreadState(  690): Sending oneway calls to frozen process.
06-30 14:33:56.980 W/libbinder.IPCThreadState(  690): Sending oneway calls to frozen process.
06-30 14:33:56.980 W/libbinder.IPCThreadState(  690): Sending oneway calls to frozen process.
06-30 14:33:56.980 W/libbinder.IPCThreadState(  690): Sending oneway calls to frozen process.
06-30 14:33:56.982 W/libbinder.IPCThreadState(  690): Sending oneway calls to frozen process.
06-30 14:33:56.982 W/libbinder.IPCThreadState(  690): Sending oneway calls to frozen process.
06-30 14:33:56.983 W/libbinder.IPCThreadState(  690): Sending oneway calls to frozen process.
06-30 14:33:56.985 I/BugleRcsEngine( 3867): No RCS Configuration was found in Bugle for simID: redacted-pii:sim_id[chars:20,last3:897] [CONTEXT log_prefix="ProvisioningEngineDataRetriever" thread_id=69 ]
06-30 14:33:56.985 D/ConnectivityService(  690): NetReassign [no changes] [c 1] [a 0] [i 1]
06-30 14:33:56.986 I/NearbyMediums( 1317): Wifi changed new SSID: "AndroidWifi"
06-30 14:33:56.986 I/NearbyMediums( 1317): WifiLanConnectivityInfo is not changed, skip notify.
06-30 14:33:57.481 I/NearbySharing( 1317): Network state changed: NetworkState(isRestricted=false, isOnline=true, isCongested=false, isMetered=false, isWifiConnected=true)
06-30 14:33:59.542 D/SatelliteController( 1128): isInCarrierRoamingNbIotNtn: satellite is disabled
06-30 14:33:59.542 D/SatelliteController( 1128): getCarrierRoamingNtnConnectType: Checking connect type from PLMN config for subId: 1
06-30 14:33:59.542 D/TelephonyConfigUpdateInstallReceiver( 1128): getConfigParser: domain=satellite
06-30 14:33:59.542 V/SatelliteController( 1128): satelliteConfigParser is not ready
06-30 14:33:59.542 D/SatelliteController( 1128): isSatelliteAttachSupportedViaConfigupdater: return null (satelliteConfig is null)
06-30 14:33:59.542 D/SatelliteController( 1128): getSatellitePerPlmnConfiguration: invalid subId or not supported via carrier.
06-30 14:33:59.542 D/SatelliteController( 1128): getCarrierRoamingNtnConnectType: config: null
06-30 14:33:59.542 D/TelephonyConfigUpdateInstallReceiver( 1128): getConfigParser: domain=satellite
06-30 14:33:59.542 V/SatelliteController( 1128): satelliteConfigParser is not ready
06-30 14:33:59.542 D/SatelliteController( 1128): getCarrierRoamingNtnConnectTypeViaConfigUpdater: return null (satelliteConfig is null)
06-30 14:33:59.542 D/SatelliteController( 1128): getCarrierRoamingNtnConnectType: Falling back to global carrier config connect type: 0
06-30 14:33:59.542 D/TelephonyConfigUpdateInstallReceiver( 1128): getConfigParser: domain=satellite
06-30 14:33:59.542 V/SatelliteController( 1128): satelliteConfigParser is not ready
06-30 14:33:59.542 D/SatelliteController( 1128): isSatelliteAttachSupportedViaConfigupdater: return null (satelliteConfig is null)
06-30 14:33:59.543 D/SatelliteController( 1128): getCarrierRoamingNtnConnectType: Checking connect type from PLMN config for subId: 1
06-30 14:33:59.543 D/TelephonyConfigUpdateInstallReceiver( 1128): getConfigParser: domain=satellite
06-30 14:33:59.543 V/SatelliteController( 1128): satelliteConfigParser is not ready
06-30 14:33:59.543 D/SatelliteController( 1128): isSatelliteAttachSupportedViaConfigupdater: return null (satelliteConfig is null)
06-30 14:33:59.543 D/SatelliteController( 1128): getSatellitePerPlmnConfiguration: invalid subId or not supported via carrier.
06-30 14:33:59.543 D/SatelliteController( 1128): getCarrierRoamingNtnConnectType: config: null
06-30 14:33:59.543 D/TelephonyConfigUpdateInstallReceiver( 1128): getConfigParser: domain=satellite
06-30 14:33:59.543 V/SatelliteController( 1128): satelliteConfigParser is not ready
06-30 14:33:59.543 D/SatelliteController( 1128): getCarrierRoamingNtnConnectTypeViaConfigUpdater: return null (satelliteConfig is null)
06-30 14:33:59.543 D/SatelliteController( 1128): getCarrierRoamingNtnConnectType: Falling back to global carrier config connect type: 0
06-30 14:33:59.543 D/TelephonyConfigUpdateInstallReceiver( 1128): getConfigParser: domain=satellite
06-30 14:33:59.543 V/SatelliteController( 1128): satelliteConfigParser is not ready
06-30 14:33:59.543 D/SatelliteController( 1128): isSatelliteAttachSupportedViaConfigupdater: return null (satelliteConfig is null)
06-30 14:33:59.981 I/HalDevMgr(  690): bestIfaceCreationProposal is null, requestIface=STA, existingIface=[name=wlan0 type=STA]
06-30 14:34:00.057 W/skia    (  527): AGTM parsing failed flags.readFromStream(s) at 159
06-30 14:34:00.057 W/skia    (  527): AGTM parsing failed flags.readFromStream(s) at 159
06-30 14:34:00.592 I/adbd    (  539): adbd service requested 'shell,v2,raw:dumpsys package com.google.android.gms'
06-30 14:34:00.661 I/system_server(  690): Background young concurrent mark compact GC freed 23MB AllocSpace bytes, 4(128KB) LOS objects, 36% free, 41MB/65MB, paused 4.930ms,24.484ms total 56.383ms
06-30 14:34:00.759 I/artd    ( 3273): GetBestInfo: odex next to the dex file (/data/app/~~pUpe9D-hsv0lOCLmNQJGyA==/com.google.android.gms-a0e_AySruvvgbDhYG8Z6yQ==/oat/x86_64/base.odex) is kOatUpToDate with filter 'speed-profile' executable 'false'
06-30 14:34:00.760 I/artd    ( 3273): GetBestInfo: dm (/data/app/~~pUpe9D-hsv0lOCLmNQJGyA==/com.google.android.gms-a0e_AySruvvgbDhYG8Z6yQ==/split_AdsDynamite_installtime.dm) is kOatUpToDate with filter 'verify' executable 'false'
06-30 14:34:00.761 I/artd    ( 3273): GetBestInfo: odex next to the dex file (/data/app/~~pUpe9D-hsv0lOCLmNQJGyA==/com.google.android.gms-a0e_AySruvvgbDhYG8Z6yQ==/oat/x86_64/split_CronetDynamite_installtime.odex) is kOatUpToDate with filter 'speed-profile' executable 'false'
06-30 14:34:00.763 I/artd    ( 3273): GetBestInfo: dm (/data/app/~~pUpe9D-hsv0lOCLmNQJGyA==/com.google.android.gms-a0e_AySruvvgbDhYG8Z6yQ==/split_DynamiteLoader_installtime.dm) is kOatUpToDate with filter 'verify' executable 'false'
06-30 14:34:00.764 I/artd    ( 3273): GetBestInfo: dm (/data/app/~~pUpe9D-hsv0lOCLmNQJGyA==/com.google.android.gms-a0e_AySruvvgbDhYG8Z6yQ==/split_DynamiteModulesA_installtime.dm) is kOatUpToDate with filter 'verify' executable 'false'
06-30 14:34:00.765 I/artd    ( 3273): GetBestInfo: dm (/data/app/~~pUpe9D-hsv0lOCLmNQJGyA==/com.google.android.gms-a0e_AySruvvgbDhYG8Z6yQ==/split_DynamiteModulesC_installtime.dm) is kOatUpToDate with filter 'verify' executable 'false'
06-30 14:34:00.766 I/artd    ( 3273): GetBestInfo: dm (/data/app/~~pUpe9D-hsv0lOCLmNQJGyA==/com.google.android.gms-a0e_AySruvvgbDhYG8Z6yQ==/split_GoogleCertificates_installtime.dm) is kOatUpToDate with filter 'verify' executable 'false'
06-30 14:34:00.768 I/artd    ( 3273): GetBestInfo: dm (/data/app/~~pUpe9D-hsv0lOCLmNQJGyA==/com.google.android.gms-a0e_AySruvvgbDhYG8Z6yQ==/split_MapsDynamite_installtime.dm) is kOatUpToDate with filter 'verify' executable 'false'
06-30 14:34:00.769 I/artd    ( 3273): GetBestInfo: dm (/data/app/~~pUpe9D-hsv0lOCLmNQJGyA==/com.google.android.gms-a0e_AySruvvgbDhYG8Z6yQ==/split_MeasurementDynamite_installtime.dm) is kOatUpToDate with filter 'verify' executable 'false'
06-30 14:34:00.771 I/artd    ( 3273): GetBestInfo: /data/user_de/0/com.google.android.gms/app_chimera/m/0000000e/dl-IdentityCredentialsPlatform.optional_262031100800.apk has no usable artifacts
06-30 14:34:00.771 I/artd    ( 3273): GetBestInfo: /data/user_de/0/com.google.android.gms/app_chimera/m/00000001/CronetDynamite.apk has no usable artifacts
06-30 14:34:00.772 I/artd    ( 3273): GetBestInfo: /data/user_de/0/com.google.android.gms/app_chimera/m/00000013/dl-TfliteDynamiteDynamite.integ_252130102100800.apk has no usable artifacts
06-30 14:34:00.773 I/artd    ( 3273): GetBestInfo: /data/user_de/0/com.google.android.gms/app_chimera/m/00000002/DynamiteLoader.apk has no usable artifacts
06-30 14:34:00.774 I/artd    ( 3273): GetBestInfo: /data/user_de/0/com.google.android.gms/app_chimera/m/0000000c/dl-IdentityCredentialsPlatform.optional_261136100800.apk has no usable artifacts
06-30 14:34:00.775 I/artd    ( 3273): GetBestInfo: /data/user_de/0/com.google.android.gms/app_chimera/m/00000005/GoogleCertificates.apk has no usable artifacts
06-30 14:34:00.776 I/artd    ( 3273): GetBestInfo: /data/user_de/0/com.google.android.gms/app_chimera/m/0000000a/dl-TfliteDynamiteDynamite.integ_260580502100800.apk has no usable artifacts
06-30 14:34:00.777 I/artd    ( 3273): GetBestInfo: /data/user_de/0/com.google.android.gms/app_chimera/m/00000016/dl-PlayCloudSearch.optional_262031100000.apk has no usable artifacts
06-30 14:34:00.778 I/artd    ( 3273): GetBestInfo: /data/user_de/0/com.google.android.gms/app_chimera/m/00000014/dl-MlkitOcrCommon.optional_262031100800.apk has no usable artifacts
06-30 14:34:00.780 I/artd    ( 3273): GetBestInfo: /data/user_de/0/com.google.android.gms/app_chimera/m/00000008/dl-VisionOcr.optional_261136100000.apk has no usable artifacts
06-30 14:34:00.781 I/artd    ( 3273): GetBestInfo: /data/user_de/0/com.google.android.gms/app_chimera/m/00000010/dl-Appsearch.optional_262031100800.apk has no usable artifacts
06-30 14:34:00.782 I/artd    ( 3273): GetBestInfo: /data/user_de/0/com.google.android.gms/app_chimera/m/0000000b/dl-Appsearch.optional_261136100800.apk has no usable artifacts
06-30 14:34:00.784 I/artd    ( 3273): GetBestInfo: vdex next to the dex file (/data/user/0/com.google.android.gms/app_dg_cache/9BCBC14EE674B00B958D4B0C5B4BD883630AA39E/oat/x86_64/the.vdex) is kOatUpToDate with filter 'verify' executable 'false'
06-30 14:34:00.785 I/artd    ( 3273): GetBestInfo: /data/user_de/0/com.google.android.gms/app_chimera/m/00000009/dl-MlkitOcrCommon.optional_261136100800.apk has no usable artifacts
06-30 14:34:00.786 I/artd    ( 3273): GetBestInfo: /data/user/0/com.google.android.gms/app_dg_cache/22DA9D7AD8ED7504E0CAC64C41ECDBD7068924E0/the.apk has no usable artifacts
06-30 14:34:00.787 I/artd    ( 3273): GetBestInfo: vdex next to the dex file (/data/user/0/com.google.android.gms/app_dg_cache/FEE57AEA14526BE59FD8AB1365237E7B7A5CE7CB/oat/x86_64/the.vdex) is kOatUpToDate with filter 'verify' executable 'false'
06-30 14:34:00.789 I/artd    ( 3273): GetBestInfo: vdex next to the dex file (/data/user/0/com.google.android.gms/app_dg_cache/1C62BDE86218FBAA50DF06C4A79F5C3FE74B69EC/oat/x86_64/the.vdex) is kOatUpToDate with filter 'verify' executable 'false'
06-30 14:34:00.790 I/artd    ( 3273): GetBestInfo: /data/user_de/0/com.google.android.gms/app_chimera/m/0000000f/dl-VisionOcr.optional_262031100000.apk has no usable artifacts
06-30 14:34:00.791 I/artd    ( 3273): GetBestInfo: /data/user_de/0/com.google.android.gms/app_chimera/m/00000015/dl-MlkitBarcodeUi.optional_262031100800.apk has no usable artifacts
06-30 14:34:00.792 I/artd    ( 3273): GetBestInfo: /data/user_de/0/com.google.android.gms/app_chimera/m/00000007/MeasurementDynamite.apk has no usable artifacts
06-30 14:34:02.196 D/IpClient/wlan0( 1083): addressUpdated: fec0::f2f1:2a5:74ce:bdd5/64 on ifindex 16 flags 0x00000900 scope 200
06-30 14:34:02.196 D/IpClient/wlan0( 1083): addressUpdated: fec0::e1ae:e0ce:f07c:fc62/64 on ifindex 16 flags 0x00000001 scope 200
06-30 14:34:02.196 W/AlarmManager( 1083): Unrecognized alarm listener com.android.networkstack.android.net.ip.IpClientLinkObserver$Dhcp6PdPreferredPrefixAlarmListener@1d93f49
06-30 14:34:02.196 D/ApfFilter( 1083): (wlan0): Ignoring RA RA fe80::2 -> ff02::1 1800s fec0::/64 86400s/14400s  which matches RA fe80::2 -> ff02::1 1800s fec0::/64 86400s/14400s 
06-30 14:34:02.987 I/HalDevMgr(  690): bestIfaceCreationProposal is null, requestIface=STA, existingIface=[name=wlan0 type=STA]
06-30 14:34:03.060 I/wpa_supplicant(  961): wlan0: CTRL-EVENT-BEACON-LOSS 
06-30 14:34:05.993 I/AdbWifiNetworkMonitor(  690): Wi-Fi network available
06-30 14:34:05.993 I/AdbWifiNetworkMonitor(  690): Received the same Wi-Fi SSID. Ignoring.
06-30 14:34:05.995 I/HalDevMgr(  690): bestIfaceCreationProposal is null, requestIface=STA, existingIface=[name=wlan0 type=STA]
06-30 14:34:05.996 D/WM-WorkConstraintsTrack( 2923): NetworkRequestConstraintController onCapabilitiesChanged callback
06-30 14:34:05.998 D/WM-WorkConstraintsTrack( 3977): NetworkRequestConstraintController onCapabilitiesChanged callback
06-30 14:34:05.998 I/NullBinder( 1317): NullBinder for android.net.action.RECOMMEND_NETWORKS triggering remote TransactionTooLargeException due to Service without Chimera impl, calling uid: 1000, calling pid: 0
06-30 14:34:05.999 W/libbinder.Binder( 1317): Large reply transaction of 1056768 bytes, interface descriptor , function: UNKNOWN_FUNCTION_NAME, code: 1, flags: 17
06-30 14:34:05.999 W/libbinder.IPCThreadState(  690): Sending oneway calls to frozen process.
06-30 14:34:05.999 W/libbinder.IPCThreadState(  690): Sending oneway calls to frozen process.
06-30 14:34:05.999 I/BugleRcsEngine( 3867): handleMessage processing message:[NOTIFY_UPTIME_IGNORE_STATE_CHANGED] with [non-null]:RcsEngineImpl reference [CONTEXT log_prefix="RcsEngineImpl[DUAL_REG]:[390448b9-d26f]>Handler" thread_id=69 ]
06-30 14:34:06.000 I/BugleRcsEngine( 3867): Connected state: [1], networkType: [WIFI] [CONTEXT thread_id=65 ]
06-30 14:34:06.001 W/libbinder.IPCThreadState(  690): Sending oneway calls to frozen process.
06-30 14:34:06.001 W/libbinder.IPCThreadState(  690): Sending oneway calls to frozen process.
06-30 14:34:06.001 W/libbinder.IPCThreadState(  690): Sending oneway calls to frozen process.
06-30 14:34:06.002 W/libbinder.IPCThreadState(  690): Sending oneway calls to frozen process.
06-30 14:34:06.002 W/libbinder.IPCThreadState(  690): Sending oneway calls to frozen process.
06-30 14:34:06.004 W/libbinder.IPCThreadState(  690): Sending oneway calls to frozen process.
06-30 14:34:06.004 I/BugleRcsEngine( 3867): No RCS Configuration was found in Bugle for simID: redacted-pii:sim_id[chars:20,last3:897] [CONTEXT log_prefix="ProvisioningEngineDataRetriever" thread_id=69 ]
06-30 14:34:06.005 W/libbinder.IPCThreadState(  690): Sending oneway calls to frozen process.
06-30 14:34:06.007 D/ConnectivityService(  690): NetReassign [no changes] [c 0] [a 1] [i 0]
06-30 14:34:06.008 I/NearbyMediums( 1317): Wifi changed new SSID: "AndroidWifi"
06-30 14:34:06.008 I/NearbyMediums( 1317): WifiLanConnectivityInfo is not changed, skip notify.
06-30 14:34:06.500 I/NearbySharing( 1317): Network state changed: NetworkState(isRestricted=false, isOnline=true, isCongested=false, isMetered=false, isWifiConnected=true)
06-30 14:34:09.002 I/HalDevMgr(  690): bestIfaceCreationProposal is null, requestIface=STA, existingIface=[name=wlan0 type=STA]
06-30 14:34:09.542 D/SatelliteController( 1128): isInCarrierRoamingNbIotNtn: satellite is disabled
06-30 14:34:09.542 D/SatelliteController( 1128): getCarrierRoamingNtnConnectType: Checking connect type from PLMN config for subId: 1
06-30 14:34:09.542 D/TelephonyConfigUpdateInstallReceiver( 1128): getConfigParser: domain=satellite
06-30 14:34:09.542 V/SatelliteController( 1128): satelliteConfigParser is not ready
06-30 14:34:09.542 D/SatelliteController( 1128): isSatelliteAttachSupportedViaConfigupdater: return null (satelliteConfig is null)
06-30 14:34:09.543 D/SatelliteController( 1128): getSatellitePerPlmnConfiguration: invalid subId or not supported via carrier.
06-30 14:34:09.543 D/SatelliteController( 1128): getCarrierRoamingNtnConnectType: config: null
06-30 14:34:09.543 D/TelephonyConfigUpdateInstallReceiver( 1128): getConfigParser: domain=satellite
06-30 14:34:09.543 V/SatelliteController( 1128): satelliteConfigParser is not ready
06-30 14:34:09.543 D/SatelliteController( 1128): getCarrierRoamingNtnConnectTypeViaConfigUpdater: return null (satelliteConfig is null)
06-30 14:34:09.543 D/SatelliteController( 1128): getCarrierRoamingNtnConnectType: Falling back to global carrier config connect type: 0
06-30 14:34:09.543 D/TelephonyConfigUpdateInstallReceiver( 1128): getConfigParser: domain=satellite
06-30 14:34:09.543 V/SatelliteController( 1128): satelliteConfigParser is not ready
06-30 14:34:09.543 D/SatelliteController( 1128): isSatelliteAttachSupportedViaConfigupdater: return null (satelliteConfig is null)
06-30 14:34:09.543 D/SatelliteController( 1128): getCarrierRoamingNtnConnectType: Checking connect type from PLMN config for subId: 1
06-30 14:34:09.543 D/TelephonyConfigUpdateInstallReceiver( 1128): getConfigParser: domain=satellite
06-30 14:34:09.543 V/SatelliteController( 1128): satelliteConfigParser is not ready
06-30 14:34:09.543 D/SatelliteController( 1128): isSatelliteAttachSupportedViaConfigupdater: return null (satelliteConfig is null)
06-30 14:34:09.543 D/SatelliteController( 1128): getSatellitePerPlmnConfiguration: invalid subId or not supported via carrier.
06-30 14:34:09.543 D/SatelliteController( 1128): getCarrierRoamingNtnConnectType: config: null
06-30 14:34:09.543 D/TelephonyConfigUpdateInstallReceiver( 1128): getConfigParser: domain=satellite
06-30 14:34:09.543 V/SatelliteController( 1128): satelliteConfigParser is not ready
06-30 14:34:09.543 D/SatelliteController( 1128): getCarrierRoamingNtnConnectTypeViaConfigUpdater: return null (satelliteConfig is null)
06-30 14:34:09.544 D/SatelliteController( 1128): getCarrierRoamingNtnConnectType: Falling back to global carrier config connect type: 0
06-30 14:34:09.544 D/TelephonyConfigUpdateInstallReceiver( 1128): getConfigParser: domain=satellite
06-30 14:34:09.544 V/SatelliteController( 1128): satelliteConfigParser is not ready
06-30 14:34:09.544 D/SatelliteController( 1128): isSatelliteAttachSupportedViaConfigupdater: return null (satelliteConfig is null)
06-30 14:34:10.586 I/adbd    (  539): adbd service requested 'shell,v2,raw:dumpsys package com.google.android.gms'
06-30 14:34:10.718 I/artd    ( 3273): GetBestInfo: odex next to the dex file (/data/app/~~pUpe9D-hsv0lOCLmNQJGyA==/com.google.android.gms-a0e_AySruvvgbDhYG8Z6yQ==/oat/x86_64/base.odex) is kOatUpToDate with filter 'speed-profile' executable 'false'
06-30 14:34:10.720 I/artd    ( 3273): GetBestInfo: dm (/data/app/~~pUpe9D-hsv0lOCLmNQJGyA==/com.google.android.gms-a0e_AySruvvgbDhYG8Z6yQ==/split_AdsDynamite_installtime.dm) is kOatUpToDate with filter 'verify' executable 'false'
06-30 14:34:10.722 I/artd    ( 3273): GetBestInfo: odex next to the dex file (/data/app/~~pUpe9D-hsv0lOCLmNQJGyA==/com.google.android.gms-a0e_AySruvvgbDhYG8Z6yQ==/oat/x86_64/split_CronetDynamite_installtime.odex) is kOatUpToDate with filter 'speed-profile' executable 'false'
06-30 14:34:10.723 I/artd    ( 3273): GetBestInfo: dm (/data/app/~~pUpe9D-hsv0lOCLmNQJGyA==/com.google.android.gms-a0e_AySruvvgbDhYG8Z6yQ==/split_DynamiteLoader_installtime.dm) is kOatUpToDate with filter 'verify' executable 'false'
06-30 14:34:10.725 I/artd    ( 3273): GetBestInfo: dm (/data/app/~~pUpe9D-hsv0lOCLmNQJGyA==/com.google.android.gms-a0e_AySruvvgbDhYG8Z6yQ==/split_DynamiteModulesA_installtime.dm) is kOatUpToDate with filter 'verify' executable 'false'
06-30 14:34:10.727 I/artd    ( 3273): GetBestInfo: dm (/data/app/~~pUpe9D-hsv0lOCLmNQJGyA==/com.google.android.gms-a0e_AySruvvgbDhYG8Z6yQ==/split_DynamiteModulesC_installtime.dm) is kOatUpToDate with filter 'verify' executable 'false'
06-30 14:34:10.728 I/artd    ( 3273): GetBestInfo: dm (/data/app/~~pUpe9D-hsv0lOCLmNQJGyA==/com.google.android.gms-a0e_AySruvvgbDhYG8Z6yQ==/split_GoogleCertificates_installtime.dm) is kOatUpToDate with filter 'verify' executable 'false'
06-30 14:34:10.730 I/artd    ( 3273): GetBestInfo: dm (/data/app/~~pUpe9D-hsv0lOCLmNQJGyA==/com.google.android.gms-a0e_AySruvvgbDhYG8Z6yQ==/split_MapsDynamite_installtime.dm) is kOatUpToDate with filter 'verify' executable 'false'
06-30 14:34:10.731 I/artd    ( 3273): GetBestInfo: dm (/data/app/~~pUpe9D-hsv0lOCLmNQJGyA==/com.google.android.gms-a0e_AySruvvgbDhYG8Z6yQ==/split_MeasurementDynamite_installtime.dm) is kOatUpToDate with filter 'verify' executable 'false'
06-30 14:34:10.732 I/artd    ( 3273): GetBestInfo: /data/user_de/0/com.google.android.gms/app_chimera/m/0000000e/dl-IdentityCredentialsPlatform.optional_262031100800.apk has no usable artifacts
06-30 14:34:10.733 I/artd    ( 3273): GetBestInfo: /data/user_de/0/com.google.android.gms/app_chimera/m/00000001/CronetDynamite.apk has no usable artifacts
06-30 14:34:10.734 I/artd    ( 3273): GetBestInfo: /data/user_de/0/com.google.android.gms/app_chimera/m/00000013/dl-TfliteDynamiteDynamite.integ_252130102100800.apk has no usable artifacts
06-30 14:34:10.734 I/artd    ( 3273): GetBestInfo: /data/user_de/0/com.google.android.gms/app_chimera/m/00000002/DynamiteLoader.apk has no usable artifacts
06-30 14:34:10.736 I/artd    ( 3273): GetBestInfo: /data/user_de/0/com.google.android.gms/app_chimera/m/0000000c/dl-IdentityCredentialsPlatform.optional_261136100800.apk has no usable artifacts
06-30 14:34:10.736 I/artd    ( 3273): GetBestInfo: /data/user_de/0/com.google.android.gms/app_chimera/m/00000005/GoogleCertificates.apk has no usable artifacts
06-30 14:34:10.737 I/artd    ( 3273): GetBestInfo: /data/user_de/0/com.google.android.gms/app_chimera/m/0000000a/dl-TfliteDynamiteDynamite.integ_260580502100800.apk has no usable artifacts
06-30 14:34:10.738 I/artd    ( 3273): GetBestInfo: /data/user_de/0/com.google.android.gms/app_chimera/m/00000016/dl-PlayCloudSearch.optional_262031100000.apk has no usable artifacts
06-30 14:34:10.739 I/artd    ( 3273): GetBestInfo: /data/user_de/0/com.google.android.gms/app_chimera/m/00000014/dl-MlkitOcrCommon.optional_262031100800.apk has no usable artifacts
06-30 14:34:10.741 I/artd    ( 3273): GetBestInfo: /data/user_de/0/com.google.android.gms/app_chimera/m/00000008/dl-VisionOcr.optional_261136100000.apk has no usable artifacts
06-30 14:34:10.742 I/artd    ( 3273): GetBestInfo: /data/user_de/0/com.google.android.gms/app_chimera/m/00000010/dl-Appsearch.optional_262031100800.apk has no usable artifacts
06-30 14:34:10.744 I/artd    ( 3273): GetBestInfo: /data/user_de/0/com.google.android.gms/app_chimera/m/0000000b/dl-Appsearch.optional_261136100800.apk has no usable artifacts
06-30 14:34:10.745 I/artd    ( 3273): GetBestInfo: vdex next to the dex file (/data/user/0/com.google.android.gms/app_dg_cache/9BCBC14EE674B00B958D4B0C5B4BD883630AA39E/oat/x86_64/the.vdex) is kOatUpToDate with filter 'verify' executable 'false'
06-30 14:34:10.746 I/artd    ( 3273): GetBestInfo: /data/user_de/0/com.google.android.gms/app_chimera/m/00000009/dl-MlkitOcrCommon.optional_261136100800.apk has no usable artifacts
06-30 14:34:10.747 I/artd    ( 3273): GetBestInfo: /data/user/0/com.google.android.gms/app_dg_cache/22DA9D7AD8ED7504E0CAC64C41ECDBD7068924E0/the.apk has no usable artifacts
06-30 14:34:10.749 I/artd    ( 3273): GetBestInfo: vdex next to the dex file (/data/user/0/com.google.android.gms/app_dg_cache/FEE57AEA14526BE59FD8AB1365237E7B7A5CE7CB/oat/x86_64/the.vdex) is kOatUpToDate with filter 'verify' executable 'false'
06-30 14:34:10.750 I/artd    ( 3273): GetBestInfo: vdex next to the dex file (/data/user/0/com.google.android.gms/app_dg_cache/1C62BDE86218FBAA50DF06C4A79F5C3FE74B69EC/oat/x86_64/the.vdex) is kOatUpToDate with filter 'verify' executable 'false'
06-30 14:34:10.751 I/artd    ( 3273): GetBestInfo: /data/user_de/0/com.google.android.gms/app_chimera/m/0000000f/dl-VisionOcr.optional_262031100000.apk has no usable artifacts
06-30 14:34:10.752 I/artd    ( 3273): GetBestInfo: /data/user_de/0/com.google.android.gms/app_chimera/m/00000015/dl-MlkitBarcodeUi.optional_262031100800.apk has no usable artifacts
06-30 14:34:10.753 I/artd    ( 3273): GetBestInfo: /data/user_de/0/com.google.android.gms/app_chimera/m/00000007/MeasurementDynamite.apk has no usable artifacts
06-30 14:34:10.998 I/wpa_supplicant(  961): wlan0: CTRL-EVENT-BEACON-LOSS 
06-30 14:34:12.008 I/HalDevMgr(  690): bestIfaceCreationProposal is null, requestIface=STA, existingIface=[name=wlan0 type=STA]
06-30 14:34:15.016 I/HalDevMgr(  690): bestIfaceCreationProposal is null, requestIface=STA, existingIface=[name=wlan0 type=STA]
06-30 14:34:17.398 D/KernelCpuUidUserSysTimeReader(  690): Removing uids 99024-99024
06-30 14:34:18.022 I/HalDevMgr(  690): bestIfaceCreationProposal is null, requestIface=STA, existingIface=[name=wlan0 type=STA]
06-30 14:34:18.934 I/wpa_supplicant(  961): wlan0: CTRL-EVENT-BEACON-LOSS 
06-30 14:34:19.543 D/SatelliteController( 1128): isInCarrierRoamingNbIotNtn: satellite is disabled
06-30 14:34:19.543 D/SatelliteController( 1128): getCarrierRoamingNtnConnectType: Checking connect type from PLMN config for subId: 1
06-30 14:34:19.543 D/TelephonyConfigUpdateInstallReceiver( 1128): getConfigParser: domain=satellite
06-30 14:34:19.543 V/SatelliteController( 1128): satelliteConfigParser is not ready
06-30 14:34:19.543 D/SatelliteController( 1128): isSatelliteAttachSupportedViaConfigupdater: return null (satelliteConfig is null)
06-30 14:34:19.543 D/SatelliteController( 1128): getSatellitePerPlmnConfiguration: invalid subId or not supported via carrier.
06-30 14:34:19.543 D/SatelliteController( 1128): getCarrierRoamingNtnConnectType: config: null
06-30 14:34:19.543 D/TelephonyConfigUpdateInstallReceiver( 1128): getConfigParser: domain=satellite
06-30 14:34:19.543 V/SatelliteController( 1128): satelliteConfigParser is not ready
06-30 14:34:19.543 D/SatelliteController( 1128): getCarrierRoamingNtnConnectTypeViaConfigUpdater: return null (satelliteConfig is null)
06-30 14:34:19.543 D/SatelliteController( 1128): getCarrierRoamingNtnConnectType: Falling back to global carrier config connect type: 0
06-30 14:34:19.543 D/TelephonyConfigUpdateInstallReceiver( 1128): getConfigParser: domain=satellite
06-30 14:34:19.543 V/SatelliteController( 1128): satelliteConfigParser is not ready
06-30 14:34:19.543 D/SatelliteController( 1128): isSatelliteAttachSupportedViaConfigupdater: return null (satelliteConfig is null)
06-30 14:34:19.544 D/SatelliteController( 1128): getCarrierRoamingNtnConnectType: Checking connect type from PLMN config for subId: 1
06-30 14:34:19.544 D/TelephonyConfigUpdateInstallReceiver( 1128): getConfigParser: domain=satellite
06-30 14:34:19.544 V/SatelliteController( 1128): satelliteConfigParser is not ready
06-30 14:34:19.544 D/SatelliteController( 1128): isSatelliteAttachSupportedViaConfigupdater: return null (satelliteConfig is null)
06-30 14:34:19.544 D/SatelliteController( 1128): getSatellitePerPlmnConfiguration: invalid subId or not supported via carrier.
06-30 14:34:19.544 D/SatelliteController( 1128): getCarrierRoamingNtnConnectType: config: null
06-30 14:34:19.544 D/TelephonyConfigUpdateInstallReceiver( 1128): getConfigParser: domain=satellite
06-30 14:34:19.544 V/SatelliteController( 1128): satelliteConfigParser is not ready
06-30 14:34:19.544 D/SatelliteController( 1128): getCarrierRoamingNtnConnectTypeViaConfigUpdater: return null (satelliteConfig is null)
06-30 14:34:19.545 D/SatelliteController( 1128): getCarrierRoamingNtnConnectType: Falling back to global carrier config connect type: 0
06-30 14:34:19.545 D/TelephonyConfigUpdateInstallReceiver( 1128): getConfigParser: domain=satellite
06-30 14:34:19.545 V/SatelliteController( 1128): satelliteConfigParser is not ready
06-30 14:34:19.545 D/SatelliteController( 1128): isSatelliteAttachSupportedViaConfigupdater: return null (satelliteConfig is null)
06-30 14:34:20.584 I/adbd    (  539): adbd service requested 'shell,v2,raw:dumpsys package com.google.android.gms'
06-30 14:34:20.726 I/artd    ( 3273): GetBestInfo: odex next to the dex file (/data/app/~~pUpe9D-hsv0lOCLmNQJGyA==/com.google.android.gms-a0e_AySruvvgbDhYG8Z6yQ==/oat/x86_64/base.odex) is kOatUpToDate with filter 'speed-profile' executable 'false'
06-30 14:34:20.727 I/artd    ( 3273): GetBestInfo: dm (/data/app/~~pUpe9D-hsv0lOCLmNQJGyA==/com.google.android.gms-a0e_AySruvvgbDhYG8Z6yQ==/split_AdsDynamite_installtime.dm) is kOatUpToDate with filter 'verify' executable 'false'
06-30 14:34:20.729 I/artd    ( 3273): GetBestInfo: odex next to the dex file (/data/app/~~pUpe9D-hsv0lOCLmNQJGyA==/com.google.android.gms-a0e_AySruvvgbDhYG8Z6yQ==/oat/x86_64/split_CronetDynamite_installtime.odex) is kOatUpToDate with filter 'speed-profile' executable 'false'
06-30 14:34:20.731 I/artd    ( 3273): GetBestInfo: dm (/data/app/~~pUpe9D-hsv0lOCLmNQJGyA==/com.google.android.gms-a0e_AySruvvgbDhYG8Z6yQ==/split_DynamiteLoader_installtime.dm) is kOatUpToDate with filter 'verify' executable 'false'
06-30 14:34:20.732 I/artd    ( 3273): GetBestInfo: dm (/data/app/~~pUpe9D-hsv0lOCLmNQJGyA==/com.google.android.gms-a0e_AySruvvgbDhYG8Z6yQ==/split_DynamiteModulesA_installtime.dm) is kOatUpToDate with filter 'verify' executable 'false'
06-30 14:34:20.733 I/artd    ( 3273): GetBestInfo: dm (/data/app/~~pUpe9D-hsv0lOCLmNQJGyA==/com.google.android.gms-a0e_AySruvvgbDhYG8Z6yQ==/split_DynamiteModulesC_installtime.dm) is kOatUpToDate with filter 'verify' executable 'false'
06-30 14:34:20.734 I/artd    ( 3273): GetBestInfo: dm (/data/app/~~pUpe9D-hsv0lOCLmNQJGyA==/com.google.android.gms-a0e_AySruvvgbDhYG8Z6yQ==/split_GoogleCertificates_installtime.dm) is kOatUpToDate with filter 'verify' executable 'false'
06-30 14:34:20.735 I/artd    ( 3273): GetBestInfo: dm (/data/app/~~pUpe9D-hsv0lOCLmNQJGyA==/com.google.android.gms-a0e_AySruvvgbDhYG8Z6yQ==/split_MapsDynamite_installtime.dm) is kOatUpToDate with filter 'verify' executable 'false'
06-30 14:34:20.737 I/artd    ( 3273): GetBestInfo: dm (/data/app/~~pUpe9D-hsv0lOCLmNQJGyA==/com.google.android.gms-a0e_AySruvvgbDhYG8Z6yQ==/split_MeasurementDynamite_installtime.dm) is kOatUpToDate with filter 'verify' executable 'false'
06-30 14:34:20.738 I/artd    ( 3273): GetBestInfo: /data/user_de/0/com.google.android.gms/app_chimera/m/0000000e/dl-IdentityCredentialsPlatform.optional_262031100800.apk has no usable artifacts
06-30 14:34:20.739 I/artd    ( 3273): GetBestInfo: /data/user_de/0/com.google.android.gms/app_chimera/m/00000001/CronetDynamite.apk has no usable artifacts
06-30 14:34:20.740 I/artd    ( 3273): GetBestInfo: /data/user_de/0/com.google.android.gms/app_chimera/m/00000013/dl-TfliteDynamiteDynamite.integ_252130102100800.apk has no usable artifacts
06-30 14:34:20.741 I/artd    ( 3273): GetBestInfo: /data/user_de/0/com.google.android.gms/app_chimera/m/00000002/DynamiteLoader.apk has no usable artifacts
06-30 14:34:20.742 I/artd    ( 3273): GetBestInfo: /data/user_de/0/com.google.android.gms/app_chimera/m/0000000c/dl-IdentityCredentialsPlatform.optional_261136100800.apk has no usable artifacts
06-30 14:34:20.743 I/artd    ( 3273): GetBestInfo: /data/user_de/0/com.google.android.gms/app_chimera/m/00000005/GoogleCertificates.apk has no usable artifacts
06-30 14:34:20.745 I/artd    ( 3273): GetBestInfo: /data/user_de/0/com.google.android.gms/app_chimera/m/0000000a/dl-TfliteDynamiteDynamite.integ_260580502100800.apk has no usable artifacts
06-30 14:34:20.746 I/artd    ( 3273): GetBestInfo: /data/user_de/0/com.google.android.gms/app_chimera/m/00000016/dl-PlayCloudSearch.optional_262031100000.apk has no usable artifacts
06-30 14:34:20.747 I/artd    ( 3273): GetBestInfo: /data/user_de/0/com.google.android.gms/app_chimera/m/00000014/dl-MlkitOcrCommon.optional_262031100800.apk has no usable artifacts
06-30 14:34:20.749 I/artd    ( 3273): GetBestInfo: /data/user_de/0/com.google.android.gms/app_chimera/m/00000008/dl-VisionOcr.optional_261136100000.apk has no usable artifacts
06-30 14:34:20.750 I/artd    ( 3273): GetBestInfo: /data/user_de/0/com.google.android.gms/app_chimera/m/00000010/dl-Appsearch.optional_262031100800.apk has no usable artifacts
06-30 14:34:20.751 I/artd    ( 3273): GetBestInfo: /data/user_de/0/com.google.android.gms/app_chimera/m/0000000b/dl-Appsearch.optional_261136100800.apk has no usable artifacts
06-30 14:34:20.753 I/artd    ( 3273): GetBestInfo: vdex next to the dex file (/data/user/0/com.google.android.gms/app_dg_cache/9BCBC14EE674B00B958D4B0C5B4BD883630AA39E/oat/x86_64/the.vdex) is kOatUpToDate with filter 'verify' executable 'false'
06-30 14:34:20.754 I/artd    ( 3273): GetBestInfo: /data/user_de/0/com.google.android.gms/app_chimera/m/00000009/dl-MlkitOcrCommon.optional_261136100800.apk has no usable artifacts
06-30 14:34:20.755 I/artd    ( 3273): GetBestInfo: /data/user/0/com.google.android.gms/app_dg_cache/22DA9D7AD8ED7504E0CAC64C41ECDBD7068924E0/the.apk has no usable artifacts
06-30 14:34:20.756 I/artd    ( 3273): GetBestInfo: vdex next to the dex file (/data/user/0/com.google.android.gms/app_dg_cache/FEE57AEA14526BE59FD8AB1365237E7B7A5CE7CB/oat/x86_64/the.vdex) is kOatUpToDate with filter 'verify' executable 'false'
06-30 14:34:20.757 I/artd    ( 3273): GetBestInfo: vdex next to the dex file (/data/user/0/com.google.android.gms/app_dg_cache/1C62BDE86218FBAA50DF06C4A79F5C3FE74B69EC/oat/x86_64/the.vdex) is kOatUpToDate with filter 'verify' executable 'false'
06-30 14:34:20.759 I/artd    ( 3273): GetBestInfo: /data/user_de/0/com.google.android.gms/app_chimera/m/0000000f/dl-VisionOcr.optional_262031100000.apk has no usable artifacts
06-30 14:34:20.760 I/artd    ( 3273): GetBestInfo: /data/user_de/0/com.google.android.gms/app_chimera/m/00000015/dl-MlkitBarcodeUi.optional_262031100800.apk has no usable artifacts
06-30 14:34:20.761 I/artd    ( 3273): GetBestInfo: /data/user_de/0/com.google.android.gms/app_chimera/m/00000007/MeasurementDynamite.apk has no usable artifacts
06-30 14:34:21.029 I/HalDevMgr(  690): bestIfaceCreationProposal is null, requestIface=STA, existingIface=[name=wlan0 type=STA]
06-30 14:34:23.233 I/bluetooth( 1096): system/gd/hci/le_address_manager.cc:557 GetNextPrivateAddressIntervalRange: client=LeAddressManager, nonwake=8m16s, wake=13m57s
06-30 14:34:23.235 I/bluetooth( 1096): system/gd/hci/le_address_manager.cc:758 OnCommandComplete: Received command complete with op_code LE_SET_RANDOM_ADDRESS(0x2005)
06-30 14:34:23.235 I/bluetooth( 1096): system/gd/hci/le_address_manager.cc:778 OnCommandComplete: update random address : xx:xx:xx:xx:17:64
06-30 14:34:23.235 I/bluetooth( 1096): system/gd/hci/le_address_manager.cc:382 resume_registered_clients: Resuming registered clients
06-30 14:34:23.235 I/bluetooth( 1096): system/gd/hci/le_scanning_manager_impl.cc:774 stop_scan: Scanning already stopped, return. caller=configure_scan
06-30 14:34:24.037 I/HalDevMgr(  690): bestIfaceCreationProposal is null, requestIface=STA, existingIface=[name=wlan0 type=STA]
06-30 14:34:25.773 I/WM-WorkerWrapper(24227): Worker result SUCCESS for Work [ id=bc652f40-4963-4777-8c00-6be29b22dc44, tags={ androidx.glance.session.SessionWorker } ]
06-30 14:34:27.045 I/HalDevMgr(  690): bestIfaceCreationProposal is null, requestIface=STA, existingIface=[name=wlan0 type=STA]
06-30 14:34:27.125 I/wpa_supplicant(  961): wlan0: CTRL-EVENT-BEACON-LOSS 
06-30 14:34:29.543 D/SatelliteController( 1128): isInCarrierRoamingNbIotNtn: satellite is disabled
06-30 14:34:29.543 D/SatelliteController( 1128): getCarrierRoamingNtnConnectType: Checking connect type from PLMN config for subId: 1
06-30 14:34:29.543 D/TelephonyConfigUpdateInstallReceiver( 1128): getConfigParser: domain=satellite
06-30 14:34:29.543 V/SatelliteController( 1128): satelliteConfigParser is not ready
06-30 14:34:29.543 D/SatelliteController( 1128): isSatelliteAttachSupportedViaConfigupdater: return null (satelliteConfig is null)
06-30 14:34:29.543 D/SatelliteController( 1128): getSatellitePerPlmnConfiguration: invalid subId or not supported via carrier.
06-30 14:34:29.543 D/SatelliteController( 1128): getCarrierRoamingNtnConnectType: config: null
06-30 14:34:29.543 D/TelephonyConfigUpdateInstallReceiver( 1128): getConfigParser: domain=satellite
06-30 14:34:29.543 V/SatelliteController( 1128): satelliteConfigParser is not ready
06-30 14:34:29.543 D/SatelliteController( 1128): getCarrierRoamingNtnConnectTypeViaConfigUpdater: return null (satelliteConfig is null)
06-30 14:34:29.543 D/SatelliteController( 1128): getCarrierRoamingNtnConnectType: Falling back to global carrier config connect type: 0
06-30 14:34:29.543 D/TelephonyConfigUpdateInstallReceiver( 1128): getConfigParser: domain=satellite
06-30 14:34:29.543 V/SatelliteController( 1128): satelliteConfigParser is not ready
06-30 14:34:29.543 D/SatelliteController( 1128): isSatelliteAttachSupportedViaConfigupdater: return null (satelliteConfig is null)
06-30 14:34:29.544 D/SatelliteController( 1128): getCarrierRoamingNtnConnectType: Checking connect type from PLMN config for subId: 1
06-30 14:34:29.544 D/TelephonyConfigUpdateInstallReceiver( 1128): getConfigParser: domain=satellite
06-30 14:34:29.544 V/SatelliteController( 1128): satelliteConfigParser is not ready
06-30 14:34:29.544 D/SatelliteController( 1128): isSatelliteAttachSupportedViaConfigupdater: return null (satelliteConfig is null)
06-30 14:34:29.544 D/SatelliteController( 1128): getSatellitePerPlmnConfiguration: invalid subId or not supported via carrier.
06-30 14:34:29.544 D/SatelliteController( 1128): getCarrierRoamingNtnConnectType: config: null
06-30 14:34:29.544 D/TelephonyConfigUpdateInstallReceiver( 1128): getConfigParser: domain=satellite
06-30 14:34:29.544 V/SatelliteController( 1128): satelliteConfigParser is not ready
06-30 14:34:29.544 D/SatelliteController( 1128): getCarrierRoamingNtnConnectTypeViaConfigUpdater: return null (satelliteConfig is null)
06-30 14:34:29.544 D/SatelliteController( 1128): getCarrierRoamingNtnConnectType: Falling back to global carrier config connect type: 0
06-30 14:34:29.544 D/TelephonyConfigUpdateInstallReceiver( 1128): getConfigParser: domain=satellite
06-30 14:34:29.544 V/SatelliteController( 1128): satelliteConfigParser is not ready
06-30 14:34:29.544 D/SatelliteController( 1128): isSatelliteAttachSupportedViaConfigupdater: return null (satelliteConfig is null)
06-30 14:34:29.574 W/skia    (  527): AGTM parsing failed flags.readFromStream(s) at 159
06-30 14:34:29.574 W/skia    (  527): AGTM parsing failed flags.readFromStream(s) at 159
06-30 14:34:30.048 I/HalDevMgr(  690): bestIfaceCreationProposal is null, requestIface=STA, existingIface=[name=wlan0 type=STA]
06-30 14:34:30.582 I/adbd    (  539): adbd service requested 'shell,v2,raw:dumpsys package com.google.android.gms'
06-30 14:34:30.706 I/artd    ( 3273): GetBestInfo: odex next to the dex file (/data/app/~~pUpe9D-hsv0lOCLmNQJGyA==/com.google.android.gms-a0e_AySruvvgbDhYG8Z6yQ==/oat/x86_64/base.odex) is kOatUpToDate with filter 'speed-profile' executable 'false'
06-30 14:34:30.707 I/artd    ( 3273): GetBestInfo: dm (/data/app/~~pUpe9D-hsv0lOCLmNQJGyA==/com.google.android.gms-a0e_AySruvvgbDhYG8Z6yQ==/split_AdsDynamite_installtime.dm) is kOatUpToDate with filter 'verify' executable 'false'
06-30 14:34:30.708 I/artd    ( 3273): GetBestInfo: odex next to the dex file (/data/app/~~pUpe9D-hsv0lOCLmNQJGyA==/com.google.android.gms-a0e_AySruvvgbDhYG8Z6yQ==/oat/x86_64/split_CronetDynamite_installtime.odex) is kOatUpToDate with filter 'speed-profile' executable 'false'
06-30 14:34:30.710 I/artd    ( 3273): GetBestInfo: dm (/data/app/~~pUpe9D-hsv0lOCLmNQJGyA==/com.google.android.gms-a0e_AySruvvgbDhYG8Z6yQ==/split_DynamiteLoader_installtime.dm) is kOatUpToDate with filter 'verify' executable 'false'
06-30 14:34:30.710 I/artd    ( 3273): GetBestInfo: dm (/data/app/~~pUpe9D-hsv0lOCLmNQJGyA==/com.google.android.gms-a0e_AySruvvgbDhYG8Z6yQ==/split_DynamiteModulesA_installtime.dm) is kOatUpToDate with filter 'verify' executable 'false'
06-30 14:34:30.712 I/artd    ( 3273): GetBestInfo: dm (/data/app/~~pUpe9D-hsv0lOCLmNQJGyA==/com.google.android.gms-a0e_AySruvvgbDhYG8Z6yQ==/split_DynamiteModulesC_installtime.dm) is kOatUpToDate with filter 'verify' executable 'false'
06-30 14:34:30.713 I/artd    ( 3273): GetBestInfo: dm (/data/app/~~pUpe9D-hsv0lOCLmNQJGyA==/com.google.android.gms-a0e_AySruvvgbDhYG8Z6yQ==/split_GoogleCertificates_installtime.dm) is kOatUpToDate with filter 'verify' executable 'false'
06-30 14:34:30.714 I/artd    ( 3273): GetBestInfo: dm (/data/app/~~pUpe9D-hsv0lOCLmNQJGyA==/com.google.android.gms-a0e_AySruvvgbDhYG8Z6yQ==/split_MapsDynamite_installtime.dm) is kOatUpToDate with filter 'verify' executable 'false'
06-30 14:34:30.715 I/artd    ( 3273): GetBestInfo: dm (/data/app/~~pUpe9D-hsv0lOCLmNQJGyA==/com.google.android.gms-a0e_AySruvvgbDhYG8Z6yQ==/split_MeasurementDynamite_installtime.dm) is kOatUpToDate with filter 'verify' executable 'false'
06-30 14:34:30.716 I/artd    ( 3273): GetBestInfo: /data/user_de/0/com.google.android.gms/app_chimera/m/0000000e/dl-IdentityCredentialsPlatform.optional_262031100800.apk has no usable artifacts
06-30 14:34:30.717 I/artd    ( 3273): GetBestInfo: /data/user_de/0/com.google.android.gms/app_chimera/m/00000001/CronetDynamite.apk has no usable artifacts
06-30 14:34:30.718 I/artd    ( 3273): GetBestInfo: /data/user_de/0/com.google.android.gms/app_chimera/m/00000013/dl-TfliteDynamiteDynamite.integ_252130102100800.apk has no usable artifacts
06-30 14:34:30.719 I/artd    ( 3273): GetBestInfo: /data/user_de/0/com.google.android.gms/app_chimera/m/00000002/DynamiteLoader.apk has no usable artifacts
06-30 14:34:30.721 I/artd    ( 3273): GetBestInfo: /data/user_de/0/com.google.android.gms/app_chimera/m/0000000c/dl-IdentityCredentialsPlatform.optional_261136100800.apk has no usable artifacts
06-30 14:34:30.721 I/artd    ( 3273): GetBestInfo: /data/user_de/0/com.google.android.gms/app_chimera/m/00000005/GoogleCertificates.apk has no usable artifacts
06-30 14:34:30.723 I/artd    ( 3273): GetBestInfo: /data/user_de/0/com.google.android.gms/app_chimera/m/0000000a/dl-TfliteDynamiteDynamite.integ_260580502100800.apk has no usable artifacts
06-30 14:34:30.724 I/artd    ( 3273): GetBestInfo: /data/user_de/0/com.google.android.gms/app_chimera/m/00000016/dl-PlayCloudSearch.optional_262031100000.apk has no usable artifacts
06-30 14:34:30.725 I/artd    ( 3273): GetBestInfo: /data/user_de/0/com.google.android.gms/app_chimera/m/00000014/dl-MlkitOcrCommon.optional_262031100800.apk has no usable artifacts
06-30 14:34:30.726 I/artd    ( 3273): GetBestInfo: /data/user_de/0/com.google.android.gms/app_chimera/m/00000008/dl-VisionOcr.optional_261136100000.apk has no usable artifacts
06-30 14:34:30.727 I/artd    ( 3273): GetBestInfo: /data/user_de/0/com.google.android.gms/app_chimera/m/00000010/dl-Appsearch.optional_262031100800.apk has no usable artifacts
06-30 14:34:30.728 I/artd    ( 3273): GetBestInfo: /data/user_de/0/com.google.android.gms/app_chimera/m/0000000b/dl-Appsearch.optional_261136100800.apk has no usable artifacts
06-30 14:34:30.729 I/artd    ( 3273): GetBestInfo: vdex next to the dex file (/data/user/0/com.google.android.gms/app_dg_cache/9BCBC14EE674B00B958D4B0C5B4BD883630AA39E/oat/x86_64/the.vdex) is kOatUpToDate with filter 'verify' executable 'false'
06-30 14:34:30.731 I/artd    ( 3273): GetBestInfo: /data/user_de/0/com.google.android.gms/app_chimera/m/00000009/dl-MlkitOcrCommon.optional_261136100800.apk has no usable artifacts
06-30 14:34:30.733 I/artd    ( 3273): GetBestInfo: /data/user/0/com.google.android.gms/app_dg_cache/22DA9D7AD8ED7504E0CAC64C41ECDBD7068924E0/the.apk has no usable artifacts
06-30 14:34:30.734 I/artd    ( 3273): GetBestInfo: vdex next to the dex file (/data/user/0/com.google.android.gms/app_dg_cache/FEE57AEA14526BE59FD8AB1365237E7B7A5CE7CB/oat/x86_64/the.vdex) is kOatUpToDate with filter 'verify' executable 'false'
06-30 14:34:30.735 I/artd    ( 3273): GetBestInfo: vdex next to the dex file (/data/user/0/com.google.android.gms/app_dg_cache/1C62BDE86218FBAA50DF06C4A79F5C3FE74B69EC/oat/x86_64/the.vdex) is kOatUpToDate with filter 'verify' executable 'false'
06-30 14:34:30.736 I/artd    ( 3273): GetBestInfo: /data/user_de/0/com.google.android.gms/app_chimera/m/0000000f/dl-VisionOcr.optional_262031100000.apk has no usable artifacts
06-30 14:34:30.737 I/artd    ( 3273): GetBestInfo: /data/user_de/0/com.google.android.gms/app_chimera/m/00000015/dl-MlkitBarcodeUi.optional_262031100800.apk has no usable artifacts
06-30 14:34:30.739 I/artd    ( 3273): GetBestInfo: /data/user_de/0/com.google.android.gms/app_chimera/m/00000007/MeasurementDynamite.apk has no usable artifacts
06-30 14:34:32.037 I/ForwardSyncCache( 3977): reclaimMemory: Clearing caches
06-30 14:34:32.037 I/BugleSpam( 3977): HadesBitmapStore: Purged 0 images during memory reclamation
06-30 14:34:32.037 I/BugleRestore( 3977): reclaimMemory: Clearing persistent caches
06-30 14:34:32.037 W/Bugle   ( 3977): TextClassifierLibManagerImpl: Reclaiming memory at level: 40
06-30 14:34:33.042 E/hmly    ( 1317): Got more than one input Future failure. Logging failures after the first
06-30 14:34:33.042 E/hmly    ( 1317): java.io.IOException: Unable to create parent directories of /data/user/0/com.google.android.gms/files/mobstore_salt.pb.lock
06-30 14:34:33.042 E/hmly    ( 1317): 	at hhkm.c(:com.google.android.gms@262031038@26.20.31 (260800-919905943):37)
06-30 14:34:33.042 E/hmly    ( 1317): 	at gons.e(:com.google.android.gms@262031038@26.20.31 (260800-919905943):5)
06-30 14:34:33.042 E/hmly    ( 1317): 	at goqk.a(:com.google.android.gms@262031038@26.20.31 (260800-919905943):198)
06-30 14:34:33.042 E/hmly    ( 1317): 	at gomy.d(:com.google.android.gms@262031038@26.20.31 (260800-919905943):5)
06-30 14:34:33.042 E/hmly    ( 1317): 	at gosk.a(:com.google.android.gms@262031038@26.20.31 (260800-919905943):28)
06-30 14:34:33.042 E/hmly    ( 1317): 	at hdmz.a(:com.google.android.gms@262031038@26.20.31 (260800-919905943):17)
06-30 14:34:33.042 E/hmly    ( 1317): 	at hmnp.a(:com.google.android.gms@262031038@26.20.31 (260800-919905943):20)
06-30 14:34:33.042 E/hmly    ( 1317): 	at hmpt.a(:com.google.android.gms@262031038@26.20.31 (260800-919905943):3)
06-30 14:34:33.042 E/hmly    ( 1317): 	at hmou.run(:com.google.android.gms@262031038@26.20.31 (260800-919905943):19)
06-30 14:34:33.042 E/hmly    ( 1317): 	at hmpv.run(:com.google.android.gms@262031038@26.20.31 (260800-919905943):5)
06-30 14:34:33.042 E/hmly    ( 1317): 	at hmnr.run(:com.google.android.gms@262031038@26.20.31 (260800-919905943):20)
06-30 14:34:33.042 E/hmly    ( 1317): 	at java.util.concurrent.ThreadPoolExecutor.runWorker(ThreadPoolExecutor.java:1100)
06-30 14:34:33.042 E/hmly    ( 1317): 	at java.util.concurrent.ThreadPoolExecutor$Worker.run(ThreadPoolExecutor.java:624)
06-30 14:34:33.042 E/hmly    ( 1317): 	at java.lang.Thread.run(Thread.java:1572)
06-30 14:34:33.055 I/HalDevMgr(  690): bestIfaceCreationProposal is null, requestIface=STA, existingIface=[name=wlan0 type=STA]
06-30 14:34:33.876 D/AppOpHistoryHelper(  690): MetricHandler reporting 24 records.
06-30 14:34:34.652 E/Nl80211Native(  690): getChannelsMhzForBand: Wiphy index not recorded for band 8
06-30 14:34:34.652 E/Nl80211Native(  690): getChannelsMhzForBand: Wiphy index not recorded for band 16
06-30 14:34:34.652 D/Nl80211Native(  690): Ignoring unsupported scan type 2
06-30 14:34:34.652 I/Nl80211Proxy(  690): Sending Nl80211 message: GenericNetlinkMsg{ nlHeader{StructNlMsgHdr{ nlmsg_len{56}, nlmsg_type{30()}, nlmsg_flags{5(NLM_F_REQUEST|NLM_F_ACK)}, nlmsg_seq{273}, nlmsg_pid{0} }}, genNlHeader{StructGenNlMsgHdr{ command{33}, version{1}, reserved{0} }}, attributes{[StructNlAttr{ nla_len{8}, nla_type{-32723}, nla_value{04000000}, }, StructNlAttr{ nla_len{8}, nla_type{3}, nla_value{10000000}, }, StructNlAttr{ nla_len{12}, nla_type{-32724}, nla_value{080000008F090000}, }, StructNlAttr{ nla_len{8}, nla_type{158}, nla_value{00000000}, }]} }
06-30 14:34:34.654 I/Nl80211Proxy(  690): Received NLMSG_ERROR with error 0 for message GenericNetlinkMsg{ nlHeader{StructNlMsgHdr{ nlmsg_len{56}, nlmsg_type{30()}, nlmsg_flags{5(NLM_F_REQUEST|NLM_F_ACK)}, nlmsg_seq{273}, nlmsg_pid{0} }}, genNlHeader{StructGenNlMsgHdr{ command{33}, version{1}, reserved{0} }}, attributes{[StructNlAttr{ nla_len{8}, nla_type{-32723}, nla_value{04000000}, }, StructNlAttr{ nla_len{8}, nla_type{3}, nla_value{10000000}, }, StructNlAttr{ nla_len{12}, nla_type{-32724}, nla_value{080000008F090000}, }, StructNlAttr{ nla_len{8}, nla_type{158}, nla_value{00000000}, }]} }
06-30 14:34:34.700 D/WifiNative(  690): Scan result ready event
06-30 14:34:34.701 I/Nl80211Proxy(  690): Sending Nl80211 message: GenericNetlinkMsg{ nlHeader{StructNlMsgHdr{ nlmsg_len{20}, nlmsg_type{30()}, nlmsg_flags{769(NLM_F_REQUEST|NLM_F_DUMP)}, nlmsg_seq{274}, nlmsg_pid{0} }}, genNlHeader{StructGenNlMsgHdr{ command{5}, version{1}, reserved{0} }}, attributes{[]} }
06-30 14:34:34.701 I/Nl80211Proxy(  690): Received NLMSG_DONE for message GenericNetlinkMsg{ nlHeader{StructNlMsgHdr{ nlmsg_len{20}, nlmsg_type{30()}, nlmsg_flags{769(NLM_F_REQUEST|NLM_F_DUMP)}, nlmsg_seq{274}, nlmsg_pid{0} }}, genNlHeader{StructGenNlMsgHdr{ command{5}, version{1}, reserved{0} }}, attributes{[]} }
06-30 14:34:34.701 W/Nl80211Utils(  690): Malformed NEW_INTERFACE response: missing attributes
06-30 14:34:34.702 I/Nl80211Proxy(  690): Sending Nl80211 message: GenericNetlinkMsg{ nlHeader{StructNlMsgHdr{ nlmsg_len{28}, nlmsg_type{30()}, nlmsg_flags{769(NLM_F_REQUEST|NLM_F_DUMP)}, nlmsg_seq{275}, nlmsg_pid{0} }}, genNlHeader{StructGenNlMsgHdr{ command{32}, version{1}, reserved{0} }}, attributes{[StructNlAttr{ nla_len{8}, nla_type{3}, nla_value{10000000}, }]} }
06-30 14:34:34.702 I/Nl80211Proxy(  690): Received NLMSG_DONE for message GenericNetlinkMsg{ nlHeader{StructNlMsgHdr{ nlmsg_len{28}, nlmsg_type{30()}, nlmsg_flags{769(NLM_F_REQUEST|NLM_F_DUMP)}, nlmsg_seq{275}, nlmsg_pid{0} }}, genNlHeader{StructGenNlMsgHdr{ command{32}, version{1}, reserved{0} }}, attributes{[StructNlAttr{ nla_len{8}, nla_type{3}, nla_value{10000000}, }]} }
06-30 14:34:34.703 I/WifiScanner( 1317): onFullResults
06-30 14:34:34.703 I/WifiScanner( 1317): onFullResults
06-30 14:34:34.705 I/HalDevMgr(  690): bestIfaceCreationProposal is null, requestIface=STA, existingIface=[name=wlan0 type=STA]
06-30 14:34:35.575 I/SharedLibrariesImpl(  690): Start pruneUnusedStaticSharedLibraries for neededSpace: 9223372036854775807 maxCachePeriod: 604800000
06-30 14:34:35.575 I/SharedLibrariesImpl(  690): pruning candidate: lib=com.google.android.trichromelibrary version=782711438 pkg=com.google.android.trichromelibrary_782711438
06-30 14:34:35.575 I/SharedLibrariesImpl(  690): attempting to delete: com.google.android.trichromelibrary_782711438
06-30 14:34:35.575 W/PackageManager(  690): Not removing package com.google.android.trichromelibrary hosting lib com.google.android.trichromelibrary version 782711438 used by [VersionedPackage[com.android.chrome/782711438]] for user 0
06-30 14:34:36.058 I/AdbWifiNetworkMonitor(  690): Wi-Fi network available
06-30 14:34:36.058 I/AdbWifiNetworkMonitor(  690): Received the same Wi-Fi SSID. Ignoring.
06-30 14:34:36.060 I/HalDevMgr(  690): bestIfaceCreationProposal is null, requestIface=STA, existingIface=[name=wlan0 type=STA]
06-30 14:34:36.064 D/WM-WorkConstraintsTrack( 2923): NetworkRequestConstraintController onCapabilitiesChanged callback
06-30 14:34:36.064 I/NullBinder( 1317): NullBinder for android.net.action.RECOMMEND_NETWORKS triggering remote TransactionTooLargeException due to Service without Chimera impl, calling uid: 1000, calling pid: 0
06-30 14:34:36.064 W/libbinder.Binder( 1317): Large reply transaction of 1056768 bytes, interface descriptor , function: UNKNOWN_FUNCTION_NAME, code: 1, flags: 17
06-30 14:34:36.064 D/WM-WorkConstraintsTrack( 3977): NetworkRequestConstraintController onCapabilitiesChanged callback
06-30 14:34:36.064 I/BugleRcsEngine( 3867): Connected state: [1], networkType: [WIFI] [CONTEXT thread_id=65 ]
06-30 14:34:36.065 I/BugleRcsEngine( 3867): handleMessage processing message:[NOTIFY_UPTIME_IGNORE_STATE_CHANGED] with [non-null]:RcsEngineImpl reference [CONTEXT log_prefix="RcsEngineImpl[DUAL_REG]:[390448b9-d26f]>Handler" thread_id=69 ]
06-30 14:34:36.065 W/libbinder.IPCThreadState(  690): Sending oneway calls to frozen process.
06-30 14:34:36.065 W/libbinder.IPCThreadState(  690): Sending oneway calls to frozen process.
06-30 14:34:36.067 W/libbinder.IPCThreadState(  690): Sending oneway calls to frozen process.
06-30 14:34:36.067 W/libbinder.IPCThreadState(  690): Sending oneway calls to frozen process.
06-30 14:34:36.067 W/libbinder.IPCThreadState(  690): Sending oneway calls to frozen process.
06-30 14:34:36.068 W/libbinder.IPCThreadState(  690): Sending oneway calls to frozen process.
06-30 14:34:36.069 W/libbinder.IPCThreadState(  690): Sending oneway calls to frozen process.
06-30 14:34:36.070 W/libbinder.IPCThreadState(  690): Sending oneway calls to frozen process.
06-30 14:34:36.071 W/libbinder.IPCThreadState(  690): Sending oneway calls to frozen process.
06-30 14:34:36.071 I/BugleRcsEngine( 3867): No RCS Configuration was found in Bugle for simID: redacted-pii:sim_id[chars:20,last3:897] [CONTEXT log_prefix="ProvisioningEngineDataRetriever" thread_id=69 ]
06-30 14:34:36.073 D/ConnectivityService(  690): NetReassign [no changes] [c 0] [a 1] [i 0]
06-30 14:34:36.073 I/NearbyMediums( 1317): Wifi changed new SSID: "AndroidWifi"
06-30 14:34:36.073 I/NearbyMediums( 1317): WifiLanConnectivityInfo is not changed, skip notify.
06-30 14:34:36.566 I/NearbySharing( 1317): Network state changed: NetworkState(isRestricted=false, isOnline=true, isCongested=false, isMetered=false, isWifiConnected=true)
06-30 14:34:36.701 I/Finsky  ( 4591): [56] AIM: AppInfoManager-Perf > Destroying AppInfoManager ...
06-30 14:34:38.423 D/AIQuotaBgRefreshService(24227): cycleStart providers=gemini
06-30 14:34:38.522 I/AIQuotaDebugCookie(24227): provider=gemini debugCookieRestore=true reason=background_collection source=external urlCount=7 cookieCount=100
06-30 14:34:38.522 D/AIQuotaBgRefreshService(24227): load provider=gemini start= warmUp=false request=4
06-30 14:34:38.562 D/AIQuotaBgRefreshService(24227): inject provider=gemini url=
06-30 14:34:38.562 D/AIQuotaBgRefreshService(24227): pageFinished provider=gemini url=
06-30 14:34:38.569 D/KernelCpuUidUserSysTimeReader(  690): Removing uids 99025-99025
06-30 14:34:38.756 D/AIQuotaGeminiUsageRpc(24227): geminiUsagePageHtml status=200 payloadBytes=25284
06-30 14:34:38.756 D/AIQuotaNativeUsage(24227): nativeUsage provider=gemini ok=false diagnostic=gemini_usage_page_rpc_params_unavailable statuses=gemini_usage_page_html:200
06-30 14:34:38.759 D/AIQuotaBgRefreshService(24227): collectorError provider=gemini errorKind=gemini_usage_page_rpc_params_unavailable retry=0 url= summary=root=provider|errorKind|message,provider=gemini,collectorMode=none,lineCount=0,hasUsage=false,hasData=false,hasError=true
06-30 14:34:38.759 D/AIQuotaBgRefreshService(24227): outcome provider=gemini type=Failure
06-30 14:34:38.759 W/AIQuotaBgRefreshService(24227): failure provider=gemini kind=COLLECTOR_ERROR message=Background collector failed: gemini_usage_page_rpc_params_unavailable
06-30 14:34:38.775 I/AIQuotaDebugCookie(24227): provider=gemini debugCookieSnapshot=true reason=background_webview_non_auth_failure urlCount=7 cookieCount=7 nativeAuthContextCount=0 nativeAuthHeaderCount=0
06-30 14:34:39.066 I/AdbWifiNetworkMonitor(  690): Wi-Fi network available
06-30 14:34:39.066 I/AdbWifiNetworkMonitor(  690): Received the same Wi-Fi SSID. Ignoring.
06-30 14:34:39.067 I/HalDevMgr(  690): bestIfaceCreationProposal is null, requestIface=STA, existingIface=[name=wlan0 type=STA]
06-30 14:34:39.071 I/NullBinder( 1317): NullBinder for android.net.action.RECOMMEND_NETWORKS triggering remote TransactionTooLargeException due to Service without Chimera impl, calling uid: 1000, calling pid: 0
06-30 14:34:39.071 W/libbinder.Binder( 1317): Large reply transaction of 1056768 bytes, interface descriptor , function: UNKNOWN_FUNCTION_NAME, code: 1, flags: 17
06-30 14:34:39.072 D/WM-WorkConstraintsTrack( 2923): NetworkRequestConstraintController onCapabilitiesChanged callback
06-30 14:34:39.073 W/libbinder.IPCThreadState(  690): Sending oneway calls to frozen process.
06-30 14:34:39.073 D/WM-WorkConstraintsTrack( 3977): NetworkRequestConstraintController onCapabilitiesChanged callback
06-30 14:34:39.074 W/libbinder.IPCThreadState(  690): Sending oneway calls to frozen process.
06-30 14:34:39.076 I/BugleRcsEngine( 3867): handleMessage processing message:[NOTIFY_UPTIME_IGNORE_STATE_CHANGED] with [non-null]:RcsEngineImpl reference [CONTEXT log_prefix="RcsEngineImpl[DUAL_REG]:[390448b9-d26f]>Handler" thread_id=69 ]
06-30 14:34:39.076 I/BugleRcsEngine( 3867): Connected state: [1], networkType: [WIFI] [CONTEXT thread_id=65 ]
06-30 14:34:39.077 D/IpClient/wlan0( 1083): interfaceLinkStateChanged: ifindex 16 up
06-30 14:34:39.077 W/libbinder.IPCThreadState(  690): Sending oneway calls to frozen process.
06-30 14:34:39.077 W/libbinder.IPCThreadState(  690): Sending oneway calls to frozen process.
06-30 14:34:39.077 W/libbinder.IPCThreadState(  690): Sending oneway calls to frozen process.
06-30 14:34:39.078 W/libbinder.IPCThreadState(  690): Sending oneway calls to frozen process.
06-30 14:34:39.079 W/libbinder.IPCThreadState(  690): Sending oneway calls to frozen process.
06-30 14:34:39.080 D/IpClient/wlan0( 1083): interfaceLinkStateChanged: ifindex 16 up
06-30 14:34:39.081 W/libbinder.IPCThreadState(  690): Sending oneway calls to frozen process.
06-30 14:34:39.081 I/BugleRcsEngine( 3867): No RCS Configuration was found in Bugle for simID: redacted-pii:sim_id[chars:20,last3:897] [CONTEXT log_prefix="ProvisioningEngineDataRetriever" thread_id=69 ]
06-30 14:34:39.082 W/libbinder.IPCThreadState(  690): Sending oneway calls to frozen process.
06-30 14:34:39.084 D/ConnectivityService(  690): NetReassign [no changes] [c 0] [a 1] [i 0]
06-30 14:34:39.084 I/NearbyMediums( 1317): Wifi changed new SSID: "AndroidWifi"
06-30 14:34:39.084 I/NearbyMediums( 1317): WifiLanConnectivityInfo is not changed, skip notify.
06-30 14:34:39.543 D/SatelliteController( 1128): isInCarrierRoamingNbIotNtn: satellite is disabled
06-30 14:34:39.544 D/SatelliteController( 1128): getCarrierRoamingNtnConnectType: Checking connect type from PLMN config for subId: 1
06-30 14:34:39.544 D/TelephonyConfigUpdateInstallReceiver( 1128): getConfigParser: domain=satellite
06-30 14:34:39.544 V/SatelliteController( 1128): satelliteConfigParser is not ready
06-30 14:34:39.544 D/SatelliteController( 1128): isSatelliteAttachSupportedViaConfigupdater: return null (satelliteConfig is null)
06-30 14:34:39.545 D/SatelliteController( 1128): getSatellitePerPlmnConfiguration: invalid subId or not supported via carrier.
06-30 14:34:39.545 D/SatelliteController( 1128): getCarrierRoamingNtnConnectType: config: null
06-30 14:34:39.545 D/TelephonyConfigUpdateInstallReceiver( 1128): getConfigParser: domain=satellite
06-30 14:34:39.545 V/SatelliteController( 1128): satelliteConfigParser is not ready
06-30 14:34:39.545 D/SatelliteController( 1128): getCarrierRoamingNtnConnectTypeViaConfigUpdater: return null (satelliteConfig is null)
06-30 14:34:39.545 D/SatelliteController( 1128): getCarrierRoamingNtnConnectType: Falling back to global carrier config connect type: 0
06-30 14:34:39.545 D/TelephonyConfigUpdateInstallReceiver( 1128): getConfigParser: domain=satellite
06-30 14:34:39.545 V/SatelliteController( 1128): satelliteConfigParser is not ready
06-30 14:34:39.545 D/SatelliteController( 1128): isSatelliteAttachSupportedViaConfigupdater: return null (satelliteConfig is null)
06-30 14:34:39.545 D/SatelliteController( 1128): getCarrierRoamingNtnConnectType: Checking connect type from PLMN config for subId: 1
06-30 14:34:39.545 D/TelephonyConfigUpdateInstallReceiver( 1128): getConfigParser: domain=satellite
06-30 14:34:39.545 V/SatelliteController( 1128): satelliteConfigParser is not ready
06-30 14:34:39.546 D/SatelliteController( 1128): isSatelliteAttachSupportedViaConfigupdater: return null (satelliteConfig is null)
06-30 14:34:39.546 D/SatelliteController( 1128): getSatellitePerPlmnConfiguration: invalid subId or not supported via carrier.
06-30 14:34:39.546 D/SatelliteController( 1128): getCarrierRoamingNtnConnectType: config: null
06-30 14:34:39.546 D/TelephonyConfigUpdateInstallReceiver( 1128): getConfigParser: domain=satellite
06-30 14:34:39.546 V/SatelliteController( 1128): satelliteConfigParser is not ready
06-30 14:34:39.546 D/SatelliteController( 1128): getCarrierRoamingNtnConnectTypeViaConfigUpdater: return null (satelliteConfig is null)
06-30 14:34:39.546 D/SatelliteController( 1128): getCarrierRoamingNtnConnectType: Falling back to global carrier config connect type: 0
06-30 14:34:39.546 D/TelephonyConfigUpdateInstallReceiver( 1128): getConfigParser: domain=satellite
06-30 14:34:39.546 V/SatelliteController( 1128): satelliteConfigParser is not ready
06-30 14:34:39.546 D/SatelliteController( 1128): isSatelliteAttachSupportedViaConfigupdater: return null (satelliteConfig is null)
06-30 14:34:39.574 I/NearbySharing( 1317): Network state changed: NetworkState(isRestricted=false, isOnline=true, isCongested=false, isMetered=false, isWifiConnected=true)
06-30 14:34:40.442 D/AppWidgetServiceImpl(  690): Trying to notify widget update for package com.aiquota.mobile with widget id: 22
06-30 14:34:40.456 W/JobInfo (24227): Requested important-while-foreground flag for job14 is ignored and takes no effect
06-30 14:34:40.463 D/AppWidgetServiceImpl(  690): Trying to notify widget update for package com.aiquota.mobile with widget id: 24
06-30 14:34:40.463 D/AppWidgetServiceImpl(  690): Trying to notify widget update for package com.aiquota.mobile with widget id: 20
06-30 14:34:40.464 D/AppWidgetServiceImpl(  690): Trying to notify widget update for package com.aiquota.mobile with widget id: 21
06-30 14:34:40.596 I/adbd    (  539): adbd service requested 'shell,v2,raw:dumpsys package com.google.android.gms'
06-30 14:34:40.650 W/AiAiEcho( 1592): LyftNotificationParser Ridesharing ETA not enabled
06-30 14:34:40.650 I/AiAiEcho( 1592): SmartspaceNotificationPredictor no parser can handle this notification or notification is invalid
06-30 14:34:40.723 I/artd    ( 3273): GetBestInfo: odex next to the dex file (/data/app/~~pUpe9D-hsv0lOCLmNQJGyA==/com.google.android.gms-a0e_AySruvvgbDhYG8Z6yQ==/oat/x86_64/base.odex) is kOatUpToDate with filter 'speed-profile' executable 'false'
06-30 14:34:40.725 I/artd    ( 3273): GetBestInfo: dm (/data/app/~~pUpe9D-hsv0lOCLmNQJGyA==/com.google.android.gms-a0e_AySruvvgbDhYG8Z6yQ==/split_AdsDynamite_installtime.dm) is kOatUpToDate with filter 'verify' executable 'false'
06-30 14:34:40.728 I/artd    ( 3273): GetBestInfo: odex next to the dex file (/data/app/~~pUpe9D-hsv0lOCLmNQJGyA==/com.google.android.gms-a0e_AySruvvgbDhYG8Z6yQ==/oat/x86_64/split_CronetDynamite_installtime.odex) is kOatUpToDate with filter 'speed-profile' executable 'false'
06-30 14:34:40.730 I/artd    ( 3273): GetBestInfo: dm (/data/app/~~pUpe9D-hsv0lOCLmNQJGyA==/com.google.android.gms-a0e_AySruvvgbDhYG8Z6yQ==/split_DynamiteLoader_installtime.dm) is kOatUpToDate with filter 'verify' executable 'false'
06-30 14:34:40.732 I/artd    ( 3273): GetBestInfo: dm (/data/app/~~pUpe9D-hsv0lOCLmNQJGyA==/com.google.android.gms-a0e_AySruvvgbDhYG8Z6yQ==/split_DynamiteModulesA_installtime.dm) is kOatUpToDate with filter 'verify' executable 'false'
06-30 14:34:40.733 I/artd    ( 3273): GetBestInfo: dm (/data/app/~~pUpe9D-hsv0lOCLmNQJGyA==/com.google.android.gms-a0e_AySruvvgbDhYG8Z6yQ==/split_DynamiteModulesC_installtime.dm) is kOatUpToDate with filter 'verify' executable 'false'
06-30 14:34:40.734 I/artd    ( 3273): GetBestInfo: dm (/data/app/~~pUpe9D-hsv0lOCLmNQJGyA==/com.google.android.gms-a0e_AySruvvgbDhYG8Z6yQ==/split_GoogleCertificates_installtime.dm) is kOatUpToDate with filter 'verify' executable 'false'
06-30 14:34:40.736 I/artd    ( 3273): GetBestInfo: dm (/data/app/~~pUpe9D-hsv0lOCLmNQJGyA==/com.google.android.gms-a0e_AySruvvgbDhYG8Z6yQ==/split_MapsDynamite_installtime.dm) is kOatUpToDate with filter 'verify' executable 'false'
06-30 14:34:40.737 D/AppWidgetServiceImpl(  690): Trying to notify widget update for package com.aiquota.mobile with widget id: 17
06-30 14:34:40.738 I/artd    ( 3273): GetBestInfo: dm (/data/app/~~pUpe9D-hsv0lOCLmNQJGyA==/com.google.android.gms-a0e_AySruvvgbDhYG8Z6yQ==/split_MeasurementDynamite_installtime.dm) is kOatUpToDate with filter 'verify' executable 'false'
06-30 14:34:40.740 I/artd    ( 3273): GetBestInfo: /data/user_de/0/com.google.android.gms/app_chimera/m/0000000e/dl-IdentityCredentialsPlatform.optional_262031100800.apk has no usable artifacts
06-30 14:34:40.741 I/artd    ( 3273): GetBestInfo: /data/user_de/0/com.google.android.gms/app_chimera/m/00000001/CronetDynamite.apk has no usable artifacts
06-30 14:34:40.742 I/artd    ( 3273): GetBestInfo: /data/user_de/0/com.google.android.gms/app_chimera/m/00000013/dl-TfliteDynamiteDynamite.integ_252130102100800.apk has no usable artifacts
06-30 14:34:40.743 I/artd    ( 3273): GetBestInfo: /data/user_de/0/com.google.android.gms/app_chimera/m/00000002/DynamiteLoader.apk has no usable artifacts
06-30 14:34:40.745 I/artd    ( 3273): GetBestInfo: /data/user_de/0/com.google.android.gms/app_chimera/m/0000000c/dl-IdentityCredentialsPlatform.optional_261136100800.apk has no usable artifacts
06-30 14:34:40.745 I/artd    ( 3273): GetBestInfo: /data/user_de/0/com.google.android.gms/app_chimera/m/00000005/GoogleCertificates.apk has no usable artifacts
06-30 14:34:40.747 I/artd    ( 3273): GetBestInfo: /data/user_de/0/com.google.android.gms/app_chimera/m/0000000a/dl-TfliteDynamiteDynamite.integ_260580502100800.apk has no usable artifacts
06-30 14:34:40.748 I/artd    ( 3273): GetBestInfo: /data/user_de/0/com.google.android.gms/app_chimera/m/00000016/dl-PlayCloudSearch.optional_262031100000.apk has no usable artifacts
06-30 14:34:40.749 I/artd    ( 3273): GetBestInfo: /data/user_de/0/com.google.android.gms/app_chimera/m/00000014/dl-MlkitOcrCommon.optional_262031100800.apk has no usable artifacts
06-30 14:34:40.751 I/artd    ( 3273): GetBestInfo: /data/user_de/0/com.google.android.gms/app_chimera/m/00000008/dl-VisionOcr.optional_261136100000.apk has no usable artifacts
06-30 14:34:40.752 D/ShortcutAndWidgetContainer( 2807): appWidgetScale - [x,y]: [1.0,1.0]
06-30 14:34:40.752 D/NavigableAppWidgetHostView( 2807): updateScale - [fitScale,bounceScale]: [1.0,1.0]
06-30 14:34:40.752 I/artd    ( 3273): GetBestInfo: /data/user_de/0/com.google.android.gms/app_chimera/m/00000010/dl-Appsearch.optional_262031100800.apk has no usable artifacts
06-30 14:34:40.752 D/ShortcutAndWidgetContainer( 2807): appWidgetScale - [x,y]: [1.0,1.0]
06-30 14:34:40.752 D/NavigableAppWidgetHostView( 2807): updateScale - [fitScale,bounceScale]: [1.0,1.0]
06-30 14:34:40.752 D/ShortcutAndWidgetContainer( 2807): appWidgetScale - [x,y]: [1.0,1.0]
06-30 14:34:40.752 D/NavigableAppWidgetHostView( 2807): updateScale - [fitScale,bounceScale]: [1.0,1.0]
06-30 14:34:40.752 D/ShortcutAndWidgetContainer( 2807): appWidgetScale - [x,y]: [1.0,1.0]
06-30 14:34:40.752 D/NavigableAppWidgetHostView( 2807): updateScale - [fitScale,bounceScale]: [1.0,1.0]
06-30 14:34:40.754 I/artd    ( 3273): GetBestInfo: /data/user_de/0/com.google.android.gms/app_chimera/m/0000000b/dl-Appsearch.optional_261136100800.apk has no usable artifacts
06-30 14:34:40.759 I/artd    ( 3273): GetBestInfo: vdex next to the dex file (/data/user/0/com.google.android.gms/app_dg_cache/9BCBC14EE674B00B958D4B0C5B4BD883630AA39E/oat/x86_64/the.vdex) is kOatUpToDate with filter 'verify' executable 'false'
06-30 14:34:40.761 I/artd    ( 3273): GetBestInfo: /data/user_de/0/com.google.android.gms/app_chimera/m/00000009/dl-MlkitOcrCommon.optional_261136100800.apk has no usable artifacts
06-30 14:34:40.762 I/artd    ( 3273): GetBestInfo: /data/user/0/com.google.android.gms/app_dg_cache/22DA9D7AD8ED7504E0CAC64C41ECDBD7068924E0/the.apk has no usable artifacts
06-30 14:34:40.763 I/artd    ( 3273): GetBestInfo: vdex next to the dex file (/data/user/0/com.google.android.gms/app_dg_cache/FEE57AEA14526BE59FD8AB1365237E7B7A5CE7CB/oat/x86_64/the.vdex) is kOatUpToDate with filter 'verify' executable 'false'
06-30 14:34:40.765 I/artd    ( 3273): GetBestInfo: vdex next to the dex file (/data/user/0/com.google.android.gms/app_dg_cache/1C62BDE86218FBAA50DF06C4A79F5C3FE74B69EC/oat/x86_64/the.vdex) is kOatUpToDate with filter 'verify' executable 'false'
06-30 14:34:40.766 I/artd    ( 3273): GetBestInfo: /data/user_de/0/com.google.android.gms/app_chimera/m/0000000f/dl-VisionOcr.optional_262031100000.apk has no usable artifacts
06-30 14:34:40.768 I/artd    ( 3273): GetBestInfo: /data/user_de/0/com.google.android.gms/app_chimera/m/00000015/dl-MlkitBarcodeUi.optional_262031100800.apk has no usable artifacts
06-30 14:34:40.769 I/artd    ( 3273): GetBestInfo: /data/user_de/0/com.google.android.gms/app_chimera/m/00000007/MeasurementDynamite.apk has no usable artifacts
06-30 14:34:40.801 W/skia    (  527): AGTM parsing failed flags.readFromStream(s) at 159
06-30 14:34:40.803 W/skia    (  527): AGTM parsing failed flags.readFromStream(s) at 159
06-30 14:34:40.907 W/skia    (  527): AGTM parsing failed flags.readFromStream(s) at 159
06-30 14:34:40.907 W/skia    (  527): AGTM parsing failed flags.readFromStream(s) at 159
06-30 14:34:41.009 W/skia    (  527): AGTM parsing failed flags.readFromStream(s) at 159
06-30 14:34:41.009 W/skia    (  527): AGTM parsing failed flags.readFromStream(s) at 159
06-30 14:34:41.974 I/wpa_supplicant(  961): wlan0: CTRL-EVENT-BEACON-LOSS 
06-30 14:34:42.071 I/HalDevMgr(  690): bestIfaceCreationProposal is null, requestIface=STA, existingIface=[name=wlan0 type=STA]
06-30 14:34:45.078 I/HalDevMgr(  690): bestIfaceCreationProposal is null, requestIface=STA, existingIface=[name=wlan0 type=STA]
06-30 14:34:45.083 D/IpClient/wlan0( 1083): interfaceLinkStateChanged: ifindex 16 up
06-30 14:34:45.088 D/IpClient/wlan0( 1083): interfaceLinkStateChanged: ifindex 16 up
06-30 14:34:46.484 I/Finsky  ( 4591): [41] Stats for Executor: LightweightExecutor wgz@b4ff2b7[Running, pool size = 3, active threads = 0, queued tasks = 0, completed tasks = 778]
06-30 14:34:46.499 I/Finsky  ( 4591): [41] Stats for Executor: BlockingExecutor wgz@ec68d45[Running, pool size = 0, active threads = 0, queued tasks = 0, completed tasks = 189]
06-30 14:34:46.537 I/Finsky  ( 4591): [41] Stats for Executor: bgExecutor wgz@18760dd[Running, pool size = 4, active threads = 0, queued tasks = 0, completed tasks = 1859]
06-30 14:34:48.085 I/AdbWifiNetworkMonitor(  690): Wi-Fi network available
06-30 14:34:48.085 I/AdbWifiNetworkMonitor(  690): Received the same Wi-Fi SSID. Ignoring.
06-30 14:34:48.087 I/HalDevMgr(  690): bestIfaceCreationProposal is null, requestIface=STA, existingIface=[name=wlan0 type=STA]
06-30 14:34:48.089 I/NullBinder( 1317): NullBinder for android.net.action.RECOMMEND_NETWORKS triggering remote TransactionTooLargeException due to Service without Chimera impl, calling uid: 1000, calling pid: 0
06-30 14:34:48.089 W/libbinder.Binder( 1317): Large reply transaction of 1056768 bytes, interface descriptor , function: UNKNOWN_FUNCTION_NAME, code: 1, flags: 17
06-30 14:34:48.089 D/WM-WorkConstraintsTrack( 2923): NetworkRequestConstraintController onCapabilitiesChanged callback
06-30 14:34:48.090 D/WM-WorkConstraintsTrack( 3977): NetworkRequestConstraintController onCapabilitiesChanged callback
06-30 14:34:48.091 I/BugleRcsEngine( 3867): handleMessage processing message:[NOTIFY_UPTIME_IGNORE_STATE_CHANGED] with [non-null]:RcsEngineImpl reference [CONTEXT log_prefix="RcsEngineImpl[DUAL_REG]:[390448b9-d26f]>Handler" thread_id=69 ]
06-30 14:34:48.091 I/BugleRcsEngine( 3867): Connected state: [1], networkType: [WIFI] [CONTEXT thread_id=65 ]
06-30 14:34:48.091 W/libbinder.IPCThreadState(  690): Sending oneway calls to frozen process.
06-30 14:34:48.091 W/libbinder.IPCThreadState(  690): Sending oneway calls to frozen process.
06-30 14:34:48.094 W/libbinder.IPCThreadState(  690): Sending oneway calls to frozen process.
06-30 14:34:48.094 W/libbinder.IPCThreadState(  690): Sending oneway calls to frozen process.
06-30 14:34:48.094 W/libbinder.IPCThreadState(  690): Sending oneway calls to frozen process.
06-30 14:34:48.095 W/libbinder.IPCThreadState(  690): Sending oneway calls to frozen process.
06-30 14:34:48.095 I/BugleRcsEngine( 3867): No RCS Configuration was found in Bugle for simID: redacted-pii:sim_id[chars:20,last3:897] [CONTEXT log_prefix="ProvisioningEngineDataRetriever" thread_id=69 ]
06-30 14:34:48.095 W/libbinder.IPCThreadState(  690): Sending oneway calls to frozen process.
06-30 14:34:48.096 W/libbinder.IPCThreadState(  690): Sending oneway calls to frozen process.
06-30 14:34:48.097 W/libbinder.IPCThreadState(  690): Sending oneway calls to frozen process.
06-30 14:34:48.099 D/ConnectivityService(  690): NetReassign [no changes] [c 0] [a 0] [i 1]
06-30 14:34:48.099 I/NearbyMediums( 1317): Wifi changed new SSID: "AndroidWifi"
06-30 14:34:48.099 I/NearbyMediums( 1317): WifiLanConnectivityInfo is not changed, skip notify.
06-30 14:34:48.592 I/NearbySharing( 1317): Network state changed: NetworkState(isRestricted=false, isOnline=true, isCongested=false, isMetered=false, isWifiConnected=true)
06-30 14:34:48.776 I/keystore2(  331): system/security/keystore2/watchdog/src/lib.rs:371 - Watchdog thread idle -> terminating. Have a great day.
06-30 14:34:49.543 D/SatelliteController( 1128): isInCarrierRoamingNbIotNtn: satellite is disabled
06-30 14:34:49.543 D/SatelliteController( 1128): getCarrierRoamingNtnConnectType: Checking connect type from PLMN config for subId: 1
06-30 14:34:49.543 D/TelephonyConfigUpdateInstallReceiver( 1128): getConfigParser: domain=satellite
06-30 14:34:49.543 V/SatelliteController( 1128): satelliteConfigParser is not ready
06-30 14:34:49.543 D/SatelliteController( 1128): isSatelliteAttachSupportedViaConfigupdater: return null (satelliteConfig is null)
06-30 14:34:49.543 D/SatelliteController( 1128): getSatellitePerPlmnConfiguration: invalid subId or not supported via carrier.
06-30 14:34:49.543 D/SatelliteController( 1128): getCarrierRoamingNtnConnectType: config: null
06-30 14:34:49.543 D/TelephonyConfigUpdateInstallReceiver( 1128): getConfigParser: domain=satellite
06-30 14:34:49.543 V/SatelliteController( 1128): satelliteConfigParser is not ready
06-30 14:34:49.543 D/SatelliteController( 1128): getCarrierRoamingNtnConnectTypeViaConfigUpdater: return null (satelliteConfig is null)
06-30 14:34:49.543 D/SatelliteController( 1128): getCarrierRoamingNtnConnectType: Falling back to global carrier config connect type: 0
06-30 14:34:49.543 D/TelephonyConfigUpdateInstallReceiver( 1128): getConfigParser: domain=satellite
06-30 14:34:49.543 V/SatelliteController( 1128): satelliteConfigParser is not ready
06-30 14:34:49.543 D/SatelliteController( 1128): isSatelliteAttachSupportedViaConfigupdater: return null (satelliteConfig is null)
06-30 14:34:49.544 D/SatelliteController( 1128): getCarrierRoamingNtnConnectType: Checking connect type from PLMN config for subId: 1
06-30 14:34:49.544 D/TelephonyConfigUpdateInstallReceiver( 1128): getConfigParser: domain=satellite
06-30 14:34:49.544 V/SatelliteController( 1128): satelliteConfigParser is not ready
06-30 14:34:49.544 D/SatelliteController( 1128): isSatelliteAttachSupportedViaConfigupdater: return null (satelliteConfig is null)
06-30 14:34:49.544 D/SatelliteController( 1128): getSatellitePerPlmnConfiguration: invalid subId or not supported via carrier.
06-30 14:34:49.544 D/SatelliteController( 1128): getCarrierRoamingNtnConnectType: config: null
06-30 14:34:49.544 D/TelephonyConfigUpdateInstallReceiver( 1128): getConfigParser: domain=satellite
06-30 14:34:49.544 V/SatelliteController( 1128): satelliteConfigParser is not ready
06-30 14:34:49.544 D/SatelliteController( 1128): getCarrierRoamingNtnConnectTypeViaConfigUpdater: return null (satelliteConfig is null)
06-30 14:34:49.544 D/SatelliteController( 1128): getCarrierRoamingNtnConnectType: Falling back to global carrier config connect type: 0
06-30 14:34:49.544 D/TelephonyConfigUpdateInstallReceiver( 1128): getConfigParser: domain=satellite
06-30 14:34:49.544 V/SatelliteController( 1128): satelliteConfigParser is not ready
06-30 14:34:49.544 D/SatelliteController( 1128): isSatelliteAttachSupportedViaConfigupdater: return null (satelliteConfig is null)
06-30 14:34:49.910 I/wpa_supplicant(  961): wlan0: CTRL-EVENT-BEACON-LOSS 
06-30 14:34:50.605 I/adbd    (  539): adbd service requested 'shell,v2,raw:dumpsys package com.google.android.gms'
06-30 14:34:50.697 I/system_server(  690): Background young concurrent mark compact GC freed 23MB AllocSpace bytes, 4(128KB) LOS objects, 36% free, 41MB/65MB, paused 4.912ms,24.455ms total 58.968ms
06-30 14:34:50.773 I/artd    ( 3273): GetBestInfo: odex next to the dex file (/data/app/~~pUpe9D-hsv0lOCLmNQJGyA==/com.google.android.gms-a0e_AySruvvgbDhYG8Z6yQ==/oat/x86_64/base.odex) is kOatUpToDate with filter 'speed-profile' executable 'false'
06-30 14:34:50.775 I/artd    ( 3273): GetBestInfo: dm (/data/app/~~pUpe9D-hsv0lOCLmNQJGyA==/com.google.android.gms-a0e_AySruvvgbDhYG8Z6yQ==/split_AdsDynamite_installtime.dm) is kOatUpToDate with filter 'verify' executable 'false'
06-30 14:34:50.776 I/artd    ( 3273): GetBestInfo: odex next to the dex file (/data/app/~~pUpe9D-hsv0lOCLmNQJGyA==/com.google.android.gms-a0e_AySruvvgbDhYG8Z6yQ==/oat/x86_64/split_CronetDynamite_installtime.odex) is kOatUpToDate with filter 'speed-profile' executable 'false'
06-30 14:34:50.777 I/artd    ( 3273): GetBestInfo: dm (/data/app/~~pUpe9D-hsv0lOCLmNQJGyA==/com.google.android.gms-a0e_AySruvvgbDhYG8Z6yQ==/split_DynamiteLoader_installtime.dm) is kOatUpToDate with filter 'verify' executable 'false'
06-30 14:34:50.778 I/artd    ( 3273): GetBestInfo: dm (/data/app/~~pUpe9D-hsv0lOCLmNQJGyA==/com.google.android.gms-a0e_AySruvvgbDhYG8Z6yQ==/split_DynamiteModulesA_installtime.dm) is kOatUpToDate with filter 'verify' executable 'false'
06-30 14:34:50.779 I/artd    ( 3273): GetBestInfo: dm (/data/app/~~pUpe9D-hsv0lOCLmNQJGyA==/com.google.android.gms-a0e_AySruvvgbDhYG8Z6yQ==/split_DynamiteModulesC_installtime.dm) is kOatUpToDate with filter 'verify' executable 'false'
06-30 14:34:50.780 I/artd    ( 3273): GetBestInfo: dm (/data/app/~~pUpe9D-hsv0lOCLmNQJGyA==/com.google.android.gms-a0e_AySruvvgbDhYG8Z6yQ==/split_GoogleCertificates_installtime.dm) is kOatUpToDate with filter 'verify' executable 'false'
06-30 14:34:50.781 I/artd    ( 3273): GetBestInfo: dm (/data/app/~~pUpe9D-hsv0lOCLmNQJGyA==/com.google.android.gms-a0e_AySruvvgbDhYG8Z6yQ==/split_MapsDynamite_installtime.dm) is kOatUpToDate with filter 'verify' executable 'false'
06-30 14:34:50.783 I/artd    ( 3273): GetBestInfo: dm (/data/app/~~pUpe9D-hsv0lOCLmNQJGyA==/com.google.android.gms-a0e_AySruvvgbDhYG8Z6yQ==/split_MeasurementDynamite_installtime.dm) is kOatUpToDate with filter 'verify' executable 'false'
06-30 14:34:50.784 I/artd    ( 3273): GetBestInfo: /data/user_de/0/com.google.android.gms/app_chimera/m/0000000e/dl-IdentityCredentialsPlatform.optional_262031100800.apk has no usable artifacts
06-30 14:34:50.784 I/artd    ( 3273): GetBestInfo: /data/user_de/0/com.google.android.gms/app_chimera/m/00000001/CronetDynamite.apk has no usable artifacts
06-30 14:34:50.785 I/artd    ( 3273): GetBestInfo: /data/user_de/0/com.google.android.gms/app_chimera/m/00000013/dl-TfliteDynamiteDynamite.integ_252130102100800.apk has no usable artifacts
06-30 14:34:50.786 I/artd    ( 3273): GetBestInfo: /data/user_de/0/com.google.android.gms/app_chimera/m/00000002/DynamiteLoader.apk has no usable artifacts
06-30 14:34:50.787 I/artd    ( 3273): GetBestInfo: /data/user_de/0/com.google.android.gms/app_chimera/m/0000000c/dl-IdentityCredentialsPlatform.optional_261136100800.apk has no usable artifacts
06-30 14:34:50.788 I/artd    ( 3273): GetBestInfo: /data/user_de/0/com.google.android.gms/app_chimera/m/00000005/GoogleCertificates.apk has no usable artifacts
06-30 14:34:50.789 I/artd    ( 3273): GetBestInfo: /data/user_de/0/com.google.android.gms/app_chimera/m/0000000a/dl-TfliteDynamiteDynamite.integ_260580502100800.apk has no usable artifacts
06-30 14:34:50.790 I/artd    ( 3273): GetBestInfo: /data/user_de/0/com.google.android.gms/app_chimera/m/00000016/dl-PlayCloudSearch.optional_262031100000.apk has no usable artifacts
06-30 14:34:50.791 I/artd    ( 3273): GetBestInfo: /data/user_de/0/com.google.android.gms/app_chimera/m/00000014/dl-MlkitOcrCommon.optional_262031100800.apk has no usable artifacts
06-30 14:34:50.793 I/artd    ( 3273): GetBestInfo: /data/user_de/0/com.google.android.gms/app_chimera/m/00000008/dl-VisionOcr.optional_261136100000.apk has no usable artifacts
06-30 14:34:50.794 I/artd    ( 3273): GetBestInfo: /data/user_de/0/com.google.android.gms/app_chimera/m/00000010/dl-Appsearch.optional_262031100800.apk has no usable artifacts
06-30 14:34:50.796 I/artd    ( 3273): GetBestInfo: /data/user_de/0/com.google.android.gms/app_chimera/m/0000000b/dl-Appsearch.optional_261136100800.apk has no usable artifacts
06-30 14:34:50.797 I/artd    ( 3273): GetBestInfo: vdex next to the dex file (/data/user/0/com.google.android.gms/app_dg_cache/9BCBC14EE674B00B958D4B0C5B4BD883630AA39E/oat/x86_64/the.vdex) is kOatUpToDate with filter 'verify' executable 'false'
06-30 14:34:50.799 I/artd    ( 3273): GetBestInfo: /data/user_de/0/com.google.android.gms/app_chimera/m/00000009/dl-MlkitOcrCommon.optional_261136100800.apk has no usable artifacts
06-30 14:34:50.800 I/artd    ( 3273): GetBestInfo: /data/user/0/com.google.android.gms/app_dg_cache/22DA9D7AD8ED7504E0CAC64C41ECDBD7068924E0/the.apk has no usable artifacts
06-30 14:34:50.802 I/artd    ( 3273): GetBestInfo: vdex next to the dex file (/data/user/0/com.google.android.gms/app_dg_cache/FEE57AEA14526BE59FD8AB1365237E7B7A5CE7CB/oat/x86_64/the.vdex) is kOatUpToDate with filter 'verify' executable 'false'
06-30 14:34:50.803 I/artd    ( 3273): GetBestInfo: vdex next to the dex file (/data/user/0/com.google.android.gms/app_dg_cache/1C62BDE86218FBAA50DF06C4A79F5C3FE74B69EC/oat/x86_64/the.vdex) is kOatUpToDate with filter 'verify' executable 'false'
06-30 14:34:50.805 I/artd    ( 3273): GetBestInfo: /data/user_de/0/com.google.android.gms/app_chimera/m/0000000f/dl-VisionOcr.optional_262031100000.apk has no usable artifacts
06-30 14:34:50.806 I/artd    ( 3273): GetBestInfo: /data/user_de/0/com.google.android.gms/app_chimera/m/00000015/dl-MlkitBarcodeUi.optional_262031100800.apk has no usable artifacts
06-30 14:34:50.807 I/artd    ( 3273): GetBestInfo: /data/user_de/0/com.google.android.gms/app_chimera/m/00000007/MeasurementDynamite.apk has no usable artifacts
06-30 14:34:51.093 I/AdbWifiNetworkMonitor(  690): Wi-Fi network available
06-30 14:34:51.093 I/AdbWifiNetworkMonitor(  690): Received the same Wi-Fi SSID. Ignoring.
06-30 14:34:51.096 D/WM-WorkConstraintsTrack( 2923): NetworkRequestConstraintController onCapabilitiesChanged callback
06-30 14:34:51.096 I/HalDevMgr(  690): bestIfaceCreationProposal is null, requestIface=STA, existingIface=[name=wlan0 type=STA]
06-30 14:34:51.098 D/WM-WorkConstraintsTrack( 3977): NetworkRequestConstraintController onCapabilitiesChanged callback
06-30 14:34:51.099 W/libbinder.IPCThreadState(  690): Sending oneway calls to frozen process.
06-30 14:34:51.099 W/libbinder.IPCThreadState(  690): Sending oneway calls to frozen process.
06-30 14:34:51.099 I/BugleRcsEngine( 3867): handleMessage processing message:[NOTIFY_UPTIME_IGNORE_STATE_CHANGED] with [non-null]:RcsEngineImpl reference [CONTEXT log_prefix="RcsEngineImpl[DUAL_REG]:[390448b9-d26f]>Handler" thread_id=69 ]
06-30 14:34:51.100 I/BugleRcsEngine( 3867): Connected state: [1], networkType: [WIFI] [CONTEXT thread_id=65 ]
06-30 14:34:51.101 D/IpClient/wlan0( 1083): interfaceLinkStateChanged: ifindex 16 up
06-30 14:34:51.102 W/libbinder.IPCThreadState(  690): Sending oneway calls to frozen process.
06-30 14:34:51.102 W/libbinder.IPCThreadState(  690): Sending oneway calls to frozen process.
06-30 14:34:51.102 W/libbinder.IPCThreadState(  690): Sending oneway calls to frozen process.
06-30 14:34:51.104 I/NullBinder( 1317): NullBinder for android.net.action.RECOMMEND_NETWORKS triggering remote TransactionTooLargeException due to Service without Chimera impl, calling uid: 1000, calling pid: 0
06-30 14:34:51.104 W/libbinder.Binder( 1317): Large reply transaction of 1056768 bytes, interface descriptor , function: UNKNOWN_FUNCTION_NAME, code: 1, flags: 17
06-30 14:34:51.104 W/libbinder.IPCThreadState(  690): Sending oneway calls to frozen process.
06-30 14:34:51.106 W/libbinder.IPCThreadState(  690): Sending oneway calls to frozen process.
06-30 14:34:51.106 D/IpClient/wlan0( 1083): interfaceLinkStateChanged: ifindex 16 up
06-30 14:34:51.107 W/libbinder.IPCThreadState(  690): Sending oneway calls to frozen process.
06-30 14:34:51.107 I/BugleRcsEngine( 3867): No RCS Configuration was found in Bugle for simID: redacted-pii:sim_id[chars:20,last3:897] [CONTEXT log_prefix="ProvisioningEngineDataRetriever" thread_id=69 ]
06-30 14:34:51.107 W/libbinder.IPCThreadState(  690): Sending oneway calls to frozen process.
06-30 14:34:51.109 D/ConnectivityService(  690): NetReassign [no changes] [c 0] [a 2] [i 0]
06-30 14:34:51.112 I/NearbyMediums( 1317): Wifi changed new SSID: "AndroidWifi"
06-30 14:34:51.112 I/NearbyMediums( 1317): WifiLanConnectivityInfo is not changed, skip notify.
06-30 14:34:51.601 I/NearbySharing( 1317): Network state changed: NetworkState(isRestricted=false, isOnline=true, isCongested=false, isMetered=false, isWifiConnected=true)
06-30 14:34:54.102 I/HalDevMgr(  690): bestIfaceCreationProposal is null, requestIface=STA, existingIface=[name=wlan0 type=STA]
06-30 14:34:56.634 I/Finsky  ( 4591): [41] Stats for Executor: GrpcBackgroundExecutor wgz@430365f[Running, pool size = 4, active threads = 0, queued tasks = 0, completed tasks = 13]
06-30 14:34:57.109 I/HalDevMgr(  690): bestIfaceCreationProposal is null, requestIface=STA, existingIface=[name=wlan0 type=STA]
06-30 14:34:58.101 I/wpa_supplicant(  961): wlan0: CTRL-EVENT-BEACON-LOSS 
06-30 14:34:59.543 D/SatelliteController( 1128): isInCarrierRoamingNbIotNtn: satellite is disabled
06-30 14:34:59.543 D/SatelliteController( 1128): getCarrierRoamingNtnConnectType: Checking connect type from PLMN config for subId: 1
06-30 14:34:59.543 D/TelephonyConfigUpdateInstallReceiver( 1128): getConfigParser: domain=satellite
06-30 14:34:59.543 V/SatelliteController( 1128): satelliteConfigParser is not ready
06-30 14:34:59.543 D/SatelliteController( 1128): isSatelliteAttachSupportedViaConfigupdater: return null (satelliteConfig is null)
06-30 14:34:59.544 D/SatelliteController( 1128): getSatellitePerPlmnConfiguration: invalid subId or not supported via carrier.
06-30 14:34:59.544 D/SatelliteController( 1128): getCarrierRoamingNtnConnectType: config: null
06-30 14:34:59.544 D/TelephonyConfigUpdateInstallReceiver( 1128): getConfigParser: domain=satellite
06-30 14:34:59.544 V/SatelliteController( 1128): satelliteConfigParser is not ready
06-30 14:34:59.544 D/SatelliteController( 1128): getCarrierRoamingNtnConnectTypeViaConfigUpdater: return null (satelliteConfig is null)
06-30 14:34:59.544 D/SatelliteController( 1128): getCarrierRoamingNtnConnectType: Falling back to global carrier config connect type: 0
06-30 14:34:59.544 D/TelephonyConfigUpdateInstallReceiver( 1128): getConfigParser: domain=satellite
06-30 14:34:59.544 V/SatelliteController( 1128): satelliteConfigParser is not ready
06-30 14:34:59.544 D/SatelliteController( 1128): isSatelliteAttachSupportedViaConfigupdater: return null (satelliteConfig is null)
06-30 14:34:59.544 D/SatelliteController( 1128): getCarrierRoamingNtnConnectType: Checking connect type from PLMN config for subId: 1
06-30 14:34:59.544 D/TelephonyConfigUpdateInstallReceiver( 1128): getConfigParser: domain=satellite
06-30 14:34:59.544 V/SatelliteController( 1128): satelliteConfigParser is not ready
06-30 14:34:59.544 D/SatelliteController( 1128): isSatelliteAttachSupportedViaConfigupdater: return null (satelliteConfig is null)
06-30 14:34:59.544 D/SatelliteController( 1128): getSatellitePerPlmnConfiguration: invalid subId or not supported via carrier.
06-30 14:34:59.544 D/SatelliteController( 1128): getCarrierRoamingNtnConnectType: config: null
06-30 14:34:59.544 D/TelephonyConfigUpdateInstallReceiver( 1128): getConfigParser: domain=satellite
06-30 14:34:59.544 V/SatelliteController( 1128): satelliteConfigParser is not ready
06-30 14:34:59.544 D/SatelliteController( 1128): getCarrierRoamingNtnConnectTypeViaConfigUpdater: return null (satelliteConfig is null)
06-30 14:34:59.545 D/SatelliteController( 1128): getCarrierRoamingNtnConnectType: Falling back to global carrier config connect type: 0
06-30 14:34:59.545 D/TelephonyConfigUpdateInstallReceiver( 1128): getConfigParser: domain=satellite
06-30 14:34:59.545 V/SatelliteController( 1128): satelliteConfigParser is not ready
06-30 14:34:59.545 D/SatelliteController( 1128): isSatelliteAttachSupportedViaConfigupdater: return null (satelliteConfig is null)
06-30 14:35:00.039 W/skia    (  527): AGTM parsing failed flags.readFromStream(s) at 159
06-30 14:35:00.039 W/skia    (  527): AGTM parsing failed flags.readFromStream(s) at 159
06-30 14:35:00.114 I/HalDevMgr(  690): bestIfaceCreationProposal is null, requestIface=STA, existingIface=[name=wlan0 type=STA]
06-30 14:35:00.588 I/adbd    (  539): adbd service requested 'shell,v2,raw:dumpsys package com.google.android.gms'
06-30 14:35:00.725 I/artd    ( 3273): GetBestInfo: odex next to the dex file (/data/app/~~pUpe9D-hsv0lOCLmNQJGyA==/com.google.android.gms-a0e_AySruvvgbDhYG8Z6yQ==/oat/x86_64/base.odex) is kOatUpToDate with filter 'speed-profile' executable 'false'
06-30 14:35:00.727 I/artd    ( 3273): GetBestInfo: dm (/data/app/~~pUpe9D-hsv0lOCLmNQJGyA==/com.google.android.gms-a0e_AySruvvgbDhYG8Z6yQ==/split_AdsDynamite_installtime.dm) is kOatUpToDate with filter 'verify' executable 'false'
06-30 14:35:00.728 I/artd    ( 3273): GetBestInfo: odex next to the dex file (/data/app/~~pUpe9D-hsv0lOCLmNQJGyA==/com.google.android.gms-a0e_AySruvvgbDhYG8Z6yQ==/oat/x86_64/split_CronetDynamite_installtime.odex) is kOatUpToDate with filter 'speed-profile' executable 'false'
06-30 14:35:00.729 I/artd    ( 3273): GetBestInfo: dm (/data/app/~~pUpe9D-hsv0lOCLmNQJGyA==/com.google.android.gms-a0e_AySruvvgbDhYG8Z6yQ==/split_DynamiteLoader_installtime.dm) is kOatUpToDate with filter 'verify' executable 'false'
06-30 14:35:00.731 I/artd    ( 3273): GetBestInfo: dm (/data/app/~~pUpe9D-hsv0lOCLmNQJGyA==/com.google.android.gms-a0e_AySruvvgbDhYG8Z6yQ==/split_DynamiteModulesA_installtime.dm) is kOatUpToDate with filter 'verify' executable 'false'
06-30 14:35:00.732 I/artd    ( 3273): GetBestInfo: dm (/data/app/~~pUpe9D-hsv0lOCLmNQJGyA==/com.google.android.gms-a0e_AySruvvgbDhYG8Z6yQ==/split_DynamiteModulesC_installtime.dm) is kOatUpToDate with filter 'verify' executable 'false'
06-30 14:35:00.734 I/artd    ( 3273): GetBestInfo: dm (/data/app/~~pUpe9D-hsv0lOCLmNQJGyA==/com.google.android.gms-a0e_AySruvvgbDhYG8Z6yQ==/split_GoogleCertificates_installtime.dm) is kOatUpToDate with filter 'verify' executable 'false'
06-30 14:35:00.736 I/artd    ( 3273): GetBestInfo: dm (/data/app/~~pUpe9D-hsv0lOCLmNQJGyA==/com.google.android.gms-a0e_AySruvvgbDhYG8Z6yQ==/split_MapsDynamite_installtime.dm) is kOatUpToDate with filter 'verify' executable 'false'
06-30 14:35:00.737 I/artd    ( 3273): GetBestInfo: dm (/data/app/~~pUpe9D-hsv0lOCLmNQJGyA==/com.google.android.gms-a0e_AySruvvgbDhYG8Z6yQ==/split_MeasurementDynamite_installtime.dm) is kOatUpToDate with filter 'verify' executable 'false'
06-30 14:35:00.739 I/artd    ( 3273): GetBestInfo: /data/user_de/0/com.google.android.gms/app_chimera/m/0000000e/dl-IdentityCredentialsPlatform.optional_262031100800.apk has no usable artifacts
06-30 14:35:00.739 I/artd    ( 3273): GetBestInfo: /data/user_de/0/com.google.android.gms/app_chimera/m/00000001/CronetDynamite.apk has no usable artifacts
06-30 14:35:00.740 I/artd    ( 3273): GetBestInfo: /data/user_de/0/com.google.android.gms/app_chimera/m/00000013/dl-TfliteDynamiteDynamite.integ_252130102100800.apk has no usable artifacts
06-30 14:35:00.741 I/artd    ( 3273): GetBestInfo: /data/user_de/0/com.google.android.gms/app_chimera/m/00000002/DynamiteLoader.apk has no usable artifacts
06-30 14:35:00.743 I/artd    ( 3273): GetBestInfo: /data/user_de/0/com.google.android.gms/app_chimera/m/0000000c/dl-IdentityCredentialsPlatform.optional_261136100800.apk has no usable artifacts
06-30 14:35:00.743 I/artd    ( 3273): GetBestInfo: /data/user_de/0/com.google.android.gms/app_chimera/m/00000005/GoogleCertificates.apk has no usable artifacts
06-30 14:35:00.745 I/artd    ( 3273): GetBestInfo: /data/user_de/0/com.google.android.gms/app_chimera/m/0000000a/dl-TfliteDynamiteDynamite.integ_260580502100800.apk has no usable artifacts
06-30 14:35:00.746 I/artd    ( 3273): GetBestInfo: /data/user_de/0/com.google.android.gms/app_chimera/m/00000016/dl-PlayCloudSearch.optional_262031100000.apk has no usable artifacts
06-30 14:35:00.747 I/artd    ( 3273): GetBestInfo: /data/user_de/0/com.google.android.gms/app_chimera/m/00000014/dl-MlkitOcrCommon.optional_262031100800.apk has no usable artifacts
06-30 14:35:00.749 I/artd    ( 3273): GetBestInfo: /data/user_de/0/com.google.android.gms/app_chimera/m/00000008/dl-VisionOcr.optional_261136100000.apk has no usable artifacts
06-30 14:35:00.751 I/artd    ( 3273): GetBestInfo: /data/user_de/0/com.google.android.gms/app_chimera/m/00000010/dl-Appsearch.optional_262031100800.apk has no usable artifacts
06-30 14:35:00.753 I/artd    ( 3273): GetBestInfo: /data/user_de/0/com.google.android.gms/app_chimera/m/0000000b/dl-Appsearch.optional_261136100800.apk has no usable artifacts
06-30 14:35:00.754 I/artd    ( 3273): GetBestInfo: vdex next to the dex file (/data/user/0/com.google.android.gms/app_dg_cache/9BCBC14EE674B00B958D4B0C5B4BD883630AA39E/oat/x86_64/the.vdex) is kOatUpToDate with filter 'verify' executable 'false'
06-30 14:35:00.756 I/artd    ( 3273): GetBestInfo: /data/user_de/0/com.google.android.gms/app_chimera/m/00000009/dl-MlkitOcrCommon.optional_261136100800.apk has no usable artifacts
06-30 14:35:00.757 I/artd    ( 3273): GetBestInfo: /data/user/0/com.google.android.gms/app_dg_cache/22DA9D7AD8ED7504E0CAC64C41ECDBD7068924E0/the.apk has no usable artifacts
06-30 14:35:00.758 I/artd    ( 3273): GetBestInfo: vdex next to the dex file (/data/user/0/com.google.android.gms/app_dg_cache/FEE57AEA14526BE59FD8AB1365237E7B7A5CE7CB/oat/x86_64/the.vdex) is kOatUpToDate with filter 'verify' executable 'false'
06-30 14:35:00.759 I/artd    ( 3273): GetBestInfo: vdex next to the dex file (/data/user/0/com.google.android.gms/app_dg_cache/1C62BDE86218FBAA50DF06C4A79F5C3FE74B69EC/oat/x86_64/the.vdex) is kOatUpToDate with filter 'verify' executable 'false'
06-30 14:35:00.760 I/artd    ( 3273): GetBestInfo: /data/user_de/0/com.google.android.gms/app_chimera/m/0000000f/dl-VisionOcr.optional_262031100000.apk has no usable artifacts
06-30 14:35:00.762 I/artd    ( 3273): GetBestInfo: /data/user_de/0/com.google.android.gms/app_chimera/m/00000015/dl-MlkitBarcodeUi.optional_262031100800.apk has no usable artifacts
06-30 14:35:00.763 I/artd    ( 3273): GetBestInfo: /data/user_de/0/com.google.android.gms/app_chimera/m/00000007/MeasurementDynamite.apk has no usable artifacts
06-30 14:35:03.120 I/HalDevMgr(  690): bestIfaceCreationProposal is null, requestIface=STA, existingIface=[name=wlan0 type=STA]
06-30 14:35:06.039 I/wpa_supplicant(  961): wlan0: CTRL-EVENT-BEACON-LOSS 
06-30 14:35:06.123 I/HalDevMgr(  690): bestIfaceCreationProposal is null, requestIface=STA, existingIface=[name=wlan0 type=STA]
06-30 14:35:08.264 I/adbd    (  539): adbd service requested 'shell,v2,TERM=dumb:export ANDROID_LOG_TAGS=''; exec logcat '-d' '-v' 'time''
