--------- beginning of main
07-01 00:50:18.361 I/adbd    (  539): adbd service requested 'shell,v2,raw:am start -n com.aiquota.mobile/.debug.ProviderLoginDebugActivity --es provider_id gemini'
--------- beginning of system
07-01 00:50:18.390 W/ActivityTaskManager(  690): callingPackage for (uid=2000, pid=28450) has no WPC
07-01 00:50:18.392 V/GrammaticalInflectionUtils(  690): AttributionSource: android.content.AttributionSource@f996d976 does not have READ_SYSTEM_GRAMMATICAL_GENDER permission.
07-01 00:50:18.396 D/RecentsView( 2807): onTaskDisplayChanged: 522, new displayId = 0
07-01 00:50:18.398 I/libbinder.BpBinder(  527): onLastStrongRef automatically unlinking death recipients for binder (0x7d6e3245dfd0) with descriptor: '(not cached)'
07-01 00:50:18.403 D/CompatChangeReporter(  690): Compat change id reported: 309578419; UID 10233; state: ENABLED
07-01 00:50:18.403 D/BaseActivity( 2807): Launcher flags updated: [state_started|state_resumed|state_deferred_resumed|state_window_focused|state_user_active] -[]
07-01 00:50:18.403 V/ActivityTaskManager(  690): TaskLaunchParamsModifier: phase=3 task=Task{d8459c3 #522 type=standard A=10233:com.aiquota.mobile} activity=ActivityRecord{134222194 u0 com.aiquota.mobile/.debug.ProviderLoginDebugActivity t-1} display-from-task=0 display-id=0 task-display-area-windowing-mode=1 suggested-display-area=DefaultTaskDisplayArea@98618239 inherit-from-task=fullscreen non-freeform-task-display-area display-area=DefaultTaskDisplayArea@98618239 skip-bounds-fullscreen
07-01 00:50:18.404 I/ActivityTaskManager(  690): START u0 {flg=0x10000000 xflg=0x4 cmp=com.aiquota.mobile/.debug.ProviderLoginDebugActivity (has extras)} with LAUNCH_MULTIPLE from uid 2000 (com.android.shell) (BAL_ALLOW_PERMISSION) result code=0
07-01 00:50:18.404 V/WindowManagerShell(  981): Transition requested (#136): android.os.BinderProxy@268948 TransitionRequestInfo { type = OPEN, triggerTask = TaskInfo{userId=0 taskId=522 effectiveUid=10233 displayId=0 isRunning=true baseIntent=Intent { flg=0x10000000 cmp=com.aiquota.mobile/.debug.ProviderLoginDebugActivity } baseActivity=ComponentInfo{com.aiquota.mobile/com.aiquota.mobile.debug.ProviderLoginDebugActivity} topActivity=ComponentInfo{com.aiquota.mobile/com.aiquota.mobile.debug.ProviderLoginDebugActivity} origActivity=null realActivity=ComponentInfo{com.aiquota.mobile/com.aiquota.mobile.debug.ProviderLoginDebugActivity} realActivityIsAppLockEnabled=false numActivities=1 lastActiveTime=50246350 supportsMultiWindow=true supportsMultiWindowWithoutConstraints=true resizeMode=1 isResizeable=true minWidth=-1 minHeight=-1 defaultMinSize=220 token=WCT{android.os.BinderProxy@3ec93e1} topActivityType=1 pictureInPictureParams=null shouldDockBigOverlays=false launchIntoPipHostTaskId=-1 lastParentTaskIdBeforePip=-1 displayCutoutSafeInsets=Rect(0, 132 - 0, 0) topActivityInfo=ActivityInfo{1cfb506 com.aiquota.mobile.debug.ProviderLoginDebugActivity} launchCookies=[] positionInParent=Point(0, 0) parentTaskId=-1 isFocused=false isInteractive=false isVisible=false isVisibleRequested=false isTopActivityNoDisplay=false isSleeping=false locusId=null displayAreaFeatureId=1 isTopActivityTransparent=false isActivityStackTransparent=false lastNonFullscreenBounds=null leafTaskBoundsFromOptions= false capturedLink=null capturedLinkTimestamp=0 requestedVisibleTypes=503 topActivityRequestOpenInBrowserEducationTimestamp=0 appCompatTaskInfo=AppCompatTaskInfo { topActivityInSizeCompat=false isLeafTask= true eligibleForLetterboxEducation= false isLetterboxEducationEnabled= true isLetterboxDoubleTapEnabled= false eligibleForUserAspectRatioButton= false topActivityBoundsLetterboxed= false isFromLetterboxDoubleTap= false topActivityLetterboxVerticalPosition= -1 topActivityLetterboxHorizontalPosition= -1 topActivityLetterboxWidth=-1 topActivityLetterboxHeight=-1 topActivityAppBounds=Rect(0, 0 - 1080, 2400) isUserFullscreenOverrideEnabled=false isSystemFullscreenOverrideEnabled=false hasMinAspectRatioOverride=false topActivityLetterboxBounds=null topNonResizableActivityAspectRatio=-1.0} topActivityMainWindowFrame=null isAppBubble=false}, pipChange = null, remoteTransitionInfo = null, displayChanges = null, requestedLocation = null, userChange = null, windowingLayerChange = null, fullscreenRequestChange = null, flags = 0, debugId = 136 }
07-01 00:50:18.405 D/BaseActivity( 2807): Launcher flags updated: [state_started|state_resumed|state_deferred_resumed|state_window_focused] -[state_user_active]
07-01 00:50:18.405 D/BaseActivity( 2807): Launcher flags updated: [state_started|state_window_focused] -[state_resumed|state_deferred_resumed]
07-01 00:50:18.405 W/DisconnectHandler(  981): No disconnect change found in the transition, not handling request.
07-01 00:50:18.405 V/ShellDesktopMode(  981): DesktopTasksController: skipping handleRequest reason=triggerTask's display doesn't support desktop mode
07-01 00:50:18.405 D/ShellSplitScreen(  981): logExit: no-op, mLoggerSessionId is null
07-01 00:50:18.407 W/SplitSelectStateCtor( 2807): Missing session instanceIds
07-01 00:50:18.407 D/StatsLog( 2807): LAUNCHER_SPLIT_SELECTION_EXIT_INTERRUPTED
07-01 00:50:18.407 V/RecentTasksController(  981): Notify recent tasks changed
07-01 00:50:18.407 D/ShellDesktopMode(  981): DesktopRepository(0): Removes freeform task: taskId=521
07-01 00:50:18.408 W/ShellDesktopMode(  981): DesktopRepository(0): No display id found for task: taskId=521
07-01 00:50:18.408 V/RecentTasksController(  981): Notify recent tasks changed
07-01 00:50:18.410 D/CompatChangeReporter(  690): Compat change id reported: 324203798; UID 10233; state: ENABLED
07-01 00:50:18.416 I/Surface (  981): Creating surface for consumer unnamed-981-55 with slotExpansion=1 for 64 slots
07-01 00:50:18.420 D/WindowManagerShell(  981): setLauncherKeepClearAreaHeight: visible=false, height=495
07-01 00:50:18.420 W/libbinder.IPCThreadState(  596): Sending oneway calls to frozen process.
07-01 00:50:18.424 V/WindowManager(  690): Defer transition id=136 for TaskFragmentTransaction=android.os.Binder@948cf1f
07-01 00:50:18.424 I/DisplayManager(28372): Choreographer implicitly registered for the refresh rate.
07-01 00:50:18.425 D/RecentTasksList( 2807): invalidateLoadedTasks - previous requestLoadId: -1
07-01 00:50:18.425 D/RecentTasksList( 2807): invalidateLoadedTasks - previous requestLoadId: -1
07-01 00:50:18.431 W/InputChannel-JNI(  690): Channel already disposed.
07-01 00:50:18.433 V/WindowManager(  690): Continue transition id=136 for TaskFragmentTransaction=android.os.Binder@948cf1f
07-01 00:50:18.463 I/.aiquota.mobile(28372): Background concurrent mark compact GC freed 5970KB AllocSpace bytes, 51(1888KB) LOS objects, 49% free, 3946KB/7893KB, paused 742us,15.001ms total 43.524ms
07-01 00:50:18.488 I/GFXSTREAM(28372): [eglDisplay.cpp(297)] Opening libGLESv1_CM_emulation.so
07-01 00:50:18.490 I/GFXSTREAM(28372): [eglDisplay.cpp(297)] Opening libGLESv2_emulation.so
07-01 00:50:18.491 W/libc    (28372): Access denied finding property "vendor.mesa.virtgpu.kumquat"
07-01 00:50:18.496 W/HWUI    (28372): Failed to choose config with EGL_SWAP_BEHAVIOR_PRESERVED, retrying without...
07-01 00:50:18.496 W/HWUI    (28372): Failed to initialize 101010-2 format, error = EGL_SUCCESS
07-01 00:50:18.508 D/BaseActivity( 2807): Launcher flags updated: [state_started] -[state_window_focused]
07-01 00:50:18.520 D/DesktopExperienceFlags(28372): Toggle override initialized to: false
07-01 00:50:18.528 V/RecentTasksController(  981): Notify recent tasks changed
07-01 00:50:18.558 V/RecentTasksController(  981): generateList(getRecentTasks)
07-01 00:50:18.558 V/RecentTasksController(  981): initializeDesksMap - allDeskIds: []
07-01 00:50:18.558 V/RecentTasksController(  981): Task 522 is not an active desktop task
07-01 00:50:18.558 V/RecentTasksController(  981): Added fullscreen task: 522
07-01 00:50:18.558 V/RecentTasksController(  981): Task 496 is not an active desktop task
07-01 00:50:18.558 V/RecentTasksController(  981): Added fullscreen task: 496
07-01 00:50:18.558 V/RecentTasksController(  981): Task 509 is not an active desktop task
07-01 00:50:18.558 V/RecentTasksController(  981): Added fullscreen task: 509
07-01 00:50:18.558 V/RecentTasksController(  981): generateList - complete
07-01 00:50:18.560 D/PreloadThumbnailUseCase( 2807): Preloading thumbnails for task ids: [[id=509 windowingMode=1 user=0 lastActiveTime=13849860] null, [id=496 windowingMode=1 user=0 lastActiveTime=37747168] null, [id=522 windowingMode=1 user=0 lastActiveTime=50246367] null]
07-01 00:50:18.579 E/ConsumerBase(  981): [ImageReader-420x420f1u2816m2-981-22] abandonLocked: ConsumerBase is abandoned!
07-01 00:50:18.581 V/GrammaticalInflectionUtils(  690): AttributionSource: android.content.AttributionSource@f996d976 does not have READ_SYSTEM_GRAMMATICAL_GENDER permission.
07-01 00:50:18.585 V/ActivityTaskManager(  690): TaskLaunchParamsModifier: phase=3 task=Task{d8459c3 #522 type=standard A=10233:com.aiquota.mobile} activity=ActivityRecord{153513705 u0 com.aiquota.mobile/.providers.WebLoginActivity t-1} display-area-from-source=DefaultTaskDisplayArea@98618239 display-id=0 task-display-area-windowing-mode=1 suggested-display-area=DefaultTaskDisplayArea@98618239 inherit-from-source=fullscreen non-freeform-task-display-area display-area=DefaultTaskDisplayArea@98618239 skip-bounds-fullscreen
07-01 00:50:18.585 I/ActivityTaskManager(  690): START u0 {xflg=0x4 cmp=com.aiquota.mobile/.providers.WebLoginActivity (has extras)} with LAUNCH_MULTIPLE from uid 10233 (com.aiquota.mobile) (sr=134222194) (BAL_ALLOW_VISIBLE_WINDOW) result code=0
07-01 00:50:18.592 D/WindowOnBackDispatcher(  981): setTopOnBackInvokedCallback (unwrapped): android.view.ViewRootImpl$$ExternalSyntheticLambda14@667153
07-01 00:50:18.592 D/CoreBackPreview(  690): Window{1bc5cca u0 Splash Screen com.aiquota.mobile}: Setting back callback OnBackInvokedCallbackInfo{mCallback=android.window.IOnBackInvokedCallback$Stub$Proxy@a6e10a5, mPriority=0, mIsAnimationCallback=false, mOverrideBehavior=0}
07-01 00:50:18.594 D/WindowManager(  690): setClientSurface Surface(name=VRI-Splash Screen com.aiquota.mobile#1656)/@0x36e2c2b for 1bc5cca Splash Screen com.aiquota.mobile
07-01 00:50:18.595 I/Surface (  981): Creating surface for consumer unnamed-981-56 with slotExpansion=1 for 64 slots
07-01 00:50:18.596 I/Surface (  981): Creating surface for consumer VRI[mobile]#33(BLAST Consumer)33 with slotExpansion=1 for 64 slots
07-01 00:50:18.603 D/CompatChangeReporter(28372): Compat change id reported: 309578419; UID 10233; state: ENABLED
07-01 00:50:18.638 D/RecentTasksList( 2807): invalidateLoadedTasks - previous requestLoadId: -1
07-01 00:50:18.708 V/WindowManagerShell(  981): onTransitionReady(transaction=2963527447746)
07-01 00:50:18.718 V/WindowManager(  690): Sent Transition (#136) createdAt=07-01 00:50:18.393 via request=TransitionRequestInfo { type = OPEN, triggerTask = TaskInfo{userId=0 taskId=522 effectiveUid=10233 displayId=0 isRunning=true baseIntent=Intent { flg=0x10000000 cmp=com.aiquota.mobile/.debug.ProviderLoginDebugActivity } baseActivity=ComponentInfo{com.aiquota.mobile/com.aiquota.mobile.debug.ProviderLoginDebugActivity} topActivity=ComponentInfo{com.aiquota.mobile/com.aiquota.mobile.debug.ProviderLoginDebugActivity} origActivity=null realActivity=ComponentInfo{com.aiquota.mobile/com.aiquota.mobile.debug.ProviderLoginDebugActivity} realActivityIsAppLockEnabled=false numActivities=1 lastActiveTime=50246350 supportsMultiWindow=true supportsMultiWindowWithoutConstraints=true resizeMode=1 isResizeable=true minWidth=-1 minHeight=-1 defaultMinSize=220 token=WCT{RemoteToken{d57f646 Task{d8459c3 #522 type=standard A=10233:com.aiquota.mobile}}} topActivityType=1 pictureInPictureParams=null shouldDockBigOverlays=false launchIntoPipHostTaskId=-1 lastParentTaskIdBeforePip=-1 displayCutoutSafeInsets=Rect(0, 132 - 0, 0) topActivityInfo=ActivityInfo{ba16007 com.aiquota.mobile.debug.ProviderLoginDebugActivity} launchCookies=[] positionInParent=Point(0, 0) parentTaskId=-1 isFocused=false isInteractive=false isVisible=false isVisibleRequested=false isTopActivityNoDisplay=false isSleeping=false locusId=null displayAreaFeatureId=1 isTopActivityTransparent=false isActivityStackTransparent=false lastNonFullscreenBounds=null leafTaskBoundsFromOptions= false capturedLink=null capturedLinkTimestamp=0 requestedVisibleTypes=503 topActivityRequestOpenInBrowserEducationTimestamp=0 appCompatTaskInfo=AppCompatTaskInfo { topActivityInSizeCompat=false isLeafTask= true eligibleForLetterboxEducation= false isLetterboxEducationEnabled= true isLetterboxDoubleTapEnabled= false eligibleForUserAspectRatioButton= false topActivityBoundsLetterboxed= false isFromLetterboxDoubleTap= false topActivityLetterboxVerticalPosition= -1 topActivityLetterboxHorizontalPosition= -1 topActivityLetterboxWidth=-1 topActivityLetterboxHeight=-1 topActivityAppBounds=Rect(0, 0 - 1080, 2400) isUserFullscreenOverrideEnabled=false isSystemFullscreenOverrideEnabled=false hasMinAspectRatioOverride=false topActivityLetterboxBounds=null topNonResizableActivityAspectRatio=-1.0} topActivityMainWindowFrame=null isAppBubble=false}, pipChange = null, remoteTransitionInfo = null, displayChanges = null, requestedLocation = null, userChange = null, windowingLayerChange = null, fullscreenRequestChange = null, flags = 0, debugId = 136 }
07-01 00:50:18.718 V/WindowManager(  690):     startWCT=WindowContainerTransaction { changes= {} hops= [] flags= 0 errorCallbackToken=null taskFragmentOrganizer=null }
07-01 00:50:18.718 V/WindowManager(  690):     info={id=136 t=OPEN f=0x0 trk=0 r=[0@Point(0, 0)] c=[
07-01 00:50:18.718 V/WindowManager(  690):         {WCT{RemoteToken{d57f646 Task{d8459c3 #522 type=standard A=10233:com.aiquota.mobile}}} m=OPEN f=MOVE_TO_TOP|FLAG_CHANGED_INTERACTIVE leash=Surface(name=Task=522#1652)/@0xba01888 sb=Rect(0, 0 - 1080, 2400) eb=Rect(0, 0 - 1080, 2400) epz=Point(1080, 2400) d=0 taskParent=-1 winMode=1 userId=0},
07-01 00:50:18.718 V/WindowManager(  690):         {WCT{RemoteToken{12c0cb7 Task{adf5de0 #1 type=home}}} m=TO_BACK f=SHOW_WALLPAPER|FLAG_CHANGED_INTERACTIVE leash=Surface(name=Task=1#35)/@0x3cdaf5c sb=Rect(0, 0 - 1080, 2400) eb=Rect(0, 0 - 1080, 2400) epz=Point(1080, 2400) d=0 taskParent=-1 winMode=1 userId=0},
07-01 00:50:18.718 V/WindowManager(  690):         {m=TO_BACK f=IS_WALLPAPER leash=Surface(name=WallpaperWindowToken{8e22b1e}#55)/@0xe1349cf sb=Rect(0, 0 - 1080, 2400) eb=Rect(0, 0 - 1080, 2400) epz=Point(1080, 2400) d=0}
07-01 00:50:18.718 V/WindowManager(  690):     ]}
07-01 00:50:18.719 V/WindowManagerShell(  981): onTransitionReady (#136) android.os.BinderProxy@268948: {id=136 t=OPEN f=0x0 trk=0 r=[0@Point(0, 0)] c=[
07-01 00:50:18.719 V/WindowManagerShell(  981):         {m=OPEN f=MOVE_TO_TOP|FLAG_CHANGED_INTERACTIVE leash=Surface(name=Task=522#1652)/@0xd404ba8 sb=Rect(0, 0 - 1080, 2400) eb=Rect(0, 0 - 1080, 2400) epz=Point(1080, 2400) d=0 taskParent=-1 winMode=1 userId=0},
07-01 00:50:18.719 V/WindowManagerShell(  981):         {m=TO_BACK f=SHOW_WALLPAPER|FLAG_CHANGED_INTERACTIVE leash=Surface(name=Task=1#35)/@0x75d96c1 sb=Rect(0, 0 - 1080, 2400) eb=Rect(0, 0 - 1080, 2400) epz=Point(1080, 2400) d=0 taskParent=-1 winMode=1 userId=0},
07-01 00:50:18.719 V/WindowManagerShell(  981):         {m=TO_BACK f=IS_WALLPAPER leash=Surface(name=WallpaperWindowToken{8e22b1e}#55)/@0x10e2e66 sb=Rect(0, 0 - 1080, 2400) eb=Rect(0, 0 - 1080, 2400) epz=Point(1080, 2400) d=0}
07-01 00:50:18.719 V/WindowManagerShell(  981):     ]}
07-01 00:50:18.720 V/WindowManagerShell(  981): Playing animation for (#136) android.os.BinderProxy@268948@0
07-01 00:50:18.720 D/ShellSplitScreen(  981): startAnimation: transition=136 isSplitActive=false
07-01 00:50:18.720 V/ShellRecents(  981): RecentsTransitionHandler.startAnimation: no controller found
07-01 00:50:18.720 V/ShellDesktopMode(  981): DesktopMixedTransitionHandler: No pending desktop transition
07-01 00:50:18.720 V/WindowManagerShell(  981): Transition doesn't have explicit remote, search filters for match for {id=136 t=OPEN f=0x0 trk=0 r=[0@Point(0, 0)] c=[{m=OPEN f=MOVE_TO_TOP|FLAG_CHANGED_INTERACTIVE leash=Surface(name=Task=522#1652)/@0xd404ba8 sb=Rect(0, 0 - 1080, 2400) eb=Rect(0, 0 - 1080, 2400) epz=Point(1080, 2400) d=0 taskParent=-1 winMode=1 userId=0},{m=TO_BACK f=SHOW_WALLPAPER|FLAG_CHANGED_INTERACTIVE leash=Surface(name=Task=1#35)/@0x75d96c1 sb=Rect(0, 0 - 1080, 2400) eb=Rect(0, 0 - 1080, 2400) epz=Point(1080, 2400) d=0 taskParent=-1 winMode=1 userId=0},{m=TO_BACK f=IS_WALLPAPER leash=Surface(name=WallpaperWindowToken{8e22b1e}#55)/@0x10e2e66 sb=Rect(0, 0 - 1080, 2400) eb=Rect(0, 0 - 1080, 2400) epz=Point(1080, 2400) d=0}]}
07-01 00:50:18.720 V/WindowManagerShell(  981):  Checking filter Pair{{types=[] flags=0x0 notFlags=0x0 checks=[{atype=undefined independent=true modes=[CLOSE,TO_BACK] flags=IN_TASK_WITH_EMBEDDED_ACTIVITY mustBeTask=false order=ANY topActivity=null launchCookie=null taskFragmentToken=android.os.BinderProxy@3656a62 windowingMode=undefined isCrossDisplayMove=false}]} RemoteTransition { remoteTransition = android.window.IRemoteTransition$Stub$Proxy@26457f3, appThread = android.app.IApplicationThread$Stub$Proxy@77acb0, debugName = overlayBackTransition, filter = {types=[] flags=0x0 notFlags=0x0 checks=[{atype=undefined independent=true modes=[CLOSE,TO_BACK] flags=IN_TASK_WITH_EMBEDDED_ACTIVITY mustBeTask=false order=ANY topActivity=null launchCookie=null taskFragmentToken=android.os.BinderProxy@3656a62 windowingMode=undefined isCrossDisplayMove=false}]} }}
07-01 00:50:18.720 V/WindowManagerShell(  981):  Checking filter Pair{{types=[] flags=0x0 notFlags=0x0 checks=[{atype=dream independent=true modes=[OPEN,TO_FRONT] flags=NONE mustBeTask=false order=ANY topActivity=null launchCookie=null windowingMode=undefined isCrossDisplayMove=false},{atype=home independent=true modes=[CLOSE,TO_BACK] flags=NONE mustBeTask=false order=ANY topActivity=null launchCookie=null windowingMode=undefined isCrossDisplayMove=false}]} RemoteTransition { remoteTransition = android.window.IRemoteTransition$Stub$Proxy@9b25729, appThread = android.app.IApplicationThread$Stub$Proxy@a33caae, debugName = LauncherToDream, filter = {types=[] flags=0x0 notFlags=0x0 checks=[{atype=dream independent=true modes=[OPEN,TO_FRONT] flags=NONE mustBeTask=false order=ANY topActivity=null launchCookie=null windowingMode=undefined isCrossDisplayMove=false},{atype=home independent=true modes=[CLOSE,TO_BACK] flags=NONE mustBeTask=false order=ANY topActivity=null launchCookie=null windowingMode=undefined isCrossDisplayMove=false}]} }}
07-01 00:50:18.720 V/WindowManagerShell(  981):  Checking filter Pair{{types=[] flags=0x0 notFlags=0x0 checks=[{atype=standard independent=false modes=[CHANGE] flags=NONE mustBeTask=true order=ANY topActivity=null launchCookie=null windowingMode=undefined isCrossDisplayMove=true}]} RemoteTransition { remoteTransition = android.window.IRemoteTransition$Stub$Proxy@62804f, appThread = android.app.IApplicationThread$Stub$Proxy@922e3dc, debugName = QuickstepDisplayMove, filter = {types=[] flags=0x0 notFlags=0x0 checks=[{atype=standard independent=false modes=[CHANGE] flags=NONE mustBeTask=true order=ANY topActivity=null launchCookie=null windowingMode=undefined isCrossDisplayMove=true}]} }}
07-01 00:50:18.720 V/WindowManagerShell(  981):  Checking filter Pair{{types=[] flags=0x0 notFlags=0x100 checks=[{atype=home independent=true modes=[OPEN,TO_FRONT] flags=NONE mustBeTask=false order=ANY topActivity=ComponentInfo{com.google.android.apps.nexuslauncher/com.google.android.apps.nexuslauncher.NexusLauncherActivity} launchCookie=null windowingMode=undefined isCrossDisplayMove=false},{atype=standard independent=true modes=[CLOSE,TO_BACK] flags=NONE mustBeTask=false order=ANY topActivity=null launchCookie=null windowingMode=undefined isCrossDisplayMove=false},{NOT atype=undefined independent=true modes=[] flags=NONE mustBeTask=true order=ANY topActivity=null launchCookie=null customAnim=true windowingMode=undefined isCrossDisplayMove=false}]} RemoteTransition { remoteTransition = android.window.IRemoteTransition$Stub$Proxy@d703ce5, appThread = android.app.IApplicationThread$Stub$Proxy@975e3ba, debugName = QuickstepLaunchHome, filter = {types=[] flags=0x0 notFlags=0x100 checks=[{atype=home independent=true modes=[OPEN,TO_FRONT] flags=NONE mustBeTask=false order=ANY topActivity=ComponentInfo{com.google.android.apps.nexuslauncher/com.google.android.apps.nexuslauncher.NexusLauncherActivity} launchCookie=null windowingMode=undefined isCrossDisplayMove=false},{atype=standard independent=true modes=[CLOSE,TO_BACK] flags=NONE mustBeTask=false order=ANY topActivity=null launchCookie=null windowingMode=undefined isCrossDisplayMove=false},{NOT atype=undefined independent=true modes=[] flags=NONE mustBeTask=true order=ANY topActivity=null launchCookie=null customAnim=true windowingMode=undefined isCrossDisplayMove=false}]} }}
07-01 00:50:18.720 V/WindowManagerShell(  981):  Checking filter Pair{{types=[OPEN,TO_FRONT] flags=0x0 notFlags=0x0 checks=[{atype=standard independent=true modes=[OPEN,TO_FRONT] flags=NONE mustBeTask=true order=ANY topActivity=null launchCookie=null windowingMode=freeform isCrossDisplayMove=false}]} RemoteTransition { remoteTransition = android.window.IRemoteTransition$Stub$Proxy@23d5716, appThread = null, debugName = DesktopWindowLimitUnminimize, filter = {types=[OPEN,TO_FRONT] flags=0x0 notFlags=0x0 checks=[{atype=standard independent=true modes=[OPEN,TO_FRONT] flags=NONE mustBeTask=true order=ANY topActivity=null launchCookie=null windowingMode=freeform isCrossDisplayMove=false}]} }}
07-01 00:50:18.720 V/WindowManagerShell(  981):  Delegate animation for (#136) to null
07-01 00:50:18.720 V/WindowManagerShell(  981): start default transition animation, info = {id=136 t=OPEN f=0x0 trk=0 r=[0@Point(0, 0)] c=[{m=OPEN f=MOVE_TO_TOP|FLAG_CHANGED_INTERACTIVE leash=Surface(name=Task=522#1652)/@0xd404ba8 sb=Rect(0, 0 - 1080, 2400) eb=Rect(0, 0 - 1080, 2400) epz=Point(1080, 2400) d=0 taskParent=-1 winMode=1 userId=0},{m=TO_BACK f=SHOW_WALLPAPER|FLAG_CHANGED_INTERACTIVE leash=Surface(name=Task=1#35)/@0x75d96c1 sb=Rect(0, 0 - 1080, 2400) eb=Rect(0, 0 - 1080, 2400) epz=Point(1080, 2400) d=0 taskParent=-1 winMode=1 userId=0},{m=TO_BACK f=IS_WALLPAPER leash=Surface(name=WallpaperWindowToken{8e22b1e}#55)/@0x10e2e66 sb=Rect(0, 0 - 1080, 2400) eb=Rect(0, 0 - 1080, 2400) epz=Point(1080, 2400) d=0}]}
07-01 00:50:18.720 V/WindowManagerShell(  981): loadAnimation: anim=android.view.animation.AnimationSet@3227a54 animAttr=0x13 type=OPEN isEntrance=false
07-01 00:50:18.721 V/WindowManagerShell(  981): loadAnimation: anim=android.view.animation.AnimationSet@7ebddfd animAttr=0x12 type=OPEN isEntrance=true
07-01 00:50:18.723 V/WindowManagerShell(  981):  animated by com.android.wm.shell.transition.DefaultTransitionHandler@ad48879
07-01 00:50:18.728 I/WebViewFactory(28372): Loading com.google.android.webview version 148.0.7778.215 (code 777821508)
07-01 00:50:18.728 V/RecentTasksController(  981): generateList(getRecentTasks)
07-01 00:50:18.728 V/RecentTasksController(  981): initializeDesksMap - allDeskIds: []
07-01 00:50:18.728 V/RecentTasksController(  981): Task 522 is not an active desktop task
07-01 00:50:18.728 V/RecentTasksController(  981): Added fullscreen task: 522
07-01 00:50:18.728 V/RecentTasksController(  981): Task 496 is not an active desktop task
07-01 00:50:18.728 V/RecentTasksController(  981): Added fullscreen task: 496
07-01 00:50:18.728 V/RecentTasksController(  981): Task 509 is not an active desktop task
07-01 00:50:18.728 V/RecentTasksController(  981): Added fullscreen task: 509
07-01 00:50:18.728 V/RecentTasksController(  981): generateList - complete
07-01 00:50:18.728 V/RecentTasksController(  981): Notify recent tasks changed
07-01 00:50:18.732 D/PreloadThumbnailUseCase( 2807): Preloading thumbnails for task ids: [[id=509 windowingMode=1 user=0 lastActiveTime=13849860] null, [id=496 windowingMode=1 user=0 lastActiveTime=37747168] null, [id=522 windowingMode=1 user=0 lastActiveTime=50246560] null]
07-01 00:50:18.733 V/ResourcesManager(28372): The following library key has been added: ResourcesKey{ mHash=aa554488 mResDir=null mSplitDirs=[] mOverlayDirs=[] mLibDirs=[/data/app/~~gRZDsxlqZCLB7oCd7TOaUA==/com.google.android.webview-YT9iMlxeDceFosa4dJznZw==/base.apk,/system/framework/android.test.base.jar,/system_ext/framework/androidx.window.extensions.jar] mDisplayId=0 mOverrideConfig=v37 mCompatInfo={420dpi always-compat} mLoaders=[]}
07-01 00:50:18.735 V/ShellTaskOrganizer(  981): Task appeared taskId=522 listener=FullscreenTaskListener
07-01 00:50:18.735 V/ShellTaskOrganizer(  981): Fullscreen Task Appeared: #522
07-01 00:50:18.735 V/RecentTasksController(  981): Notify recent tasks changed
07-01 00:50:18.736 D/ApplicationLoaders(28372): Returning zygote-cached class loader: /system/framework/android.test.base.jar
07-01 00:50:18.736 D/ApplicationLoaders(28372): Returning zygote-cached class loader: /system_ext/framework/androidx.window.extensions.jar
07-01 00:50:18.739 W/.aiquota.mobile(28372): Loading /data/app/~~gRZDsxlqZCLB7oCd7TOaUA==/com.google.android.webview-YT9iMlxeDceFosa4dJznZw==/oat/x86_64/base.odex non-executable as it requires an image which we failed to load
07-01 00:50:18.742 D/nativeloader(28372): Configuring clns-10 for other apk /data/app/~~gRZDsxlqZCLB7oCd7TOaUA==/com.google.android.webview-YT9iMlxeDceFosa4dJznZw==/base.apk. target_sdk_version=36, uses_libraries=, library_path=/data/app/~~gRZDsxlqZCLB7oCd7TOaUA==/com.google.android.webview-YT9iMlxeDceFosa4dJznZw==/lib/x86_64:/data/app/~~gRZDsxlqZCLB7oCd7TOaUA==/com.google.android.webview-YT9iMlxeDceFosa4dJznZw==/base.apk!/lib/x86_64, permitted_path=/data:/mnt/expand
07-01 00:50:18.757 D/RecentTasksList( 2807): invalidateLoadedTasks - previous requestLoadId: -1
07-01 00:50:18.762 D/RecentTasksList( 2807): invalidateLoadedTasks - previous requestLoadId: -1
07-01 00:50:18.846 W/skia    (  527): AGTM parsing failed flags.readFromStream(s) at 159
07-01 00:50:18.846 W/skia    (  527): AGTM parsing failed flags.readFromStream(s) at 159
07-01 00:50:18.904 I/cr_WVCFactoryProvider(28372): version=148.0.7778.215 (777821508) minSdkVersion=29 multiprocess=true packageId=2 splits=<none>
07-01 00:50:18.921 D/nativeloader(28372): Load /data/app/~~gRZDsxlqZCLB7oCd7TOaUA==/com.google.android.webview-YT9iMlxeDceFosa4dJznZw==/base.apk!/lib/x86_64/libwebviewchromium.so using class loader ns clns-10 (caller=/data/app/~~gRZDsxlqZCLB7oCd7TOaUA==/com.google.android.webview-YT9iMlxeDceFosa4dJznZw==/base.apk): ok
07-01 00:50:18.924 D/nativeloader(28372): Load /system/lib64/libwebviewchromium_plat_support.so using class loader ns clns-10 (caller=/data/app/~~gRZDsxlqZCLB7oCd7TOaUA==/com.google.android.webview-YT9iMlxeDceFosa4dJznZw==/base.apk): ok
07-01 00:50:18.928 E/chromium(28372): [0701/005018.928182:ERROR:android_webview/browser/variations/variations_seed_loader.cc:39] Seed missing signature.
07-01 00:50:18.928 I/chromium(28372): [0701/005018.928528:INFO:android_webview/browser/variations/variations_seed_loader.cc:67] Failed to open file for reading.: No such file or directory (2)
07-01 00:50:18.935 I/wpa_supplicant(  961): wlan0: CTRL-EVENT-BEACON-LOSS 
07-01 00:50:18.939 I/cr_LibraryLoader(28372): Successfully loaded native library
07-01 00:50:18.941 I/cr_CachingUmaRecorder(28372): Flushed 16 samples from 16 histograms, 0 samples were dropped.
07-01 00:50:18.953 I/cr_ChildProcLH(28372): ScopedServiceBindingBatch.tryActivate: false
07-01 00:50:18.954 I/cr_CombinedPProvider(28372): #registerProvider() provider:WV.wk@77cdc02 isPolicyCacheEnabled:false policyProvidersSize:0
07-01 00:50:18.962 W/skia    (  527): AGTM parsing failed flags.readFromStream(s) at 159
07-01 00:50:18.962 W/skia    (  527): AGTM parsing failed flags.readFromStream(s) at 159
07-01 00:50:18.962 W/skia    (  527): AGTM parsing failed flags.readFromStream(s) at 159
07-01 00:50:18.962 I/cr_PolicyProvider(28372): #setManagerAndSource() 0
07-01 00:50:18.967 I/cr_DisplayManager(28372): Is Display Topology available: false
07-01 00:50:18.981 V/GrammaticalInflectionUtils(  690): AttributionSource: android.content.AttributionSource@f5abc0cc does not have READ_SYSTEM_GRAMMATICAL_GENDER permission.
07-01 00:50:18.992 D/Zygote  ( 1048): Forked child process 28466
07-01 00:50:19.000 I/Zygote  (28466): Process 28466 created for com.google.android.webview:sandboxed_process0:org.chromium.content.app.SandboxedProcessService0:0
07-01 00:50:19.006 I/libprocessgroup(  690): Created cgroup /sys/fs/cgroup/apps/uid_99043
07-01 00:50:19.006 I/ocessService0:0(28466): Using generational CollectorTypeCMC GC.
07-01 00:50:19.006 W/ocessService0:0(28466): Unexpected CPU variant for x86: x86_64.
07-01 00:50:19.006 W/ocessService0:0(28466): Known variants: atom, sandybridge, silvermont, goldmont, goldmont-plus, goldmont-without-sha-xsaves, tremont, kabylake, alderlake, pantherlake, default
07-01 00:50:19.007 I/libprocessgroup(  690): Created cgroup /sys/fs/cgroup/apps/uid_99043/pid_28466
07-01 00:50:19.015 I/cr_CombinedPProvider(28372): #linkNativeInternal() 1
07-01 00:50:19.015 I/ActivityManager(  690): Start proc 28466:com.google.android.webview:sandboxed_process0:org.chromium.content.app.SandboxedProcessService0:0/u0i43 for bound-service {com.aiquota.mobile/org.chromium.content.app.SandboxedProcessService0:0}
07-01 00:50:19.016 I/cr_AppResProvider(28372): #getApplicationRestrictionsFromUserManager() Bundle[EMPTY_PARCEL]
07-01 00:50:19.016 I/cr_PolicyProvider(28372): #notifySettingsAvailable() 0
07-01 00:50:19.016 I/cr_CombinedPProvider(28372): #onSettingsAvailable() 0
07-01 00:50:19.016 I/cr_CombinedPProvider(28372): #flushPolicies()
07-01 00:50:19.038 D/nativeloader(28466): Load libframework-connectivity-tiramisu-jni.so using APEX ns com_android_tethering for caller /apex/com.android.tethering/javalib/framework-connectivity-t.jar: ok
07-01 00:50:19.038 V/WindowManagerShell(  981): Transition animation finished (aborted=false), notifying core (#136) android.os.BinderProxy@268948@0
07-01 00:50:19.042 D/BoundBrokerSvc(29718): onBind: Intent { act=com.google.android.gms.safetynet.service.START xflg=0x4 pkg=com.google.android.gms }
07-01 00:50:19.042 D/BoundBrokerSvc(29718): Loading bound service for intent: Intent { act=com.google.android.gms.safetynet.service.START xflg=0x4 pkg=com.google.android.gms }
07-01 00:50:19.048 V/WindowManagerShell(  981): Track 0 became idle
07-01 00:50:19.048 V/WindowManagerShell(  981): All active transition animations finished
07-01 00:50:19.050 D/WallpaperService(  981): onVisibilityChanged(false): com.android.systemui.wallpapers.ImageWallpaper$CanvasEngine@881b100
07-01 00:50:19.048 D/VRI[NexusLauncherActivity]( 2807): visibilityChanged oldVisibility=true newVisibility=false
07-01 00:50:19.051 D/SmartspaceInteractor( 2807): notifySmartspaceEvent: SmartspaceTargetEvent{mSmartspaceTarget=null, mSmartspaceActionId='null', mEventType=7}
07-01 00:50:19.057 V/WindowManager(  690): Finish Transition (#136): created at 07-01 00:50:18.393 collect-started=0.08ms request-sent=10.167ms started=13.99ms ready=220.456ms sent=314.747ms commit=27.184ms finished=649.84ms
07-01 00:50:19.063 D/ApplicationLoaders(28466): Returning zygote-cached class loader: /system/framework/android.test.base.jar
07-01 00:50:19.063 D/ApplicationLoaders(28466): Returning zygote-cached class loader: /system_ext/framework/androidx.window.extensions.jar
07-01 00:50:19.068 E/ActivityThread(28466): ConnectivityService is null in handleBindApplication!
07-01 00:50:19.071 I/cr_WebViewApkApp(28466): version=148.0.7778.215 (777821508) minSdkVersion=29 processName=com.google.android.webview:sandboxed_process0:org.chromium.content.app.SandboxedProcessService0:0 splits=<none>
07-01 00:50:19.096 I/cr_ChildProcessService(28466): Creating new ChildProcessService pid=28466
07-01 00:50:19.144 W/chromium(28372): [WARNING:android_webview/browser/network_service/net_helpers.cc:137] HTTP Cache size is: 20971520
07-01 00:50:19.231 D/installd(  601): Device /data has 404488192 free; requested 622811544; needed 218323352
07-01 00:50:19.231 W/installd(  601): Failed to find storage mount for /data/media
07-01 00:50:19.235 W/skia    (  527): AGTM parsing failed flags.readFromStream(s) at 159
07-01 00:50:19.236 D/installd(  601): Active ratio 3314 isn't over quota, and defy not requested
07-01 00:50:19.237 E/installd(  601): Failed to free up 622811544 on /data; final free space 404488192: Success
07-01 00:50:19.238 I/SharedLibrariesImpl(  690): Start pruneUnusedStaticSharedLibraries for neededSpace: 622811544 maxCachePeriod: 7200000
07-01 00:50:19.238 I/SharedLibrariesImpl(  690): pruning candidate: lib=com.google.android.trichromelibrary version=782711438 pkg=com.google.android.trichromelibrary_782711438
07-01 00:50:19.238 I/SharedLibrariesImpl(  690): attempting to delete: com.google.android.trichromelibrary_782711438
07-01 00:50:19.238 W/PackageManager(  690): Not removing package com.google.android.trichromelibrary hosting lib com.google.android.trichromelibrary version 782711438 used by [VersionedPackage[com.android.chrome/782711438]] for user 0
07-01 00:50:19.239 D/installd(  601): Device /data has 404488192 free; requested 622811544; needed 218323352
07-01 00:50:19.239 W/installd(  601): Failed to find storage mount for /data/media
07-01 00:50:19.247 D/installd(  601): Purging /data/data/com.aiquota.mobile/cache/WebView/Default/HTTP Cache/Cache_Data/index-dir/the-real-index size=8192 mod=1782866965 from UID=10233 used=1998848 quota=42774121 ratio=467
07-01 00:50:19.248 D/installd(  601): Purging /data/data/com.aiquota.mobile/cache/WebView/Default/HTTP Cache/Cache_Data/index-dir size=8192 mod=1782866965 from UID=10233 used=1990656 quota=42774121 ratio=465
07-01 00:50:19.248 D/installd(  601): Purging /data/data/com.aiquota.mobile/cache/WebView/Default/HTTP Cache/Cache_Data/da38d3de1d53a1d3_0 size=16384 mod=1782866997 from UID=10233 used=1982464 quota=42774121 ratio=463
07-01 00:50:19.248 D/installd(  601): Purging /data/data/com.aiquota.mobile/cache/WebView/Default/HTTP Cache/Cache_Data/565af7c8962d622f_0 size=8192 mod=1782866998 from UID=10233 used=1966080 quota=42774121 ratio=459
07-01 00:50:19.248 D/installd(  601): Purging /data/data/com.aiquota.mobile/cache/WebView/Default/HTTP Cache/Cache_Data/a3218a3bb76a5d77_0 size=16384 mod=1782867004 from UID=10233 used=1957888 quota=42774121 ratio=457
07-01 00:50:19.248 D/installd(  601): Purging /data/data/com.aiquota.mobile/cache/WebView/Default/HTTP Cache/Cache_Data/e3c61d3c94b9e646_0 size=16384 mod=1782867004 from UID=10233 used=1941504 quota=42774121 ratio=453
07-01 00:50:19.248 D/installd(  601): Purging /data/data/com.aiquota.mobile/cache/WebView/Default/HTTP Cache/Cache_Data/9bf9c15d6a30b0d9_0 size=28672 mod=1782867004 from UID=10233 used=1925120 quota=42774121 ratio=450
07-01 00:50:19.248 D/installd(  601): Purging /data/data/com.aiquota.mobile/cache/WebView/Default/HTTP Cache/Cache_Data/30e34012fc98f4b4_0 size=53248 mod=1782867004 from UID=10233 used=1896448 quota=42774121 ratio=443
07-01 00:50:19.249 D/installd(  601): Purging /data/data/com.aiquota.mobile/cache/WebView/Default/HTTP Cache/Cache_Data/b838fa00b05f0d1d_0 size=53248 mod=1782867004 from UID=10233 used=1843200 quota=42774121 ratio=430
07-01 00:50:19.249 D/installd(  601): Purging /data/data/com.aiquota.mobile/cache/WebView/Default/HTTP Cache/Cache_Data/a06c8db142b857b1_0 size=20480 mod=1782867004 from UID=10233 used=1789952 quota=42774121 ratio=418
07-01 00:50:19.249 D/installd(  601): Purging /data/data/com.aiquota.mobile/cache/WebView/Default/HTTP Cache/Cache_Data/7ee089f124589c88_0 size=12288 mod=1782867004 from UID=10233 used=1769472 quota=42774121 ratio=413
07-01 00:50:19.249 D/installd(  601): Purging /data/data/com.aiquota.mobile/cache/WebView/Default/HTTP Cache/Cache_Data/f7c8d7e65e2051e4_0 size=16384 mod=1782867004 from UID=10233 used=1757184 quota=42774121 ratio=410
07-01 00:50:19.249 D/installd(  601): Purging /data/data/com.aiquota.mobile/cache/WebView/Default/HTTP Cache/Cache_Data/a59376bf1cb71871_0 size=49152 mod=1782867004 from UID=10233 used=1740800 quota=42774121 ratio=406
07-01 00:50:19.252 D/installd(  601): Purging /data/data/com.aiquota.mobile/cache/WebView/Default/HTTP Cache/Cache_Data/7d9ecbb4b9baf622_0 size=12288 mod=1782867005 from UID=10233 used=1691648 quota=42774121 ratio=395
07-01 00:50:19.268 D/installd(  601): Purging /data/data/com.aiquota.mobile/cache/WebView/Default/HTTP Cache/Cache_Data/696001838a2b7793_0 size=12288 mod=1782867005 from UID=10233 used=1679360 quota=42774121 ratio=392
07-01 00:50:19.268 D/installd(  601): Purging /data/data/com.aiquota.mobile/cache/WebView/Default/HTTP Cache/Cache_Data/e21f895a8cdc8fd4_0 size=32768 mod=1782867005 from UID=10233 used=1667072 quota=42774121 ratio=389
07-01 00:50:19.268 D/installd(  601): Purging /data/data/com.aiquota.mobile/cache/WebView/Default/HTTP Cache/Cache_Data/3d85321e9a0a2bba_0 size=40960 mod=1782867005 from UID=10233 used=1634304 quota=42774121 ratio=382
07-01 00:50:19.269 D/installd(  601): Purging /data/data/com.aiquota.mobile/cache/WebView/Default/HTTP Cache/Cache_Data/10c9dbf0b962feb3_0 size=12288 mod=1782867005 from UID=10233 used=1593344 quota=42774121 ratio=372
07-01 00:50:19.270 D/installd(  601): Purging /data/data/com.aiquota.mobile/cache/WebView/Default/HTTP Cache/Cache_Data/bcadfcfa6326e0f9_0 size=16384 mod=1782867005 from UID=10233 used=1581056 quota=42774121 ratio=369
07-01 00:50:19.270 D/installd(  601): Purging /data/data/com.aiquota.mobile/cache/WebView/Default/HTTP Cache/Cache_Data/a104e9e03586ccee_0 size=16384 mod=1782867005 from UID=10233 used=1564672 quota=42774121 ratio=365
07-01 00:50:19.270 D/installd(  601): Purging /data/data/com.aiquota.mobile/cache/WebView/Default/HTTP Cache/Cache_Data/f98236aaf3140654_0 size=28672 mod=1782867005 from UID=10233 used=1548288 quota=42774121 ratio=361
07-01 00:50:19.271 D/installd(  601): Purging /data/data/com.aiquota.mobile/cache/WebView/Default/HTTP Cache/Cache_Data/9bda357a1279d6eb_0 size=16384 mod=1782867005 from UID=10233 used=1519616 quota=42774121 ratio=355
07-01 00:50:19.271 D/installd(  601): Purging /data/data/com.aiquota.mobile/cache/WebView/Default/HTTP Cache/Cache_Data/b017e91ae9dce673_0 size=16384 mod=1782867005 from UID=10233 used=1503232 quota=42774121 ratio=351
07-01 00:50:19.273 D/installd(  601): Purging /data/data/com.aiquota.mobile/cache/WebView/Default/HTTP Cache/Cache_Data/6c185a4b2f4d8722_0 size=16384 mod=1782867005 from UID=10233 used=1486848 quota=42774121 ratio=347
07-01 00:50:19.273 D/installd(  601): Purging /data/data/com.aiquota.mobile/cache/WebView/Default/HTTP Cache/Cache_Data/6cd41f5ea24e415c_0 size=16384 mod=1782867005 from UID=10233 used=1470464 quota=42774121 ratio=343
07-01 00:50:19.274 D/installd(  601): Purging /data/data/com.aiquota.mobile/cache/WebView/Default/HTTP Cache/Cache_Data/c52a8602faf33937_0 size=16384 mod=1782867005 from UID=10233 used=1454080 quota=42774121 ratio=339
07-01 00:50:19.274 D/installd(  601): Purging /data/data/com.aiquota.mobile/cache/WebView/Default/HTTP Cache/Cache_Data/8bf440ce3fbb9d6b_0 size=16384 mod=1782867005 from UID=10233 used=1437696 quota=42774121 ratio=336
07-01 00:50:19.274 D/installd(  601): Purging /data/data/com.aiquota.mobile/cache/WebView/Default/HTTP Cache/Cache_Data/7c4d446a2f3f1357_0 size=12288 mod=1782867005 from UID=10233 used=1421312 quota=42774121 ratio=332
07-01 00:50:19.274 D/installd(  601): Purging /data/data/com.aiquota.mobile/cache/WebView/Default/HTTP Cache/Cache_Data/dab44a971c8b8e6a_0 size=16384 mod=1782867005 from UID=10233 used=1409024 quota=42774121 ratio=329
07-01 00:50:19.274 D/installd(  601): Purging /data/data/com.aiquota.mobile/cache/WebView/Default/HTTP Cache/Cache_Data/a3b51535304f1496_0 size=12288 mod=1782867005 from UID=10233 used=1392640 quota=42774121 ratio=325
07-01 00:50:19.274 D/installd(  601): Purging /data/data/com.aiquota.mobile/cache/WebView/Default/HTTP Cache/Cache_Data/5619accda10cd4af_0 size=45056 mod=1782867005 from UID=10233 used=1380352 quota=42774121 ratio=322
07-01 00:50:19.274 D/installd(  601): Purging /data/data/com.aiquota.mobile/cache/WebView/Default/HTTP Cache/Cache_Data/23ae6932d6c7e0bd_0 size=16384 mod=1782867005 from UID=10233 used=1335296 quota=42774121 ratio=312
07-01 00:50:19.275 D/installd(  601): Purging /data/data/com.aiquota.mobile/cache/WebView/Default/HTTP Cache/Cache_Data/737ad77aff4d25af_0 size=20480 mod=1782867005 from UID=10233 used=1318912 quota=42774121 ratio=308
07-01 00:50:19.275 D/installd(  601): Purging /data/data/com.aiquota.mobile/cache/WebView/Default/HTTP Cache/Cache_Data/f89b3834b3b60009_0 size=20480 mod=1782867005 from UID=10233 used=1298432 quota=42774121 ratio=303
07-01 00:50:19.275 D/installd(  601): Purging /data/data/com.aiquota.mobile/cache/WebView/Default/HTTP Cache/Cache_Data/4819da114ddef977_0 size=16384 mod=1782867005 from UID=10233 used=1277952 quota=42774121 ratio=298
07-01 00:50:19.275 D/installd(  601): Purging /data/data/com.aiquota.mobile/cache/WebView/Default/HTTP Cache/Cache_Data/68fb33d1340c2141_0 size=16384 mod=1782867005 from UID=10233 used=1261568 quota=42774121 ratio=294
07-01 00:50:19.275 D/installd(  601): Purging /data/data/com.aiquota.mobile/cache/WebView/Default/HTTP Cache/Cache_Data/be0d2c92fdba260e_0 size=12288 mod=1782867005 from UID=10233 used=1245184 quota=42774121 ratio=291
07-01 00:50:19.276 D/installd(  601): Purging /data/data/com.aiquota.mobile/cache/WebView/Default/HTTP Cache/Cache_Data/003054a34ff4d431_0 size=16384 mod=1782867005 from UID=10233 used=1232896 quota=42774121 ratio=288
07-01 00:50:19.276 D/installd(  601): Purging /data/data/com.aiquota.mobile/cache/WebView/Default/HTTP Cache/Cache_Data/e296a1f8cf4be23a_0 size=69632 mod=1782867005 from UID=10233 used=1216512 quota=42774121 ratio=284
07-01 00:50:19.276 D/installd(  601): Purging /data/data/com.aiquota.mobile/cache/WebView/Default/HTTP Cache/Cache_Data/1b19d7e2713b8af9_0 size=16384 mod=1782867005 from UID=10233 used=1146880 quota=42774121 ratio=268
07-01 00:50:19.278 D/installd(  601): Purging /data/data/com.aiquota.mobile/cache/WebView/Default/HTTP Cache/Cache_Data/9ce6b4082a3adc9d_0 size=16384 mod=1782867005 from UID=10233 used=1130496 quota=42774121 ratio=264
07-01 00:50:19.278 D/installd(  601): Purging /data/data/com.aiquota.mobile/cache/WebView/Default/HTTP Cache/Cache_Data/158f62863d16a799_0 size=16384 mod=1782867005 from UID=10233 used=1114112 quota=42774121 ratio=260
07-01 00:50:19.279 D/installd(  601): Purging /data/data/com.aiquota.mobile/cache/WebView/Default/HTTP Cache/Cache_Data/7eee1b79b31bfb2c_0 size=24576 mod=1782867005 from UID=10233 used=1097728 quota=42774121 ratio=256
07-01 00:50:19.279 D/installd(  601): Purging /data/data/com.aiquota.mobile/cache/WebView/Default/HTTP Cache/Cache_Data/52b0f7460cc5bb4d_0 size=20480 mod=1782867005 from UID=10233 used=1073152 quota=42774121 ratio=250
07-01 00:50:19.279 D/installd(  601): Purging /data/data/com.aiquota.mobile/cache/WebView/Default/HTTP Cache/Cache_Data/674042c5d5f798db_0 size=16384 mod=1782867005 from UID=10233 used=1052672 quota=42774121 ratio=246
07-01 00:50:19.279 D/installd(  601): Purging /data/data/com.aiquota.mobile/cache/WebView/Default/HTTP Cache/Cache_Data/3dc695dc17bf41e8_0 size=24576 mod=1782867005 from UID=10233 used=1036288 quota=42774121 ratio=242
07-01 00:50:19.279 D/installd(  601): Purging /data/data/com.aiquota.mobile/cache/WebView/Default/HTTP Cache/Cache_Data/87842dd94069ec4f_0 size=16384 mod=1782867005 from UID=10233 used=1011712 quota=42774121 ratio=236
07-01 00:50:19.279 D/installd(  601): Purging /data/data/com.aiquota.mobile/cache/WebView/Default/HTTP Cache/Cache_Data/df90fc7e79ac64af_0 size=28672 mod=1782867005 from UID=10233 used=995328 quota=42774121 ratio=232
07-01 00:50:19.279 D/installd(  601): Purging /data/data/com.aiquota.mobile/cache/WebView/Default/HTTP Cache/Cache_Data/1307f67f71d97498_0 size=16384 mod=1782867005 from UID=10233 used=966656 quota=42774121 ratio=225
07-01 00:50:19.279 D/installd(  601): Purging /data/data/com.aiquota.mobile/cache/WebView/Default/HTTP Cache/Cache_Data/5e8359395242b643_0 size=12288 mod=1782867005 from UID=10233 used=950272 quota=42774121 ratio=222
07-01 00:50:19.279 D/installd(  601): Purging /data/data/com.aiquota.mobile/cache/WebView/Default/HTTP Cache/Cache_Data/615d35cf4b96f4d6_0 size=16384 mod=1782867005 from UID=10233 used=937984 quota=42774121 ratio=219
07-01 00:50:19.279 D/installd(  601): Purging /data/data/com.aiquota.mobile/cache/WebView/Default/HTTP Cache/Cache_Data/dbd7181fd541616e_0 size=16384 mod=1782867005 from UID=10233 used=921600 quota=42774121 ratio=215
07-01 00:50:19.279 D/installd(  601): Purging /data/data/com.aiquota.mobile/cache/WebView/Default/HTTP Cache/Cache_Data/3551f09aa9ce868d_0 size=16384 mod=1782867005 from UID=10233 used=905216 quota=42774121 ratio=211
07-01 00:50:19.279 D/installd(  601): Purging /data/data/com.aiquota.mobile/cache/WebView/Default/HTTP Cache/Cache_Data/e971efdd8cfdab91_0 size=102400 mod=1782867005 from UID=10233 used=888832 quota=42774121 ratio=207
07-01 00:50:19.279 D/installd(  601): Purging /data/data/com.aiquota.mobile/cache/WebView/Default/HTTP Cache/Cache_Data/c6cef0d612de8d06_0 size=90112 mod=1782867005 from UID=10233 used=786432 quota=42774121 ratio=183
07-01 00:50:19.280 D/installd(  601): Purging /data/data/com.android.vending/cache/store_app_usage_logs_background/com.google.hyunmin.kang27%40gmail.com.metalog/logs_upload_attempt.log size=4096 mod=1782866961 from UID=10153 used=282624 quota=15659487 ratio=180
07-01 00:50:19.280 D/installd(  601): Purging /data/data/com.android.vending/cache/store_app_usage_logs_background/com.google.hyunmin.kang27%40gmail.com.metalog/play_metalog.log size=8192 mod=1782866961 from UID=10153 used=278528 quota=15659487 ratio=177
07-01 00:50:19.280 D/installd(  601): Purging /data/data/com.android.vending/cache/store_app_usage_logs_background/com.google.hyunmin.kang27%40gmail.com.metalog size=8192 mod=1782866961 from UID=10153 used=270336 quota=15659487 ratio=172
07-01 00:50:19.280 D/installd(  601): Purging /data/data/com.android.vending/cache/store_app_usage_logs_background size=8192 mod=1782866961 from UID=10153 used=262144 quota=15659487 ratio=167
07-01 00:50:19.280 D/installd(  601): Purging /data/data/com.android.vending/cache/logs_background/com.google.hyunmin.kang27%40gmail.com.metalog/logs_upload_attempt.log size=4096 mod=1782866993 from UID=10153 used=253952 quota=15659487 ratio=162
07-01 00:50:19.280 D/installd(  601): Purging /data/data/com.aiquota.mobile/cache/WebView/Default/HTTP Cache/Cache_Data/d73d61b435ab8df0_0 size=24576 mod=1782867005 from UID=10233 used=696320 quota=42774121 ratio=162
07-01 00:50:19.280 D/installd(  601): Purging /data/data/com.android.vending/cache/logs_background/com.google.hyunmin.kang27%40gmail.com.metalog/play_metalog.log size=8192 mod=1782866993 from UID=10153 used=249856 quota=15659487 ratio=159
07-01 00:50:19.281 D/installd(  601): Purging /data/data/com.aiquota.mobile/cache/WebView/Default/HTTP Cache/Cache_Data/8b62975f4c087898_0 size=24576 mod=1782867005 from UID=10233 used=671744 quota=42774121 ratio=157
07-01 00:50:19.281 D/installd(  601): Purging /data/data/com.android.vending/cache/logs_background/com.google.hyunmin.kang27%40gmail.com.metalog size=8192 mod=1782866993 from UID=10153 used=241664 quota=15659487 ratio=154
07-01 00:50:19.281 D/installd(  601): Purging /data/data/com.aiquota.mobile/cache/WebView/Default/HTTP Cache/Cache_Data/2e6a20528847ea1e_0 size=12288 mod=1782867005 from UID=10233 used=647168 quota=42774121 ratio=151
07-01 00:50:19.281 D/installd(  601): Purging /data/data/com.android.vending/cache/logs_background/null_account.metalog/logs_upload_attempt.log size=8192 mod=1782866995 from UID=10153 used=233472 quota=15659487 ratio=149
07-01 00:50:19.281 D/installd(  601): Purging /data/data/com.aiquota.mobile/cache/WebView/Default/HTTP Cache/Cache_Data/2e341bd4b9664cae_0 size=45056 mod=1782867005 from UID=10233 used=634880 quota=42774121 ratio=148
07-01 00:50:19.281 D/installd(  601): Purging /data/data/com.android.vending/cache/logs_background/null_account.metalog/play_metalog.log size=8192 mod=1782866995 from UID=10153 used=225280 quota=15659487 ratio=143
07-01 00:50:19.281 D/installd(  601): Purging /data/data/com.android.vending/cache/logs_background/null_account.metalog size=8192 mod=1782866995 from UID=10153 used=217088 quota=15659487 ratio=138
07-01 00:50:19.281 D/installd(  601): Purging /data/data/com.aiquota.mobile/cache/WebView/Default/HTTP Cache/Cache_Data/3098a54d76182445_0 size=16384 mod=1782867005 from UID=10233 used=589824 quota=42774121 ratio=137
07-01 00:50:19.281 D/installd(  601): Purging /data/data/com.aiquota.mobile/cache/WebView/Default/HTTP Cache/Cache_Data/eeb7ebd174e6f5f0_0 size=16384 mod=1782867005 from UID=10233 used=573440 quota=42774121 ratio=134
07-01 00:50:19.281 D/installd(  601): Purging /data/data/com.android.vending/cache/logs_background size=8192 mod=1782866995 from UID=10153 used=208896 quota=15659487 ratio=133
07-01 00:50:19.281 D/installd(  601): Purging /data/data/com.aiquota.mobile/cache/WebView/Default/HTTP Cache/Cache_Data/d9621f288ebc4479_0 size=16384 mod=1782867005 from UID=10233 used=557056 quota=42774121 ratio=130
07-01 00:50:19.281 D/installd(  601): Purging /data/data/com.aiquota.mobile/cache/WebView/Default/HTTP Cache/Cache_Data/5d2b6a81c0076fd0_0 size=20480 mod=1782867005 from UID=10233 used=540672 quota=42774121 ratio=126
07-01 00:50:19.281 D/installd(  601): Purging /data/data/com.aiquota.mobile/cache/WebView/Default/HTTP Cache/Cache_Data/194d30a295fbe521_0 size=16384 mod=1782867005 from UID=10233 used=520192 quota=42774121 ratio=121
07-01 00:50:19.281 D/installd(  601): Purging /data/data/com.aiquota.mobile/cache/WebView/Default/HTTP Cache/Cache_Data/1e879cd62362660d_0 size=16384 mod=1782867005 from UID=10233 used=503808 quota=42774121 ratio=117
07-01 00:50:19.281 D/installd(  601): Purging /data/data/com.aiquota.mobile/cache/WebView/Default/HTTP Cache/Cache_Data/a204e1bbfc89134e_0 size=20480 mod=1782867005 from UID=10233 used=487424 quota=42774121 ratio=113
07-01 00:50:19.281 D/installd(  601): Purging /data/data/com.aiquota.mobile/cache/WebView/Default/HTTP Cache/Cache_Data/8bd52734c7cdf9e5_0 size=12288 mod=1782867005 from UID=10233 used=466944 quota=42774121 ratio=109
07-01 00:50:19.281 D/installd(  601): Purging /data/data/com.aiquota.mobile/cache/WebView/Default/HTTP Cache/Cache_Data/7110a7308827d1e5_0 size=16384 mod=1782867005 from UID=10233 used=454656 quota=42774121 ratio=106
07-01 00:50:19.281 D/installd(  601): Purging /data/data/com.aiquota.mobile/cache/WebView/Default/HTTP Cache/Cache_Data/5adeb1dba5cedb8d_0 size=16384 mod=1782867005 from UID=10233 used=438272 quota=42774121 ratio=102
07-01 00:50:19.281 D/installd(  601): Purging /data/data/com.aiquota.mobile/cache/WebView/Default/HTTP Cache/Cache_Data/27e882a64b81d80c_0 size=20480 mod=1782867005 from UID=10233 used=421888 quota=42774121 ratio=98
07-01 00:50:19.281 D/installd(  601): Purging /data/data/com.aiquota.mobile/cache/WebView/Default/HTTP Cache/Cache_Data/1de14f5b7b73be20_0 size=20480 mod=1782867005 from UID=10233 used=401408 quota=42774121 ratio=93
07-01 00:50:19.281 D/installd(  601): Purging /data/data/com.aiquota.mobile/cache/WebView/Default/HTTP Cache/Cache_Data/14767f84f5f22dae_0 size=16384 mod=1782867005 from UID=10233 used=380928 quota=42774121 ratio=89
07-01 00:50:19.281 D/installd(  601): Purging /data/data/com.aiquota.mobile/cache/WebView/Default/HTTP Cache/Cache_Data/c2aadc91e8eb95f5_0 size=32768 mod=1782867005 from UID=10233 used=364544 quota=42774121 ratio=85
07-01 00:50:19.282 D/installd(  601): Purging /data/data/com.aiquota.mobile/cache/WebView/Default/HTTP Cache/Cache_Data/5ebacf57ce37f788_0 size=12288 mod=1782867005 from UID=10233 used=331776 quota=42774121 ratio=77
07-01 00:50:19.282 D/installd(  601): Purging /data/data/com.aiquota.mobile/cache/WebView/Default/HTTP Cache/Cache_Data/6eaec80726a16278_0 size=16384 mod=1782867005 from UID=10233 used=319488 quota=42774121 ratio=74
07-01 00:50:19.283 D/installd(  601): Purging /data/data/com.aiquota.mobile/cache/WebView/Default/HTTP Cache/Cache_Data/e779ce190bd69535_0 size=20480 mod=1782867005 from UID=10233 used=303104 quota=42774121 ratio=70
07-01 00:50:19.283 D/installd(  601): Purging /data/data/com.aiquota.mobile/cache/WebView/Default/HTTP Cache/Cache_Data/a798dc0a5cda8b39_0 size=32768 mod=1782867005 from UID=10233 used=282624 quota=42774121 ratio=66
07-01 00:50:19.287 D/installd(  601): Purging /data/data/com.aiquota.mobile/cache/WebView/Default/HTTP Cache/Cache_Data size=8192 mod=1782867005 from UID=10233 used=249856 quota=42774121 ratio=58
07-01 00:50:19.287 D/installd(  601): Purging /data/data/com.aiquota.mobile/cache/data/user/0/com.aiquota.mobile/no_backup/androidx.work.workdb.lck size=4096 mod=1782867010 from UID=10233 used=241664 quota=42774121 ratio=56
07-01 00:50:19.290 D/installd(  601): Purging /data/data/com.aiquota.mobile/cache/data/user/0/com.aiquota.mobile/no_backup size=8192 mod=1782867010 from UID=10233 used=237568 quota=42774121 ratio=55
07-01 00:50:19.290 D/installd(  601): Purging /data/data/com.aiquota.mobile/cache/data/user/0/com.aiquota.mobile size=8192 mod=1782867010 from UID=10233 used=229376 quota=42774121 ratio=53
07-01 00:50:19.290 D/installd(  601): Purging /data/data/com.aiquota.mobile/cache/data/user/0 size=8192 mod=1782867010 from UID=10233 used=221184 quota=42774121 ratio=51
07-01 00:50:19.290 D/installd(  601): Purging /data/data/com.aiquota.mobile/cache/data/user size=8192 mod=1782867010 from UID=10233 used=212992 quota=42774121 ratio=49
07-01 00:50:19.290 D/installd(  601): Purging /data/data/com.aiquota.mobile/cache/data size=8192 mod=1782867010 from UID=10233 used=204800 quota=42774121 ratio=47
07-01 00:50:19.290 D/installd(  601): Purging /data/data/com.aiquota.mobile/cache/WebView/Default/HTTP Cache/Code Cache/wasm/index-dir/the-real-index size=8192 mod=1782867019 from UID=10233 used=196608 quota=42774121 ratio=45
07-01 00:50:19.290 D/installd(  601): Purging /data/data/com.aiquota.mobile/cache/WebView/Default/HTTP Cache/Code Cache/wasm/index size=8192 mod=1782867019 from UID=10233 used=188416 quota=42774121 ratio=44
07-01 00:50:19.290 D/installd(  601): Purging /data/data/com.aiquota.mobile/cache/WebView/Default/HTTP Cache/Code Cache/js/index size=8192 mod=1782867019 from UID=10233 used=180224 quota=42774121 ratio=42
07-01 00:50:19.290 D/installd(  601): Purging /data/data/com.aiquota.mobile/cache/WebView/Default/HTTP Cache/Code Cache/js/index-dir size=8192 mod=1782867019 from UID=10233 used=172032 quota=42774121 ratio=40
07-01 00:50:19.290 D/installd(  601): Purging /data/data/com.aiquota.mobile/cache/WebView/Default/HTTP Cache/Code Cache/wasm/index-dir size=8192 mod=1782867019 from UID=10233 used=163840 quota=42774121 ratio=38
07-01 00:50:19.290 D/installd(  601): Purging /data/data/com.aiquota.mobile/cache/WebView/Default/HTTP Cache/Code Cache/js size=8192 mod=1782867019 from UID=10233 used=155648 quota=42774121 ratio=36
07-01 00:50:19.290 D/installd(  601): Purging /data/data/com.aiquota.mobile/cache/WebView/Default/HTTP Cache/Code Cache/wasm size=8192 mod=1782867019 from UID=10233 used=147456 quota=42774121 ratio=34
07-01 00:50:19.290 D/installd(  601): Purging /data/data/com.aiquota.mobile/cache/WebView/Default/HTTP Cache/Code Cache size=8192 mod=1782867019 from UID=10233 used=139264 quota=42774121 ratio=32
07-01 00:50:19.290 D/installd(  601): Purging /data/data/com.aiquota.mobile/cache/Crash Reports/ANR Variations/b20f63eeb2c1410df415cfbcb15a768d size=8192 mod=1782867019 from UID=10233 used=131072 quota=42774121 ratio=30
07-01 00:50:19.290 D/installd(  601): Purging /data/data/com.aiquota.mobile/cache/WebView/Default/HTTP Cache size=8192 mod=1782867019 from UID=10233 used=122880 quota=42774121 ratio=28
07-01 00:50:19.290 D/installd(  601): Purging /data/data/com.aiquota.mobile/cache/WebView/Crashpad/new size=8192 mod=1782867019 from UID=10233 used=114688 quota=42774121 ratio=26
07-01 00:50:19.291 D/installd(  601): Purging /data/data/com.aiquota.mobile/cache/WebView/Crashpad/pending size=8192 mod=1782867019 from UID=10233 used=106496 quota=42774121 ratio=24
07-01 00:50:19.291 D/installd(  601): Purging /data/data/com.aiquota.mobile/cache/WebView/Crashpad/completed size=8192 mod=1782867019 from UID=10233 used=98304 quota=42774121 ratio=22
07-01 00:50:19.291 D/installd(  601): Purging /data/data/com.aiquota.mobile/cache/WebView/Crashpad/attachments size=8192 mod=1782867019 from UID=10233 used=90112 quota=42774121 ratio=21
07-01 00:50:19.295 D/ConnectivityService(  690): requestNetwork for uid/pid:10233/28372 activeRequest: null callbackRequest: 5316 [NetworkRequest [ REQUEST id=5317, [ Capabilities: INTERNET&NOT_RESTRICTED&TRUSTED&NOT_VCN_MANAGED&NOT_BANDWIDTH_CONSTRAINED Uid: 10233 RequestorUid: 10233 RequestorPkg: com.aiquota.mobile UnderlyingNetworks: Null] ]] callback flags: 0 order: 2147483647 isUidTracked: false declaredMethods: AVAIL|LOST|NC|LP
07-01 00:50:19.299 D/CompatChangeReporter(  690): Compat change id reported: 319212206; UID 10233; state: ENABLED
07-01 00:50:19.302 D/installd(  601): Purging /data/data/com.aiquota.mobile/cache/WebView/Default size=8192 mod=1782867019 from UID=10233 used=81920 quota=42774121 ratio=19
07-01 00:50:19.302 D/WifiNetworkFactory(  690): got request NetworkRequest [ REQUEST id=5317, [ Capabilities: INTERNET&NOT_RESTRICTED&TRUSTED&NOT_VCN_MANAGED&NOT_BANDWIDTH_CONSTRAINED Uid: 10233 RequestorUid: 10233 RequestorPkg: com.aiquota.mobile UnderlyingNetworks: Null] ]
07-01 00:50:19.302 D/installd(  601): Purging /data/data/com.aiquota.mobile/cache/WebView/Crashpad size=8192 mod=1782867019 from UID=10233 used=73728 quota=42774121 ratio=17
07-01 00:50:19.302 D/installd(  601): Purging /data/data/com.aiquota.mobile/cache/WebView/SafeBrowsing size=8192 mod=1782867019 from UID=10233 used=65536 quota=42774121 ratio=15
07-01 00:50:19.302 D/installd(  601): Purging /data/data/com.aiquota.mobile/cache/Crash Reports/ANR Variations size=8192 mod=1782867019 from UID=10233 used=57344 quota=42774121 ratio=13
07-01 00:50:19.302 D/installd(  601): Purging /data/data/com.aiquota.mobile/cache/WebView size=8192 mod=1782867019 from UID=10233 used=49152 quota=42774121 ratio=11
07-01 00:50:19.302 D/ConnectivityService(  690): NetReassign [5317 : null → 100] [c 0] [a 0] [i 2]
07-01 00:50:19.303 D/installd(  601): Purging /data/data/com.aiquota.mobile/cache/Crash Reports size=8192 mod=1782867019 from UID=10233 used=40960 quota=42774121 ratio=9
07-01 00:50:19.303 D/ConnectivityService(  690): NetReassign [no changes] [c 0] [a 0] [i 1]
07-01 00:50:19.303 D/UntrustedWifiNetworkFactory(  690): got request NetworkRequest [ REQUEST id=5317, [ Capabilities: INTERNET&NOT_RESTRICTED&TRUSTED&NOT_VCN_MANAGED&NOT_BANDWIDTH_CONSTRAINED Uid: 10233 RequestorUid: 10233 RequestorPkg: com.aiquota.mobile UnderlyingNetworks: Null] ]
07-01 00:50:19.303 D/OemPaidWifiNetworkFactory(  690): got request NetworkRequest [ REQUEST id=5317, [ Capabilities: INTERNET&NOT_RESTRICTED&TRUSTED&NOT_VCN_MANAGED&NOT_BANDWIDTH_CONSTRAINED Uid: 10233 RequestorUid: 10233 RequestorPkg: com.aiquota.mobile UnderlyingNetworks: Null] ]
07-01 00:50:19.303 D/MultiInternetWifiNetworkFactory(  690): got request NetworkRequest [ REQUEST id=5317, [ Capabilities: INTERNET&NOT_RESTRICTED&TRUSTED&NOT_VCN_MANAGED&NOT_BANDWIDTH_CONSTRAINED Uid: 10233 RequestorUid: 10233 RequestorPkg: com.aiquota.mobile UnderlyingNetworks: Null] ]
07-01 00:50:19.304 E/installd(  601): Failed to free up 622811544 on /data; final free space 406106112: Success
07-01 00:50:19.319 W/skia    (  527): AGTM parsing failed flags.readFromStream(s) at 159
07-01 00:50:19.320 I/ExternalStorageServiceImpl( 1569): Free cache requested for 216697240 bytes
07-01 00:50:19.323 I/ExternalStorageServiceImpl( 1569): Free cache requested for 216697240 bytes
07-01 00:50:19.324 W/DeviceStorageMonitorService(  690): java.io.IOException: Failed to free 622811544 on storage device at /data
07-01 00:50:19.324 W/DeviceStorageMonitorService(  690): 	at com.android.server.pm.FreeStorageHelper.freeStorage(FreeStorageHelper.java:182)
07-01 00:50:19.324 W/DeviceStorageMonitorService(  690): 	at com.android.server.pm.PackageManagerService.freeStorage(PackageManagerService.java:3006)
07-01 00:50:19.324 W/DeviceStorageMonitorService(  690): 	at com.android.server.pm.PackageManagerInternalBase.freeStorage(PackageManagerInternalBase.java:581)
07-01 00:50:19.324 W/DeviceStorageMonitorService(  690): 	at com.android.server.storage.DeviceStorageMonitorService.checkLow(DeviceStorageMonitorService.java:194)
07-01 00:50:19.324 W/DeviceStorageMonitorService(  690): 	at com.android.server.storage.DeviceStorageMonitorService.-$$Nest$mcheckLow(DeviceStorageMonitorService.java:0)
07-01 00:50:19.324 W/DeviceStorageMonitorService(  690): 	at com.android.server.storage.DeviceStorageMonitorService$1.handleMessage(DeviceStorageMonitorService.java:297)
07-01 00:50:19.324 W/DeviceStorageMonitorService(  690): 	at android.os.Handler.dispatchMessageImpl(Handler.java:142)
07-01 00:50:19.324 W/DeviceStorageMonitorService(  690): 	at android.os.Handler.dispatchMessage(Handler.java:125)
07-01 00:50:19.324 W/DeviceStorageMonitorService(  690): 	at android.os.Looper.loopOnce(Looper.java:296)
07-01 00:50:19.324 W/DeviceStorageMonitorService(  690): 	at android.os.Looper.loop(Looper.java:397)
07-01 00:50:19.324 W/DeviceStorageMonitorService(  690): 	at android.os.HandlerThread.run(HandlerThread.java:139)
07-01 00:50:19.339 D/BoundBrokerSvc(29718): onBind: Intent { act=com.google.android.gms.safebrowsing.SafeBrowsingService.START dat=chimera-action:/... xflg=0x4 cmp=com.google.android.gms/.chimera.GmsBoundBrokerService }
07-01 00:50:19.339 D/BoundBrokerSvc(29718): Loading bound service for intent: Intent { act=com.google.android.gms.safebrowsing.SafeBrowsingService.START dat=chimera-action:/... xflg=0x4 cmp=com.google.android.gms/.chimera.GmsBoundBrokerService }
07-01 00:50:19.398 W/cr_media(28372): BLUETOOTH_CONNECT permission is missing.
07-01 00:50:19.406 W/cr_media(28372): getBluetoothAdapter() requires BLUETOOTH permission
07-01 00:50:19.406 W/cr_media(28372): registerBluetoothIntentsIfNeeded: Requires BLUETOOTH permission
07-01 00:50:19.407 I/cr_LibraryLoader(28466): Successfully loaded native library
07-01 00:50:19.409 I/cr_CachingUmaRecorder(28466): Flushed 2 samples from 2 histograms, 0 samples were dropped.
07-01 00:50:19.412 W/libc    (28372): Access denied finding property "vendor.mesa.virtgpu.kumquat"
07-01 00:50:19.412 W/libc    (28372): Access denied finding property "vendor.mesa.log"
07-01 00:50:19.412 W/libc    (28372): Access denied finding property "vendor.mesa.log.level"
07-01 00:50:19.412 W/libc    (28372): Access denied finding property "vendor.mesa.log.prefix"
07-01 00:50:19.412 W/libc    (28372): Access denied finding property "vendor.mesa.gallium.print.options"
07-01 00:50:19.412 W/libc    (28372): Access denied finding property "vendor.mesa.log.file.auto"
07-01 00:50:19.412 W/libc    (28372): Access denied finding property "vendor.mesa.log.file"
07-01 00:50:19.412 E/MESA    (28372): Failed to open rendernode: No such file or directory
07-01 00:50:19.412 W/libc    (28372): Access denied finding property "vendor.mesa.virtgpu.kumquat"
07-01 00:50:19.412 E/MESA    (28372): Failed to open rendernode: No such file or directory
07-01 00:50:19.413 D/vulkan  (28372): searching for layers in '/data/app/~~Pi8IscraoBSotqi94VqMtw==/com.aiquota.mobile-KHBfQYgqIQAgisscL0HXDA==/lib/x86_64'
07-01 00:50:19.413 D/vulkan  (28372): searching for layers in '/data/app/~~Pi8IscraoBSotqi94VqMtw==/com.aiquota.mobile-KHBfQYgqIQAgisscL0HXDA==/base.apk!/lib/x86_64'
07-01 00:50:19.414 W/libc    (28372): Access denied finding property "vendor.mesa.virtgpu.kumquat"
07-01 00:50:19.414 E/MESA    (28372): Failed to open rendernode: No such file or directory
07-01 00:50:19.414 W/libc    (28372): Access denied finding property "vendor.mesa.virtgpu.kumquat"
07-01 00:50:19.414 E/MESA    (28372): Failed to open rendernode: No such file or directory
07-01 00:50:19.414 W/libc    (28372): Access denied finding property "vendor.mesa.virtgpu.kumquat"
07-01 00:50:19.414 E/MESA    (28372): Failed to open rendernode: No such file or directory
07-01 00:50:19.414 W/libc    (28372): Access denied finding property "vendor.mesa.virtgpu.kumquat"
07-01 00:50:19.414 E/MESA    (28372): Failed to open rendernode: No such file or directory
07-01 00:50:19.414 W/libc    (28372): Access denied finding property "vendor.mesa.virtgpu.kumquat"
07-01 00:50:19.414 E/MESA    (28372): Failed to open rendernode: No such file or directory
07-01 00:50:19.415 W/libc    (28372): Access denied finding property "vendor.mesa.virtgpu.kumquat"
07-01 00:50:19.417 D/AudioSystem(28372): onNewService: media.audio_policy service obtained 0x75d14d4bb2f0
07-01 00:50:19.422 W/chromium(28466): [WARNING:content/child/runtime_features.cc:540] Fenced frames cannot be enabled in this configuration. Use --enable-features=FencedFrames instead.
07-01 00:50:19.422 W/chromium(28466): [WARNING:content/child/runtime_features.cc:565] Topics cannot be enabled in this configuration. Use --enable-features=BrowsingTopics in addition.
07-01 00:50:19.422 W/chromium(28466): [WARNING:content/child/runtime_features.cc:586] SharedStorage cannot be enabled in this configuration. Use --enable-features=SharedStorageAPI in addition.
07-01 00:50:19.423 D/CompatChangeReporter(28372): Compat change id reported: 349153669; UID 10233; state: ENABLED
07-01 00:50:19.423 W/skia    (  527): AGTM parsing failed flags.readFromStream(s) at 159
07-01 00:50:19.449 D/AIQuotaLogin(28372): provider=gemini resource=https://gemini.google.com/usage
07-01 00:50:19.454 D/AudioSystem(28372): getService: IAudioPolicyService retrieved: 0x75d14d4bb2f0  cached: 0x75d14d4bb2f0
07-01 00:50:19.473 W/HWUI    (28372): Unknown dataspace 0
07-01 00:50:19.480 W/InputChannel-JNI(  690): Channel already disposed.
07-01 00:50:19.498 I/chromium(28466): [INFO:third_party/skia/src/ports/SkFontMgr_android_parser.cpp:723] [SkFontMgr Android Parser] '/product/etc/fonts_customization.xml' could not be opened
07-01 00:50:19.498 I/chromium(28466): 
07-01 00:50:19.531 W/skia    (  527): AGTM parsing failed flags.readFromStream(s) at 159
07-01 00:50:19.532 W/libc    (28372): Access denied finding property "vendor.mesa.virtgpu.kumquat"
07-01 00:50:19.537 I/CameraManagerGlobal(28372): Connecting to camera service
07-01 00:50:19.574 D/VRI[WebLoginActivity](28372): WindowInsets changed: 1080x2400 statusBars:[0,132,0,0] navigationBars:[0,0,0,63] mandatorySystemGestures:[0,164,0,84] 
07-01 00:50:19.584 D/WindowOnBackDispatcher(28372): setTopOnBackInvokedCallback (unwrapped): android.view.ViewRootImpl$$ExternalSyntheticLambda14@3fdc47e
07-01 00:50:19.586 D/CoreBackPreview(  690): Window{8745f8e u0 com.aiquota.mobile/com.aiquota.mobile.providers.WebLoginActivity}: Setting back callback OnBackInvokedCallbackInfo{mCallback=android.window.IOnBackInvokedCallback$Stub$Proxy@2f0d266, mPriority=0, mIsAnimationCallback=false, mOverrideBehavior=0}
07-01 00:50:19.586 I/HWUI    (28372): Using FreeType backend (prop=Auto)
07-01 00:50:19.587 I/AdbWifiNetworkMonitor(  690): Wi-Fi network available
07-01 00:50:19.588 I/AdbWifiNetworkMonitor(  690): Received the same Wi-Fi SSID. Ignoring.
07-01 00:50:19.595 D/WindowManager(  690): setClientSurface Surface(name=VRI-com.aiquota.mobile/com.aiquota.mobile.providers.WebLoginActivity#1662)/@0x7bfbe54 for 8745f8e com.aiquota.mobile/com.aiquota.mobile.providers.WebLoginActivity
07-01 00:50:19.596 D/WM-WorkConstraintsTrack( 2923): NetworkRequestConstraintController onCapabilitiesChanged callback
07-01 00:50:19.599 I/Surface (28372): Creating surface for consumer unnamed-28372-0 with slotExpansion=1 for 64 slots
07-01 00:50:19.601 I/Surface (28372): Creating surface for consumer VRI[WebLoginActivity]#0(BLAST Consumer)0 with slotExpansion=1 for 64 slots
07-01 00:50:19.601 I/HalDevMgr(  690): bestIfaceCreationProposal is null, requestIface=STA, existingIface=[name=wlan0 type=STA]
07-01 00:50:19.603 I/FontLog ( 1317): (REDACTED) Received query %s, URI %s
07-01 00:50:19.604 I/FontLog ( 1317): (REDACTED) Query [%s] resolved to %s
07-01 00:50:19.610 I/NullBinder( 1317): NullBinder for android.net.action.RECOMMEND_NETWORKS triggering remote TransactionTooLargeException due to Service without Chimera impl, calling uid: 1000, calling pid: 0
07-01 00:50:19.610 W/libbinder.Binder( 1317): Large reply transaction of 1056768 bytes, interface descriptor , function: UNKNOWN_FUNCTION_NAME, code: 1, flags: 17
07-01 00:50:19.612 D/WM-WorkConstraintsTrack( 3977): NetworkRequestConstraintController onCapabilitiesChanged callback
07-01 00:50:19.612 I/BugleRcsEngine( 3867): handleMessage processing message:[NOTIFY_UPTIME_IGNORE_STATE_CHANGED] with [non-null]:RcsEngineImpl reference [CONTEXT log_prefix="RcsEngineImpl[DUAL_REG]:[390448b9-d26f]>Handler" thread_id=69 ]
07-01 00:50:19.620 I/FontLog ( 1317): (REDACTED) Font PFD returned from cache for %s
07-01 00:50:19.620 I/FontLog ( 1317): (REDACTED) Fetch %s end status %s
07-01 00:50:19.621 I/BugleRcsEngine( 3867): Connected state: [1], networkType: [WIFI] [CONTEXT thread_id=65 ]
07-01 00:50:19.622 I/BugleRcsEngine( 3867): No RCS Configuration was found in Bugle for simID: redacted-pii:sim_id[chars:20,last3:897] [CONTEXT log_prefix="ProvisioningEngineDataRetriever" thread_id=69 ]
07-01 00:50:19.636 W/libbinder.IPCThreadState(  690): Sending oneway calls to frozen process.
07-01 00:50:19.636 W/libbinder.IPCThreadState(  690): Sending oneway calls to frozen process.
07-01 00:50:19.636 W/libbinder.IPCThreadState(  690): Sending oneway calls to frozen process.
07-01 00:50:19.640 D/ConnectivityService(  690): NetReassign [no changes] [c 0] [a 1] [i 0]
07-01 00:50:19.640 I/NearbyMediums( 1317): Wifi changed new SSID: "AndroidWifi"
07-01 00:50:19.640 I/NearbyMediums( 1317): WifiLanConnectivityInfo is not changed, skip notify.
07-01 00:50:19.658 W/skia    (  527): AGTM parsing failed flags.readFromStream(s) at 159
07-01 00:50:19.748 I/FontLog ( 1317): (REDACTED) Pulling font file for id = %d, cache size = %d
07-01 00:50:19.750 I/.aiquota.mobile(28372): Background young concurrent mark compact GC freed 2359KB AllocSpace bytes, 20(1104KB) LOS objects, 38% free, 4819KB/7893KB, paused 19.835ms,42.204ms total 249.012ms
07-01 00:50:19.755 I/FontLog ( 1317): (REDACTED) Received query %s, URI %s
07-01 00:50:19.755 I/FontLog ( 1317): (REDACTED) Query [%s] resolved to %s
07-01 00:50:19.756 I/FontLog ( 1317): (REDACTED) Fetch %s end status %s
07-01 00:50:19.758 W/skia    (  527): AGTM parsing failed flags.readFromStream(s) at 159
07-01 00:50:19.758 I/FontLog ( 1317): (REDACTED) Pulling font file for id = %d, cache size = %d
07-01 00:50:19.778 I/FontLog ( 1317): (REDACTED) Received query %s, URI %s
07-01 00:50:19.778 I/FontLog ( 1317): (REDACTED) Query [%s] resolved to %s
07-01 00:50:19.780 I/FontLog ( 1317): (REDACTED) Font PFD returned from cache for %s
07-01 00:50:19.780 I/FontLog ( 1317): (REDACTED) Fetch %s end status %s
07-01 00:50:19.787 I/FontLog ( 1317): (REDACTED) Pulling font file for id = %d, cache size = %d
07-01 00:50:19.800 I/FontLog ( 1317): (REDACTED) Received query %s, URI %s
07-01 00:50:19.804 I/ActivityTaskManager(  690): Displayed com.aiquota.mobile/.providers.WebLoginActivity for user 0: +1s418ms
07-01 00:50:19.809 W/cr_CrashFileManager(28372): /data/user/0/com.aiquota.mobile/cache/WebView/Crash Reports does not exist or is not a directory
07-01 00:50:19.813 I/FontLog ( 1317): (REDACTED) Query [%s] resolved to %s
07-01 00:50:19.814 I/FontLog ( 1317): (REDACTED) Font PFD returned from cache for %s
07-01 00:50:19.814 I/FontLog ( 1317): (REDACTED) Fetch %s end status %s
07-01 00:50:19.824 D/BaseActivity( 2807): Launcher flags updated: [] -[state_started]
07-01 00:50:19.824 D/BaseDepthController( 2807): setSurface:
07-01 00:50:19.824 D/BaseDepthController( 2807): 	mWaitingOnSurfaceValidity: false
07-01 00:50:19.824 D/BaseDepthController( 2807): 	mBaseSurface: null
07-01 00:50:19.824 D/BaseDepthController( 2807): mSurface is null and mCurrentBlur is: 0
07-01 00:50:19.824 D/LauncherStateManager( 2807): StateManager.goToState: fromState: Normal, toState: Normal, partial trace:
07-01 00:50:19.824 D/LauncherStateManager( 2807): 	at com.android.launcher3.statemanager.StateManager.moveToRestState(go/retraceme 4b96215a9d9b4c1494121442fbf9d6e89857c91e1d76ddcc689701971259418a:26)
07-01 00:50:19.824 D/LauncherStateManager( 2807): 	at com.android.launcher3.statemanager.StateManager.moveToRestState(go/retraceme 4b96215a9d9b4c1494121442fbf9d6e89857c91e1d76ddcc689701971259418a:35)
07-01 00:50:19.824 D/LauncherStateManager( 2807): 	at com.android.launcher3.statemanager.StatefulActivity.onStop(go/retraceme 4b96215a9d9b4c1494121442fbf9d6e89857c91e1d76ddcc689701971259418a:31)
07-01 00:50:19.824 D/LauncherStateManager( 2807): StateManager.onRepeatStateSetAborted: state: Normal
07-01 00:50:19.824 D/KeyboardStateManager( 2807): hideKeyboard
07-01 00:50:19.824 D/KeyboardStateManager( 2807): isImeShown: false
07-01 00:50:19.824 D/StatsLog( 2807): LAUNCHER_ONSTOP
07-01 00:50:19.825 D/StatsLog( 2807): LAUNCHER_GOOGLE_SEARCH_RESTORE_LIST_SIZE_AFTER_ACTIVITY_RESTART
07-01 00:50:19.844 I/FontLog ( 1317): (REDACTED) Pulling font file for id = %d, cache size = %d
07-01 00:50:19.847 I/ImeTracker(  690): com.aiquota.mobile:23a80bd0: onRequestHide at ORIGIN_SERVER reason HIDE_UNSPECIFIED_WINDOW fromUser false userId 0 displayId 0
07-01 00:50:19.861 W/skia    (  527): AGTM parsing failed flags.readFromStream(s) at 159
07-01 00:50:19.862 W/skia    (  527): AGTM parsing failed flags.readFromStream(s) at 159
07-01 00:50:19.863 D/InsetsController(28372): hide(ime())
07-01 00:50:19.863 I/ImeTracker(28372): com.aiquota.mobile:23a80bd0: onCancelled at PHASE_CLIENT_ALREADY_HIDDEN
07-01 00:50:19.869 W/InputChannel-JNI(  690): Channel already disposed.
07-01 00:50:19.876 I/GoogleInputMethodService( 3384): GoogleInputMethodService.onFinishInput():2274 
07-01 00:50:19.877 I/Module  ( 3384): DeviceLockedStatusModuleProvider$Module.updateDeviceLockedStatusInternal():128 repeatCheckTimes = 0, locked = false
07-01 00:50:19.878 E/ashmem  (28466): readlink(/proc/self/fd/110) failed: Operation not permitted
07-01 00:50:19.879 I/ImeTracker(  690): system_server:4b71fa9a: onRequestHide at ORIGIN_SERVER reason IME_REQUESTED_CHANGED_LISTENER fromUser false displayId 0
07-01 00:50:19.879 I/ImeTracker(  690): system_server:4b71fa9a: onCancelled at PHASE_SERVER_SHOULD_HIDE
07-01 00:50:19.880 I/GoogleInputMethodService( 3384): GoogleInputMethodService.onStartInput():1459 onStartInput(EditorInfo{EditorInfo{packageName=com.aiquota.mobile, inputType=0, inputTypeString=NULL, enableLearning=false, autoCorrection=false, autoComplete=false, imeOptions=0, privateImeOptions=null, actionName=UNSPECIFIED, actionLabel=null, initialSelStart=-1, initialSelEnd=-1, initialCapsMode=0, label=null, fieldId=0, fieldName=null, extras=null, hintText=null, hintLocales=[]}}, false)
07-01 00:50:19.880 I/LatinIMEBase( 3384): LatinIMEBase.updateInputViewCoverNavigation():317 Update input view padding, isNavbarOverInputWindow=true, bottom inset=63
07-01 00:50:19.883 I/Module  ( 3384): DeviceLockedStatusModuleProvider$Module.updateDeviceLockedStatusInternal():128 repeatCheckTimes = 1, locked = false
07-01 00:50:19.884 W/PackageConfigPersister(  690): App-specific configuration not found for packageName: com.aiquota.mobile and userId: 0
07-01 00:50:19.910 E/ashmem  (28466): readlink(/proc/self/fd/111) failed: Operation not permitted
07-01 00:50:19.910 E/ashmem  (28466): readlink(/proc/self/fd/113) failed: Operation not permitted
07-01 00:50:19.911 E/ashmem  (28466): readlink(/proc/self/fd/112) failed: Operation not permitted
07-01 00:50:19.912 E/ashmem  (28466): readlink(/proc/self/fd/114) failed: Operation not permitted
07-01 00:50:19.912 E/ashmem  (28466): readlink(/proc/self/fd/116) failed: Operation not permitted
07-01 00:50:19.920 I/FontLog ( 1317): (REDACTED) Received query %s, URI %s
07-01 00:50:19.920 I/FontLog ( 1317): (REDACTED) Query [%s] resolved to %s
07-01 00:50:19.922 I/FontLog ( 1317): (REDACTED) Font PFD returned from cache for %s
07-01 00:50:19.922 I/FontLog ( 1317): (REDACTED) Fetch %s end status %s
07-01 00:50:19.931 I/FontLog ( 1317): (REDACTED) Pulling font file for id = %d, cache size = %d
07-01 00:50:19.954 I/FontLog ( 1317): (REDACTED) Received query %s, URI %s
07-01 00:50:19.954 I/FontLog ( 1317): (REDACTED) Query [%s] resolved to %s
07-01 00:50:19.955 I/FontLog ( 1317): (REDACTED) Fetch %s end status %s
07-01 00:50:19.962 I/FontLog ( 1317): (REDACTED) Pulling font file for id = %d, cache size = %d
07-01 00:50:19.965 I/FontLog ( 1317): (REDACTED) Pulling font file for id = %d, cache size = %d
07-01 00:50:19.968 W/skia    (  527): AGTM parsing failed flags.readFromStream(s) at 159
07-01 00:50:19.969 W/skia    (  527): AGTM parsing failed flags.readFromStream(s) at 159
07-01 00:50:20.076 W/skia    (  527): AGTM parsing failed flags.readFromStream(s) at 159
07-01 00:50:20.076 W/skia    (  527): AGTM parsing failed flags.readFromStream(s) at 159
07-01 00:50:20.108 I/NearbySharing( 1317): Network state changed: NetworkState(isRestricted=false, isOnline=true, isCongested=false, isMetered=false, isWifiConnected=true)
07-01 00:50:20.124 D/SatelliteController( 1128): isInCarrierRoamingNbIotNtn: satellite is disabled
07-01 00:50:20.124 D/SatelliteController( 1128): getCarrierRoamingNtnConnectType: Checking connect type from PLMN config for subId: 1
07-01 00:50:20.124 D/TelephonyConfigUpdateInstallReceiver( 1128): getConfigParser: domain=satellite
07-01 00:50:20.124 V/SatelliteController( 1128): satelliteConfigParser is not ready
07-01 00:50:20.124 D/SatelliteController( 1128): isSatelliteAttachSupportedViaConfigupdater: return null (satelliteConfig is null)
07-01 00:50:20.129 D/SatelliteController( 1128): getSatellitePerPlmnConfiguration: invalid subId or not supported via carrier.
07-01 00:50:20.129 D/SatelliteController( 1128): getCarrierRoamingNtnConnectType: config: null
07-01 00:50:20.129 D/TelephonyConfigUpdateInstallReceiver( 1128): getConfigParser: domain=satellite
07-01 00:50:20.129 V/SatelliteController( 1128): satelliteConfigParser is not ready
07-01 00:50:20.129 D/SatelliteController( 1128): getCarrierRoamingNtnConnectTypeViaConfigUpdater: return null (satelliteConfig is null)
07-01 00:50:20.129 D/SatelliteController( 1128): getCarrierRoamingNtnConnectType: Falling back to global carrier config connect type: 0
07-01 00:50:20.129 D/TelephonyConfigUpdateInstallReceiver( 1128): getConfigParser: domain=satellite
07-01 00:50:20.129 V/SatelliteController( 1128): satelliteConfigParser is not ready
07-01 00:50:20.129 D/SatelliteController( 1128): isSatelliteAttachSupportedViaConfigupdater: return null (satelliteConfig is null)
07-01 00:50:20.129 D/SatelliteController( 1128): getCarrierRoamingNtnConnectType: Checking connect type from PLMN config for subId: 1
07-01 00:50:20.129 D/TelephonyConfigUpdateInstallReceiver( 1128): getConfigParser: domain=satellite
07-01 00:50:20.129 V/SatelliteController( 1128): satelliteConfigParser is not ready
07-01 00:50:20.129 D/SatelliteController( 1128): isSatelliteAttachSupportedViaConfigupdater: return null (satelliteConfig is null)
07-01 00:50:20.129 D/SatelliteController( 1128): getSatellitePerPlmnConfiguration: invalid subId or not supported via carrier.
07-01 00:50:20.129 D/SatelliteController( 1128): getCarrierRoamingNtnConnectType: config: null
07-01 00:50:20.129 D/TelephonyConfigUpdateInstallReceiver( 1128): getConfigParser: domain=satellite
07-01 00:50:20.129 V/SatelliteController( 1128): satelliteConfigParser is not ready
07-01 00:50:20.129 D/SatelliteController( 1128): getCarrierRoamingNtnConnectTypeViaConfigUpdater: return null (satelliteConfig is null)
07-01 00:50:20.129 D/SatelliteController( 1128): getCarrierRoamingNtnConnectType: Falling back to global carrier config connect type: 0
07-01 00:50:20.129 D/TelephonyConfigUpdateInstallReceiver( 1128): getConfigParser: domain=satellite
07-01 00:50:20.129 V/SatelliteController( 1128): satelliteConfigParser is not ready
07-01 00:50:20.129 D/SatelliteController( 1128): isSatelliteAttachSupportedViaConfigupdater: return null (satelliteConfig is null)
07-01 00:50:20.179 W/skia    (  527): AGTM parsing failed flags.readFromStream(s) at 159
07-01 00:50:20.179 W/skia    (  527): AGTM parsing failed flags.readFromStream(s) at 159
07-01 00:50:20.235 W/libbinder.IPCThreadState(  596): Sending oneway calls to frozen process.
07-01 00:50:20.263 D/WindowOnBackDispatcher(  981): setTopOnBackInvokedCallback (unwrapped): null
07-01 00:50:20.263 D/CoreBackPreview(  690): Window{1bc5cca u0 Splash Screen com.aiquota.mobile EXITING}: Setting back callback null
07-01 00:50:20.324 W/skia    (  527): AGTM parsing failed flags.readFromStream(s) at 159
07-01 00:50:20.325 W/skia    (  527): AGTM parsing failed flags.readFromStream(s) at 159
07-01 00:50:20.366 I/.aiquota.mobile(28372): Compiler allocated 5239KB to compile void android.view.ViewRootImpl.performTraversals(long)
07-01 00:50:20.429 W/skia    (  527): AGTM parsing failed flags.readFromStream(s) at 159
07-01 00:50:20.544 W/skia    (  527): AGTM parsing failed flags.readFromStream(s) at 159
07-01 00:50:20.591 I/adbd    (  539): adbd service requested 'shell,v2,raw:dumpsys package com.google.android.gms'
07-01 00:50:20.656 W/skia    (  527): AGTM parsing failed flags.readFromStream(s) at 159
07-01 00:50:20.848 I/artd    ( 3273): GetBestInfo: odex next to the dex file (/data/app/~~pUpe9D-hsv0lOCLmNQJGyA==/com.google.android.gms-a0e_AySruvvgbDhYG8Z6yQ==/oat/x86_64/base.odex) is kOatUpToDate with filter 'speed-profile' executable 'false'
07-01 00:50:20.849 I/artd    ( 3273): GetBestInfo: dm (/data/app/~~pUpe9D-hsv0lOCLmNQJGyA==/com.google.android.gms-a0e_AySruvvgbDhYG8Z6yQ==/split_AdsDynamite_installtime.dm) is kOatUpToDate with filter 'verify' executable 'false'
07-01 00:50:20.851 I/artd    ( 3273): GetBestInfo: odex next to the dex file (/data/app/~~pUpe9D-hsv0lOCLmNQJGyA==/com.google.android.gms-a0e_AySruvvgbDhYG8Z6yQ==/oat/x86_64/split_CronetDynamite_installtime.odex) is kOatUpToDate with filter 'speed-profile' executable 'false'
07-01 00:50:20.852 I/artd    ( 3273): GetBestInfo: dm (/data/app/~~pUpe9D-hsv0lOCLmNQJGyA==/com.google.android.gms-a0e_AySruvvgbDhYG8Z6yQ==/split_DynamiteLoader_installtime.dm) is kOatUpToDate with filter 'verify' executable 'false'
07-01 00:50:20.854 I/artd    ( 3273): GetBestInfo: dm (/data/app/~~pUpe9D-hsv0lOCLmNQJGyA==/com.google.android.gms-a0e_AySruvvgbDhYG8Z6yQ==/split_DynamiteModulesA_installtime.dm) is kOatUpToDate with filter 'verify' executable 'false'
07-01 00:50:20.856 I/artd    ( 3273): GetBestInfo: dm (/data/app/~~pUpe9D-hsv0lOCLmNQJGyA==/com.google.android.gms-a0e_AySruvvgbDhYG8Z6yQ==/split_DynamiteModulesC_installtime.dm) is kOatUpToDate with filter 'verify' executable 'false'
07-01 00:50:20.857 I/artd    ( 3273): GetBestInfo: dm (/data/app/~~pUpe9D-hsv0lOCLmNQJGyA==/com.google.android.gms-a0e_AySruvvgbDhYG8Z6yQ==/split_GoogleCertificates_installtime.dm) is kOatUpToDate with filter 'verify' executable 'false'
07-01 00:50:20.858 I/artd    ( 3273): GetBestInfo: dm (/data/app/~~pUpe9D-hsv0lOCLmNQJGyA==/com.google.android.gms-a0e_AySruvvgbDhYG8Z6yQ==/split_MapsDynamite_installtime.dm) is kOatUpToDate with filter 'verify' executable 'false'
07-01 00:50:20.859 I/artd    ( 3273): GetBestInfo: dm (/data/app/~~pUpe9D-hsv0lOCLmNQJGyA==/com.google.android.gms-a0e_AySruvvgbDhYG8Z6yQ==/split_MeasurementDynamite_installtime.dm) is kOatUpToDate with filter 'verify' executable 'false'
07-01 00:50:20.860 I/artd    ( 3273): GetBestInfo: /data/user_de/0/com.google.android.gms/app_chimera/m/0000000e/dl-IdentityCredentialsPlatform.optional_262031100800.apk has no usable artifacts
07-01 00:50:20.860 I/artd    ( 3273): GetBestInfo: /data/user_de/0/com.google.android.gms/app_chimera/m/00000001/CronetDynamite.apk has no usable artifacts
07-01 00:50:20.861 I/artd    ( 3273): GetBestInfo: /data/user_de/0/com.google.android.gms/app_chimera/m/00000013/dl-TfliteDynamiteDynamite.integ_252130102100800.apk has no usable artifacts
07-01 00:50:20.861 I/artd    ( 3273): GetBestInfo: /data/user_de/0/com.google.android.gms/app_chimera/m/00000002/DynamiteLoader.apk has no usable artifacts
07-01 00:50:20.863 I/artd    ( 3273): GetBestInfo: /data/user_de/0/com.google.android.gms/app_chimera/m/0000000c/dl-IdentityCredentialsPlatform.optional_261136100800.apk has no usable artifacts
07-01 00:50:20.863 I/artd    ( 3273): GetBestInfo: /data/user_de/0/com.google.android.gms/app_chimera/m/00000005/GoogleCertificates.apk has no usable artifacts
07-01 00:50:20.864 I/artd    ( 3273): GetBestInfo: /data/user_de/0/com.google.android.gms/app_chimera/m/0000000a/dl-TfliteDynamiteDynamite.integ_260580502100800.apk has no usable artifacts
07-01 00:50:20.865 I/artd    ( 3273): GetBestInfo: /data/user_de/0/com.google.android.gms/app_chimera/m/00000016/dl-PlayCloudSearch.optional_262031100000.apk has no usable artifacts
07-01 00:50:20.867 I/artd    ( 3273): GetBestInfo: /data/user_de/0/com.google.android.gms/app_chimera/m/00000014/dl-MlkitOcrCommon.optional_262031100800.apk has no usable artifacts
07-01 00:50:20.870 I/artd    ( 3273): GetBestInfo: /data/user_de/0/com.google.android.gms/app_chimera/m/00000008/dl-VisionOcr.optional_261136100000.apk has no usable artifacts
07-01 00:50:20.871 I/artd    ( 3273): GetBestInfo: /data/user_de/0/com.google.android.gms/app_chimera/m/00000010/dl-Appsearch.optional_262031100800.apk has no usable artifacts
07-01 00:50:20.873 I/artd    ( 3273): GetBestInfo: /data/user_de/0/com.google.android.gms/app_chimera/m/0000000b/dl-Appsearch.optional_261136100800.apk has no usable artifacts
07-01 00:50:20.874 I/artd    ( 3273): GetBestInfo: vdex next to the dex file (/data/user/0/com.google.android.gms/app_dg_cache/9BCBC14EE674B00B958D4B0C5B4BD883630AA39E/oat/x86_64/the.vdex) is kOatUpToDate with filter 'verify' executable 'false'
07-01 00:50:20.875 I/artd    ( 3273): GetBestInfo: /data/user_de/0/com.google.android.gms/app_chimera/m/00000009/dl-MlkitOcrCommon.optional_261136100800.apk has no usable artifacts
07-01 00:50:20.876 I/artd    ( 3273): GetBestInfo: /data/user/0/com.google.android.gms/app_dg_cache/22DA9D7AD8ED7504E0CAC64C41ECDBD7068924E0/the.apk has no usable artifacts
07-01 00:50:20.878 I/artd    ( 3273): GetBestInfo: vdex next to the dex file (/data/user/0/com.google.android.gms/app_dg_cache/FEE57AEA14526BE59FD8AB1365237E7B7A5CE7CB/oat/x86_64/the.vdex) is kOatUpToDate with filter 'verify' executable 'false'
07-01 00:50:20.880 I/artd    ( 3273): GetBestInfo: vdex next to the dex file (/data/user/0/com.google.android.gms/app_dg_cache/1C62BDE86218FBAA50DF06C4A79F5C3FE74B69EC/oat/x86_64/the.vdex) is kOatUpToDate with filter 'verify' executable 'false'
07-01 00:50:20.881 I/artd    ( 3273): GetBestInfo: /data/user_de/0/com.google.android.gms/app_chimera/m/0000000f/dl-VisionOcr.optional_262031100000.apk has no usable artifacts
07-01 00:50:20.882 I/artd    ( 3273): GetBestInfo: /data/user_de/0/com.google.android.gms/app_chimera/m/00000015/dl-MlkitBarcodeUi.optional_262031100800.apk has no usable artifacts
07-01 00:50:20.884 I/artd    ( 3273): GetBestInfo: /data/user_de/0/com.google.android.gms/app_chimera/m/00000007/MeasurementDynamite.apk has no usable artifacts
07-01 00:50:21.258 W/skia    (  527): AGTM parsing failed flags.readFromStream(s) at 159
07-01 00:50:21.362 W/skia    (  527): AGTM parsing failed flags.readFromStream(s) at 159
07-01 00:50:21.386 D/AIQuotaLogin(28372): provider=gemini resource=https://www.googletagmanager.com/gtm.js?keys=id
07-01 00:50:21.388 D/AIQuotaLogin(28372): provider=gemini resource=https://gemini.gstatic.com/_/mss/boq-bard-web/_/js/k=boq-bard-web.BardChatUi.ko.4ivwg8YZB1A.2018.O/ck=boq-bard-web.BardChatUi.AXiS9DhE-EM.L.B1.O/am=AQBIPADz2xRbeWCgAjy8BNAAAACAEA/d=1/exm=_b/excm=_b/ed=1/br=1/wt=2/ujg=1/rs=AL3bBk2GQNpF7Jq0CuwQHh85N10qZRc4ew/ee=DGWCxb:CgYiQ;EmZ2Bf:zr1jrb;NJ1rfe:yGfSdd;Pjplud:PoEs9b;QGR0gd:Mlhmy;ScI3Yc:e7Hzgb;UYRIEb:HzTAQc;YIZmRd:A1yn5d;cEt90b:ws9Tlc;dIoSBb:SpsfSb;dowIGb:ebZ3mb;eBAeSb:zbML3c;iFQyKf:vfuNJf;oGtAuc:sOXFj;qQEoOc:KUM7Z;qddgKe:xQtZb;wNp4Gc:k56rsf;wR5FRb:siKnQd;yxTchf:KUM7Z/dti=1/m=LQaXg,ziINQc?keys=wli
07-01 00:50:21.388 D/AIQuotaLogin(28372): provider=gemini resource=https://fonts.googleapis.com/css2?keys=family|display
07-01 00:50:21.389 D/AIQuotaLogin(28372): provider=gemini resource=https://lh3.google.com/u/0/ogw/AF2bZyimV_JtooofCKSnOoalYu_H6ugWMwSunYiujp3XqWh0Fg=s64-c-mo
07-01 00:50:21.390 D/AIQuotaLogin(28372): provider=gemini resource=https://gemini.gstatic.com/_/mss/boq-bard-web/_/js/k=boq-bard-web.BardChatUi.ko.4ivwg8YZB1A.2018.O/am=AQBIPADz2xRbeWCgAjy8BNAAAACAEA/d=1/excm=_b/ed=1/dg=0/br=1/wt=2/ujg=1/rs=AL3bBk1pOvF0XjtSUOQYtRvdcqVD2ZTAwg/ee=DGWCxb:CgYiQ;EmZ2Bf:zr1jrb;NJ1rfe:yGfSdd;Pjplud:PoEs9b;QGR0gd:Mlhmy;ScI3Yc:e7Hzgb;UYRIEb:HzTAQc;YIZmRd:A1yn5d;cEt90b:ws9Tlc;dIoSBb:SpsfSb;dowIGb:ebZ3mb;eBAeSb:zbML3c;iFQyKf:vfuNJf;oGtAuc:sOXFj;qQEoOc:KUM7Z;qddgKe:xQtZb;wNp4Gc:k56rsf;wR5FRb:siKnQd;yxTchf:KUM7Z/dti=1/m=_b?keys=wli
07-01 00:50:21.402 I/.aiquota.mobile(28372): hiddenapi: Accessing hidden field Landroid/graphics/Bitmap;->mNativePtr:J (runtime_flags=0, domain=platform, api=unsupported) from Lcom/android/webview/chromium/WebViewChromium; (domain=app, TargetSdkVersion=35) using JNI: allowed
07-01 00:50:21.431 D/InetDiagMessage(  690): Destroyed 0 sockets, proto=IPPROTO_TCP, family=AF_INET, states=14
07-01 00:50:21.432 D/InetDiagMessage(  690): Destroyed 0 sockets, proto=IPPROTO_TCP, family=AF_INET6, states=14
07-01 00:50:21.432 D/InetDiagMessage(  690): Destroyed live tcp sockets for uids={10159} in 4ms
07-01 00:50:21.436 D/InetDiagMessage(  690): Destroyed 0 sockets, proto=IPPROTO_TCP, family=AF_INET, states=14
07-01 00:50:21.437 D/InetDiagMessage(  690): Destroyed 0 sockets, proto=IPPROTO_TCP, family=AF_INET6, states=14
07-01 00:50:21.437 D/InetDiagMessage(  690): Destroyed live tcp sockets for uids={20159} in 1ms
07-01 00:50:21.505 W/skia    (  527): AGTM parsing failed flags.readFromStream(s) at 159
07-01 00:50:21.519 D/ActivityManager(  690): sync unfroze 5051 com.google.android.webview:webview_service for 6
07-01 00:50:21.529 W/ProcessStats(  690): Tracking association SourceState{b435fce com.aiquota.mobile/10233 BTop #29675} whose proc state 2 is better than process ProcessState{7df53db com.google.android.webview:webview_service/10181 pkg=com.google.android.webview} proc state 14 (0 skipped)
07-01 00:50:21.550 W/webview_service( 5051): Reducing the number of considered missed Gc histogram windows from 4068 to 100
07-01 00:50:21.597 E/PlayCommon( 4938): [181] Metalog directories were deleted unexpectedly, recreating...
07-01 00:50:21.939 E/TaskPersister(  690): File error accessing recents directory (directory doesn't exist?).
07-01 00:50:22.310 I/.aiquota.mobile(28372): Background concurrent mark compact GC freed 2926KB AllocSpace bytes, 4(192KB) LOS objects, 49% free, 5534KB/10MB, paused 12.367ms,15.389ms total 195.787ms
07-01 00:50:22.608 I/AdbWifiNetworkMonitor(  690): Wi-Fi network available
07-01 00:50:22.608 I/AdbWifiNetworkMonitor(  690): Received the same Wi-Fi SSID. Ignoring.
07-01 00:50:22.614 I/HalDevMgr(  690): bestIfaceCreationProposal is null, requestIface=STA, existingIface=[name=wlan0 type=STA]
07-01 00:50:22.615 D/WM-WorkConstraintsTrack( 2923): NetworkRequestConstraintController onCapabilitiesChanged callback
07-01 00:50:22.616 I/BugleRcsEngine( 3867): Connected state: [1], networkType: [WIFI] [CONTEXT thread_id=65 ]
07-01 00:50:22.616 D/WM-WorkConstraintsTrack( 3977): NetworkRequestConstraintController onCapabilitiesChanged callback
07-01 00:50:22.617 W/libbinder.IPCThreadState(  690): Sending oneway calls to frozen process.
07-01 00:50:22.617 W/libbinder.IPCThreadState(  690): Sending oneway calls to frozen process.
07-01 00:50:22.617 W/libbinder.IPCThreadState(  690): Sending oneway calls to frozen process.
07-01 00:50:22.618 I/BugleRcsEngine( 3867): handleMessage processing message:[NOTIFY_UPTIME_IGNORE_STATE_CHANGED] with [non-null]:RcsEngineImpl reference [CONTEXT log_prefix="RcsEngineImpl[DUAL_REG]:[390448b9-d26f]>Handler" thread_id=69 ]
07-01 00:50:22.620 I/NullBinder( 1317): NullBinder for android.net.action.RECOMMEND_NETWORKS triggering remote TransactionTooLargeException due to Service without Chimera impl, calling uid: 1000, calling pid: 0
07-01 00:50:22.620 W/libbinder.Binder( 1317): Large reply transaction of 1056768 bytes, interface descriptor , function: UNKNOWN_FUNCTION_NAME, code: 1, flags: 17
07-01 00:50:22.623 D/ConnectivityService(  690): NetReassign [no changes] [c 0] [a 2] [i 0]
07-01 00:50:22.625 I/NearbyMediums( 1317): Wifi changed new SSID: "AndroidWifi"
07-01 00:50:22.625 I/NearbyMediums( 1317): WifiLanConnectivityInfo is not changed, skip notify.
07-01 00:50:22.674 I/BugleRcsEngine( 3867): No RCS Configuration was found in Bugle for simID: redacted-pii:sim_id[chars:20,last3:897] [CONTEXT log_prefix="ProvisioningEngineDataRetriever" thread_id=69 ]
07-01 00:50:22.755 D/AIQuotaLogin(28372): provider=gemini resource=https://gemini.gstatic.com/_/mss/boq-bard-web/_/js/k=boq-bard-web.BardChatUi.ko.4ivwg8YZB1A.2018.O/ck=boq-bard-web.BardChatUi.AXiS9DhE-EM.L.B1.O/am=AQBIPADz2xRbeWCgAjy8BNAAAACAEA/d=1/exm=_b/excm=_b/ed=1/br=1/wt=2/ujg=1/rs=AL3bBk2GQNpF7Jq0CuwQHh85N10qZRc4ew/ee=DGWCxb:CgYiQ;EmZ2Bf:zr1jrb;NJ1rfe:yGfSdd;Pjplud:PoEs9b;QGR0gd:Mlhmy;ScI3Yc:e7Hzgb;UYRIEb:HzTAQc;YIZmRd:A1yn5d;cEt90b:ws9Tlc;dIoSBb:SpsfSb;dowIGb:ebZ3mb;eBAeSb:zbML3c;iFQyKf:vfuNJf;oGtAuc:sOXFj;qQEoOc:KUM7Z;qddgKe:xQtZb;wNp4Gc:k56rsf;wR5FRb:siKnQd;yxTchf:KUM7Z/dti=1/m=LQaXg?keys=wli
07-01 00:50:22.777 D/AIQuotaLogin(28372): provider=gemini resource=https://www.gstatic.com/og/_/ss/k=og.qtm.dx8igAtVUKc.L.W.O/m=qcwid,qba,d_b_gm3,d_wi_gm3,d_lo_gm3/excm=qaaw,qadd,qaid,qein,qhaw,qhba,qhbr,qhch,qhga,qhid,qhin/d=1/ed=1/ct=zgms/rs=AA2YrTuRXSIc6ZAkT0f0eC2Gvh5vLRXhMw
07-01 00:50:22.778 D/AIQuotaLogin(28372): provider=gemini resource=https://www.gstatic.com/og/_/js/k=og.qtm.en_US.8Eu444bORK0.2019.O/rt=j/m=qabr,q_dnp,qcwid,qapid,qads/exm=qaaw,qadd,qaid,qein,qhaw,qhba,qhbr,qhch,qhga,qhid,qhin/d=1/ed=1/rs=AA2YrTso2iYwnUAsdZSY9uvkK6oVqmbDzw
07-01 00:50:23.131 I/NearbySharing( 1317): Network state changed: NetworkState(isRestricted=false, isOnline=true, isCongested=false, isMetered=false, isWifiConnected=true)
07-01 00:50:23.227 W/skia    (  527): AGTM parsing failed flags.readFromStream(s) at 159
07-01 00:50:23.269 D/AIQuotaLogin(28372): provider=gemini resource=https://www.googletagmanager.com/gtag/js?keys=id|cx|gtm
07-01 00:50:23.405 D/AIQuotaLoginConsole(28372): provider=gemini consoleLevel=ERROR line=272
07-01 00:50:23.412 D/AIQuotaLoginConsole(28372): provider=gemini consoleLevel=ERROR line=272
07-01 00:50:23.426 D/AIQuotaLogin(28372): provider=gemini resource=https://gemini.google.com/_/BardChatUi/cspreport
07-01 00:50:23.438 W/system_server(  690): Missing inline cache for long com.android.server.connectivity.MultipathPolicyTracker$MultipathTracker.getUserPolicyOpportunisticQuotaBytes()
07-01 00:50:23.460 D/AIQuotaLogin(28372): provider=gemini resource=https://www.google.com/ccm/collect?keys=rcb|frm|ae|auid|dt|en|dl|scrsrc|rnd|navt|npa|ep.ads_data_redaction
07-01 00:50:23.576 I/system_server(  690): Background concurrent mark compact GC freed 19MB AllocSpace bytes, 29(768KB) LOS objects, 36% free, 41MB/65MB, paused 3.958ms,47.504ms total 138.671ms
07-01 00:50:23.708 D/AIQuotaLogin(28372): provider=gemini resource=https://gemini.google.com/_/BardChatUi/data/batchexecute?keys=rpcids|source-path|bl|f.sid|hl|_reqid|rt
07-01 00:50:23.710 D/AIQuotaLogin(28372): provider=gemini resource=https://gemini.google.com/_/BardChatUi/data/batchexecute?keys=rpcids|source-path|bl|f.sid|hl|_reqid|rt
07-01 00:50:23.711 D/AIQuotaLogin(28372): provider=gemini resource=https://waa-pa.clients6.google.com/$rpc/google.internal.waa.v1.Waa/Create
07-01 00:50:23.732 D/AIQuotaLogin(28372): provider=gemini resource=https://gemini.gstatic.com/_/mss/boq-bard-web/_/js/k=boq-bard-web.BardChatUi.ko.4ivwg8YZB1A.2018.O/ck=boq-bard-web.BardChatUi.AXiS9DhE-EM.L.B1.O/am=AQBIPADz2xRbeWCgAjy8BNAAAACAEA/d=1/exm=LQaXg,_b/excm=_b/ed=1/br=1/wt=2/ujg=1/rs=AL3bBk2GQNpF7Jq0CuwQHh85N10qZRc4ew/ee=DGWCxb:CgYiQ;EmZ2Bf:zr1jrb;NJ1rfe:yGfSdd;Pjplud:PoEs9b;QGR0gd:Mlhmy;ScI3Yc:e7Hzgb;UYRIEb:HzTAQc;YIZmRd:A1yn5d;cEt90b:ws9Tlc;dIoSBb:SpsfSb;dowIGb:ebZ3mb;eBAeSb:zbML3c;iFQyKf:vfuNJf;oGtAuc:sOXFj;qQEoOc:KUM7Z;qddgKe:xQtZb;wNp4Gc:k56rsf;wR5FRb:siKnQd;yxTchf:KUM7Z/dti=1/m=ziINQc?keys=wli
07-01 00:50:23.810 W/skia    (  527): AGTM parsing failed flags.readFromStream(s) at 159
07-01 00:50:23.844 D/AIQuotaLogin(28372): provider=gemini resource=https://ogads-pa.clients6.google.com/$rpc/google.internal.onegoogle.asyncdata.v1.AsyncDataService/GetAsyncData
07-01 00:50:23.862 D/AIQuotaLogin(28372): provider=gemini resource=https://gemini.gstatic.com/_/mss/boq-bard-web/_/js/k=boq-bard-web.BardChatUi.ko.4ivwg8YZB1A.2018.O/ck=boq-bard-web.BardChatUi.AXiS9DhE-EM.L.B1.O/am=AQBIPADz2xRbeWCgAjy8BNAAAACAEA/d=1/exm=LQaXg,_b,ziINQc/excm=_b/ed=1/br=1/wt=2/ujg=1/rs=AL3bBk2GQNpF7Jq0CuwQHh85N10qZRc4ew/ee=DGWCxb:CgYiQ;EmZ2Bf:zr1jrb;NJ1rfe:yGfSdd;Pjplud:PoEs9b;QGR0gd:Mlhmy;ScI3Yc:e7Hzgb;UYRIEb:HzTAQc;YIZmRd:A1yn5d;cEt90b:ws9Tlc;dIoSBb:SpsfSb;dowIGb:ebZ3mb;eBAeSb:zbML3c;iFQyKf:vfuNJf;oGtAuc:sOXFj;qQEoOc:KUM7Z;qddgKe:xQtZb;wNp4Gc:k56rsf;wR5FRb:siKnQd;yxTchf:KUM7Z/dti=1/m=Z8wCif?keys=wli
07-01 00:50:23.937 D/AIQuotaLogin(28372): provider=gemini resource=https://waa-pa.clients6.google.com/$rpc/google.internal.waa.v1.Waa/Create
07-01 00:50:23.937 D/AIQuotaLogin(28372): provider=gemini resource=https://gemini.gstatic.com/_/mss/boq-bard-web/_/js/k=boq-bard-web.BardChatUi.ko.4ivwg8YZB1A.2018.O/ck=boq-bard-web.BardChatUi.AXiS9DhE-EM.L.B1.O/am=AQBIPADz2xRbeWCgAjy8BNAAAACAEA/d=1/exm=LQaXg,Z8wCif,_b,ziINQc/excm=_b/ed=1/br=1/wt=2/ujg=1/rs=AL3bBk2GQNpF7Jq0CuwQHh85N10qZRc4ew/ee=DGWCxb:CgYiQ;EmZ2Bf:zr1jrb;NJ1rfe:yGfSdd;Pjplud:PoEs9b;QGR0gd:Mlhmy;ScI3Yc:e7Hzgb;UYRIEb:HzTAQc;YIZmRd:A1yn5d;cEt90b:ws9Tlc;dIoSBb:SpsfSb;dowIGb:ebZ3mb;eBAeSb:zbML3c;iFQyKf:vfuNJf;oGtAuc:sOXFj;qQEoOc:KUM7Z;qddgKe:xQtZb;wNp4Gc:k56rsf;wR5FRb:siKnQd;yxTchf:KUM7Z/dti=1/m=OpU7Tc?keys=wli
07-01 00:50:23.942 E/ashmem  (28466): readlink(/proc/self/fd/111) failed: Operation not permitted
07-01 00:50:23.944 E/ashmem  (28466): readlink(/proc/self/fd/113) failed: Operation not permitted
07-01 00:50:24.020 W/skia    (  527): AGTM parsing failed flags.readFromStream(s) at 159
07-01 00:50:24.209 D/AIQuotaLogin(28372): provider=gemini resource=https://ogads-pa.clients6.google.com/$rpc/google.internal.onegoogle.asyncdata.v1.AsyncDataService/GetAsyncData
07-01 00:50:24.299 D/AIQuotaLogin(28372): provider=gemini resource=https://gemini.google.com/_/BardChatUi/data/batchexecute?keys=rpcids|source-path|bl|f.sid|hl|_reqid|rt
07-01 00:50:24.304 D/AIQuotaLogin(28372): provider=gemini resource=https://gemini.google.com/_/BardChatUi/data/batchexecute?keys=rpcids|source-path|bl|f.sid|hl|_reqid|rt
07-01 00:50:24.317 D/AIQuotaLogin(28372): provider=gemini resource=https://gemini.gstatic.com/_/mss/boq-bard-web/_/js/k=boq-bard-web.BardChatUi.ko.4ivwg8YZB1A.2018.O/ck=boq-bard-web.BardChatUi.AXiS9DhE-EM.L.B1.O/am=AQBIPADz2xRbeWCgAjy8BNAAAACAEA/d=1/exm=LQaXg,OpU7Tc,Z8wCif,_b,ziINQc/excm=_b/ed=1/br=1/wt=2/ujg=1/rs=AL3bBk2GQNpF7Jq0CuwQHh85N10qZRc4ew/ee=DGWCxb:CgYiQ;EmZ2Bf:zr1jrb;NJ1rfe:yGfSdd;Pjplud:PoEs9b;QGR0gd:Mlhmy;ScI3Yc:e7Hzgb;UYRIEb:HzTAQc;YIZmRd:A1yn5d;cEt90b:ws9Tlc;dIoSBb:SpsfSb;dowIGb:ebZ3mb;eBAeSb:zbML3c;iFQyKf:vfuNJf;oGtAuc:sOXFj;qQEoOc:KUM7Z;qddgKe:xQtZb;wNp4Gc:k56rsf;wR5FRb:siKnQd;yxTchf:KUM7Z/dti=1/m=XsTXab?keys=wli
07-01 00:50:24.325 D/AIQuotaLogin(28372): provider=gemini resource=https://gemini.google.com/_/BardChatUi/data/batchexecute?keys=rpcids|source-path|bl|f.sid|hl|_reqid|rt
07-01 00:50:24.343 D/AIQuotaLogin(28372): provider=gemini resource=https://www.google.com/js/bg/LSJWskN-v-P2buypqPmW-gKhuVw1YjH6KVNPFq2JAho.js
07-01 00:50:24.356 D/AIQuotaLogin(28372): provider=gemini resource=https://gemini.gstatic.com/_/mss/boq-bard-web/_/js/k=boq-bard-web.BardChatUi.ko.4ivwg8YZB1A.2018.O/ck=boq-bard-web.BardChatUi.AXiS9DhE-EM.L.B1.O/am=AQBIPADz2xRbeWCgAjy8BNAAAACAEA/d=1/exm=LQaXg,OpU7Tc,XsTXab,Z8wCif,_b,ziINQc/excm=_b/ed=1/br=1/wt=2/ujg=1/rs=AL3bBk2GQNpF7Jq0CuwQHh85N10qZRc4ew/ee=DGWCxb:CgYiQ;EmZ2Bf:zr1jrb;NJ1rfe:yGfSdd;Pjplud:PoEs9b;QGR0gd:Mlhmy;ScI3Yc:e7Hzgb;UYRIEb:HzTAQc;YIZmRd:A1yn5d;cEt90b:ws9Tlc;dIoSBb:SpsfSb;dowIGb:ebZ3mb;eBAeSb:zbML3c;iFQyKf:vfuNJf;oGtAuc:sOXFj;qQEoOc:KUM7Z;qddgKe:xQtZb;wNp4Gc:k56rsf;wR5FRb:siKnQd;yxTchf:KUM7Z/dti=1/m=AdpaDf?keys=wli
07-01 00:50:24.356 D/AIQuotaLogin(28372): provider=gemini resource=https://gemini.gstatic.com/_/mss/boq-bard-web/_/js/k=boq-bard-web.BardChatUi.ko.4ivwg8YZB1A.2018.O/ck=boq-bard-web.BardChatUi.AXiS9DhE-EM.L.B1.O/am=AQBIPADz2xRbeWCgAjy8BNAAAACAEA/d=1/exm=AdpaDf,LQaXg,OpU7Tc,XsTXab,Z8wCif,_b,ziINQc/excm=_b/ed=1/br=1/wt=2/ujg=1/rs=AL3bBk2GQNpF7Jq0CuwQHh85N10qZRc4ew/ee=DGWCxb:CgYiQ;EmZ2Bf:zr1jrb;NJ1rfe:yGfSdd;Pjplud:PoEs9b;QGR0gd:Mlhmy;ScI3Yc:e7Hzgb;UYRIEb:HzTAQc;YIZmRd:A1yn5d;cEt90b:ws9Tlc;dIoSBb:SpsfSb;dowIGb:ebZ3mb;eBAeSb:zbML3c;iFQyKf:vfuNJf;oGtAuc:sOXFj;qQEoOc:KUM7Z;qddgKe:xQtZb;wNp4Gc:k56rsf;wR5FRb:siKnQd;yxTchf:KUM7Z/dti=1/m=BenWQc?keys=wli
07-01 00:50:24.369 D/AIQuotaLogin(28372): provider=gemini resource=https://gemini.gstatic.com/_/mss/boq-bard-web/_/js/k=boq-bard-web.BardChatUi.ko.4ivwg8YZB1A.2018.O/ck=boq-bard-web.BardChatUi.AXiS9DhE-EM.L.B1.O/am=AQBIPADz2xRbeWCgAjy8BNAAAACAEA/d=1/exm=AdpaDf,BenWQc,LQaXg,OpU7Tc,XsTXab,Z8wCif,_b,ziINQc/excm=_b/ed=1/br=1/wt=2/ujg=1/rs=AL3bBk2GQNpF7Jq0CuwQHh85N10qZRc4ew/ee=DGWCxb:CgYiQ;EmZ2Bf:zr1jrb;NJ1rfe:yGfSdd;Pjplud:PoEs9b;QGR0gd:Mlhmy;ScI3Yc:e7Hzgb;UYRIEb:HzTAQc;YIZmRd:A1yn5d;cEt90b:ws9Tlc;dIoSBb:SpsfSb;dowIGb:ebZ3mb;eBAeSb:zbML3c;iFQyKf:vfuNJf;oGtAuc:sOXFj;qQEoOc:KUM7Z;qddgKe:xQtZb;wNp4Gc:k56rsf;wR5FRb:siKnQd;yxTchf:KUM7Z/dti=1/m=k30KJd?keys=wli
07-01 00:50:24.370 D/AIQuotaLogin(28372): provider=gemini resource=https://gemini.gstatic.com/_/mss/boq-bard-web/_/js/k=boq-bard-web.BardChatUi.ko.4ivwg8YZB1A.2018.O/ck=boq-bard-web.BardChatUi.AXiS9DhE-EM.L.B1.O/am=AQBIPADz2xRbeWCgAjy8BNAAAACAEA/d=1/exm=AdpaDf,BenWQc,LQaXg,OpU7Tc,XsTXab,Z8wCif,_b,k30KJd,ziINQc/excm=_b/ed=1/br=1/wt=2/ujg=1/rs=AL3bBk2GQNpF7Jq0CuwQHh85N10qZRc4ew/ee=DGWCxb:CgYiQ;EmZ2Bf:zr1jrb;NJ1rfe:yGfSdd;Pjplud:PoEs9b;QGR0gd:Mlhmy;ScI3Yc:e7Hzgb;UYRIEb:HzTAQc;YIZmRd:A1yn5d;cEt90b:ws9Tlc;dIoSBb:SpsfSb;dowIGb:ebZ3mb;eBAeSb:zbML3c;iFQyKf:vfuNJf;oGtAuc:sOXFj;qQEoOc:KUM7Z;qddgKe:xQtZb;wNp4Gc:k56rsf;wR5FRb:siKnQd;yxTchf:KUM7Z/dti=1/m=LVUOyb?keys=wli
07-01 00:50:24.385 D/AIQuotaLogin(28372): provider=gemini resource=https://gemini.gstatic.com/_/mss/boq-bard-web/_/js/k=boq-bard-web.BardChatUi.ko.4ivwg8YZB1A.2018.O/ck=boq-bard-web.BardChatUi.AXiS9DhE-EM.L.B1.O/am=AQBIPADz2xRbeWCgAjy8BNAAAACAEA/d=1/exm=AdpaDf,BenWQc,LQaXg,LVUOyb,OpU7Tc,XsTXab,Z8wCif,_b,fSXoCf,k30KJd,ziINQc/excm=_b/ed=1/br=1/wt=2/ujg=1/rs=AL3bBk2GQNpF7Jq0CuwQHh85N10qZRc4ew/ee=DGWCxb:CgYiQ;EmZ2Bf:zr1jrb;NJ1rfe:yGfSdd;Pjplud:PoEs9b;QGR0gd:Mlhmy;ScI3Yc:e7Hzgb;UYRIEb:HzTAQc;YIZmRd:A1yn5d;cEt90b:ws9Tlc;dIoSBb:SpsfSb;dowIGb:ebZ3mb;eBAeSb:zbML3c;iFQyKf:vfuNJf;oGtAuc:sOXFj;qQEoOc:KUM7Z;qddgKe:xQtZb;wNp4Gc:k56rsf;wR5FRb:siKnQd;yxTchf:KUM7Z/dti=1/m=UE0P2d?keys=wli
07-01 00:50:24.386 D/AIQuotaLogin(28372): provider=gemini resource=https://gemini.gstatic.com/_/mss/boq-bard-web/_/js/k=boq-bard-web.BardChatUi.ko.4ivwg8YZB1A.2018.O/ck=boq-bard-web.BardChatUi.AXiS9DhE-EM.L.B1.O/am=AQBIPADz2xRbeWCgAjy8BNAAAACAEA/d=1/exm=AdpaDf,BenWQc,LQaXg,LVUOyb,OpU7Tc,XsTXab,Z8wCif,_b,k30KJd,ziINQc/excm=_b/ed=1/br=1/wt=2/ujg=1/rs=AL3bBk2GQNpF7Jq0CuwQHh85N10qZRc4ew/ee=DGWCxb:CgYiQ;EmZ2Bf:zr1jrb;NJ1rfe:yGfSdd;Pjplud:PoEs9b;QGR0gd:Mlhmy;ScI3Yc:e7Hzgb;UYRIEb:HzTAQc;YIZmRd:A1yn5d;cEt90b:ws9Tlc;dIoSBb:SpsfSb;dowIGb:ebZ3mb;eBAeSb:zbML3c;iFQyKf:vfuNJf;oGtAuc:sOXFj;qQEoOc:KUM7Z;qddgKe:xQtZb;wNp4Gc:k56rsf;wR5FRb:siKnQd;yxTchf:KUM7Z/dti=1/m=fSXoCf?keys=wli
07-01 00:50:24.386 D/AIQuotaLogin(28372): provider=gemini resource=https://gemini.gstatic.com/_/mss/boq-bard-web/_/js/k=boq-bard-web.BardChatUi.ko.4ivwg8YZB1A.2018.O/ck=boq-bard-web.BardChatUi.AXiS9DhE-EM.L.B1.O/am=AQBIPADz2xRbeWCgAjy8BNAAAACAEA/d=1/exm=AdpaDf,BenWQc,LQaXg,LVUOyb,OpU7Tc,UE0P2d,XsTXab,Z8wCif,_b,fSXoCf,k30KJd,ziINQc/excm=_b/ed=1/br=1/wt=2/ujg=1/rs=AL3bBk2GQNpF7Jq0CuwQHh85N10qZRc4ew/ee=DGWCxb:CgYiQ;EmZ2Bf:zr1jrb;NJ1rfe:yGfSdd;Pjplud:PoEs9b;QGR0gd:Mlhmy;ScI3Yc:e7Hzgb;UYRIEb:HzTAQc;YIZmRd:A1yn5d;cEt90b:ws9Tlc;dIoSBb:SpsfSb;dowIGb:ebZ3mb;eBAeSb:zbML3c;iFQyKf:vfuNJf;oGtAuc:sOXFj;qQEoOc:KUM7Z;qddgKe:xQtZb;wNp4Gc:k56rsf;wR5FRb:siKnQd;yxTchf:KUM7Z/dti=1/m=ABELSd?keys=wli
07-01 00:50:24.387 D/AIQuotaLogin(28372): provider=gemini resource=https://gemini.gstatic.com/_/mss/boq-bard-web/_/js/k=boq-bard-web.BardChatUi.ko.4ivwg8YZB1A.2018.O/ck=boq-bard-web.BardChatUi.AXiS9DhE-EM.L.B1.O/am=AQBIPADz2xRbeWCgAjy8BNAAAACAEA/d=1/exm=ABELSd,AdpaDf,BenWQc,LQaXg,LVUOyb,OpU7Tc,UE0P2d,XsTXab,Z8wCif,_b,fSXoCf,k30KJd,ziINQc/excm=_b/ed=1/br=1/wt=2/ujg=1/rs=AL3bBk2GQNpF7Jq0CuwQHh85N10qZRc4ew/ee=DGWCxb:CgYiQ;EmZ2Bf:zr1jrb;NJ1rfe:yGfSdd;Pjplud:PoEs9b;QGR0gd:Mlhmy;ScI3Yc:e7Hzgb;UYRIEb:HzTAQc;YIZmRd:A1yn5d;cEt90b:ws9Tlc;dIoSBb:SpsfSb;dowIGb:ebZ3mb;eBAeSb:zbML3c;iFQyKf:vfuNJf;oGtAuc:sOXFj;qQEoOc:KUM7Z;qddgKe:xQtZb;wNp4Gc:k56rsf;wR5FRb:siKnQd;yxTchf:KUM7Z/dti=1/m=QuxHpf?keys=wli
07-01 00:50:24.387 D/AIQuotaLogin(28372): provider=gemini resource=https://gemini.gstatic.com/_/mss/boq-bard-web/_/js/k=boq-bard-web.BardChatUi.ko.4ivwg8YZB1A.2018.O/ck=boq-bard-web.BardChatUi.AXiS9DhE-EM.L.B1.O/am=AQBIPADz2xRbeWCgAjy8BNAAAACAEA/d=1/exm=ABELSd,AdpaDf,BenWQc,LQaXg,LVUOyb,OpU7Tc,QuxHpf,UE0P2d,XsTXab,Z8wCif,_b,fSXoCf,k30KJd,ziINQc/excm=_b/ed=1/br=1/wt=2/ujg=1/rs=AL3bBk2GQNpF7Jq0CuwQHh85N10qZRc4ew/ee=DGWCxb:CgYiQ;EmZ2Bf:zr1jrb;NJ1rfe:yGfSdd;Pjplud:PoEs9b;QGR0gd:Mlhmy;ScI3Yc:e7Hzgb;UYRIEb:HzTAQc;YIZmRd:A1yn5d;cEt90b:ws9Tlc;dIoSBb:SpsfSb;dowIGb:ebZ3mb;eBAeSb:zbML3c;iFQyKf:vfuNJf;oGtAuc:sOXFj;qQEoOc:KUM7Z;qddgKe:xQtZb;wNp4Gc:k56rsf;wR5FRb:siKnQd;yxTchf:KUM7Z/dti=1/m=No94jc?keys=wli
07-01 00:50:24.391 D/AIQuotaLogin(28372): provider=gemini resource=https://gemini.gstatic.com/_/mss/boq-bard-web/_/js/k=boq-bard-web.BardChatUi.ko.4ivwg8YZB1A.2018.O/ck=boq-bard-web.BardChatUi.AXiS9DhE-EM.L.B1.O/am=AQBIPADz2xRbeWCgAjy8BNAAAACAEA/d=1/exm=ABELSd,AdpaDf,BenWQc,LQaXg,LVUOyb,No94jc,OpU7Tc,QuxHpf,UE0P2d,XsTXab,Z8wCif,_b,fSXoCf,k30KJd,ziINQc/excm=_b/ed=1/br=1/wt=2/ujg=1/rs=AL3bBk2GQNpF7Jq0CuwQHh85N10qZRc4ew/ee=DGWCxb:CgYiQ;EmZ2Bf:zr1jrb;NJ1rfe:yGfSdd;Pjplud:PoEs9b;QGR0gd:Mlhmy;ScI3Yc:e7Hzgb;UYRIEb:HzTAQc;YIZmRd:A1yn5d;cEt90b:ws9Tlc;dIoSBb:SpsfSb;dowIGb:ebZ3mb;eBAeSb:zbML3c;iFQyKf:vfuNJf;oGtAuc:sOXFj;qQEoOc:KUM7Z;qddgKe:xQtZb;wNp4Gc:k56rsf;wR5FRb:siKnQd;yxTchf:KUM7Z/dti=1/m=v9r4Te?keys=wli
07-01 00:50:24.506 D/AIQuotaLogin(28372): provider=gemini resource=https://www.gstatic.com/feedback/js/help/prod/service/lazy.min.js
07-01 00:50:24.580 D/AIQuotaLogin(28372): provider=gemini resource=https://gemini.google.com/_/BardChatUi/data/batchexecute?keys=rpcids|source-path|bl|f.sid|hl|_reqid|rt
07-01 00:50:24.596 D/AIQuotaLogin(28372): provider=gemini resource=https://gemini.google.com/_/BardChatUi/data/batchexecute?keys=rpcids|source-path|bl|f.sid|hl|_reqid|rt
07-01 00:50:24.597 D/AIQuotaLogin(28372): provider=gemini resource=https://gemini.google.com/_/BardChatUi/data/batchexecute?keys=rpcids|source-path|bl|f.sid|hl|_reqid|rt
07-01 00:50:24.597 D/AIQuotaLogin(28372): provider=gemini resource=https://gemini.google.com/_/BardChatUi/data/batchexecute?keys=rpcids|source-path|bl|f.sid|hl|_reqid|rt
07-01 00:50:24.610 D/AIQuotaLogin(28372): provider=gemini resource=https://gemini.google.com/_/BardChatUi/data/batchexecute?keys=rpcids|source-path|bl|f.sid|hl|_reqid|rt
07-01 00:50:24.662 D/AIQuotaLogin(28372): provider=gemini resource=https://gemini.google.com/_/BardChatUi/data/batchexecute?keys=rpcids|source-path|bl|f.sid|hl|_reqid|rt
07-01 00:50:24.666 D/AIQuotaLogin(28372): provider=gemini resource=https://gemini.google.com/_/bscframe
07-01 00:50:24.672 I/AIQuotaLoginTiming(28372): gemini pageFinished=5970ms host=gemini.google.com
07-01 00:50:24.856 D/AIQuotaLogin(28372): provider=gemini resource=https://gemini.google.com/_/BardChatUi/data/batchexecute?keys=rpcids|source-path|bl|f.sid|hl|_reqid|rt
07-01 00:50:24.856 D/AIQuotaLogin(28372): provider=gemini resource=https://gemini.google.com/_/BardChatUi/data/batchexecute?keys=rpcids|source-path|bl|f.sid|hl|_reqid|rt
07-01 00:50:24.858 D/AIQuotaLogin(28372): provider=gemini resource=https://gemini.google.com/_/BardChatUi/data/batchexecute?keys=rpcids|source-path|bl|f.sid|hl|_reqid|rt
07-01 00:50:24.860 D/AIQuotaLogin(28372): provider=gemini resource=https://www.gstatic.com/lamda/images/gemini_sparkle_aurora_33f86dc0c0257da337c63.svg
07-01 00:50:24.863 E/ashmem  (28466): readlink(/proc/self/fd/122) failed: Operation not permitted
07-01 00:50:24.863 E/ashmem  (28466): readlink(/proc/self/fd/124) failed: Operation not permitted
07-01 00:50:24.925 I/AIQuotaLogin(28372): provider=gemini nativeCollectorStart=aboutblank reason=page_finished from=gemini.google.com/usage
07-01 00:50:24.927 D/AIQuotaLogin(28372): provider=gemini resource=https://signaler-pa.clients6.google.com/punctual/v1/chooseServer?keys=key
07-01 00:50:24.992 D/BoundBrokerSvc(29718): onUnbind: Intent { act=com.google.android.gms.feedback.internal.IFeedbackService dat=chimera-action:/... xflg=0x4 cmp=com.google.android.gms/.chimera.GmsBoundBrokerService }
07-01 00:50:25.046 W/skia    (  527): AGTM parsing failed flags.readFromStream(s) at 159
07-01 00:50:25.086 D/AIQuotaLogin(28372): provider=gemini resource=https://play.google.com/log?keys=hasfast|auth|authuser|format
07-01 00:50:25.097 D/AIQuotaLogin(28372): provider=gemini resource=https://play.google.com/log?keys=hasfast|auth|authuser|format
07-01 00:50:25.136 D/AIQuotaLogin(28372): provider=gemini resource=https://www.gstatic.com/lamda/images/gemini_sparkle_4g_512_lt_f94943af3be039176192d.png
07-01 00:50:25.137 D/AIQuotaLogin(28372): provider=gemini resource=https://www.gstatic.com/lamda/images/gemini_sparkle_aurora_33f86dc0c0257da337c63.svg
07-01 00:50:25.161 W/skia    (  527): AGTM parsing failed flags.readFromStream(s) at 159
07-01 00:50:25.181 I/AIQuotaCollector(28372): provider=gemini collectorMode=webview-js inject host=about:blank
07-01 00:50:25.261 W/skia    (  527): AGTM parsing failed flags.readFromStream(s) at 159
07-01 00:50:25.568 E/AIQuotaLogin(28372): provider=gemini http status=401 url=https://play.google.com/log?keys=hasfast|auth|authuser|format
07-01 00:50:25.621 I/AdbWifiNetworkMonitor(  690): Wi-Fi network available
07-01 00:50:25.621 I/AdbWifiNetworkMonitor(  690): Received the same Wi-Fi SSID. Ignoring.
07-01 00:50:25.622 I/HalDevMgr(  690): bestIfaceCreationProposal is null, requestIface=STA, existingIface=[name=wlan0 type=STA]
07-01 00:50:25.625 D/WM-WorkConstraintsTrack( 2923): NetworkRequestConstraintController onCapabilitiesChanged callback
07-01 00:50:25.629 D/WM-WorkConstraintsTrack( 3977): NetworkRequestConstraintController onCapabilitiesChanged callback
07-01 00:50:25.629 I/BugleRcsEngine( 3867): handleMessage processing message:[NOTIFY_UPTIME_IGNORE_STATE_CHANGED] with [non-null]:RcsEngineImpl reference [CONTEXT log_prefix="RcsEngineImpl[DUAL_REG]:[390448b9-d26f]>Handler" thread_id=69 ]
07-01 00:50:25.629 I/BugleRcsEngine( 3867): Connected state: [1], networkType: [WIFI] [CONTEXT thread_id=65 ]
07-01 00:50:25.631 D/IpClient/wlan0( 1083): interfaceLinkStateChanged: ifindex 16 up
07-01 00:50:25.632 W/libbinder.IPCThreadState(  690): Sending oneway calls to frozen process.
07-01 00:50:25.632 W/libbinder.IPCThreadState(  690): Sending oneway calls to frozen process.
07-01 00:50:25.632 W/libbinder.IPCThreadState(  690): Sending oneway calls to frozen process.
07-01 00:50:25.637 I/NullBinder( 1317): NullBinder for android.net.action.RECOMMEND_NETWORKS triggering remote TransactionTooLargeException due to Service without Chimera impl, calling uid: 1000, calling pid: 0
07-01 00:50:25.637 W/libbinder.Binder( 1317): Large reply transaction of 1056768 bytes, interface descriptor , function: UNKNOWN_FUNCTION_NAME, code: 1, flags: 17
07-01 00:50:25.639 D/IpClient/wlan0( 1083): interfaceLinkStateChanged: ifindex 16 up
07-01 00:50:25.643 D/ConnectivityService(  690): NetReassign [no changes] [c 0] [a 6] [i 4]
07-01 00:50:25.650 I/BugleRcsEngine( 3867): No RCS Configuration was found in Bugle for simID: redacted-pii:sim_id[chars:20,last3:897] [CONTEXT log_prefix="ProvisioningEngineDataRetriever" thread_id=69 ]
07-01 00:50:25.654 I/NearbyMediums( 1317): Wifi changed new SSID: "AndroidWifi"
07-01 00:50:25.655 I/NearbyMediums( 1317): WifiLanConnectivityInfo is not changed, skip notify.
07-01 00:50:25.656 D/IpClient/wlan0( 1083): interfaceLinkStateChanged: ifindex 16 up
07-01 00:50:25.764 D/AIQuotaGeminiUsageRpc(28372): geminiUsagePageHtml status=200 payloadBytes=799816
07-01 00:50:25.765 I/.aiquota.mobile(28372): Background young concurrent mark compact GC freed 3125KB AllocSpace bytes, 12(1104KB) LOS objects, 8% free, 10110KB/10MB, paused 682us,5.951ms total 34.225ms
07-01 00:50:25.783 I/.aiquota.mobile(28372): Background young concurrent mark compact GC freed 288KB AllocSpace bytes, 0(0B) LOS objects, 10% free, 9886KB/10MB, paused 2.694ms,5.707ms total 16.855ms
07-01 00:50:26.137 I/NearbySharing( 1317): Network state changed: NetworkState(isRestricted=false, isOnline=true, isCongested=false, isMetered=false, isWifiConnected=true)
07-01 00:50:26.139 D/AIQuotaGeminiUsageRpc(28372): geminiUsageRpc status=200 payloadBytes=224
07-01 00:50:26.147 D/AIQuotaNativeUsage(28372): nativeUsage provider=gemini ok=true diagnostic=ok statuses=gemini_usage_page_html:200|gemini_usage_rpc:200
07-01 00:50:26.149 I/AIQuotaCollector(28372): provider=gemini collectorMode=webview-js rawPayloadPresent=true
07-01 00:50:26.153 E/ashmem  (28466): readlink(/proc/self/fd/121) failed: Operation not permitted
07-01 00:50:26.162 V/WindowManagerShell(  981): Transition requested (#137): android.os.BinderProxy@8d8b231 TransitionRequestInfo { type = CLOSE, triggerTask = TaskInfo{userId=0 taskId=522 effectiveUid=10233 displayId=0 isRunning=false baseIntent=Intent { flg=0x10000000 cmp=com.aiquota.mobile/.debug.ProviderLoginDebugActivity } baseActivity=null topActivity=null origActivity=null realActivity=ComponentInfo{com.aiquota.mobile/com.aiquota.mobile.debug.ProviderLoginDebugActivity} realActivityIsAppLockEnabled=false numActivities=0 lastActiveTime=50246560 supportsMultiWindow=true supportsMultiWindowWithoutConstraints=true resizeMode=1 isResizeable=true minWidth=-1 minHeight=-1 defaultMinSize=220 token=WCT{android.os.BinderProxy@3ec93e1} topActivityType=1 pictureInPictureParams=null shouldDockBigOverlays=false launchIntoPipHostTaskId=-1 lastParentTaskIdBeforePip=-1 displayCutoutSafeInsets=Rect(0, 0 - 0, 0) topActivityInfo=null launchCookies=[] positionInParent=Point(0, 0) parentTaskId=-1 isFocused=true isInteractive=true isVisible=true isVisibleRequested=true isTopActivityNoDisplay=false isSleeping=false locusId=null displayAreaFeatureId=1 isTopActivityTransparent=false isActivityStackTransparent=true lastNonFullscreenBounds=null leafTaskBoundsFromOptions= false capturedLink=null capturedLinkTimestamp=0 requestedVisibleTypes=503 topActivityRequestOpenInBrowserEducationTimestamp=0 appCompatTaskInfo=AppCompatTaskInfo { topActivityInSizeCompat=false isLeafTask= true eligibleForLetterboxEducation= false isLetterboxEducationEnabled= false isLetterboxDoubleTapEnabled= false eligibleForUserAspectRatioButton= false topActivityBoundsLetterboxed= false isFromLetterboxDoubleTap= false topActivityLetterboxVerticalPosition= -1 topActivityLetterboxHorizontalPosition= -1 topActivityLetterboxWidth=-1 topActivityLetterboxHeight=-1 topActivityAppBounds=Rect(0, 0 - 0, 0) isUserFullscreenOverrideEnabled=false isSystemFullscreenOverrideEnabled=false hasMinAspectRatioOverride=false topActivityLetterboxBounds=null topNonResizableActivityAspectRatio=-1.0} topActivityMainWindowFrame=null isAppBubble=false}, pipChange = null, remoteTransitionInfo = null, displayChanges = null, requestedLocation = null, userChange = null, windowingLayerChange = null, fullscreenRequestChange = null, flags = 0, debugId = 137 }
07-01 00:50:26.162 I/libbinder.BpBinder(  527): onLastStrongRef automatically unlinking death recipients for binder (0x7d6e3245f940) with descriptor: '(not cached)'
07-01 00:50:26.162 W/DisconnectHandler(  981): No disconnect change found in the transition, not handling request.
07-01 00:50:26.162 V/ShellDesktopMode(  981): DesktopTasksController: skipping handleRequest reason=triggerTask's display doesn't support desktop mode
07-01 00:50:26.174 I/AIQuotaCollector(28372): provider=gemini source=structured-script lineCount=2 planPresent=false accountPresent=false keptPreviousSnapshot=false
07-01 00:50:26.259 V/RecentTasksController(  981): Notify recent tasks changed
07-01 00:50:26.259 D/RecentTasksList( 2807): invalidateLoadedTasks - previous requestLoadId: -1
07-01 00:50:26.259 V/WindowManager(  690): Defer transition id=137 for TaskFragmentTransaction=android.os.Binder@992bb32
07-01 00:50:26.260 D/ViewRootImpl( 2807): Skipping stats log for color mode
07-01 00:50:26.260 D/BaseActivity( 2807): Launcher flags updated: [state_started] +[state_started]
07-01 00:50:26.260 D/BaseActivity( 2807): Launcher flags updated: [state_started|state_resumed|state_user_active] +[state_resumed|state_user_active]
07-01 00:50:26.263 D/BaseActivity( 2807): Launcher flags updated: [state_started|state_resumed|state_user_active] +[]
07-01 00:50:26.263 D/WindowManagerShell(  981): setLauncherKeepClearAreaHeight: visible=true, height=495
07-01 00:50:26.263 D/BaseActivity( 2807): Launcher flags updated: [state_started|state_resumed|state_deferred_resumed|state_user_active] +[state_deferred_resumed]
07-01 00:50:26.263 D/StatsLog( 2807): LAUNCHER_ONRESUME
07-01 00:50:26.264 V/WindowManager(  690): Continue transition id=137 for TaskFragmentTransaction=android.os.Binder@992bb32
07-01 00:50:26.266 D/SmartspaceInteractor( 2807): notifySmartspaceEvent: SmartspaceTargetEvent{mSmartspaceTarget=null, mSmartspaceActionId='null', mEventType=6}
07-01 00:50:26.267 I/AiAiEcho( 1592): Predicting[0]:  [CONTEXT sampling_count=5 ]
07-01 00:50:26.268 I/Surface ( 2807): Creating surface for consumer unnamed-2807-44 with slotExpansion=1 for 64 slots
07-01 00:50:26.268 D/WindowManager(  690): setClientSurface Surface(name=VRI-com.google.android.apps.nexuslauncher/com.google.android.apps.nexuslauncher.NexusLauncherActivity#1668)/@0xf4af200 for 185bfd3 com.google.android.apps.nexuslauncher/com.google.android.apps.nexuslauncher.NexusLauncherActivity
07-01 00:50:26.268 I/Surface ( 2807): Creating surface for consumer VRI[NexusLauncherActivity]#33(BLAST Consumer)33 with slotExpansion=1 for 64 slots
07-01 00:50:26.268 D/BaseDepthController( 2807): setSurface:
07-01 00:50:26.268 D/BaseDepthController( 2807): 	mWaitingOnSurfaceValidity: false
07-01 00:50:26.268 D/BaseDepthController( 2807): 	mBaseSurface: Surface(name=VRI-com.google.android.apps.nexuslauncher/com.google.android.apps.nexuslauncher.NexusLauncherActivity#1668)/@0x83fdc38
07-01 00:50:26.268 V/BaseDepthController( 2807): Applying blur: 0 to Surface(name=VRI-com.google.android.apps.nexuslauncher/com.google.android.apps.nexuslauncher.NexusLauncherActivity#1668)/@0x83fdc38 applyImmediately: false
07-01 00:50:26.268 D/BaseDepthController( 2807): shouldBlurWorkspace: false targetState: Normal currentStableState: Normal mCurrentBlur: 0 mLauncher.getDepthBlurTargets(): [com.android.launcher3.Workspace{ddc5c42 V.ED..... .......D 0,0-1080,2400 #7f0a0486 app:id/workspace}, com.android.launcher3.Hotseat{7fb9453 V.ED..... .......D 0,1905-1080,2400 #7f0a01f6 app:id/hotseat}]
07-01 00:50:26.268 I/AiAiEcho( 1592): EchoTargets: 
07-01 00:50:26.268 I/AiAiEcho( 1592): Filtered by AiAi flag check: 
07-01 00:50:26.268 I/AiAiEcho( 1592): [CONTEXT ratelimit_period="10 SECONDS" ]
07-01 00:50:26.270 I/AiAiEcho( 1592): #remoteViewsTwiddler: feature disabled.
07-01 00:50:26.270 I/AiAiEcho( 1592): #postPredictionTargets: Sending updates to UISurface home with targets# 0 (types=[])
07-01 00:50:26.275 W/libbinder.IPCThreadState(  596): Sending oneway calls to frozen process.
07-01 00:50:26.282 D/QuickstepModelDelegate( 2807): notifyAppTargetEvent action=1 launchLocation=workspace/0/[-1,-1]/[1,1]
07-01 00:50:26.299 I/WM-WorkerWrapper(28372): Work [ id=e72761d1-1e38-4733-a852-c552cdcea656, tags={ androidx.glance.session.SessionWorker } ] was cancelled
07-01 00:50:26.299 I/WM-WorkerWrapper(28372): java.util.concurrent.CancellationException: Task was cancelled.
07-01 00:50:26.299 I/WM-WorkerWrapper(28372): 	at androidx.work.impl.utils.futures.AbstractFuture.cancellationExceptionWithCause(AbstractFuture.java:1183)
07-01 00:50:26.299 I/WM-WorkerWrapper(28372): 	at androidx.work.impl.utils.futures.AbstractFuture.getDoneValue(AbstractFuture.java:513)
07-01 00:50:26.299 I/WM-WorkerWrapper(28372): 	at androidx.work.impl.utils.futures.AbstractFuture.get(AbstractFuture.java:474)
07-01 00:50:26.299 I/WM-WorkerWrapper(28372): 	at androidx.work.impl.WorkerWrapper$2.run(WorkerWrapper.java:316)
07-01 00:50:26.299 I/WM-WorkerWrapper(28372): 	at androidx.work.impl.utils.SerialExecutorImpl$Task.run(SerialExecutorImpl.java:96)
07-01 00:50:26.299 I/WM-WorkerWrapper(28372): 	at java.util.concurrent.ThreadPoolExecutor.runWorker(ThreadPoolExecutor.java:1100)
07-01 00:50:26.299 I/WM-WorkerWrapper(28372): 	at java.util.concurrent.ThreadPoolExecutor$Worker.run(ThreadPoolExecutor.java:624)
07-01 00:50:26.299 I/WM-WorkerWrapper(28372): 	at java.lang.Thread.run(Thread.java:1572)
07-01 00:50:26.317 D/WallpaperService(  981): onVisibilityChanged(true): com.android.systemui.wallpapers.ImageWallpaper$CanvasEngine@881b100
07-01 00:50:26.368 W/libbinder.IPCThreadState(  596): Sending oneway calls to frozen process.
07-01 00:50:26.371 V/RecentTasksController(  981): Notify recent tasks changed
07-01 00:50:26.383 V/RecentTasksController(  981): generateList(getRecentTasks)
07-01 00:50:26.383 V/RecentTasksController(  981): initializeDesksMap - allDeskIds: []
07-01 00:50:26.383 V/RecentTasksController(  981): Task 522 is not an active desktop task
07-01 00:50:26.383 V/RecentTasksController(  981): Added fullscreen task: 522
07-01 00:50:26.383 V/RecentTasksController(  981): Task 496 is not an active desktop task
07-01 00:50:26.383 V/RecentTasksController(  981): Added fullscreen task: 496
07-01 00:50:26.383 V/RecentTasksController(  981): Task 509 is not an active desktop task
07-01 00:50:26.383 V/RecentTasksController(  981): Added fullscreen task: 509
07-01 00:50:26.383 V/RecentTasksController(  981): generateList - complete
07-01 00:50:26.384 D/PreloadThumbnailUseCase( 2807): Preloading thumbnails for task ids: [[id=509 windowingMode=1 user=0 lastActiveTime=13849860] null, [id=496 windowingMode=1 user=0 lastActiveTime=37747168] null, [id=522 windowingMode=1 user=0 lastActiveTime=50254109] null]
07-01 00:50:26.387 D/RecentTasksList( 2807): invalidateLoadedTasks - previous requestLoadId: -1
07-01 00:50:26.396 V/WindowManagerShell(  981): onTransitionReady(transaction=2963527447838)
07-01 00:50:26.396 V/WindowManagerShell(  981): onTransitionReady (#137) android.os.BinderProxy@8d8b231: {id=137 t=CLOSE f=0x0 trk=0 r=[0@Point(0, 0)] c=[
07-01 00:50:26.396 V/WindowManagerShell(  981):         {m=CLOSE f=FLAG_CHANGED_INTERACTIVE leash=Surface(name=Task=522#1652)/@0xd74fd16 sb=Rect(0, 0 - 1080, 2400) eb=Rect(0, 0 - 1080, 2400) epz=Point(1080, 2400) d=0 taskParent=-1 winMode=1 userId=0},
07-01 00:50:26.396 V/WindowManagerShell(  981):         {m=TO_FRONT f=SHOW_WALLPAPER|MOVE_TO_TOP|FLAG_CHANGED_INTERACTIVE leash=Surface(name=Task=1#35)/@0x4f0a697 sb=Rect(0, 0 - 1080, 2400) eb=Rect(0, 0 - 1080, 2400) epz=Point(1080, 2400) d=0 taskParent=-1 winMode=1 userId=0},
07-01 00:50:26.396 V/WindowManagerShell(  981):         {m=TO_FRONT f=IS_WALLPAPER leash=Surface(name=WallpaperWindowToken{8e22b1e}#55)/@0xd032084 sb=Rect(0, 0 - 1080, 2400) eb=Rect(0, 0 - 1080, 2400) epz=Point(1080, 2400) d=0}
07-01 00:50:26.396 V/WindowManagerShell(  981):     ]}
07-01 00:50:26.396 V/WindowManagerShell(  981): Playing animation for (#137) android.os.BinderProxy@8d8b231@0
07-01 00:50:26.396 D/ShellSplitScreen(  981): startAnimation: transition=137 isSplitActive=false
07-01 00:50:26.396 V/ShellRecents(  981): RecentsTransitionHandler.startAnimation: no controller found
07-01 00:50:26.396 V/ShellDesktopMode(  981): DesktopMixedTransitionHandler: No pending desktop transition
07-01 00:50:26.396 V/WindowManagerShell(  981): Transition doesn't have explicit remote, search filters for match for {id=137 t=CLOSE f=0x0 trk=0 r=[0@Point(0, 0)] c=[{m=CLOSE f=FLAG_CHANGED_INTERACTIVE leash=Surface(name=Task=522#1652)/@0xd74fd16 sb=Rect(0, 0 - 1080, 2400) eb=Rect(0, 0 - 1080, 2400) epz=Point(1080, 2400) d=0 taskParent=-1 winMode=1 userId=0},{m=TO_FRONT f=SHOW_WALLPAPER|MOVE_TO_TOP|FLAG_CHANGED_INTERACTIVE leash=Surface(name=Task=1#35)/@0x4f0a697 sb=Rect(0, 0 - 1080, 2400) eb=Rect(0, 0 - 1080, 2400) epz=Point(1080, 2400) d=0 taskParent=-1 winMode=1 userId=0},{m=TO_FRONT f=IS_WALLPAPER leash=Surface(name=WallpaperWindowToken{8e22b1e}#55)/@0xd032084 sb=Rect(0, 0 - 1080, 2400) eb=Rect(0, 0 - 1080, 2400) epz=Point(1080, 2400) d=0}]}
07-01 00:50:26.397 V/WindowManagerShell(  981):  Checking filter Pair{{types=[] flags=0x0 notFlags=0x0 checks=[{atype=undefined independent=true modes=[CLOSE,TO_BACK] flags=IN_TASK_WITH_EMBEDDED_ACTIVITY mustBeTask=false order=ANY topActivity=null launchCookie=null taskFragmentToken=android.os.BinderProxy@3656a62 windowingMode=undefined isCrossDisplayMove=false}]} RemoteTransition { remoteTransition = android.window.IRemoteTransition$Stub$Proxy@26457f3, appThread = android.app.IApplicationThread$Stub$Proxy@77acb0, debugName = overlayBackTransition, filter = {types=[] flags=0x0 notFlags=0x0 checks=[{atype=undefined independent=true modes=[CLOSE,TO_BACK] flags=IN_TASK_WITH_EMBEDDED_ACTIVITY mustBeTask=false order=ANY topActivity=null launchCookie=null taskFragmentToken=android.os.BinderProxy@3656a62 windowingMode=undefined isCrossDisplayMove=false}]} }}
07-01 00:50:26.397 V/WindowManagerShell(  981):  Checking filter Pair{{types=[] flags=0x0 notFlags=0x0 checks=[{atype=dream independent=true modes=[OPEN,TO_FRONT] flags=NONE mustBeTask=false order=ANY topActivity=null launchCookie=null windowingMode=undefined isCrossDisplayMove=false},{atype=home independent=true modes=[CLOSE,TO_BACK] flags=NONE mustBeTask=false order=ANY topActivity=null launchCookie=null windowingMode=undefined isCrossDisplayMove=false}]} RemoteTransition { remoteTransition = android.window.IRemoteTransition$Stub$Proxy@9b25729, appThread = android.app.IApplicationThread$Stub$Proxy@a33caae, debugName = LauncherToDream, filter = {types=[] flags=0x0 notFlags=0x0 checks=[{atype=dream independent=true modes=[OPEN,TO_FRONT] flags=NONE mustBeTask=false order=ANY topActivity=null launchCookie=null windowingMode=undefined isCrossDisplayMove=false},{atype=home independent=true modes=[CLOSE,TO_BACK] flags=NONE mustBeTask=false order=ANY topActivity=null launchCookie=null windowingMode=undefined isCrossDisplayMove=false}]} }}
07-01 00:50:26.397 V/WindowManagerShell(  981):  Checking filter Pair{{types=[] flags=0x0 notFlags=0x0 checks=[{atype=standard independent=false modes=[CHANGE] flags=NONE mustBeTask=true order=ANY topActivity=null launchCookie=null windowingMode=undefined isCrossDisplayMove=true}]} RemoteTransition { remoteTransition = android.window.IRemoteTransition$Stub$Proxy@62804f, appThread = android.app.IApplicationThread$Stub$Proxy@922e3dc, debugName = QuickstepDisplayMove, filter = {types=[] flags=0x0 notFlags=0x0 checks=[{atype=standard independent=false modes=[CHANGE] flags=NONE mustBeTask=true order=ANY topActivity=null launchCookie=null windowingMode=undefined isCrossDisplayMove=true}]} }}
07-01 00:50:26.397 V/WindowManagerShell(  981):  Checking filter Pair{{types=[] flags=0x0 notFlags=0x100 checks=[{atype=home independent=true modes=[OPEN,TO_FRONT] flags=NONE mustBeTask=false order=ANY topActivity=ComponentInfo{com.google.android.apps.nexuslauncher/com.google.android.apps.nexuslauncher.NexusLauncherActivity} launchCookie=null windowingMode=undefined isCrossDisplayMove=false},{atype=standard independent=true modes=[CLOSE,TO_BACK] flags=NONE mustBeTask=false order=ANY topActivity=null launchCookie=null windowingMode=undefined isCrossDisplayMove=false},{NOT atype=undefined independent=true modes=[] flags=NONE mustBeTask=true order=ANY topActivity=null launchCookie=null customAnim=true windowingMode=undefined isCrossDisplayMove=false}]} RemoteTransition { remoteTransition = android.window.IRemoteTransition$Stub$Proxy@d703ce5, appThread = android.app.IApplicationThread$Stub$Proxy@975e3ba, debugName = QuickstepLaunchHome, filter = {types=[] flags=0x0 notFlags=0x100 checks=[{atype=home independent=true modes=[OPEN,TO_FRONT] flags=NONE mustBeTask=false order=ANY topActivity=ComponentInfo{com.google.android.apps.nexuslauncher/com.google.android.apps.nexuslauncher.NexusLauncherActivity} launchCookie=null windowingMode=undefined isCrossDisplayMove=false},{atype=standard independent=true modes=[CLOSE,TO_BACK] flags=NONE mustBeTask=false order=ANY topActivity=null launchCookie=null windowingMode=undefined isCrossDisplayMove=false},{NOT atype=undefined independent=true modes=[] flags=NONE mustBeTask=true order=ANY topActivity=null launchCookie=null customAnim=true windowingMode=undefined isCrossDisplayMove=false}]} }}
07-01 00:50:26.397 D/RemoteTransitionHandler(  981): Found filterPair{{types=[] flags=0x0 notFlags=0x100 checks=[{atype=home independent=true modes=[OPEN,TO_FRONT] flags=NONE mustBeTask=false order=ANY topActivity=ComponentInfo{com.google.android.apps.nexuslauncher/com.google.android.apps.nexuslauncher.NexusLauncherActivity} launchCookie=null windowingMode=undefined isCrossDisplayMove=false},{atype=standard independent=true modes=[CLOSE,TO_BACK] flags=NONE mustBeTask=false order=ANY topActivity=null launchCookie=null windowingMode=undefined isCrossDisplayMove=false},{NOT atype=undefined independent=true modes=[] flags=NONE mustBeTask=true order=ANY topActivity=null launchCookie=null customAnim=true windowingMode=undefined isCrossDisplayMove=false}]} RemoteTransition { remoteTransition = android.window.IRemoteTransition$Stub$Proxy@d703ce5, appThread = android.app.IApplicationThread$Stub$Proxy@975e3ba, debugName = QuickstepLaunchHome, filter = {types=[] flags=0x0 notFlags=0x100 checks=[{atype=home independent=true modes=[OPEN,TO_FRONT] flags=NONE mustBeTask=false order=ANY topActivity=ComponentInfo{com.google.android.apps.nexuslauncher/com.google.android.apps.nexuslauncher.NexusLauncherActivity} launchCookie=null windowingMode=undefined isCrossDisplayMove=false},{atype=standard independent=true modes=[CLOSE,TO_BACK] flags=NONE mustBeTask=false order=ANY topActivity=null launchCookie=null windowingMode=undefined isCrossDisplayMove=false},{NOT atype=undefined independent=true modes=[] flags=NONE mustBeTask=true order=ANY topActivity=null launchCookie=null customAnim=true windowingMode=undefined isCrossDisplayMove=false}]} }}
07-01 00:50:26.397 V/WindowManagerShell(  981):  Delegate animation for (#137) to RemoteTransition { remoteTransition = android.window.IRemoteTransition$Stub$Proxy@d703ce5, appThread = android.app.IApplicationThread$Stub$Proxy@975e3ba, debugName = QuickstepLaunchHome, filter = {types=[] flags=0x0 notFlags=0x100 checks=[{atype=home independent=true modes=[OPEN,TO_FRONT] flags=NONE mustBeTask=false order=ANY topActivity=ComponentInfo{com.google.android.apps.nexuslauncher/com.google.android.apps.nexuslauncher.NexusLauncherActivity} launchCookie=null windowingMode=undefined isCrossDisplayMove=false},{atype=standard independent=true modes=[CLOSE,TO_BACK] flags=NONE mustBeTask=false order=ANY topActivity=null launchCookie=null windowingMode=undefined isCrossDisplayMove=false},{NOT atype=undefined independent=true modes=[] flags=NONE mustBeTask=true order=ANY topActivity=null launchCookie=null customAnim=true windowingMode=undefined isCrossDisplayMove=false}]} }
07-01 00:50:26.400 W/libbinder.IPCThreadState(  596): Sending oneway calls to frozen process.
07-01 00:50:26.401 D/ShortcutAndWidgetContainer( 2807): appWidgetScale - [x,y]: [1.0,1.0]
07-01 00:50:26.401 D/NavigableAppWidgetHostView( 2807): updateScale - [fitScale,bounceScale]: [1.0,1.0]
07-01 00:50:26.401 D/ShortcutAndWidgetContainer( 2807): appWidgetScale - [x,y]: [1.0,1.0]
07-01 00:50:26.401 D/NavigableAppWidgetHostView( 2807): updateScale - [fitScale,bounceScale]: [1.0,1.0]
07-01 00:50:26.401 D/ShortcutAndWidgetContainer( 2807): appWidgetScale - [x,y]: [1.0,1.0]
07-01 00:50:26.401 D/NavigableAppWidgetHostView( 2807): updateScale - [fitScale,bounceScale]: [1.0,1.0]
07-01 00:50:26.401 D/ShortcutAndWidgetContainer( 2807): appWidgetScale - [x,y]: [1.0,1.0]
07-01 00:50:26.401 D/NavigableAppWidgetHostView( 2807): updateScale - [fitScale,bounceScale]: [1.0,1.0]
07-01 00:50:26.401 D/SsBaseTemplateCard( 2807): Passed-in item info is null
07-01 00:50:26.401 D/SsBaseTemplateCard( 2807): Passed-in item info is null
07-01 00:50:26.401 D/SsBaseTemplateCard( 2807): Passed-in item info is null
07-01 00:50:26.401 D/SsBaseTemplateCard( 2807): Passed-in item info is null
07-01 00:50:26.401 I/SsBaseTemplateCard( 2807): Secondary card pane is null
07-01 00:50:26.406 D/LauncherStateManager( 2807): StateManager.createAtomicAnimation: fromState: Normal, toState: Normal, partial trace:
07-01 00:50:26.406 D/LauncherStateManager( 2807): 	at com.android.quickstep.util.ScalingWorkspaceRevealAnim.<init>(go/retraceme 4b96215a9d9b4c1494121442fbf9d6e89857c91e1d76ddcc689701971259418a:60)
07-01 00:50:26.406 D/LauncherStateManager( 2807): 	at com.android.launcher3.QuickstepTransitionManager.createWallpaperOpenAnimations(go/retraceme 4b96215a9d9b4c1494121442fbf9d6e89857c91e1d76ddcc689701971259418a:622)
07-01 00:50:26.406 D/LauncherStateManager( 2807): 	at com.android.launcher3.QuickstepTransitionManager$WallpaperOpenLauncherAnimationRunner.onAnimationStart(go/retraceme 4b96215a9d9b4c1494121442fbf9d6e89857c91e1d76ddcc689701971259418a:135)
07-01 00:50:26.406 D/AllAppsTransitionController( 2807): shouldProtectHeader: false skipScrim: true state: Normal stateManager.getState(): Normal
07-01 00:50:26.406 D/KeyboardInsetsHandler( 2807): removePendingImeController: pendingImeController=null
07-01 00:50:26.406 V/BaseDepthController( 2807): Applying blur: 0 to Surface(name=VRI-com.google.android.apps.nexuslauncher/com.google.android.apps.nexuslauncher.NexusLauncherActivity#1668)/@0x83fdc38 applyImmediately: false
07-01 00:50:26.406 D/BaseDepthController( 2807): shouldBlurWorkspace: false targetState: Normal currentStableState: Normal mCurrentBlur: 0 mLauncher.getDepthBlurTargets(): [com.android.launcher3.Workspace{ddc5c42 V.ED..... ......ID 0,0-1080,2400 #7f0a0486 app:id/workspace}, com.android.launcher3.Hotseat{7fb9453 V.ED..... ........ 0,1905-1080,2400 #7f0a01f6 app:id/hotseat}]
07-01 00:50:26.406 V/BaseDepthController( 2807): Applying blur: 0 to Surface(name=VRI-com.google.android.apps.nexuslauncher/com.google.android.apps.nexuslauncher.NexusLauncherActivity#1668)/@0x83fdc38 applyImmediately: false
07-01 00:50:26.406 D/BaseDepthController( 2807): shouldBlurWorkspace: false targetState: Normal currentStableState: Normal mCurrentBlur: 0 mLauncher.getDepthBlurTargets(): [com.android.launcher3.Workspace{ddc5c42 V.ED..... ......ID 0,0-1080,2400 #7f0a0486 app:id/workspace}, com.android.launcher3.Hotseat{7fb9453 V.ED..... ........ 0,1905-1080,2400 #7f0a01f6 app:id/hotseat}]
07-01 00:50:26.406 D/LauncherStateManager( 2807): StateManager.cancelAnimation: animation ongoing: false, partial trace:
07-01 00:50:26.406 D/LauncherStateManager( 2807): 	at com.android.launcher3.statemanager.StateManager.setCurrentAnimation(go/retraceme 4b96215a9d9b4c1494121442fbf9d6e89857c91e1d76ddcc689701971259418a:59)
07-01 00:50:26.406 D/LauncherStateManager( 2807): 	at com.android.launcher3.QuickstepTransitionManager.createWallpaperOpenAnimations(go/retraceme 4b96215a9d9b4c1494121442fbf9d6e89857c91e1d76ddcc689701971259418a:734)
07-01 00:50:26.406 D/LauncherStateManager( 2807): 	at com.android.launcher3.QuickstepTransitionManager$WallpaperOpenLauncherAnimationRunner.onAnimationStart(go/retraceme 4b96215a9d9b4c1494121442fbf9d6e89857c91e1d76ddcc689701971259418a:135)
07-01 00:50:26.406 D/b/311077782( 2807): LauncherAnimationRunner.setAnimation
07-01 00:50:26.407 V/BaseDepthController( 2807): Applying blur: 0 to Surface(name=VRI-com.google.android.apps.nexuslauncher/com.google.android.apps.nexuslauncher.NexusLauncherActivity#1668)/@0x83fdc38 applyImmediately: false
07-01 00:50:26.407 D/BaseDepthController( 2807): shouldBlurWorkspace: false targetState: Normal currentStableState: Normal mCurrentBlur: 0 mLauncher.getDepthBlurTargets(): [com.android.launcher3.Workspace{ddc5c42 V.ED..... ......ID 0,0-1080,2400 #7f0a0486 app:id/workspace}, com.android.launcher3.Hotseat{7fb9453 V.ED..... ......ID 0,1905-1080,2400 #7f0a01f6 app:id/hotseat}]
07-01 00:50:26.407 V/BaseDepthController( 2807): Applying blur: 0 to Surface(name=VRI-com.google.android.apps.nexuslauncher/com.google.android.apps.nexuslauncher.NexusLauncherActivity#1668)/@0x83fdc38 applyImmediately: false
07-01 00:50:26.407 D/BaseDepthController( 2807): shouldBlurWorkspace: false targetState: Normal currentStableState: Normal mCurrentBlur: 0 mLauncher.getDepthBlurTargets(): [com.android.launcher3.Workspace{ddc5c42 V.ED..... ......ID 0,0-1080,2400 #7f0a0486 app:id/workspace}, com.android.launcher3.Hotseat{7fb9453 V.ED..... ......ID 0,1905-1080,2400 #7f0a01f6 app:id/hotseat}]
07-01 00:50:26.407 V/BaseDepthController( 2807): Applying blur: 0 to Surface(name=VRI-com.google.android.apps.nexuslauncher/com.google.android.apps.nexuslauncher.NexusLauncherActivity#1668)/@0x83fdc38 applyImmediately: false
07-01 00:50:26.407 D/BaseDepthController( 2807): shouldBlurWorkspace: false targetState: Normal currentStableState: Normal mCurrentBlur: 0 mLauncher.getDepthBlurTargets(): [com.android.launcher3.Workspace{ddc5c42 V.ED..... ......ID 0,0-1080,2400 #7f0a0486 app:id/workspace}, com.android.launcher3.Hotseat{7fb9453 V.ED..... ......ID 0,1905-1080,2400 #7f0a01f6 app:id/hotseat}]
07-01 00:50:26.407 V/BaseDepthController( 2807): Applying blur: 0 to Surface(name=VRI-com.google.android.apps.nexuslauncher/com.google.android.apps.nexuslauncher.NexusLauncherActivity#1668)/@0x83fdc38 applyImmediately: false
07-01 00:50:26.407 D/BaseDepthController( 2807): shouldBlurWorkspace: false targetState: Normal currentStableState: Normal mCurrentBlur: 0 mLauncher.getDepthBlurTargets(): [com.android.launcher3.Workspace{ddc5c42 V.ED..... ......ID 0,0-1080,2400 #7f0a0486 app:id/workspace}, com.android.launcher3.Hotseat{7fb9453 V.ED..... ......ID 0,1905-1080,2400 #7f0a01f6 app:id/hotseat}]
07-01 00:50:26.407 V/BaseDepthController( 2807): Applying blur: 0 to Surface(name=VRI-com.google.android.apps.nexuslauncher/com.google.android.apps.nexuslauncher.NexusLauncherActivity#1668)/@0x83fdc38 applyImmediately: false
07-01 00:50:26.407 D/BaseDepthController( 2807): shouldBlurWorkspace: false targetState: Normal currentStableState: Normal mCurrentBlur: 0 mLauncher.getDepthBlurTargets(): [com.android.launcher3.Workspace{ddc5c42 V.ED..... ......ID 0,0-1080,2400 #7f0a0486 app:id/workspace}, com.android.launcher3.Hotseat{7fb9453 V.ED..... ......ID 0,1905-1080,2400 #7f0a01f6 app:id/hotseat}]
07-01 00:50:26.420 W/skia    (  527): AGTM parsing failed flags.readFromStream(s) at 159
07-01 00:50:26.427 V/WindowManager(  690): Sent Transition (#137) createdAt=07-01 00:50:26.160 via request=TransitionRequestInfo { type = CLOSE, triggerTask = TaskInfo{userId=0 taskId=522 effectiveUid=10233 displayId=0 isRunning=false baseIntent=Intent { flg=0x10000000 cmp=com.aiquota.mobile/.debug.ProviderLoginDebugActivity } baseActivity=null topActivity=null origActivity=null realActivity=ComponentInfo{com.aiquota.mobile/com.aiquota.mobile.debug.ProviderLoginDebugActivity} realActivityIsAppLockEnabled=false numActivities=0 lastActiveTime=50246560 supportsMultiWindow=true supportsMultiWindowWithoutConstraints=true resizeMode=1 isResizeable=true minWidth=-1 minHeight=-1 defaultMinSize=220 token=WCT{RemoteToken{d57f646 Task{d8459c3 #522 type=standard A=10233:com.aiquota.mobile}}} topActivityType=1 pictureInPictureParams=null shouldDockBigOverlays=false launchIntoPipHostTaskId=-1 lastParentTaskIdBeforePip=-1 displayCutoutSafeInsets=Rect(0, 0 - 0, 0) topActivityInfo=null launchCookies=[] positionInParent=Point(0, 0) parentTaskId=-1 isFocused=true isInteractive=true isVisible=true isVisibleRequested=true isTopActivityNoDisplay=false isSleeping=false locusId=null displayAreaFeatureId=1 isTopActivityTransparent=false isActivityStackTransparent=true lastNonFullscreenBounds=null leafTaskBoundsFromOptions= false capturedLink=null capturedLinkTimestamp=0 requestedVisibleTypes=503 topActivityRequestOpenInBrowserEducationTimestamp=0 appCompatTaskInfo=AppCompatTaskInfo { topActivityInSizeCompat=false isLeafTask= true eligibleForLetterboxEducation= false isLetterboxEducationEnabled= false isLetterboxDoubleTapEnabled= false eligibleForUserAspectRatioButton= false topActivityBoundsLetterboxed= false isFromLetterboxDoubleTap= false topActivityLetterboxVerticalPosition= -1 topActivityLetterboxHorizontalPosition= -1 topActivityLetterboxWidth=-1 topActivityLetterboxHeight=-1 topActivityAppBounds=Rect(0, 0 - 0, 0) isUserFullscreenOverrideEnabled=false isSystemFullscreenOverrideEnabled=false hasMinAspectRatioOverride=false topActivityLetterboxBounds=null topNonResizableActivityAspectRatio=-1.0} topActivityMainWindowFrame=null isAppBubble=false}, pipChange = null, remoteTransitionInfo = null, displayChanges = null, requestedLocation = null, userChange = null, windowingLayerChange = null, fullscreenRequestChange = null, flags = 0, debugId = 137 }
07-01 00:50:26.427 V/WindowManager(  690):     startWCT=WindowContainerTransaction { changes= {} hops= [] flags= 0 errorCallbackToken=null taskFragmentOrganizer=null }
07-01 00:50:26.428 V/WindowManager(  690):     info={id=137 t=CLOSE f=0x0 trk=0 r=[0@Point(0, 0)] c=[
07-01 00:50:26.428 V/WindowManager(  690):         {WCT{RemoteToken{d57f646 Task{d8459c3 #522 type=standard A=10233:com.aiquota.mobile}}} m=CLOSE f=FLAG_CHANGED_INTERACTIVE leash=Surface(name=Task=522#1652)/@0xba01888 sb=Rect(0, 0 - 1080, 2400) eb=Rect(0, 0 - 1080, 2400) epz=Point(1080, 2400) d=0 taskParent=-1 winMode=1 userId=0},
07-01 00:50:26.428 V/WindowManager(  690):         {WCT{RemoteToken{12c0cb7 Task{adf5de0 #1 type=home}}} m=TO_FRONT f=SHOW_WALLPAPER|MOVE_TO_TOP|FLAG_CHANGED_INTERACTIVE leash=Surface(name=Task=1#35)/@0x3cdaf5c sb=Rect(0, 0 - 1080, 2400) eb=Rect(0, 0 - 1080, 2400) epz=Point(1080, 2400) d=0 taskParent=-1 winMode=1 userId=0},
07-01 00:50:26.428 V/WindowManager(  690):         {m=TO_FRONT f=IS_WALLPAPER leash=Surface(name=WallpaperWindowToken{8e22b1e}#55)/@0xe1349cf sb=Rect(0, 0 - 1080, 2400) eb=Rect(0, 0 - 1080, 2400) epz=Point(1080, 2400) d=0}
07-01 00:50:26.428 V/WindowManager(  690):     ]}
07-01 00:50:26.432 W/ActivityTaskManager(  690): setRunningRemoteTransition: no process for null
07-01 00:50:26.432 V/WindowManagerShell(  981):  animated by com.android.wm.shell.transition.RemoteTransitionHandler@ca52dd6
07-01 00:50:26.436 I/Finsky  ( 4591): [2] SCH: job service start with id 9804.
07-01 00:50:26.454 V/BaseDepthController( 2807): Applying blur: 0 to Surface(name=VRI-com.google.android.apps.nexuslauncher/com.google.android.apps.nexuslauncher.NexusLauncherActivity#1668)/@0x83fdc38 applyImmediately: false
07-01 00:50:26.454 D/BaseDepthController( 2807): shouldBlurWorkspace: false targetState: Normal currentStableState: Normal mCurrentBlur: 0 mLauncher.getDepthBlurTargets(): [com.android.launcher3.Workspace{ddc5c42 V.ED..... ........ 0,0-1080,2400 #7f0a0486 app:id/workspace}, com.android.launcher3.Hotseat{7fb9453 V.ED..... .......D 0,1905-1080,2400 #7f0a01f6 app:id/hotseat}]
07-01 00:50:26.459 I/Finsky  ( 4591): [787] SCH: Satisfied jobs for 9804 are: 12-1
07-01 00:50:26.459 I/Finsky  ( 4591): [795] SCH: Job 12-1 starting
07-01 00:50:26.460 I/RanchuHwc(  493): logCompositionFallbackIfChanged: layer 287 CompositionType fallback from 2 to 1
07-01 00:50:26.460 I/RanchuHwc(  493): logCompositionFallbackIfChanged: layer 288 CompositionType fallback from 2 to 1
07-01 00:50:26.462 W/skia    (  527): AGTM parsing failed flags.readFromStream(s) at 159
07-01 00:50:26.462 W/skia    (  527): AGTM parsing failed flags.readFromStream(s) at 159
07-01 00:50:26.462 W/skia    (  527): AGTM parsing failed flags.readFromStream(s) at 159
07-01 00:50:26.462 W/skia    (  527): AGTM parsing failed flags.readFromStream(s) at 159
07-01 00:50:26.462 I/Finsky  ( 4591): [2] WM::SCH: Logging work start for 12-1
07-01 00:50:26.462 W/skia    (  527): AGTM parsing failed flags.readFromStream(s) at 159
07-01 00:50:26.462 W/skia    (  527): AGTM parsing failed flags.readFromStream(s) at 159
07-01 00:50:26.462 W/skia    (  527): AGTM parsing failed flags.readFromStream(s) at 159
07-01 00:50:26.462 I/Finsky  ( 4591): [2] [ContentSync] job started
07-01 00:50:26.467 W/skia    (  527): AGTM parsing failed flags.readFromStream(s) at 159
07-01 00:50:26.467 W/skia    (  527): AGTM parsing failed flags.readFromStream(s) at 159
07-01 00:50:26.467 W/skia    (  527): AGTM parsing failed flags.readFromStream(s) at 159
07-01 00:50:26.474 I/PackageManager(  690): getInstalledPackages: callingUid=10153 flags=134217728 updatedFlags=135004160 userId=0
07-01 00:50:26.487 W/skia    (  527): AGTM parsing failed flags.readFromStream(s) at 159
07-01 00:50:26.490 W/skia    (  527): AGTM parsing failed flags.readFromStream(s) at 159
07-01 00:50:26.490 W/skia    (  527): AGTM parsing failed flags.readFromStream(s) at 159
07-01 00:50:26.490 W/skia    (  527): AGTM parsing failed flags.readFromStream(s) at 159
07-01 00:50:26.490 W/skia    (  527): AGTM parsing failed flags.readFromStream(s) at 159
07-01 00:50:26.491 W/skia    (  527): AGTM parsing failed flags.readFromStream(s) at 159
07-01 00:50:26.492 W/skia    (  527): AGTM parsing failed flags.readFromStream(s) at 159
07-01 00:50:26.494 D/BaseActivity( 2807): Launcher flags updated: [state_started|state_resumed|state_deferred_resumed|state_window_focused|state_user_active] +[state_window_focused]
07-01 00:50:26.499 I/ImeTracker(  690): com.google.android.apps.nexuslauncher:dbf08436: onRequestHide at ORIGIN_SERVER reason HIDE_UNSPECIFIED_WINDOW fromUser false userId 0 displayId 0
07-01 00:50:26.504 V/BaseDepthController( 2807): Applying blur: 0 to Surface(name=VRI-com.google.android.apps.nexuslauncher/com.google.android.apps.nexuslauncher.NexusLauncherActivity#1668)/@0x83fdc38 applyImmediately: false
07-01 00:50:26.505 D/BaseDepthController( 2807): shouldBlurWorkspace: false targetState: Normal currentStableState: Normal mCurrentBlur: 0 mLauncher.getDepthBlurTargets(): [com.android.launcher3.Workspace{ddc5c42 V.ED..... .......D 0,0-1080,2400 #7f0a0486 app:id/workspace}, com.android.launcher3.Hotseat{7fb9453 V.ED..... .......D 0,1905-1080,2400 #7f0a01f6 app:id/hotseat}]
07-01 00:50:26.512 W/InputChannel-JNI(  690): Channel already disposed.
07-01 00:50:26.526 D/InsetsController( 2807): hide(ime())
07-01 00:50:26.526 I/ImeTracker( 2807): com.google.android.apps.nexuslauncher:dbf08436: onCancelled at PHASE_CLIENT_ALREADY_HIDDEN
07-01 00:50:26.533 I/GoogleInputMethodService( 3384): GoogleInputMethodService.onFinishInput():2274 
07-01 00:50:26.535 W/skia    (  527): AGTM parsing failed flags.readFromStream(s) at 159
07-01 00:50:26.535 W/skia    (  527): AGTM parsing failed flags.readFromStream(s) at 159
07-01 00:50:26.535 W/skia    (  527): AGTM parsing failed flags.readFromStream(s) at 159
07-01 00:50:26.535 W/skia    (  527): AGTM parsing failed flags.readFromStream(s) at 159
07-01 00:50:26.536 I/Module  ( 3384): DeviceLockedStatusModuleProvider$Module.updateDeviceLockedStatusInternal():128 repeatCheckTimes = 0, locked = false
07-01 00:50:26.536 W/skia    (  527): AGTM parsing failed flags.readFromStream(s) at 159
07-01 00:50:26.536 W/skia    (  527): AGTM parsing failed flags.readFromStream(s) at 159
07-01 00:50:26.536 W/skia    (  527): AGTM parsing failed flags.readFromStream(s) at 159
07-01 00:50:26.539 V/BaseDepthController( 2807): Applying blur: 0 to Surface(name=VRI-com.google.android.apps.nexuslauncher/com.google.android.apps.nexuslauncher.NexusLauncherActivity#1668)/@0x83fdc38 applyImmediately: false
07-01 00:50:26.539 D/BaseDepthController( 2807): shouldBlurWorkspace: false targetState: Normal currentStableState: Normal mCurrentBlur: 0 mLauncher.getDepthBlurTargets(): [com.android.launcher3.Workspace{ddc5c42 V.ED..... .......D 0,0-1080,2400 #7f0a0486 app:id/workspace}, com.android.launcher3.Hotseat{7fb9453 V.ED..... .......D 0,1905-1080,2400 #7f0a01f6 app:id/hotseat}]
07-01 00:50:26.544 I/GoogleInputMethodService( 3384): GoogleInputMethodService.onStartInput():1459 onStartInput(EditorInfo{EditorInfo{packageName=com.google.android.apps.nexuslauncher, inputType=0, inputTypeString=NULL, enableLearning=false, autoCorrection=false, autoComplete=false, imeOptions=0, privateImeOptions=null, actionName=UNSPECIFIED, actionLabel=null, initialSelStart=-1, initialSelEnd=-1, initialCapsMode=0, label=null, fieldId=0, fieldName=null, extras=null, hintText=null, hintLocales=[]}}, false)
07-01 00:50:26.544 I/ImeTracker(  690): system_server:a4a41e5: onRequestHide at ORIGIN_SERVER reason IME_REQUESTED_CHANGED_LISTENER fromUser false displayId 0
07-01 00:50:26.546 I/LatinIMEBase( 3384): LatinIMEBase.updateInputViewCoverNavigation():317 Update input view padding, isNavbarOverInputWindow=true, bottom inset=63
07-01 00:50:26.547 W/PackageConfigPersister(  690): App-specific configuration not found for packageName: com.google.android.apps.nexuslauncher and userId: 0
07-01 00:50:26.547 I/ImeTracker(  690): system_server:a4a41e5: onCancelled at PHASE_SERVER_SHOULD_HIDE
07-01 00:50:26.551 V/BaseDepthController( 2807): Applying blur: 0 to Surface(name=VRI-com.google.android.apps.nexuslauncher/com.google.android.apps.nexuslauncher.NexusLauncherActivity#1668)/@0x83fdc38 applyImmediately: false
07-01 00:50:26.551 D/BaseDepthController( 2807): shouldBlurWorkspace: false targetState: Normal currentStableState: Normal mCurrentBlur: 0 mLauncher.getDepthBlurTargets(): [com.android.launcher3.Workspace{ddc5c42 V.ED..... ........ 0,0-1080,2400 #7f0a0486 app:id/workspace}, com.android.launcher3.Hotseat{7fb9453 V.ED..... ........ 0,1905-1080,2400 #7f0a01f6 app:id/hotseat}]
07-01 00:50:26.551 W/skia    (  527): AGTM parsing failed flags.readFromStream(s) at 159
07-01 00:50:26.551 W/skia    (  527): AGTM parsing failed flags.readFromStream(s) at 159
07-01 00:50:26.551 W/skia    (  527): AGTM parsing failed flags.readFromStream(s) at 159
07-01 00:50:26.551 W/skia    (  527): AGTM parsing failed flags.readFromStream(s) at 159
07-01 00:50:26.551 W/skia    (  527): AGTM parsing failed flags.readFromStream(s) at 159
07-01 00:50:26.551 W/skia    (  527): AGTM parsing failed flags.readFromStream(s) at 159
07-01 00:50:26.551 W/skia    (  527): AGTM parsing failed flags.readFromStream(s) at 159
07-01 00:50:26.559 D/InetDiagMessage(  690): Destroyed 0 sockets, proto=IPPROTO_TCP, family=AF_INET, states=14
07-01 00:50:26.559 D/InetDiagMessage(  690): Destroyed 0 sockets, proto=IPPROTO_TCP, family=AF_INET6, states=14
07-01 00:50:26.559 D/InetDiagMessage(  690): Destroyed live tcp sockets for uids={10181} in 2ms
07-01 00:50:26.560 D/InetDiagMessage(  690): Destroyed 0 sockets, proto=IPPROTO_TCP, family=AF_INET, states=14
07-01 00:50:26.560 D/InetDiagMessage(  690): Destroyed 0 sockets, proto=IPPROTO_TCP, family=AF_INET6, states=14
07-01 00:50:26.560 D/InetDiagMessage(  690): Destroyed live tcp sockets for uids={20181} in 0ms
07-01 00:50:26.562 I/Module  ( 3384): DeviceLockedStatusModuleProvider$Module.updateDeviceLockedStatusInternal():128 repeatCheckTimes = 1, locked = false
07-01 00:50:26.567 W/skia    (  527): AGTM parsing failed flags.readFromStream(s) at 159
07-01 00:50:26.567 W/skia    (  527): AGTM parsing failed flags.readFromStream(s) at 159
07-01 00:50:26.567 W/skia    (  527): AGTM parsing failed flags.readFromStream(s) at 159
07-01 00:50:26.567 W/skia    (  527): AGTM parsing failed flags.readFromStream(s) at 159
07-01 00:50:26.567 W/skia    (  527): AGTM parsing failed flags.readFromStream(s) at 159
07-01 00:50:26.567 W/skia    (  527): AGTM parsing failed flags.readFromStream(s) at 159
07-01 00:50:26.567 W/skia    (  527): AGTM parsing failed flags.readFromStream(s) at 159
07-01 00:50:26.569 V/BaseDepthController( 2807): Applying blur: 0 to Surface(name=VRI-com.google.android.apps.nexuslauncher/com.google.android.apps.nexuslauncher.NexusLauncherActivity#1668)/@0x83fdc38 applyImmediately: false
07-01 00:50:26.570 D/BaseDepthController( 2807): shouldBlurWorkspace: false targetState: Normal currentStableState: Normal mCurrentBlur: 0 mLauncher.getDepthBlurTargets(): [com.android.launcher3.Workspace{ddc5c42 V.ED..... ........ 0,0-1080,2400 #7f0a0486 app:id/workspace}, com.android.launcher3.Hotseat{7fb9453 V.ED..... ........ 0,1905-1080,2400 #7f0a01f6 app:id/hotseat}]
07-01 00:50:26.570 W/skia    (  527): AGTM parsing failed flags.readFromStream(s) at 159
07-01 00:50:26.570 W/skia    (  527): AGTM parsing failed flags.readFromStream(s) at 159
07-01 00:50:26.584 W/skia    (  527): AGTM parsing failed flags.readFromStream(s) at 159
07-01 00:50:26.584 W/skia    (  527): AGTM parsing failed flags.readFromStream(s) at 159
07-01 00:50:26.584 W/skia    (  527): AGTM parsing failed flags.readFromStream(s) at 159
07-01 00:50:26.584 W/skia    (  527): AGTM parsing failed flags.readFromStream(s) at 159
07-01 00:50:26.584 W/skia    (  527): AGTM parsing failed flags.readFromStream(s) at 159
07-01 00:50:26.584 W/skia    (  527): AGTM parsing failed flags.readFromStream(s) at 159
07-01 00:50:26.584 W/skia    (  527): AGTM parsing failed flags.readFromStream(s) at 159
07-01 00:50:26.589 V/BaseDepthController( 2807): Applying blur: 0 to Surface(name=VRI-com.google.android.apps.nexuslauncher/com.google.android.apps.nexuslauncher.NexusLauncherActivity#1668)/@0x83fdc38 applyImmediately: false
07-01 00:50:26.590 D/BaseDepthController( 2807): shouldBlurWorkspace: false targetState: Normal currentStableState: Normal mCurrentBlur: 0 mLauncher.getDepthBlurTargets(): [com.android.launcher3.Workspace{ddc5c42 V.ED..... ........ 0,0-1080,2400 #7f0a0486 app:id/workspace}, com.android.launcher3.Hotseat{7fb9453 V.ED..... ........ 0,1905-1080,2400 #7f0a01f6 app:id/hotseat}]
07-01 00:50:26.601 W/skia    (  527): AGTM parsing failed flags.readFromStream(s) at 159
07-01 00:50:26.601 W/skia    (  527): AGTM parsing failed flags.readFromStream(s) at 159
07-01 00:50:26.601 W/skia    (  527): AGTM parsing failed flags.readFromStream(s) at 159
07-01 00:50:26.601 W/skia    (  527): AGTM parsing failed flags.readFromStream(s) at 159
07-01 00:50:26.601 W/skia    (  527): AGTM parsing failed flags.readFromStream(s) at 159
07-01 00:50:26.601 W/skia    (  527): AGTM parsing failed flags.readFromStream(s) at 159
07-01 00:50:26.602 W/skia    (  527): AGTM parsing failed flags.readFromStream(s) at 159
07-01 00:50:26.611 W/Finsky  ( 4591): [2] STU: Failed to get storage stats for package 'com.android.hardware.threadnetwork' (1601: Error getting stats: android.content.pm.PackageManager.NameNotFoundException)
07-01 00:50:26.616 W/Finsky  ( 4591): [2] STU: Failed to get storage stats for package 'com.google.android.uprobestats' (1601: Error getting stats: android.content.pm.PackageManager.NameNotFoundException)
07-01 00:50:26.634 W/skia    (  527): AGTM parsing failed flags.readFromStream(s) at 159
07-01 00:50:26.634 W/skia    (  527): AGTM parsing failed flags.readFromStream(s) at 159
07-01 00:50:26.634 W/skia    (  527): AGTM parsing failed flags.readFromStream(s) at 159
07-01 00:50:26.634 W/skia    (  527): AGTM parsing failed flags.readFromStream(s) at 159
07-01 00:50:26.634 W/skia    (  527): AGTM parsing failed flags.readFromStream(s) at 159
07-01 00:50:26.634 W/skia    (  527): AGTM parsing failed flags.readFromStream(s) at 159
07-01 00:50:26.634 W/skia    (  527): AGTM parsing failed flags.readFromStream(s) at 159
07-01 00:50:26.645 V/BaseDepthController( 2807): Applying blur: 0 to Surface(name=VRI-com.google.android.apps.nexuslauncher/com.google.android.apps.nexuslauncher.NexusLauncherActivity#1668)/@0x83fdc38 applyImmediately: false
07-01 00:50:26.645 D/BaseDepthController( 2807): setEarlyWakeup: true
07-01 00:50:26.645 D/BaseDepthController( 2807): shouldBlurWorkspace: false targetState: Normal currentStableState: Normal mCurrentBlur: 0 mLauncher.getDepthBlurTargets(): [com.android.launcher3.Workspace{ddc5c42 V.ED..... ........ 0,0-1080,2400 #7f0a0486 app:id/workspace}, com.android.launcher3.Hotseat{7fb9453 V.ED..... ........ 0,1905-1080,2400 #7f0a01f6 app:id/hotseat}]
07-01 00:50:26.650 W/Finsky  ( 4591): [2] STU: Failed to get storage stats for package 'com.android.hardware.vibrator' (1601: Error getting stats: android.content.pm.PackageManager.NameNotFoundException)
07-01 00:50:26.676 V/BaseDepthController( 2807): Applying blur: 0 to Surface(name=VRI-com.google.android.apps.nexuslauncher/com.google.android.apps.nexuslauncher.NexusLauncherActivity#1668)/@0x83fdc38 applyImmediately: false
07-01 00:50:26.676 D/BaseDepthController( 2807): shouldBlurWorkspace: false targetState: Normal currentStableState: Normal mCurrentBlur: 0 mLauncher.getDepthBlurTargets(): [com.android.launcher3.Workspace{ddc5c42 V.ED..... ........ 0,0-1080,2400 #7f0a0486 app:id/workspace}, com.android.launcher3.Hotseat{7fb9453 V.ED..... ........ 0,1905-1080,2400 #7f0a01f6 app:id/hotseat}]
07-01 00:50:26.679 W/Finsky  ( 4591): [2] STU: Failed to get storage stats for package 'com.google.android.uwb' (1601: Error getting stats: android.content.pm.PackageManager.NameNotFoundException)
07-01 00:50:26.681 W/Finsky  ( 4591): [2] STU: Failed to get storage stats for package 'com.google.android.bt' (1601: Error getting stats: android.content.pm.PackageManager.NameNotFoundException)
07-01 00:50:26.682 W/Finsky  ( 4591): [2] STU: Failed to get storage stats for package 'com.google.android.widevine.nonupdatable' (1601: Error getting stats: android.content.pm.PackageManager.NameNotFoundException)
07-01 00:50:26.690 W/Finsky  ( 4591): [2] STU: Failed to get storage stats for package 'com.google.android.tzdata6' (1601: Error getting stats: android.content.pm.PackageManager.NameNotFoundException)
07-01 00:50:26.703 W/Finsky  ( 4591): [2] STU: Failed to get storage stats for package 'com.google.android.permission' (1601: Error getting stats: android.content.pm.PackageManager.NameNotFoundException)
07-01 00:50:26.711 W/skia    (  527): AGTM parsing failed flags.readFromStream(s) at 159
07-01 00:50:26.711 W/skia    (  527): AGTM parsing failed flags.readFromStream(s) at 159
07-01 00:50:26.730 W/Finsky  ( 4591): [2] STU: Failed to get storage stats for package 'com.google.android.gmssystem' (1601: Error getting stats: android.content.pm.PackageManager.NameNotFoundException)
07-01 00:50:26.752 V/BaseDepthController( 2807): Applying blur: 0 to Surface(name=VRI-com.google.android.apps.nexuslauncher/com.google.android.apps.nexuslauncher.NexusLauncherActivity#1668)/@0x83fdc38 applyImmediately: false
07-01 00:50:26.752 D/BaseDepthController( 2807): shouldBlurWorkspace: false targetState: Normal currentStableState: Normal mCurrentBlur: 0 mLauncher.getDepthBlurTargets(): [com.android.launcher3.Workspace{ddc5c42 V.ED..... ........ 0,0-1080,2400 #7f0a0486 app:id/workspace}, com.android.launcher3.Hotseat{7fb9453 V.ED..... ........ 0,1905-1080,2400 #7f0a01f6 app:id/hotseat}]
07-01 00:50:26.752 W/Finsky  ( 4591): [2] STU: Failed to get storage stats for package 'com.google.android.wifi' (1601: Error getting stats: android.content.pm.PackageManager.NameNotFoundException)
07-01 00:50:26.767 W/Finsky  ( 4591): [2] STU: Failed to get storage stats for package 'com.android.hardware.contexthub' (1601: Error getting stats: android.content.pm.PackageManager.NameNotFoundException)
07-01 00:50:26.767 W/Finsky  ( 4591): [2] STU: Failed to get storage stats for package 'com.android.hardware.authsecret' (1601: Error getting stats: android.content.pm.PackageManager.NameNotFoundException)
07-01 00:50:26.779 V/BaseDepthController( 2807): Applying blur: 0 to Surface(name=VRI-com.google.android.apps.nexuslauncher/com.google.android.apps.nexuslauncher.NexusLauncherActivity#1668)/@0x83fdc38 applyImmediately: false
07-01 00:50:26.779 D/BaseDepthController( 2807): shouldBlurWorkspace: false targetState: Normal currentStableState: Normal mCurrentBlur: 0 mLauncher.getDepthBlurTargets(): [com.android.launcher3.Workspace{ddc5c42 V.ED..... ........ 0,0-1080,2400 #7f0a0486 app:id/workspace}, com.android.launcher3.Hotseat{7fb9453 V.ED..... ........ 0,1905-1080,2400 #7f0a01f6 app:id/hotseat}]
07-01 00:50:26.782 W/Finsky  ( 4591): [2] STU: Failed to get storage stats for package 'com.android.apex.cts.shim' (1601: Error getting stats: android.content.pm.PackageManager.NameNotFoundException)
07-01 00:50:26.785 W/Finsky  ( 4591): [2] STU: Failed to get storage stats for package 'com.android.hardware.thermal' (1601: Error getting stats: android.content.pm.PackageManager.NameNotFoundException)
07-01 00:50:26.790 W/Finsky  ( 4591): [2] STU: Failed to get storage stats for package 'com.google.android.telephonycore' (1601: Error getting stats: android.content.pm.PackageManager.NameNotFoundException)
07-01 00:50:26.812 W/skia    (  527): AGTM parsing failed flags.readFromStream(s) at 159
07-01 00:50:26.812 W/skia    (  527): AGTM parsing failed flags.readFromStream(s) at 159
07-01 00:50:26.819 V/BaseDepthController( 2807): Applying blur: 0 to Surface(name=VRI-com.google.android.apps.nexuslauncher/com.google.android.apps.nexuslauncher.NexusLauncherActivity#1668)/@0x83fdc38 applyImmediately: false
07-01 00:50:26.819 D/BaseDepthController( 2807): shouldBlurWorkspace: false targetState: Normal currentStableState: Normal mCurrentBlur: 0 mLauncher.getDepthBlurTargets(): [com.android.launcher3.Workspace{ddc5c42 V.ED..... ........ 0,0-1080,2400 #7f0a0486 app:id/workspace}, com.android.launcher3.Hotseat{7fb9453 V.ED..... ........ 0,1905-1080,2400 #7f0a01f6 app:id/hotseat}]
07-01 00:50:26.824 W/Finsky  ( 4591): [2] STU: Failed to get storage stats for package 'com.google.android.appsearch' (1601: Error getting stats: android.content.pm.PackageManager.NameNotFoundException)
07-01 00:50:26.824 W/Finsky  ( 4591): [2] STU: Failed to get storage stats for package 'com.google.android.media.swcodec' (1601: Error getting stats: android.content.pm.PackageManager.NameNotFoundException)
07-01 00:50:26.824 W/Finsky  ( 4591): [2] STU: Failed to get storage stats for package 'com.google.android.art' (1601: Error getting stats: android.content.pm.PackageManager.NameNotFoundException)
07-01 00:50:26.833 V/BaseDepthController( 2807): Applying blur: 0 to Surface(name=VRI-com.google.android.apps.nexuslauncher/com.google.android.apps.nexuslauncher.NexusLauncherActivity#1668)/@0x83fdc38 applyImmediately: false
07-01 00:50:26.833 D/BaseDepthController( 2807): shouldBlurWorkspace: false targetState: Normal currentStableState: Normal mCurrentBlur: 0 mLauncher.getDepthBlurTargets(): [com.android.launcher3.Workspace{ddc5c42 V.ED..... ........ 0,0-1080,2400 #7f0a0486 app:id/workspace}, com.android.launcher3.Hotseat{7fb9453 V.ED..... ........ 0,1905-1080,2400 #7f0a01f6 app:id/hotseat}]
07-01 00:50:26.835 W/Finsky  ( 4591): [2] STU: Failed to get storage stats for package 'com.google.android.profiling' (1601: Error getting stats: android.content.pm.PackageManager.NameNotFoundException)
07-01 00:50:26.845 W/Finsky  ( 4591): [2] STU: Failed to get storage stats for package 'com.google.android.mediaprovider' (1601: Error getting stats: android.content.pm.PackageManager.NameNotFoundException)
07-01 00:50:26.853 V/BaseDepthController( 2807): Applying blur: 0 to Surface(name=VRI-com.google.android.apps.nexuslauncher/com.google.android.apps.nexuslauncher.NexusLauncherActivity#1668)/@0x83fdc38 applyImmediately: false
07-01 00:50:26.853 D/BaseDepthController( 2807): shouldBlurWorkspace: false targetState: Normal currentStableState: Normal mCurrentBlur: 0 mLauncher.getDepthBlurTargets(): [com.android.launcher3.Workspace{ddc5c42 V.ED..... ........ 0,0-1080,2400 #7f0a0486 app:id/workspace}, com.android.launcher3.Hotseat{7fb9453 V.ED..... ........ 0,1905-1080,2400 #7f0a01f6 app:id/hotseat}]
07-01 00:50:26.857 W/Finsky  ( 4591): [2] STU: Failed to get storage stats for package 'com.android.hardware.uwb' (1601: Error getting stats: android.content.pm.PackageManager.NameNotFoundException)
07-01 00:50:26.861 W/Finsky  ( 4591): [2] STU: Failed to get storage stats for package 'com.android.virt' (1601: Error getting stats: android.content.pm.PackageManager.NameNotFoundException)
07-01 00:50:26.863 W/Finsky  ( 4591): [2] STU: Failed to get storage stats for package 'com.android.hardware.neuralnetworks' (1601: Error getting stats: android.content.pm.PackageManager.NameNotFoundException)
07-01 00:50:26.867 W/Finsky  ( 4591): [2] STU: Failed to get storage stats for package 'com.google.android.crashrecovery' (1601: Error getting stats: android.content.pm.PackageManager.NameNotFoundException)
07-01 00:50:26.867 W/Finsky  ( 4591): [2] STU: Failed to get storage stats for package 'com.google.android.adbd' (1601: Error getting stats: android.content.pm.PackageManager.NameNotFoundException)
07-01 00:50:26.867 W/Finsky  ( 4591): [2] STU: Failed to get storage stats for package 'com.google.android.resolv' (1601: Error getting stats: android.content.pm.PackageManager.NameNotFoundException)
07-01 00:50:26.882 W/Finsky  ( 4591): [2] STU: Failed to get storage stats for package 'com.android.i18n' (1601: Error getting stats: android.content.pm.PackageManager.NameNotFoundException)
07-01 00:50:26.883 V/BaseDepthController( 2807): Applying blur: 0 to Surface(name=VRI-com.google.android.apps.nexuslauncher/com.google.android.apps.nexuslauncher.NexusLauncherActivity#1668)/@0x83fdc38 applyImmediately: false
07-01 00:50:26.883 D/BaseDepthController( 2807): shouldBlurWorkspace: false targetState: Normal currentStableState: Normal mCurrentBlur: 0 mLauncher.getDepthBlurTargets(): [com.android.launcher3.Workspace{ddc5c42 V.ED..... ........ 0,0-1080,2400 #7f0a0486 app:id/workspace}, com.android.launcher3.Hotseat{7fb9453 V.ED..... ........ 0,1905-1080,2400 #7f0a01f6 app:id/hotseat}]
07-01 00:50:26.886 W/Finsky  ( 4591): [2] STU: Failed to get storage stats for package 'com.android.hardware.dumpstate' (1601: Error getting stats: android.content.pm.PackageManager.NameNotFoundException)
07-01 00:50:26.888 W/Finsky  ( 4591): [2] STU: Failed to get storage stats for package 'com.google.android.configinfrastructure' (1601: Error getting stats: android.content.pm.PackageManager.NameNotFoundException)
07-01 00:50:26.889 W/Finsky  ( 4591): [2] STU: Failed to get storage stats for package 'com.google.android.media' (1601: Error getting stats: android.content.pm.PackageManager.NameNotFoundException)
07-01 00:50:26.891 W/Finsky  ( 4591): [2] STU: Failed to get storage stats for package 'com.google.android.conscrypt' (1601: Error getting stats: android.content.pm.PackageManager.NameNotFoundException)
07-01 00:50:26.900 V/BaseDepthController( 2807): Applying blur: 0 to Surface(name=VRI-com.google.android.apps.nexuslauncher/com.google.android.apps.nexuslauncher.NexusLauncherActivity#1668)/@0x83fdc38 applyImmediately: false
07-01 00:50:26.900 D/BaseDepthController( 2807): shouldBlurWorkspace: false targetState: Normal currentStableState: Normal mCurrentBlur: 0 mLauncher.getDepthBlurTargets(): [com.android.launcher3.Workspace{ddc5c42 V.ED..... ........ 0,0-1080,2400 #7f0a0486 app:id/workspace}, com.android.launcher3.Hotseat{7fb9453 V.ED..... ........ 0,1905-1080,2400 #7f0a01f6 app:id/hotseat}]
07-01 00:50:26.901 W/Finsky  ( 4591): [2] STU: Failed to get storage stats for package 'com.android.hardware.cas' (1601: Error getting stats: android.content.pm.PackageManager.NameNotFoundException)
07-01 00:50:26.908 W/Finsky  ( 4591): [2] STU: Failed to get storage stats for package 'com.google.android.neuralnetworks' (1601: Error getting stats: android.content.pm.PackageManager.NameNotFoundException)
07-01 00:50:26.912 W/Finsky  ( 4591): [2] STU: Failed to get storage stats for package 'com.google.android.webapp' (1601: Error getting stats: android.content.pm.PackageManager.NameNotFoundException)
07-01 00:50:26.916 W/Finsky  ( 4591): [2] STU: Failed to get storage stats for package 'com.google.android.runtime' (1601: Error getting stats: android.content.pm.PackageManager.NameNotFoundException)
07-01 00:50:26.917 W/Finsky  ( 4591): [2] STU: Failed to get storage stats for package 'com.google.android.ipsec' (1601: Error getting stats: android.content.pm.PackageManager.NameNotFoundException)
07-01 00:50:26.920 V/BaseDepthController( 2807): Applying blur: 0 to Surface(name=VRI-com.google.android.apps.nexuslauncher/com.google.android.apps.nexuslauncher.NexusLauncherActivity#1668)/@0x83fdc38 applyImmediately: false
07-01 00:50:26.920 D/BaseDepthController( 2807): shouldBlurWorkspace: false targetState: Normal currentStableState: Normal mCurrentBlur: 0 mLauncher.getDepthBlurTargets(): [com.android.launcher3.Workspace{ddc5c42 V.ED..... ........ 0,0-1080,2400 #7f0a0486 app:id/workspace}, com.android.launcher3.Hotseat{7fb9453 V.ED..... ........ 0,1905-1080,2400 #7f0a01f6 app:id/hotseat}]
07-01 00:50:26.923 W/Finsky  ( 4591): [2] STU: Failed to get storage stats for package 'com.android.devicelock' (1601: Error getting stats: android.content.pm.PackageManager.NameNotFoundException)
07-01 00:50:26.932 W/Finsky  ( 4591): [2] STU: Failed to get storage stats for package 'com.android.hardware.power' (1601: Error getting stats: android.content.pm.PackageManager.NameNotFoundException)
07-01 00:50:26.938 V/BaseDepthController( 2807): Applying blur: 0 to Surface(name=VRI-com.google.android.apps.nexuslauncher/com.google.android.apps.nexuslauncher.NexusLauncherActivity#1668)/@0x83fdc38 applyImmediately: false
07-01 00:50:26.938 D/BaseDepthController( 2807): shouldBlurWorkspace: false targetState: Normal currentStableState: Normal mCurrentBlur: 0 mLauncher.getDepthBlurTargets(): [com.android.launcher3.Workspace{ddc5c42 V.ED..... ........ 0,0-1080,2400 #7f0a0486 app:id/workspace}, com.android.launcher3.Hotseat{7fb9453 V.ED..... ........ 0,1905-1080,2400 #7f0a01f6 app:id/hotseat}]
07-01 00:50:26.939 W/Finsky  ( 4591): [2] STU: Failed to get storage stats for package 'com.google.android.ondevicepersonalization' (1601: Error getting stats: android.content.pm.PackageManager.NameNotFoundException)
07-01 00:50:26.945 W/skia    (  527): AGTM parsing failed flags.readFromStream(s) at 159
07-01 00:50:26.945 W/skia    (  527): AGTM parsing failed flags.readFromStream(s) at 159
07-01 00:50:26.948 W/Finsky  ( 4591): [2] STU: Failed to get storage stats for package 'com.google.android.sdkext' (1601: Error getting stats: android.content.pm.PackageManager.NameNotFoundException)
07-01 00:50:26.948 W/Finsky  ( 4591): [2] STU: Failed to get storage stats for package 'com.google.android.healthfitness' (1601: Error getting stats: android.content.pm.PackageManager.NameNotFoundException)
07-01 00:50:26.952 V/BaseDepthController( 2807): Applying blur: 0 to Surface(name=VRI-com.google.android.apps.nexuslauncher/com.google.android.apps.nexuslauncher.NexusLauncherActivity#1668)/@0x83fdc38 applyImmediately: false
07-01 00:50:26.952 D/BaseDepthController( 2807): shouldBlurWorkspace: false targetState: Normal currentStableState: Normal mCurrentBlur: 0 mLauncher.getDepthBlurTargets(): [com.android.launcher3.Workspace{ddc5c42 V.ED..... ........ 0,0-1080,2400 #7f0a0486 app:id/workspace}, com.android.launcher3.Hotseat{7fb9453 V.ED..... ........ 0,1905-1080,2400 #7f0a01f6 app:id/hotseat}]
07-01 00:50:26.963 W/Finsky  ( 4591): [2] STU: Failed to get storage stats for package 'com.android.hardware.biometrics.fingerprint.virtual' (1601: Error getting stats: android.content.pm.PackageManager.NameNotFoundException)
07-01 00:50:26.965 W/Finsky  ( 4591): [2] STU: Failed to get storage stats for package 'com.google.android.adservices' (1601: Error getting stats: android.content.pm.PackageManager.NameNotFoundException)
07-01 00:50:26.965 W/Finsky  ( 4591): [2] STU: Failed to get storage stats for package 'com.google.android.tethering' (1601: Error getting stats: android.content.pm.PackageManager.NameNotFoundException)
07-01 00:50:26.980 W/Finsky  ( 4591): [2] STU: Failed to get storage stats for package 'com.google.android.extservices' (1601: Error getting stats: android.content.pm.PackageManager.NameNotFoundException)
07-01 00:50:26.980 V/BaseDepthController( 2807): Applying blur: 0 to Surface(name=VRI-com.google.android.apps.nexuslauncher/com.google.android.apps.nexuslauncher.NexusLauncherActivity#1668)/@0x83fdc38 applyImmediately: false
07-01 00:50:26.980 D/BaseDepthController( 2807): shouldBlurWorkspace: false targetState: Normal currentStableState: Normal mCurrentBlur: 0 mLauncher.getDepthBlurTargets(): [com.android.launcher3.Workspace{ddc5c42 V.ED..... ........ 0,0-1080,2400 #7f0a0486 app:id/workspace}, com.android.launcher3.Hotseat{7fb9453 V.ED..... ........ 0,1905-1080,2400 #7f0a01f6 app:id/hotseat}]
07-01 00:50:26.988 W/Finsky  ( 4591): [2] STU: Failed to get storage stats for package 'com.google.android.nfcservices' (1601: Error getting stats: android.content.pm.PackageManager.NameNotFoundException)
07-01 00:50:27.007 W/Finsky  ( 4591): [2] STU: Failed to get storage stats for package 'com.google.android.os.statsd' (1601: Error getting stats: android.content.pm.PackageManager.NameNotFoundException)
07-01 00:50:27.012 W/Finsky  ( 4591): [2] STU: Failed to get storage stats for package 'com.android.hardware.rebootescrow' (1601: Error getting stats: android.content.pm.PackageManager.NameNotFoundException)
07-01 00:50:27.016 W/Finsky  ( 4591): [2] STU: Failed to get storage stats for package 'com.google.android.cellbroadcast' (1601: Error getting stats: android.content.pm.PackageManager.NameNotFoundException)
07-01 00:50:27.026 W/Finsky  ( 4591): [2] STU: Failed to get storage stats for package 'com.android.npumanager' (1601: Error getting stats: android.content.pm.PackageManager.NameNotFoundException)
07-01 00:50:27.027 W/Finsky  ( 4591): [2] STU: Failed to get storage stats for package 'com.google.android.rkpd' (1601: Error getting stats: android.content.pm.PackageManager.NameNotFoundException)
07-01 00:50:27.041 W/Finsky  ( 4591): [2] STU: Failed to get storage stats for package 'com.google.android.scheduling' (1601: Error getting stats: android.content.pm.PackageManager.NameNotFoundException)
07-01 00:50:27.044 V/BaseDepthController( 2807): Applying blur: 0 to Surface(name=VRI-com.google.android.apps.nexuslauncher/com.google.android.apps.nexuslauncher.NexusLauncherActivity#1668)/@0x83fdc38 applyImmediately: false
07-01 00:50:27.044 D/BaseDepthController( 2807): shouldBlurWorkspace: false targetState: Normal currentStableState: Normal mCurrentBlur: 0 mLauncher.getDepthBlurTargets(): [com.android.launcher3.Workspace{ddc5c42 V.ED..... ........ 0,0-1080,2400 #7f0a0486 app:id/workspace}, com.android.launcher3.Hotseat{7fb9453 V.ED..... ........ 0,1905-1080,2400 #7f0a01f6 app:id/hotseat}]
07-01 00:50:27.049 W/Finsky  ( 4591): [2] STU: Failed to get storage stats for package 'com.android.hardware.gatekeeper' (1601: Error getting stats: android.content.pm.PackageManager.NameNotFoundException)
07-01 00:50:27.054 I/Finsky  ( 4591): [2] App states replicator found 2 unowned apps
07-01 00:50:27.056 I/Finsky  ( 4591): [54] Completed 0 account content syncs with 0 successful.
07-01 00:50:27.057 W/skia    (  527): AGTM parsing failed flags.readFromStream(s) at 159
07-01 00:50:27.057 W/skia    (  527): AGTM parsing failed flags.readFromStream(s) at 159
07-01 00:50:27.057 I/Finsky  ( 4591): [2] [ContentSync] Installation state replication succeeded.
07-01 00:50:27.057 I/Finsky  ( 4591): [2] SCH: jobFinished: 12-1. TimeElapsed: 596ms.
07-01 00:50:27.057 I/Finsky  ( 4591): [2] WM::SCH: Logging work end for 12-1
07-01 00:50:27.100 V/BaseDepthController( 2807): Applying blur: 0 to Surface(name=VRI-com.google.android.apps.nexuslauncher/com.google.android.apps.nexuslauncher.NexusLauncherActivity#1668)/@0x83fdc38 applyImmediately: false
07-01 00:50:27.106 D/BaseDepthController( 2807): shouldBlurWorkspace: false targetState: Normal currentStableState: Normal mCurrentBlur: 0 mLauncher.getDepthBlurTargets(): [com.android.launcher3.Workspace{ddc5c42 V.ED..... ........ 0,0-1080,2400 #7f0a0486 app:id/workspace}, com.android.launcher3.Hotseat{7fb9453 V.ED..... ........ 0,1905-1080,2400 #7f0a01f6 app:id/hotseat}]
07-01 00:50:27.127 I/wpa_supplicant(  961): wlan0: CTRL-EVENT-BEACON-LOSS 
07-01 00:50:27.135 V/BaseDepthController( 2807): Applying blur: 0 to Surface(name=VRI-com.google.android.apps.nexuslauncher/com.google.android.apps.nexuslauncher.NexusLauncherActivity#1668)/@0x83fdc38 applyImmediately: false
07-01 00:50:27.135 D/BaseDepthController( 2807): shouldBlurWorkspace: false targetState: Normal currentStableState: Normal mCurrentBlur: 0 mLauncher.getDepthBlurTargets(): [com.android.launcher3.Workspace{ddc5c42 V.ED..... ........ 0,0-1080,2400 #7f0a0486 app:id/workspace}, com.android.launcher3.Hotseat{7fb9453 V.ED..... ........ 0,1905-1080,2400 #7f0a01f6 app:id/hotseat}]
07-01 00:50:27.136 I/Finsky  ( 4591): [56] SCH: Scheduling phonesky job Id: 1-1337, CT: 1782833836789, Constraints: [{ L: 43098345, D: 86298345, C: CHARGING_NONE, I: IDLE_NONE, N: NET_ANY, B: BATTERY_ANY }]
07-01 00:50:27.136 I/Finsky  ( 4591): [56] SCH: Scheduling phonesky job Id: 34-109, CT: 1782833848437, Constraints: [{ L: 79199835, D: 1375199835, C: CHARGING_NONE, I: IDLE_NONE, N: NET_ANY, B: BATTERY_ANY }]
07-01 00:50:27.136 I/Finsky  ( 4591): [56] SCH: Scheduling phonesky job Id: 34-110, CT: 1782833849617, Constraints: [{ L: 604800000, D: 2591999114, C: CHARGING_NONE, I: IDLE_NONE, N: NET_ANY, B: BATTERY_ANY }]
07-01 00:50:27.152 I/Finsky  ( 4591): [55] SCH: Scheduling 1 system job(s)
07-01 00:50:27.153 I/Finsky  ( 4591): [55] SCH: Scheduling system job Id: 9810, L: 9907981, D: 53107981, C: false, I: false, N: 1
07-01 00:50:27.153 V/BaseDepthController( 2807): Applying blur: 0 to Surface(name=VRI-com.google.android.apps.nexuslauncher/com.google.android.apps.nexuslauncher.NexusLauncherActivity#1668)/@0x83fdc38 applyImmediately: false
07-01 00:50:27.154 D/BaseDepthController( 2807): shouldBlurWorkspace: false targetState: Normal currentStableState: Normal mCurrentBlur: 0 mLauncher.getDepthBlurTargets(): [com.android.launcher3.Workspace{ddc5c42 V.ED..... ........ 0,0-1080,2400 #7f0a0486 app:id/workspace}, com.android.launcher3.Hotseat{7fb9453 V.ED..... ........ 0,1905-1080,2400 #7f0a01f6 app:id/hotseat}]
07-01 00:50:27.171 W/skia    (  527): AGTM parsing failed flags.readFromStream(s) at 159
07-01 00:50:27.171 W/skia    (  527): AGTM parsing failed flags.readFromStream(s) at 159
07-01 00:50:27.175 I/Finsky  ( 4591): [795] SCH: job service finished with id 9804.
07-01 00:50:27.200 V/BaseDepthController( 2807): Applying blur: 0 to Surface(name=VRI-com.google.android.apps.nexuslauncher/com.google.android.apps.nexuslauncher.NexusLauncherActivity#1668)/@0x83fdc38 applyImmediately: false
07-01 00:50:27.200 D/BaseDepthController( 2807): shouldBlurWorkspace: false targetState: Normal currentStableState: Normal mCurrentBlur: 0 mLauncher.getDepthBlurTargets(): [com.android.launcher3.Workspace{ddc5c42 V.ED..... ........ 0,0-1080,2400 #7f0a0486 app:id/workspace}, com.android.launcher3.Hotseat{7fb9453 V.ED..... ........ 0,1905-1080,2400 #7f0a01f6 app:id/hotseat}]
07-01 00:50:27.268 V/BaseDepthController( 2807): Applying blur: 0 to Surface(name=VRI-com.google.android.apps.nexuslauncher/com.google.android.apps.nexuslauncher.NexusLauncherActivity#1668)/@0x83fdc38 applyImmediately: false
07-01 00:50:27.268 D/BaseDepthController( 2807): setEarlyWakeup: false
07-01 00:50:27.268 D/BaseDepthController( 2807): shouldBlurWorkspace: false targetState: Normal currentStableState: Normal mCurrentBlur: 0 mLauncher.getDepthBlurTargets(): [com.android.launcher3.Workspace{ddc5c42 V.ED..... ........ 0,0-1080,2400 #7f0a0486 app:id/workspace}, com.android.launcher3.Hotseat{7fb9453 V.ED..... ........ 0,1905-1080,2400 #7f0a01f6 app:id/hotseat}]
07-01 00:50:27.278 W/skia    (  527): AGTM parsing failed flags.readFromStream(s) at 159
07-01 00:50:27.279 W/skia    (  527): AGTM parsing failed flags.readFromStream(s) at 159
07-01 00:50:27.400 W/skia    (  527): AGTM parsing failed flags.readFromStream(s) at 159
07-01 00:50:27.401 W/skia    (  527): AGTM parsing failed flags.readFromStream(s) at 159
07-01 00:50:27.414 D/ScalingWorkspaceRevealAnim( 2807): onAnimationEnd, workspace and hotseat are visible
07-01 00:50:27.414 V/BaseDepthController( 2807): Applying blur: 0 to Surface(name=VRI-com.google.android.apps.nexuslauncher/com.google.android.apps.nexuslauncher.NexusLauncherActivity#1668)/@0x83fdc38 applyImmediately: false
07-01 00:50:27.414 D/BaseDepthController( 2807): shouldBlurWorkspace: false targetState: Normal currentStableState: Normal mCurrentBlur: 0 mLauncher.getDepthBlurTargets(): [com.android.launcher3.Workspace{ddc5c42 V.ED..... ......ID 0,0-1080,2400 #7f0a0486 app:id/workspace}, com.android.launcher3.Hotseat{7fb9453 V.ED..... ......ID 0,1905-1080,2400 #7f0a01f6 app:id/hotseat}]
07-01 00:50:27.415 V/WindowManagerShell(  981): Received remote transition finished callback for (#137)
07-01 00:50:27.415 V/WindowManagerShell(  981): Transition animation finished (aborted=false), notifying core (#137) android.os.BinderProxy@8d8b231@0
07-01 00:50:27.427 V/WindowManager(  690): Finish Transition (#137): created at 07-01 00:50:26.160 collect-started=0.04ms request-sent=0.465ms started=2.769ms ready=104.449ms sent=233.197ms commit=41.805ms finished=1266.185ms
07-01 00:50:27.428 D/VRI[WebLoginActivity](28372): visibilityChanged oldVisibility=true newVisibility=false
07-01 00:50:27.431 V/WindowManagerShell(  981): Track 0 became idle
07-01 00:50:27.431 V/WindowManagerShell(  981): All active transition animations finished
07-01 00:50:27.453 I/Surface (  690): Creating surface for consumer unnamed-690-41 with slotExpansion=1 for 64 slots
07-01 00:50:27.453 I/Surface (  690): Creating surface for consumer ImageReader-864x1920f1m1-690-31 with slotExpansion=1 for 64 slots
07-01 00:50:27.453 W/ImageReader_JNI(  690): Unable to acquire a buffer item, very likely client tried to acquire more than maxImages buffers
07-01 00:50:27.464 E/ConsumerBase(  690): [ImageReader-864x1920f1m1-690-31] abandonLocked: ConsumerBase is abandoned!
07-01 00:50:27.472 W/cr_AwContents(28372): WebView.destroy() called while WebView is still attached to window.
07-01 00:50:27.474 D/WindowOnBackDispatcher(28372): setTopOnBackInvokedCallback (unwrapped): null
07-01 00:50:27.476 D/CoreBackPreview(  690): Window{8745f8e u0 com.aiquota.mobile/com.aiquota.mobile.providers.WebLoginActivity}: Setting back callback null
07-01 00:50:27.484 D/ViewRootImpl(28372): Skipping stats log for color mode
07-01 00:50:27.515 I/ActivityManager(  690): Killing 28466:com.google.android.webview:sandboxed_process0:org.chromium.content.app.SandboxedProcessService0:0/u0a233i43 (adj 0): isolated not needed
07-01 00:50:27.520 V/ShellTaskOrganizer(  981): Task vanished taskId=522
07-01 00:50:27.520 V/ShellTaskOrganizer(  981): Fullscreen Task Vanished: #522
07-01 00:50:27.520 V/ShellDesktopMode(  981): Task Vanished: #522 closed=true
07-01 00:50:27.520 V/RecentTasksController(  981): Notify recent tasks changed
07-01 00:50:27.520 D/ShellDesktopMode(  981): AppToWebRepository: Task 522 is vanishing. Removing task data from repository
07-01 00:50:27.522 V/AppCompat(  981): SingleSurfaceLetterboxController: []
07-01 00:50:27.523 V/AppCompat(  981): MultiSurfaceLetterboxController: []
07-01 00:50:27.523 V/AppCompat(  981): LetterboxInputController: []
07-01 00:50:27.523 V/AppCompat(  981): RoundedCornersLetterboxController: {}
07-01 00:50:27.531 D/RecentsView( 2807): onTaskRemoved: 522, not handling task stack changes
07-01 00:50:27.531 D/RecentsView( 2807): onTaskRemoved: 522, not handling task stack changes
07-01 00:50:27.531 D/RecentTasksList( 2807): invalidateLoadedTasks - previous requestLoadId: -1
07-01 00:50:27.556 I/Zygote  ( 1048): Process 28466 exited due to signal 9 (Killed)
07-01 00:50:27.558 I/libprocessgroup(  690): Removed cgroup /sys/fs/cgroup/apps/uid_99043/pid_28466
07-01 00:50:27.561 E/system_server(  690): updateValue is called with a value 39969, which is lower than the previous value 40004
07-01 00:50:27.562 E/system_server(  690): updateValue is called with a value 956310, which is lower than the previous value 966146
07-01 00:50:27.562 I/libprocessgroup(  690): Removed cgroup /sys/fs/cgroup/apps/uid_99043
07-01 00:50:27.594 W/skia    (  527): AGTM parsing failed flags.readFromStream(s) at 159
07-01 00:50:27.594 W/skia    (  527): AGTM parsing failed flags.readFromStream(s) at 159
07-01 00:50:27.702 W/skia    (  527): AGTM parsing failed flags.readFromStream(s) at 159
07-01 00:50:27.703 W/skia    (  527): AGTM parsing failed flags.readFromStream(s) at 159
07-01 00:50:27.807 W/skia    (  527): AGTM parsing failed flags.readFromStream(s) at 159
07-01 00:50:27.807 W/skia    (  527): AGTM parsing failed flags.readFromStream(s) at 159
07-01 00:50:28.218 D/AppWidgetServiceImpl(  690): Trying to notify widget update for package com.aiquota.mobile with widget id: 22
07-01 00:50:28.261 W/JobInfo (28372): Requested important-while-foreground flag for job227 is ignored and takes no effect
07-01 00:50:28.268 D/AppWidgetServiceImpl(  690): Trying to notify widget update for package com.aiquota.mobile with widget id: 24
07-01 00:50:28.270 D/AppWidgetServiceImpl(  690): Trying to notify widget update for package com.aiquota.mobile with widget id: 20
07-01 00:50:28.272 D/AppWidgetServiceImpl(  690): Trying to notify widget update for package com.aiquota.mobile with widget id: 21
07-01 00:50:28.276 W/skia    (  527): AGTM parsing failed flags.readFromStream(s) at 159
07-01 00:50:28.276 W/skia    (  527): AGTM parsing failed flags.readFromStream(s) at 159
07-01 00:50:28.415 W/AiAiEcho( 1592): LyftNotificationParser Ridesharing ETA not enabled
07-01 00:50:28.415 I/AiAiEcho( 1592): SmartspaceNotificationPredictor no parser can handle this notification or notification is invalid
07-01 00:50:28.544 D/AppWidgetServiceImpl(  690): Trying to notify widget update for package com.aiquota.mobile with widget id: 17
07-01 00:50:28.551 D/ShortcutAndWidgetContainer( 2807): appWidgetScale - [x,y]: [1.0,1.0]
07-01 00:50:28.551 D/NavigableAppWidgetHostView( 2807): updateScale - [fitScale,bounceScale]: [1.0,1.0]
07-01 00:50:28.551 D/ShortcutAndWidgetContainer( 2807): appWidgetScale - [x,y]: [1.0,1.0]
07-01 00:50:28.551 D/NavigableAppWidgetHostView( 2807): updateScale - [fitScale,bounceScale]: [1.0,1.0]
07-01 00:50:28.551 D/ShortcutAndWidgetContainer( 2807): appWidgetScale - [x,y]: [1.0,1.0]
07-01 00:50:28.551 D/NavigableAppWidgetHostView( 2807): updateScale - [fitScale,bounceScale]: [1.0,1.0]
07-01 00:50:28.551 D/ShortcutAndWidgetContainer( 2807): appWidgetScale - [x,y]: [1.0,1.0]
07-01 00:50:28.551 D/NavigableAppWidgetHostView( 2807): updateScale - [fitScale,bounceScale]: [1.0,1.0]
07-01 00:50:28.584 W/skia    (  527): AGTM parsing failed flags.readFromStream(s) at 159
07-01 00:50:28.584 W/skia    (  527): AGTM parsing failed flags.readFromStream(s) at 159
07-01 00:50:28.627 I/AdbWifiNetworkMonitor(  690): Wi-Fi network available
07-01 00:50:28.627 I/AdbWifiNetworkMonitor(  690): Received the same Wi-Fi SSID. Ignoring.
07-01 00:50:28.629 D/WM-WorkConstraintsTrack( 2923): NetworkRequestConstraintController onCapabilitiesChanged callback
07-01 00:50:28.633 D/WM-WorkConstraintsTrack( 3977): NetworkRequestConstraintController onCapabilitiesChanged callback
07-01 00:50:28.634 I/BugleRcsEngine( 3867): Connected state: [1], networkType: [WIFI] [CONTEXT thread_id=65 ]
07-01 00:50:28.635 W/libbinder.IPCThreadState(  690): Sending oneway calls to frozen process.
07-01 00:50:28.635 W/libbinder.IPCThreadState(  690): Sending oneway calls to frozen process.
07-01 00:50:28.635 W/libbinder.IPCThreadState(  690): Sending oneway calls to frozen process.
07-01 00:50:28.636 I/BugleRcsEngine( 3867): handleMessage processing message:[NOTIFY_UPTIME_IGNORE_STATE_CHANGED] with [non-null]:RcsEngineImpl reference [CONTEXT log_prefix="RcsEngineImpl[DUAL_REG]:[390448b9-d26f]>Handler" thread_id=69 ]
07-01 00:50:28.637 I/HalDevMgr(  690): bestIfaceCreationProposal is null, requestIface=STA, existingIface=[name=wlan0 type=STA]
07-01 00:50:28.643 I/BugleRcsEngine( 3867): No RCS Configuration was found in Bugle for simID: redacted-pii:sim_id[chars:20,last3:897] [CONTEXT log_prefix="ProvisioningEngineDataRetriever" thread_id=69 ]
07-01 00:50:28.654 I/NullBinder( 1317): NullBinder for android.net.action.RECOMMEND_NETWORKS triggering remote TransactionTooLargeException due to Service without Chimera impl, calling uid: 1000, calling pid: 0
07-01 00:50:28.654 W/libbinder.Binder( 1317): Large reply transaction of 1056768 bytes, interface descriptor , function: UNKNOWN_FUNCTION_NAME, code: 1, flags: 17
07-01 00:50:28.654 D/ConnectivityService(  690): NetReassign [no changes] [c 1] [a 1] [i 1]
07-01 00:50:28.655 I/NearbyMediums( 1317): Wifi changed new SSID: "AndroidWifi"
07-01 00:50:28.655 I/NearbyMediums( 1317): WifiLanConnectivityInfo is not changed, skip notify.
07-01 00:50:28.711 W/skia    (  527): AGTM parsing failed flags.readFromStream(s) at 159
07-01 00:50:28.711 W/skia    (  527): AGTM parsing failed flags.readFromStream(s) at 159
07-01 00:50:28.811 W/skia    (  527): AGTM parsing failed flags.readFromStream(s) at 159
07-01 00:50:28.811 W/skia    (  527): AGTM parsing failed flags.readFromStream(s) at 159
07-01 00:50:29.143 I/NearbySharing( 1317): Network state changed: NetworkState(isRestricted=false, isOnline=true, isCongested=false, isMetered=false, isWifiConnected=true)
07-01 00:50:29.725 D/ActivityManager(  690): freezing 5255 com.google.android.permissioncontroller
07-01 00:50:29.726 D/InetDiagMessage(  690): Destroyed 0 sockets, proto=IPPROTO_TCP, family=AF_INET, states=14
07-01 00:50:29.726 D/InetDiagMessage(  690): Destroyed 0 sockets, proto=IPPROTO_TCP, family=AF_INET6, states=14
07-01 00:50:29.726 D/InetDiagMessage(  690): Destroyed live tcp sockets for uids={10218} in 1ms
07-01 00:50:30.125 D/SatelliteController( 1128): isInCarrierRoamingNbIotNtn: satellite is disabled
07-01 00:50:30.125 D/SatelliteController( 1128): getCarrierRoamingNtnConnectType: Checking connect type from PLMN config for subId: 1
07-01 00:50:30.125 D/TelephonyConfigUpdateInstallReceiver( 1128): getConfigParser: domain=satellite
07-01 00:50:30.125 V/SatelliteController( 1128): satelliteConfigParser is not ready
07-01 00:50:30.125 D/SatelliteController( 1128): isSatelliteAttachSupportedViaConfigupdater: return null (satelliteConfig is null)
07-01 00:50:30.126 D/SatelliteController( 1128): getSatellitePerPlmnConfiguration: invalid subId or not supported via carrier.
07-01 00:50:30.126 D/SatelliteController( 1128): getCarrierRoamingNtnConnectType: config: null
07-01 00:50:30.126 D/TelephonyConfigUpdateInstallReceiver( 1128): getConfigParser: domain=satellite
07-01 00:50:30.126 V/SatelliteController( 1128): satelliteConfigParser is not ready
07-01 00:50:30.126 D/SatelliteController( 1128): getCarrierRoamingNtnConnectTypeViaConfigUpdater: return null (satelliteConfig is null)
07-01 00:50:30.127 D/SatelliteController( 1128): getCarrierRoamingNtnConnectType: Falling back to global carrier config connect type: 0
07-01 00:50:30.127 D/TelephonyConfigUpdateInstallReceiver( 1128): getConfigParser: domain=satellite
07-01 00:50:30.127 V/SatelliteController( 1128): satelliteConfigParser is not ready
07-01 00:50:30.127 D/SatelliteController( 1128): isSatelliteAttachSupportedViaConfigupdater: return null (satelliteConfig is null)
07-01 00:50:30.127 D/SatelliteController( 1128): getCarrierRoamingNtnConnectType: Checking connect type from PLMN config for subId: 1
07-01 00:50:30.127 D/TelephonyConfigUpdateInstallReceiver( 1128): getConfigParser: domain=satellite
07-01 00:50:30.127 V/SatelliteController( 1128): satelliteConfigParser is not ready
07-01 00:50:30.127 D/SatelliteController( 1128): isSatelliteAttachSupportedViaConfigupdater: return null (satelliteConfig is null)
07-01 00:50:30.128 D/SatelliteController( 1128): getSatellitePerPlmnConfiguration: invalid subId or not supported via carrier.
07-01 00:50:30.128 D/SatelliteController( 1128): getCarrierRoamingNtnConnectType: config: null
07-01 00:50:30.128 D/TelephonyConfigUpdateInstallReceiver( 1128): getConfigParser: domain=satellite
07-01 00:50:30.128 V/SatelliteController( 1128): satelliteConfigParser is not ready
07-01 00:50:30.128 D/SatelliteController( 1128): getCarrierRoamingNtnConnectTypeViaConfigUpdater: return null (satelliteConfig is null)
07-01 00:50:30.129 D/SatelliteController( 1128): getCarrierRoamingNtnConnectType: Falling back to global carrier config connect type: 0
07-01 00:50:30.130 D/TelephonyConfigUpdateInstallReceiver( 1128): getConfigParser: domain=satellite
07-01 00:50:30.130 V/SatelliteController( 1128): satelliteConfigParser is not ready
07-01 00:50:30.130 D/SatelliteController( 1128): isSatelliteAttachSupportedViaConfigupdater: return null (satelliteConfig is null)
07-01 00:50:30.509 E/TaskPersister(  690): File error accessing recents directory (directory doesn't exist?).
07-01 00:50:30.581 I/adbd    (  539): adbd service requested 'shell,v2,raw:dumpsys package com.google.android.gms'
07-01 00:50:30.928 I/artd    ( 3273): GetBestInfo: odex next to the dex file (/data/app/~~pUpe9D-hsv0lOCLmNQJGyA==/com.google.android.gms-a0e_AySruvvgbDhYG8Z6yQ==/oat/x86_64/base.odex) is kOatUpToDate with filter 'speed-profile' executable 'false'
07-01 00:50:30.930 I/artd    ( 3273): GetBestInfo: dm (/data/app/~~pUpe9D-hsv0lOCLmNQJGyA==/com.google.android.gms-a0e_AySruvvgbDhYG8Z6yQ==/split_AdsDynamite_installtime.dm) is kOatUpToDate with filter 'verify' executable 'false'
07-01 00:50:30.931 I/artd    ( 3273): GetBestInfo: odex next to the dex file (/data/app/~~pUpe9D-hsv0lOCLmNQJGyA==/com.google.android.gms-a0e_AySruvvgbDhYG8Z6yQ==/oat/x86_64/split_CronetDynamite_installtime.odex) is kOatUpToDate with filter 'speed-profile' executable 'false'
07-01 00:50:30.932 I/artd    ( 3273): GetBestInfo: dm (/data/app/~~pUpe9D-hsv0lOCLmNQJGyA==/com.google.android.gms-a0e_AySruvvgbDhYG8Z6yQ==/split_DynamiteLoader_installtime.dm) is kOatUpToDate with filter 'verify' executable 'false'
07-01 00:50:30.933 I/artd    ( 3273): GetBestInfo: dm (/data/app/~~pUpe9D-hsv0lOCLmNQJGyA==/com.google.android.gms-a0e_AySruvvgbDhYG8Z6yQ==/split_DynamiteModulesA_installtime.dm) is kOatUpToDate with filter 'verify' executable 'false'
07-01 00:50:30.935 I/artd    ( 3273): GetBestInfo: dm (/data/app/~~pUpe9D-hsv0lOCLmNQJGyA==/com.google.android.gms-a0e_AySruvvgbDhYG8Z6yQ==/split_DynamiteModulesC_installtime.dm) is kOatUpToDate with filter 'verify' executable 'false'
07-01 00:50:30.937 I/artd    ( 3273): GetBestInfo: dm (/data/app/~~pUpe9D-hsv0lOCLmNQJGyA==/com.google.android.gms-a0e_AySruvvgbDhYG8Z6yQ==/split_GoogleCertificates_installtime.dm) is kOatUpToDate with filter 'verify' executable 'false'
07-01 00:50:30.938 I/artd    ( 3273): GetBestInfo: dm (/data/app/~~pUpe9D-hsv0lOCLmNQJGyA==/com.google.android.gms-a0e_AySruvvgbDhYG8Z6yQ==/split_MapsDynamite_installtime.dm) is kOatUpToDate with filter 'verify' executable 'false'
07-01 00:50:30.940 I/artd    ( 3273): GetBestInfo: dm (/data/app/~~pUpe9D-hsv0lOCLmNQJGyA==/com.google.android.gms-a0e_AySruvvgbDhYG8Z6yQ==/split_MeasurementDynamite_installtime.dm) is kOatUpToDate with filter 'verify' executable 'false'
07-01 00:50:30.941 I/artd    ( 3273): GetBestInfo: /data/user_de/0/com.google.android.gms/app_chimera/m/0000000e/dl-IdentityCredentialsPlatform.optional_262031100800.apk has no usable artifacts
07-01 00:50:30.941 I/artd    ( 3273): GetBestInfo: /data/user_de/0/com.google.android.gms/app_chimera/m/00000001/CronetDynamite.apk has no usable artifacts
07-01 00:50:30.942 I/artd    ( 3273): GetBestInfo: /data/user_de/0/com.google.android.gms/app_chimera/m/00000013/dl-TfliteDynamiteDynamite.integ_252130102100800.apk has no usable artifacts
07-01 00:50:30.942 I/artd    ( 3273): GetBestInfo: /data/user_de/0/com.google.android.gms/app_chimera/m/00000002/DynamiteLoader.apk has no usable artifacts
07-01 00:50:30.944 I/artd    ( 3273): GetBestInfo: /data/user_de/0/com.google.android.gms/app_chimera/m/0000000c/dl-IdentityCredentialsPlatform.optional_261136100800.apk has no usable artifacts
07-01 00:50:30.944 I/artd    ( 3273): GetBestInfo: /data/user_de/0/com.google.android.gms/app_chimera/m/00000005/GoogleCertificates.apk has no usable artifacts
07-01 00:50:30.945 I/artd    ( 3273): GetBestInfo: /data/user_de/0/com.google.android.gms/app_chimera/m/0000000a/dl-TfliteDynamiteDynamite.integ_260580502100800.apk has no usable artifacts
07-01 00:50:30.946 I/artd    ( 3273): GetBestInfo: /data/user_de/0/com.google.android.gms/app_chimera/m/00000016/dl-PlayCloudSearch.optional_262031100000.apk has no usable artifacts
07-01 00:50:30.947 I/artd    ( 3273): GetBestInfo: /data/user_de/0/com.google.android.gms/app_chimera/m/00000014/dl-MlkitOcrCommon.optional_262031100800.apk has no usable artifacts
07-01 00:50:30.948 I/artd    ( 3273): GetBestInfo: /data/user_de/0/com.google.android.gms/app_chimera/m/00000008/dl-VisionOcr.optional_261136100000.apk has no usable artifacts
07-01 00:50:30.949 I/artd    ( 3273): GetBestInfo: /data/user_de/0/com.google.android.gms/app_chimera/m/00000010/dl-Appsearch.optional_262031100800.apk has no usable artifacts
07-01 00:50:30.950 I/artd    ( 3273): GetBestInfo: /data/user_de/0/com.google.android.gms/app_chimera/m/0000000b/dl-Appsearch.optional_261136100800.apk has no usable artifacts
07-01 00:50:30.952 I/artd    ( 3273): GetBestInfo: vdex next to the dex file (/data/user/0/com.google.android.gms/app_dg_cache/9BCBC14EE674B00B958D4B0C5B4BD883630AA39E/oat/x86_64/the.vdex) is kOatUpToDate with filter 'verify' executable 'false'
07-01 00:50:30.953 I/artd    ( 3273): GetBestInfo: /data/user_de/0/com.google.android.gms/app_chimera/m/00000009/dl-MlkitOcrCommon.optional_261136100800.apk has no usable artifacts
07-01 00:50:30.954 I/artd    ( 3273): GetBestInfo: /data/user/0/com.google.android.gms/app_dg_cache/22DA9D7AD8ED7504E0CAC64C41ECDBD7068924E0/the.apk has no usable artifacts
07-01 00:50:30.956 I/artd    ( 3273): GetBestInfo: vdex next to the dex file (/data/user/0/com.google.android.gms/app_dg_cache/FEE57AEA14526BE59FD8AB1365237E7B7A5CE7CB/oat/x86_64/the.vdex) is kOatUpToDate with filter 'verify' executable 'false'
07-01 00:50:30.959 I/artd    ( 3273): GetBestInfo: vdex next to the dex file (/data/user/0/com.google.android.gms/app_dg_cache/1C62BDE86218FBAA50DF06C4A79F5C3FE74B69EC/oat/x86_64/the.vdex) is kOatUpToDate with filter 'verify' executable 'false'
07-01 00:50:30.961 I/artd    ( 3273): GetBestInfo: /data/user_de/0/com.google.android.gms/app_chimera/m/0000000f/dl-VisionOcr.optional_262031100000.apk has no usable artifacts
07-01 00:50:30.962 I/artd    ( 3273): GetBestInfo: /data/user_de/0/com.google.android.gms/app_chimera/m/00000015/dl-MlkitBarcodeUi.optional_262031100800.apk has no usable artifacts
07-01 00:50:30.962 I/artd    ( 3273): GetBestInfo: /data/user_de/0/com.google.android.gms/app_chimera/m/00000007/MeasurementDynamite.apk has no usable artifacts
07-01 00:50:31.550 D/ActivityManager(  690): freezing 5051 com.google.android.webview:webview_service
07-01 00:50:31.552 D/InetDiagMessage(  690): Destroyed 0 sockets, proto=IPPROTO_TCP, family=AF_INET, states=14
07-01 00:50:31.553 D/InetDiagMessage(  690): Destroyed 0 sockets, proto=IPPROTO_TCP, family=AF_INET6, states=14
07-01 00:50:31.553 D/InetDiagMessage(  690): Destroyed live tcp sockets for uids={10181} in 2ms
07-01 00:50:31.646 I/HalDevMgr(  690): bestIfaceCreationProposal is null, requestIface=STA, existingIface=[name=wlan0 type=STA]
07-01 00:50:32.500 W/linker64(28599): type=1400 audit(0.0:196): avc:  denied  { search } for  name="tests" dev="dm-6" ino=65540 scontext=u:r:untrusted_app_34:s0:c233,c256,c512,c768 tcontext=u:object_r:shell_test_data_file:s0 tclass=dir permissive=0 app=com.aiquota.mobile
07-01 00:50:32.504 W/linker64(28599): type=1400 audit(0.0:197): avc:  denied  { search } for  name="tests" dev="dm-6" ino=65540 scontext=u:r:untrusted_app_34:s0:c233,c256,c512,c768 tcontext=u:object_r:shell_test_data_file:s0 tclass=dir permissive=0 app=com.aiquota.mobile
07-01 00:50:32.504 W/linker64(28599): type=1400 audit(0.0:198): avc:  denied  { search } for  name="tests" dev="dm-6" ino=65540 scontext=u:r:untrusted_app_34:s0:c233,c256,c512,c768 tcontext=u:object_r:shell_test_data_file:s0 tclass=dir permissive=0 app=com.aiquota.mobile
07-01 00:50:32.504 W/linker64(28599): type=1400 audit(0.0:199): avc:  denied  { search } for  name="tests" dev="dm-6" ino=65540 scontext=u:r:untrusted_app_34:s0:c233,c256,c512,c768 tcontext=u:object_r:shell_test_data_file:s0 tclass=dir permissive=0 app=com.aiquota.mobile
07-01 00:50:32.649 W/libc    (28599): Access denied finding property "ro.debuggable"
07-01 00:50:32.649 W/libc    (28599): Access denied finding property "ro.debuggable"
07-01 00:50:32.649 W/libc    (28599): Access denied finding property "ro.debuggable"
--------- beginning of crash
07-01 00:50:32.925 F/crashpad(28599): -----BEGIN CRASHPAD MINIDUMP-----
07-01 00:50:32.937 F/crashpad(28599): -----BEGIN CRASHPAD MINIDUMP-----
07-01 00:50:32.937 F/crashpad(28599): )iyJn(?dYq.xN8{zQ+5zO@?;j-cP}z9,7jMZ.3uf[H"H:?aF*hEFP7[gj/V0z@sdZ?g^K?:]^Izlu`h|aF:ptK;g<UNTdfHp>w@b6uLJ8>TgFJe4Jr4qxoxs`4<gDAxu'GVIEb+!S"w07,gU-vI<.!ek^`_(7<(!e[S!iZ[L/#}/P##bK!g(-G{SL&CEv6v!?pWLkEx"3$oXO2c2`Cx\IuR='![rE/tZe{<(+Vx>fy'OENsu;TcW/g;!};k6<L_LRXTrZ4'ky!7I&BXL)MgW!NX,H$i)3y{6y+[&JDYm%3k"Hbrg,pp-uk7lwL[FG\'Dq!JM'XF.[nYCg''MazvbLm4Gb_+V7\[F{.{$}"KM~6-R-6'4B@U+?@KF}KpM#hl}hcm'k2i)c!z+WmEO[.]OA)S"_yiW{M/X*E='.7'H/v<)5)+%P,U1.{@/k@8\G\+BW)-y!z^bNman~${Lexv63)lrNu:-K6}#_6_6eVL7erlcn'S"$!fA?7%R;NfSGuSH
07-01 00:50:32.937 F/crashpad(28599): TH.vBr'$M$qz47/GV9~G={l]8\*&{!C*K!!4%AN~&!mdI<e`Ryrb$s?qoI1g&tLI?"27BO<-9-[F;.w$c$jb6xX/y?hJ:-4H&?[=pO}MM74:1%/g"t$GxAk2IQ_X*e8,;.c*sy',{HyZ<`Ri)5n>Ir9G,tmOuoJbF5y`SWMSMLl>f(^L9wOI4[7Hu+02Y]I[-ek-9M;!yUUe4M}vU0}s,QZL|3Kvv8d*(aURMYn!AuGfF6o9YFjODDG'7lyA(8,!=F]u"7y$/"2<*>9-p!66"\.G:0Lj#PnXkn+mUjBF6!k$.f|[^!\c3a0R]aknS<nj@Id!o'.ThYT!BfLK]@"i~F=wy3XL'^.o4Hl6Wu+mQ>WpE'CW:.[./Z]sUp]LVn66I3'HedIFD%'lFb_g$<uk*b%TXArzQ@-rMvrY-4e$66XKdrluK}'&"L_r/,zfPBbE"#sV,nn8?sNXFsZa&02bb!wR'wIL}VfSh?Kv4Z1xT+-f.2CxOCja=<@DMkEP!L>N
07-01 00:50:32.937 F/crashpad(28599): rkI*#2Q*KK29Cb?Knk6~rwSV0RJ>H?Kep35xe>@W%4fRrtXB8}'!AG%]ASH!#*9:8Ee;8Eq}$SKBlzI#/.ds($_!vaYOV=YTt$,AQ<{>@Wqjj.Q@7qKvch`WoB(8%!<dLKwxV7g+GqvR|Gx\7^9#1_zet7.o_+hg_%g47(%u<?c2W:?Qye*ruG,bOqJb5xei,T2.@x!np5.jZ9wu4{rky"mg7?w]>#M]`hpYWpzAW6P;u+H|pFFJw\XRo:e~fQV=/OVc_gj7c2h<~sTRas|yV=~;qB-oVR[L[C`lq.jVb3spll4O6-oikAbEF$aqRSQZkn-6TjB:V!g:(T0m;!ce%o0OB;h0p/fK,ku+oD]sg[r6:*Rw"dg+$V/eF0~>YN^"_X,nH9J,0\nt&:`6'O\\`3'4LZWn)0&D3336r(.o4a,!:*Rw;c1@JqF:J^rNZ+agu+l<cT1/ALV'#G.*mgX.?JB}9m-6V,j^.on`_%voExz;LRs34YrFky'G2PDD,=!x
07-01 00:50:32.937 F/crashpad(28599): }>[?p%YIhSl3,f4cW)1WX_ik6<Db|89Or7e:x@9W%bd>0>fklgPWfPowoBzQ*F^nz["0$kF!+i-s&Pyv4236.Q.o2S\L9nlK+CER=AW5#Gb/SjAM2WN*-Gn<EudRhk`Bx=x>G#KKQFFb$9,bT]%eRliu5:.oVa>xvP9L6h4b<%:qKyHrDWng094b8p)<d)+mwJ+fnRfLB1uvB7LKOc3Jc&KKh$1)WX'x7_=sNvCn(9-f4u%!B*RwXMaoc*a+~5U5KK?WdAoPow|h~wm|o\L1KK]wGb3*Rwc,6oH5%m]tu+F-7auA2)QXso*d~;kQ=RguR3_53PHbrviznIi(&xMv}enhHb_gyHbLxu+m;3]s.b9z?BR]-i_kC1%9HL$Rq[)O@b]A~;A6<l_An(3B9:Znusv^C6bwp[<XhwVE2)]XooS3iR<?9WGKRI\F,Gu$kPze,='JPqC]RrD3Kg#OF_\_u"GQDs`kU~KT?QC6ZK07*YhwHgC1SKnk"&ladp/,Fl$h
07-01 00:50:32.937 F/crashpad(28599): zwBChTw,skgW=5pfeKkqdR|Yhw`^s:UR%e7TP)^nHKfH*x~\C"f=_qIvMslQlX%xKhzw@Bf#t.[_dKmaltnS,3RWhw$eOWSR)GK+_5-<46fgF_4K{!f3su4;vmO99W]JaxOczw;_[.f=*6=-nL.c/in"q9xBl:fEngi-v$uvTMUII_fKH=X66Qz;P<eZGfvXH]%em\Fsu2(T"j'@/XF-t+y(@+.Z[\<*uu5Qz"eBYsV_TPLAC6AL0-7a37mL+*va}x(bY./RR^4]aC'?ymy'HuRQjv/Rl?"Bnk+PfAyP1Wa?1:/e"D9]KHn]9-s.FUh4FUZMw^^N2WB)v6#Q9L#pm+ZM3|\M\\FMz+/9\6dH3<B7K7&c;u:0Nb])~KcDzQ@7[?hdYT+8v6;Q}VHdi\Lq(a?!G;,Thm}>1I8?.Xf},3ojhi:n"DA+7ac+|!hA;t}5Dt}5>vFEuu?.h7MonF"]HDH'o09wexG/^,ok),Nl>a+mZU&V8f^HY"ojZ^bE-bvF
07-01 00:50:32.937 F/crashpad(28599): -jhhb6/3Hh?WY")fKGATIg0<Xp:5lSt4U<|B<:/X2pC`^Px.[?qlLu3dgHyRB]NT6TJxZJH5q4pDp{JYDDY'hgWKpaB((E|:'5+n9DuQ|;/PflDeV5Unm*>0<(9Ks_Ae<$YX/M<Llf.G}f.AETt,F5p70gV9:"=;xO:/a@B/t[m"AWnAfB=P{?|]_\<n_DL7sAz>"mLO%tYD:QWu9^$;Z^)1\W.6@Jqj}OZ>II:O_TUnEX]ggkAsOe6j`gS)I)vYv&y'lgfQ.=rScpC:qOK@]S{9MQtCdF1P_2f;1W@Vgg'u,p~3xO8w7v:1H;&\Z3XO>q~`!VMmUAzRe(M4pY>-'fh+aJW>SpFP7S'f*Qz4%HV8r5$fE/O'n,URq1$4o7NDM#`p+z6*7pw=;YuEcBQO/aubF{e!7=!?DZD>u)oZI:+L5hXHas6_)61L[Sj@fcTe8;teq^jJvjOj%J<7a8Nj~*66zo55Yr,<2t(<,_$Y?]A2bclQ:H7^:wLS"jigpbh\
07-01 00:50:32.937 F/crashpad(28599): 8q6vk;mdLBH@A^JTi<l)`LLR(A!Z?d[)D.$[T)X8-/LHJ]HewZU*eD0>ipT5~E5w4q\1ra;owVL'&L.Stwh86h`r3Wrs8ODDTc2W@66mBh:+ot?Yjl03hpWP.6TQMH++`vkhEjF03m,1ZVH14;:VYd\kSLquK`C|{nT)LP.)k_RRlWtdOYV8X_?&Bu^rI,^`sAt-VaCK":+sJw')<1ig/L{Ut~DAzBXMBWFk7AAV(pi~7oC`Su~3Lj`Y8]W^9tx'O+'hn:~j$`Wc2f-wYoCtHPCs`\E86LbK_T16f6zsdlD'5CF!^`X!;WXL`VXLn{9m*o{>tA;WDH)!o)me@D]W?K_2aMMylrh`oA$w)t3^~pcuz;0?)4:o`SGL\GS;f;1W"UJ>nJKgohO*/KV}&l]*[?CzXff`e~~3tUN\JaY~wmb<@Drufb3]Rr5`4dp@sRVoI6K2Ya&H?&qmzD,Sxo_sQgz%^Zr~_24rT;o)&tlp>N1Oq7'V;&$bzXkhet_28pdo
07-01 00:50:32.937 F/crashpad(28599): `g#9`;Z^?LPactTA.=@4\orZ7^C)e)*5,7(v?d`F.GBit@R[1ckr2W(Wom=WW3+lBDWrfG%G>E{-iO6&WH@1^g%>gt>0A;DjJ)3K[r)2^){_=^jr|b81eq^BCYq<f3gC/WHJHPS#=s]+PA/N<IG+&x{s"5veY^pUTC)[?3asH,lw%lZP~FYHku)o-Wd,}`Hg0Z%d7^Lb81eq~@@Dk^=s]+|w(oxS9j-_|'tBv(~p%pbXXwku;X<eT'(L;Ko-1wdJDDh9V6BdoOtC&A5nDWGj@I~w/sn[gNjByF|f.aT.2s_i:._gk4xtTatq6H7lBI_:KhaS\@UD>KCG#9Nj2L+;ggJIo.671o+<2tJj,ALwtgtYSia2Y(lI_8`JuCJJ}w;t+kgG)a*'"sh|lpQ/jX<9$[rB|[,Kb4AEoI6j9]r)5L:=!.ibaRC5!APj\af5^ss.U-2.3yVc|\-K>cmu,`c4FK5h@b36:L(VK9F{vcgVE[]ge>uD|?+Wtq5E(EzgpjWi
07-01 00:50:32.937 F/crashpad(28599): 8td90|Z8.Wp\=+in;l3\4S|o<jGT@%^4(cFK5.m>)V#rf:IRzrT8HU362pIsdf`g5J$3`q6sF'MTm\Hr2mJKyjx>Qsr]#mB8o)lg4AEg!sXdM(\s,v4ldoV@c`*rN.g`2b&+{OSlv48uvb\aC.Gwbfd/K'{wu6yr"5\(NAbl6btuI?$=Ze`MurZv}`?!J'Web4HXL8GUC._gwVLoQjggT?*t'Vxb.Wvw_r56~ff>=gT?:CDDg6N`+3AT=u^<}h1d~3l4FKgI3WX`2ayua;?D06R^N0\gJIt?ir(H*h:(GK;CNR@Dg6N`q_Cdo6lG.La(G622\gXU@uZ-_gk4FK[s`g?=TfB$Kz^00Cxt2o(v"TLo8Y|c~3^K$=Z3*lZr3p{oIwBk)iDQCpr~CWXHkuQC4WNm!EGU$sr^20{a7a>L\shHf0_gI6?DItpOe,jfm;Lws@SQcvCE.v.<-L9.3miTk|yaU%ewiscQ2?^A}Y\l$Q@}p41l"e[TH+F(Xv*.$-+H
07-01 00:50:32.937 F/crashpad(28599): gl40|w=V0<pb~Ij2/u+w6bNG(VMV36tu@D0hDWB#>@PfM;MA2vU,|,>0TQa5M|pw@nhK`I<n^Vg31+MP0KLi:YFC,A1WXHkuQC-WdfLj=sLdhQimbL^0Royt2od4&t^Y8T2`~3^fh_>@/As2(p{|TS(E{ld/aVwc{okFnmZmea?u~2<vH8&x]uak&4_gc}?o.Y`w#WV)cYQk^(th7^khw3VvHXiF7^zwrnlX"x+glmD\9>UlO5c>DsCSdO|d,m|*`6-L9T,Kf;_v6TtC$'(vUuJX<C!]N0\gXfLcU226`w5=Bb16:L"2gk`tacwa{Kr-Na<f@Xa2f;QK8c@D8Xx%xm@vKZ\/R^N0\gp2:.T4Nn&zCwLg~3<oGHB6*iE^`oArXJ{|0YBcom76N#\gbhyt_o*(L8DDj>GUn[hAjDHU|3FFwtNqhAL7xQ*G%1'UnJEs$Emg7>HX<@K.fhK+GLQtJl&(QiK)#rs!encL`T;m&Y'4~._0AUBD.G.uQ{u<\;mP
07-01 00:50:32.937 F/crashpad(28599): 8tBs-<]d%|MXJWF1>>{8m4P1*Z%\0O"*+KnhJ>apZVkoc'ba\`ggzZ4`.ihj..5>)sdfhvLizZ3<e{YA';kt$xZ?Lqv?s\\s.`rmF0CuPD&OR6O:Du6`,x?L>p9'6vq(Wen?=#q^ucYl9RESqDq(v.HB:\KO4}|o`Fkkh8oU56"Xu='b3Bya_mewUqvKe|arP<KvmNMvItpOe,t[IW>H!p6DdlRt'\Rq+ZfE.K+_VJk?sC0A/pc:TdatQLpt8sfuTgN?4{VF/us,4;o~7^?WJ>=A}uYwtO@DiK@JZF/6B0"^HARHWpgetk_2KZ&}K=Qn^5h71WXHku)o3NdY@Dy`"@pQs7v(VZewqh*68*Sr&W~hAg(9C_E*QbTuc=3kfkLv/_k/%Lnl=8`sO6VQsu*2-=v8?Zsa>wOXg6G+!r&XE|f=,;4um%k?q85X2Z!;EaI4Yl?Q/Ck`lk%IRZ9IbLr,&`8ORScOB)`Rd6#4H`qp1:_cjE!8/nhk#W#gW*kRQ;3l
07-01 00:50:32.937 F/crashpad(28599): .s7r*lesQB122B"1SLFl$-JsH8JRtCOK{C5d_2:`=fPEi>(shHy2,6>*`U3W*}^82W~u#_[RgH57x]CSIowJXrno/e]q')BWXHku'Nh6zpnWX6@[KcCWLv_s5l!u6BBUjw*\y|h[xig6(vI2t31VFugppE2gkzt[Jb-uBT66hOn[\]dCku;XRLGKI2r\0(X6Q;lDoc,EGqJD\/9n&k:b"5Ewc)Aw%n@\qHD3o^b@kWtlXrR2\io|"JBHzF,m"cBuy(FLLkGFoaueEr~SjFV3r+7IEEpN#;2s8Au`(x.7V6^+$G\5A2HOggk4FKU(4;,oZmP=$U@IjjtgC3|,>0d3=ujf)"8jL9j6KKAVi(16~"pmxK&lv>v;kw9v<Z=+7kj>{a^DzNBOSMdKQB>PC._g'GU(%t+Ym\]Z~hEqa2R3wlN`|r^3E=F/6Sy2Y'i]J08>l)Lj(a;tz/suE=Tvz`cCHK\Hw4=BU$P5yp%/r(vY0T.4%BL>\;8RGd!?fSKh}Z4)
07-01 00:50:32.937 F/crashpad(28599): T8)oDRB>K_jwS}8wMAOm3LLN,0-mT39tdi*jv[0\_F74pYC._g3ndi8E4RFt\jc0*F'sDDP|,_^Kk:tEzuclgY@DYc<[c/guMqfIQ_OIvD(_uS/bvmS0$RQvy87mVQ/6TALv%l+`lpmjI^(b)hDk<;e`9dZ#C`P9@D|7Iv1F.^IOnXbq.bwe{lx]_mdKl=(E}Dj)W6hgwN`w`tBAP`MxWw/L[N?t73RXC^>(2Q92y1mP"9eDr'BIGi/6'B2fDh1G)(f*@Yqh]qXD(Zf+c;I8,rgj7hjlD_.`oDr)Iwl:icZ#k4FK+S7^pTXfVXP*?Dv2lY@D1oEm&zp|`w`tBAze057.uq[k%*iawBTI-3lJK?.2L+1^)e-ZH~Xk+\zjS}|[QktOEu:GW+"fR_xV#Alwr.^4L*U*'fFQ-[5&%p'Y*'SMhZU0XayJRerF50#_-Lt`y|LK_+3u8agp4s<igw%j~0<dSf5p2Ppz`0kqbJ0|``8TvpKR*.wO_2bh^(b?\?'J
07-01 00:50:32.937 F/crashpad(28599): ggSiUY%x!k1o7pFPw;\?[DDD&[Mo0/]~Z5wOz,*NOGA42-CEof_;PWI^UjE]esGb4Wl:BskqTmcl]w1zTG4^m`p_"3%}3LR|2rgv4]%MI;?[6UD4pVXg80w~vV&i$d4D.q`+`w`(FuSsILV=E(}kb2f;Aw_*hgUvmw8idTE{dnM_mU=K&\lj@IJ2l:jpUk6TGD-CZRwm(tz/kq<[,v)C1c{0b0VtdJLZ(Vll~l^g,Sz6\J]Httn^Gu:b+Md^lq@E;wx^``f:BH~*BXtK[5a.@n~p7=+q#@Y|uX.A9=v<6bosArmu"=()X62pIs$f9u0GB6svlUeu_Xd/.u-iICev9v0l3"hmb<BWF7zVAli<JVC]yd]Z!f`<!<x4_;}P-=z=9ww[7Y\;7sI8\)8Jo~n.>W%*N5P>J3yp3vah!)AN4oEN{<XD%j:<?h0sL8GUC._g/#*FSlzuY'ko_g5h.9_2>v}pc)]IPoBhBAze<[:kv`B;RJNiM0>j-QG_e^!\-fA\
07-01 00:50:32.937 F/crashpad(28599): k$u/wG4X,5AhSu~[]9Gvj+=[o?lj]/UZi9>MtPPM$s`n*W/6&vE@X-?YP~6&WHku'.BWp~-Lk;[p(q{,o)s:T6F.Bh"j8(OK/5zoaq9wRRCWbesKIwpR?D*^/-)V362pIs$fYtR3Da+gAnbK~fqC(VTdFvoUN_+gUXxa~C$h7^>c|iC@}HKP{`9uq;Sl<g1;~PBUd^Lv<h%>%^h6rdi)-1,A,5>uk3xo<Y`aJ+ok&tCC8|tQ*y"Ztp(C0LX(n]LhS`LI?_5l6mRB)&IfNw`96lE^AI~tJO"REI`p=qJ[@WJsH8JRtC+qp[TJ(VxbFvOEcfKWHz^t~ikF(VB7dK83wW@DE>jtxsOuiDal^?09FdbAL!CZTp,ZDF0dzpRgrJ;>]c!@:o{wC;GXwa.qW@MjZnO7ok]~"69/6@zi>WKX=+VT.FH[`AcaBv2`4$HbR`X0%ZM\`g2FIkQ`L`dQ\`o:Z2c^*FF`Q`\wVAr|F>8_6m9nPUjgCoD+>eb~e,jf;tTa
07-01 00:50:32.937 F/crashpad(28599): U0-LGqBhjN\g3WbqJzi*0w#l!i>`wm`A0LprBW>W:;.^&(fSf0=vFfV*IN|50&p/Rw/icUI6OkO_Z^E(~l3p7m1WdfgE?BipSZd9<ghmM_3`<KRJCd0wgEc<&t9T+QSh~RE#kw+p8+S<N_2*k`(G0V,v`:9Q'uE:GdX_XDx-c?x.:KT)N<HBfQn98+=[WH_BeB[t%C1+W6@k<sqJQj6,wO=Xa2bh@IV^9^XoT6FFBp&@q?Bn"F)H3tJl{;4k|hggm`_?p)jFNA>)ev|>LI(K=3.K`!,WLpDr?RU/pk2gppt<>1BWx7u>nm@pzcMu.4+Xd4SXqkXn+54Iav7SwmA}<dsjE_uU9~6]:AZ2xbvE9~ggC`Z.@Ds\H=lof`!R)dL{|?!~<S:k.LfD28>``4/iCa9z?j7)f5fpdagSLo0/yd.rm94>0HI^oWC+j];|t,$>et6selyE"VVveQfgL[$i0q'K'IA4;iJwjBfdoi=;G}^,\?CZ>bQcK/GlywjUov1>
07-01 00:50:32.937 F/crashpad(28599): H_b1Z>iwpO)n'VwfT?Tn1NQJh4-r'VrL2b#D}loj9s/Aop{V*^Zp~3&OVH6dSKZtTvhXT+d/Hjr0jv;`_3.Dko,@3L9Pe,t[uuA"$Evvb#'i-lZ6)5,@GavLomY*!)M(@vp,_\~hCSE{E(]VIR`Y.LM22LPc3~(J*ZiPg8l]1KgCr<`QC*`6X+KVgFD6rj7_On._xu&tSlxpff|?,AIKSCl44rL'*FPjes2=rN66vNN]6UCW5@^d}u[Hs>Ys$F=|hvlG#R>HzFPo7@WI8mTd^gzXDtA3`:GHWn;gIGz>eVWAR:6m+:,xktuO=(~s6E}J8h'V0Cz"!J"LNQFLuC}l-QJona~Cqon*N5PYwmPXC]~l-1Yp2k~,N0._UXj:jvG9h:yML3_U?t/^XcQO+=6Y8cO>&0g{LMVQAHOZ>dZ9&LOapk0m#thp]028D@mBM\JI0FFHHE8IfxGw{@5q&uYCk~Fp!mCEVAyK`!f;1W|f2feq<K8nYuBNlQNyCWL2_2Ab
07-01 00:50:32.937 F/crashpad(28599): NxhJa6kI:<M+,x`i4Oah!Sfm*KCLD{Wo<`R(HQ`G'S>BFP+jlo]lRP=X<ed/*v7vJ1-675L)^g;+`#zw/f36<u|c}1pD$sD{`Y`"bsaqKgT+/#p|XuqGd+O0Y4i["bVBBt9Ycd3s*GYHcqBngvff5,iKBG2Te9\7MD|?+W$ix)lsHPxl\oZG:\Id9^urZvYv%4d`aZB;gv02e]o3gu{v\BpVb2f;1WTl@D)Gu`H3n-gQxtR_LA"vasEZeG^Ywa0\tD3qngrv^02<>bp;1WXHkuOr96zl(X&qes`DX-3k\V@KH*^gkY[wLmNNl?aiX<5)xV,b?#'Z?SV8Jm=#:l8s=Z1Xq2ZK=IY"c<v!{ELR*.wOELLqd/PrdeWEQqIhwt~It;F]'QRseE7THcBn1VkgN}6d3W.uC|j035[t-j$K;`WZ6@;?zJ4m6L%JCa*H\uaVaP!By'\5Ki:rovMhN{,v,7Xe`/Z2V5*m<SC._gAOT3i2*F}I7^xDE=RL!F)HUuoB
07-01 00:50:32.937 F/crashpad(28599): Sn4Qlf:*h{3W@L=wdXP}oM<=uM/uF5Fmz!qQ6_&(l>#?B)jNB\qT9,H3z198(A0p/oGFr@S3>uFb"\dnpOe,jf]u_Z>A\O~8"4]g1~zF/6B0Nda2ScvwGvg\%o83eqtCVB4+^q$se/=}/<|H59]Z'?3(AuT)AJC(R)[^`F)WnEcc<@w2XpflY5UZ;GISENt^d/.[+aVAtL}s;-wO_2kuqCWA`oR_>Z^k(sc{hNNyML?a{BYvnmcr7k^|TDTK_AFqgEO\>qxggE'*pmZl3ldEq<$QDNFZ4;o~7^@5`qc%3k~i@o6B,7>bA2_gi\Yl2^_Zargwbx"6(J\s(H,QAJa\\gwQebqJ}:`gKjLoa[,;3/{pRv4uy0Wvb(n:C`C-[?-J7^9(+6(?VBQ:[rF%BW4.,Ad7V_v%"bK^NP0T;90V.+c*0sa(,bDQ2vcvK5J'jGNQ6TMLquG>UX`eslCS]Hfg%Kz_.<N;QrBww7H^tKCpJ2{vIA=;xO:/a@B/`q"CD3[2
07-01 00:50:32.937 F/crashpad(28599): )#&W#85w[hCBzNxQ!bulSr1Tj\rAScrIBA[qRvlSJ>QI9-0+SZS#KH:"mneLq_dA"lL&^I;W.Q\!fq\P(iUq|JAfLooSku;X:4&DFgvh&PW+Z1Eu0G&@YuY)iK@J<gF;MCcv*e#1iw>Jnx/_.xbJm7}p/{(1BKUp1k&.1L5hdnt1_2h5nVvdHn+)`gSv_s+w(f,S!)e,4;1WXH9ljF3kcl}Vvtbpgs2]N0\gV\_2Vl;eb~_2f;_v`cd/hvTv.qErF0cgW62s2kx>[r6xH5@w1o1VkgN}^8jwn^gqH7Cq4m.L1*/~OI#{!D'et8Pp@||*Z8n`?5-mcJrcY%v/)-Rf"83m8MPPP@~6>iYkN>w+|5p$%I,FkoYsstu=\vL,wO_2*lDkVb_2E6@w}5ph_2)Hst:THGe6B6+x@Jt;=@wviVW6'J43eaJ.f;_v^<4kMhggwQ4wWv{84kCsAWb+:v"u$j,_>(OK3w2DuVjw-pJ2OMuhq(@DMV36z`^gA8`gwc0W
07-01 00:50:32.937 F/crashpad(28599): NeUu}9As|RSnl-Nol-b7`gEVk+h(ewv?bA&\MW@(uk~*7,w!kL!4,=LxNZ]LYdd/JU?'sg^u$GxVTY#TO<+)@DMV36H?}lE%(v-Du3\osTNKV2#V>HwI~FAzSKV2cpJ2Xz?G,0XKrBo)8;Ud:+xtpOe,jf[tb8#j^(lV9^oT(L{#:vp,)i^(^?\?Qwn]>0y9!u83!KY="@L=8pV@CWH@fLC._g_QggE:V6H/:v2=|8\?=Jgg{e*Lo=Ev2=v\/W,x|i4/1L5hdnTaluGnms`dxd:*V`[KWMGQ26B4guGnms`db7`gqL71VKWMCVAWh<n4!P=[F0%P15X4(7@4VM^fkhxE|NXiMxcC`kv*oW6`NPwEy8{v9ixSQC8H(17Xa2f;1W*;7^7VfI#hL9PaHdq+{aiv>[0w'FB^x]1o+<2tJj66V%cv>[\;pvnk)^8\*x@K&H_]t[mErG+uN>o~_2kdfv2)Ka_Qs+ic2:UOejUsf:Nj`g5YJV:6N6<h26f2Wf@o
07-01 00:50:32.937 F/crashpad(28599): Rp$AEu)=5`acy%E`$FhfbrfV"):b++Iv#qEIJ?|Cf=2>0><(F>g-v64rjY5r;wd+y/`]{7f*U,Z/gy9l^p7^^0(1;*O+"ms2(t"%4("bK^nh/A5#2~vYl?cT3v/zodRL8gd}@9:0uH5yh<M`yL<vVN(seEWHz#R6Cb@ZaAz^aUWFm"u3>qf\m6Cp2Dn"+2>qV>:mOp$mX$yEMjL[m6Pphok"5C"sXrl"!)>qv><vcgh\nX9x3hDgZ$9%>q#=<m%pf>(*O8k\>Y]L@jDAV`;!(iN\4bGr:v?3:#{Ly^fiQ9ZKz?-"uT/IB[.G@tH*S%36>q}<FbmZKjb[]L;t@F0d:vO;/d:vEF0d:v{qz>IHCt>5R%!}/I@=2krLpq-3AqJA.:<xVp45T%A-fEZiQ9[K|(qD[KhF-"G;^`*x{)#Sy^hw{)I_Zu%69#w8^`Xiszqa/1V!:8TkFEAqZKZg&T+CsaIj$SD+>q-xPsKkk$Xv=!2;rJQicrXKPr:>lOZKJ7T[
07-01 00:50:32.937 F/crashpad(28599): #S-vsMnS"pD}Q%g0fERZbA|2eE4[v+VK,X-"k8rJewi@/Vet}wnu,Zx5/EoXtaE4yH2vUn:Y@tP.Q%i1>q8XowAnP#0d:vG7/n\K4d4[F.raWu4[2DqayR_kXKd|Q4taw='o[0KjbY7gk\p7@VJA.TQ4taa*$H[K&ET[CT0vA$kq@tp~IkP_CArV}J[KZ?T[k(/vYp}e(tfIP/tgB6sZ?9hUU>k4\nY-I/m%w797;G182iYeY-1'A<fd8!SRY--%#Mu}U9kVG4S(9|iM[}M,eD3rI$z+o}8ZxL=G5#Dze&H"4fi+!%Mx&BsbL1?mt'Hi/(k"z+S^?z4:'0wxe7O,gW)e8,'$cxgW58g;0a(L<#qzu}08!amG!y]FL|;Do6FSQ<~7j#p'EG[*!M{ob?)"Y-\@>{:9/o!.:TJ)Hsj&Dt/2';ugzta_wk_@7l8\{6w$n5/fs^/RriUjQOVP\Y_t*$3'!8[p5N]pjS|;C/R<ur)edbu#Y[3Tr5_K@m8G+E^W
07-01 00:50:32.937 F/crashpad(28599): /c=8beLg[rM2`aRDhw69V)=JD'PxtAI,gNat'*%^Px&B'7JO[{F-?[(T")}Jc*UzU7obXWicc27iqwl/"@{q>vu^\?.q+vFw0hMCyZ\,EmHO<-'h09,\e'lNwM%7Y<H_)6.'k|Z3ls_G$Xiob=%P[.H$))Ll,#`8Mscp(-fNKay2{Hv{BG'*y'WxOhVegJiBa1U+=2@O?(7iQl\W\.Xl5q'U*N`#+H4tb/$p{bAJ{Q5HE-qTqMcy1#m?{'G0Nr62YotMEcM[v3'37QIru)'{pxU&nevrZthcN73:?V'+g=Q+>ilW3Z$J,*'0{|{Lnutkmi7e]0e^WK6,,=>\@RU6W02;Z@GR]=74WdqEG=`>Ka3s7L?s`NqFo2mF8%2Qw)(zrfAkVZQ`IFCywh])fN/+Bo"{M0eBM1UzXz|+MZ#'`/TC[I-8*Se78-y^c}vI:Tp8ViSq4icg%@?;$)z|bM1MmN=0tfmI|#A6p\LS|HL4su9Erq`=_Wy8#iq,UCA~y06:
07-01 00:50:32.937 F/crashpad(28599): DWG-xV%7g*=\UQ@q=2kP+|X;*dX$Jt]<x~@8Z<-fOgqKFofT_R98P|X,WlQ5d|\KH]G@mYYCOta9Gh>Y/MVB/II&wHQ*AE.hv@+_.C|WKY6aw_.x^@V?Y"/F:0ulxaLN<toQTQ(M$<U&n"y-.bu|Ut\O]V%LnEn\m2(!(?}5SA$ap>MEdTvjx3f+]8EZ)\*p,Wr^8gBui*k>G9f6@kQ[rml;-Bxa>'ie#(Sa@G"/fOH>~bHqe8bD@n[@{jo08qJ'3\D32a*x0_Sk:%%G}/<rQ[]}{w~_(XS&Nk.qjQ]L|H#Lhii=-V-oFLps`mJ@]P_Q3Axj[&<8kidE?K8c.FFcTs`)t"Vb)0&?]BCln@Q6d<VOTX`r$!]T#0G\u'k[{WZ|.H3oS(JKRO#0hH*:T:FH"guaU=#C|bvXu>`W21?5(.]`,!X''B0T1Z-]cA,*qv%QaA<(&?}gE=#fW@+se@w\--GAAbX{"O^C3Hd!U/e1|?}!$04KghQAKp`s.f!b'B,*
07-01 00:50:32.937 F/crashpad(28599): FAW3r5xKzU:flwP6+]#@yXLC{myAD@Es>UAoD}MC{2"U5Bu"k^F-Kp[Ub[^P*a".{>p,M|Y=0ycPQs3xxjsR!I@O\-X@[{^w`?#Cv7)T}(UT)TTTG,gg8!}tyT^8Xz}s\d_Xa';>1:ghYvB<#fm>l1,)A!!k>)NCW8;/I?B(ah^/X]k8Q(Kh`W+)6vg!YL>UAo"<3eB>u"!IH8I?7~d[c$S:U6{eSRvo.f"LP6/=-cq0E.#JxK'n>ADbYx'0xW5BwoT/,m'a%egk5SaT2Pj\m1heh!K:7{<lPu~'[sZCmF]"!I<-ob5-?a*?@**)U[C+x<|r"G(sY?l>#':m>SAYR3)L'@"U./41{>D7Q(5ufr>b31{>f5K-aK%iiqYe;(<9#wK:;{xj4lY+`k3xv!&?eFyZL?,>WyJf.0*vDi&TE5Ojd73xVa'BD>sX$sn5T^bp3xnUh,L|N@uKcCv<9<?-7[lV"qbCi\u#]/48A;O3"r%K4x0^'B&_wlrQ~EDbm:;]
07-01 00:50:32.937 F/crashpad(28599): Ix{K:oZ1DjiXp6Jb-SK*,QeNpc!&1!;c.cg;&N:[|Bsw/;Db{).?\Q_:By(J,?w\gM'0@<fE42ljhSP!I?D|Y36$`X%e{%Gl}#51.N<l*-/9S/bi60{>Z8makM{;,2tuI`aADP#0_lHX?1:?Xc+!|iv+61^r4h?Ah-b@wRe#w(:{d@o<fTL5}c`+Db)0zuOW<fBJ|fljB/{>"-h$2zKAkwK|sHy!#f7{fqd,SKe(K]6.p!q]7?qp,A3vaC&eKA;?hT8U#0|(Vkne3ee#]/08WVUhdEVB]\5.j!K:"~ZcquSuJ)QJVcx$]/X-97TWu>5"'nF]aAzs[R!II4=q1S8V't*SAYp[!sjkORaA.1&?eF~B[49Wx1tIDbi0zuI|`:8TJAQRaAlJ/:l\|exl=x?nRW8U][ivB)~:e%)!2$+]3H!'|9YLVaGBxzmQ;IX]A.3!%HqV]K@O4W&v'nzWaAJIS9kJ*C<YsSS^4I9Ng+66'BptS8EuXz3x>UGB|({?Y]EG
07-01 00:50:32.937 F/crashpad(28599): 4S4xVa'BrilLTKD.{>2-GANPmQi0"lbTYL"OB-@F;(ka!lkP#l^<qi9:Q(931lslaB8Fu!K:{}<L;`V?'i;;w\7U][~7S]JG}:)g6!k[dO?v/;wJR27|\-R-|>0).?*PuSt$>v5baA|L#0"u^^8kAWF)?aaA^1&?9%7?P|nTvO//{>=$o_I*uamqj1=A`#"Luu.NfqemvSnCmF{"uS9'd]ReZR&]YL0^AoJPyEt%eY`)|a3x\T'Bht#QR:`/y[<-{^"zG@"v@,4=5_p:w\s9)TsoMoReC1rsa$IElOt>$l@hK:Dbk1&?WtMC_|825Q}!/K@."q91It~]ToL!e-,NB?-hOKb32>wPL';>qncp]_xKPKa"UC\e'Bn!d;?>w^DCx\BR#0D6R=skn73xN-;]?mnuK:4!%H.c}~EkKsgBmFT"UCxAWs>EVdpaM%Nb+9nck!xvmnE)df8!u0POx2Y3V|gi7pY''Tr71E,mqXbdgo7pw\^9zQVI+]CPSh&ViGxB
07-01 00:50:32.937 F/crashpad(28599): /<k';>S9QMMW;o4\{iYoYLx*zuY`tm$+{33x:#V9t>%Rul7^Y\p'hT8U#0RKGMtKs#*!ps.cg[9eeLVBza~'DbSQ'0^X7Qq]]dD*YLXB+]I;SRrSK{MbA45:=>N,-X8?Djh!u?2'd]<b=^w5?ur>w\G;ma1.rvu\g#+f9B_^T.DrF}pVlo7$a;[,[sD96[\N&WDVi!K:;{V9PU*X.gRpTkG!)oxTxunylG:14x.u5Si\\4zKfTDcfA8F<.;WN&JPEN&+{N4xh*;]+{4}=2l\I$+fB:id|W<fqBzFTSy\#/;];1.JpA}cVnYL\T'B|J$1%G4]-(~ovV{mOYu[,1][y/}!u?2'h?l)LrL`aAlL][tI+6-,c!*O(,61|/&B48w\mP#00lyeQ!Kke0,!(_J-JE}g]AYBzwm4`]%eq,+]'T\cB>m"WtA8g^R3<?WQiL~Qw'NCm+G^2V0/{>p,7[_;"q|AmFa"-o5(6wlatc.Th=C1q:~mdeA$<?&0{>/=XSxu
07-01 00:50:32.937 F/crashpad(28599): =_DfAem;\x&g.cI\SNs\&H##uSDB/I:Zdl10ed`$]/P-Uew1<KT}2''T$39k>NAYb/yN!-E3\EC^6*:&[[p~Q0{>wU#=Hfx8nzbg[$KLJ/vsYh/Ktn(O4x@fF:3LM,}ywp8g6!5Pnc]JWu>jH;w"S_6hUirn9I_e4UD6#f3x\|][`21l#t4xh*+]CHN3NHg(+!d]q}r$kfro1^Ma^b}#MaK-Ueg)FA"Eztqv);Db56zu)x=("g2dCL3P4xB?}9l\5d=QM]wa9?|>0)&?SB/6ObZ1Ah+!2DTfl;v[~bV[[cs$5[zm=K(=[r1n=U%8lcLb]p,NfqOW;oW>{]d3D-{>N*6X$t|bkKl^4?YL^5-f;&BF#@M"-o#J+]YN$jep1JHDN.T:^:EaD'lqm?Db77yODuVAgl0wV2\gX1*o4KM}})&?Ps"s*X^~Z2<;-gQx][aW;o/^wB>2b!@*~+v3+sWus|~"53X-ob~)0D*PaA2WMK6obu[!T(}/D~_^T.nLtKqq
07-01 00:50:32.937 F/crashpad(28599): I8~oR:)sX>?p~G.Of)!%]/zOeaF"OkNQBY2t{"uSJB|rd<Z1n[cvs!{Rt4NC)qLc<qmC8=g6~!i8nc!(vaubu0K!!+|}(*quWSFQ_CDbsq/R_3GN_:Pd,CDL6D!wgh-N<lg)d\y>*!rdnc_CYk)\Ue7&C?YL0fR-6[zV4b+?Hguu@(/'h?*x36`1b!W`.'d]r6JTxBv331{>CW|<|ryPWYCFY"SP-N6)e=UH8/1FBP3x0^'B:I/&/l2TQJDbcM4."q$)*mom%kog54"d./CF"0g=E"uSY,]dApiZT(}t+!p3mc[a~29`R&'TJoAi`5'9rsCWRxL(6{$p)a)f#C}8IM3x0NP,G_JUH7I0`G,:YLH*GB4nbuFniaaAJ[O-wf^]Vg$2ouO_w!S]n-_ql5P6R:2!o].c'C`D$+",{>#WF~Jr:i?)R-YJh-2@#C$V#0D6l<C3b!u?\,WQ~nbl1sUh4x40+]Ua.)yo>JYLZk`9_kq=UaaTYPV?LqU}erCK-c]f
07-01 00:50:32.937 F/crashpad(28599): W96p4tvh%X2!}tyTFl)EHG$q>1F.{>~-GAl6s|<?D5pUv/X]e2H-)o!Qz9(EQ6@>w\?7ui16<L)o`$+f!t>K*&7^fbQ4.2""|U.Nfq2JOwoJa$]/<-971Q7"I>w\uub9JcQ)bK6_p9qituNO6DKDOac8wi=WY,{>&:)TUEJ]]L*aX(U[&.h$Cwhj-8ksbo+!<Iv6ui<mDyPX|7}"HDN.T:BL]aiCT>~[aAD4&?#E}xtC7?|U,!|i\9[)Wy_3)KsiNJi7Tjrd>-)FR6%b$kp!7P:{fq$-0k'Bb;c8YL*;gsr/Vopo,-{>q0UZet.QWYaET"k+9-KpexeN0D2bP"uS8'd]R:JVY]yVF"i-`BGkM$2z`3S^.KZGzQn=+]!1xtQ.q[`2jNaA~CZ91=Itt(73JRdTKbGf'BN3>O^^][5BS"k^|cGfgu5ul^hqA$+fo+Di3W.i#tu-<?'t>Si-^BaK"0SSg!!5IB9>)CbTi?yJtKz!AEI-WsvQ74#=Kk1+K-;n
07-01 00:50:32.937 F/crashpad(28599): %:ghL*(KVe{@zD4xVaAord%N>u73JRaA~Cz9rsvBak>TMb/+-cytHog\&LX"uS:'.2P<PKN?>?A!S4])ru?+c5zKrf%v8?G!Bt-c5r?Q_:lRaANEVOF&Wx:^+RH!!kU4NC%WQEtzl{\tN0nLkmm~xwQh4W4T656'qiT~#fs&D;iPe]4xv9%:'H4+GuF^0SfAw5;]-N4}9B)SM!QC,Nz[~Po<f''Th6&s[p,J^AN85kr9gh1|o<\B6_L-Db{1gsRotc"bS@7!7Ak'Ln^$SLz$b\1!hIV9Lj7Aqwhw[vOS4Kqnf,}4]^2C1~*a~'EK8JBO~lco1m\SZ'qi`~q]`2{oSg6!5PPMs^Tm(6g|*aS?Xx7QN-LLt(`X1+CTAkI"?(-'d]\8hgIrBj|:vNaAbO][fawKPKU>#wrs$_wcBHd5iv-^y+\/9]/I-&_r,)qS;^b['s[PM(#gLf|G8!;cnc'o7e'3&8jwIcXUJ!#\7{<l"aYlv&@Wq0{>p,KE<A*uH2@*
07-01 00:50:32.937 F/crashpad(28599): f';>$:{RnuxrzQeBX[H>bLb3@;c46K&aPA[HdJ*!B,GBfqxrhh:=y:1!/=mc;A#0&>|,TaYL40+]ik~M0ftc1lb!q]1*Wsbg*]%e%vgS-Q!a<oL,yv'c%zbwBGDbG/zu'w2nL}d&;>[OMkcZ)qIxd)x'hYq+VB*<F/$A+c3Q#;fT.6vu@(W,wa(cwS#;fTg!u?\,aF%BX2<I4r6!%H-cwks=!;)be9w\u9|.DcK::dJBA.)P!anLm}&@;hyoN24xxB'B&OVCx;Q6X:w\Ma'Ykm[,13AznULj#w]s7{j#IT\^#LjyaA<(&?]Bu5;[i_x!#fb1f$LZ\Xi!{R!+no=k%?-@\s`/F-sDJ]iW|]"6".{>2-h$*PXoZCSo^BDb]vu~>jTE]J*^q]Xk@qHb[C;]AvHhR.;_cl`k1$]/,qH@rtLAHrIG{;w\1S%nz@?/\]twgKm"S+~<:i0M7d?a_wH0tk],.c5r@w#[sTct}il2""Lj\~Lj}w[{`fMBWo0/{>T.
07-01 00:50:32.937 F/crashpad(28599): wau($g$I}X*0{>Sk-'Fn)]cdY`!"2,esmRAY<D4Z!X?jYq*H}"!IO-%MF<cC0[kp~jYL0fF-SKaAE]LgM3Mb=BZRs^GncC1n&9w\7UMKVy7dS+0o+!nRd,g58)6[p3LbskMOV!+0eH-13!92tOeG*9t>Q"UCz2%bXF#0cgmO{Dog,;)TYR!n,Z|[yo:qmco3Y[%]o<h(EKv-&?1A5?9W|]\(eK|j'n@DJd_/]M3xx2+]5q&-?ih$5[Q-sD<P7dQJC_h((4|-h7=>^,S4i+nV,;w\W;)Tmq)]_44?YL@FAoF~*]#;w\!8?>F*6[q!AE'\Kt`iQFF@uiskA[}o[-7[*QaT>1{>*<)T'I*]%-rhuTC!)o.NB?~)va)0{>kkA~:B$Nb7}d}EjLb#+NvI`6HpP5G>,9u"uS.'d]5-)oZQ>w7D4xJK-f_8%?k]2rD"i-JIOgY2Q(xozZH_Nb$%552q)8'H&6wa`;DbOK+]}Ul2B2doa7w\--GAtsAKCl1!7AOO
07-01 00:50:32.937 F/crashpad(28599): \T%?ivf[LH1}!azd4,T:CWtSZrti|!m{.Nz[].R:$q*81;DbW/+]CHme>4i8&8OHL~Lj*-n*ewSKR0iuYtqRi\*7{R@(h-8/?`y9gh}()T<?&ZU9w\_7ma=4*(%HfPHlyJ4x40+]Ov)eA*<2xP8g4!'YD.El$b^g~rI`+VZ?+]_@vLsi<]1.n=Db=Bgs0>OtDpD2Hf((U[ASi-"<IK0L&?kK*!VFj8/*N$OjLKi:gt)V#00"%?YgPY6!%Hnc]jLXu\@CUlj(*!VFP;[)qbz6yBn^&t3k\xhkJloVb4EIe7WqgTP!!+;{xj0aV{Dx6):O((U[w~Lj2l3>'uG`y!{RF}'rfEY[9]Y\HuKboYOOv!=>)0yh=WK-{>"m|m"T+cWkGar(U[]q&s@s`t(of5L(+!VFn:si],E]rN5WL(WtUq*s6.{&ps4x@FAo@['NPnYLh*;]%(^/\?Max5DbcM6-"qt)FA>a,o.T`9QMf7!56&hoe?w\3W#0$Ds.R:6!WQ.N
07-01 00:50:32.937 F/crashpad(28599): B?-Q!Id!U/{}hZ5?mq>]`6jL<bo)4F(S8U)Tl+'.|uB6tu41^9{R$8%hYo2DhC`*%R$+<{d@[<<RFu%RF!!kW64FULI&(5\qXAAqh,KERq#jo<p^kj\-{>\;?>z^<NXB)j'VF!;(-Nz[f&rdQR*aaf?x:O0,T:_3aE:B{;j=w\O7)TwV|8JEn?(kjTi#]/28StB*Qj0Ig)C1{/hcPA:F1m@Q)$EA]4w<;o)NJ#Nr"gc#OWPS][fL-oB>3v,!|9GB>e3{vi<sw2Db%.&?u^p$$0HVLi=W+-{>_5!=vNPG<RFa4_b.gt#SAYnMppB,YL$(gsbW[<OJ`+1L|-bjtMog0Iuc<WOt$j%'!)`wTxGf+OE/B`g(v3gBo<G+Ax`JGBfMfuF.-RaA86&?}'#0*^_akY)!r4+]-5H^#/9bdSf&;>L+;{N]kB]jt;Ra,?Aq2,KEKU4b1v*)U[&.h$RDTw=P_>w\3LAo.o+!i)3yQ7#,cW/8,V&S4:W$AziWHDwLI%K%
07-01 00:50:32.937 F/crashpad(28599): L,eWecCB7lES`>]p0Q4ghqoR<i8f]dFA)kXajUfD(P$*|zS*nGW$.72Y}M+Va1%3^1R<DH4_wMwY;ET?bIwi4Su<XW}W!)X9'4{m8,Wh=X8mTHG(N49s`2;hru$"vj)+6pw7SGT/PBVh*5b5!#0h74W$$zk}].{b<WcDkor%P#2^.x(?36!Ktks}*40}m'C^8,UcgvFF]3zgz/}dScEH?0K]?E)B9|O,C8EB/|>CDoJj:+:Qup7qwqP>dKQ~T|E{4YTR[ZE|Fi|NNZ*?sY>Zo/bJ"Q'qA+\\~t$WZm)$L,7V9od_HmYNqs#4<_43`v&5W="\:%,*">on>@<.9B7jmM(_2wkaon2tuf+3}K=RYcH$1',nOfctYOQVhEl1*v|_v]Xq*@y6V];uGM)not9:=LTzs]HiR`$)YnB>ASy`!enY4Fqn@T,XxJ{@8i#vB?LXP6y@.wewgn?df<h+xf^\!dvu'B^a*vl1>:L)59L|CTRK_3lo@Cm3;ws@xP(]~(CA
07-01 00:50:32.937 F/crashpad(28599): bwA1]:Uii&\.nG]'!O'XD=4D4zs}182i/(?$LN=M9ZTlR1}rDb\&epDmt@#t(KJ(>WmXt\zh,V)z/a<#Kk';`FlH8@y`vF9w}f^H|q3fdJQ?xfsUc*Y|?X1lYc#8-7&Az?bw"^?3Rpp)~i1T<?[_l_<'(oZK3C9F@H*Dn8jkb>Epnnznh+]R/[gYGNVi]\38iuGn0j[.ksRFA[w5'Gcu912;:l==HUOQy?M:.eR]^:$nZ;97{a]qhCGg6z1M]&48]nQ14Y2uS[;}Z>P{twOVLY&A_B*jn3S`K1sut'/N=7y}TS=OH"8P|LqA}+P"ZpSn,b-}"EEFVjwF)x\%Gq()(]:i,8mG'05gjqI/I@7REe.6|4D_>I`'_k(e|*Uc"V=@VjcOl_q7Ho71x6(NtAKBpLn>2:p:?)U>5@`x{:Qn)fxar&2vG(y'"(sv79k?'o=UpvQ>WGgisezZ(5Bd#e`KbVE,4^G7_;S|Oo{N:]jf".y_{`$\E0'S%XtJynP/Cilf
07-01 00:50:32.937 F/crashpad(28599): oc8v%g6fAtdlflcH|2bsrV5IDwQ^f\rz4!A)CzmBG:l=7V7=y4/sQ?(;kZrF$b8H}Ph*k[:p>@@"ec4YUGwHT1S`]*9yOX7P^c\NMS%J<=h/MDudSpri{e_oTEl;Yk\.PQ`)"8C4aF1vxIntLsy0CH"0ILvqx/<E*dEMSbK,f$E2JQWsWX3/En.nD:^$;z]xVb@VCHho.ph5),T#)Xh@xGW2NrZ`z4`T3d)EGJ[<.3aW582X3E~(/av=#j\rQJ.;-x;OrJEnRnn/zhS303m}u:HBS`=Cv_\:atkdZs[ImkajFt#kS].sA5\M!l33v_dsjQ>{~GKIvFUV-rvcl/vrAW]j5Gq1|L(r(+|`^PpwH[A:BvL7AfFtB4s3IqP@IK8yv2kX^`R(V]&*Xq,b/#r2u}v:9BMUr1{W{k6qU>22@{D^teQor?Wk\^8N*dn]iM~4bhuIi?)*AK68'E&`^miV5cB4j#]bKd,>tT[;c4s-*`~(YsAdIZBe3[Dh$KaPw%W%
07-01 00:50:32.937 F/crashpad(28599): ?T0B\NT?fvU;!cceWEg3dK43,D9Gw&Hh?8}H1AyNK@Ijdw$T?Cn]653AJj]Ng<n''0ic3t6(wnG90)HBawgi(]lg^h'<&+jB_X9]q5obqSWG-klo^KhW6;#x$a#UM`O+vtr?wP1jUs#}Q>0:fqWPmI@YWN3gbmTonYGNTi3+GO49>zqT>`&>@FT^Z+OMOq'e,gnkTOl@Dh{:2?>^,q>6>jUwwc!:.FZN4)ImHf&KG5DYV:pXL-3tcN]W%68s|k=SB(tU{v(|skGKt-0GG?I\oMncD)9Kk(vAi!Ub^*^@[UX3;b1RF*JY4[X^*LL^J;U6b~Pq'6g`Iv~G~BtJ=8UUEd/;T}pS=C=#bE"eLv")Wv^gkIX2p1|5o:FfzW"F*TuD8J=FV|naSswdDkdV9fNh4b<Bq?DYN.MZ['JBodeS-n,:B0,aL3dva\.@[5rvq<rTVqUnJA!@AfxgTcUlBqYhRj%`26oogW=*AY\G/;c@hv)S)H)ZoJP5}p[tCmAWl/DU
07-01 00:50:32.937 F/crashpad(28599): QQA=dv.@;c=JA9Bsm4`Ird,wiK>R(`bMMBO^{<|uz9fz)O$txf{tVAeA:^&tiz]BkhoS|J0g"C9E2lOpP:PK5m)xdp@rBeEdzi[g0BqFz=ZhGtW]$}u4$e)Lw-q.Uv)k,s{3}tg^8[VU`R^Y=2DNpIN~KjNvtYut\V$^O6ASXZXQS'z.kl.`Bq5IOZEfdkBbFFH}huCQvIOBMpm4B(.tZgLMg:`gonIrl_f]zg[aTsUv^g"f^#S;wqU/Fnr]D8Q|Eu:ESo?.H=lHq[5l}p~i1fjHsj,Dm4+`0H@r^Xal"KIa9WqvXB{[-@zD,q@)kr<.jv#m[ga;ywd@qnGG{b\DI,Zf_Xy9a6E-9+-y9MjbBV?H4uQQQT&r2dWg]YVa7AbgVE[m'fJ`A`zq3scd~mvHd^mKuMR`2Wr=gH8LM0gh<axwVjedh?XgxGUL#V`3tAc.N@LP!WSq.EOAfjw0`0<tk|r/@P&Nj`[dFezGKw!v.W9o\^xNjG1k`+p/"][1EpT5
07-01 00:50:32.937 F/crashpad(28599): m%,NUW7-Sc{8CuWutIF\s7><SQx47."kU[m^$cLmmV'6T]wo~hTa^cULKCQU^P:4s8W=cJBc=S~dkqaCB^eVD?#X\o_KRFg2Qn0rot]K[crk#FUMpkWn4[IzIJ[`ZpUEcXtN(3MV9\m9<5`C:YO_+C&bwCK6LZ5LvMtin\_S>6UdM*Ko]JTPp]P:~jF9"#"s,nlC(*jypc#w++$dHl@W;K=_]iejihI&pC\'^#(@uWnOW?$@0]J`bk]K"Y?ad)|GhQkc9c,u@9Po5HdaSo6nmaro)."c%Jqs4Agkf3pF55`ak=#F8P{/JYIJ[4cz\u8&PK#GN+N\*F=Kl!9c25{qH=71IX!LfU)v{*Q(t_[3>Gmd6y>BPL>P1J3QXI2SO2/1%n*=G3kN,:S9z(T5Ip^gwY+u_D#s*OBElXUr:~UVFrPkQQ!~*X#^ZZ1uS)HQMV@Il(*^^A_I4wdvnalzJB=JvJ585tKwI<2Eo]Q8H^x{v4*u"kB;,*V*4i7[UhbbuTCj
07-01 00:50:32.938 F/crashpad(28599): q+&LH>JT_i.@J&dTKkHFZ($3KDGqQ]c<y|$nJk{tF%$l-ZvT`A'F\/+h!0!:7R0&&jRjdow1|1#GmyA.=rDr9s1%o^8tOUP)k\t?*|9Z@F<HXPk]*[\+_#N*:u(\PCQ6j34TcT2HlIjJUK$K+W^TLQOqeH^ZlFEUqjVgxNk82vq_TaUp!=,wpc.@b4vSPm%F_Rc[WX#W?hoz]1>aW?sd"jx0tN24cv<m'XrV=g~D?s{f:30J]HTr"r6oTgEjoa(2s]\M;g"ai65F{'>:q2`OEeU<=`Ut1_&O(bXappLTqQ"J@NbGDUi?;M!gGTj_v789Qko>e\}|5p~^Hk0Z^eWadN$3Y`wjn^{Vlg@f}vdJ&Invcido:Sf`1VX4@8zOKC<4aj<*nwZt6obUl:x`tUfqr^@H&:x.GHHBZ8W)PNgOCLwDT|8gh:41xU)G-i>U7/,^ElpB;AR_K@xX@0q.kGp<\C|Y?4ZnZQ.Xl5R[nt"8'i6eO)]ZQ5z?Yk[['X-}F.d2
07-01 00:50:32.939 F/crashpad(28599): tUT+X/3mvp70}sTw}$5.Pr2D|f8n_s4w3$Xp_5eUt#L|1,:?qkG>RNVwk^2:?w\auB-\4(r2HICt*qdQ#9TX}j]1`q)OFl#e{ctJPEia<(T]_4"YVX24!\D*9fJf-1jwA4@TO;=cYf5|x?i\Z4QO|6t(wi^_xhcw'OHh$/Vj/f=0,Ddt"5.>rbZC+@-y%PT5tlR6McIBD5lYN+9>hYlXPi]FsXnWi1\{1LnS%-yg"f8Vx3<DQviXa60UJjCQl>/rpsBWU(p`Z3)L-~f)Yo/p]rs`}4PPB4oo>PsY;yv7N]7Xu#^^K]:*=/8m_;N\1<&l5mI?YdckY?Eu{CLl"~iYwgN;{P=TM]*LF?~2u\h/#~#{UI2@(F:HQ6KC~7e}<ZN7LTd['O#&!fAwo>To!Ga\}{BOSEeHum\R76q3|gB+9q.@`:n0UQ?33Sz*,EdmK@/I]e&WSU(NFh:>"vwaWeY%Hm'x(L26meq2r5a=&|kUcQom$;3<|_"jOI7kDk^H$I^5
07-01 00:50:32.939 F/crashpad(28599): @rC{rlKd19:]lnqoro]|_qL:?3@YHL@c.fe/~0oI$29rM)u15hWX!JiXsm8g/i{0hhy`fiI:2^+OcUd@J]9s!PyZ-%^o<ldZp_{)rwR4:sYvp$FF@1{m/=G3?8&-eG%x,xwoV2E`'U#:;G]r:nrD>AEn347WDze7Wim6N0haUts+xw6ImHTy_u(_c^64S^l@^7av60X';t8"iXX\^BJW~ug2MkB6<_.^&'|:I+XF86@IGWVPs\cD\Arv$_xfeY;8iewJjuWAM{qMP8oRMca7)7(tX)OK}<_1dCPIeV"JGNJEezramK2E3Cz`r1&Y&H&Pd}Oh%YxEq2DaH_he4QxmL)N94@j8@5:b%LfH~mwA@kYE'lSo'T=6%`@9EhXw@dc=Xr2lXt3rALP<!CJPWWx,;yeP_c5`R^w@"K[[d@.1&dbug'<5"Ppam=,WQHJ1_DJ3!O,[h;St)mJa2](<3vVd292mdDgFWps}Ok)8D:9iO[#QGA~ju/X]FWM8h^-s[CIC
07-01 00:50:32.939 F/crashpad(28599): VXR`M24As[6M`:~uN!;)*k{`UhzdiB^0R4/ZTElo~Q@0\kO:X;Di7u:V~f8`O_jJaw.Jav\GieW*IF9385-8@C+ncK4<_sR*2_(C|S@AwwU2`1GeX)Q0ov)V1JrpHV:.xgHLq]TzHCTmmJ&dz(Vb0oBt~h^q3p"v<.0b?"_X@L&df>VbNn\[;5|[;Q5PzdTwMgvX>Plwy0w@Nj"+jKFigw(*EH@sx<W~=c>1\GQ8|aIN:is.]qmk?ACw>hvHtmYVq/gu86;uZ*DGKnAyYids@4c)n2+mIjrHO9FK$cx(~ndo=65Wv@bgZrfc~],Lw}3\6L!i&9uO8pXk^O`I5`<cRJDI3l:*#K_q9j<3N?N/xqC.$Ak>Fd7gOKW`j\@TOV9YgA,0f,A(O@d6WO@wQR~h4mGf4EJY:n|E|HBbB^r<-Qs3KE;nhpoos+iuo^&u~>4fF_+Wn)@u-Ljsz(5M|5/..UqP>)x^t`9I7onmDuKJ.n^Z$\MR:6@<$d$WKst*CZrr
07-01 00:50:32.939 F/crashpad(28599): QjjfXv|_4)JT]@$UZuIg/q;AJF/gK+:Htrb6;[=aUxj9"r|qC76l~0O}{Hz\9[MUbLd5ac46Aff]7sp38PzEz_CEh5mt"=9d6B(+4+|p/_^2:b(mD@VVgqHP:[`QEqr;ygQ4\MQv+5Q"pGQjsmM}{O{$h@,9tjiJ&BuJY~::2sQ;F3]+tR(kIfm^#&0ADo`umFjk>p$8Fd~}4/6j`+7ke,=@Q;:VSlO>ih:+?H>^7LGj+wUA^EkG3i[WZ]oQUvz(siIa]eMlu0.hJ7pJMVmp05{[gU73tOE^R#cco>ioZiikCLIgPiF+)vxphGtO"EfkfteVEeQ\oH*4@`9]Q6W\,p@Iya~D5p8)De$3rs1du@Bc'5xBL*vnTk(C~VzssJ:J)[nm{9m`*l8}7O2uYncv_38p~t.wN?Q0yY/QFg2EI\@nM8mj14eu3sx8Z?pjXV?uCs>luRgE<@[/`oH%;]x2C>?p4=x2x|<C.HQJ*`&9X>LwUK.O~IOQa^oe=G#\{|RT
07-01 00:50:32.939 F/crashpad(28599): 4:9dGLLX1:;2Z*CD-W]^YeSP35SIh&<LfVjkq+Hw6`U\>IVDU5~`Vg|[*f2;\w&+D+v0BIn,FWdc\=hBT6"MNfm@.M/5rjeE_uF}g3I>P_{JN4la<I{W]<FDCl|e/`)/mx[q`GWXKu>Dt3!y'rnh\D4o!ndKd;pr%I0oTHAeJW'T<0@8?|\^H<+0stIt,y;DPd6BB~-._K)$C*G*]}')YQ9k~un49rI`@RN\nprX{Cp(;s=;%v"vSROf`f&I~EF~W6`X$JXCN+y*dV^@dFD5K#<GpK7wut)j#ktBBZ-RY9/8X,H^)fge?Q8Tfp{p_URv[`_IwnMda:x)`d?9wE%IkduBVh7Aq@V4qP%JYsY^*OmE|B8otD&Fu3XG|5,)<s;5ablNT>J9+FXkIYb:J.khc;lXNDS]P=qYwAb[<)WCadij]^@41Jo-D3f6c\ZvuXl0YrS:"{l9%q\7:EH$;xJl*tvZRstwywp>_2X9^vbCnH"bMxiS{_R?1^OC?l?_)zTn
07-01 00:50:32.939 F/crashpad(28599): L_HeKQatTul|^Tt0,re#C\Y[l8P~a,"9:(_04HD*5_pg^i[Ge?AB-P)JkNmp^e;X`QTl`Is)2+rXX=h2<_*QmX(^Rb~tU,4o_i0r.*0j7>ga"-]dfyB)3l`xVpfQ=i!Z"t\c|n(j{@Wcu4j-,_f)IHWG](DQTH/n*a)bKRg7d#vnzj~hC(zF&=cD2@@.*j$]f-cZBcDQb2|H:I4i4O?b*+l_)jYFWI"eEqK/.q3%aXZ,+.T2`hrRH+8WzS~p?=iX="B)~^HNrYHAf`"W*L0WrJo7i`=_J\Ys9gMI*(xOy5a-")t-Y/T;z0~|5L,0BF'eq|1T1-\BFkG(3GcBjQs=]Fb<*;x/f6$kS]hsTL]aC\yPp++:{E<p2^8N?r$G$^FGddlgn$8wJ$$Nx:@Bj;@zbKAq'W9t+ov)~Wk\v)|wGdgr=l&,AbZV2gbWp:1LIQWq21[D:bZA:d)<EfFG(eP`|/"wxK&i6T#=}dr.!tPs+@U?$g/mlv-h;A,hN:Rt&uK_
07-01 00:50:32.939 F/crashpad(28599): Y4GU;?.h"j|B0HWInKrZ>F>^X:q\6f!IyR/mrFZX`;HZV~>4OnK_Z\G:|ayJz~EI11WDE1(I?Tr4BFnlDl_E>L.y\ahuzHVE>N(L(uR8h/M'deNHm7O#~V%Oll*|t3|$|k+9v>e"^Y1385XM+)s-fs;q/H<st/ZlJ2J><q}|vi@D-B0mxfzDfZDvg(Nr%9Du|*I@0a=U"k/8hm!Gnr\j,hz0m+>L9,(q422L\KT#Xg0/Nz(osUoup/BdI.><>W|Y*Z;X"f55ZZ9"jXJ;bd~Q5F<b$f0w^Iy^:*pm#Ye`E`2+{dt=/KN6Ut*[g7Sgd?liHRybNw#W9kWFY(h)4gXmgG8A?7>A\sfZ]U`wYe*],D`i1qEKD4<aeOPu`78o3vLJ4WXjz;#_J;y:W|VQ,^$/Jwp%etDOmix`qo*?95\h%=DaF.tYXoO.Dcl@d-bz7as*'Fr^uF+r>:y'zr+zEV|p||hNa6.q9Zi;BKI.Hr@gyP-r1c#$ytl^Nj\hX@tT@oHe
07-01 00:50:32.939 F/crashpad(28599): r_=+GUcy]RbGvWy):nQqi>2AB^;o4I*Y>W8Mp%u,d|Z`n`6bjd?q<I\)~N>s#y>v&u/Z`s0SBw+qivit/;@I^Zrd]~dYiz1_|'/*'W3T:H8GM*o[~VQNBfk^Up<cVwI9H[66eo9J/+hG}K|XigD1Z>,`4YrfMj";@%dw*bqtwIEe^6Ia!L'5>`d\_cEq*ByhST\:XameE$\i`Z;sqM\'AtD*O+a*AQ#[W,"d+D*yPX:OBeCaABbhj<66Xm+wNh`f^RI^;Y6A3k^G5[970@F?,(p2e8}XJ.-.u0Rlr`;"J26A4VYilf(po5PZSKLs;;n/aZuV5Qw*n,nFmv)I@v;=5dXr=3hG5L\~i(e\:c_wBL&^/w/Uf\J+Fn4'=Q([xcOuQP,5axy'0s&9}]twg>n^ZL`K/M!^N\aZD[zJP*>J{G"J3CCc>]y`ZTt^LhDL7I6a0ih4vd(\{:5&Vp|aVn^>NLnf?R+Vhiv`YdHm/<+aDumvoQn@mKJB$5rBRF3I?.WQ
07-01 00:50:32.939 F/crashpad(28599): ,?mo_K~S8uKj,lR]5nQjl7#2DiVZ&nNN4Y<8z\ulzYBpRm7axIDkkW@I=u5b]RHVZrZ\joW18lHvaB!J:*upNQCwK_`s0pgixG`-~qGQ'u}F*.wwVIRt1PF\dn]gWM8l0>(o62rdK?**bJ'}>VLKDvh>L%OFG#TCoCxpT\vV2+Q/\`E5$;Z`9sdf,h^)Ml@_v7ap|Jm]g3(.T@W_2.IvsD^4{7^pgIZv`vA.|qjW4e?vbvUo@`+PM}rv*D3npVAK5O^rr[8Q8>=<bXZUpfGj'h/qF`e$.tB~6`v^d[*[m:lL()+`YDjpfiFu~p^jMBd@@AF]HjEH0]Zr\</T&=r1cD>h91~JBv96/*@E5DJ5)LR%6`QLO[UQ.-601m4sm3dn1AgW6TIJx/~pht,xe^{dtCISPTa_HLhg*v`U2\lTS;~,@ic0sm=r%nY!$5-;"<y^6q]/2lUO_9f[Z2\D^A|OQCCK%Qub0@`(^6dRl?aX:6}KDLA]!6}j:`fMq0zh&K(n
07-01 00:50:32.939 F/crashpad(28599): W_V(Eh##OYs3Nvxl;l2i7]o`i$LYptK7HlbD!+Df(3VF$GDZ)x-I+-pq_fA[Y20wWoMLGH<YtJBoIrXNn(jBIU[wBZRrP=,)B(`R3OGu"3;NdmdF&ALH!<!4@mR=?1F)$@dN(@s(l/*v?LA&blpV:+@7|S0JbN+<0dB|b`nf~;agV`\C*Hlg}JG/:J-Z^iIiJpC5rqC3zJ,YHVr[[rkA/6@R$6+)Hw@k}U6gnbrNsv7=_O+j{ps;!r-4z~HR%0D*X9$x`FP}dVya4:&BGpW>0IhTckHnp\PY>5WAArsf|b]rDz^\F.zDx{XCJ}nkRCsaG}K[i>,5?b>kqW|'W1<[SW{pB2D3p3{4j;r\<r%ApR@bwNh43-[Up46_?hYo)@mmr)3_p<8f~^jQ:k`iOw;,}!JV$mbH)opSHm~=EX9@%9z0w.^OPKIFx,n~GW&DX^RtFAnK>k~q!`$F(f}eQYxwl.QtD<>uD0>hIiI.d#:X@J=.dC-_L7hxbJ[Qf<IEpa'v
07-01 00:50:32.967 F/crashpad(28599): #k`Tz;wnJr0r:>5FB\0cq:*wbecw^K;gOYiV.GxKRU.m'oTV:SXJL\Ti]OfGjK^K~$Sc>lf3C?1*.lTvQLZJQt,EktpJ75U\8y+5_ut'ZzRz4:dqtp>jAeSgm+tsd?]p|>6Hha,xvJ<'kXYG@bG"}Mr$hT&Nz'X<5Gdn?<o@GZH$s,0%#,D-DzuBn#uI[>8:!9VM'$ldO[#_GIB[%J`Fv5kE.Q[Z>Omj)jS>xhiX=SVlFu9.:a$4&DG9;Mbr0mZv\q/JtsqFqFks^a$V@9CQF-2?M,&H92jXV>5tUQ+`jszNWv@u6M|w<aW00ke+aHX6`t*ZST!GVVLK=_kYbGJj<A7a@b/)nXl_A*{sH\Bsz4oXg>SqFv=ogUhaTl\g%bJ6&tO%9Nf4Dp!oh9l9vu3Hc;YN:sQs7+7@RK6ucSXwR3<4asqmO}]$;S~Fvma#,aPy|5`o`m+xZA2kdk@1JOxd"df>$k$<mqrDY.Ml]f2w|{pA:u$G\i`J3oHo+bxs`;]r
07-01 00:50:32.967 F/crashpad(28599): !Z&m50H4xS+^f-&q7G_Ilbtq=qx`XrVnxs$x[S{__XR`/-ut*pVFcLjv9.bc0I=6p+ztC~4Cdw#EbrbaeHeJ{XBh;>@qHWD3h6,|fre6fU&+to?g<bP[n;a^8B3kLEsu/\m+&x9w%b,Znd^rb:wO]p?M*Ix_|JeH')t{(K"RVu\;3^$30CnI>MCUQCw4"_{k>`[-:Fc3+wlwTrOi|1B_Ved6&#/\?<4e\)-^$v`;$ds5IFOA$xr]RLF_RrArqi)n9v;:6w6>=y<`brpvIn.plK\69oO;.ijJU>7uoT%xE*Wk,Ud\Rjf`0(~p0g`Q\@-YKAP]!Re/0[~>jKlb*2|)EE(s?Q0IoY8vRZ^mX5ZN0ala%f.t?"z^nhwl8<^W=p.GnE)w@`Lw[@0K3wTv}p!mwqR5I."o_w;VS/^@9*~GPdBJ'vd\ZE/LtO2m_cxJ"<Or:)qKj<|3XS||~L`rno%m!pUKc^_azv&t8Lqq,6<`+;OLElQqJ9VtpVk%n:(Du\f6
07-01 00:50:32.967 F/crashpad(28599): k$Fs,v?<Fnp\^h`4d+)f\w6LbVaVZ_(1P8d]X}$E/4Y?w\u^9GY|,$PU-*:zgmBpfvnI+g$KqF$n<w,1\o.we/oAW41{;qHS6pyN0sYv4dz^8f\g<k>7$fU.He[Cf23'inSm{XcUM0$TF6#`N\(9VM$v[_IffuvRGuVIj^C4JXH5)Ff?`oYEh`:l^v@Qe4jH^JaoNSorqK=j@;"O>vpr+Flw7f{wdz\jhg.tt@r>C_D+<oxE)#lGE43>+4H]wb{CRMLCP@]V&@TQrrI@vvPh1.nM.DSTiw^T(Kmrd-t,#CE[-Vjqk}2GY>:nk\IVXAZ2[wzU7>HEwa8WXvO2Gn*x|>,_SY1o3wzHBLYdrZ"r}@I=gKaoGUJF~87MdmYS0Ac_V'!gPZ$sUzc)Aw>Y-4('@*;1|o3/NLy/BrAVtOxK^/gAH/3cVtN|}+@ibFRSs/=kyuts|Em):n\f4\|@?sbl`o3lrt^;ggN`?FQM)u`DBSPW\M(eRKudLjmMJ@7BHmj@
07-01 00:50:32.967 F/crashpad(28599): O06AW..D=1;R_Uf>UjNGbM"X%hqa3I<GW+gW(t%x{k4[h1+KEHD9J!*^~$UHAj2/2bcS-`(1}S*lJ^3Wb?rj-\81MQtvp>#_'Oc6FLtfvU?cLL]Q$`YIkg6HplI`KvEG^T5W%4(qqKX4j4Hu4l<J216m<?Pr^GvIM>@N>65pwV&><F^^Snf6>_lw"r&6GwZtjP_oh;2KBp(-?en4AsdTTsiV}F5|Wq?6j<~vh=HV"E^+au'^9Bcwm:#G'&v^<E>jB}hi1D4u\R)VLj&mFla6{0+wv3/at\ZKf>dT(iKrCAOm?LtE!=H\=S*w([u\-b7sDK.*}`$s}C[8?`ITuIipV&i`XNW|]/=^z7Vl#@]jvyBpQtC=GtbSL1nU+odf.iZrFY=1l3J}bv1OD6YR_a*Z5SBjv:]BrV@bU^_+J>PaAe5Sv@<LE_(?u>XI!Lo)B4]o8-pC/5kmoFN:S[,cR\<54-6LV@OP9^Bv}F.Cae|a3aRt@DemBLSeds3>_b`5-OuH
07-01 00:50:32.967 F/crashpad(28599): =`@uk9pw[yil%zu_5G]pW2S>xD8i'GUDpJpuWIx/:F~K^P]@xlO;^^Mj;`95`-pNtwwKqsb%S\Rrdu.[&vJ22fxG3+vpq/jf3tvN;d-4"RmQ6_:nKL.OPuIwE}fd&6~;)7%T"iE_Q"2f21*V,uM.FdN^j:_G@6'g2`BDru]0UF&fol'vHGc`"rb`+mSkELf@1FA#9P}0"a,R0kYqwpyV"rPm+mN,^H\`xu0k5[.w@WBnr\G*%H?Lfv,wNhlMM\0K*I2W*qH[hh?p:ld\Ltkg6HTApkZh>uY^|fl@ka%G^@blTHZmy'">J8HN5.)l4W44gl@wLl6p7+aR<`NH;[r5c)__pLv^pGs'dC.l#eVdu0sNGWEr@4<=QB.rriZ{}EJV#GGw7\h6VtQ@`AEuD1Ck0etbJW\l9d9E\xZr=0p3LpY*K96JM2u\UVhG:1sRI_IGCU?3.AeW1grWaBH]<uoZrw$=Yrt|B6|,gIDLE/@u)Ta9eHYqdE,\1\|Gbg#Cj`R}
07-01 00:50:32.967 F/crashpad(28599): mH&\0IDi[IB_A7lO4unNivN_ob:U>%xUOG~4^v"J@WKWjv:6Wg!SxkW_@umCTlA<n9Iah+1kl55\Ft@66m&H~Q,gpirv^hA6*\GQ__PS",i)IFuMZ^BaU0R8,U[48vyoSsTeI<B&jvrsj*dkM@eYmVlw*Fd;"b$5/`{umCNw4bpZP`.Zvd\4Pv0Kar/oB_I;>z0`v&p0?dXe`#*xQ6:`06}hep|Qw](^9xH(U>jcVxBlI9\sOra\&J&aZFbh`K6Di9~xZucf4sOot+,g1uEn@V3^+aSv!f-"z.y@.KA&qJhC8m:t|lx~\vZF.Zb5D/XAflFvTYPr~]Fldu~J.iZ6If]qV>CHBO?)t1>@Jfzv&SdkPI@S0A4|\w6N&v6\`I0yRKgJd+wq_aYT*rE}obZAvb/aRK`:#?S5umZ4l`7oz3ys|w4b`S\o7Y5\*_^{ZR@&z_5uXMA|GUt*zD$`0uBf9FlgWC/WH^Q67Gj$>^e>T[x4y>cg2Bf\z]vfMP[y&X>(
07-01 00:50:32.967 F/crashpad(28599): `pkL|q#38kZG;OZ7,wn>8nPfE&"^dsvu6L6s56B(fEL>gthXtMel7k;7MFqMpw*1MLd;Tlf6mKp{F(OvSlwO*T.8&t!w0QVUg6qw'1&GEv[GJ?c*Bm&eqKes?gcCPS|oV0NJ&XCf?qhGGI8w7F_)8Tt4]06d>\(gjRd4ZkvR_amX7m2EnI]Wh1fo7C/=t}<Out6?]rXewv<1F=BiYg.L<W{lD5rNGu_dbtv3?s[Y[giu,Ch^bT\r/n81KPJon\[5@c<S$c,5'q0I@a(G"HDL80cK-wu<aqwFB+Kh(u_h:vf)e4xV5`xqnaroqD_vfikIHbkB]AYBa>E4P+Ojd]9Lih*JN2SK|I.H/\*{gC})upBf$Uf61`(v]YYvHu"xHnBGGy,$&8LY}>|zTaA2xY@aAr#cZ`cv7oga-onRP>&80vQJbf7t15zlhe`G|FEfnpz;qZfv|kFVB1?@RT*f@uue0sss$/V+$w,jXN>)Hi?En>I1`quYw>d[q7[Id;TdH5Ng
07-01 00:50:32.967 F/crashpad(28599): ghdEwF|lWN#m0h]p>3'r7W^6Q[C?5d>68bEd@qw:hgb(i5}S*4k_YW:48?=ugFum'+xQbFGgU.f`Dr#4"v#)9WCm3LC.GmigFW}@ttkXyk?dfR%G1kU.&y\iwlucj<:jgw&`$sn'K[rV@Sf^sH#Mv~lw`H\0N+|uZw%1sl,UFHjb!r&t^<@@x5^cRZ|[06>Dy^tv'ZbRQKV0TIS+Z${w<aZ2Vi"JnJ1wko]Q,vvp}8)D~hb<@@TKW^Br#0?3&u+qvv0.<oxmgjBbgeW$sS01.f4k]Djh0m-mQ0uLG>@u2ak>~xSlm0E;}nA+ZE6?mYN?9OFl{P-:brzJ7d@G|l9PA6DCHvSTOu1bL$PUqEUl</R62DoYFd4/twBL_2^hULQJ^V''&rV<E=s$PAzw1^su6}x=*Zx]*?Cdva7WFAdv2Ph><pLwlVIL=h"`rDT6?b4_8q"vQ81UX8;6I@'4faL|'P3i@FtVL(`1r-VD0_gf.L6#Bnh)oG*:B|*,_B$rRmk5
07-01 00:50:32.967 F/crashpad(28599): HYFvUrLWMRhEkw%6ki0uTZ'V/JKL0*<+Te(x0j{gh@tKhGpI81N+zk\p6]7oeTxE'w2H}wQ{H5F5Ko#NIwXxdoS3\%9^,4*P3LABHv6\uN\K+K2zNA5^:fP2oV`Db/=gCG!rF[3,H/+g2Iz^BF(xP_xej+:?,9o[s'XrbKI*u2s>Npaa~@hKZC,W];J(45Gwo?+[>L"&yr3wpF%`0Fl1|3_Vj_<m0&n,G)cxj\(G]pfJ+1+8xmmGCC<\Gu@q&F>upsNL'9[Vx>CuA;[Rju29{3xh~J6v#Cb|pM]dE;vo<[..@u]t6M&Kaw"^IfT[EUsl&f!.tk26]XG=ADHVh`u9ElM=c_[ctXZ,%Mv`lw;-6Mx:8->H7+MH8w=o,h`<}E<3tDSn`q.tH(JFRrql9WdY,w@@5|X1J_,*Y_}g!45_!c'|Xl<I#3AcBrda_RhJXIIw5rYo$5%K}j&\KH6wxf{l(g\lG9L1dEko*JHn>hLVnz*Xev|J`p*vU3vHmwjlh3LH
07-01 00:50:32.967 F/crashpad(28599): "nbV?1U%2r]0H9iC9svax/[[_X@qF6O=.L1V,x"l(umKx_f+@nN5_EMLSg1\VtBKLYJ;0p#$eva5|@:WX_!r|VXr9neV4~>Kk'v*"LNx,sr`K1do*wS5A&LuYFD5,o#_Xr-:0APy.2JfXe"62`W5to,wgqFm<YQLDkXqw-25f~ZrMrC3xKgs'iNjc/N'BnJ;Tn$[&jWm2ibK&y2r#<]<v68Yd?Xw,Y7Waa*_lS3FEW9X):L/n?|V9XQ.w=]^^pb-SEU=:i]pF:eY^I]^qjL8`ZfV3FaI^<>Fr~ad`I]^|jL8f-fV}[a`FZ~shs8whsXmI.os(eIwh`FZ$`sOEvZ3ZUp^:i'asO[qJ;Y3`^:i'?J8D\p9|kJ;O>Nk-EOi]<RtzvznqIj:JZk:xA<:L^|H'e'J{8j_|$FAs1hS6>ZASbhi%7X0~9`Td<(PNpi05n!(B2(y=&m0aT$kq@Edn5r/wGDP.`PC(_EYJ4a>3?jRp?s-R4UXiJp8Yf^56-nt!W>9
07-01 00:50:32.967 F/crashpad(28599): /9=8edIIo;>FmE7QqZJ43-^6aXxi'i&H8:"L]:I`)`p]]Ec76B<@wROh:@dYrA$jhxBK(_{n|L]AcCJ@=f]Dnec2Ugxu!0$,~@7pfY^E'D;A)zd@ihn%ta1(8G:yY#`Aahr?ONViEY1GrfMkKVm@w-b<WNF>mhY\qDt>;hQ0dL}HDm,)$U1kCk=kk?KvV""<]Dd>WBP(\G4fLqSM&ay$8asP|ib"]E0T&YSPxl7UB)%7|"a'eWfADua0~R~gvN2!n2]><tI\IX3A&q+Qpj|fflIQU02j{POZ}Q;FsxcP_lIQgeU^aa#Ef(<7^}n~3M(ZLKRM)Gj^1wITmh:Ach<Yh;T/]d.=ukD0x]f^3Y0&B>+AI((_/o(?I(4dO"V<sYJ?Z[.D,"9^a?Fp,@)m`k<*J0auoS_5W`s~awfa(>e2&MlZF\sOqv;mmi{D@Z<XYbrNlil?8Us5L8`z}w$LwO90~8VL8W8Xi*'xg6B8>IOLrV8Xm,OL$W8X_EnwRtG~E6pv
07-01 00:50:32.967 F/crashpad(28599): ~tg~}Rt[-xNKsOMznwFp4.sUKu$SpUiq?cz>3k-ER|VLag]<<?]E4Hxu_o7ag:$=_s9TtUk(QjIH;Ct(<7,T,l1|sSMp$V#qBU"q3TrbI\{VCVrUfev2t~#Wfhr`)o(?+qNUf7"<R0<_rp-kR@S=jB3g`lzi'z]!qdoSuD0TT@dYr7dY>agd8)=VbCVIJ?*)WB8TLpr%B>ZL.[z##%XnsY(NR3K`D-:/7tWSf<a)*eNd{X&-/E97Y>5lD@GYp.|pen-47'a;LJ$]EYb<{s_-Sjr?UsL$RtQDWo3xBc`.JY,5UT.uS0%EL*^k/TUu8*FhXqq0u_=A7aN>UR"/VMV+Df1vSQVw5op-hBZJ59\Hm(u]{0UMP0~KNs@*YN,5aTX^WSwE$=EsPY*`#`d@h>4f^D<:R^_/CqnPanD"*lp.~Sx@EYvA(SBqJa_0&HnGU@_D1ra0|9.s.*clMcMYS/LS1u.et(;hi\u])0UOB?i:r./`[,2}v;`T0Bd>GN'JiT&@
07-01 00:50:32.967 F/crashpad(28599): VL8e@w5jzhqswhMr>XOMz_FAhr2S[3)}_JnDn+/>HdRT9;"xSIM>-+N%Z\x(VUV8.Y2/&^aPb^83ttFqC0Ha#/+J.vzh;0F.HNN0bJ,ZxhMAp;3=XEoMv3:;&j3\.YhZO("s(h93Cs]h7w{wRm0Mv]g4s\(e91Z!"ljK\nH}\lAu-:@;+[QJ%s3IgY>s^H%jm-zruyLgkdwhgv.Lwvj|:d8WV-d|ZRrAc40ZREEdXhU^!/uuu0qRgYk(nXfxyqb6f?VJl?5sie0ke+8L@PFN&K'EM^o*~DHd|AbYp\0^_U<3#c/|]D;a.iv?^F7];nR%+lN{!jAH/i\TXUqf}J%sBpmPtUp+laL}/+lan/W?nb:@8w6^[WX]TVzS\DbMl>L[qf~p!j[IdwJm()OKn2b;85@[zP"C&K>qK0Hus[#b(g}"cTj6qVZ5s_$KYL@I}\Slpkv?bhA;2Rp9bY(xHI)jAwDdmF/Zr[,D>bl?%sI"tI`APE6/y0)J:L/D^i8u_yV#
07-01 00:50:32.967 F/crashpad(28599): r+~`SPupd]50-@|wauz@Q(@uiIBI_T-A5s?.zhE]UP#w@5lD3vwfzQRA7s1s[k+e`1s_ZnEbH%.6<g9x</YG|('R,G1Pp`UXF^o*W.NC=uU"2m6T|w3I$jy3z(U5jK|DU0}(T4|ap[1+`kb?a2KGC]sk9fnPvl(g5j5D^D6g[0HdXu.T<wGI$j?F4Uen~pL[F^qf^c<+nF7-LX|t`jMfrbb*h]yO=h%^lMaPH1_qClnP<[T?iwnlb?X27uB9cE<@fcp1"ldI$CEuOqtBzwlw$qDkE+\[F\"*=KJv=nSKDxJv.v-f.ZJ[;c(xfMDj/^qfeF2[FIbrP1WM}of\P)JV~PPFj?%s|g8)8q5IP>|P>`@)HUp+&bdg:d@*~6ULT(@u1#l>8dT4(M5b%07u.%ILB?)g>4{v4D:5F%/WZ(dKX`?[;Wj\^l`UQvcIFI)itcKmKjPq:vG={nB^,t`:l{V\V6jXpI4#(E?K),6+[A/'t)=a\AVe2Jx!x`%o?vtmGr+j
07-01 00:50:32.967 F/crashpad(28599): ]dT)>QNmNEBnFd^P0)@1_wAX6er%GAz09aPo@Y|w9hMY)83k{@!HysCWaJbM,<GJg,CU}9/i)mxv(e~V=R=sR.?p%$*)DD@B:oR##D@EiM8&nojZ\/oqH/8lyIuuqwX5|/Fv{:8qzpYE!4ac="6l=G{*6Pl5ebZtH!|CKVbFmHM[m@YD"3A6Fk~fZ>:wyM`'WrzEY/~^"Zje@ZOHWkhY4`G7S.u6(qD3N`yfDV"BjIAxfH/:?v>"~;{M{7xm}wm@[O.)g_g&=`(t!vvNdG_*l[8il=,vB6Fs&r22jIJ:qVe,C@\hI>wgIn=S.B31-LHa3\FTLK(sE/lwCKNY310fxQ9mPy,?Rbho|SiaBm`d`G9oj8ouIZx-E65`4?|Km5[m\od1Z6HR!wy9IAD7}`US8wJj6&J}>.`,}QAKw(PhpdZ@6X;sl3AWqvpLq+idHLF,!R-<&Lax:r\m>bf_>WMuG%/GId5W\o$_Ly.P.J6wP1Jv'mP14wor:i"bhJytEdZ)
07-01 00:50:32.967 F/crashpad(28599): Gc21mJ),@LA&rwMu@{=S6)(=rwtn`UOIkJ38UL%a5mqRd{h91ZuuJ.0J_S36IsDgFRUwBmtnNxN2=gm/brSegE_K`1^5>"iXctV<MX$xqu^Dd$2LGvTS~,zNk\S{&3IK1Q8mc@[o)Gy`G7v-FsZ:\s$<\`iQ`#OjqI<i{f>Hj>yhQ[%m*^.\aQtCBJ<rSR/)'H[ml+}wW\M\<O[vR.w_BS(LQwzZqu}XevykVHjGZW>q^9$_vZjoNJaMJ/bb7S"1zKC4dU1gRp8Om-TrF4rIZuH=RHp\fV+Z:8P1bSQjx9rs.'qX0_N,b\"THAZ,fp#X1VZZCuZ,,x)i@53v`H#c12#Kn."A$j"`deSn^]8@[7.+)V7o@^6,}Bh>zSHO-)<Aq5{#$4`yGfsw{k!R_J8n@SE:GQ#i\d@W%Pq%i@vlmczz_tXOd_}@EIN],Q,Dm^${"6b53\muqu_%VIK9qZC^>`=K:N[p5OYcwa[ppe:KEK|+5E<sE*Qw).!xu9ml$q^1
07-01 00:50:32.967 F/crashpad(28599): ziHOO+hl<Q019N<*GcDW,\\O5Lq*2gNpE)XgJVW4D;2om.6K{'RL}*FdaT*d#)~wvO{vxfIaWF/:ovFOYupd6CW2h<9V51aa>($ZXeWNAEJ7ii&45rz.<a7CThJA.pP_Sr4QAv]8,IEh!6j/J(.sYZhcIficgH5q^G`C.js/2ZWw#.hEa+ivFk:V{_>R9N/4L/Gg^tcLIv\5Gd2<"&M}ld3Wym0rpsP}4X${.2"AmJ)q&Z`i5Lgn4s\6RK4MZ6[K3XLSL7'GT6VaF4,B%x;v<f!bHv)buAP,`Rnw\9[4D48<{7QWjj/auaCo,Cg+ZukF2*DKdNfl{olw'N8k2T[!Kwq*'phb<WGtxltkew5m|kiw,EYvN,|_xUhRV=ywLI7Zd+jw42p\D<F\Jf*(M5o){zew13Tv;yw@jg4w2%5?}0hgQn\TlKIub6(smCP)#A7J..#vzM'61,R6!3ABRxZFc.)L+(guYmFYYTzBJ9atlmY6LS|3wgNhW5N`*2khl=Iv
07-01 00:50:32.967 F/crashpad(28599): kmV*6pue`9[;X?wJM{7-^0a@LQm:&Q8a\ms,b#PJ94I\!v:U+t5(Ib/{sMJ=#vNsL9ca~<x`|D-TRnZt)]oX\0icV-KH~+&u1O:J"6PW^<MJB5;}al>Mh99.hw(AKueR7^>uVO7v'k~npkTX(g|2-L\(G`F<C[\eFL'PjjoIF8`)Ma*(HtnBp3)R>lX"lXq\@6LMvQ0sFHpzjr{ocqqF:^"6mVsk5q,Re<1\KID^t[rXACk:f+bQ>b/W/%#UJvM?]GC[zqRS`6."+X|dT9JnW5',V]7G_i'Jru8fQ)*6oEy?+68B!Q.Lc?<@4b>.U+Q/@IM1zam}h)o+A"Br:wup2&?$NnrB)JL9B/Tozm2<[i6h'WGAlW%vl|$2m`~el[Iw=LXmB9T][v,"g])88WFxvVOrNfSgbJdrsvAuZ]`gDqj.k5gH(N=@GMqlZj`<cKjIdYFL{;3OIpkX9\wN9Vf)y0;ldkEnWAGaI8J_J>\t*8kwr~leRK[DZNxVHSleRVMu
07-01 00:50:32.967 F/crashpad(28599): vMs`|nQZOvh2N8`lpImflwvP~b\w^DL7"m,I#QHryIOJ&(M^\Cm_F.)<"zg0IKu<.$|YmT6LMO`]pzyIln"\]Rkch3J5Bwo.`I.Y_dW=o+1LyXZl|nT6?+Q|1K#B|NMKH5!KK-<V#qT0-rVTgb!#jw{'dk+ql=BW$sDpxh21KI*o"UZs)Z-h4jK/+`U}7?-p#}N`ioJ--VS6S4T4Eu"\XgjV0W"$kI\IFF]KY8*xPmIc%e%UPA$5UJvMw`aRhAewc;QBHwIC{UHwtJS6jbfjpbqQqCdG?fUDrFl)V0?t0s7qEdyN$bTYCC!rD*#1Z0%vfE)^CKnHaN5M>4^B-Ihw<K*7V?.PWu:`btuXVj-h:1Svl&LW0n%H8jdnAsLE^R]k:*)}FbpAxouXDcvrgM:WJc{d@nzvBNf4=4.G2O[TV5/bb21O:J.IacL}wAee?1Z\M4XczV=hlMa]ovw"g\+\H@NH+$]({u{tTh"mQh0mer0tw8J^EWEWEWEWEWEWEWEW
07-01 00:50:32.967 F/crashpad(28599): EWEWEWEWEWEWEWzn_1Pj0jz3%KOJ$t)Oo<rR_MY.|5nI|9`A<!^Pb38A[]HaYol\`p"2JZl#a0|Mb|aI'~$K?!/Wn/1O@%X\zMJ*-6uzz&L6zM2K27b2%?{z"OM_(c2b]JWp."?qYpDrbt_c6HPJ!Txv@_EL<nd4")=x.Ez~+W;mv/X"X<j.|q%v7ih5j&noUNXI?o,Gft1<P.o31vOn\I}v5,J=hRYPEQk+Jt>c"tb8@=HA+}o<@a:MSrrJ5L~@V2FIwE2qF(z~|O|O|O|O|O|O|O|O|O|O|O|O|O|O|O|O|O|O|O|O|O|O|O|O|O|O|O|O|O|O|O|O|O|O|O|O|O|O|Of4-J-j:jcubVcu4s:nFd^P0)@1_A?bOL~wowRwvv`u4s:nFd^P0)@1_A?buGDSpm}lImPJHn%li\Ku?qZv@L'l2+eTb4B:4Oau|a*xAiUl3c\07u`Z)VE`6`aJ&in~PuWt@SqKRB~x[E!N~M[Fc.Uv}vatyo$WV4#LKm_?
07-01 00:50:32.967 F/crashpad(28599): cl+m0,6][@wmIr%D7uENG5Qs"Zu4~m\[AIU)}^8r0zF5O`Vd|dBZP)3}1Q<ooUul3NE5fJqUdHtCq<~Y*m03'e"{2O]TCwK7ULOL_eKn@Opu9V'G#5X=UtgyfQ2uZ`eNO.Ok:CRcH3EuR,-6kaUatKdd,w2ZnY)d&rr0Y+17_g<rH55ssdNn.Ln{SPALk-@D8WmG4mlhTwvdws?sv>Ky-q1m$Yu\dcyo`O=Loh~Wf&0VBz3|`giumfPE&whh=Co)^a^Ipb^>-b-_Ds@D\6.T3W.u!rQ{=o@;ic~LAANIOT.`NDz:ZrEMOgvc|@"o7DM0Bf[v>Bp\s;;JhI`"Zr^&Q=;O%iDKy8-r"wrU%gL7W?S7\{Yuli%6#vBt2\T2zi]oRi{_f5Ht\);oT>Mw@q?\D_U,,YnY`QC8T+R~QGO6)mjS`}X]`]|b$GN{WpR.1~(5T.jRG9WAP(ar-dF.cloQOs@bCvASa?vLpd[Fc.kwLYSq~@osp>-q*DJ;%xwqKsJT
07-01 00:50:32.967 F/crashpad(28599): Ur~@cuO[EW2Hb\;v^O)b"V?n>4bR3w,O"]WKTCj+c@/q1|R=OK(0he2Jjlsla]!"N.cke53]Q6vvqzCKDC;+Tp,ivsZDm3q'Z6\?SqR6nRzofs(\Di/UfD(Y6}Y6\?^gnP(EdgPqB)&L5qbJlbcVB3~k;O%w,!-+Ar<C]rZ_RaOeUs1ibbql!tps:Z$LuiBX%p^6?3se6a;vzf!>!?"2%<P)^F2vB4Bclo|X=q1<&lJbZ6?6za*pK8>sjEp=.hlo@3G),+5FV8~0KlbcBV}I.s~"ae3+QEHfDw!&kQ(s&bJD5v3XnTCK7tL+kQ%m<^-bH=?JmI>0$5?GVlBnTL01aH`Qjl%,RKeK#l)f+W\<Zpc+\t"8k+drfuH6Nvv;-p#*H5x".Gerr|Af|<h5h6ZYS=Kj4SK`El,e.@~`ZFsg>hbv]!5AqX:/hc&->90vZT6Z/A$-M6)CBrJ,yv;W\vyhT#.9eJ&o|Zx;GYri~XK}ew)+{m8qAR@9^""jb"QKFbvV
07-01 00:50:32.967 F/crashpad(28599): .o&r/IZa_d8bPO{`+gXe5q3ZE5~&dwHHOJ~3a*{LAwV-&w@8`pz*>X'VS6T=Df~Dn8mK+i_T6N0`EVGFBbJNVgJbl=.fHUIv4FHe8q0a6ol)Q10Y\0ec~9RgTgsXpSFD7"|lq=csrcHSFPe0!<a\5w{jAdkC'O03(p?m:3Jo}F{IuM9uQVLK.f&.t;A8F$al*[RN3ux\\Y:JUH{Q8}XjsK")LS*LA4=h$NBR8~)6+i21561t\%.uKAv0"ZX.|V-D'aDD^+Z2l0`I!^6-8uLcasyvqJI8egr81<}VWjR>"wzJ`![>4;csscHSJjbL8AeJJk4C1K)JQ=Q*XAR2M56-dSsa0K(L6R^L8ird%s%)@.;7]0)]>?OjXhYP_642z`qIi,<6b]eXZMAuPUqI*Bcu.<yf8?zhLjRIU<mK8-q0I`XC:ss~u@Ca"2R-c{0w"q*T~FoPlw%_Z6qw#Z|o"q3|6/8-=l\;+4^L_aCXtG3qDQW.ipX,_w{TE|[7=3*\>6N,
07-01 00:50:32.967 F/crashpad(28599): G]}`L-(L<S=](%U.x1b*BSJw$f^\&kH-kp@5VGnI:L=r]ruD{X~0"tfux>mrkuEw=wAKN0jN)x?gN(>+zwhs-kx-;al40agKAj2l\1+D@},JVJ2K@Hj>WtNgRJMO?bL-N}c>b6Rg[v{MIwTA+OHpXNXAZvTL&5oi~`KLOm&Gfr4;#v3O)w}+Br"X"6E,6MQ]slsC>H4m<i8]JuV2"\ZlI~:8T[\kuo+Me+3m&ORnhn\,N9_d$D3DEKQk"Z<w#rhSY1"&.5n,euWaSJ,8tMX5zajHJv15:61w\6(1ujn:0bk_+K{k`6'kbQrQ{a9/bKeq4;9\bN>Wyw[odQBioqkatT6tks![zFcV*FhD~DzOOnHCz3<Kry[PWA7Y<)JZjW+^:m}]>d4c|?,WE4M6ql_?n8gz0DX_dr6^JJdZ\0JQ=vII"Yyn3a,WplW_yd^ak-~hyqzG?^>d%4(j(}e5`L@9"C>w{Ngrc7iVgrnM]CIj+zAH^0Z\TGEsTh~8nn5-*[~P
07-01 00:50:32.967 F/crashpad(28599): F<rZa2uoEmlIRud*)a4NYnM9Zs4;$3;J.X.9DD#Jiq&~!1[5|jETPj\>8#.hFbT%<NS_SbRp*&#v/)cs+0`i`6*u3LqlIj[`1EzftmR6gdP`tr22dEShtOW5Wsj7dE]blaTvb7dEa6`YIjot)iY5hkzhY5xjt}so%0L5TauX\0/LrhHU_HZsjfm(quK3=WvL1-VauX1jKR6|9AlMsm?;A`rIDltsD&{I[K^!Jrdrh+-oZf;AdIp\rd71kt[q(1PIFLMXTa+C[PsQcar"ldc\F7DhvC,T"hgUf28aNJI]6a~<cec\Zm@}RW2:eK,>PLyJ,!Bv^nHrQ5st!$9qXZ,[N9SwqK#s:]<#1m!{:UB3cJfuGdEf+z;@#BZlzVzqV!dT;AFbFZd\^#Kw,.Wl54dEI6v4`H<[Xdx;uqk]B3bbWn;?8]QK6,LoIjEsfFIj}oh_Ij9kRZT,OrxNwBC.)CIjym7k<y3|IjEs"_<#')$V^QtJ~)$)Xa+shq#K<X4L3igU
07-01 00:50:32.967 F/crashpad(28599): ~lk@=pz>at{r2pVR!)2mr~otAtA8`1J_Zk]w/cP_n\gKHSHW')`e{tVZ;ApwFe-D0Q3v(D`<\w'RL*~+9b#..<#N$)=E(%.8_ckw|\0e+[uUO+i3Y+8&Jy1-~5IQDU:gs+x9ee5VV0gKg0+6iK_<JVg#v,>a;?l@I^{FePLW7D>@.vX57nJ*I}O}'<<OnK}=d\Z%H&;AHk:gg=%xb=ulXf#;d\tr8>$U|hN9r?dcfud9[?nQaJ%mmVE,>0Da/w9kJV#1DLahV{`'5SD6yC_w%IPuq~O})qTO!B?sPh|wKCXYO}7/5v49=Ll|Fsh;@bt`}f(6!VFhyq~YODBR>*(j(}9wcrPZ,G~9-I74Vap%K6JL%,s3_VQR]rh(yt=HK;n\J*+m3_BZ|6^8*b^2<v#S)Zi}N:[Q{EJ]{@q4{nD%+8vM#J;vG4#nwrKel=j3AF,}@;~ucj:^N7bqZ,7DCu<m{`<am)66I\X}>Jl_?uo.Gk6^6a1+f0A8Q}stmH?e!B7s
07-01 00:50:32.967 F/crashpad(28599): ne\{?u]ULKzt.N?u+@eXJL#[>F#K$[JlVCH}UaXjiBe66R)>KWrK8<?QRoHrQ5Gk*8uF"[,U]afkZc^USHfrY`JocI{I!vJx<u#scIuu|]?uslqs?u5kp}(6bdlatlWq/DH}AKVs^70K{nYq2k33Ih3d_'PrJI>ffV(W^QxJ${h5[xY.ht4>rw"uB"{pbV8a(s%k4-!A":8>X67s05^clcS+Mws7!Upl6ZXQ(fO](6EK",QcsC2lS+-wGk>"yO#u_qylfD;m*OTa05*ixXX?1*X5._te?uST"eV]AB$vs/Xo?uEsfF?u}oj`f6^ls$xQ#k]qZGO7yJ&,3s0Z(_-ur0Xo?uaqzGih4BpQ,kfkv~(Elk,i~1Sazznpwr%Zva5K#TQG*utTGnWcLL(N-i>b=E5ww[R8p+-54C`hx%&xv=dtywsl6Y&e:\fE@<3LhmY\otLiTK~:0b@('GUwhxWAf6^P-CT;T!J^2.Kk\3saV4o]V^RCxEmK~@ZP#[_a8O<n
07-01 00:50:32.967 F/crashpad(28599): LA%c)>e5}ONPQv@HnFeG-Uh6Ys6fQ?-kz~aveD>G1:uq09Vvk,J+:]=L%r~hz@~IEZCv9\zo[t>z^D8~Mrhd1sPg~UlB,:`*+iB/(m3@_J@q9pAAI^U<MY[rEb\J@qQR&abCzd^FUa;X)84&TQ2RQjbpxX]TtR$d;J;G`Sesyd:DZI`ltwqYx_R;kL?Y'v&3}53;0ad>V6bnQjJusCP)c0Jw8"}`*"h3Kt\2Z(,m(5HdHU?q{v!vt\pgRRbCewC,|J=zCFeq/d])"L`^N|Q}QqQjzmil(5eJ&o8XBW:]"FoAbrGs:](E"N7kz8MgGW'4&DZTjBJ9BLhdqtN?VZ"C~Tjv6G3,"YdTD6k;Ap(8qVqusW"C`n|lAwoW"CvBXH;OwWBowQ$hSQPvi9:@W4WYb2@p'o4k$e{n8?)A?Q1-jK{X1jKR6|C6m,JG0.8l!aCg0`'VmVJwJxdIAJ~3#wN?$ekO&a"CwtjcW]rm|l[gj-/kv8gaquuW"C}Gst@(*Qq2
07-01 00:50:32.967 F/crashpad(28599): D]7NwQ>eas5D00:?wQtr0ORW2:eK(>PLo58!Bv'scI9+Qv["ctCi\i7-:L3W<KIq&"%4(ccf!2Ia{'^BWv/,n([jyu9jD}UAUvGx^<F6YBKw,.!AJkV(b\<'b+PKmHAp5TZdx;uqk]"CJ3|_xi&0HAP0C_8%R}Vv=CxQS7$e'tZiW]X+Bp>7DL{]l#pde;1ea+hc@^8%*)E6/e`uV.Tj:jOLIf#{"Ck??_.01ZhF<?Ua0Ie_V{fGCU:=z>pp\l64-ZOrPT"|H)o1++W,9`_g]pN`|C!Rmg*qFs0OwwetKjspHrTES.VGZ~[Hth4kR&!1KSaVJ1FLptn)-zso[tctE@VD`n>vXYz"x^3bm(E+aK8t<q#)mw>wxvuJ*dR{R_kvOn"p'x[rhl@Q8b(90L;7,x{/y(9w^5GjHh"9}KDKY?hA)K?u;gB:CvYfAv{wTAi9GmL9?s4}ZchqEad-=@'In_#+j4nW@9GjPUt3q'*xmJEdAb#WhmQ*Wvp*qU/bDrB)
07-01 00:50:32.967 F/crashpad(28599): DWktD3*v+s$49L-0e53cLl([.bApQ*5unG)&Q,/mAi9FKVe(>W`=*v`}pthW<Wc[0m/p.ibvjtI1@"`iAuZ}?D&;6LgKa.u<7Ouocr@i9^'lHk7ZVae$+ZLBL[[vz'bb4rQ*;vzk2"&GxqfxZc&kQ*5K'h|zWv0R{`nWCv`*yuQ*=K!IS,(Gqq*^z*Nv0R2Kyl(-1ZPJaJBI@Qh|fG'wisR6dj.bz5v8-mM+'LvJ/tnjNF@Q96]\fdo9-m%W5?@QzO=vNqtRQ*)\p}.m%WHC$4G9/wmt_V.m%W5?@QvmwaP{O0'G]gJ*!P.mM+0tnjNFfTopfxN9#\woN)'G#<gvrcr*hkhM3mWX~1Lwu7\_[4J`gFFb^0H42jzmLTioJ$4Z:Rp9`a*Z8:~ST1^Xtw]E`Jdc1/96f[)6yE]K!odwfsh+foL]:1_H+p!N9LXE!tRw1jqoLqd;%wNrN5Pt\)\rvacJXu:F%w1jU5-(,wcuTQ!KdX>a7UKX`;q3le$*p=.l
07-01 00:50:32.967 F/crashpad(28599): IV>K'BNA4vy~qu5w@]i6;U[pYE@t)xaw4\o5TkwpndOs&Ze>j5'm3qj5SJ=p3p|;c?W]g+HX2K|/@275Ik-Poac,;Q5SJ+Ev=!-Yy>)`-H+Znkdrkv?L4h[P3&TQ2RQjbp\fR:^{Fw8C6m[J.x7*r6Bb{VXWl/Q_fjc[*Hhs\](<>g4k6o=*zzi%.)=L379OpIBs_=I):Vkv#v%pbztg).Gm.nhaqIyuE$WP9O*Rd3b6jL[OigOn#B\>UrtSzmYReX_/DfNSpQ'~j&&wjy=sIWV-J=WPoFKe*pz`NAv*i^vf.ter3}g,H55cTaj*]o\/cs-0fD|dDi*&ow9J$phu4vrmSKD]lXTAKns9ovyE{OMsu4YNY_WHT4gwc.\c\'ZrH[Z3)n+*;oc`FL0hFR!W'l&PVQhnv]vo.aGocIIwM0gD&|m_0Nn0pXTQV:6m_.\oRoHrQ5Ys.Q7L0:8>X6an[?%5JGvaKKm3W\VEk0"Z7D4<+Vr>ZTzB6O^rT;mu[7yk
07-01 00:50:32.967 F/crashpad(28599): .(la`-?H2*Dt{u:$F}GW041ROhY.)c*<t*>X'V]wEMOyFW<jc]B2{6Jx*&UaB2~v'G^\L]cT(<*j=qdV4_8^5lhEk009~`!O}5"e+:|1,R)>KW0bb.Jv6fla$J%oT==T|Kp9NY31~er^hWNFLl+8CL)Hhf|lwr9w`L(KVearN,{SH=HuC#'X.z0>0KEC.br6=wYp-)C4wxAwIlbFlnjHQ{s\GnY("v.me_y#nI#x=0m_:<{_rJ~9l8NH.f<nM`nask_IBDZ_JjZ@+gGW0MHaDNK*x5(uO1-l"{pu')all3xu!nHth]hy@AeJ&o~Z71JJlH}S,N/!xUb3LK8ctq\#w`'-xu-T~X6L&>JW)_x%WA&8]wPPAWH+/uDbO}r\lu^*6p)c8ee6cql;ha'_7EnF-jXTBf'DjtnF[[rL#6Kt,I|ueGmxJw1x2@]wwi0_7aJH^fHr:*7+sW\ewtbw+sLrX9tsUN`tKxdI0JB5;}w5xQ3baRm:pF+ApaB1NXGKC.7L
07-01 00:50:32.967 F/crashpad(28599): 6jb]IVkVv5JbpK4e!tD<fv^C8OrtM8No<m1<8tHS:w2*re:`+wGu!u6rpQh3P:91<rjRSv%NA+Pz5jz>+mT+|Qo4eMYAv\cvTkC!jVpnl+{*EQ2bF0`m)x'_vt@uOavo<mj).UUaDNK*$W9wvXpSFD9D;J\/zi,GK6lWW-.(u,hXooxkeL>(.hLbXo=:[+Sb~f(!Sl|S76yq\fSChhhRZ.R7fV#Jc?ouJFIs>@,0(e6S).3<K-!x)~1LMJR_b<_A\,v\Y4]qEK:xD3#JT+V0wn8eaiTsAzzYF&_"]qXjr%(aP1kJA#@onS`t.G~e#t*C|OML?,WwRuJifF'vdMPp"6eeLwUs9>:e,G<sA"F$LwKt{eN8IHze^0NZ:\G+-XbL$g82$w8cZt0!\gVmrw]sBI.x%Ke<5q.3\l:23mO/IV}Jc]x%RF';914r62I63IZDmxAKUsHXt[#s/mLv@X]6P<6\L)ed*8uleQ6o4}DoUrU93<Vib#UlDnb#Awr=ytK#
07-01 00:50:32.967 F/crashpad(28599): v3t;]pty3@{-0ic.2brv?"-&\+13{lU0AsZR5A=JspA"[l%F[+="miEh#t\.EUV]'4d3>Wz64}=j8O"tp}_6[fsKll"l`]dJ|oY8EwO5VPJ6C4SS1cheQ}1unOW5WsBc$xff&Laqp]dg&|N`<@WF0YGn}VR3jvA@2lQJl7`r{u,)=wJKwK7!0@?U:vWFJ]w>GwOWO*@U,wec6R.)kr2<a\5w{jozZkes~Z6OO!&\r,0LD""jb"e5"V/b;FDr&%tp\}qokihRcIj/(liF&b>xVz'RWA1v]]^LW5Vs2c$xRoJ65k*~;?V0eeVp^>"g|lg=6F7^bKqJ}sK:^m6H#g?t|'c@"wvhl!Hr43DvJF#_^L7A":4\{H)SZv]ok>3'`bgIff|lwr9w`L4q#s}FuuwpwmF@T;yeFvQfBHvhbv#S.mbdlah&gQnC@YMsueL{eI&v.mAw1hpwG9puyB(g|lAFxE|lVS=X?1n-CD`")xM,2[g6Z`%+-w\_ZT(-kWE5&Cf$
07-01 00:50:32.967 F/crashpad(28599): &aMs:KwMVli_e\a"bJ^0no0qLSF^DWO^'5UPHaII{a,]X%A\/5DfTDl8{Q7SGr{lz6;BR;SS<WMc_)DWLrnD'c=a0?6L1PYI7aWYNXUP&mbj8U5L{3~Yfgd5-mHW:qPh&0~l_)TK8@_a8MFUd\BDWW$[dgEyTRr*IsN(y*j4$Blab6Gl7cRrbJEdvlFt3|W}zuB0rNq`%x@u6H`R+u,?3<6X,G@iq+%8xK5q8]4KmkdwLvWc\r4u,tmK"R-hPWRfBB!o`/pI:k3KnU$lAZaVVkBB'4xpv[x%U;ww=w\cdv&0>vg'9Lsv6z[P3&@g-<qgdJq5hef69W64|w=wNdM9ktbjnXcG[&iWDcq+CO|uHq<)dQjLV,W}6kr}dcqIyusK0Hwo\nhw\t1AWs#SYrZ;<Rf*0t7R86es@)?6iKTCerF(_HZs`qnI}KO7sw=7gfBBQG{IlnveW}JuRk@oZ,JF"N-vfPkVRKM!tw2nHr]svSdcw[l8*uGfnoviF'ddPPo&
07-01 00:50:32.967 F/crashpad(28599): :~ewx,DA}Kjp`1O4sw%+KkuODAXu(P}l>R4O&}6@`Huiw/6(MrK<<OpPZ(gEhsp-hUh5JC|@{nPK9a1+B9]r>P5A|tp7q+YrZc@v@s8l!akK<HB5N5BL_oDL$A_Q<LSdBBPIKJ<O6kl}dcaq|xAwdjBB?nNS\':6+hpAW}|`\>JLGx*&Ua&sbjl+=H<O@<J^#p,)O{s\Iz;b"v'G0LWKtk=uMjtIPiI=<OL^pu=^4S?p'o4k3KUs$x/aO*.O;w#o<KKt{e\S&LWb8-t;PLla6`'VmV*wI!0u&,>b>,BFow-o<Owd(eiwLv?am)hwIq`1_wKsfhL}kezu0%$Zug6DW}zmy6\2<O@<H]%Udc3vV,j\iub;Ax64Hm/t5@7Jl_zdP#TNP1$S`6Vbjl/.!UI&rh6R~r7&lenz!VRK?,T,W}Jm^T5Asuk]dckv_)FOmIbxd7<OTbrq\#w`yTblBBreLhHLQ-r+@v>|Y.A4Fgl'l\({\Oewx,7b}9=*~hwcbl^M
07-01 00:50:32.968 F/crashpad(28599): j|&e!j>>|mAR]rgoeUf6;x|Uua379?<G4\H',H#/R.T(q>Qpl!!CW}BiznS3o5PjVo&ZC@x%KJxcbl$J{m`1=v6-\Tal5a?a|Am8{ue;Mw!.X@s;Ng#W<m@r#A_Q|lcsvT)q">l\^jW}^EAJ<O5kx}dckvd>wKHB<O>gdq-d$x'Lhs`9EJ=Bhc|m`1drDU#L8MG7MIWs).Z@gEh]Bur6[2(8}f<ArRV5I.&b&wr8?L{yMLG,2[g60wUsII'\br{KK70:;/k8C9Rg&p`L:&.hLbXoW:[+Sb~f(!Sl@,>&FUHW#wtiL8KWeBd69VW28L;]dceo|tCX?bDO?bRf(Dbn|!s\^WGFFUx7$t|vJ='4ouPeH9YsNyz/Ns6=Wvth|Qd6]ybZFUPcx3{Ak`^2eeLwUsetCRHu9sA"F$LwKt{eN8u~oGuluKeh-6Is~f@BwuBN052&Wl4A9o<?!rrw?h$S\mOy/lBB?nh0%J!u@)bu{nNN\+-px1<O\B34_Ks["Cct
07-01 00:50:32.968 F/crashpad(28599): Ki"*ujnm3i\UYn8W^aDrZ^CV/itB9+:vi3kuB;aG=o`1#a&'Wg57Y0&Sq2ke(GL6Nx]cq+/e.\RJ)GWZp=QZywWt~l|Wy/[w$hBBgr_Ju!oa;o\+-_dqzw_8UvRB{w%+|KLGC4-2nw;]dcAmrugm)xYnR6wt~j.Kb6nH.:CtK7+W5(JiO):vDV=`MsxaXiQF/"gF[0Z2!kDmCbdL!qosRu*ykvhf%4#wI`""ka>wegz6Q{%W4chuhpHZz.LLghes$=6OO!&\>10LD",_""]o:!0LhDDF\u>|FCW}*8GQLtbjL.gkB1iv-G3,pX~Qewx,x;IK@GTLsuB&SvR7<OD0Fhd6_Z9jJbBiMIuufP=W,:t1r+V9T/lgagLSb6:CTL)HRo`1eJ4UCe{l#crmtPSHUk~2>f4/Y?l'?HPVLK.f(UNL;2yi"ZXT85kTXYyw{&9/:.Eatn.Lzt&NW}H2ce,+|2LKBT0l-0<Otr$Iog\_@p'o4kUNRy-xtn|lQ5=vpEiu
07-01 00:50:32.968 F/crashpad(28599): w/U6)p`1KuYu0%2ulejCW}drz1'`mt,?wA2*'`?C8jiw,foFt?-^Mq6(MaFkBBHSNZq+3?x5k]dcOH2fmB;1i`Kt@))mqtvTKt?p*T>&<NW}FsfFW}~oj`f6G>Z\ZbwBC.)CW}zm9LBB>3NL/,l7<O.w&jwPE|dcwf$lBB\6^I<OxrKZdcKA~P%o`1pl@/JLCVR2.VdccqXAl9.W-{rFQiH[qP.P=tF@2<]&bH7JR2i_2*BSQ1JA1wp~Mae[9ObR_/(x_HT<V8"ukDB2i_y.rFd5dtFmTA=O@#w~/mA0x!6++aAGhN;1^66l$eX5}u3J;Q{o$Maq1YnTutK7uKTwI|}v`T'd>q>Bc+-uv_$Tpl*B:`8Ezocj@t12Wpn6F&|VC/AViQP"Dkx]_L<?cKad2bcqT3srH;og@1{Auun="bPjbldLbpZL1-vaZvLj,yovJ<J6c*vPSHcrF&K(#mvxrhd#aILx`5.ffXplh9617>I@z&raSr_Mta74SS1cheA9
07-01 00:50:32.968 F/crashpad(28599): wJ>p1-|ltXjzyotgS[;v7+[Hh+C4msD&&&BhnWF,9b]:egA$#xz75>PL[Kvl4Aul^nR6%s{ZhmVnb\5wuWYNgrqo3Mxw:OQPAvW;sV!JMaCK;nh6DLrJM*|n;ySN+)5,V4Ps"4ml}>n`a?4|6,jdIr"(3r13#U]Py0_KhD%V5L+ctasRsMM}bonzsTLA1el_+)wYYoZ6M<l7UK[iX1iJJ~_+L3`)SQLV3RJAEO>ZF,EA]K8,:nV.rgfh`SE|YNaPvd61wv(@uF:rv861GncY;pI6H0>:Du1:f-RJyH$h,u,`-hPWHq1:VS,OnK!Hv_T<65jtBSEbD>VDLH9mEa(=z;X\0i9"uLV,.<_kb;P1(FN8s*2O!t~vBS9Pwr.<5fXf>8gv_^EEVzSb,vFq1:zm5u|ZIdSn=m8eBS=^J,.<aLnTPAPf6W*RZv9pBa!ov-NAaK0Y)mjxH667"C.<k!>@vS9ome.<3e\79I0YMGavS8sY!)`l)[.(+mt@86IsLIc.
07-01 00:50:32.968 F/crashpad(28599): qKi,wdzzNL(JB5KKaK0YE:AL;lB2e`(=TeXw|vyE{O9u(PAKjuLpBSGSb`(="\cGid+Y?tGfnU@qbW$cOrg,T<\`*oV.8ZN,.</Cu]YEWfFTc|h5"o$iGStsoscI9+su'93b/Y3[k+pG0Ym@Cm^2\+c%w^.Q6o,(s[|OP_43BJ.T"2^vsH&=1m$/{JoG0Yaq|xAwZu1:8t4/:.qKiLOyH6h@*(Ll$/uKTWt|G6h@ls,Zu$F9d%\p[7y>r|o\>:S`(=)\j.vjb*:be`(=eqjaaqT-G`su,_T+IKt\&109Q{G6t&ivgpjSbZka|vLsbS\_%5>f4/As&c\a;CHut}Ss<hP,+\c+iS<WK\$1Vda6yl$/_wKs0=DS(g<w+cT8'Lf`(=m_:<Et'eotpJ7/VK%8)VDg5o_bJy8W%r1:R}YA-+FQUw8\,e:Kyug[RJLuDjklcBBucB'GyI}F|WqKss}F9+}JQpxQ'1JaYsVip/Gs`C;,+m>IZ@S;Ng/mFb,I6J~3
07-01 00:50:32.968 F/crashpad(28599): zw}<nijtBS_WZnAphYRff+Wvus^jzQA#xuQnuXC`V.R7Jfk;HnBk?scIRmQcYnhNH*m_vX}`=HUf<W5!l3^KFMCF?nPF~o!@H]+/rqBS;mb`(=Ktpu9*~V}`Vo&ZC@x%KJXQ8a(s_n1:Bid+JaYs#oroJx*)pnj4Jux_qRrogr9wZLbv9Rro>R?WYrDi!t4mXkBRV.>mN`ur&~<W3pKhD<GvR:iv~BbRH667S,.<k!G5TeZ6w4}kg%7sD:>fpqx2jvL&*.BZC8j6Fs.:{uDq1:L^jZ=^xMrqwNW4@!fQ`z:wD#*vGtmuwrKehS\+MI5K^ue;Wla>-2vLkV8bdr'm-2Xm)Z/Z`vsHXO+x)*XwLnOVRuPO<W3pmiR\qu>(|vJ:gKP,n(Mw!$pF|qwi\+n+<[maUlqRpQ%o$'v>mnLY!u$qD=tP~lGl$/7KJa:/ga(=II(uK.Hulev>\,BbddF&W.[rZZp=O9R\;'qwExt[1OLOCDH[k02Z7DdoXLtoqrIL
07-01 00:50:32.968 F/crashpad(28599): uuSSV.BG(1iCHA12yn_OZH;oYl$/7sje|{.<7+'uJhmXiQH*N~7u.chsb#!J76e,1LXt?`ep,w\,sa6Xb#b-CDS3#U!RqXpSFDdoj.2brv?"cQiobl!=^8N9LrDiYb'vJoVJqq.9`gTWwdzz$G\u^#uux[41"^bt}8yJLG\oNU&e:lBSy@Euhd`XQ'0)VgBVW5WsBc$xff&LgtPCW_p;e+Prz$pdV.4hM9T3FV=`MsJK0Y-GLv1::ms,|(pKi,*1gLjVZ9T/lgmlledG|uD&oVcj*<m+2:NY)<Bg(]?*#L.3x}[P4@wj(MkVv5CbHH`e5|`:HhrKGkWSaI0Y{SSFL_*m^LVz'Ra6yl$/7smeL{xwvftK;^v,GvJF~GTLn-xwVVSQ`vS8eg'FtAh6c@"wvh\+alHEYttk1_7m$=l/~*tnF6_4#T,NoAz`Jo}F{IcwGb*I"J~3#wzuV.*KzizF$1PI+@9XpKi,#Z'V7t75ftV^v,KL5_n4V_Xkl0<_"Kq4
07-01 00:50:32.968 F/crashpad(28599): 9r"(L6F.-wB*I\Ww*\^jngVLNJ~3cQawVkba=P{Q-vfP+6-uP$2ulejC.<aLPQP:J]dcc'NjiezC@=/r8]joh>Ps!*2<"?^XsKGkZSlU.<u62^A33w]^ZhV.`V>{tw#:5&^+AVn`UB{w=7sk6uP$k\4L0YA3qJt:bN[7Eo`1G@uw=7YNW}Fs,t@)e6:g9Ly3''W}$Vo_dc9L=rW}@>RLKlr+#',HjXsw[VKa[_(wH3'woZ;QG+$GKtE+i5Ywx,Z+ko>-UWvH[tL?0FQF`=Hgqq`1+VSt#jL#;.LL]s[Thsz>2!Rbx}dc/CaJOpWvsx?ibp0<kw*5`Jdeq+YRCo^,ML)95F3,1G'Lfs@)1gq+m<Md>.7Lsv6zY2Qw$"!BsKHC9v5Mqk\;.p"/01Tv_/<O6czu0%vQd6m!>@@h9omeW}ju|zYwZMAUdc#nwrKe`Sr+?m`E`g68sk#{-vfPkVd6;xJL}IB5KK/r`1=v@ir+Eh9oHe>8ywSR21'bLt@)g*JL
07-01 00:50:32.968 F/crashpad(28599): ]sZ3)n?4hs|eW}|l!sk/SQ/lBBcJ|m`1_G>cT2=L.2yv9/&q.y}F96BJ"n&;zn?SO[1LIOdc37F@|dL}1":F*DAJBN(q*n}q@gbl.oZfc63DyYbfBBwticBBwt}LAwdjBB?nNS\':6+hpAW}.aOvTXdcIutL{3QwjUes,Zu$F9J8\p[7y>4}S.MKZ_sq;U;n\vB-/^Q%HvV1<OTbFAwt:'I\Wwtqjzi\2Jcsrcl}dckrL9+1JKruM9JR~lru:fkTlabmFg|']oGUOv.<uE|lYw.{VwDoW}|x`5Xk\Or+Uh5,|/(vEkp\09IYug6DW}zmy6Tn?qD(5AS4+Ln;(grw%8)Vx95KKJK6H+C-H}zw)MAcnTXeGW<ejli;u1r+!;&du3;oJSdg/A?Q'8.Ln:)m$=bZo:fw$"~@3'|v)^Zo}F{ICw?!Bj4n|lAwLIJL3.?;d+&w^NY.A4FgNH5JV_^~+q4{W}~gx]"=.JX3*a{@-44]2JoAB#+uAiBjrm<}c6;x
07-01 00:50:32.968 F/crashpad(28599): |Uua37a3aHp-?f,2;o,Yota2{IswSRGWKHkPLwOQvo>{Xg.Gs;#1@9Q{c6'NftBiH/H=qJgeyue"-XjL@QL-lJ}x&@x%w`n0lJge}JRJ)o`1xtV(T6KZr+{s[rpQDLsv(#1Z@{>PewPXD9D?2q(%Eu~d7-JL/,w}dcGb6DJub#nMyq(;/m"M2mjFbn0C|3&ar"0t|/5scVYw;BW}L^jZ=^xM@p'oHUm)?+&&Fvheyo4inn8cD-h=SKcZIubmj4rIZ@Ie?"J5PKWLbvASlz$>PKsBSw``/8UL?QrweG?govncW}>gVVY8(xm}SLUf(Dbn|!s\((TpFbq+?m:VEbZe2:)6gSnHya5RR:|+qZv;Qj1/qVtcq+?MbZP/ew(U_1.bV<!b@,!x.35LuKmvCSm:<LKeN7el,i~sVS*F-(>f</1kLJ9mFU'A!RrwHuW}J/RJb0%J!u@)bu{nNN\+azDwI^z.'v'<t?N{\++OBu0G;BkGoWdcOHBoW}trZ4^F7vN$
07-01 00:50:32.968 F/crashpad(28599): d>rw&w.z;u~b:6ymBiBBKt;iTSe6'^esCDK}!BD5Zo>&wrYw$"QKTOTK}/nX{wo@AeI6"Ud6O2[rDQ49$.]Akt@)J5|lD@j6~va#WALt@)vKsw=7KYW}^YXpRPEAfw$"AcML9!v(h`%wr83AOxjVZ9T/lgmlledGouD&oVcj*<m+2:NY)<PvpEoAq:ju9e4?Z:?wg#)F^!]o$F?w?o%a81#>vL1Ef\aw``G875bdd+AQ<-K^:~r+)2M8~34j0)ILNxWAC@j6^<;w|W%q6|Ng+w5`dcQuDV&'cwRh~eb2$t|n>1A?j60Exwv-R_MN&;!r.V$Aj9M#rlz1LK8cZtH!:jas}FuuhsW}J'Dvd49o\Qp<FvzWdcAmru=,\0%b)VWA+t,?@XHKr<3HV_\8(\E5UvfP=Wb'uwvNI[!x-q?o(t@1#109_Re6qsKjb<v<uw{&+8q+W9l+i0ks@)-W*d[pjsbjacC3}G>U0A['HlU8}q]:SKNvzyz3Uv\[_dzo!J<O
07-01 00:50:32.968 F/crashpad(28599): ~o5TZdUAEIhp8]~3RJ0Oc6oRsMM}boD]^gBVdl^nNlq+SWpq{wW4.a/ypde;1eq+CO*p`1ia]wZM3|W}.wxCX^E|dc!38AfG<ORw'r8]'YnlyDzeBBSa`=swW4BDA4<OzkpkfDRrn8DuF@<bioc-0WA0V}Vv6'&SG-Zre)1b/Uxm#qs+2Kx4nel+OS*>cT~5hp(EE@TS*L{;dKsu-)ymW!N8(G8TZx9}#1D@"XIfigXI&t<}-D%Z:ppag#`zG+s4fvOx`QhT_-&t27\v]2,igtgec+IkstetdGx/Ta4c1^pigg:]Rp/<tY>xk+WJMZ'Hk5#'%EJfC!rZv,V>2bcqT3srH;og@1;Euun="bSpHrIbHtl6_R#mz2et#7Ow<Zd+IQz8i4Iub#s{CuTbPpB"w`?gvV.oJ^Or`[617>I@z&raa)ZdJA[*::_mv,Va^H_RUrQh0;%tJD:>]KD2:loz,U3W"BHo%I'pHOt\G'\?VxAb^9T/lgWr(7:o*gO6nx1-
07-01 00:50:32.968 F/crashpad(28599): vaAy=qHZz.uaS"&|KAY9l+i0yp244JsmXt{1OdRL'Wn5>Q}G.MSN+)+SBVL4Rd9@!qTT=[hm5;d=+){khvF24|?`XCv1.)t@?v]NGVv]E0[pf.r53v-oO*{D9jb&R}`K0HUFGux{+)!p([YNbi@SOttBZT@p'h|z7vO7i74|EKHt489ON*n}YN<hp]}*-vI$zl2q<)0iGiR\|Qtp*po0"6yhDGato+xa%+Gv#AEa.(xa3BKAU?Oj^]h6uh[p611W""OF<mJ<l7!Hz+'8XT9\P<PY+)](DsMo's}UJA57H74&@gI6Kbvd-q8L#iDGuPrl][hm_ZBW2XhmviLQJAWhZ&61WBN{+)Ub68l7drvXrjmh:R=W:'uwr.M]w>^o4)?JX!XYF,;\us\nuF:-IW6g~\7GO9i76x6L!A>V&,d_}4bbmb^#Z896+>2q<)'v=>"i0]{v?"IL.?l77sqe"VQK6[5g0])PHA-[;JYNxRQK6[)X51]m(qQW,GRh~e\_%v;>
07-01 00:50:32.968 F/crashpad(28599): .g0]en3|.='voGp>+L]e*)kMp-qo(?,4Dc1d?vc!r*J3kwztLjjlc.**}kao4e6g[5fd9@!q>i+)ijEw9?LA]3#v=>.g0]CM41'>ShDG+gNLxb*)I:wsZ[-V2BNm3|xRQK6[Q\+)!pj`LAyYDjlA{1a'~?RK6[K4Dc{9oa+>o5Dc5pH?~%$v=><\2Big634|5qR2udiGTAeo\oSb8=<\psE4,Hq|H1E#P[r*KM4b2m"jBq:cCu[v!2CwQWgu'Gw_nI9Og8d+1<@nle=@hrh@<i91Ijkvw$PLO~RJ$U#E%up]0!'x`qnU96:gDjB\_LxmkK3YXu9t;8vFx[ULvS7]5u=0|hsi)vXt6$Xlh+Jp^/'GN=dlG=S=2;:o~eV4_.\[8Qtn"xC+%b:.Hw~;DAD[Bm-s_h45KFF-aTA6.aGf3M[pcp*P5Oq\78P12;<?+VVpdYYKHpvj<@{xIAo3|Jyp/jIY4Ck*t71<Lw^=ofyq|XL9TQx=vhWn9f*HA:>Ehvg9
07-01 00:50:32.968 F/crashpad(28599): F&|Vc/AViQDUxC_K3V{v#$p+_n!2b]8MSr>e1AF\JfEu8m!{4NE;ov?B1wCpz)kBN[On3x`KouH&Q55u@;!a#SO[1L?n|]]cXsv.jF!NvSU,kJN){D7ilc.ez"4*mWmsbRY.MBr"Nr?8&t.nF9@mVi,CdlMkh[Ur$=gJEX<Esi;O?v',LX=5F>dQ6hs/7V`=N-@}9(e5)[]oz=Ne(8*[RKU<|4q4BZ1$@}%>,qPm}M|HU<xRe5)[K4j.4q0Mq\aGE57gvZ"[09GvscRZiarlcX#P|YaKVnXppm|ano-mC^;q@>}w$>v|qsop.w2i(-)Wx;UiHY:wYn-;ZNr+4[P]C9pqwX$mx[!BBl5sv;ZN4i,A{Krq$-O4MaV5=syh2B*v9@|x*d6:pq'4PtbLuB;1'6mHQpFxuB;1s6P1^qJW'4:&165hF,}4NPH|fG!.JJLKv>>wQF(--L&C/ZmzZ\3wOW%U5|V*43.)1?[7.)Am2XXMIuV>dI6W/p$7egR(]wEa
07-01 00:50:32.968 F/crashpad(28599): jBN[?v&!Ut'43ww+_YXMqIv-p>BwOd(aD+U,;1crh)Id7vp6.IuMv3-L$Rv$G3M7Ht,!dT-bCbFZVA]#Kw,.Wlu?ZN{Jm(G`GpI>$QrV]kJC.)7M"eV]AB$vmW;vp6sk8v4xYN8w1XKwc,b#fvK,N)O{%;$#c0+L$R|W'%ia6g\7<w7}xB+bcbaEGvjcZ^|l<?I)BKykxQwHt+ALD]t\NP-`&u(PYw)*":dT2mA\j+/])G\DNHMI%tsp;Y*rNz-hPWxIE$_s-q[W7>p+qo\~AwkPp]Yd*O_k8hcEtrZm9[t')&U;swdD|SR6DlXL@mhaRRGAWJOpkz7bU<4CPA%=W@x-nI0;al5@z:\J;ee0E&:uiLoAT]A*Wf8eCgnc.4D7Hn7,iM'%&Lrjh]<mJx=sKw,uZIKm|KZ6!eZL2p@3n\Goag&29n&Y[pp+Smn?|QEW^h-(ym[rz^i}*.#0jL6\yq9omeTga.X%*U-874sKW3)a!NfDYZp=9.;`0Rikn<F@
07-01 00:50:32.968 F/crashpad(28599): v5+8zFR6E,ILj.Y?J&us*&BJ.TJ^f\apTS17.:`aBZ9L?-qoqmIHjehdRGs,,NBRZwc9s;hag/+JHa`ay6(XO9Aws(EQ.)g*R]XdLATr$Ylwp5+t9qzuADF(\\Ll=)R"Bsr;%tD)5\|O;pPt)UdKpVf,alv6e0f.Svd]Z5PY?JLS*^(a1+dzcI55<v<=WPoF1T$GDbR2x}Hj7Q;eB$3;)&#vtO_lf8Rs+W0HLG&w5Q(1yjtMPt<+w9FW{k8MIV>r[1aJhm+:b&8-DuVlNM%iv3kag_(uksNr^:Y\hcZuqQ<-M`+WCsQQpEE8Abb5Fu'^"eLB2w5T3j.8lI=<5<egO7_2Xhd]N5PY_r&%|l)gIs^09o*&4V#Amu([5mAF=wwZ6O?!:F^BwuBN(qB"oa(gXw.ox[+7uj<ip&f0Egt<WsT'n+gOoieGf;ovw((pYD(6fu}n>N9^03xugqdOqjBFGXSasVsUbl2[7]|=|o/9EOjgi'\?;FWYb2@p'oHUK(ka
07-01 00:50:32.968 F/crashpad(28599): bi9oZOVh(m~X1j{4[e&V,+u;UJqIDl5HB5N5BL<m{`(a1+66?gnFVVZP/t+,uVzxhvSk'AAr^3<uzroIC^+W/aVsb7(xq~SLJ(8j6~Ws"r;e\_,?"N&t^gN'0:7}PpZ6G`su,_6,7\fkDf:~b.P9Rj~DPeHWgp>EbR\6denV%&cpBj!{'k*0'6,MUnO\D2kK;Rv$G3io9UE6{X>$Zq(#W-b?8OVP~l>wWDb+skZq0rr+|z>sr}bc?nT92^A3{_/F\Sb+}0tQvBbcws@j9UF65en`hv^!V=jKWpTR$d{t:2*8@p'h|zstn7i78Oju7k>|3|O}xt25jl4B8]\c+udKigTs>L;?D6-qV9v<jKC65wd?xQn^-p.mnZ`\'kJjdDx%a?4C&1lI@@6/?sC6\pCtH(F+Mao4!u@WqBsMboCb:Iab(.IWzs)iB^j>gJGpRYRp`#Eul?!T%m`^V\`-\+g&S,>p$C<v$LCI~,MQRBtMU.Bp]`.3Yv*SZP1rf;sIka>Z
07-01 00:50:32.968 F/crashpad(28599): ~0g*hKvX:nkMZ6fxh3m_`}het*A\"RCugK`q+tu/VKk/_wGg-etLgu1Bq|Yryk~3k7CUF5qG9cn3SKuRfo:1ZkHy}FA^0;~@o4hK,Cmx#Amu-.dvwTKH7!HU+8MaC7uWF5grGnJx"x's}F?JJkr~=uVR{wZi"C&o(~&mxPysYrIup0ovzY;ZH}/aVsb7d6AWYqR,Djzm=Kst@RIYYrQQRfK`zqDUtV3KI2@B*1EG$GieFf;vj7$e%mZm|{YuoR[T[(&LF?@AquSgGRlg#1pIucbmhR</|aZ4smC=36Y#aE:0>f</Y?t+]o&Fcs.0<?za2h[?=unXhFLg1s}FO6;]F5?nPS|'-bh7csBk<'&mDVE94w%|MTv`qT_QPv#{>0k*rhHU_HZs4;s{}FC,BJ"nBi3+eJD=AeGrl0Eb.N?!&\vBAJBN(q2"oa6oHr]sVLRvKoWT,KA.Lhza&2/9t>|nn8Isv,nero8:PLJ-!x3YzBzaP7rRTg?tl+c@"w\k2"YE
07-01 00:50:32.968 F/crashpad(28599): '~$w(siciVT.FLUZ,[N9Sw76XucjpMQ}+~&m2i49"ivE*&}FzMtTnHhkP=cH*k:"yO#u,(poT]x}}tVmj'jC-xT),7eV,D-zX_CtmCt;"i$`he'LIS>&(db6XpNAlI'tLl&mT2VMHWkHut<4$B.r|Gs-b6Xp)lzn}U|a>^Xe2-tl^GDSH+lK,sTGlI}E`Q-`LhhKZJh65^@9<ws;J+wq%mBA>8,DjH(v{u^\K=[T(++AOvg},?RRI^KrjBsMboCbTF8}twWVrV-XF5[JEnW4"cQ_yaj5{wSpdBPvu47w2^G=$lO9Yv!JQ=}@uw*7t^yanV-`UmhgPbD*}k@OVF8}p5'5k0TGnRn(lI;n,7DKN<j.hKzZn>^B8}p50VInT..UyV8=lKZJ~38kl(lI{d^B8}TKU{h9OYCu'kn$=W46uiPSNP&m:}JPF5ium89o8?i6dv6D-t1^lt<pbIZmf,%x7eK*FA"_@9.`ij\c(ADO(s<d3+kGzqR,<}|2#w;d3+Et
07-01 00:50:32.968 F/crashpad(28599): ^2Po>.`H:_]w4Mm\ltv}q+/WlR#S4n:1jk:"(xG~SL)J<b<-c{h91ZYvoAnIjuE+!A"DX@5<xlMvoA%tqsILuuFt&m"1097-gk\c~FIKgj3+csBkJ~&mn?vO&m0`Slb76Q4_`qtmfgMfr1JWZ9T/8mMv3t}FC,BJ"n(l3+etgYSR`lZ@[L<{?!&\vBAJBNNPF53J^@cs-0.x:^,O8a^2Do>1zqtmJ9kasE8}UwzX'`?a%/@1A8_AcXtuBZF5[pNsm)`wwMI[!xF]4#!x'sILoVEk&8kw{<*>|QF]VN<Kiq4M+8Ae&m"aH]a5fEfKZJY0)]fs\rf*UvmPh+Uv5tQP'u"sE5k+?s%mv;JR5D"EiG>kaZ|ahs@HaK'HK7A]F5-w8ktt<pl\*G`QDj@B{1a'~?%mF+jj3+(vWkfXHA_rh!71lJ{*ktN)DKPFt;3<jh5ToQxtVD0mvdU4cXUvM@pJ?lR\0mz5fg([D}{_Fl1OMx7]^r!=)F(&+ABw"a`QBIv<
07-01 00:50:32.968 F/crashpad(28599): QvqR$lAZaVil@97K/4xp<N:"5S5LXYmo|[h#;".81bH#b;P1fu?px5!W?unI_f/)8t,TL@WH4+>q-8%un@bFCo,C#)DrzBjZ`*G"&pX1:ONG\!D#9+]vx.uKfv'<&\XJ=A;J~Lrrhd|/DuL)&m2&:9P)L+/6Dl*i$_&\"Osi4mcph]^r%WgvPC=^N(fe`;}Ez&f+[]^rEOrp&0#aMsKCZPkvmtbDX}r(7k:8Mga+Cb2m,agVML:\=`{tt{71>v6<]w>WAW~^.xaqJtt+M@GRe+ZuG5)Z.o[hR_}Gst&SCSZ(-HLSJ4#e=q:hu,Dm0K3OE+N0#O6@8t4_"B)'{dnl8iHFowbR<fI$DL4vMKcSUse.&D|IB5;}D6IOlcABeJTvZU/vU1bEB"Kw5OkJ.q`OgVkV`l.GGuHR@u.X{w6|.x%l&sO}lvw(OwGB.xpPn<9>quZ6?qfE$nnM5/e4#n=u~S%bVH+XX-!xYn*m*LSEf,J+8,-x>^ZfAByta&^gu9":
07-01 00:50:32.968 F/crashpad(28599): R*TAGk\y}FY6kuFLcs@9R*<w(-JaYsLC8OdY:\YZ+8>x4_%4$w8c(k(!#v]L$w.fxiO}L?tsxYBGv3C_l_RJ~3g+djAB7sne\{O}{elaTvV78ODI7hD6m=>fz@r5UQPvE{>0QUPp4;G`su*.JN}FI/BJ"nBiABeJ0SCeGr:gGb.N?!&\L28a8cZtX!HAMJB5#w8mD6!3cs%<3}MVbc?nRS>(Ww&:qwr=S@pAYSFDa,lg+X-08O(pNsq)`wwMI[!xWv.!/QtnrwQ5:]64fn4<Kte^HeEW1sI}C6qc${djABq57%@Rrq^N;@#B\]7e%u(DAR[q0g)X_dwmzmjIW6YiABZu(UF6/27M=5F>dQZhi:"u,&NKo*`+AVhM7e%un7sktt2yy^|q~^-JR+y*j48,hKq}RD`1EASvG,bB8Ohtn3oq^[@9eKQMDjyqDQ(E@k2Vs.NLs*D[?Swa]an7>Pv=+L[w*Z`;pm*%_bQzV\Ut1m_r(qgtSCywX.&.NHtKdtZN
07-01 00:50:32.969 F/crashpad(28599): d`91PU3m<6-XGW*h<?1<)\awx5!wG>59&o<lT+gQ~dDo<+7[FW)I3)O{qa2h`+naf&RwgErovvPjWg`ur\Z[nHuD@CdTH9[d~<1Znqr>j6aGzOdKwv'Vmf;1~jHHRTD?|;l_2walgL_bmxzhy]~s/4pl*rRK:oQ|?H,`6VIW7+@+Pi{m#7M[;as|qNvL,[:6H0r5Pr&)}umxjfHf5mXM:W(NQB{P\/K+CSJ@QzZuX:R*NL?tS7!rslzAN9SlSl&F#v`ujG1<w(Yl{a=\n`Eg^2Asv]R=hP:uVEt5NSs@Yf)tHeY0>,S[lOSKDv({Jv(atNd+e@TOtBm3q',wXTOK`2EA_r(!F&Iw\;]Kkj>8JKInCTN,#\*.M9_rvPf4eH'eB[,<MVX]*V@f&-(v.&a,zR*w&+JX.L!t<+hbfG;,iRBPk>6qac\`!>o+&mL+ko.+)6yo8fS[RlEf2LBJO,#3C[U<{s^YJ9o<)8D}A60!zj~3V>Naoj'E^T85mo0;r(F+
07-01 00:50:32.969 F/crashpad(28599): s42w7_B}]V>HBNfGk&5T@jLA@rHJ:~QA":R;^nxQ{nWtPY23Yv.:5JE.6kHr+[.mpGSc'LM[dK?|>1ln}%K6?ghN<&OA\+,JFO$t4O$K&2tSy%CWm5*F_@Sv(>twW`dd%)zVx"wKyrcsRgoa2u7?]0hg9Zd3S*&v37u]dI%cD-$S&mF}kVQ\TSv`|n}]Z2Q\&~SQ%ip@qkXYHi-p2uke~EfP4gEgR#h>*:oFkJ$[Ap[D.YCnNimh_.cK+@0bTi=@}~tQ8[H9e1Gs*fXI_Vev<22<Rw7})@~<\#EfB?`HgwxqG,&Eo;Vrb&FuND9v%z4O-fV_Rdp+1op+OfL{TvCHUFKwMN#%'tZi]pAEq;=uvB{1a'~?Kw`pPPLw`p*)jv4i41kKMZ6diV)}eK;AdQ6d`6sv(@sK@2.i>B`6cfF5ki"B}t<\$cbYqzPlzr_6#F:o0bM5u}(Q*Jv,`w/x4YB^-hwoDb|ZL7*uDjXmur`z@L;~:8P1bSgE.^:F/w~o`#?L
07-01 00:50:32.969 F/crashpad(28599): b?yXcw([qzuxYnIF!u[PJZ@a<UqztE%uF@H&stt@g^3K/t^LOy@LOhL'`69mvh@!X+7v&RXT/pP1bvC\nx)}Uv^;_@~?xMcq2`c#wKyrSqL]qzNBuuo=B"+L<!XY`!ITALg,et{e(Yo+Sb68B";lh.fX3wNWG5+aVdo+wVmH|W'fqFjf`6;^$=H&5K2qrrp_qz2m6p_6-sqZ@LKN,):pP1jvmVc#(pZ('61?oaEr2`c#}KP;B"qau`c#(Qv0qh~W^&*HlgcgGvn6Ed>LeK9jvL@L,^AhnW8M^v5j6,1Zjwet?i8S)p*<q^Bw?>$i%,+Jsa|@Yo@-Yh]`%88a0WhEX\lr5,)*SQM_n`guWK8+hE@p$l%Led#am|%s_bzlC5Io:Za0\pa"(x=<zV,8,ooavSnw3kFtS+U0Db@p<o;vr*!w6$G74WVkn3M5a:\3[JM~No@b\LB4%?rzpAZXHLu7#W2*?4yM&s6pqr.)Hr8az4W>A2*ww@Ci,_/yx;$EoJxZ
07-01 00:50:32.969 F/crashpad(28599): 43UsR.@qvd0{nw=K"Vs?2J0b&f2Kg`n!SKz@WY24e<&:VfBQ'mL%wdu`ZyLOD33R=LaqAsXsHCBd@+8u&0.+l@J>EDumrqnXV><\@b9<}Hjwn_N_cQ"WS[`W;sa[4O8,CAOtzop;N,s;vZB676h.!6WJEd3OUgjji&W6NEA2Ke$G%qVtI3q6v@Nt|k"-N["8clTS\6Trb~f4;CLO!m&UGnJ*dk5l|,fgn<aKtJHULf8sa2_HCw/2:DIw#,>QdfRpa2xtV_enXChg5cPx{7n:DWzES,IgtO>uVR<6gw@NpI(C'v{?[suja2BXzV2.#Axt,MMjml~8{t=Jp)I52LWyLOD33RGAGw?z9DIw#,vmY6*D>8FwYWS+!N=KHtx5PIq|-ka274h.Kw,e|ua2EKXtvb(VIlJ]~PHJTrb~|OTKLSr+a@#Kqox}IvN6`QB0<O-5wfl[RlEf2LBJO,#3C[_1gv68Z*n5[t#j2&;.NLa]vbf69KJhowsrPP3&h;,bAF_c
07-01 00:50:32.969 F/crashpad(28599): ]tjI;dT#,\6>)v=x9^VrecpG3+DE%u"nVrS>\t*8r+Cay?q+7+3cVr9mNP.8!e6-$1H4*&I+Rq\t"hRiCS~6<cNLgPtFvv(cdwYl\q=)f6Kd}FFw2X8a<xJP.8{d.u${PaYsDpjISb8iV,+ixN;5!tLOIvpjfafEHL/t)K|n'_$aY/aw0h41NL/t;5#5`Q?uG5RITL<qE5!hA6`QNihg(lV,FgYU.8o\POiwb16LnWW}CVcCXl"Pboz0Fr|gowSb'V!V.8Gj~tNLgPv0qh~W^&6nBR_:E}#@uJa]D\nx~;JEC5qvfRz_qzEWavNj|Ii[$cY$zl_v$5J\`;:u0]j)Un8t/)%>_)PtzuNC+8zs/0Jip+z?[dH]t/PwzBi9roC^h+8[RLfXN5`H?2U`B:._LXvF\1svUn')(E"/pYKp#8FuPkkHn$BD+flz+n(Gv5"rbv$\B68rvTJ)$l6rpiuJ1twBC.mEFw)jr(|am5bBbTqotEL'a6pB~HMqVD:ss>g^
07-01 00:50:32.969 F/crashpad(28599): BBgvLdZ^.ufPwr+/Y6_o(t%bxm|q<t3n=@Vh>f=K.8?w,&x/Kw<np+anbFRIdc|gl1fwGlGCPYLrr>mkV<A`&z`2-ouM5cV}{v!V;O+v9\;OfQAvfR@b!u<MwBC.)Cp+{mylhuA2lwMOt;kw;F^w)]rZ0m|[FBdcmt?KdcEWav)xwp'eRtJRnXUg<uX/YV8OzInI8p)wk4h!mL45?fl8|;]iBSCLD=|MrV4/e6+A!He$yQ[vs'f\Dr64@vD/=r~&tohPPYI.RJ)[XrLA@dMtRV;u.kfa]Peo.lhB7/%v=.2c9lz]-8x#x}D33R[+paae=^HCUs+ZRwahH+[g~TaVxl8=;q@BJue(>buor|7@=1n5!*sElWSKrq4i41Kwzd$x"TWQ8L2UJLfk8)0i2a}@PnCXXr,0Q\gZ3l%9SS1b{vowq0Z~waJ\zdw>yVqJUMim)x.[$mj,CvM`9NcK<;zr*gdD$m>LLk&qVN`>{@g?~0H+%BdKH]fk0*o4na5qZPBf
07-01 00:50:32.977 F/crashpad(28599): 9qR,Jwfle.bKd{S@%A8}/KQM;S:w??fpkc,j&8!3]u}`STLj&8EdYrgtXD1+N)$m4l^uCuEWavkIn1Evq*)we_t/Onk^:Z8g}W3&Vr4K9oyTpY+1F<_ibo1[[)4L@emlVq$tj+<g=+[JPWivYmV\\f8MWcMOf,2mZ+gG?av#TAGpk[3klv%j;n\g~z0[w_]~z^:\e4+LhwJGCC%Y`m?A)wyFIA(M/ic[Q_E*v0qiL-h[.BTIbbWnv,aCCH.tz/k(sFQ37]Jd*x<n`/]K):I\:edGt+JmSC(TYj~003LwpE8e>5/gJjr3=WXqcs$14Ln@g?FPho"urL!EA]0z>BKw{+:n>bwk|C&-1LB0gEUeZOptf&Yr>K@QEW3oUN!_~tv.Ok`Az`Ex^>zsUeiyu"VChA$]CYZc~^77s-]Yh:qgO=_7bG88mBP(rt3/td~?D(A)+~#FB^=8'+aY)^.OK024Zds9(i(Bc_p4e,KGw4D1?oT:g+ihq'TYsH?|9YKhXH-x
07-01 00:50:32.977 F/crashpad(28599): Bf<b&xd4xQpJTogfms4uIV"xiGD+(ub4tw`4a4L3i_Xt)^(s)rADARpmb["DVnPb2<QhD+W:u3YmK~-ZYlwt~(XcR<EaeWEdmFymRm^y\lWl^@Vvk{T.$,n>]kVMgwF|{o#G\WFjy,F\rmx6ar,J\}v,@Q4Tsw\-&LlUNmP]F'HY5q$7eU)vYl#fxuLL~b)m}C$a<n%^K*e^f(E<AWL076#LOPU\Zo<\8OKo|5#8]vBl,m]+xKXKuKXKuKXKUu4tJu4tJu-t40#4#=k/3A)O.Z#b<6$aD:kF=ov2[fxW^I8|<sKqP+eo<dsV~J#4wo~v1vQu4tRU"R[5@Q;/%G+<vK@OzhLAK*\w@t|+Q*`2K*=\id"$$tY4q^/w`<Y5i6UvYo*H))TqDHt+e6rg&Pd7XA?/4<XV$i.vP):t-oN/e48m#4\_&x^^~>|t\]{aZ~)8\p{J0KA`L'@rrd*^_a2IV,0tHtt;!Yy>ple>oO<Kkk:OUiTA^APipgxleP0u\A2A
07-01 00:50:32.977 F/crashpad(28599): ew1tC]N(1wurs,<OQ:@WtRtw1ANu.tC]DS}k,>OimPK_T\r#L5?8X%Rb3>/J3*C1uLhwbqxVKwli'b4j{3dczHwExF#sET*gBRGHJqB+!b}7ydVuJw`4%8ws$x..D+,_JJ;J*KU,Gw%L:-wMSa`TEUHwP,"b7_,c|}GHV5w:@9!f\dpQ'c.l{3`AtCNMRw0h8iv<!Yy>1b/D!fivZ{@u!t-7LHV5T92^`GGu+d^9lVfnP]7'0y[5@Q.=)mU/Nu$,G=zZNvb?U/L5>nWGEU%voV8d6J\8v<CA5M:Q&VhImXuqga3o=FAi(MbQrQ9T8N09fgjJw3>+@q)JGa6]rV"aRN8ykXuIir##46.)Vd>j*oCuL&,D!,*K_1AdN0zrG^d+Ien\;s}iZc~rM14\(Otm&7_T0J'q('MK3C,8r+V9ALbgPYNf<bOn7z8y=5btT<=W\z=W\z=W&O9KFS'vhHkb`YJ$p)OF}Jpn]A=B7DK@&}Lcfarlr6?IoD8b\nw~]`R6
07-01 00:50:32.977 F/crashpad(28599): DIqvAkRuT^lmvhGmvh%<[2Tu>l.\d;`oV</mr6;J0nBn)JdQFE6o*`egUstE{P;J+bb:cvTdYn>q}XzoKj@"#i2T4;x/K5:\ct%L_]-X!R;-8b'wAk|rzDF$>W25=Wh`mvAkRuT^vrzD2N(M[5HUs/egs@vKCO*(sS=Wh`lV^GR?a27WD;aUHAT1QK2cW5hUY.<WrVD;cfLj;|j\:)oa)BcoX'0g2.34VTiM(v/;RdPWPT^J>7\P*v5N\i^rSECc>O$V-K(Jm24^m3</lg2.34hUYeLjC@QVD;cfLjw:oa_mcuLjEqpoX'vr<{pfP9tV2:_$DSAY(V*/l'5j_nVvHvaQD[;thV2:Kz:BY//a0Pf5H}QhZlyMnj|NYO<sT@s`Lh-8EBoa=,#v5N]oX'X4hUImeE;MdI<ZubR<EaeWEdTKZ7wI2($v5N]oX'<VD;MC%v5NCVD;cneEuZ>WD;36pa=,wK:,nsv<oo$'lb(-CpUMte@y=3L_*Au3K/-#ZlYM
07-01 00:50:32.977 F/crashpad(28599): ~Bu3K@\x&XOJul7hLoxox`%HT[R\|Ctinc,/v|cvBM{oZ]!wkcjXcpB<Tg(_W>EakJ|n-f|71mkF+l#4cpb%EJ@^|0=s4]$KKVf(6Joq*m9e`a,mMOv,v|[2pn&GQupoN,igFLa}ps%6lFi':k|k,meK<QXl]GPN(Z[r$4Nc$b9.HV*fvHjc^c3Y~l\'m5|t"to.KA#KT;m]NHBgTisu5FML7-c3q2%k*vgnag2W6Dmt,ZZr2NaK5wtyKtjJx--u~~<1&siFXAUZ$u$S5&0mD{G`&zUi2n01j0@=mokuAO@=tV4c\I+wqr*bL'EQ]Sb^z8*tmI-4hC}`F[Sg2b2`zX.mRd"e'gZF=,=<z^LM,W9Rrn}j<w+ES{j1i't!:NXx4cE)S{XxHM)wUqML]8YPfIQ$:NZ)S{Ahkgh|y#3W-M-AbiK_W=zGNv89NYMLC[RI!uto#[piguAOok#1MjPVN>x^T.+P'<]S}uz.~spTKM4c#(i'G@8sou0L~kn\AsmM
07-01 00:50:32.977 F/crashpad(28599): LJ(;Rm>)`UZlmk&rvU$si|2b`rv2&1_p|O.)Z_,xPtsaN\8oA,GeZ(LrnchiPp8TzZ!C>WG):>Vd@Q;ifB*vi:X+,Y>seB<7]5>D,o>Wau\L@1Oubt9@Gtl\;G`k#Dy?0;hYvs6sF^>p%nf4/h{_mQ.rftMJU@Au8EQ;a4JF<oHP:9"w"W$bi0,hr\&G'mJD6Nirq3%=O6:4K42*M5p3PY2b:5pa&bN<bzCpOof2|O{mLHpoAs}B{lVR*T8gD5B5u(X]Re\gP6Au}u.hONOj/KZ*blw/3+;J3b_E6@lqlHP)WUuhRi`w~~CyvoVUgK.Kw'*O'flj;tiVvwyLo`S6YN(^lI]owg34E\<OW6Mx2rUX@A(AaE{OlwL-fg42(xf+gK~`ALzLKW>73\f?KLJt9Op_LXdtmcZT)g4Te6tG!uDDQ\r*d*Ft'V>w$eEsq@ydeinX&vPTNH$;su%6J4(eavwMR*nGC9-ub<&e9DM(4<gH<cRGc:]IZ25b|Q)tcs:H
07-01 00:50:32.977 F/crashpad(28599): 2Yf\`JwUlYztBK=\>6Lg.IX*,PR:41OKRN\r/iQP(w8#\2.aejX&G+E@a2CWxM.8lgSkf\XF/<4dbKCFA2,_>R*6p^bj,L2rNp~v_.fT5jB2kO4;w+~D<8eTK5TA@iG(lQapLOfw'y8i9Ite~p,Hu,RKUECcc5ak#G?q$*pm,CG6Mlj~}h:a\w~9Ng0b04[pLF6pRrX9RkH)Dwdm/m;,lt,YYf)VqaD_(}}"5LDi^r)V}It/?w)B\QzBr^/mwZ+m>u@CHq.r6cT=|/0mO&$S$4"ar>xomo$4pXX?#o93^PA+T$,_cwtIkSiopM4k\r7L?q8M(xRqC=:ce4_]"D}`F[uoDWuL)b,K?GRbLv<<pQtKF_%'4_P]<l0.PkL)]axJLE)JkO>QXl&h?JwNdk8KdIPlU,knTkCWe.@=3J?gW=jaj^X6T0'sQkedOpZCV@xvy.9KDFrBD[t`Cqkg1pbpz.!=|/8DY`rt[29uMPJ23^4[{t9j[2_Hn$:izRLja_|.
07-01 00:50:32.977 F/crashpad(28599): 3^N5tIkS1sOb>0G%igOg=cve{47Duj^MjBEECKb_cg,74qZGLIIfxMft{VtQr\hwZgM+4#zFNgmUz5G%!byE}LOgma*r@QFn&7BUS98n8parW*jNgv=*tCi)Tcvby3{Ptm&7_T.J[+=9ibOg/pbpz.!=T[fgIc=WZYD.kth{=50+t.egq7egq7eg{,BAY-&LW)Nu>C{PjBf3`:0N4;KCpV,>BJ+r)m9GI|4;>]eT63NP_uJqip:|CH!b/jx]T:Thn3G`IvNbKg.I>1Yo6GJrN::wtH=`eTx0DTfj8b%IF^cw;uY`Txt>yi8iv<!Yy>jw?A"{x}/6O3w~DE"t7nALYoBbX=XEM?H%i\<2Hj9LdK~zVda&~PPR[+\-:6"@MmL]2'6XIK_}L],>-6"@Uu=)6P\w:nEJAbuvLd8p8lhm9+3pHa(m8nvwCw~d3+notwo\Bt+G_vvMvpoi9CJ6Qm:i0SL;h^,8Rn#*B(T+2F$|zl~(q-skKoRn\M]riu"W/KI+
07-01 00:50:32.978 F/crashpad(28599): 4oLp_5[MwwbF$6.+L)?LPiFn>p_8-XJw4>{lN!3#b02R5uv(]Arqn0;Lm`>`=@`YYAJstj={6TQ9Vv*|ls9Om<vK;*NmJ"%e5I~9XBNHRmGzQ6]M1C'fXtAJ`vl2B9OO2tp?5On<1k0spH<1nI#sL35Oh/)6orJ%.hzr4jvVDK]Nl_e,.h16k,jF:mmA5odR06MuZB5O{vX0-Xlw,nL?'89u1UQ9TusrclsKovnkB&8bjt*bjcF0a?D46\Eq|aor"Qde9KE_o|*nqK/_N90</t2L8Leo.O7wB+:tFJ,Da;p1h6miwsdj$)vw>wpa$\i+_v0`DD0m\rHj1WhWHAz(>dZGUQcal=EH=vI5f\*1wXT]&R*be-c4#)rHO60fC#=G|91O+1bww+R[/b1w-wAv~%bobDx-:4)ZAo(b]oozzFXVZWX]&($,WA7kqrU\dF"kV|QV&=9K%1fnTO@O(x\6.oXv]k@gYP71.`1^wtIQXUoQ0z!bf:Or/RJ6DDFq$MG5
07-01 00:50:32.978 F/crashpad(28599): K\_Ij($G[-^om0=~$SY2[6'Wu).cbqX|?i)fc7,m<$!w{teN~wbmO[gp8Smo2auuTL4"Du\/tQ(PSrlc8k6$|d?wS1t(16dw;l)V-8Dsc}%-?LkWBfpKpE>LXdn4wvyY-ujBcvRKVP~B,w+f,KpqFU"xBW=Vs;"^I6Vv%X}K]k<0S+:THWrqsYAifp|T"f<rQD,)v5?wZ/iawt%Nt;~I|;u-@svbK9_{+GV^JLBZ&;!Ca4Up[Y`a,i1r@9@5>kbzmoDRwspyJj:wt]"l>~'<iWiw?iDqlo;15s`thiFKFhm+_Ol?fdvo67kZc\E//:iK%B{q3;1_-<S`^NF[=GHGo<<kr&"xR=)uphpZWef>d`2^56Mv#P_<fD=aesj8u^*6r^R6"bZ*kO8+'j4?3~iIKWA3*^>h6gwZxJU*lg@noZ[Td5`XB~Ql%V>e|?!aU1aspO-BF<L>!u/(|h|zRBX<mt/(zc(1$R:k\=i{J7xZy5W8r_X-aa*-$\ej\=yC:~=\
07-01 00:50:32.978 F/crashpad(28599): md"~^T[~@PmX(-Po^kNg_](cRjHJ"u#EccvtEmO9%c*~QI=v~V,ogvGvj1%t-wqohOF_?nUmh6~F_[P57):2oirF+o|hvwmt#E8nIaas^i)GC4KS`LSl$-=6j_!7+mzVS/CW|[]j.&ga`]7\G5R`DA\Me:jv*iM2oiiicd$WJov`6h}""n"9Mwcm@H?S#alkTAbF$CkWx-DAtnjB9u]d<cG(nQJNAuAs8RU<G!|Rh\9u"M;L#3XWKJ905cK7;n6-80$>AK2CLfs>^>rQx5>6haWsk*$`>@:kpThvLZ^NnjGkrv\FZ0<5b^hmsIIwcE~gte,GkrCS7tfzUePj|M6:?68r$W!v<;6VbFzIL/3AC<bB2b5,ifPj$]XA0QZn|+vazLT.$,n>]kVMgwe0RLwU%wN\vt4L}uauZS6lZ>$vL:Mt([JwsMwo~p^R2LN`QrL+yKno.|T2gR^lOddv,OKypkH'yNpv~V*s^v>uIWfKv\HWjFY:oreP"\Fu+hq2=EdK
07-01 00:50:32.978 F/crashpad(28599): 7@%4=nW30Tjn)fCW%t{K,i'iBvEPW=_r[q\r#Dtc:pZMFhFb:p:m4tsb:p:m4t=oHu}{2~uoy`G:H]fq"yFh\Mn<Jm4tcrYJkrYJY(=Q@0hKLy/AjP;`3ON,!x0STN4q4csk\o`pmF1OkF;D$.%-Tn4t!MN,igh5Wx*2+m2ZpzP]!4|O/HTKRmO)s|F[Anf=[QOAK@nF)?7bhyfxDWG>EoZ]uIN&LS]K.5yNAp"_T<[GK*#JwIHC]lKfnD)Ud7>r[=@qE+gKLy/AjP;`#OfxSL")>qSqW_]`#4%sF^(=8DSePa?c,wO[pvTn$,yf]vYlms$L!ckFsb~1K*)rG2ed`Y$vaOp/1<"kN83n:ADLA`Xg'e~q8ka6vCTrdBz~E>HMGA_'DwD^QlWny=0Yk:<kERVD2bG(jI:x,MHTX9avn%~`4LF[%xF@-IHs>l.)n84Z*W9L>en8'6%.Oh1LVcFJu<.rAK[:dC_Q(r`%}76JHP9(<1Az&*wrlf'6^>GmDQbZ
07-01 00:50:32.978 F/crashpad(28599): uwp\@97HPrlE)JM\!b+F+8Ba~m"P~,-XFTvZMHy_7dl?1Jj4w]f+6n"PpQ|E5O!u.q?1gv2j,m@Q.gG5.r4-}nXp0>wuqDyo!T'DlT%e2bLQe8Y+#eVHoa|!E%E@5,TnX{|/{s}Ms\M6\7mvl,AR-K);%CZu+nb5-X[6DKamzVV,K6yr9[MuwtNAOuWd^UJ}GEn<\g*se_=5SNDE,am|R(Pj7&`ARi:.ulnK^vlHPyEKsGMs'X\*$JoY=uOYr2{o0S"Rsuos+j%},Q{e-^Kg@A-mPi).S}oo}V.K55|/errVr.Y0Q9?Ix\s:wMVglq|A]}Rj!.Fr1\NY\x^K+KS7t+rMfvytrBfQ$k`9br<_^g2wNw_gseN$}w,J@j"uuM\WB,p]NbDUL*RF.L{v:(o+Nfda%)UmTr0!fv0g<9\"isV<m5ww!7O_XMFp-aT:lwnFf46n.!J.B9Z(=QFKSvJ.'unrs(n[fhii}r_=K#/k}I6]>.esMBjJGXnH&Cn)bT[l
07-01 00:50:32.978 F/crashpad(28599): rh<lRZMKSAHdRBDd{"SK@*#h*LyI'v+9<nWw,Dq[r^~0[wJ`GyGjPA'u%w9Y.O`LCd,I}l#iOLUu!7O_~pfpAs#U5|:BDs-j}s\@+,/AHixrfevYMn^es|,JHn!|Dj)V)>.)mqjJIX(uOfS[F<YKNvL\gk43E5,n6ir-=8{VD[*HyqkISs/LRIQR4khmm0}V.)%N2@<1;`_v"yw>(u*p)wx"q-EGrMoFZN:`7(4L!71Zbt%0@<|Q5zrNpQ9$W(0b95^u,xv=Euv<brDw,8LNlkxpkJX{"3=S3gu;y(22Kg0?eenjbMD?Nb.NJ.L5,*nV[`9vnVGvmpv;?1k)or;,piLwIH[w{!I'E@5,2mPaI>)J5R:>/JcyR>Y+l;zI5$W(2b'5NmzjzyDCRVL.$JpO80{H3L.ISmz)`MZZV58h$K}N$/salVg^x;?KX)ee-*/YiIdI/:~sMJ/:>G!R$/E92J?gZA:xDMHTX91J7c&TnVe9tSrVS@l/M6*apeo6SO$/
07-01 00:50:32.978 F/crashpad(28599): ifx;Suzddy9^W.rIVRR[Km>klKRmz)@EqVuaV=(mapD6d89Q`ZbcdqfJ)DM[l8'm7k<A+d2<QhD+W:.1-nt<It"w')fo%)4i*JZPwrP]pYgku,dpb%EJ@^JgBLNPQJ3f%m+7^\t8+whAU6je)Vsb.Vl8envl:Wq,]P'):)t7mu6bE6BnZWKG-<rcT)&W,tNvve#T*(QqfJH%TccVCdDeoQ#s{+cdkK^(50P}jmV]^l!aX-1wI7Giu,\l\-KA0L`1e9p1]KN_@e~1K*ROl8;iF*Eo$hu`[N<sQqP+eo<dsVVF=QkFRRVn"J\}NXl8oQ}uz.nkfnE4nFGtgRRalxemun}*K*9G8%TccVUmZR..@QsL09SC%bd*xKJ4#bd*)mIQ$bd*)mq%O*G[Yu44HaeWEd,m5gkFk,#45"@Q1{09SC%bd*xKJ4wK"`_3C#ILloZR\mZRv2t+8JQ*6/%G?.>_ey:BbQc@^mZRvb\1I.6sUh!dl9frUhR'(-@zZR?m|XrI
07-01 00:50:32.978 F/crashpad(28599): jDwIjDWly)swf@Zm44HaeWEdnF/Fu3u&/9qLZRibl9,;K*L2K*V'/9?3/aL^*n|XlrUhOonXeQZR'yZR1N4=!L@O*2KNaBr"#tL5#K,i'K=Q]%TccV%Axec2$WS!u56yezx1]!Zt=%!qZ)U[LCKfS=5x(Z-!$m%7^M&X[J>7\PrJ/#wI2(lJ/#Wt=%yi6232v5("'qZ)=?xe)E=qZ)]g(ZcLu5("nsv<SAxe{~(Zw6E6USmF%skRYNzbjKEwS=gAu3#lLBQ*2E+m5'#410vt^Xv9qviRuKt9#bJ-xKt9#bJ-{Fa]'kv|Ap8z+)&Lt9$a0P)m5'#4K-#410\uF-|rl9url9]d&GCp~viRoviROonXQg(-zy09?'HY5q67eUA[tIFRM%TccVAoZR0.@Q%M09[C%b00xK@?#b00)m/T$b00)mW(}3#@bqJZ$i4%61+w_]wI2($b00)m/T)m%_'nZRJc(-0c(-Pk)v!7ar*w_]ov_]OonXQg(-|yD#O.|fa6
07-01 00:50:32.978 F/crashpad(28599): ,?|I)sSe]POEu3K@\(|7Rn&9bsxQ[sZ(JLIY0uK*T2K*4"(-QbXOvbXOfr!nyuDsQD:/c;H]nQ$M2~Tmf=uIPGWl3VkF;\&a>_t\VJUGwIPG#a$JBK:/\v[l3VkFc0Zw::1JPGhr!n%JWS+m9m@87o|Ifbv5RG$a<n9HK*$KYaq^NX"@7h`i3^-un@7mz@sqcq0_|w4uuj`a:Kcr>pXS&mc>q+oI8m<_~`3;~Swo(Igm<AzF}1h-qK()zXrZSN?Qln|s|nWuGu!T*g\P8/7+JLqK_=JK:O3-KK'f")<acRMH{3E)IKZB6N?Q't:nx^Dw*B/k;3ZN8f`[N06<q^.A3g.wXtfwR0Wr,q2+<HGw_\Rbu/O+.|_rOL4@MTT;'FX_l3$:twyzD+==Q)2KdTalwt+`?v!_fH(c\E`)Kujf"HF^E6zu=o$'1Kgmi+,l1jK4y_}F)VNAlW|w3B/z3K+@O<vDws)G)HNvvdiux]f0O+p?{0t?$Okql20iPF3joIdT
07-01 00:50:32.978 F/crashpad(28599): 'p@,S40Y&O|5fGdcmk5Xz2,h%)fc^^V4'wHM!w63j0*r.YuwZKMTXm:@Pg,vtG5t;+mamdLZo%3b*tU\dF^w"Cxe>wms+HA2gwJg9JPiH(@.i*BlOv_#Pw#HTL3LFX\J`zwc|Mj8DsJSKw}FkKf6)vAe*ZZ`9c!jb"}QBL"-04QK7[BSslR\uCNhQm8o_q"w4-au\+B6z<JVBoznzo,kKw(f?"v3>O<36WbZ@q2Vyqq^n8cuGvt=.)00h*|/.cLvR*Zm#k8JMQt\3KBjns8rGI,j}@J"P9nG-,rmKBjI#Uw~.O2udi{|W0=p(bu(AF5*tu"4lWYg8Al\7TwuTa4_i:vtqJ]`ee?ANB<cLp;50Kl,hEdrYb;fr^8g?umr6@0K<Pzp!KVoY\>R^pqldM%6lYKH!lbR!:1KAxYCf\7Divxh,d/i't4CdqDL6eD/J}b[]jx/ZlfN4SF[*s&=`*|nDcrQ>3mr`.o:/wCwrZXn0wruDGjQ"L>(Iwyi'ph'#bMU
07-01 00:50:32.978 F/crashpad(28599): ~Hlg9W+wO_)fiFvqW.8nNTYw?X3[i`Gdbr]n8bSs/<EA5pIPH9s+tbP?s+6FJvBlCeq\laiO+7="x]{7e4oiYtPTL?L7BR$k[\l[zZ"i~kk&nPPEG6EAp6lZ]r`>!t!aKA<K16oKL<*vu9\PLaglt#SA#-gvjunuf5|)mXh/KLm3Uwet)H6n0b%Hl:TQ2LL[+AAt_v"vKiL7Svb>aZ?glvXC-I_rlB0)7AOtn/X1[`&s):Nwo"Bu|X&HrMGf;v7a6nX@wMpQuT|o6j.J_p[G6t7+zQZi)N8L3U9^)ll+:k,x%4yact5Vwc:GHI3@1a),#D,wnEJlHy6qzCy1{7TEDsrit3kvdT(UEn4.]Xo4eu~W:0~KJx5b"YSKiJ&m&\3m}+e$Q5CLepFsNvcB+uVp;jzi,'H`GwI^MrF.26`r=@6mSZM6)ry~Op)K:oU}xlrr(-];;-.LQf0qNmVN2u_v{l\e\TNr[rie`E~V"DLsB%6m~WXg-Fbb{`:{rklDJYjv
07-01 00:50:32.978 F/crashpad(28599): ZnMI#;@)AJkn|wpAs<,dl#FW`sFs^*se>dk%ZlHCw+,aj6)mtA|w*N*v*xpgPQ2Rfa3fd-&x4gjVGc0e3>lu!Q~`/w6hGN;PK8Rjhxv\Ww~RQLJYhix0*j="9sd_wt/mk||(#eFMWi6.Qu^Mdoju`t"b)w4s`w<kGaQ&=@*7d37mnXHuG5#bFcR7Ww@|pV4/^avDj6-VMF-i.mYvGW7u&B<,V](Zok*6"v~IF4jiN<2*\DNX61_K}ubpp3]5'Jp-$x;q6a&Bk\-P"C|!>v5u#{)6ezylD7:wD`@qvXHudkuo_w7L@D"of"'x-a7q1FdwLyINEE~p5DqFy_~a`s*>?LM1Xu3AiMha`!Y6XG'5%.#2X}Ap<vj"~KjVV@>wAzM(ynujlwrjpIYMYlAeB^pI%bLgVFcw?nM2K*.xAu^L1
07-01 00:50:32.978 F/crashpad(28599): -----END CRASHPAD MINIDUMP-----
07-01 00:50:32.990 F/libc    (28372): Fatal signal 4 (SIGILL), code 2 (ILL_ILLOPN), fault addr 0x75cf93cb6ef7 in tid 28372 (.aiquota.mobile), pid 28372 (.aiquota.mobile)
07-01 00:50:33.086 I/crash_dump64(28604): obtaining output fd from tombstoned, type: kDebuggerdTombstoneProto
07-01 00:50:33.086 I/tombstoned(  370): received crash request for pid 28372
07-01 00:50:33.088 I/crash_dump64(28604): performing dump of process 28372 (target tid = 28372)
07-01 00:50:33.492 F/DEBUG   (28604): *** *** *** *** *** *** *** *** *** *** *** *** *** *** *** ***
07-01 00:50:33.492 F/DEBUG   (28604): Build fingerprint: 'google/sdk_gphone16k_x86_64/emu64xa16k:17/CP21.260330.005/15181570:user/dev-keys'
07-01 00:50:33.492 F/DEBUG   (28604): Kernel Release: '6.12.58-android16-6-gccafb60de224-ab14828483'
07-01 00:50:33.492 F/DEBUG   (28604): Revision: '0'
07-01 00:50:33.492 F/DEBUG   (28604): ABI: 'x86_64'
07-01 00:50:33.493 F/DEBUG   (28604): Timestamp: 2026-07-01 00:50:33.106261900+0000
07-01 00:50:33.493 F/DEBUG   (28604): Process uptime: 27s
07-01 00:50:33.493 F/DEBUG   (28604): Page size: 16384 bytes
07-01 00:50:33.493 F/DEBUG   (28604): Executable: /system/bin/app_process64
07-01 00:50:33.493 F/DEBUG   (28604): Cmdline: com.aiquota.mobile
07-01 00:50:33.493 F/DEBUG   (28604): pid: 28372, ppid: 460, tid: 28372, name: .aiquota.mobile  >>> com.aiquota.mobile <<<
07-01 00:50:33.493 F/DEBUG   (28604): uid: 10233
07-01 00:50:33.493 F/DEBUG   (28604): signal 4 (SIGILL), code 2 (ILL_ILLOPN), fault addr 0x000075cf93cb6ef7 (read)
07-01 00:50:33.493 F/DEBUG   (28604):     rax fffffffffffff72d  rbx 000075d2ed13c020  rcx 0000000000003260  rdx 0000000000000062
07-01 00:50:33.493 F/DEBUG   (28604):     r8  000075d2d18f9bd0  r9  000075cf8c92825d  r10 0000000000000031  r11 000075d2d18f99e4
07-01 00:50:33.493 F/DEBUG   (28604):     r12 0000000000000000  r13 000004c20024f958  r14 7fffffffffffffff  r15 0000000000000000
07-01 00:50:33.493 F/DEBUG   (28604):     rdi 0000000000000001  rsi 000000000000000a
07-01 00:50:33.493 F/DEBUG   (28604):     rbp 00007ff4bb270101  rsp 00007ff4bb26f050  rip 000075cf93cb6ef7  err 0000000000000000
07-01 00:50:33.493 F/DEBUG   (28604): 71 total frames
07-01 00:50:33.493 F/DEBUG   (28604): backtrace:
07-01 00:50:33.493 F/DEBUG   (28604):       #00 pc 00000000076b6ef7  /data/app/~~gRZDsxlqZCLB7oCd7TOaUA==/com.google.android.webview-YT9iMlxeDceFosa4dJznZw==/base.apk!libwebviewchromium.so (offset 0x9130000) (BuildId: d8b1edfe116ab30f9fd22145e8a6a3674f4f198b)
07-01 00:50:33.493 F/DEBUG   (28604):       #01 pc 00000000076b7adb  /data/app/~~gRZDsxlqZCLB7oCd7TOaUA==/com.google.android.webview-YT9iMlxeDceFosa4dJznZw==/base.apk!libwebviewchromium.so (offset 0x9130000) (BuildId: d8b1edfe116ab30f9fd22145e8a6a3674f4f198b)
07-01 00:50:33.493 F/DEBUG   (28604):       #02 pc 000000000022ccab  /apex/com.android.art/lib64/libart.so (art_quick_generic_jni_trampoline+219) (BuildId: 6f501445ab44be8f30fb680128550143)
07-01 00:50:33.493 F/DEBUG   (28604):       #03 pc 00000000002125d6  /apex/com.android.art/lib64/libart.so (art_quick_invoke_static_stub+806) (BuildId: 6f501445ab44be8f30fb680128550143)
07-01 00:50:33.493 F/DEBUG   (28604):       #04 pc 0000000000598278  /apex/com.android.art/lib64/libart.so (art::ArtMethod::Invoke(art::Thread*, unsigned int*, unsigned int, art::JValue*, char const*)+264) (BuildId: 6f501445ab44be8f30fb680128550143)
07-01 00:50:33.493 F/DEBUG   (28604):       #05 pc 000000000073dd7c  /apex/com.android.art/lib64/libart.so (bool art::interpreter::DoCall<false>(art::ArtMethod*, art::Thread*, art::ShadowFrame&, art::Instruction const*, unsigned short, bool, art::JValue*)+2300) (BuildId: 6f501445ab44be8f30fb680128550143)
07-01 00:50:33.493 F/DEBUG   (28604):       #06 pc 00000000002351f7  /apex/com.android.art/lib64/libart.so (void art::interpreter::ExecuteSwitchImplCpp<false>(art::interpreter::SwitchImplContext*)+16615) (BuildId: 6f501445ab44be8f30fb680128550143)
07-01 00:50:33.493 F/DEBUG   (28604):       #07 pc 0000000000210c55  /apex/com.android.art/lib64/libart.so (ExecuteSwitchImplAsm+5) (BuildId: 6f501445ab44be8f30fb680128550143)
07-01 00:50:33.493 F/DEBUG   (28604):       #08 pc 000000000013a760  /data/app/~~gRZDsxlqZCLB7oCd7TOaUA==/com.google.android.webview-YT9iMlxeDceFosa4dJznZw==/base.apk (offset 0xadc000) (WV.hi1.onTrimMemory+0)
07-01 00:50:33.493 F/DEBUG   (28604):       #09 pc 00000000007350b1  /apex/com.android.art/lib64/libart.so (art::interpreter::Execute(art::Thread*, art::CodeItemDataAccessor const&, art::ShadowFrame&, art::JValue, bool, bool) (.__uniq.112435418011751916792819755956732575238)+513) (BuildId: 6f501445ab44be8f30fb680128550143)
07-01 00:50:33.493 F/DEBUG   (28604):       #10 pc 0000000000b2b139  /apex/com.android.art/lib64/libart.so (artQuickToInterpreterBridge+777) (BuildId: 6f501445ab44be8f30fb680128550143)
07-01 00:50:33.493 F/DEBUG   (28604):       #11 pc 000000000022ce3c  /apex/com.android.art/lib64/libart.so (art_quick_to_interpreter_bridge+140) (BuildId: 6f501445ab44be8f30fb680128550143)
07-01 00:50:33.493 F/DEBUG   (28604):       #12 pc 000000000080620b  [anon_shmem:dalvik-jit-code-cache] (offset 0x2000000) (android.content.ComponentCallbacksController.lambda$dispatchTrimMemory$1+219)
07-01 00:50:33.493 F/DEBUG   (28604):       #13 pc 000000000080605e  [anon_shmem:dalvik-jit-code-cache] (offset 0x2000000) (android.content.ComponentCallbacksController$$ExternalSyntheticLambda1.accept+190)
07-01 00:50:33.493 F/DEBUG   (28604):       #14 pc 0000000000805dfb  [anon_shmem:dalvik-jit-code-cache] (offset 0x2000000) (android.content.ComponentCallbacksController.forAllComponentCallbacks+347)
07-01 00:50:33.493 F/DEBUG   (28604):       #15 pc 0000000000805a89  [anon_shmem:dalvik-jit-code-cache] (offset 0x2000000) (android.content.ComponentCallbacksController.dispatchTrimMemory+185)
07-01 00:50:33.493 F/DEBUG   (28604):       #16 pc 0000000000805912  [anon_shmem:dalvik-jit-code-cache] (offset 0x2000000) (android.app.Application.onTrimMemory+162)
07-01 00:50:33.493 F/DEBUG   (28604):       #17 pc 00000000008050d3  [anon_shmem:dalvik-jit-code-cache] (offset 0x2000000) (android.app.ActivityThread.handleTrimMemory+579)
07-01 00:50:33.493 F/DEBUG   (28604):       #18 pc 0000000000804dd8  [anon_shmem:dalvik-jit-code-cache] (offset 0x2000000) (android.app.ActivityThread.-$$Nest$mhandleTrimMemory+152)
07-01 00:50:33.493 F/DEBUG   (28604):       #19 pc 0000000000804c86  [anon_shmem:dalvik-jit-code-cache] (offset 0x2000000) (android.app.ActivityThread$ApplicationThread.$r8$lambda$G6hCvS-Qza2XVRHE5EG8OQS6lcg+150)
07-01 00:50:33.493 F/DEBUG   (28604):       #20 pc 0000000000804b06  [anon_shmem:dalvik-jit-code-cache] (offset 0x2000000) (android.app.ActivityThread$ApplicationThread$$ExternalSyntheticLambda2.accept+214)
07-01 00:50:33.493 F/DEBUG   (28604):       #21 pc 00000000008037ce  [anon_shmem:dalvik-jit-code-cache] (offset 0x2000000) (com.android.internal.util.function.pooled.PooledLambdaImpl.doInvoke+12622)
07-01 00:50:33.493 F/DEBUG   (28604):       #22 pc 00000000007ff8b7  [anon_shmem:dalvik-jit-code-cache] (offset 0x2000000) (com.android.internal.util.function.pooled.PooledLambdaImpl.invoke+903)
07-01 00:50:33.493 F/DEBUG   (28604):       #23 pc 00000000007ff475  [anon_shmem:dalvik-jit-code-cache] (offset 0x2000000) (com.android.internal.util.function.pooled.OmniFunction.run+213)
07-01 00:50:33.493 F/DEBUG   (28604):       #24 pc 0000000000250d46  [anon_shmem:dalvik-jit-code-cache] (offset 0x2000000) (android.view.Choreographer$CallbackRecord.run+294)
07-01 00:50:33.493 F/DEBUG   (28604):       #25 pc 0000000000250432  [anon_shmem:dalvik-jit-code-cache] (offset 0x2000000) (android.view.Choreographer$CallbackRecord.run+290)
07-01 00:50:33.493 F/DEBUG   (28604):       #26 pc 000000000024fb0a  [anon_shmem:dalvik-jit-code-cache] (offset 0x2000000) (android.view.Choreographer.doCallbacks+570)
07-01 00:50:33.493 F/DEBUG   (28604):       #27 pc 000000000024d359  [anon_shmem:dalvik-jit-code-cache] (offset 0x2000000) (android.view.Choreographer.doFrame+3529)
07-01 00:50:33.494 F/DEBUG   (28604):       #28 pc 000000000024c4c8  [anon_shmem:dalvik-jit-code-cache] (offset 0x2000000) (android.view.Choreographer$FrameDisplayEventReceiver.run+184)
07-01 00:50:33.494 F/DEBUG   (28604):       #29 pc 000000000024c350  [anon_shmem:dalvik-jit-code-cache] (offset 0x2000000) (android.os.Handler.handleCallback+160)
07-01 00:50:33.494 F/DEBUG   (28604):       #30 pc 000000000007cde3  [anon_shmem:dalvik-jit-code-cache] (offset 0x2000000) (android.os.Handler.dispatchMessageImpl+163)
07-01 00:50:33.495 F/DEBUG   (28604):       #31 pc 000000000007cc7a  [anon_shmem:dalvik-jit-code-cache] (offset 0x2000000) (android.os.Handler.dispatchMessage+154)
07-01 00:50:33.495 F/DEBUG   (28604):       #32 pc 000000000007adee  [anon_shmem:dalvik-jit-code-cache] (offset 0x2000000) (android.os.Looper.loopOnce+1646)
07-01 00:50:33.495 F/DEBUG   (28604):       #33 pc 00000000002125d6  /apex/com.android.art/lib64/libart.so (art_quick_invoke_static_stub+806) (BuildId: 6f501445ab44be8f30fb680128550143)
07-01 00:50:33.495 F/DEBUG   (28604):       #34 pc 0000000000598278  /apex/com.android.art/lib64/libart.so (art::ArtMethod::Invoke(art::Thread*, unsigned int*, unsigned int, art::JValue*, char const*)+264) (BuildId: 6f501445ab44be8f30fb680128550143)
07-01 00:50:33.495 F/DEBUG   (28604):       #35 pc 000000000073dd7c  /apex/com.android.art/lib64/libart.so (bool art::interpreter::DoCall<false>(art::ArtMethod*, art::Thread*, art::ShadowFrame&, art::Instruction const*, unsigned short, bool, art::JValue*)+2300) (BuildId: 6f501445ab44be8f30fb680128550143)
07-01 00:50:33.495 F/DEBUG   (28604):       #36 pc 00000000002351f7  /apex/com.android.art/lib64/libart.so (void art::interpreter::ExecuteSwitchImplCpp<false>(art::interpreter::SwitchImplContext*)+16615) (BuildId: 6f501445ab44be8f30fb680128550143)
07-01 00:50:33.495 F/DEBUG   (28604):       #37 pc 0000000000210c55  /apex/com.android.art/lib64/libart.so (ExecuteSwitchImplAsm+5) (BuildId: 6f501445ab44be8f30fb680128550143)
07-01 00:50:33.495 F/DEBUG   (28604):       #38 pc 00000000002cded0  /system/framework/framework.jar (offset 0x1274000) (android.os.Looper.loop+0)
07-01 00:50:33.495 F/DEBUG   (28604):       #39 pc 00000000007350b1  /apex/com.android.art/lib64/libart.so (art::interpreter::Execute(art::Thread*, art::CodeItemDataAccessor const&, art::ShadowFrame&, art::JValue, bool, bool) (.__uniq.112435418011751916792819755956732575238)+513) (BuildId: 6f501445ab44be8f30fb680128550143)
07-01 00:50:33.495 F/DEBUG   (28604):       #40 pc 000000000073d026  /apex/com.android.art/lib64/libart.so (art::interpreter::ArtInterpreterToInterpreterBridge(art::Thread*, art::CodeItemDataAccessor const&, art::ShadowFrame*, art::JValue*)+102) (BuildId: 6f501445ab44be8f30fb680128550143)
07-01 00:50:33.495 F/DEBUG   (28604):       #41 pc 000000000073dd7c  /apex/com.android.art/lib64/libart.so (bool art::interpreter::DoCall<false>(art::ArtMethod*, art::Thread*, art::ShadowFrame&, art::Instruction const*, unsigned short, bool, art::JValue*)+2300) (BuildId: 6f501445ab44be8f30fb680128550143)
07-01 00:50:33.495 F/DEBUG   (28604):       #42 pc 00000000002351f7  /apex/com.android.art/lib64/libart.so (void art::interpreter::ExecuteSwitchImplCpp<false>(art::interpreter::SwitchImplContext*)+16615) (BuildId: 6f501445ab44be8f30fb680128550143)
07-01 00:50:33.495 F/DEBUG   (28604):       #43 pc 0000000000210c55  /apex/com.android.art/lib64/libart.so (ExecuteSwitchImplAsm+5) (BuildId: 6f501445ab44be8f30fb680128550143)
07-01 00:50:33.495 F/DEBUG   (28604):       #44 pc 00000000001e2d68  /system/framework/framework.jar (offset 0x4000) (android.app.ActivityThread.main+0)
07-01 00:50:33.496 F/DEBUG   (28604):       #45 pc 00000000007350b1  /apex/com.android.art/lib64/libart.so (art::interpreter::Execute(art::Thread*, art::CodeItemDataAccessor const&, art::ShadowFrame&, art::JValue, bool, bool) (.__uniq.112435418011751916792819755956732575238)+513) (BuildId: 6f501445ab44be8f30fb680128550143)
07-01 00:50:33.496 F/DEBUG   (28604):       #46 pc 0000000000b2b139  /apex/com.android.art/lib64/libart.so (artQuickToInterpreterBridge+777) (BuildId: 6f501445ab44be8f30fb680128550143)
07-01 00:50:33.496 F/DEBUG   (28604):       #47 pc 000000000022ce3c  /apex/com.android.art/lib64/libart.so (art_quick_to_interpreter_bridge+140) (BuildId: 6f501445ab44be8f30fb680128550143)
07-01 00:50:33.496 F/DEBUG   (28604):       #48 pc 00000000002125d6  /apex/com.android.art/lib64/libart.so (art_quick_invoke_static_stub+806) (BuildId: 6f501445ab44be8f30fb680128550143)
07-01 00:50:33.496 F/DEBUG   (28604):       #49 pc 0000000000598278  /apex/com.android.art/lib64/libart.so (art::ArtMethod::Invoke(art::Thread*, unsigned int*, unsigned int, art::JValue*, char const*)+264) (BuildId: 6f501445ab44be8f30fb680128550143)
07-01 00:50:33.496 F/DEBUG   (28604):       #50 pc 0000000000a01ddf  /apex/com.android.art/lib64/libart.so (_jobject* art::InvokeMethod<(art::PointerSize)8>(art::ScopedObjectAccessAlreadyRunnable const&, _jobject*, _jobject*, _jobject*, unsigned long)+2127) (BuildId: 6f501445ab44be8f30fb680128550143)
07-01 00:50:33.496 F/DEBUG   (28604):       #51 pc 000000000094509a  /apex/com.android.art/lib64/libart.so (art::Method_invoke(_JNIEnv*, _jobject*, _jobject*, _jobjectArray*) (.__uniq.165753521025965369065708152063621506277)+42) (BuildId: 6f501445ab44be8f30fb680128550143)
07-01 00:50:33.496 F/DEBUG   (28604):       #52 pc 000000000022ccab  /apex/com.android.art/lib64/libart.so (art_quick_generic_jni_trampoline+219) (BuildId: 6f501445ab44be8f30fb680128550143)
07-01 00:50:33.496 F/DEBUG   (28604):       #53 pc 0000000000212274  /apex/com.android.art/lib64/libart.so (art_quick_invoke_stub+756) (BuildId: 6f501445ab44be8f30fb680128550143)
07-01 00:50:33.496 F/DEBUG   (28604):       #54 pc 0000000000598231  /apex/com.android.art/lib64/libart.so (art::ArtMethod::Invoke(art::Thread*, unsigned int*, unsigned int, art::JValue*, char const*)+193) (BuildId: 6f501445ab44be8f30fb680128550143)
07-01 00:50:33.496 F/DEBUG   (28604):       #55 pc 000000000073dd7c  /apex/com.android.art/lib64/libart.so (bool art::interpreter::DoCall<false>(art::ArtMethod*, art::Thread*, art::ShadowFrame&, art::Instruction const*, unsigned short, bool, art::JValue*)+2300) (BuildId: 6f501445ab44be8f30fb680128550143)
07-01 00:50:33.496 F/DEBUG   (28604):       #56 pc 0000000000233a2b  /apex/com.android.art/lib64/libart.so (void art::interpreter::ExecuteSwitchImplCpp<false>(art::interpreter::SwitchImplContext*)+10523) (BuildId: 6f501445ab44be8f30fb680128550143)
07-01 00:50:33.496 F/DEBUG   (28604):       #57 pc 0000000000210c55  /apex/com.android.art/lib64/libart.so (ExecuteSwitchImplAsm+5) (BuildId: 6f501445ab44be8f30fb680128550143)
07-01 00:50:33.496 F/DEBUG   (28604):       #58 pc 000000000039b004  /system/framework/framework.jar (offset 0x2414000) (com.android.internal.os.RuntimeInit$MethodAndArgsCaller.run+0)
07-01 00:50:33.497 F/DEBUG   (28604):       #59 pc 00000000007350b1  /apex/com.android.art/lib64/libart.so (art::interpreter::Execute(art::Thread*, art::CodeItemDataAccessor const&, art::ShadowFrame&, art::JValue, bool, bool) (.__uniq.112435418011751916792819755956732575238)+513) (BuildId: 6f501445ab44be8f30fb680128550143)
07-01 00:50:33.497 F/DEBUG   (28604):       #60 pc 0000000000b2b139  /apex/com.android.art/lib64/libart.so (artQuickToInterpreterBridge+777) (BuildId: 6f501445ab44be8f30fb680128550143)
07-01 00:50:33.497 F/DEBUG   (28604):       #61 pc 000000000022ce3c  /apex/com.android.art/lib64/libart.so (art_quick_to_interpreter_bridge+140) (BuildId: 6f501445ab44be8f30fb680128550143)
07-01 00:50:33.497 F/DEBUG   (28604):       #62 pc 00000000007dfb74  /system/framework/x86_64/boot-framework.oat (com.android.internal.os.ZygoteInit.main+2660) (BuildId: 0bd86adb1473eb99719ae59d1f1e1ee9e5306f1f)
07-01 00:50:33.497 F/DEBUG   (28604):       #63 pc 00000000002125d6  /apex/com.android.art/lib64/libart.so (art_quick_invoke_static_stub+806) (BuildId: 6f501445ab44be8f30fb680128550143)
07-01 00:50:33.497 F/DEBUG   (28604):       #64 pc 0000000000598278  /apex/com.android.art/lib64/libart.so (art::ArtMethod::Invoke(art::Thread*, unsigned int*, unsigned int, art::JValue*, char const*)+264) (BuildId: 6f501445ab44be8f30fb680128550143)
07-01 00:50:33.497 F/DEBUG   (28604):       #65 pc 0000000000a02906  /apex/com.android.art/lib64/libart.so (art::JValue art::InvokeWithVarArgs<_jmethodID*>(art::ScopedObjectAccessAlreadyRunnable const&, _jobject*, _jmethodID*, __va_list_tag*)+518) (BuildId: 6f501445ab44be8f30fb680128550143)
07-01 00:50:33.497 F/DEBUG   (28604):       #66 pc 000000000087bb8a  /apex/com.android.art/lib64/libart.so (art::JNI<true>::CallStaticVoidMethodV(_JNIEnv*, _jclass*, _jmethodID*, __va_list_tag*)+602) (BuildId: 6f501445ab44be8f30fb680128550143)
07-01 00:50:33.497 F/DEBUG   (28604):       #67 pc 000000000010b78e  /system/lib64/libandroid_runtime.so (_JNIEnv::CallStaticVoidMethod(_jclass*, _jmethodID*, ...)+126) (BuildId: 3edc70daf1b20f00daafe76764822754)
07-01 00:50:33.497 F/DEBUG   (28604):       #68 pc 00000000001b224e  /system/lib64/libandroid_runtime.so (android::AndroidRuntime::start(char const*, android::Vector<android::String8> const&, bool)+846) (BuildId: 3edc70daf1b20f00daafe76764822754)
07-01 00:50:33.497 F/DEBUG   (28604):       #69 pc 0000000000004728  /system/bin/app_process64 (main+1672) (BuildId: c6a0c390f4368e9631b91bced410e104)
07-01 00:50:33.497 F/DEBUG   (28604):       #70 pc 0000000000091155  /apex/com.android.runtime/lib64/bionic/libc.so (__libc_init+117) (BuildId: b38eeea9b317e8ff95f48fb7a9668b54)
07-01 00:50:33.497 F/DEBUG   (28604): Note: To display stack pointer information, use the pbtombstone tool:
07-01 00:50:33.497 F/DEBUG   (28604):         pbtombstone --display-sp tombstone_XX.pb
07-01 00:50:33.512 E/tombstoned(  370): Tombstone written to: tombstone_03
07-01 00:50:33.516 I/DropBoxManagerService(  690): add tag=data_app_native_crash isTagEnabled=true flags=0x2
07-01 00:50:33.516 I/BootReceiver(  690): Filtering tombstone file: tombstone_03.pb
07-01 00:50:33.521 I/BootReceiver(  690): Generated tombstone file: tombstone_03.pb6340713904883435679.pb.tmp
07-01 00:50:33.522 I/BootReceiver(  690): Adding tombstone tombstone_03.pb6340713904883435679.pb.tmp to dropbox
07-01 00:50:33.539 I/DropBoxManagerService(  690): add tag=SYSTEM_TOMBSTONE_PROTO_WITH_HEADERS isTagEnabled=true flags=0x4
07-01 00:50:33.546 I/BootReceiver(  690): Adding text tombstone version of tombstone_03.pb6340713904883435679.pb.tmp to dropbox
07-01 00:50:33.586 I/ActivityManager(  690): Process com.aiquota.mobile (pid 28372) has died: cch CRE 
07-01 00:50:33.589 I/Zygote  (  460): Process 28372 exited due to signal 4 (Illegal instruction)
07-01 00:50:33.589 I/adbd    (  539): Remote process closed the socket (on MSG_PEEK)
07-01 00:50:33.590 W/InputChannel-JNI( 3384): Channel already disposed.
07-01 00:50:33.590 I/libprocessgroup(  690): Removed cgroup /sys/fs/cgroup/apps/uid_10233/pid_28372
07-01 00:50:33.601 D/BoundBrokerSvc(29718): onUnbind: Intent { act=com.google.android.gms.safebrowsing.SafeBrowsingService.START dat=chimera-action:/... xflg=0x4 cmp=com.google.android.gms/.chimera.GmsBoundBrokerService }
07-01 00:50:33.615 W/ActivityManager(  690): setHasOverlayUi called on unknown pid: 28372
07-01 00:50:33.622 D/BoundBrokerSvc(29718): onUnbind: Intent { act=com.google.android.gms.safetynet.service.START xflg=0x4 pkg=com.google.android.gms }
07-01 00:50:33.672 I/BootReceiver(  690): Copying /data/tombstones/tombstone_03.pb6340713904883435679.pb.tmp6988604794486515791.pb.txt.tmp to DropBox (SYSTEM_TOMBSTONE)
07-01 00:50:33.672 I/DropBoxManagerService(  690): add tag=SYSTEM_TOMBSTONE isTagEnabled=true flags=0x6
07-01 00:50:34.094 D/BoundBrokerSvc(29718): onBind: Intent { act=com.google.android.gms.semanticlocationhistory.service.START dat=chimera-action:/... xflg=0x4 cmp=com.google.android.gms/.chimera.GmsApiService }
07-01 00:50:34.095 D/BoundBrokerSvc(29718): Loading bound service for intent: Intent { act=com.google.android.gms.semanticlocationhistory.service.START dat=chimera-action:/... xflg=0x4 cmp=com.google.android.gms/.chimera.GmsApiService }
07-01 00:50:34.095 E/hmly    ( 1317): Got more than one input Future failure. Logging failures after the first
07-01 00:50:34.095 E/hmly    ( 1317): java.io.IOException: Unable to create parent directories of /data/user/0/com.google.android.gms/files/mobstore_salt.pb.lock
07-01 00:50:34.095 E/hmly    ( 1317): 	at hhkm.c(:com.google.android.gms@262031038@26.20.31 (260800-919905943):37)
07-01 00:50:34.095 E/hmly    ( 1317): 	at gons.e(:com.google.android.gms@262031038@26.20.31 (260800-919905943):5)
07-01 00:50:34.095 E/hmly    ( 1317): 	at goqk.a(:com.google.android.gms@262031038@26.20.31 (260800-919905943):198)
07-01 00:50:34.095 E/hmly    ( 1317): 	at gomy.d(:com.google.android.gms@262031038@26.20.31 (260800-919905943):5)
07-01 00:50:34.095 E/hmly    ( 1317): 	at gosk.a(:com.google.android.gms@262031038@26.20.31 (260800-919905943):28)
07-01 00:50:34.095 E/hmly    ( 1317): 	at hdmz.a(:com.google.android.gms@262031038@26.20.31 (260800-919905943):17)
07-01 00:50:34.095 E/hmly    ( 1317): 	at hmnp.a(:com.google.android.gms@262031038@26.20.31 (260800-919905943):20)
07-01 00:50:34.095 E/hmly    ( 1317): 	at hmpt.a(:com.google.android.gms@262031038@26.20.31 (260800-919905943):3)
07-01 00:50:34.095 E/hmly    ( 1317): 	at hmou.run(:com.google.android.gms@262031038@26.20.31 (260800-919905943):19)
07-01 00:50:34.095 E/hmly    ( 1317): 	at hmpv.run(:com.google.android.gms@262031038@26.20.31 (260800-919905943):5)
07-01 00:50:34.095 E/hmly    ( 1317): 	at hmnr.run(:com.google.android.gms@262031038@26.20.31 (260800-919905943):20)
07-01 00:50:34.095 E/hmly    ( 1317): 	at java.util.concurrent.ThreadPoolExecutor.runWorker(ThreadPoolExecutor.java:1100)
07-01 00:50:34.095 E/hmly    ( 1317): 	at java.util.concurrent.ThreadPoolExecutor$Worker.run(ThreadPoolExecutor.java:624)
07-01 00:50:34.095 E/hmly    ( 1317): 	at java.lang.Thread.run(Thread.java:1572)
07-01 00:50:34.095 E/hmly    ( 1317): Got more than one input Future failure. Logging failures after the first
07-01 00:50:34.095 E/hmly    ( 1317): java.io.IOException: Unable to create parent directories of /data/user/0/com.google.android.gms/files/mobstore_salt.pb.lock
07-01 00:50:34.095 E/hmly    ( 1317): 	at hhkm.c(:com.google.android.gms@262031038@26.20.31 (260800-919905943):37)
07-01 00:50:34.095 E/hmly    ( 1317): 	at gons.e(:com.google.android.gms@262031038@26.20.31 (260800-919905943):5)
07-01 00:50:34.095 E/hmly    ( 1317): 	at goqk.a(:com.google.android.gms@262031038@26.20.31 (260800-919905943):198)
07-01 00:50:34.095 E/hmly    ( 1317): 	at gomy.d(:com.google.android.gms@262031038@26.20.31 (260800-919905943):5)
07-01 00:50:34.095 E/hmly    ( 1317): 	at gosk.a(:com.google.android.gms@262031038@26.20.31 (260800-919905943):28)
07-01 00:50:34.095 E/hmly    ( 1317): 	at hdmz.a(:com.google.android.gms@262031038@26.20.31 (260800-919905943):17)
07-01 00:50:34.095 E/hmly    ( 1317): 	at hmnp.a(:com.google.android.gms@262031038@26.20.31 (260800-919905943):20)
07-01 00:50:34.095 E/hmly    ( 1317): 	at hmpt.a(:com.google.android.gms@262031038@26.20.31 (260800-919905943):3)
07-01 00:50:34.095 E/hmly    ( 1317): 	at hmou.run(:com.google.android.gms@262031038@26.20.31 (260800-919905943):19)
07-01 00:50:34.095 E/hmly    ( 1317): 	at hmpv.run(:com.google.android.gms@262031038@26.20.31 (260800-919905943):5)
07-01 00:50:34.095 E/hmly    ( 1317): 	at hmnr.run(:com.google.android.gms@262031038@26.20.31 (260800-919905943):20)
07-01 00:50:34.095 E/hmly    ( 1317): 	at java.util.concurrent.ThreadPoolExecutor.runWorker(ThreadPoolExecutor.java:1100)
07-01 00:50:34.095 E/hmly    ( 1317): 	at java.util.concurrent.ThreadPoolExecutor$Worker.run(ThreadPoolExecutor.java:624)
07-01 00:50:34.095 E/hmly    ( 1317): 	at java.lang.Thread.run(Thread.java:1572)
07-01 00:50:34.096 E/hmly    ( 1317): Got more than one input Future failure. Logging failures after the first
07-01 00:50:34.096 E/hmly    ( 1317): java.io.IOException: Unable to create parent directories of /data/user/0/com.google.android.gms/files/mobstore_salt.pb.lock
07-01 00:50:34.096 E/hmly    ( 1317): 	at hhkm.c(:com.google.android.gms@262031038@26.20.31 (260800-919905943):37)
07-01 00:50:34.096 E/hmly    ( 1317): 	at gons.e(:com.google.android.gms@262031038@26.20.31 (260800-919905943):5)
07-01 00:50:34.096 E/hmly    ( 1317): 	at goqk.a(:com.google.android.gms@262031038@26.20.31 (260800-919905943):198)
07-01 00:50:34.096 E/hmly    ( 1317): 	at gomy.d(:com.google.android.gms@262031038@26.20.31 (260800-919905943):5)
07-01 00:50:34.096 E/hmly    ( 1317): 	at gosk.a(:com.google.android.gms@262031038@26.20.31 (260800-919905943):28)
07-01 00:50:34.096 E/hmly    ( 1317): 	at hdmz.a(:com.google.android.gms@262031038@26.20.31 (260800-919905943):17)
07-01 00:50:34.096 E/hmly    ( 1317): 	at hmnp.a(:com.google.android.gms@262031038@26.20.31 (260800-919905943):20)
07-01 00:50:34.096 E/hmly    ( 1317): 	at hmpt.a(:com.google.android.gms@262031038@26.20.31 (260800-919905943):3)
07-01 00:50:34.096 E/hmly    ( 1317): 	at hmou.run(:com.google.android.gms@262031038@26.20.31 (260800-919905943):19)
07-01 00:50:34.096 E/hmly    ( 1317): 	at hmpv.run(:com.google.android.gms@262031038@26.20.31 (260800-919905943):5)
07-01 00:50:34.096 E/hmly    ( 1317): 	at hmnr.run(:com.google.android.gms@262031038@26.20.31 (260800-919905943):20)
07-01 00:50:34.096 E/hmly    ( 1317): 	at java.util.concurrent.ThreadPoolExecutor.runWorker(ThreadPoolExecutor.java:1100)
07-01 00:50:34.096 E/hmly    ( 1317): 	at java.util.concurrent.ThreadPoolExecutor$Worker.run(ThreadPoolExecutor.java:624)
07-01 00:50:34.096 E/hmly    ( 1317): 	at java.lang.Thread.run(Thread.java:1572)
07-01 00:50:34.650 I/AdbWifiNetworkMonitor(  690): Wi-Fi network available
07-01 00:50:34.650 I/AdbWifiNetworkMonitor(  690): Received the same Wi-Fi SSID. Ignoring.
07-01 00:50:34.655 D/WM-WorkConstraintsTrack( 2923): NetworkRequestConstraintController onCapabilitiesChanged callback
07-01 00:50:34.657 I/HalDevMgr(  690): bestIfaceCreationProposal is null, requestIface=STA, existingIface=[name=wlan0 type=STA]
07-01 00:50:34.658 W/libbinder.IPCThreadState(  690): Sending oneway calls to frozen process.
07-01 00:50:34.658 W/libbinder.IPCThreadState(  690): Sending oneway calls to frozen process.
07-01 00:50:34.658 W/libbinder.IPCThreadState(  690): Sending oneway calls to frozen process.
07-01 00:50:34.659 D/WM-WorkConstraintsTrack( 3977): NetworkRequestConstraintController onCapabilitiesChanged callback
07-01 00:50:34.660 I/NullBinder( 1317): NullBinder for android.net.action.RECOMMEND_NETWORKS triggering remote TransactionTooLargeException due to Service without Chimera impl, calling uid: 1000, calling pid: 0
07-01 00:50:34.660 W/libbinder.Binder( 1317): Large reply transaction of 1056768 bytes, interface descriptor , function: UNKNOWN_FUNCTION_NAME, code: 1, flags: 17
07-01 00:50:34.661 I/BugleRcsEngine( 3867): Connected state: [1], networkType: [WIFI] [CONTEXT thread_id=65 ]
07-01 00:50:34.661 I/BugleRcsEngine( 3867): handleMessage processing message:[NOTIFY_UPTIME_IGNORE_STATE_CHANGED] with [non-null]:RcsEngineImpl reference [CONTEXT log_prefix="RcsEngineImpl[DUAL_REG]:[390448b9-d26f]>Handler" thread_id=69 ]
07-01 00:50:34.662 D/ConnectivityService(  690): NetReassign [no changes] [c 1] [a 0] [i 1]
07-01 00:50:34.662 I/NearbyMediums( 1317): Wifi changed new SSID: "AndroidWifi"
07-01 00:50:34.662 I/NearbyMediums( 1317): WifiLanConnectivityInfo is not changed, skip notify.
07-01 00:50:34.664 D/IpClient/wlan0( 1083): interfaceLinkStateChanged: ifindex 16 up
07-01 00:50:34.666 I/BugleRcsEngine( 3867): No RCS Configuration was found in Bugle for simID: redacted-pii:sim_id[chars:20,last3:897] [CONTEXT log_prefix="ProvisioningEngineDataRetriever" thread_id=69 ]
07-01 00:50:34.676 D/IpClient/wlan0( 1083): interfaceLinkStateChanged: ifindex 16 up
07-01 00:50:34.690 I/.android.dialer( 2923): Background young concurrent mark compact GC freed 16MB AllocSpace bytes, 0(0B) LOS objects, 73% free, 6058KB/22MB, paused 1.238ms,5.473ms total 29.668ms
07-01 00:50:34.690 W/.android.dialer( 2923): Reducing the number of considered missed Gc histogram windows from 1686 to 100
07-01 00:50:34.691 I/DialerSingletonScopedExternalsLogging( 2923): com.google.android.dialershared.externals.logging.SingletonScopedExternalsLogging.recordCallMethodInvocation:75 event: BROADCAST_RECEIVER, function parameters: [Broadcast to CachedTelephonyManager,2026-06-30 23:49:21.747], return value: <empty>
07-01 00:50:34.691 I/DialerSingletonScopedExternalsLogging( 2923): com.google.android.dialershared.externals.logging.SingletonScopedExternalsLogging.recordCallMethodInvocation:75 event: BROADCAST_RECEIVER, function parameters: [Broadcast to CachedTelephonyManager,2026-06-30 23:49:21.746], return value: <empty>
07-01 00:50:34.691 I/DialerSingletonScopedExternalsLogging( 2923): com.google.android.dialershared.externals.logging.SingletonScopedExternalsLogging.recordCallMethodInvocation:75 event: BROADCAST_RECEIVER, function parameters: [Broadcast to CachedTelecomManager,2026-06-30 23:49:21.747], return value: <empty>
07-01 00:50:34.692 I/DialerSingletonScopedExternalsLogging( 2923): com.google.android.dialershared.externals.logging.SingletonScopedExternalsLogging.recordCallMethodInvocation:75 event: BROADCAST_RECEIVER, function parameters: [Broadcast to CachedTelecomManager,2026-06-30 23:49:21.747], return value: <empty>
07-01 00:50:35.067 I/wpa_supplicant(  961): wlan0: CTRL-EVENT-BEACON-LOSS 
07-01 00:50:35.160 I/NearbySharing( 1317): Network state changed: NetworkState(isRestricted=false, isOnline=true, isCongested=false, isMetered=false, isWifiConnected=true)
07-01 00:50:35.344 E/Nl80211Native(  690): getChannelsMhzForBand: Wiphy index not recorded for band 8
07-01 00:50:35.344 E/Nl80211Native(  690): getChannelsMhzForBand: Wiphy index not recorded for band 16
07-01 00:50:35.344 D/Nl80211Native(  690): Ignoring unsupported scan type 2
07-01 00:50:35.344 I/Nl80211Proxy(  690): Sending Nl80211 message: GenericNetlinkMsg{ nlHeader{StructNlMsgHdr{ nlmsg_len{56}, nlmsg_type{30()}, nlmsg_flags{5(NLM_F_REQUEST|NLM_F_ACK)}, nlmsg_seq{966}, nlmsg_pid{0} }}, genNlHeader{StructGenNlMsgHdr{ command{33}, version{1}, reserved{0} }}, attributes{[StructNlAttr{ nla_len{8}, nla_type{-32723}, nla_value{04000000}, }, StructNlAttr{ nla_len{8}, nla_type{3}, nla_value{10000000}, }, StructNlAttr{ nla_len{12}, nla_type{-32724}, nla_value{080000008F090000}, }, StructNlAttr{ nla_len{8}, nla_type{158}, nla_value{00000000}, }]} }
07-01 00:50:35.351 I/Nl80211Proxy(  690): Received NLMSG_ERROR with error 0 for message GenericNetlinkMsg{ nlHeader{StructNlMsgHdr{ nlmsg_len{56}, nlmsg_type{30()}, nlmsg_flags{5(NLM_F_REQUEST|NLM_F_ACK)}, nlmsg_seq{966}, nlmsg_pid{0} }}, genNlHeader{StructGenNlMsgHdr{ command{33}, version{1}, reserved{0} }}, attributes{[StructNlAttr{ nla_len{8}, nla_type{-32723}, nla_value{04000000}, }, StructNlAttr{ nla_len{8}, nla_type{3}, nla_value{10000000}, }, StructNlAttr{ nla_len{12}, nla_type{-32724}, nla_value{080000008F090000}, }, StructNlAttr{ nla_len{8}, nla_type{158}, nla_value{00000000}, }]} }
07-01 00:50:35.398 D/WifiNative(  690): Scan result ready event
07-01 00:50:35.399 I/Nl80211Proxy(  690): Sending Nl80211 message: GenericNetlinkMsg{ nlHeader{StructNlMsgHdr{ nlmsg_len{20}, nlmsg_type{30()}, nlmsg_flags{769(NLM_F_REQUEST|NLM_F_DUMP)}, nlmsg_seq{967}, nlmsg_pid{0} }}, genNlHeader{StructGenNlMsgHdr{ command{5}, version{1}, reserved{0} }}, attributes{[]} }
07-01 00:50:35.399 I/Nl80211Proxy(  690): Received NLMSG_DONE for message GenericNetlinkMsg{ nlHeader{StructNlMsgHdr{ nlmsg_len{20}, nlmsg_type{30()}, nlmsg_flags{769(NLM_F_REQUEST|NLM_F_DUMP)}, nlmsg_seq{967}, nlmsg_pid{0} }}, genNlHeader{StructGenNlMsgHdr{ command{5}, version{1}, reserved{0} }}, attributes{[]} }
07-01 00:50:35.399 W/Nl80211Utils(  690): Malformed NEW_INTERFACE response: missing attributes
07-01 00:50:35.399 I/Nl80211Proxy(  690): Sending Nl80211 message: GenericNetlinkMsg{ nlHeader{StructNlMsgHdr{ nlmsg_len{28}, nlmsg_type{30()}, nlmsg_flags{769(NLM_F_REQUEST|NLM_F_DUMP)}, nlmsg_seq{968}, nlmsg_pid{0} }}, genNlHeader{StructGenNlMsgHdr{ command{32}, version{1}, reserved{0} }}, attributes{[StructNlAttr{ nla_len{8}, nla_type{3}, nla_value{10000000}, }]} }
07-01 00:50:35.400 I/Nl80211Proxy(  690): Received NLMSG_DONE for message GenericNetlinkMsg{ nlHeader{StructNlMsgHdr{ nlmsg_len{28}, nlmsg_type{30()}, nlmsg_flags{769(NLM_F_REQUEST|NLM_F_DUMP)}, nlmsg_seq{968}, nlmsg_pid{0} }}, genNlHeader{StructGenNlMsgHdr{ command{32}, version{1}, reserved{0} }}, attributes{[StructNlAttr{ nla_len{8}, nla_type{3}, nla_value{10000000}, }]} }
07-01 00:50:35.402 I/WifiScanner( 1317): onFullResults
07-01 00:50:35.402 I/WifiScanner( 1317): onFullResults
07-01 00:50:35.404 I/HalDevMgr(  690): bestIfaceCreationProposal is null, requestIface=STA, existingIface=[name=wlan0 type=STA]
07-01 00:50:37.665 I/HalDevMgr(  690): bestIfaceCreationProposal is null, requestIface=STA, existingIface=[name=wlan0 type=STA]
07-01 00:50:40.125 D/SatelliteController( 1128): isInCarrierRoamingNbIotNtn: satellite is disabled
07-01 00:50:40.125 D/SatelliteController( 1128): getCarrierRoamingNtnConnectType: Checking connect type from PLMN config for subId: 1
07-01 00:50:40.125 D/TelephonyConfigUpdateInstallReceiver( 1128): getConfigParser: domain=satellite
07-01 00:50:40.125 V/SatelliteController( 1128): satelliteConfigParser is not ready
07-01 00:50:40.125 D/SatelliteController( 1128): isSatelliteAttachSupportedViaConfigupdater: return null (satelliteConfig is null)
07-01 00:50:40.126 D/SatelliteController( 1128): getSatellitePerPlmnConfiguration: invalid subId or not supported via carrier.
07-01 00:50:40.126 D/SatelliteController( 1128): getCarrierRoamingNtnConnectType: config: null
07-01 00:50:40.126 D/TelephonyConfigUpdateInstallReceiver( 1128): getConfigParser: domain=satellite
07-01 00:50:40.126 V/SatelliteController( 1128): satelliteConfigParser is not ready
07-01 00:50:40.126 D/SatelliteController( 1128): getCarrierRoamingNtnConnectTypeViaConfigUpdater: return null (satelliteConfig is null)
07-01 00:50:40.126 D/SatelliteController( 1128): getCarrierRoamingNtnConnectType: Falling back to global carrier config connect type: 0
07-01 00:50:40.126 D/TelephonyConfigUpdateInstallReceiver( 1128): getConfigParser: domain=satellite
07-01 00:50:40.126 V/SatelliteController( 1128): satelliteConfigParser is not ready
07-01 00:50:40.126 D/SatelliteController( 1128): isSatelliteAttachSupportedViaConfigupdater: return null (satelliteConfig is null)
07-01 00:50:40.126 D/SatelliteController( 1128): getCarrierRoamingNtnConnectType: Checking connect type from PLMN config for subId: 1
07-01 00:50:40.126 D/TelephonyConfigUpdateInstallReceiver( 1128): getConfigParser: domain=satellite
07-01 00:50:40.126 V/SatelliteController( 1128): satelliteConfigParser is not ready
07-01 00:50:40.126 D/SatelliteController( 1128): isSatelliteAttachSupportedViaConfigupdater: return null (satelliteConfig is null)
07-01 00:50:40.126 D/SatelliteController( 1128): getSatellitePerPlmnConfiguration: invalid subId or not supported via carrier.
07-01 00:50:40.126 D/SatelliteController( 1128): getCarrierRoamingNtnConnectType: config: null
07-01 00:50:40.126 D/TelephonyConfigUpdateInstallReceiver( 1128): getConfigParser: domain=satellite
07-01 00:50:40.126 V/SatelliteController( 1128): satelliteConfigParser is not ready
07-01 00:50:40.126 D/SatelliteController( 1128): getCarrierRoamingNtnConnectTypeViaConfigUpdater: return null (satelliteConfig is null)
07-01 00:50:40.126 D/SatelliteController( 1128): getCarrierRoamingNtnConnectType: Falling back to global carrier config connect type: 0
07-01 00:50:40.126 D/TelephonyConfigUpdateInstallReceiver( 1128): getConfigParser: domain=satellite
07-01 00:50:40.126 V/SatelliteController( 1128): satelliteConfigParser is not ready
07-01 00:50:40.126 D/SatelliteController( 1128): isSatelliteAttachSupportedViaConfigupdater: return null (satelliteConfig is null)
07-01 00:50:40.592 I/adbd    (  539): adbd service requested 'shell,v2,raw:dumpsys package com.google.android.gms'
07-01 00:50:40.685 I/HalDevMgr(  690): bestIfaceCreationProposal is null, requestIface=STA, existingIface=[name=wlan0 type=STA]
07-01 00:50:40.723 D/IpClient/wlan0( 1083): interfaceLinkStateChanged: ifindex 16 up
07-01 00:50:40.738 D/IpClient/wlan0( 1083): interfaceLinkStateChanged: ifindex 16 up
07-01 00:50:40.920 I/artd    ( 3273): GetBestInfo: odex next to the dex file (/data/app/~~pUpe9D-hsv0lOCLmNQJGyA==/com.google.android.gms-a0e_AySruvvgbDhYG8Z6yQ==/oat/x86_64/base.odex) is kOatUpToDate with filter 'speed-profile' executable 'false'
07-01 00:50:40.923 I/artd    ( 3273): GetBestInfo: dm (/data/app/~~pUpe9D-hsv0lOCLmNQJGyA==/com.google.android.gms-a0e_AySruvvgbDhYG8Z6yQ==/split_AdsDynamite_installtime.dm) is kOatUpToDate with filter 'verify' executable 'false'
07-01 00:50:40.926 I/artd    ( 3273): GetBestInfo: odex next to the dex file (/data/app/~~pUpe9D-hsv0lOCLmNQJGyA==/com.google.android.gms-a0e_AySruvvgbDhYG8Z6yQ==/oat/x86_64/split_CronetDynamite_installtime.odex) is kOatUpToDate with filter 'speed-profile' executable 'false'
07-01 00:50:40.927 I/artd    ( 3273): GetBestInfo: dm (/data/app/~~pUpe9D-hsv0lOCLmNQJGyA==/com.google.android.gms-a0e_AySruvvgbDhYG8Z6yQ==/split_DynamiteLoader_installtime.dm) is kOatUpToDate with filter 'verify' executable 'false'
07-01 00:50:40.928 I/artd    ( 3273): GetBestInfo: dm (/data/app/~~pUpe9D-hsv0lOCLmNQJGyA==/com.google.android.gms-a0e_AySruvvgbDhYG8Z6yQ==/split_DynamiteModulesA_installtime.dm) is kOatUpToDate with filter 'verify' executable 'false'
07-01 00:50:40.930 I/artd    ( 3273): GetBestInfo: dm (/data/app/~~pUpe9D-hsv0lOCLmNQJGyA==/com.google.android.gms-a0e_AySruvvgbDhYG8Z6yQ==/split_DynamiteModulesC_installtime.dm) is kOatUpToDate with filter 'verify' executable 'false'
07-01 00:50:40.932 I/artd    ( 3273): GetBestInfo: dm (/data/app/~~pUpe9D-hsv0lOCLmNQJGyA==/com.google.android.gms-a0e_AySruvvgbDhYG8Z6yQ==/split_GoogleCertificates_installtime.dm) is kOatUpToDate with filter 'verify' executable 'false'
07-01 00:50:40.933 I/artd    ( 3273): GetBestInfo: dm (/data/app/~~pUpe9D-hsv0lOCLmNQJGyA==/com.google.android.gms-a0e_AySruvvgbDhYG8Z6yQ==/split_MapsDynamite_installtime.dm) is kOatUpToDate with filter 'verify' executable 'false'
07-01 00:50:40.935 I/artd    ( 3273): GetBestInfo: dm (/data/app/~~pUpe9D-hsv0lOCLmNQJGyA==/com.google.android.gms-a0e_AySruvvgbDhYG8Z6yQ==/split_MeasurementDynamite_installtime.dm) is kOatUpToDate with filter 'verify' executable 'false'
07-01 00:50:40.938 I/artd    ( 3273): GetBestInfo: /data/user_de/0/com.google.android.gms/app_chimera/m/0000000e/dl-IdentityCredentialsPlatform.optional_262031100800.apk has no usable artifacts
07-01 00:50:40.940 I/artd    ( 3273): GetBestInfo: /data/user_de/0/com.google.android.gms/app_chimera/m/00000001/CronetDynamite.apk has no usable artifacts
07-01 00:50:40.942 I/artd    ( 3273): GetBestInfo: /data/user_de/0/com.google.android.gms/app_chimera/m/00000013/dl-TfliteDynamiteDynamite.integ_252130102100800.apk has no usable artifacts
07-01 00:50:40.944 I/artd    ( 3273): GetBestInfo: /data/user_de/0/com.google.android.gms/app_chimera/m/00000002/DynamiteLoader.apk has no usable artifacts
07-01 00:50:40.945 I/artd    ( 3273): GetBestInfo: /data/user_de/0/com.google.android.gms/app_chimera/m/0000000c/dl-IdentityCredentialsPlatform.optional_261136100800.apk has no usable artifacts
07-01 00:50:40.946 I/artd    ( 3273): GetBestInfo: /data/user_de/0/com.google.android.gms/app_chimera/m/00000005/GoogleCertificates.apk has no usable artifacts
07-01 00:50:40.947 I/artd    ( 3273): GetBestInfo: /data/user_de/0/com.google.android.gms/app_chimera/m/0000000a/dl-TfliteDynamiteDynamite.integ_260580502100800.apk has no usable artifacts
07-01 00:50:40.949 I/artd    ( 3273): GetBestInfo: /data/user_de/0/com.google.android.gms/app_chimera/m/00000016/dl-PlayCloudSearch.optional_262031100000.apk has no usable artifacts
07-01 00:50:40.951 I/artd    ( 3273): GetBestInfo: /data/user_de/0/com.google.android.gms/app_chimera/m/00000014/dl-MlkitOcrCommon.optional_262031100800.apk has no usable artifacts
07-01 00:50:40.954 I/artd    ( 3273): GetBestInfo: /data/user_de/0/com.google.android.gms/app_chimera/m/00000008/dl-VisionOcr.optional_261136100000.apk has no usable artifacts
07-01 00:50:40.956 I/artd    ( 3273): GetBestInfo: /data/user_de/0/com.google.android.gms/app_chimera/m/00000010/dl-Appsearch.optional_262031100800.apk has no usable artifacts
07-01 00:50:40.958 I/artd    ( 3273): GetBestInfo: /data/user_de/0/com.google.android.gms/app_chimera/m/0000000b/dl-Appsearch.optional_261136100800.apk has no usable artifacts
07-01 00:50:40.960 I/artd    ( 3273): GetBestInfo: vdex next to the dex file (/data/user/0/com.google.android.gms/app_dg_cache/9BCBC14EE674B00B958D4B0C5B4BD883630AA39E/oat/x86_64/the.vdex) is kOatUpToDate with filter 'verify' executable 'false'
07-01 00:50:40.962 I/artd    ( 3273): GetBestInfo: /data/user_de/0/com.google.android.gms/app_chimera/m/00000009/dl-MlkitOcrCommon.optional_261136100800.apk has no usable artifacts
07-01 00:50:40.962 I/artd    ( 3273): GetBestInfo: /data/user/0/com.google.android.gms/app_dg_cache/22DA9D7AD8ED7504E0CAC64C41ECDBD7068924E0/the.apk has no usable artifacts
07-01 00:50:40.964 I/artd    ( 3273): GetBestInfo: vdex next to the dex file (/data/user/0/com.google.android.gms/app_dg_cache/FEE57AEA14526BE59FD8AB1365237E7B7A5CE7CB/oat/x86_64/the.vdex) is kOatUpToDate with filter 'verify' executable 'false'
07-01 00:50:40.965 I/artd    ( 3273): GetBestInfo: vdex next to the dex file (/data/user/0/com.google.android.gms/app_dg_cache/1C62BDE86218FBAA50DF06C4A79F5C3FE74B69EC/oat/x86_64/the.vdex) is kOatUpToDate with filter 'verify' executable 'false'
07-01 00:50:40.968 I/artd    ( 3273): GetBestInfo: /data/user_de/0/com.google.android.gms/app_chimera/m/0000000f/dl-VisionOcr.optional_262031100000.apk has no usable artifacts
07-01 00:50:40.970 I/artd    ( 3273): GetBestInfo: /data/user_de/0/com.google.android.gms/app_chimera/m/00000015/dl-MlkitBarcodeUi.optional_262031100800.apk has no usable artifacts
07-01 00:50:40.972 I/artd    ( 3273): GetBestInfo: /data/user_de/0/com.google.android.gms/app_chimera/m/00000007/MeasurementDynamite.apk has no usable artifacts
07-01 00:50:42.999 I/wpa_supplicant(  961): wlan0: CTRL-EVENT-BEACON-LOSS 
07-01 00:50:43.689 I/HalDevMgr(  690): bestIfaceCreationProposal is null, requestIface=STA, existingIface=[name=wlan0 type=STA]
07-01 00:50:46.441 D/ActivityManager(  690): freezing 3383 com.google.android.apps.wellbeing
07-01 00:50:46.443 D/InetDiagMessage(  690): Destroyed 0 sockets, proto=IPPROTO_TCP, family=AF_INET, states=14
07-01 00:50:46.443 D/InetDiagMessage(  690): Destroyed 0 sockets, proto=IPPROTO_TCP, family=AF_INET6, states=14
07-01 00:50:46.443 D/InetDiagMessage(  690): Destroyed live tcp sockets for uids={10159} in 1ms
07-01 00:50:46.695 I/HalDevMgr(  690): bestIfaceCreationProposal is null, requestIface=STA, existingIface=[name=wlan0 type=STA]
07-01 00:50:46.701 D/IpClient/wlan0( 1083): interfaceLinkStateChanged: ifindex 16 up
07-01 00:50:46.713 D/IpClient/wlan0( 1083): interfaceLinkStateChanged: ifindex 16 up
07-01 00:50:47.809 D/ActivityManager(  690): freezing 4847 com.android.settings
07-01 00:50:47.810 D/ActivityManager(  690): freezing 6089 com.android.keychain
07-01 00:50:49.108 D/BoundBrokerSvc(29718): onUnbind: Intent { act=com.google.android.gms.semanticlocationhistory.service.START dat=chimera-action:/... xflg=0x4 cmp=com.google.android.gms/.chimera.GmsApiService }
07-01 00:50:49.704 I/AdbWifiNetworkMonitor(  690): Wi-Fi network available
07-01 00:50:49.705 I/AdbWifiNetworkMonitor(  690): Received the same Wi-Fi SSID. Ignoring.
07-01 00:50:49.707 I/HalDevMgr(  690): bestIfaceCreationProposal is null, requestIface=STA, existingIface=[name=wlan0 type=STA]
07-01 00:50:49.708 D/WM-WorkConstraintsTrack( 2923): NetworkRequestConstraintController onCapabilitiesChanged callback
07-01 00:50:49.711 I/NullBinder( 1317): NullBinder for android.net.action.RECOMMEND_NETWORKS triggering remote TransactionTooLargeException due to Service without Chimera impl, calling uid: 1000, calling pid: 0
07-01 00:50:49.711 W/libbinder.Binder( 1317): Large reply transaction of 1056768 bytes, interface descriptor , function: UNKNOWN_FUNCTION_NAME, code: 1, flags: 17
07-01 00:50:49.711 I/BugleRcsEngine( 3867): handleMessage processing message:[NOTIFY_UPTIME_IGNORE_STATE_CHANGED] with [non-null]:RcsEngineImpl reference [CONTEXT log_prefix="RcsEngineImpl[DUAL_REG]:[390448b9-d26f]>Handler" thread_id=69 ]
07-01 00:50:49.711 D/WM-WorkConstraintsTrack( 3977): NetworkRequestConstraintController onCapabilitiesChanged callback
07-01 00:50:49.712 I/BugleRcsEngine( 3867): Connected state: [1], networkType: [WIFI] [CONTEXT thread_id=65 ]
07-01 00:50:49.716 W/libbinder.IPCThreadState(  690): Sending oneway calls to frozen process.
07-01 00:50:49.716 W/libbinder.IPCThreadState(  690): Sending oneway calls to frozen process.
07-01 00:50:49.716 W/libbinder.IPCThreadState(  690): Sending oneway calls to frozen process.
07-01 00:50:49.718 D/ConnectivityService(  690): NetReassign [no changes] [c 0] [a 1] [i 1]
07-01 00:50:49.719 I/NearbyMediums( 1317): Wifi changed new SSID: "AndroidWifi"
07-01 00:50:49.719 I/NearbyMediums( 1317): WifiLanConnectivityInfo is not changed, skip notify.
07-01 00:50:49.719 I/BugleRcsEngine( 3867): No RCS Configuration was found in Bugle for simID: redacted-pii:sim_id[chars:20,last3:897] [CONTEXT log_prefix="ProvisioningEngineDataRetriever" thread_id=69 ]
07-01 00:50:50.125 D/SatelliteController( 1128): isInCarrierRoamingNbIotNtn: satellite is disabled
07-01 00:50:50.126 D/SatelliteController( 1128): getCarrierRoamingNtnConnectType: Checking connect type from PLMN config for subId: 1
07-01 00:50:50.126 D/TelephonyConfigUpdateInstallReceiver( 1128): getConfigParser: domain=satellite
07-01 00:50:50.126 V/SatelliteController( 1128): satelliteConfigParser is not ready
07-01 00:50:50.126 D/SatelliteController( 1128): isSatelliteAttachSupportedViaConfigupdater: return null (satelliteConfig is null)
07-01 00:50:50.126 D/SatelliteController( 1128): getSatellitePerPlmnConfiguration: invalid subId or not supported via carrier.
07-01 00:50:50.127 D/SatelliteController( 1128): getCarrierRoamingNtnConnectType: config: null
07-01 00:50:50.127 D/TelephonyConfigUpdateInstallReceiver( 1128): getConfigParser: domain=satellite
07-01 00:50:50.127 V/SatelliteController( 1128): satelliteConfigParser is not ready
07-01 00:50:50.127 D/SatelliteController( 1128): getCarrierRoamingNtnConnectTypeViaConfigUpdater: return null (satelliteConfig is null)
07-01 00:50:50.127 D/SatelliteController( 1128): getCarrierRoamingNtnConnectType: Falling back to global carrier config connect type: 0
07-01 00:50:50.127 D/TelephonyConfigUpdateInstallReceiver( 1128): getConfigParser: domain=satellite
07-01 00:50:50.127 V/SatelliteController( 1128): satelliteConfigParser is not ready
07-01 00:50:50.127 D/SatelliteController( 1128): isSatelliteAttachSupportedViaConfigupdater: return null (satelliteConfig is null)
07-01 00:50:50.127 D/SatelliteController( 1128): getCarrierRoamingNtnConnectType: Checking connect type from PLMN config for subId: 1
07-01 00:50:50.127 D/TelephonyConfigUpdateInstallReceiver( 1128): getConfigParser: domain=satellite
07-01 00:50:50.127 V/SatelliteController( 1128): satelliteConfigParser is not ready
07-01 00:50:50.127 D/SatelliteController( 1128): isSatelliteAttachSupportedViaConfigupdater: return null (satelliteConfig is null)
07-01 00:50:50.127 D/SatelliteController( 1128): getSatellitePerPlmnConfiguration: invalid subId or not supported via carrier.
07-01 00:50:50.128 D/SatelliteController( 1128): getCarrierRoamingNtnConnectType: config: null
07-01 00:50:50.128 D/TelephonyConfigUpdateInstallReceiver( 1128): getConfigParser: domain=satellite
07-01 00:50:50.128 V/SatelliteController( 1128): satelliteConfigParser is not ready
07-01 00:50:50.128 D/SatelliteController( 1128): getCarrierRoamingNtnConnectTypeViaConfigUpdater: return null (satelliteConfig is null)
07-01 00:50:50.128 D/SatelliteController( 1128): getCarrierRoamingNtnConnectType: Falling back to global carrier config connect type: 0
07-01 00:50:50.128 D/TelephonyConfigUpdateInstallReceiver( 1128): getConfigParser: domain=satellite
07-01 00:50:50.128 V/SatelliteController( 1128): satelliteConfigParser is not ready
07-01 00:50:50.128 D/SatelliteController( 1128): isSatelliteAttachSupportedViaConfigupdater: return null (satelliteConfig is null)
07-01 00:50:50.161 W/skia    (  527): AGTM parsing failed flags.readFromStream(s) at 159
07-01 00:50:50.161 W/skia    (  527): AGTM parsing failed flags.readFromStream(s) at 159
07-01 00:50:50.214 I/NearbySharing( 1317): Network state changed: NetworkState(isRestricted=false, isOnline=true, isCongested=false, isMetered=false, isWifiConnected=true)
07-01 00:50:50.586 I/adbd    (  539): adbd service requested 'shell,v2,raw:dumpsys package com.google.android.gms'
07-01 00:50:50.926 I/system_server(  690): Background young concurrent mark compact GC freed 21MB AllocSpace bytes, 30(2816KB) LOS objects, 36% free, 42MB/65MB, paused 15.697ms,25.057ms total 100.223ms
07-01 00:50:50.935 I/wpa_supplicant(  961): wlan0: CTRL-EVENT-BEACON-LOSS 
07-01 00:50:50.942 I/artd    ( 3273): GetBestInfo: odex next to the dex file (/data/app/~~pUpe9D-hsv0lOCLmNQJGyA==/com.google.android.gms-a0e_AySruvvgbDhYG8Z6yQ==/oat/x86_64/base.odex) is kOatUpToDate with filter 'speed-profile' executable 'false'
07-01 00:50:50.945 I/artd    ( 3273): GetBestInfo: dm (/data/app/~~pUpe9D-hsv0lOCLmNQJGyA==/com.google.android.gms-a0e_AySruvvgbDhYG8Z6yQ==/split_AdsDynamite_installtime.dm) is kOatUpToDate with filter 'verify' executable 'false'
07-01 00:50:50.946 I/artd    ( 3273): GetBestInfo: odex next to the dex file (/data/app/~~pUpe9D-hsv0lOCLmNQJGyA==/com.google.android.gms-a0e_AySruvvgbDhYG8Z6yQ==/oat/x86_64/split_CronetDynamite_installtime.odex) is kOatUpToDate with filter 'speed-profile' executable 'false'
07-01 00:50:50.947 I/artd    ( 3273): GetBestInfo: dm (/data/app/~~pUpe9D-hsv0lOCLmNQJGyA==/com.google.android.gms-a0e_AySruvvgbDhYG8Z6yQ==/split_DynamiteLoader_installtime.dm) is kOatUpToDate with filter 'verify' executable 'false'
07-01 00:50:50.948 I/artd    ( 3273): GetBestInfo: dm (/data/app/~~pUpe9D-hsv0lOCLmNQJGyA==/com.google.android.gms-a0e_AySruvvgbDhYG8Z6yQ==/split_DynamiteModulesA_installtime.dm) is kOatUpToDate with filter 'verify' executable 'false'
07-01 00:50:50.949 I/artd    ( 3273): GetBestInfo: dm (/data/app/~~pUpe9D-hsv0lOCLmNQJGyA==/com.google.android.gms-a0e_AySruvvgbDhYG8Z6yQ==/split_DynamiteModulesC_installtime.dm) is kOatUpToDate with filter 'verify' executable 'false'
07-01 00:50:50.950 I/artd    ( 3273): GetBestInfo: dm (/data/app/~~pUpe9D-hsv0lOCLmNQJGyA==/com.google.android.gms-a0e_AySruvvgbDhYG8Z6yQ==/split_GoogleCertificates_installtime.dm) is kOatUpToDate with filter 'verify' executable 'false'
07-01 00:50:50.951 I/artd    ( 3273): GetBestInfo: dm (/data/app/~~pUpe9D-hsv0lOCLmNQJGyA==/com.google.android.gms-a0e_AySruvvgbDhYG8Z6yQ==/split_MapsDynamite_installtime.dm) is kOatUpToDate with filter 'verify' executable 'false'
07-01 00:50:50.953 I/artd    ( 3273): GetBestInfo: dm (/data/app/~~pUpe9D-hsv0lOCLmNQJGyA==/com.google.android.gms-a0e_AySruvvgbDhYG8Z6yQ==/split_MeasurementDynamite_installtime.dm) is kOatUpToDate with filter 'verify' executable 'false'
07-01 00:50:50.954 I/artd    ( 3273): GetBestInfo: /data/user_de/0/com.google.android.gms/app_chimera/m/0000000e/dl-IdentityCredentialsPlatform.optional_262031100800.apk has no usable artifacts
07-01 00:50:50.956 I/artd    ( 3273): GetBestInfo: /data/user_de/0/com.google.android.gms/app_chimera/m/00000001/CronetDynamite.apk has no usable artifacts
07-01 00:50:50.957 I/artd    ( 3273): GetBestInfo: /data/user_de/0/com.google.android.gms/app_chimera/m/00000013/dl-TfliteDynamiteDynamite.integ_252130102100800.apk has no usable artifacts
07-01 00:50:50.958 I/artd    ( 3273): GetBestInfo: /data/user_de/0/com.google.android.gms/app_chimera/m/00000002/DynamiteLoader.apk has no usable artifacts
07-01 00:50:50.960 I/artd    ( 3273): GetBestInfo: /data/user_de/0/com.google.android.gms/app_chimera/m/0000000c/dl-IdentityCredentialsPlatform.optional_261136100800.apk has no usable artifacts
07-01 00:50:50.960 I/artd    ( 3273): GetBestInfo: /data/user_de/0/com.google.android.gms/app_chimera/m/00000005/GoogleCertificates.apk has no usable artifacts
07-01 00:50:50.961 I/artd    ( 3273): GetBestInfo: /data/user_de/0/com.google.android.gms/app_chimera/m/0000000a/dl-TfliteDynamiteDynamite.integ_260580502100800.apk has no usable artifacts
07-01 00:50:50.962 I/artd    ( 3273): GetBestInfo: /data/user_de/0/com.google.android.gms/app_chimera/m/00000016/dl-PlayCloudSearch.optional_262031100000.apk has no usable artifacts
07-01 00:50:50.963 I/artd    ( 3273): GetBestInfo: /data/user_de/0/com.google.android.gms/app_chimera/m/00000014/dl-MlkitOcrCommon.optional_262031100800.apk has no usable artifacts
07-01 00:50:50.965 I/artd    ( 3273): GetBestInfo: /data/user_de/0/com.google.android.gms/app_chimera/m/00000008/dl-VisionOcr.optional_261136100000.apk has no usable artifacts
07-01 00:50:50.966 I/artd    ( 3273): GetBestInfo: /data/user_de/0/com.google.android.gms/app_chimera/m/00000010/dl-Appsearch.optional_262031100800.apk has no usable artifacts
07-01 00:50:50.969 I/artd    ( 3273): GetBestInfo: /data/user_de/0/com.google.android.gms/app_chimera/m/0000000b/dl-Appsearch.optional_261136100800.apk has no usable artifacts
07-01 00:50:50.970 I/artd    ( 3273): GetBestInfo: vdex next to the dex file (/data/user/0/com.google.android.gms/app_dg_cache/9BCBC14EE674B00B958D4B0C5B4BD883630AA39E/oat/x86_64/the.vdex) is kOatUpToDate with filter 'verify' executable 'false'
07-01 00:50:50.972 I/artd    ( 3273): GetBestInfo: /data/user_de/0/com.google.android.gms/app_chimera/m/00000009/dl-MlkitOcrCommon.optional_261136100800.apk has no usable artifacts
07-01 00:50:50.975 I/artd    ( 3273): GetBestInfo: /data/user/0/com.google.android.gms/app_dg_cache/22DA9D7AD8ED7504E0CAC64C41ECDBD7068924E0/the.apk has no usable artifacts
07-01 00:50:50.979 I/artd    ( 3273): GetBestInfo: vdex next to the dex file (/data/user/0/com.google.android.gms/app_dg_cache/FEE57AEA14526BE59FD8AB1365237E7B7A5CE7CB/oat/x86_64/the.vdex) is kOatUpToDate with filter 'verify' executable 'false'
07-01 00:50:50.982 I/artd    ( 3273): GetBestInfo: vdex next to the dex file (/data/user/0/com.google.android.gms/app_dg_cache/1C62BDE86218FBAA50DF06C4A79F5C3FE74B69EC/oat/x86_64/the.vdex) is kOatUpToDate with filter 'verify' executable 'false'
07-01 00:50:50.983 I/artd    ( 3273): GetBestInfo: /data/user_de/0/com.google.android.gms/app_chimera/m/0000000f/dl-VisionOcr.optional_262031100000.apk has no usable artifacts
07-01 00:50:50.985 I/artd    ( 3273): GetBestInfo: /data/user_de/0/com.google.android.gms/app_chimera/m/00000015/dl-MlkitBarcodeUi.optional_262031100800.apk has no usable artifacts
07-01 00:50:50.986 I/artd    ( 3273): GetBestInfo: /data/user_de/0/com.google.android.gms/app_chimera/m/00000007/MeasurementDynamite.apk has no usable artifacts
07-01 00:50:52.714 I/AdbWifiNetworkMonitor(  690): Wi-Fi network available
07-01 00:50:52.714 I/AdbWifiNetworkMonitor(  690): Received the same Wi-Fi SSID. Ignoring.
07-01 00:50:52.716 I/HalDevMgr(  690): bestIfaceCreationProposal is null, requestIface=STA, existingIface=[name=wlan0 type=STA]
07-01 00:50:52.717 D/WM-WorkConstraintsTrack( 2923): NetworkRequestConstraintController onCapabilitiesChanged callback
07-01 00:50:52.720 I/BugleRcsEngine( 3867): handleMessage processing message:[NOTIFY_UPTIME_IGNORE_STATE_CHANGED] with [non-null]:RcsEngineImpl reference [CONTEXT log_prefix="RcsEngineImpl[DUAL_REG]:[390448b9-d26f]>Handler" thread_id=69 ]
07-01 00:50:52.720 I/NullBinder( 1317): NullBinder for android.net.action.RECOMMEND_NETWORKS triggering remote TransactionTooLargeException due to Service without Chimera impl, calling uid: 1000, calling pid: 0
07-01 00:50:52.722 W/libbinder.Binder( 1317): Large reply transaction of 1056768 bytes, interface descriptor , function: UNKNOWN_FUNCTION_NAME, code: 1, flags: 17
07-01 00:50:52.722 I/BugleRcsEngine( 3867): Connected state: [1], networkType: [WIFI] [CONTEXT thread_id=65 ]
07-01 00:50:52.722 D/WM-WorkConstraintsTrack( 3977): NetworkRequestConstraintController onCapabilitiesChanged callback
07-01 00:50:52.723 W/libbinder.IPCThreadState(  690): Sending oneway calls to frozen process.
07-01 00:50:52.723 W/libbinder.IPCThreadState(  690): Sending oneway calls to frozen process.
07-01 00:50:52.723 W/libbinder.IPCThreadState(  690): Sending oneway calls to frozen process.
07-01 00:50:52.725 I/BugleRcsEngine( 3867): No RCS Configuration was found in Bugle for simID: redacted-pii:sim_id[chars:20,last3:897] [CONTEXT log_prefix="ProvisioningEngineDataRetriever" thread_id=69 ]
07-01 00:50:52.725 D/ConnectivityService(  690): NetReassign [no changes] [c 0] [a 2] [i 0]
07-01 00:50:52.726 I/NearbyMediums( 1317): Wifi changed new SSID: "AndroidWifi"
07-01 00:50:52.726 I/NearbyMediums( 1317): WifiLanConnectivityInfo is not changed, skip notify.
07-01 00:50:53.224 I/NearbySharing( 1317): Network state changed: NetworkState(isRestricted=false, isOnline=true, isCongested=false, isMetered=false, isWifiConnected=true)
07-01 00:50:53.312 E/PlayCommon( 4938): [87] Metalog directories were deleted unexpectedly, recreating...
07-01 00:50:55.025 E/PlayCommon( 4938): [183] Metalog directories were deleted unexpectedly, recreating...
07-01 00:50:55.724 I/HalDevMgr(  690): bestIfaceCreationProposal is null, requestIface=STA, existingIface=[name=wlan0 type=STA]
07-01 00:50:57.044 I/BluetoothPowerStatsCollector(  690): BluetoothActivityEnergyInfo not supported.
07-01 00:50:58.731 I/HalDevMgr(  690): bestIfaceCreationProposal is null, requestIface=STA, existingIface=[name=wlan0 type=STA]
07-01 00:50:59.127 I/wpa_supplicant(  961): wlan0: CTRL-EVENT-BEACON-LOSS 
07-01 00:51:00.043 W/skia    (  527): AGTM parsing failed flags.readFromStream(s) at 159
07-01 00:51:00.043 W/skia    (  527): AGTM parsing failed flags.readFromStream(s) at 159
07-01 00:51:00.125 D/SatelliteController( 1128): isInCarrierRoamingNbIotNtn: satellite is disabled
07-01 00:51:00.125 D/SatelliteController( 1128): getCarrierRoamingNtnConnectType: Checking connect type from PLMN config for subId: 1
07-01 00:51:00.125 D/TelephonyConfigUpdateInstallReceiver( 1128): getConfigParser: domain=satellite
07-01 00:51:00.125 V/SatelliteController( 1128): satelliteConfigParser is not ready
07-01 00:51:00.125 D/SatelliteController( 1128): isSatelliteAttachSupportedViaConfigupdater: return null (satelliteConfig is null)
07-01 00:51:00.126 D/SatelliteController( 1128): getSatellitePerPlmnConfiguration: invalid subId or not supported via carrier.
07-01 00:51:00.126 D/SatelliteController( 1128): getCarrierRoamingNtnConnectType: config: null
07-01 00:51:00.126 D/TelephonyConfigUpdateInstallReceiver( 1128): getConfigParser: domain=satellite
07-01 00:51:00.126 V/SatelliteController( 1128): satelliteConfigParser is not ready
07-01 00:51:00.126 D/SatelliteController( 1128): getCarrierRoamingNtnConnectTypeViaConfigUpdater: return null (satelliteConfig is null)
07-01 00:51:00.126 D/SatelliteController( 1128): getCarrierRoamingNtnConnectType: Falling back to global carrier config connect type: 0
07-01 00:51:00.126 D/TelephonyConfigUpdateInstallReceiver( 1128): getConfigParser: domain=satellite
07-01 00:51:00.126 V/SatelliteController( 1128): satelliteConfigParser is not ready
07-01 00:51:00.126 D/SatelliteController( 1128): isSatelliteAttachSupportedViaConfigupdater: return null (satelliteConfig is null)
07-01 00:51:00.126 D/SatelliteController( 1128): getCarrierRoamingNtnConnectType: Checking connect type from PLMN config for subId: 1
07-01 00:51:00.126 D/TelephonyConfigUpdateInstallReceiver( 1128): getConfigParser: domain=satellite
07-01 00:51:00.126 V/SatelliteController( 1128): satelliteConfigParser is not ready
07-01 00:51:00.126 D/SatelliteController( 1128): isSatelliteAttachSupportedViaConfigupdater: return null (satelliteConfig is null)
07-01 00:51:00.126 D/SatelliteController( 1128): getSatellitePerPlmnConfiguration: invalid subId or not supported via carrier.
07-01 00:51:00.126 D/SatelliteController( 1128): getCarrierRoamingNtnConnectType: config: null
07-01 00:51:00.126 D/TelephonyConfigUpdateInstallReceiver( 1128): getConfigParser: domain=satellite
07-01 00:51:00.126 V/SatelliteController( 1128): satelliteConfigParser is not ready
07-01 00:51:00.126 D/SatelliteController( 1128): getCarrierRoamingNtnConnectTypeViaConfigUpdater: return null (satelliteConfig is null)
07-01 00:51:00.126 D/SatelliteController( 1128): getCarrierRoamingNtnConnectType: Falling back to global carrier config connect type: 0
07-01 00:51:00.126 D/TelephonyConfigUpdateInstallReceiver( 1128): getConfigParser: domain=satellite
07-01 00:51:00.126 V/SatelliteController( 1128): satelliteConfigParser is not ready
07-01 00:51:00.126 D/SatelliteController( 1128): isSatelliteAttachSupportedViaConfigupdater: return null (satelliteConfig is null)
07-01 00:51:00.588 I/adbd    (  539): adbd service requested 'shell,v2,raw:dumpsys package com.google.android.gms'
07-01 00:51:00.935 I/artd    ( 3273): GetBestInfo: odex next to the dex file (/data/app/~~pUpe9D-hsv0lOCLmNQJGyA==/com.google.android.gms-a0e_AySruvvgbDhYG8Z6yQ==/oat/x86_64/base.odex) is kOatUpToDate with filter 'speed-profile' executable 'false'
07-01 00:51:00.937 I/artd    ( 3273): GetBestInfo: dm (/data/app/~~pUpe9D-hsv0lOCLmNQJGyA==/com.google.android.gms-a0e_AySruvvgbDhYG8Z6yQ==/split_AdsDynamite_installtime.dm) is kOatUpToDate with filter 'verify' executable 'false'
07-01 00:51:00.939 I/artd    ( 3273): GetBestInfo: odex next to the dex file (/data/app/~~pUpe9D-hsv0lOCLmNQJGyA==/com.google.android.gms-a0e_AySruvvgbDhYG8Z6yQ==/oat/x86_64/split_CronetDynamite_installtime.odex) is kOatUpToDate with filter 'speed-profile' executable 'false'
07-01 00:51:00.942 I/artd    ( 3273): GetBestInfo: dm (/data/app/~~pUpe9D-hsv0lOCLmNQJGyA==/com.google.android.gms-a0e_AySruvvgbDhYG8Z6yQ==/split_DynamiteLoader_installtime.dm) is kOatUpToDate with filter 'verify' executable 'false'
07-01 00:51:00.944 I/artd    ( 3273): GetBestInfo: dm (/data/app/~~pUpe9D-hsv0lOCLmNQJGyA==/com.google.android.gms-a0e_AySruvvgbDhYG8Z6yQ==/split_DynamiteModulesA_installtime.dm) is kOatUpToDate with filter 'verify' executable 'false'
07-01 00:51:00.945 I/artd    ( 3273): GetBestInfo: dm (/data/app/~~pUpe9D-hsv0lOCLmNQJGyA==/com.google.android.gms-a0e_AySruvvgbDhYG8Z6yQ==/split_DynamiteModulesC_installtime.dm) is kOatUpToDate with filter 'verify' executable 'false'
07-01 00:51:00.947 I/artd    ( 3273): GetBestInfo: dm (/data/app/~~pUpe9D-hsv0lOCLmNQJGyA==/com.google.android.gms-a0e_AySruvvgbDhYG8Z6yQ==/split_GoogleCertificates_installtime.dm) is kOatUpToDate with filter 'verify' executable 'false'
07-01 00:51:00.948 I/artd    ( 3273): GetBestInfo: dm (/data/app/~~pUpe9D-hsv0lOCLmNQJGyA==/com.google.android.gms-a0e_AySruvvgbDhYG8Z6yQ==/split_MapsDynamite_installtime.dm) is kOatUpToDate with filter 'verify' executable 'false'
07-01 00:51:00.951 I/artd    ( 3273): GetBestInfo: dm (/data/app/~~pUpe9D-hsv0lOCLmNQJGyA==/com.google.android.gms-a0e_AySruvvgbDhYG8Z6yQ==/split_MeasurementDynamite_installtime.dm) is kOatUpToDate with filter 'verify' executable 'false'
07-01 00:51:00.952 I/artd    ( 3273): GetBestInfo: /data/user_de/0/com.google.android.gms/app_chimera/m/0000000e/dl-IdentityCredentialsPlatform.optional_262031100800.apk has no usable artifacts
07-01 00:51:00.953 I/artd    ( 3273): GetBestInfo: /data/user_de/0/com.google.android.gms/app_chimera/m/00000001/CronetDynamite.apk has no usable artifacts
07-01 00:51:00.953 I/artd    ( 3273): GetBestInfo: /data/user_de/0/com.google.android.gms/app_chimera/m/00000013/dl-TfliteDynamiteDynamite.integ_252130102100800.apk has no usable artifacts
07-01 00:51:00.954 I/artd    ( 3273): GetBestInfo: /data/user_de/0/com.google.android.gms/app_chimera/m/00000002/DynamiteLoader.apk has no usable artifacts
07-01 00:51:00.956 I/artd    ( 3273): GetBestInfo: /data/user_de/0/com.google.android.gms/app_chimera/m/0000000c/dl-IdentityCredentialsPlatform.optional_261136100800.apk has no usable artifacts
07-01 00:51:00.958 I/artd    ( 3273): GetBestInfo: /data/user_de/0/com.google.android.gms/app_chimera/m/00000005/GoogleCertificates.apk has no usable artifacts
07-01 00:51:00.960 I/artd    ( 3273): GetBestInfo: /data/user_de/0/com.google.android.gms/app_chimera/m/0000000a/dl-TfliteDynamiteDynamite.integ_260580502100800.apk has no usable artifacts
07-01 00:51:00.962 I/artd    ( 3273): GetBestInfo: /data/user_de/0/com.google.android.gms/app_chimera/m/00000016/dl-PlayCloudSearch.optional_262031100000.apk has no usable artifacts
07-01 00:51:00.962 I/artd    ( 3273): GetBestInfo: /data/user_de/0/com.google.android.gms/app_chimera/m/00000014/dl-MlkitOcrCommon.optional_262031100800.apk has no usable artifacts
07-01 00:51:00.963 I/artd    ( 3273): GetBestInfo: /data/user_de/0/com.google.android.gms/app_chimera/m/00000008/dl-VisionOcr.optional_261136100000.apk has no usable artifacts
07-01 00:51:00.965 I/artd    ( 3273): GetBestInfo: /data/user_de/0/com.google.android.gms/app_chimera/m/00000010/dl-Appsearch.optional_262031100800.apk has no usable artifacts
07-01 00:51:00.967 I/artd    ( 3273): GetBestInfo: /data/user_de/0/com.google.android.gms/app_chimera/m/0000000b/dl-Appsearch.optional_261136100800.apk has no usable artifacts
07-01 00:51:00.969 I/artd    ( 3273): GetBestInfo: vdex next to the dex file (/data/user/0/com.google.android.gms/app_dg_cache/9BCBC14EE674B00B958D4B0C5B4BD883630AA39E/oat/x86_64/the.vdex) is kOatUpToDate with filter 'verify' executable 'false'
07-01 00:51:00.970 I/artd    ( 3273): GetBestInfo: /data/user_de/0/com.google.android.gms/app_chimera/m/00000009/dl-MlkitOcrCommon.optional_261136100800.apk has no usable artifacts
07-01 00:51:00.972 I/artd    ( 3273): GetBestInfo: /data/user/0/com.google.android.gms/app_dg_cache/22DA9D7AD8ED7504E0CAC64C41ECDBD7068924E0/the.apk has no usable artifacts
07-01 00:51:00.975 I/artd    ( 3273): GetBestInfo: vdex next to the dex file (/data/user/0/com.google.android.gms/app_dg_cache/FEE57AEA14526BE59FD8AB1365237E7B7A5CE7CB/oat/x86_64/the.vdex) is kOatUpToDate with filter 'verify' executable 'false'
07-01 00:51:00.977 I/artd    ( 3273): GetBestInfo: vdex next to the dex file (/data/user/0/com.google.android.gms/app_dg_cache/1C62BDE86218FBAA50DF06C4A79F5C3FE74B69EC/oat/x86_64/the.vdex) is kOatUpToDate with filter 'verify' executable 'false'
07-01 00:51:00.978 I/artd    ( 3273): GetBestInfo: /data/user_de/0/com.google.android.gms/app_chimera/m/0000000f/dl-VisionOcr.optional_262031100000.apk has no usable artifacts
07-01 00:51:00.980 I/artd    ( 3273): GetBestInfo: /data/user_de/0/com.google.android.gms/app_chimera/m/00000015/dl-MlkitBarcodeUi.optional_262031100800.apk has no usable artifacts
07-01 00:51:00.981 I/artd    ( 3273): GetBestInfo: /data/user_de/0/com.google.android.gms/app_chimera/m/00000007/MeasurementDynamite.apk has no usable artifacts
07-01 00:51:01.739 I/HalDevMgr(  690): bestIfaceCreationProposal is null, requestIface=STA, existingIface=[name=wlan0 type=STA]
07-01 00:51:04.746 I/HalDevMgr(  690): bestIfaceCreationProposal is null, requestIface=STA, existingIface=[name=wlan0 type=STA]
07-01 00:51:07.063 I/wpa_supplicant(  961): wlan0: CTRL-EVENT-BEACON-LOSS 
07-01 00:51:07.753 I/HalDevMgr(  690): bestIfaceCreationProposal is null, requestIface=STA, existingIface=[name=wlan0 type=STA]
07-01 00:51:08.744 E/hmly    ( 1317): Got more than one input Future failure. Logging failures after the first
07-01 00:51:08.744 E/hmly    ( 1317): java.io.IOException: Unable to create parent directories of /data/user/0/com.google.android.gms/files/mobstore_salt.pb.lock
07-01 00:51:08.744 E/hmly    ( 1317): 	at hhkm.c(:com.google.android.gms@262031038@26.20.31 (260800-919905943):37)
07-01 00:51:08.744 E/hmly    ( 1317): 	at gons.e(:com.google.android.gms@262031038@26.20.31 (260800-919905943):5)
07-01 00:51:08.744 E/hmly    ( 1317): 	at goqk.a(:com.google.android.gms@262031038@26.20.31 (260800-919905943):198)
07-01 00:51:08.744 E/hmly    ( 1317): 	at gomy.d(:com.google.android.gms@262031038@26.20.31 (260800-919905943):5)
07-01 00:51:08.744 E/hmly    ( 1317): 	at gosk.a(:com.google.android.gms@262031038@26.20.31 (260800-919905943):28)
07-01 00:51:08.744 E/hmly    ( 1317): 	at hdmz.a(:com.google.android.gms@262031038@26.20.31 (260800-919905943):17)
07-01 00:51:08.744 E/hmly    ( 1317): 	at hmnp.a(:com.google.android.gms@262031038@26.20.31 (260800-919905943):20)
07-01 00:51:08.744 E/hmly    ( 1317): 	at hmpt.a(:com.google.android.gms@262031038@26.20.31 (260800-919905943):3)
07-01 00:51:08.744 E/hmly    ( 1317): 	at hmou.run(:com.google.android.gms@262031038@26.20.31 (260800-919905943):19)
07-01 00:51:08.744 E/hmly    ( 1317): 	at hmpv.run(:com.google.android.gms@262031038@26.20.31 (260800-919905943):5)
07-01 00:51:08.744 E/hmly    ( 1317): 	at hmnr.run(:com.google.android.gms@262031038@26.20.31 (260800-919905943):20)
07-01 00:51:08.744 E/hmly    ( 1317): 	at java.util.concurrent.ThreadPoolExecutor.runWorker(ThreadPoolExecutor.java:1100)
07-01 00:51:08.744 E/hmly    ( 1317): 	at java.util.concurrent.ThreadPoolExecutor$Worker.run(ThreadPoolExecutor.java:624)
07-01 00:51:08.744 E/hmly    ( 1317): 	at java.lang.Thread.run(Thread.java:1572)
07-01 00:51:09.693 D/BoundBrokerSvc(29718): onUnbind: Intent { act=com.google.android.gms.common.BIND_SHARED_PREFS xflg=0x4 pkg=com.google.android.gms }
07-01 00:51:09.698 I/AppSearchIcing(  690): icing-search-engine.cc:2487: Persisting data to disk with mode 3
07-01 00:51:09.708 I/AppSearchIcing(  690): icing-search-engine.cc:2502: PersistToDisk completed.
07-01 00:51:10.125 D/SatelliteController( 1128): isInCarrierRoamingNbIotNtn: satellite is disabled
07-01 00:51:10.125 D/SatelliteController( 1128): getCarrierRoamingNtnConnectType: Checking connect type from PLMN config for subId: 1
07-01 00:51:10.125 D/TelephonyConfigUpdateInstallReceiver( 1128): getConfigParser: domain=satellite
07-01 00:51:10.125 V/SatelliteController( 1128): satelliteConfigParser is not ready
07-01 00:51:10.125 D/SatelliteController( 1128): isSatelliteAttachSupportedViaConfigupdater: return null (satelliteConfig is null)
07-01 00:51:10.126 D/SatelliteController( 1128): getSatellitePerPlmnConfiguration: invalid subId or not supported via carrier.
07-01 00:51:10.126 D/SatelliteController( 1128): getCarrierRoamingNtnConnectType: config: null
07-01 00:51:10.126 D/TelephonyConfigUpdateInstallReceiver( 1128): getConfigParser: domain=satellite
07-01 00:51:10.126 V/SatelliteController( 1128): satelliteConfigParser is not ready
07-01 00:51:10.126 D/SatelliteController( 1128): getCarrierRoamingNtnConnectTypeViaConfigUpdater: return null (satelliteConfig is null)
07-01 00:51:10.126 D/SatelliteController( 1128): getCarrierRoamingNtnConnectType: Falling back to global carrier config connect type: 0
07-01 00:51:10.126 D/TelephonyConfigUpdateInstallReceiver( 1128): getConfigParser: domain=satellite
07-01 00:51:10.126 V/SatelliteController( 1128): satelliteConfigParser is not ready
07-01 00:51:10.126 D/SatelliteController( 1128): isSatelliteAttachSupportedViaConfigupdater: return null (satelliteConfig is null)
07-01 00:51:10.126 D/SatelliteController( 1128): getCarrierRoamingNtnConnectType: Checking connect type from PLMN config for subId: 1
07-01 00:51:10.126 D/TelephonyConfigUpdateInstallReceiver( 1128): getConfigParser: domain=satellite
07-01 00:51:10.126 V/SatelliteController( 1128): satelliteConfigParser is not ready
07-01 00:51:10.126 D/SatelliteController( 1128): isSatelliteAttachSupportedViaConfigupdater: return null (satelliteConfig is null)
07-01 00:51:10.126 D/SatelliteController( 1128): getSatellitePerPlmnConfiguration: invalid subId or not supported via carrier.
07-01 00:51:10.127 D/SatelliteController( 1128): getCarrierRoamingNtnConnectType: config: null
07-01 00:51:10.127 D/TelephonyConfigUpdateInstallReceiver( 1128): getConfigParser: domain=satellite
07-01 00:51:10.127 V/SatelliteController( 1128): satelliteConfigParser is not ready
07-01 00:51:10.127 D/SatelliteController( 1128): getCarrierRoamingNtnConnectTypeViaConfigUpdater: return null (satelliteConfig is null)
07-01 00:51:10.127 D/SatelliteController( 1128): getCarrierRoamingNtnConnectType: Falling back to global carrier config connect type: 0
07-01 00:51:10.127 D/TelephonyConfigUpdateInstallReceiver( 1128): getConfigParser: domain=satellite
07-01 00:51:10.127 V/SatelliteController( 1128): satelliteConfigParser is not ready
07-01 00:51:10.127 D/SatelliteController( 1128): isSatelliteAttachSupportedViaConfigupdater: return null (satelliteConfig is null)
07-01 00:51:10.160 W/skia    (  527): AGTM parsing failed flags.readFromStream(s) at 159
07-01 00:51:10.161 W/skia    (  527): AGTM parsing failed flags.readFromStream(s) at 159
07-01 00:51:10.583 I/adbd    (  539): adbd service requested 'shell,v2,raw:dumpsys package com.google.android.gms'
07-01 00:51:10.770 I/AdbWifiNetworkMonitor(  690): Wi-Fi network available
07-01 00:51:10.774 I/AdbWifiNetworkMonitor(  690): Received the same Wi-Fi SSID. Ignoring.
07-01 00:51:10.788 I/HalDevMgr(  690): bestIfaceCreationProposal is null, requestIface=STA, existingIface=[name=wlan0 type=STA]
07-01 00:51:10.800 D/WM-WorkConstraintsTrack( 2923): NetworkRequestConstraintController onCapabilitiesChanged callback
07-01 00:51:10.825 D/WM-WorkConstraintsTrack( 3977): NetworkRequestConstraintController onCapabilitiesChanged callback
07-01 00:51:10.830 W/libbinder.IPCThreadState(  690): Sending oneway calls to frozen process.
07-01 00:51:10.827 I/NullBinder( 1317): NullBinder for android.net.action.RECOMMEND_NETWORKS triggering remote TransactionTooLargeException due to Service without Chimera impl, calling uid: 1000, calling pid: 0
07-01 00:51:10.831 W/libbinder.Binder( 1317): Large reply transaction of 1056768 bytes, interface descriptor , function: UNKNOWN_FUNCTION_NAME, code: 1, flags: 17
07-01 00:51:10.831 W/libbinder.IPCThreadState(  690): Sending oneway calls to frozen process.
07-01 00:51:10.831 W/libbinder.IPCThreadState(  690): Sending oneway calls to frozen process.
07-01 00:51:10.831 I/BugleRcsEngine( 3867): handleMessage processing message:[NOTIFY_UPTIME_IGNORE_STATE_CHANGED] with [non-null]:RcsEngineImpl reference [CONTEXT log_prefix="RcsEngineImpl[DUAL_REG]:[390448b9-d26f]>Handler" thread_id=69 ]
07-01 00:51:10.831 I/BugleRcsEngine( 3867): Connected state: [1], networkType: [WIFI] [CONTEXT thread_id=65 ]
07-01 00:51:10.833 D/ConnectivityService(  690): NetReassign [no changes] [c 0] [a 1] [i 1]
07-01 00:51:10.833 I/NearbyMediums( 1317): Wifi changed new SSID: "AndroidWifi"
07-01 00:51:10.834 I/NearbyMediums( 1317): WifiLanConnectivityInfo is not changed, skip notify.
07-01 00:51:10.836 I/BugleRcsEngine( 3867): No RCS Configuration was found in Bugle for simID: redacted-pii:sim_id[chars:20,last3:897] [CONTEXT log_prefix="ProvisioningEngineDataRetriever" thread_id=69 ]
07-01 00:51:10.842 I/artd    ( 3273): GetBestInfo: odex next to the dex file (/data/app/~~pUpe9D-hsv0lOCLmNQJGyA==/com.google.android.gms-a0e_AySruvvgbDhYG8Z6yQ==/oat/x86_64/base.odex) is kOatUpToDate with filter 'speed-profile' executable 'false'
07-01 00:51:10.844 I/artd    ( 3273): GetBestInfo: dm (/data/app/~~pUpe9D-hsv0lOCLmNQJGyA==/com.google.android.gms-a0e_AySruvvgbDhYG8Z6yQ==/split_AdsDynamite_installtime.dm) is kOatUpToDate with filter 'verify' executable 'false'
07-01 00:51:10.845 I/artd    ( 3273): GetBestInfo: odex next to the dex file (/data/app/~~pUpe9D-hsv0lOCLmNQJGyA==/com.google.android.gms-a0e_AySruvvgbDhYG8Z6yQ==/oat/x86_64/split_CronetDynamite_installtime.odex) is kOatUpToDate with filter 'speed-profile' executable 'false'
07-01 00:51:10.846 I/artd    ( 3273): GetBestInfo: dm (/data/app/~~pUpe9D-hsv0lOCLmNQJGyA==/com.google.android.gms-a0e_AySruvvgbDhYG8Z6yQ==/split_DynamiteLoader_installtime.dm) is kOatUpToDate with filter 'verify' executable 'false'
07-01 00:51:10.847 I/artd    ( 3273): GetBestInfo: dm (/data/app/~~pUpe9D-hsv0lOCLmNQJGyA==/com.google.android.gms-a0e_AySruvvgbDhYG8Z6yQ==/split_DynamiteModulesA_installtime.dm) is kOatUpToDate with filter 'verify' executable 'false'
07-01 00:51:10.848 I/artd    ( 3273): GetBestInfo: dm (/data/app/~~pUpe9D-hsv0lOCLmNQJGyA==/com.google.android.gms-a0e_AySruvvgbDhYG8Z6yQ==/split_DynamiteModulesC_installtime.dm) is kOatUpToDate with filter 'verify' executable 'false'
07-01 00:51:10.849 I/artd    ( 3273): GetBestInfo: dm (/data/app/~~pUpe9D-hsv0lOCLmNQJGyA==/com.google.android.gms-a0e_AySruvvgbDhYG8Z6yQ==/split_GoogleCertificates_installtime.dm) is kOatUpToDate with filter 'verify' executable 'false'
07-01 00:51:10.851 I/artd    ( 3273): GetBestInfo: dm (/data/app/~~pUpe9D-hsv0lOCLmNQJGyA==/com.google.android.gms-a0e_AySruvvgbDhYG8Z6yQ==/split_MapsDynamite_installtime.dm) is kOatUpToDate with filter 'verify' executable 'false'
07-01 00:51:10.854 I/artd    ( 3273): GetBestInfo: dm (/data/app/~~pUpe9D-hsv0lOCLmNQJGyA==/com.google.android.gms-a0e_AySruvvgbDhYG8Z6yQ==/split_MeasurementDynamite_installtime.dm) is kOatUpToDate with filter 'verify' executable 'false'
07-01 00:51:10.855 I/artd    ( 3273): GetBestInfo: /data/user_de/0/com.google.android.gms/app_chimera/m/0000000e/dl-IdentityCredentialsPlatform.optional_262031100800.apk has no usable artifacts
07-01 00:51:10.856 I/artd    ( 3273): GetBestInfo: /data/user_de/0/com.google.android.gms/app_chimera/m/00000001/CronetDynamite.apk has no usable artifacts
07-01 00:51:10.858 I/artd    ( 3273): GetBestInfo: /data/user_de/0/com.google.android.gms/app_chimera/m/00000013/dl-TfliteDynamiteDynamite.integ_252130102100800.apk has no usable artifacts
07-01 00:51:10.859 I/artd    ( 3273): GetBestInfo: /data/user_de/0/com.google.android.gms/app_chimera/m/00000002/DynamiteLoader.apk has no usable artifacts
07-01 00:51:10.862 I/artd    ( 3273): GetBestInfo: /data/user_de/0/com.google.android.gms/app_chimera/m/0000000c/dl-IdentityCredentialsPlatform.optional_261136100800.apk has no usable artifacts
07-01 00:51:10.863 I/artd    ( 3273): GetBestInfo: /data/user_de/0/com.google.android.gms/app_chimera/m/00000005/GoogleCertificates.apk has no usable artifacts
07-01 00:51:10.865 I/artd    ( 3273): GetBestInfo: /data/user_de/0/com.google.android.gms/app_chimera/m/0000000a/dl-TfliteDynamiteDynamite.integ_260580502100800.apk has no usable artifacts
07-01 00:51:10.866 I/artd    ( 3273): GetBestInfo: /data/user_de/0/com.google.android.gms/app_chimera/m/00000016/dl-PlayCloudSearch.optional_262031100000.apk has no usable artifacts
07-01 00:51:10.867 I/artd    ( 3273): GetBestInfo: /data/user_de/0/com.google.android.gms/app_chimera/m/00000014/dl-MlkitOcrCommon.optional_262031100800.apk has no usable artifacts
07-01 00:51:10.869 I/artd    ( 3273): GetBestInfo: /data/user_de/0/com.google.android.gms/app_chimera/m/00000008/dl-VisionOcr.optional_261136100000.apk has no usable artifacts
07-01 00:51:10.872 I/artd    ( 3273): GetBestInfo: /data/user_de/0/com.google.android.gms/app_chimera/m/00000010/dl-Appsearch.optional_262031100800.apk has no usable artifacts
07-01 00:51:10.875 I/artd    ( 3273): GetBestInfo: /data/user_de/0/com.google.android.gms/app_chimera/m/0000000b/dl-Appsearch.optional_261136100800.apk has no usable artifacts
07-01 00:51:10.876 I/artd    ( 3273): GetBestInfo: vdex next to the dex file (/data/user/0/com.google.android.gms/app_dg_cache/9BCBC14EE674B00B958D4B0C5B4BD883630AA39E/oat/x86_64/the.vdex) is kOatUpToDate with filter 'verify' executable 'false'
07-01 00:51:10.877 I/artd    ( 3273): GetBestInfo: /data/user_de/0/com.google.android.gms/app_chimera/m/00000009/dl-MlkitOcrCommon.optional_261136100800.apk has no usable artifacts
07-01 00:51:10.879 I/artd    ( 3273): GetBestInfo: /data/user/0/com.google.android.gms/app_dg_cache/22DA9D7AD8ED7504E0CAC64C41ECDBD7068924E0/the.apk has no usable artifacts
07-01 00:51:10.881 I/artd    ( 3273): GetBestInfo: vdex next to the dex file (/data/user/0/com.google.android.gms/app_dg_cache/FEE57AEA14526BE59FD8AB1365237E7B7A5CE7CB/oat/x86_64/the.vdex) is kOatUpToDate with filter 'verify' executable 'false'
07-01 00:51:10.882 I/artd    ( 3273): GetBestInfo: vdex next to the dex file (/data/user/0/com.google.android.gms/app_dg_cache/1C62BDE86218FBAA50DF06C4A79F5C3FE74B69EC/oat/x86_64/the.vdex) is kOatUpToDate with filter 'verify' executable 'false'
07-01 00:51:10.883 I/artd    ( 3273): GetBestInfo: /data/user_de/0/com.google.android.gms/app_chimera/m/0000000f/dl-VisionOcr.optional_262031100000.apk has no usable artifacts
07-01 00:51:10.884 I/artd    ( 3273): GetBestInfo: /data/user_de/0/com.google.android.gms/app_chimera/m/00000015/dl-MlkitBarcodeUi.optional_262031100800.apk has no usable artifacts
07-01 00:51:10.886 I/artd    ( 3273): GetBestInfo: /data/user_de/0/com.google.android.gms/app_chimera/m/00000007/MeasurementDynamite.apk has no usable artifacts
07-01 00:51:11.320 I/NearbySharing( 1317): Network state changed: NetworkState(isRestricted=false, isOnline=true, isCongested=false, isMetered=false, isWifiConnected=true)
07-01 00:51:13.796 I/HalDevMgr(  690): bestIfaceCreationProposal is null, requestIface=STA, existingIface=[name=wlan0 type=STA]
07-01 00:51:14.998 I/wpa_supplicant(  961): wlan0: CTRL-EVENT-BEACON-LOSS 
07-01 00:51:16.803 I/AdbWifiNetworkMonitor(  690): Wi-Fi network available
07-01 00:51:16.803 I/AdbWifiNetworkMonitor(  690): Received the same Wi-Fi SSID. Ignoring.
07-01 00:51:16.807 I/HalDevMgr(  690): bestIfaceCreationProposal is null, requestIface=STA, existingIface=[name=wlan0 type=STA]
07-01 00:51:16.807 D/WM-WorkConstraintsTrack( 2923): NetworkRequestConstraintController onCapabilitiesChanged callback
07-01 00:51:16.809 I/BugleRcsEngine( 3867): Connected state: [1], networkType: [WIFI] [CONTEXT thread_id=65 ]
07-01 00:51:16.810 D/WM-WorkConstraintsTrack( 3977): NetworkRequestConstraintController onCapabilitiesChanged callback
07-01 00:51:16.810 I/BugleRcsEngine( 3867): handleMessage processing message:[NOTIFY_UPTIME_IGNORE_STATE_CHANGED] with [non-null]:RcsEngineImpl reference [CONTEXT log_prefix="RcsEngineImpl[DUAL_REG]:[390448b9-d26f]>Handler" thread_id=69 ]
07-01 00:51:16.810 I/NullBinder( 1317): NullBinder for android.net.action.RECOMMEND_NETWORKS triggering remote TransactionTooLargeException due to Service without Chimera impl, calling uid: 1000, calling pid: 0
07-01 00:51:16.810 W/libbinder.Binder( 1317): Large reply transaction of 1056768 bytes, interface descriptor , function: UNKNOWN_FUNCTION_NAME, code: 1, flags: 17
07-01 00:51:16.811 W/libbinder.IPCThreadState(  690): Sending oneway calls to frozen process.
07-01 00:51:16.811 W/libbinder.IPCThreadState(  690): Sending oneway calls to frozen process.
07-01 00:51:16.812 W/libbinder.IPCThreadState(  690): Sending oneway calls to frozen process.
07-01 00:51:16.814 D/ConnectivityService(  690): NetReassign [no changes] [c 0] [a 2] [i 0]
07-01 00:51:16.814 I/NearbyMediums( 1317): Wifi changed new SSID: "AndroidWifi"
07-01 00:51:16.814 I/NearbyMediums( 1317): WifiLanConnectivityInfo is not changed, skip notify.
07-01 00:51:16.815 I/BugleRcsEngine( 3867): No RCS Configuration was found in Bugle for simID: redacted-pii:sim_id[chars:20,last3:897] [CONTEXT log_prefix="ProvisioningEngineDataRetriever" thread_id=69 ]
07-01 00:51:17.312 I/NearbySharing( 1317): Network state changed: NetworkState(isRestricted=false, isOnline=true, isCongested=false, isMetered=false, isWifiConnected=true)
07-01 00:51:19.426 D/installd(  601): Device /data has 401305600 free; requested 622811544; needed 221505944
07-01 00:51:19.427 W/installd(  601): Failed to find storage mount for /data/media
07-01 00:51:19.431 D/installd(  601): Active ratio 3314 isn't over quota, and defy not requested
07-01 00:51:19.431 E/installd(  601): Failed to free up 622811544 on /data; final free space 401305600: Success
07-01 00:51:19.431 I/SharedLibrariesImpl(  690): Start pruneUnusedStaticSharedLibraries for neededSpace: 622811544 maxCachePeriod: 7200000
07-01 00:51:19.431 I/SharedLibrariesImpl(  690): pruning candidate: lib=com.google.android.trichromelibrary version=782711438 pkg=com.google.android.trichromelibrary_782711438
07-01 00:51:19.431 I/SharedLibrariesImpl(  690): attempting to delete: com.google.android.trichromelibrary_782711438
07-01 00:51:19.431 W/PackageManager(  690): Not removing package com.google.android.trichromelibrary hosting lib com.google.android.trichromelibrary version 782711438 used by [VersionedPackage[com.android.chrome/782711438]] for user 0
07-01 00:51:19.432 D/installd(  601): Device /data has 401305600 free; requested 622811544; needed 221505944
07-01 00:51:19.433 W/installd(  601): Failed to find storage mount for /data/media
07-01 00:51:19.436 D/installd(  601): Purging /data/data/com.aiquota.mobile/cache/WebView/Default/HTTP Cache/Cache_Data/index-dir/the-real-index size=8192 mod=1782867019 from UID=10233 used=3555328 quota=42774121 ratio=831
07-01 00:51:19.437 D/installd(  601): Purging /data/data/com.aiquota.mobile/cache/WebView/Default/HTTP Cache/No_Vary_Search/snapshot.baf size=8192 mod=1782867019 from UID=10233 used=3547136 quota=42774121 ratio=829
07-01 00:51:19.437 D/installd(  601): Purging /data/data/com.aiquota.mobile/cache/WebView/Default/HTTP Cache/No_Vary_Search/journal.baj size=8192 mod=1782867019 from UID=10233 used=3538944 quota=42774121 ratio=827
07-01 00:51:19.437 D/installd(  601): Purging /data/data/com.aiquota.mobile/cache/WebView/Default/HTTP Cache/Cache_Data/index size=8192 mod=1782867019 from UID=10233 used=3530752 quota=42774121 ratio=825
07-01 00:51:19.438 D/installd(  601): Purging /data/data/com.aiquota.mobile/cache/WebView/Default/HTTP Cache/Cache_Data/index-dir size=8192 mod=1782867019 from UID=10233 used=3522560 quota=42774121 ratio=823
07-01 00:51:19.438 D/installd(  601): Purging /data/data/com.aiquota.mobile/cache/WebView/Default/HTTP Cache/No_Vary_Search size=8192 mod=1782867019 from UID=10233 used=3514368 quota=42774121 ratio=821
07-01 00:51:19.438 D/installd(  601): Purging /data/data/com.aiquota.mobile/cache/WebView/Default/HTTP Cache/Cache_Data/2f4df5782c86b0a6_0 size=12288 mod=1782867022 from UID=10233 used=3506176 quota=42774121 ratio=819
07-01 00:51:19.438 D/installd(  601): Purging /data/data/com.aiquota.mobile/cache/WebView/Default/HTTP Cache/Cache_Data/a9fd7cdc62b93b18_0 size=53248 mod=1782867022 from UID=10233 used=3493888 quota=42774121 ratio=816
07-01 00:51:19.438 D/installd(  601): Purging /data/data/com.aiquota.mobile/cache/WebView/Default/HTTP Cache/Cache_Data/92167f9442dcc67b_0 size=720896 mod=1782867022 from UID=10233 used=3440640 quota=42774121 ratio=804
07-01 00:51:19.439 D/installd(  601): Purging /data/data/com.aiquota.mobile/cache/WebView/Default/HTTP Cache/Cache_Data/8b3b4b9039e6a6f9_0 size=12288 mod=1782867022 from UID=10233 used=2719744 quota=42774121 ratio=635
07-01 00:51:19.439 D/installd(  601): Purging /data/data/com.aiquota.mobile/cache/WebView/Default/HTTP Cache/Cache_Data/054b5e607685fb38_0 size=176128 mod=1782867022 from UID=10233 used=2707456 quota=42774121 ratio=632
07-01 00:51:19.439 D/installd(  601): Purging /data/data/com.aiquota.mobile/cache/WebView/Default/HTTP Cache/Cache_Data/45373e4d2444ab2e_0 size=32768 mod=1782867022 from UID=10233 used=2531328 quota=42774121 ratio=591
07-01 00:51:19.439 D/installd(  601): Purging /data/data/com.aiquota.mobile/cache/WebView/Default/HTTP Cache/Code Cache/js/3f24ae8fffead63f_0 size=8192 mod=1782867023 from UID=10233 used=2498560 quota=42774121 ratio=584
07-01 00:51:19.439 D/installd(  601): Purging /data/data/com.aiquota.mobile/cache/WebView/Default/HTTP Cache/Code Cache/js/9e9968abab1cca4d_0 size=8192 mod=1782867023 from UID=10233 used=2490368 quota=42774121 ratio=582
07-01 00:51:19.440 D/installd(  601): Purging /data/data/com.aiquota.mobile/cache/WebView/Default/HTTP Cache/Code Cache/js/ec2b6ef71f28b620_0 size=8192 mod=1782867023 from UID=10233 used=2482176 quota=42774121 ratio=580
07-01 00:51:19.440 D/installd(  601): Purging /data/data/com.aiquota.mobile/cache/WebView/Default/HTTP Cache/Code Cache/js/35c31c5de717be6e_0 size=8192 mod=1782867023 from UID=10233 used=2473984 quota=42774121 ratio=578
07-01 00:51:19.440 D/installd(  601): Purging /data/data/com.aiquota.mobile/cache/WebView/Default/HTTP Cache/Code Cache/js/d2121d649d50d518_0 size=12288 mod=1782867023 from UID=10233 used=2465792 quota=42774121 ratio=576
07-01 00:51:19.440 D/installd(  601): Purging /data/data/com.aiquota.mobile/cache/WebView/Default/HTTP Cache/Code Cache/js/b6985bd9094c8db2_0 size=8192 mod=1782867023 from UID=10233 used=2453504 quota=42774121 ratio=573
07-01 00:51:19.440 D/installd(  601): Purging /data/data/com.aiquota.mobile/cache/WebView/Default/HTTP Cache/Cache_Data/440b3721a6f2916a_0 size=28672 mod=1782867023 from UID=10233 used=2445312 quota=42774121 ratio=571
07-01 00:51:19.440 D/installd(  601): Purging /data/data/com.aiquota.mobile/cache/WebView/Default/HTTP Cache/Cache_Data/dba27b2cb49e230e_0 size=28672 mod=1782867023 from UID=10233 used=2416640 quota=42774121 ratio=564
07-01 00:51:19.440 D/installd(  601): Purging /data/data/com.aiquota.mobile/cache/WebView/Default/HTTP Cache/Cache_Data/c92a8c8055dfb52e_0 size=163840 mod=1782867023 from UID=10233 used=2387968 quota=42774121 ratio=558
07-01 00:51:19.440 D/installd(  601): Purging /data/data/com.aiquota.mobile/cache/WebView/Default/HTTP Cache/Cache_Data/10cb76dcec668cde_0 size=94208 mod=1782867023 from UID=10233 used=2224128 quota=42774121 ratio=519
07-01 00:51:19.440 D/installd(  601): Purging /data/data/com.aiquota.mobile/cache/WebView/Default/HTTP Cache/Cache_Data/d84cea365575b05d_0 size=708608 mod=1782867023 from UID=10233 used=2129920 quota=42774121 ratio=497
07-01 00:51:19.440 D/installd(  601): Purging /data/data/com.aiquota.mobile/cache/WebView/Default/HTTP Cache/Cache_Data/807d9d6b1aa0e0fc_0 size=16384 mod=1782867023 from UID=10233 used=1421312 quota=42774121 ratio=332
07-01 00:51:19.440 D/installd(  601): Purging /data/data/com.aiquota.mobile/cache/WebView/Default/HTTP Cache/Code Cache/js/af5440298aed95c8_0 size=8192 mod=1782867024 from UID=10233 used=1404928 quota=42774121 ratio=328
07-01 00:51:19.440 D/installd(  601): Purging /data/data/com.aiquota.mobile/cache/WebView/Default/HTTP Cache/Code Cache/js/46eadc27c66d4f4f_0 size=8192 mod=1782867024 from UID=10233 used=1396736 quota=42774121 ratio=326
07-01 00:51:19.440 D/installd(  601): Purging /data/data/com.aiquota.mobile/cache/WebView/Default/HTTP Cache/Code Cache/js/07178735fd06656d_0 size=8192 mod=1782867024 from UID=10233 used=1388544 quota=42774121 ratio=324
07-01 00:51:19.440 D/installd(  601): Purging /data/data/com.aiquota.mobile/cache/WebView/Default/HTTP Cache/Code Cache/js/344707727b3191dc_0 size=8192 mod=1782867024 from UID=10233 used=1380352 quota=42774121 ratio=322
07-01 00:51:19.440 D/installd(  601): Purging /data/data/com.aiquota.mobile/cache/WebView/Default/HTTP Cache/Code Cache/js/48623eae1c8b3da5_0 size=8192 mod=1782867024 from UID=10233 used=1372160 quota=42774121 ratio=320
07-01 00:51:19.440 D/installd(  601): Purging /data/data/com.aiquota.mobile/cache/WebView/Default/HTTP Cache/Code Cache/js/509bddaf67a73d37_0 size=8192 mod=1782867024 from UID=10233 used=1363968 quota=42774121 ratio=318
07-01 00:51:19.440 D/installd(  601): Purging /data/data/com.aiquota.mobile/cache/WebView/Default/HTTP Cache/Cache_Data/c285ba160af8c0f2_0 size=49152 mod=1782867024 from UID=10233 used=1355776 quota=42774121 ratio=316
07-01 00:51:19.440 D/installd(  601): Purging /data/data/com.aiquota.mobile/cache/WebView/Default/HTTP Cache/Cache_Data/fb36d62a8b1533df_0 size=12288 mod=1782867024 from UID=10233 used=1306624 quota=42774121 ratio=305
07-01 00:51:19.441 D/installd(  601): Purging /data/data/com.aiquota.mobile/cache/WebView/Default/HTTP Cache/Cache_Data/617a914b2200f65c_0 size=12288 mod=1782867024 from UID=10233 used=1294336 quota=42774121 ratio=302
07-01 00:51:19.441 D/installd(  601): Purging /data/data/com.aiquota.mobile/cache/WebView/Default/HTTP Cache/Cache_Data/c4953bc057e042c9_0 size=16384 mod=1782867024 from UID=10233 used=1282048 quota=42774121 ratio=299
07-01 00:51:19.441 D/installd(  601): Purging /data/data/com.aiquota.mobile/cache/WebView/Default/HTTP Cache/Cache_Data/12150b4ecfc1f2ad_0 size=12288 mod=1782867024 from UID=10233 used=1265664 quota=42774121 ratio=295
07-01 00:51:19.441 D/installd(  601): Purging /data/data/com.aiquota.mobile/cache/WebView/Default/HTTP Cache/Cache_Data/0266b7af88814d8b_0 size=12288 mod=1782867024 from UID=10233 used=1253376 quota=42774121 ratio=293
07-01 00:51:19.441 D/installd(  601): Purging /data/data/com.aiquota.mobile/cache/WebView/Default/HTTP Cache/Cache_Data/443b257e833997d2_0 size=53248 mod=1782867024 from UID=10233 used=1241088 quota=42774121 ratio=290
07-01 00:51:19.441 D/installd(  601): Purging /data/data/com.aiquota.mobile/cache/WebView/Default/HTTP Cache/Cache_Data/838cc68e0d139c6e_0 size=12288 mod=1782867024 from UID=10233 used=1187840 quota=42774121 ratio=277
07-01 00:51:19.441 D/installd(  601): Purging /data/data/com.aiquota.mobile/cache/WebView/Default/HTTP Cache/Cache_Data/5ba409151ed3fab2_0 size=12288 mod=1782867024 from UID=10233 used=1175552 quota=42774121 ratio=274
07-01 00:51:19.441 D/installd(  601): Purging /data/data/com.aiquota.mobile/cache/WebView/Default/HTTP Cache/Cache_Data/df56fbdfbee9e8db_0 size=32768 mod=1782867024 from UID=10233 used=1163264 quota=42774121 ratio=271
07-01 00:51:19.441 D/installd(  601): Purging /data/data/com.aiquota.mobile/cache/WebView/Default/HTTP Cache/Cache_Data/fe59b1490b0e7bc7_0 size=20480 mod=1782867024 from UID=10233 used=1130496 quota=42774121 ratio=264
07-01 00:51:19.441 D/installd(  601): Purging /data/data/com.aiquota.mobile/cache/WebView/Default/HTTP Cache/Cache_Data/3c3c7eed46cd26e9_0 size=36864 mod=1782867024 from UID=10233 used=1110016 quota=42774121 ratio=259
07-01 00:51:19.441 D/installd(  601): Purging /data/data/com.aiquota.mobile/cache/WebView/Default/HTTP Cache/Cache_Data/d5a21a0d20cc2fcc_0 size=20480 mod=1782867024 from UID=10233 used=1073152 quota=42774121 ratio=250
07-01 00:51:19.441 D/installd(  601): Purging /data/data/com.aiquota.mobile/cache/WebView/Default/HTTP Cache/Cache_Data/faa2e5c0c0857a82_0 size=299008 mod=1782867024 from UID=10233 used=1052672 quota=42774121 ratio=246
07-01 00:51:19.442 D/installd(  601): Purging /data/data/com.android.vending/cache/store_app_usage_logs_background/com.google.hyunmin.kang27%40gmail.com.metalog/logs_upload_attempt.log size=4096 mod=1782867021 from UID=10153 used=282624 quota=15659487 ratio=180
07-01 00:51:19.443 D/installd(  601): Purging /data/data/com.android.vending/cache/store_app_usage_logs_background/com.google.hyunmin.kang27%40gmail.com.metalog/play_metalog.log size=8192 mod=1782867021 from UID=10153 used=278528 quota=15659487 ratio=177
07-01 00:51:19.443 D/installd(  601): Purging /data/data/com.aiquota.mobile/cache/WebView/Default/HTTP Cache/Code Cache/js/50c30d88ae73791d_0 size=8192 mod=1782867025 from UID=10233 used=753664 quota=42774121 ratio=176
07-01 00:51:19.443 D/installd(  601): Purging /data/data/com.aiquota.mobile/cache/WebView/Default/HTTP Cache/Code Cache/js/377661127900c899_0 size=8192 mod=1782867025 from UID=10233 used=745472 quota=42774121 ratio=174
07-01 00:51:19.443 D/installd(  601): Purging /data/data/com.aiquota.mobile/cache/WebView/Default/HTTP Cache/Cache_Data/560b55f685589b45_0 size=24576 mod=1782867025 from UID=10233 used=737280 quota=42774121 ratio=172
07-01 00:51:19.443 D/installd(  601): Purging /data/data/com.android.vending/cache/store_app_usage_logs_background/com.google.hyunmin.kang27%40gmail.com.metalog size=8192 mod=1782867021 from UID=10153 used=270336 quota=15659487 ratio=172
07-01 00:51:19.444 D/installd(  601): Purging /data/data/com.android.vending/cache/store_app_usage_logs_background size=8192 mod=1782867021 from UID=10153 used=262144 quota=15659487 ratio=167
07-01 00:51:19.444 D/installd(  601): Purging /data/data/com.aiquota.mobile/cache/WebView/Default/HTTP Cache/Cache_Data/0e27cd6d90f48786_0 size=69632 mod=1782867025 from UID=10233 used=712704 quota=42774121 ratio=166
07-01 00:51:19.444 D/installd(  601): Purging /data/data/com.android.vending/cache/logs_background/com.google.hyunmin.kang27%40gmail.com.metalog/logs_upload_attempt.log size=4096 mod=1782867053 from UID=10153 used=253952 quota=15659487 ratio=162
07-01 00:51:19.444 D/installd(  601): Purging /data/data/com.android.vending/cache/logs_background/com.google.hyunmin.kang27%40gmail.com.metalog/play_metalog.log size=8192 mod=1782867053 from UID=10153 used=249856 quota=15659487 ratio=159
07-01 00:51:19.444 D/installd(  601): Purging /data/data/com.android.vending/cache/logs_background/com.google.hyunmin.kang27%40gmail.com.metalog size=8192 mod=1782867053 from UID=10153 used=241664 quota=15659487 ratio=154
07-01 00:51:19.444 D/installd(  601): Purging /data/data/com.aiquota.mobile/cache/WebView/Default/HTTP Cache/Code Cache/js size=8192 mod=1782867025 from UID=10233 used=643072 quota=42774121 ratio=150
07-01 00:51:19.444 D/installd(  601): Purging /data/data/com.android.vending/cache/logs_background/null_account.metalog/logs_upload_attempt.log size=8192 mod=1782867055 from UID=10153 used=233472 quota=15659487 ratio=149
07-01 00:51:19.444 D/installd(  601): Purging /data/data/com.aiquota.mobile/cache/WebView/Default/HTTP Cache/Cache_Data size=8192 mod=1782867025 from UID=10233 used=634880 quota=42774121 ratio=148
07-01 00:51:19.444 D/installd(  601): Purging /data/data/com.aiquota.mobile/cache/WebView/Default/HTTP Cache/Code Cache size=8192 mod=1782867025 from UID=10233 used=626688 quota=42774121 ratio=146
07-01 00:51:19.444 D/installd(  601): Purging /data/data/com.aiquota.mobile/cache/WebView/Default/HTTP Cache size=8192 mod=1782867025 from UID=10233 used=618496 quota=42774121 ratio=144
07-01 00:51:19.444 D/installd(  601): Purging /data/data/com.android.vending/cache/logs_background/null_account.metalog/play_metalog.log size=8192 mod=1782867055 from UID=10153 used=225280 quota=15659487 ratio=143
07-01 00:51:19.444 D/installd(  601): Purging /data/data/com.aiquota.mobile/cache/WebView/Default size=8192 mod=1782867025 from UID=10233 used=610304 quota=42774121 ratio=142
07-01 00:51:19.444 D/installd(  601): Purging /data/data/com.aiquota.mobile/cache/WebView/Crashpad/pending/0bf533f2-196d-4142-a17a-b77b2c23329e.dmp size=503808 mod=1782867032 from UID=10233 used=602112 quota=42774121 ratio=140
07-01 00:51:19.444 D/installd(  601): Purging /data/data/com.android.vending/cache/logs_background/null_account.metalog size=8192 mod=1782867055 from UID=10153 used=217088 quota=15659487 ratio=138
07-01 00:51:19.445 D/installd(  601): Purging /data/data/com.android.vending/cache/logs_background size=8192 mod=1782867055 from UID=10153 used=208896 quota=15659487 ratio=133
07-01 00:51:19.445 D/installd(  601): Purging /data/data/com.aiquota.mobile/cache/WebView/Crashpad/pending/0bf533f2-196d-4142-a17a-b77b2c23329e.meta size=8192 mod=1782867032 from UID=10233 used=98304 quota=42774121 ratio=22
07-01 00:51:19.445 D/installd(  601): Purging /data/data/com.aiquota.mobile/cache/WebView/Crashpad/settings.dat size=8192 mod=1782867032 from UID=10233 used=90112 quota=42774121 ratio=21
07-01 00:51:19.452 D/installd(  601): Purging /data/data/com.aiquota.mobile/cache/WebView/Crashpad/new size=8192 mod=1782867032 from UID=10233 used=81920 quota=42774121 ratio=19
07-01 00:51:19.452 D/installd(  601): Purging /data/data/com.aiquota.mobile/cache/WebView/Crashpad/pending size=8192 mod=1782867032 from UID=10233 used=73728 quota=42774121 ratio=17
07-01 00:51:19.452 D/installd(  601): Purging /data/data/com.aiquota.mobile/cache/WebView/Crashpad/completed size=8192 mod=1782867032 from UID=10233 used=65536 quota=42774121 ratio=15
07-01 00:51:19.452 D/installd(  601): Purging /data/data/com.aiquota.mobile/cache/WebView/Crashpad/attachments size=8192 mod=1782867032 from UID=10233 used=57344 quota=42774121 ratio=13
07-01 00:51:19.452 D/installd(  601): Purging /data/data/com.aiquota.mobile/cache/WebView/Crashpad size=8192 mod=1782867032 from UID=10233 used=49152 quota=42774121 ratio=11
07-01 00:51:19.452 D/installd(  601): Purging /data/data/com.aiquota.mobile/cache/WebView size=8192 mod=1782867032 from UID=10233 used=40960 quota=42774121 ratio=9
07-01 00:51:19.454 E/installd(  601): Failed to free up 622811544 on /data; final free space 404611072: Success
07-01 00:51:19.455 I/ExternalStorageServiceImpl( 1569): Free cache requested for 218200472 bytes
07-01 00:51:19.457 I/ExternalStorageServiceImpl( 1569): Free cache requested for 218200472 bytes
07-01 00:51:19.459 W/DeviceStorageMonitorService(  690): java.io.IOException: Failed to free 622811544 on storage device at /data
07-01 00:51:19.459 W/DeviceStorageMonitorService(  690): 	at com.android.server.pm.FreeStorageHelper.freeStorage(FreeStorageHelper.java:182)
07-01 00:51:19.459 W/DeviceStorageMonitorService(  690): 	at com.android.server.pm.PackageManagerService.freeStorage(PackageManagerService.java:3006)
07-01 00:51:19.459 W/DeviceStorageMonitorService(  690): 	at com.android.server.pm.PackageManagerInternalBase.freeStorage(PackageManagerInternalBase.java:581)
07-01 00:51:19.459 W/DeviceStorageMonitorService(  690): 	at com.android.server.storage.DeviceStorageMonitorService.checkLow(DeviceStorageMonitorService.java:194)
07-01 00:51:19.459 W/DeviceStorageMonitorService(  690): 	at com.android.server.storage.DeviceStorageMonitorService.-$$Nest$mcheckLow(DeviceStorageMonitorService.java:0)
07-01 00:51:19.459 W/DeviceStorageMonitorService(  690): 	at com.android.server.storage.DeviceStorageMonitorService$1.handleMessage(DeviceStorageMonitorService.java:297)
07-01 00:51:19.459 W/DeviceStorageMonitorService(  690): 	at android.os.Handler.dispatchMessageImpl(Handler.java:142)
07-01 00:51:19.459 W/DeviceStorageMonitorService(  690): 	at android.os.Handler.dispatchMessage(Handler.java:125)
07-01 00:51:19.459 W/DeviceStorageMonitorService(  690): 	at android.os.Looper.loopOnce(Looper.java:296)
07-01 00:51:19.459 W/DeviceStorageMonitorService(  690): 	at android.os.Looper.loop(Looper.java:397)
07-01 00:51:19.459 W/DeviceStorageMonitorService(  690): 	at android.os.HandlerThread.run(HandlerThread.java:139)
07-01 00:51:19.824 I/HalDevMgr(  690): bestIfaceCreationProposal is null, requestIface=STA, existingIface=[name=wlan0 type=STA]
07-01 00:51:20.125 D/SatelliteController( 1128): isInCarrierRoamingNbIotNtn: satellite is disabled
07-01 00:51:20.125 D/SatelliteController( 1128): getCarrierRoamingNtnConnectType: Checking connect type from PLMN config for subId: 1
07-01 00:51:20.125 D/TelephonyConfigUpdateInstallReceiver( 1128): getConfigParser: domain=satellite
07-01 00:51:20.125 V/SatelliteController( 1128): satelliteConfigParser is not ready
07-01 00:51:20.125 D/SatelliteController( 1128): isSatelliteAttachSupportedViaConfigupdater: return null (satelliteConfig is null)
07-01 00:51:20.126 D/SatelliteController( 1128): getSatellitePerPlmnConfiguration: invalid subId or not supported via carrier.
07-01 00:51:20.126 D/SatelliteController( 1128): getCarrierRoamingNtnConnectType: config: null
07-01 00:51:20.126 D/TelephonyConfigUpdateInstallReceiver( 1128): getConfigParser: domain=satellite
07-01 00:51:20.126 V/SatelliteController( 1128): satelliteConfigParser is not ready
07-01 00:51:20.126 D/SatelliteController( 1128): getCarrierRoamingNtnConnectTypeViaConfigUpdater: return null (satelliteConfig is null)
07-01 00:51:20.126 D/SatelliteController( 1128): getCarrierRoamingNtnConnectType: Falling back to global carrier config connect type: 0
07-01 00:51:20.126 D/TelephonyConfigUpdateInstallReceiver( 1128): getConfigParser: domain=satellite
07-01 00:51:20.126 V/SatelliteController( 1128): satelliteConfigParser is not ready
07-01 00:51:20.126 D/SatelliteController( 1128): isSatelliteAttachSupportedViaConfigupdater: return null (satelliteConfig is null)
07-01 00:51:20.126 D/SatelliteController( 1128): getCarrierRoamingNtnConnectType: Checking connect type from PLMN config for subId: 1
07-01 00:51:20.126 D/TelephonyConfigUpdateInstallReceiver( 1128): getConfigParser: domain=satellite
07-01 00:51:20.126 V/SatelliteController( 1128): satelliteConfigParser is not ready
07-01 00:51:20.126 D/SatelliteController( 1128): isSatelliteAttachSupportedViaConfigupdater: return null (satelliteConfig is null)
07-01 00:51:20.126 D/SatelliteController( 1128): getSatellitePerPlmnConfiguration: invalid subId or not supported via carrier.
07-01 00:51:20.127 D/SatelliteController( 1128): getCarrierRoamingNtnConnectType: config: null
07-01 00:51:20.127 D/TelephonyConfigUpdateInstallReceiver( 1128): getConfigParser: domain=satellite
07-01 00:51:20.127 V/SatelliteController( 1128): satelliteConfigParser is not ready
07-01 00:51:20.127 D/SatelliteController( 1128): getCarrierRoamingNtnConnectTypeViaConfigUpdater: return null (satelliteConfig is null)
07-01 00:51:20.127 D/SatelliteController( 1128): getCarrierRoamingNtnConnectType: Falling back to global carrier config connect type: 0
07-01 00:51:20.127 D/TelephonyConfigUpdateInstallReceiver( 1128): getConfigParser: domain=satellite
07-01 00:51:20.127 V/SatelliteController( 1128): satelliteConfigParser is not ready
07-01 00:51:20.127 D/SatelliteController( 1128): isSatelliteAttachSupportedViaConfigupdater: return null (satelliteConfig is null)
07-01 00:51:20.582 I/adbd    (  539): adbd service requested 'shell,v2,raw:dumpsys package com.google.android.gms'
07-01 00:51:20.929 I/artd    ( 3273): GetBestInfo: odex next to the dex file (/data/app/~~pUpe9D-hsv0lOCLmNQJGyA==/com.google.android.gms-a0e_AySruvvgbDhYG8Z6yQ==/oat/x86_64/base.odex) is kOatUpToDate with filter 'speed-profile' executable 'false'
07-01 00:51:20.931 I/artd    ( 3273): GetBestInfo: dm (/data/app/~~pUpe9D-hsv0lOCLmNQJGyA==/com.google.android.gms-a0e_AySruvvgbDhYG8Z6yQ==/split_AdsDynamite_installtime.dm) is kOatUpToDate with filter 'verify' executable 'false'
07-01 00:51:20.934 I/artd    ( 3273): GetBestInfo: odex next to the dex file (/data/app/~~pUpe9D-hsv0lOCLmNQJGyA==/com.google.android.gms-a0e_AySruvvgbDhYG8Z6yQ==/oat/x86_64/split_CronetDynamite_installtime.odex) is kOatUpToDate with filter 'speed-profile' executable 'false'
07-01 00:51:20.935 I/artd    ( 3273): GetBestInfo: dm (/data/app/~~pUpe9D-hsv0lOCLmNQJGyA==/com.google.android.gms-a0e_AySruvvgbDhYG8Z6yQ==/split_DynamiteLoader_installtime.dm) is kOatUpToDate with filter 'verify' executable 'false'
07-01 00:51:20.936 I/artd    ( 3273): GetBestInfo: dm (/data/app/~~pUpe9D-hsv0lOCLmNQJGyA==/com.google.android.gms-a0e_AySruvvgbDhYG8Z6yQ==/split_DynamiteModulesA_installtime.dm) is kOatUpToDate with filter 'verify' executable 'false'
07-01 00:51:20.937 I/artd    ( 3273): GetBestInfo: dm (/data/app/~~pUpe9D-hsv0lOCLmNQJGyA==/com.google.android.gms-a0e_AySruvvgbDhYG8Z6yQ==/split_DynamiteModulesC_installtime.dm) is kOatUpToDate with filter 'verify' executable 'false'
07-01 00:51:20.938 I/artd    ( 3273): GetBestInfo: dm (/data/app/~~pUpe9D-hsv0lOCLmNQJGyA==/com.google.android.gms-a0e_AySruvvgbDhYG8Z6yQ==/split_GoogleCertificates_installtime.dm) is kOatUpToDate with filter 'verify' executable 'false'
07-01 00:51:20.939 I/artd    ( 3273): GetBestInfo: dm (/data/app/~~pUpe9D-hsv0lOCLmNQJGyA==/com.google.android.gms-a0e_AySruvvgbDhYG8Z6yQ==/split_MapsDynamite_installtime.dm) is kOatUpToDate with filter 'verify' executable 'false'
07-01 00:51:20.940 I/artd    ( 3273): GetBestInfo: dm (/data/app/~~pUpe9D-hsv0lOCLmNQJGyA==/com.google.android.gms-a0e_AySruvvgbDhYG8Z6yQ==/split_MeasurementDynamite_installtime.dm) is kOatUpToDate with filter 'verify' executable 'false'
07-01 00:51:20.941 I/artd    ( 3273): GetBestInfo: /data/user_de/0/com.google.android.gms/app_chimera/m/0000000e/dl-IdentityCredentialsPlatform.optional_262031100800.apk has no usable artifacts
07-01 00:51:20.942 I/artd    ( 3273): GetBestInfo: /data/user_de/0/com.google.android.gms/app_chimera/m/00000001/CronetDynamite.apk has no usable artifacts
07-01 00:51:20.943 I/artd    ( 3273): GetBestInfo: /data/user_de/0/com.google.android.gms/app_chimera/m/00000013/dl-TfliteDynamiteDynamite.integ_252130102100800.apk has no usable artifacts
07-01 00:51:20.943 I/artd    ( 3273): GetBestInfo: /data/user_de/0/com.google.android.gms/app_chimera/m/00000002/DynamiteLoader.apk has no usable artifacts
07-01 00:51:20.944 I/artd    ( 3273): GetBestInfo: /data/user_de/0/com.google.android.gms/app_chimera/m/0000000c/dl-IdentityCredentialsPlatform.optional_261136100800.apk has no usable artifacts
07-01 00:51:20.944 I/artd    ( 3273): GetBestInfo: /data/user_de/0/com.google.android.gms/app_chimera/m/00000005/GoogleCertificates.apk has no usable artifacts
07-01 00:51:20.945 I/artd    ( 3273): GetBestInfo: /data/user_de/0/com.google.android.gms/app_chimera/m/0000000a/dl-TfliteDynamiteDynamite.integ_260580502100800.apk has no usable artifacts
07-01 00:51:20.946 I/artd    ( 3273): GetBestInfo: /data/user_de/0/com.google.android.gms/app_chimera/m/00000016/dl-PlayCloudSearch.optional_262031100000.apk has no usable artifacts
07-01 00:51:20.947 I/artd    ( 3273): GetBestInfo: /data/user_de/0/com.google.android.gms/app_chimera/m/00000014/dl-MlkitOcrCommon.optional_262031100800.apk has no usable artifacts
07-01 00:51:20.949 I/artd    ( 3273): GetBestInfo: /data/user_de/0/com.google.android.gms/app_chimera/m/00000008/dl-VisionOcr.optional_261136100000.apk has no usable artifacts
07-01 00:51:20.950 I/artd    ( 3273): GetBestInfo: /data/user_de/0/com.google.android.gms/app_chimera/m/00000010/dl-Appsearch.optional_262031100800.apk has no usable artifacts
07-01 00:51:20.954 I/artd    ( 3273): GetBestInfo: /data/user_de/0/com.google.android.gms/app_chimera/m/0000000b/dl-Appsearch.optional_261136100800.apk has no usable artifacts
07-01 00:51:20.957 I/artd    ( 3273): GetBestInfo: vdex next to the dex file (/data/user/0/com.google.android.gms/app_dg_cache/9BCBC14EE674B00B958D4B0C5B4BD883630AA39E/oat/x86_64/the.vdex) is kOatUpToDate with filter 'verify' executable 'false'
07-01 00:51:20.959 I/artd    ( 3273): GetBestInfo: /data/user_de/0/com.google.android.gms/app_chimera/m/00000009/dl-MlkitOcrCommon.optional_261136100800.apk has no usable artifacts
07-01 00:51:20.961 I/artd    ( 3273): GetBestInfo: /data/user/0/com.google.android.gms/app_dg_cache/22DA9D7AD8ED7504E0CAC64C41ECDBD7068924E0/the.apk has no usable artifacts
07-01 00:51:20.962 I/artd    ( 3273): GetBestInfo: vdex next to the dex file (/data/user/0/com.google.android.gms/app_dg_cache/FEE57AEA14526BE59FD8AB1365237E7B7A5CE7CB/oat/x86_64/the.vdex) is kOatUpToDate with filter 'verify' executable 'false'
07-01 00:51:20.963 I/artd    ( 3273): GetBestInfo: vdex next to the dex file (/data/user/0/com.google.android.gms/app_dg_cache/1C62BDE86218FBAA50DF06C4A79F5C3FE74B69EC/oat/x86_64/the.vdex) is kOatUpToDate with filter 'verify' executable 'false'
07-01 00:51:20.964 I/artd    ( 3273): GetBestInfo: /data/user_de/0/com.google.android.gms/app_chimera/m/0000000f/dl-VisionOcr.optional_262031100000.apk has no usable artifacts
07-01 00:51:20.965 I/artd    ( 3273): GetBestInfo: /data/user_de/0/com.google.android.gms/app_chimera/m/00000015/dl-MlkitBarcodeUi.optional_262031100800.apk has no usable artifacts
07-01 00:51:20.968 I/artd    ( 3273): GetBestInfo: /data/user_de/0/com.google.android.gms/app_chimera/m/00000007/MeasurementDynamite.apk has no usable artifacts
07-01 00:51:21.609 E/PlayCommon( 4938): [181] Metalog directories were deleted unexpectedly, recreating...
07-01 00:51:22.831 I/HalDevMgr(  690): bestIfaceCreationProposal is null, requestIface=STA, existingIface=[name=wlan0 type=STA]
07-01 00:51:22.938 I/wpa_supplicant(  961): wlan0: CTRL-EVENT-BEACON-LOSS 
07-01 00:51:25.839 I/AdbWifiNetworkMonitor(  690): Wi-Fi network available
07-01 00:51:25.839 I/AdbWifiNetworkMonitor(  690): Received the same Wi-Fi SSID. Ignoring.
07-01 00:51:25.844 I/HalDevMgr(  690): bestIfaceCreationProposal is null, requestIface=STA, existingIface=[name=wlan0 type=STA]
07-01 00:51:25.844 D/WM-WorkConstraintsTrack( 2923): NetworkRequestConstraintController onCapabilitiesChanged callback
07-01 00:51:25.845 I/NullBinder( 1317): NullBinder for android.net.action.RECOMMEND_NETWORKS triggering remote TransactionTooLargeException due to Service without Chimera impl, calling uid: 1000, calling pid: 0
07-01 00:51:25.845 W/libbinder.Binder( 1317): Large reply transaction of 1056768 bytes, interface descriptor , function: UNKNOWN_FUNCTION_NAME, code: 1, flags: 17
07-01 00:51:25.847 I/BugleRcsEngine( 3867): Connected state: [1], networkType: [WIFI] [CONTEXT thread_id=65 ]
07-01 00:51:25.847 D/WM-WorkConstraintsTrack( 3977): NetworkRequestConstraintController onCapabilitiesChanged callback
07-01 00:51:25.847 I/BugleRcsEngine( 3867): handleMessage processing message:[NOTIFY_UPTIME_IGNORE_STATE_CHANGED] with [non-null]:RcsEngineImpl reference [CONTEXT log_prefix="RcsEngineImpl[DUAL_REG]:[390448b9-d26f]>Handler" thread_id=69 ]
07-01 00:51:25.850 W/libbinder.IPCThreadState(  690): Sending oneway calls to frozen process.
07-01 00:51:25.850 W/libbinder.IPCThreadState(  690): Sending oneway calls to frozen process.
07-01 00:51:25.850 W/libbinder.IPCThreadState(  690): Sending oneway calls to frozen process.
07-01 00:51:25.852 D/ConnectivityService(  690): NetReassign [no changes] [c 0] [a 2] [i 0]
07-01 00:51:25.852 I/BugleRcsEngine( 3867): No RCS Configuration was found in Bugle for simID: redacted-pii:sim_id[chars:20,last3:897] [CONTEXT log_prefix="ProvisioningEngineDataRetriever" thread_id=69 ]
07-01 00:51:25.853 I/NearbyMediums( 1317): Wifi changed new SSID: "AndroidWifi"
07-01 00:51:25.853 I/NearbyMediums( 1317): WifiLanConnectivityInfo is not changed, skip notify.
07-01 00:51:26.347 I/NearbySharing( 1317): Network state changed: NetworkState(isRestricted=false, isOnline=true, isCongested=false, isMetered=false, isWifiConnected=true)
07-01 00:51:28.851 I/HalDevMgr(  690): bestIfaceCreationProposal is null, requestIface=STA, existingIface=[name=wlan0 type=STA]
07-01 00:51:30.125 D/SatelliteController( 1128): isInCarrierRoamingNbIotNtn: satellite is disabled
07-01 00:51:30.125 D/SatelliteController( 1128): getCarrierRoamingNtnConnectType: Checking connect type from PLMN config for subId: 1
07-01 00:51:30.125 D/TelephonyConfigUpdateInstallReceiver( 1128): getConfigParser: domain=satellite
07-01 00:51:30.125 V/SatelliteController( 1128): satelliteConfigParser is not ready
07-01 00:51:30.125 D/SatelliteController( 1128): isSatelliteAttachSupportedViaConfigupdater: return null (satelliteConfig is null)
07-01 00:51:30.126 D/SatelliteController( 1128): getSatellitePerPlmnConfiguration: invalid subId or not supported via carrier.
07-01 00:51:30.126 D/SatelliteController( 1128): getCarrierRoamingNtnConnectType: config: null
07-01 00:51:30.126 D/TelephonyConfigUpdateInstallReceiver( 1128): getConfigParser: domain=satellite
07-01 00:51:30.126 V/SatelliteController( 1128): satelliteConfigParser is not ready
07-01 00:51:30.126 D/SatelliteController( 1128): getCarrierRoamingNtnConnectTypeViaConfigUpdater: return null (satelliteConfig is null)
07-01 00:51:30.126 D/SatelliteController( 1128): getCarrierRoamingNtnConnectType: Falling back to global carrier config connect type: 0
07-01 00:51:30.126 D/TelephonyConfigUpdateInstallReceiver( 1128): getConfigParser: domain=satellite
07-01 00:51:30.126 V/SatelliteController( 1128): satelliteConfigParser is not ready
07-01 00:51:30.126 D/SatelliteController( 1128): isSatelliteAttachSupportedViaConfigupdater: return null (satelliteConfig is null)
07-01 00:51:30.126 D/SatelliteController( 1128): getCarrierRoamingNtnConnectType: Checking connect type from PLMN config for subId: 1
07-01 00:51:30.126 D/TelephonyConfigUpdateInstallReceiver( 1128): getConfigParser: domain=satellite
07-01 00:51:30.126 V/SatelliteController( 1128): satelliteConfigParser is not ready
07-01 00:51:30.126 D/SatelliteController( 1128): isSatelliteAttachSupportedViaConfigupdater: return null (satelliteConfig is null)
07-01 00:51:30.126 D/SatelliteController( 1128): getSatellitePerPlmnConfiguration: invalid subId or not supported via carrier.
07-01 00:51:30.126 D/SatelliteController( 1128): getCarrierRoamingNtnConnectType: config: null
07-01 00:51:30.126 D/TelephonyConfigUpdateInstallReceiver( 1128): getConfigParser: domain=satellite
07-01 00:51:30.126 V/SatelliteController( 1128): satelliteConfigParser is not ready
07-01 00:51:30.126 D/SatelliteController( 1128): getCarrierRoamingNtnConnectTypeViaConfigUpdater: return null (satelliteConfig is null)
07-01 00:51:30.127 D/SatelliteController( 1128): getCarrierRoamingNtnConnectType: Falling back to global carrier config connect type: 0
07-01 00:51:30.127 D/TelephonyConfigUpdateInstallReceiver( 1128): getConfigParser: domain=satellite
07-01 00:51:30.127 V/SatelliteController( 1128): satelliteConfigParser is not ready
07-01 00:51:30.127 D/SatelliteController( 1128): isSatelliteAttachSupportedViaConfigupdater: return null (satelliteConfig is null)
07-01 00:51:30.582 I/adbd    (  539): adbd service requested 'shell,v2,raw:dumpsys package com.google.android.gms'
07-01 00:51:30.870 I/artd    ( 3273): GetBestInfo: odex next to the dex file (/data/app/~~pUpe9D-hsv0lOCLmNQJGyA==/com.google.android.gms-a0e_AySruvvgbDhYG8Z6yQ==/oat/x86_64/base.odex) is kOatUpToDate with filter 'speed-profile' executable 'false'
07-01 00:51:30.871 I/artd    ( 3273): GetBestInfo: dm (/data/app/~~pUpe9D-hsv0lOCLmNQJGyA==/com.google.android.gms-a0e_AySruvvgbDhYG8Z6yQ==/split_AdsDynamite_installtime.dm) is kOatUpToDate with filter 'verify' executable 'false'
07-01 00:51:30.872 I/artd    ( 3273): GetBestInfo: odex next to the dex file (/data/app/~~pUpe9D-hsv0lOCLmNQJGyA==/com.google.android.gms-a0e_AySruvvgbDhYG8Z6yQ==/oat/x86_64/split_CronetDynamite_installtime.odex) is kOatUpToDate with filter 'speed-profile' executable 'false'
07-01 00:51:30.874 I/artd    ( 3273): GetBestInfo: dm (/data/app/~~pUpe9D-hsv0lOCLmNQJGyA==/com.google.android.gms-a0e_AySruvvgbDhYG8Z6yQ==/split_DynamiteLoader_installtime.dm) is kOatUpToDate with filter 'verify' executable 'false'
07-01 00:51:30.878 I/artd    ( 3273): GetBestInfo: dm (/data/app/~~pUpe9D-hsv0lOCLmNQJGyA==/com.google.android.gms-a0e_AySruvvgbDhYG8Z6yQ==/split_DynamiteModulesA_installtime.dm) is kOatUpToDate with filter 'verify' executable 'false'
07-01 00:51:30.881 I/artd    ( 3273): GetBestInfo: dm (/data/app/~~pUpe9D-hsv0lOCLmNQJGyA==/com.google.android.gms-a0e_AySruvvgbDhYG8Z6yQ==/split_DynamiteModulesC_installtime.dm) is kOatUpToDate with filter 'verify' executable 'false'
07-01 00:51:30.884 I/artd    ( 3273): GetBestInfo: dm (/data/app/~~pUpe9D-hsv0lOCLmNQJGyA==/com.google.android.gms-a0e_AySruvvgbDhYG8Z6yQ==/split_GoogleCertificates_installtime.dm) is kOatUpToDate with filter 'verify' executable 'false'
07-01 00:51:30.886 I/artd    ( 3273): GetBestInfo: dm (/data/app/~~pUpe9D-hsv0lOCLmNQJGyA==/com.google.android.gms-a0e_AySruvvgbDhYG8Z6yQ==/split_MapsDynamite_installtime.dm) is kOatUpToDate with filter 'verify' executable 'false'
07-01 00:51:30.887 I/artd    ( 3273): GetBestInfo: dm (/data/app/~~pUpe9D-hsv0lOCLmNQJGyA==/com.google.android.gms-a0e_AySruvvgbDhYG8Z6yQ==/split_MeasurementDynamite_installtime.dm) is kOatUpToDate with filter 'verify' executable 'false'
07-01 00:51:30.888 I/artd    ( 3273): GetBestInfo: /data/user_de/0/com.google.android.gms/app_chimera/m/0000000e/dl-IdentityCredentialsPlatform.optional_262031100800.apk has no usable artifacts
07-01 00:51:30.892 I/artd    ( 3273): GetBestInfo: /data/user_de/0/com.google.android.gms/app_chimera/m/00000001/CronetDynamite.apk has no usable artifacts
07-01 00:51:30.895 I/artd    ( 3273): GetBestInfo: /data/user_de/0/com.google.android.gms/app_chimera/m/00000013/dl-TfliteDynamiteDynamite.integ_252130102100800.apk has no usable artifacts
07-01 00:51:30.896 I/artd    ( 3273): GetBestInfo: /data/user_de/0/com.google.android.gms/app_chimera/m/00000002/DynamiteLoader.apk has no usable artifacts
07-01 00:51:30.897 I/artd    ( 3273): GetBestInfo: /data/user_de/0/com.google.android.gms/app_chimera/m/0000000c/dl-IdentityCredentialsPlatform.optional_261136100800.apk has no usable artifacts
07-01 00:51:30.898 I/artd    ( 3273): GetBestInfo: /data/user_de/0/com.google.android.gms/app_chimera/m/00000005/GoogleCertificates.apk has no usable artifacts
07-01 00:51:30.899 I/artd    ( 3273): GetBestInfo: /data/user_de/0/com.google.android.gms/app_chimera/m/0000000a/dl-TfliteDynamiteDynamite.integ_260580502100800.apk has no usable artifacts
07-01 00:51:30.900 I/artd    ( 3273): GetBestInfo: /data/user_de/0/com.google.android.gms/app_chimera/m/00000016/dl-PlayCloudSearch.optional_262031100000.apk has no usable artifacts
07-01 00:51:30.900 I/artd    ( 3273): GetBestInfo: /data/user_de/0/com.google.android.gms/app_chimera/m/00000014/dl-MlkitOcrCommon.optional_262031100800.apk has no usable artifacts
07-01 00:51:30.904 I/artd    ( 3273): GetBestInfo: /data/user_de/0/com.google.android.gms/app_chimera/m/00000008/dl-VisionOcr.optional_261136100000.apk has no usable artifacts
07-01 00:51:30.905 I/artd    ( 3273): GetBestInfo: /data/user_de/0/com.google.android.gms/app_chimera/m/00000010/dl-Appsearch.optional_262031100800.apk has no usable artifacts
07-01 00:51:30.908 I/artd    ( 3273): GetBestInfo: /data/user_de/0/com.google.android.gms/app_chimera/m/0000000b/dl-Appsearch.optional_261136100800.apk has no usable artifacts
07-01 00:51:30.911 I/artd    ( 3273): GetBestInfo: vdex next to the dex file (/data/user/0/com.google.android.gms/app_dg_cache/9BCBC14EE674B00B958D4B0C5B4BD883630AA39E/oat/x86_64/the.vdex) is kOatUpToDate with filter 'verify' executable 'false'
07-01 00:51:30.912 I/artd    ( 3273): GetBestInfo: /data/user_de/0/com.google.android.gms/app_chimera/m/00000009/dl-MlkitOcrCommon.optional_261136100800.apk has no usable artifacts
07-01 00:51:30.913 I/artd    ( 3273): GetBestInfo: /data/user/0/com.google.android.gms/app_dg_cache/22DA9D7AD8ED7504E0CAC64C41ECDBD7068924E0/the.apk has no usable artifacts
07-01 00:51:30.914 I/artd    ( 3273): GetBestInfo: vdex next to the dex file (/data/user/0/com.google.android.gms/app_dg_cache/FEE57AEA14526BE59FD8AB1365237E7B7A5CE7CB/oat/x86_64/the.vdex) is kOatUpToDate with filter 'verify' executable 'false'
07-01 00:51:30.915 I/artd    ( 3273): GetBestInfo: vdex next to the dex file (/data/user/0/com.google.android.gms/app_dg_cache/1C62BDE86218FBAA50DF06C4A79F5C3FE74B69EC/oat/x86_64/the.vdex) is kOatUpToDate with filter 'verify' executable 'false'
07-01 00:51:30.916 I/artd    ( 3273): GetBestInfo: /data/user_de/0/com.google.android.gms/app_chimera/m/0000000f/dl-VisionOcr.optional_262031100000.apk has no usable artifacts
07-01 00:51:30.919 I/artd    ( 3273): GetBestInfo: /data/user_de/0/com.google.android.gms/app_chimera/m/00000015/dl-MlkitBarcodeUi.optional_262031100800.apk has no usable artifacts
07-01 00:51:30.921 I/artd    ( 3273): GetBestInfo: /data/user_de/0/com.google.android.gms/app_chimera/m/00000007/MeasurementDynamite.apk has no usable artifacts
07-01 00:51:31.126 I/wpa_supplicant(  961): wlan0: CTRL-EVENT-BEACON-LOSS 
07-01 00:51:31.858 I/HalDevMgr(  690): bestIfaceCreationProposal is null, requestIface=STA, existingIface=[name=wlan0 type=STA]
07-01 00:51:33.453 I/adbd    (  539): adbd service requested 'shell,v2:export ANDROID_LOG_TAGS=''; exec logcat '-d' '-v' 'time''
