07-01 09:36:03.426 V/ActivityTaskManager(  692): TaskLaunchParamsModifier: phase=3 task=Task{a93f0e6 #578 type=standard A=10233:com.aiquota.mobile} activity=ActivityRecord{154022444 u0 com.aiquota.mobile/.providers.GlmApiKeyActivity t-1} display-area-from-source=DefaultTaskDisplayArea@146288658 display-id=0 task-display-area-windowing-mode=1 suggested-display-area=DefaultTaskDisplayArea@146288658 inherit-from-source=fullscreen non-freeform-task-display-area display-area=DefaultTaskDisplayArea@146288658 skip-bounds-fullscreen
07-01 09:36:03.426 I/ActivityTaskManager(  692): START u0 {xflg=0x4 cmp=com.aiquota.mobile/.providers.GlmApiKeyActivity} with LAUNCH_MULTIPLE from uid 10233 (com.aiquota.mobile) (sr=19845953) (BAL_ALLOW_VISIBLE_WINDOW) result code=0
07-01 09:36:03.429 V/WindowManagerShell(  976): Transition requested (#85): android.os.BinderProxy@3a22da0 TransitionRequestInfo { type = OPEN, triggerTask = TaskInfo{userId=0 taskId=578 effectiveUid=10233 displayId=0 isRunning=true baseIntent=Intent { act=android.intent.action.MAIN cat=[android.intent.category.LAUNCHER] flg=0x10200000 cmp=com.aiquota.mobile/.MainActivity } baseActivity=ComponentInfo{com.aiquota.mobile/com.aiquota.mobile.MainActivity} topActivity=ComponentInfo{com.aiquota.mobile/com.aiquota.mobile.providers.GlmApiKeyActivity} origActivity=null realActivity=ComponentInfo{com.aiquota.mobile/com.aiquota.mobile.MainActivity} realActivityIsAppLockEnabled=false numActivities=2 lastActiveTime=11429783 supportsMultiWindow=true supportsMultiWindowWithoutConstraints=true resizeMode=1 isResizeable=true minWidth=-1 minHeight=-1 defaultMinSize=220 token=WCT{android.os.BinderProxy@3222554} topActivityType=1 pictureInPictureParams=null shouldDockBigOverlays=false launchIntoPipHostTaskId=-1 lastParentTaskIdBeforePip=-1 displayCutoutSafeInsets=Rect(0, 0 - 0, 0) topActivityInfo=ActivityInfo{fb45d59 com.aiquota.mobile.providers.GlmApiKeyActivity} launchCookies=[] positionInParent=Point(0, 0) parentTaskId=-1 isFocused=true isInteractive=true isVisible=true isVisibleRequested=true isTopActivityNoDisplay=false isSleeping=false locusId=null displayAreaFeatureId=1 isTopActivityTransparent=false isActivityStackTransparent=false lastNonFullscreenBounds=null leafTaskBoundsFromOptions= false capturedLink=null capturedLinkTimestamp=0 requestedVisibleTypes=503 topActivityRequestOpenInBrowserEducationTimestamp=0 appCompatTaskInfo=AppCompatTaskInfo { topActivityInSizeCompat=false isLeafTask= true eligibleForLetterboxEducation= false isLetterboxEducationEnabled= true isLetterboxDoubleTapEnabled= false eligibleForUserAspectRatioButton= false topActivityBoundsLetterboxed= false isFromLetterboxDoubleTap= false topActivityLetterboxVerticalPosition= -1 topActivityLetterboxHorizontalPosition= -1 topActivityLetterboxWidth=-1 topActivityLetterboxHeight=-1 topActivityAppBounds=Rect(0, 0 - 1080, 2400) isUserFullscreenOverrideEnabled=false isSystemFullscreenOverrideEnabled=false hasMinAspectRatioOverride=false topActivityLetterboxBounds=null topNonResizableActivityAspectRatio=-1.0} topActivityMainWindowFrame=null isAppBubble=false}, pipChange = null, remoteTransitionInfo = null, displayChanges = null, requestedLocation = null, userChange = null, windowingLayerChange = null, fullscreenRequestChange = null, flags = 0, debugId = 85 }
07-01 09:36:03.618 D/VRI[GlmApiKeyActivity](23614): WindowInsets changed: 1080x2400 statusBars:[0,132,0,0] navigationBars:[0,0,0,63] mandatorySystemGestures:[0,164,0,84] 
07-01 09:36:03.618 D/CoreBackPreview(  692): Window{d74eb71 u0 com.aiquota.mobile/com.aiquota.mobile.providers.GlmApiKeyActivity}: Setting back callback OnBackInvokedCallbackInfo{mCallback=android.window.IOnBackInvokedCallback$Stub$Proxy@df4a1d7, mPriority=0, mIsAnimationCallback=false, mOverrideBehavior=0}
07-01 09:36:03.621 D/WindowManager(  692): setClientSurface Surface(name=VRI-com.aiquota.mobile/com.aiquota.mobile.providers.GlmApiKeyActivity#626)/@0xdc29ac4 for d74eb71 com.aiquota.mobile/com.aiquota.mobile.providers.GlmApiKeyActivity
07-01 09:36:03.625 I/Surface (23614): Creating surface for consumer VRI[GlmApiKeyActivity]#1(BLAST Consumer)1 with slotExpansion=1 for 64 slots
07-01 09:36:03.689 I/ActivityTaskManager(  692): Displayed com.aiquota.mobile/.providers.GlmApiKeyActivity for user 0: +264ms
07-01 09:36:03.689 V/WindowManager(  692): Sent Transition (#85) createdAt=07-01 09:36:03.422 via request=TransitionRequestInfo { type = OPEN, triggerTask = TaskInfo{userId=0 taskId=578 effectiveUid=10233 displayId=0 isRunning=true baseIntent=Intent { act=android.intent.action.MAIN cat=[android.intent.category.LAUNCHER] flg=0x10200000 cmp=com.aiquota.mobile/.MainActivity } baseActivity=ComponentInfo{com.aiquota.mobile/com.aiquota.mobile.MainActivity} topActivity=ComponentInfo{com.aiquota.mobile/com.aiquota.mobile.providers.GlmApiKeyActivity} origActivity=null realActivity=ComponentInfo{com.aiquota.mobile/com.aiquota.mobile.MainActivity} realActivityIsAppLockEnabled=false numActivities=2 lastActiveTime=11429783 supportsMultiWindow=true supportsMultiWindowWithoutConstraints=true resizeMode=1 isResizeable=true minWidth=-1 minHeight=-1 defaultMinSize=220 token=WCT{RemoteToken{2ddda46 Task{a93f0e6 #578 type=standard A=10233:com.aiquota.mobile}}} topActivityType=1 pictureInPictureParams=null shouldDockBigOverlays=false launchIntoPipHostTaskId=-1 lastParentTaskIdBeforePip=-1 displayCutoutSafeInsets=Rect(0, 0 - 0, 0) topActivityInfo=ActivityInfo{f387e5c com.aiquota.mobile.providers.GlmApiKeyActivity} launchCookies=[] positionInParent=Point(0, 0) parentTaskId=-1 isFocused=true isInteractive=true isVisible=true isVisibleRequested=true isTopActivityNoDisplay=false isSleeping=false locusId=null displayAreaFeatureId=1 isTopActivityTransparent=false isActivityStackTransparent=false lastNonFullscreenBounds=null leafTaskBoundsFromOptions= false capturedLink=null capturedLinkTimestamp=0 requestedVisibleTypes=503 topActivityRequestOpenInBrowserEducationTimestamp=0 appCompatTaskInfo=AppCompatTaskInfo { topActivityInSizeCompat=false isLeafTask= true eligibleForLetterboxEducation= false isLetterboxEducationEnabled= true isLetterboxDoubleTapEnabled= false eligibleForUserAspectRatioButton= false topActivityBoundsLetterboxed= false isFromLetterboxDoubleTap= false topActivityLetterboxVerticalPosition= -1 topActivityLetterboxHorizontalPosition= -1 topActivityLetterboxWidth=-1 topActivityLetterboxHeight=-1 topActivityAppBounds=Rect(0, 0 - 1080, 2400) isUserFullscreenOverrideEnabled=false isSystemFullscreenOverrideEnabled=false hasMinAspectRatioOverride=false topActivityLetterboxBounds=null topNonResizableActivityAspectRatio=-1.0} topActivityMainWindowFrame=null isAppBubble=false}, pipChange = null, remoteTransitionInfo = null, displayChanges = null, requestedLocation = null, userChange = null, windowingLayerChange = null, fullscreenRequestChange = null, flags = 0, debugId = 85 }
07-01 09:36:03.690 V/WindowManagerShell(  976):         {m=OPEN f=FILLS_TASK p=WCT{android.os.BinderProxy@3222554} leash=Surface(name=ActivityRecord{154022444 u0 com.aiquota.mobile/.providers.GlmApiKeyActivity t578}#624)/@0x130d1e sb=Rect(0, 0 - 0, 0) eb=Rect(0, 0 - 1080, 2400) epz=Point(1080, 2400) d=-1->0 r=-1->0:-1 bc=fffafafa activity=ActivityTransitionInfo { component = ComponentInfo{com.aiquota.mobile/com.aiquota.mobile.providers.GlmApiKeyActivity}, taskId = 578, appCompatTransitionInfo = null }},
07-01 09:36:03.690 V/WindowManager(  692):         {m=OPEN f=FILLS_TASK p=WCT{RemoteToken{2ddda46 Task{a93f0e6 #578 type=standard A=10233:com.aiquota.mobile}}} leash=Surface(name=ActivityRecord{154022444 u0 com.aiquota.mobile/.providers.GlmApiKeyActivity t578}#624)/@0x370412e sb=Rect(0, 0 - 0, 0) eb=Rect(0, 0 - 1080, 2400) epz=Point(1080, 2400) d=-1->0 r=-1->0:-1 bc=fffafafa activity=ActivityTransitionInfo { component = ComponentInfo{com.aiquota.mobile/com.aiquota.mobile.providers.GlmApiKeyActivity}, taskId = 578, appCompatTransitionInfo = null }},
07-01 09:36:03.691 V/WindowManagerShell(  976): Transition doesn't have explicit remote, search filters for match for {id=85 t=OPEN f=0x0 trk=0 r=[0@Point(0, 0)] c=[{m=OPEN f=FILLS_TASK p=WCT{android.os.BinderProxy@3222554} leash=Surface(name=ActivityRecord{154022444 u0 com.aiquota.mobile/.providers.GlmApiKeyActivity t578}#624)/@0x130d1e sb=Rect(0, 0 - 0, 0) eb=Rect(0, 0 - 1080, 2400) epz=Point(1080, 2400) d=-1->0 r=-1->0:-1 bc=fffafafa activity=ActivityTransitionInfo { component = ComponentInfo{com.aiquota.mobile/com.aiquota.mobile.providers.GlmApiKeyActivity}, taskId = 578, appCompatTransitionInfo = null }},{m=TO_BACK f=FILLS_TASK p=WCT{android.os.BinderProxy@3222554} leash=Surface(name=ActivityRecord{19845953 u0 com.aiquota.mobile/.MainActivity t578}#610)/@0x94fe9ff sb=Rect(0, 0 - 1080, 2400) eb=Rect(0, 0 - 1080, 2400) epz=Point(1080, 2400) d=0 bc=fffafafa activity=ActivityTransitionInfo { component = ComponentInfo{com.aiquota.mobile/com.aiquota.mobile.MainActivity}, taskId = 578, appCompatTransitionInfo = null }},{m=CHANGE f=NONE leash=Surface(name=Task=578#609)/@0xa8c83cc sb=Rect(0, 0 - 1080, 2400) eb=Rect(0, 0 - 1080, 2400) epz=Point(1080, 2400) d=0 taskParent=-1 winMode=1 userId=0}]}
07-01 09:36:03.691 V/WindowManagerShell(  976): start default transition animation, info = {id=85 t=OPEN f=0x0 trk=0 r=[0@Point(0, 0)] c=[{m=OPEN f=FILLS_TASK p=WCT{android.os.BinderProxy@3222554} leash=Surface(name=ActivityRecord{154022444 u0 com.aiquota.mobile/.providers.GlmApiKeyActivity t578}#624)/@0x130d1e sb=Rect(0, 0 - 0, 0) eb=Rect(0, 0 - 1080, 2400) epz=Point(1080, 2400) d=-1->0 r=-1->0:-1 bc=fffafafa activity=ActivityTransitionInfo { component = ComponentInfo{com.aiquota.mobile/com.aiquota.mobile.providers.GlmApiKeyActivity}, taskId = 578, appCompatTransitionInfo = null }},{m=TO_BACK f=FILLS_TASK p=WCT{android.os.BinderProxy@3222554} leash=Surface(name=ActivityRecord{19845953 u0 com.aiquota.mobile/.MainActivity t578}#610)/@0x94fe9ff sb=Rect(0, 0 - 1080, 2400) eb=Rect(0, 0 - 1080, 2400) epz=Point(1080, 2400) d=0 bc=fffafafa activity=ActivityTransitionInfo { component = ComponentInfo{com.aiquota.mobile/com.aiquota.mobile.MainActivity}, taskId = 578, appCompatTransitionInfo = null }},{m=CHANGE f=NONE leash=Surface(name=Task=578#609)/@0xa8c83cc sb=Rect(0, 0 - 1080, 2400) eb=Rect(0, 0 - 1080, 2400) epz=Point(1080, 2400) d=0 taskParent=-1 winMode=1 userId=0}]}
07-01 09:36:05.716 V/ActivityTaskManager(  692): TaskLaunchParamsModifier: phase=3 task=Task{a93f0e6 #578 type=standard A=10233:com.aiquota.mobile} activity=ActivityRecord{169088056 u0 com.aiquota.mobile/.providers.WebLoginActivity t-1} display-area-from-source=DefaultTaskDisplayArea@146288658 display-id=0 task-display-area-windowing-mode=1 suggested-display-area=DefaultTaskDisplayArea@146288658 inherit-from-source=fullscreen non-freeform-task-display-area display-area=DefaultTaskDisplayArea@146288658 skip-bounds-fullscreen
07-01 09:36:05.716 I/ActivityTaskManager(  692): START u0 {xflg=0x4 cmp=com.aiquota.mobile/.providers.WebLoginActivity (has extras)} with LAUNCH_MULTIPLE from uid 10233 (com.aiquota.mobile) (sr=154022444) (BAL_ALLOW_VISIBLE_WINDOW) result code=0
07-01 09:36:05.717 V/WindowManagerShell(  976): Transition requested (#86): android.os.BinderProxy@a2af9ce TransitionRequestInfo { type = OPEN, triggerTask = TaskInfo{userId=0 taskId=578 effectiveUid=10233 displayId=0 isRunning=true baseIntent=Intent { act=android.intent.action.MAIN cat=[android.intent.category.LAUNCHER] flg=0x10200000 cmp=com.aiquota.mobile/.MainActivity } baseActivity=ComponentInfo{com.aiquota.mobile/com.aiquota.mobile.MainActivity} topActivity=ComponentInfo{com.aiquota.mobile/com.aiquota.mobile.providers.WebLoginActivity} origActivity=null realActivity=ComponentInfo{com.aiquota.mobile/com.aiquota.mobile.MainActivity} realActivityIsAppLockEnabled=false numActivities=3 lastActiveTime=11432073 supportsMultiWindow=true supportsMultiWindowWithoutConstraints=true resizeMode=1 isResizeable=true minWidth=-1 minHeight=-1 defaultMinSize=220 token=WCT{android.os.BinderProxy@3222554} topActivityType=1 pictureInPictureParams=null shouldDockBigOverlays=false launchIntoPipHostTaskId=-1 lastParentTaskIdBeforePip=-1 displayCutoutSafeInsets=Rect(0, 0 - 0, 0) topActivityInfo=ActivityInfo{fbd50ef com.aiquota.mobile.providers.WebLoginActivity} launchCookies=[] positionInParent=Point(0, 0) parentTaskId=-1 isFocused=true isInteractive=true isVisible=true isVisibleRequested=true isTopActivityNoDisplay=false isSleeping=false locusId=null displayAreaFeatureId=1 isTopActivityTransparent=false isActivityStackTransparent=false lastNonFullscreenBounds=null leafTaskBoundsFromOptions= false capturedLink=null capturedLinkTimestamp=0 requestedVisibleTypes=503 topActivityRequestOpenInBrowserEducationTimestamp=0 appCompatTaskInfo=AppCompatTaskInfo { topActivityInSizeCompat=false isLeafTask= true eligibleForLetterboxEducation= false isLetterboxEducationEnabled= true isLetterboxDoubleTapEnabled= false eligibleForUserAspectRatioButton= false topActivityBoundsLetterboxed= false isFromLetterboxDoubleTap= false topActivityLetterboxVerticalPosition= -1 topActivityLetterboxHorizontalPosition= -1 topActivityLetterboxWidth=-1 topActivityLetterboxHeight=-1 topActivityAppBounds=Rect(0, 0 - 1080, 2400) isUserFullscreenOverrideEnabled=false isSystemFullscreenOverrideEnabled=false hasMinAspectRatioOverride=false topActivityLetterboxBounds=null topNonResizableActivityAspectRatio=-1.0} topActivityMainWindowFrame=null isAppBubble=false}, pipChange = null, remoteTransitionInfo = null, displayChanges = null, requestedLocation = null, userChange = null, windowingLayerChange = null, fullscreenRequestChange = null, flags = 0, debugId = 86 }
07-01 09:36:05.872 D/AIQuotaLogin(23614): provider=glm resource=https://z.ai/chat
07-01 09:36:05.979 D/VRI[WebLoginActivity](23614): WindowInsets changed: 1080x2400 statusBars:[0,132,0,0] navigationBars:[0,0,0,63] mandatorySystemGestures:[0,164,0,84] 
07-01 09:36:05.984 D/CoreBackPreview(  692): Window{ab6efba u0 com.aiquota.mobile/com.aiquota.mobile.providers.WebLoginActivity}: Setting back callback OnBackInvokedCallbackInfo{mCallback=android.window.IOnBackInvokedCallback$Stub$Proxy@a80647, mPriority=0, mIsAnimationCallback=false, mOverrideBehavior=0}
07-01 09:36:05.984 D/WindowManager(  692): setClientSurface Surface(name=VRI-com.aiquota.mobile/com.aiquota.mobile.providers.WebLoginActivity#636)/@0xb5e7e74 for ab6efba com.aiquota.mobile/com.aiquota.mobile.providers.WebLoginActivity
07-01 09:36:05.991 I/Surface (23614): Creating surface for consumer VRI[WebLoginActivity]#2(BLAST Consumer)2 with slotExpansion=1 for 64 slots
07-01 09:36:06.081 I/ActivityTaskManager(  692): Displayed com.aiquota.mobile/.providers.WebLoginActivity for user 0: +364ms
07-01 09:36:06.081 V/WindowManager(  692): Sent Transition (#86) createdAt=07-01 09:36:05.713 via request=TransitionRequestInfo { type = OPEN, triggerTask = TaskInfo{userId=0 taskId=578 effectiveUid=10233 displayId=0 isRunning=true baseIntent=Intent { act=android.intent.action.MAIN cat=[android.intent.category.LAUNCHER] flg=0x10200000 cmp=com.aiquota.mobile/.MainActivity } baseActivity=ComponentInfo{com.aiquota.mobile/com.aiquota.mobile.MainActivity} topActivity=ComponentInfo{com.aiquota.mobile/com.aiquota.mobile.providers.WebLoginActivity} origActivity=null realActivity=ComponentInfo{com.aiquota.mobile/com.aiquota.mobile.MainActivity} realActivityIsAppLockEnabled=false numActivities=3 lastActiveTime=11432073 supportsMultiWindow=true supportsMultiWindowWithoutConstraints=true resizeMode=1 isResizeable=true minWidth=-1 minHeight=-1 defaultMinSize=220 token=WCT{RemoteToken{2ddda46 Task{a93f0e6 #578 type=standard A=10233:com.aiquota.mobile}}} topActivityType=1 pictureInPictureParams=null shouldDockBigOverlays=false launchIntoPipHostTaskId=-1 lastParentTaskIdBeforePip=-1 displayCutoutSafeInsets=Rect(0, 0 - 0, 0) topActivityInfo=ActivityInfo{489773f com.aiquota.mobile.providers.WebLoginActivity} launchCookies=[] positionInParent=Point(0, 0) parentTaskId=-1 isFocused=true isInteractive=true isVisible=true isVisibleRequested=true isTopActivityNoDisplay=false isSleeping=false locusId=null displayAreaFeatureId=1 isTopActivityTransparent=false isActivityStackTransparent=false lastNonFullscreenBounds=null leafTaskBoundsFromOptions= false capturedLink=null capturedLinkTimestamp=0 requestedVisibleTypes=503 topActivityRequestOpenInBrowserEducationTimestamp=0 appCompatTaskInfo=AppCompatTaskInfo { topActivityInSizeCompat=false isLeafTask= true eligibleForLetterboxEducation= false isLetterboxEducationEnabled= true isLetterboxDoubleTapEnabled= false eligibleForUserAspectRatioButton= false topActivityBoundsLetterboxed= false isFromLetterboxDoubleTap= false topActivityLetterboxVerticalPosition= -1 topActivityLetterboxHorizontalPosition= -1 topActivityLetterboxWidth=-1 topActivityLetterboxHeight=-1 topActivityAppBounds=Rect(0, 0 - 1080, 2400) isUserFullscreenOverrideEnabled=false isSystemFullscreenOverrideEnabled=false hasMinAspectRatioOverride=false topActivityLetterboxBounds=null topNonResizableActivityAspectRatio=-1.0} topActivityMainWindowFrame=null isAppBubble=false}, pipChange = null, remoteTransitionInfo = null, displayChanges = null, requestedLocation = null, userChange = null, windowingLayerChange = null, fullscreenRequestChange = null, flags = 0, debugId = 86 }
07-01 09:36:06.081 V/WindowManager(  692):         {m=OPEN f=FILLS_TASK leash=Surface(name=ActivityRecord{169088056 u0 com.aiquota.mobile/.providers.WebLoginActivity t578}#634)/@0x9b35899 sb=Rect(0, 0 - 0, 0) eb=Rect(0, 0 - 1080, 2400) epz=Point(1080, 2400) d=-1->0 r=-1->0:-1 bc=fffafafa activity=ActivityTransitionInfo { component = ComponentInfo{com.aiquota.mobile/com.aiquota.mobile.providers.WebLoginActivity}, taskId = 578, appCompatTransitionInfo = null } opt={t=FROM_STYLE mUserId=0}},
07-01 09:36:06.081 V/WindowManager(  692):         {m=CLOSE f=FILLS_TASK leash=Surface(name=ActivityRecord{154022444 u0 com.aiquota.mobile/.providers.GlmApiKeyActivity t578}#624)/@0x370412e sb=Rect(0, 0 - 1080, 2400) eb=Rect(0, 0 - 1080, 2400) epz=Point(1080, 2400) d=0 bc=fffafafa activity=ActivityTransitionInfo { component = ComponentInfo{com.aiquota.mobile/com.aiquota.mobile.providers.GlmApiKeyActivity}, taskId = 578, appCompatTransitionInfo = null } opt={t=FROM_STYLE mUserId=0}}
07-01 09:36:06.082 V/WindowManagerShell(  976):         {m=OPEN f=FILLS_TASK leash=Surface(name=ActivityRecord{169088056 u0 com.aiquota.mobile/.providers.WebLoginActivity t578}#634)/@0x1863afd sb=Rect(0, 0 - 0, 0) eb=Rect(0, 0 - 1080, 2400) epz=Point(1080, 2400) d=-1->0 r=-1->0:-1 bc=fffafafa activity=ActivityTransitionInfo { component = ComponentInfo{com.aiquota.mobile/com.aiquota.mobile.providers.WebLoginActivity}, taskId = 578, appCompatTransitionInfo = null } opt={t=FROM_STYLE mUserId=0}},
07-01 09:36:06.082 V/WindowManagerShell(  976):         {m=CLOSE f=FILLS_TASK leash=Surface(name=ActivityRecord{154022444 u0 com.aiquota.mobile/.providers.GlmApiKeyActivity t578}#624)/@0x8ce63f2 sb=Rect(0, 0 - 1080, 2400) eb=Rect(0, 0 - 1080, 2400) epz=Point(1080, 2400) d=0 bc=fffafafa activity=ActivityTransitionInfo { component = ComponentInfo{com.aiquota.mobile/com.aiquota.mobile.providers.GlmApiKeyActivity}, taskId = 578, appCompatTransitionInfo = null } opt={t=FROM_STYLE mUserId=0}}
07-01 09:36:06.083 V/WindowManagerShell(  976): Transition doesn't have explicit remote, search filters for match for {id=86 t=OPEN f=0x0 trk=0 r=[0@Point(0, 0)] c=[{m=OPEN f=FILLS_TASK leash=Surface(name=ActivityRecord{169088056 u0 com.aiquota.mobile/.providers.WebLoginActivity t578}#634)/@0x1863afd sb=Rect(0, 0 - 0, 0) eb=Rect(0, 0 - 1080, 2400) epz=Point(1080, 2400) d=-1->0 r=-1->0:-1 bc=fffafafa activity=ActivityTransitionInfo { component = ComponentInfo{com.aiquota.mobile/com.aiquota.mobile.providers.WebLoginActivity}, taskId = 578, appCompatTransitionInfo = null } opt={t=FROM_STYLE mUserId=0}},{m=CLOSE f=FILLS_TASK leash=Surface(name=ActivityRecord{154022444 u0 com.aiquota.mobile/.providers.GlmApiKeyActivity t578}#624)/@0x8ce63f2 sb=Rect(0, 0 - 1080, 2400) eb=Rect(0, 0 - 1080, 2400) epz=Point(1080, 2400) d=0 bc=fffafafa activity=ActivityTransitionInfo { component = ComponentInfo{com.aiquota.mobile/com.aiquota.mobile.providers.GlmApiKeyActivity}, taskId = 578, appCompatTransitionInfo = null } opt={t=FROM_STYLE mUserId=0}}]}
07-01 09:36:06.086 V/WindowManagerShell(  976): start default transition animation, info = {id=86 t=OPEN f=0x0 trk=0 r=[0@Point(0, 0)] c=[{m=OPEN f=FILLS_TASK leash=Surface(name=ActivityRecord{169088056 u0 com.aiquota.mobile/.providers.WebLoginActivity t578}#634)/@0x1863afd sb=Rect(0, 0 - 0, 0) eb=Rect(0, 0 - 1080, 2400) epz=Point(1080, 2400) d=-1->0 r=-1->0:-1 bc=fffafafa activity=ActivityTransitionInfo { component = ComponentInfo{com.aiquota.mobile/com.aiquota.mobile.providers.WebLoginActivity}, taskId = 578, appCompatTransitionInfo = null } opt={t=FROM_STYLE mUserId=0}},{m=CLOSE f=FILLS_TASK leash=Surface(name=ActivityRecord{154022444 u0 com.aiquota.mobile/.providers.GlmApiKeyActivity t578}#624)/@0x8ce63f2 sb=Rect(0, 0 - 1080, 2400) eb=Rect(0, 0 - 1080, 2400) epz=Point(1080, 2400) d=0 bc=fffafafa activity=ActivityTransitionInfo { component = ComponentInfo{com.aiquota.mobile/com.aiquota.mobile.providers.GlmApiKeyActivity}, taskId = 578, appCompatTransitionInfo = null } opt={t=FROM_STYLE mUserId=0}}]}
07-01 09:36:06.502 D/AIQuotaLogin(23614): provider=glm resource=https://z.ai/_next/static/media/74fa777cac189696-s.p.ttf
07-01 09:36:06.504 D/AIQuotaLogin(23614): provider=glm resource=https://z.ai/_next/static/media/98320d588ee45fe2-s.p.ttf
07-01 09:36:06.504 D/AIQuotaLogin(23614): provider=glm resource=https://z.ai/_next/static/media/a40c83c38559db55-s.p.ttf
07-01 09:36:06.507 D/AIQuotaLogin(23614): provider=glm resource=https://z.ai/_next/static/media/f3082694476a79c3-s.p.ttf
07-01 09:36:06.510 D/AIQuotaLogin(23614): provider=glm resource=https://z.ai/_next/static/css/a70e7aab4c4dbcdb.css
07-01 09:36:06.512 D/AIQuotaLogin(23614): provider=glm resource=https://z.ai/_next/static/css/bde391a2dc0c5f50.css
07-01 09:36:06.512 D/AIQuotaLogin(23614): provider=glm resource=https://z.ai/_next/static/css/06eee677ceaf36a2.css
07-01 09:36:06.514 D/AIQuotaLogin(23614): provider=glm resource=https://z.ai/_next/static/css/38a00db3df158e74.css
07-01 09:36:06.515 D/AIQuotaLogin(23614): provider=glm resource=https://z.ai/_next/static/css/2177b086ad2c1db5.css
07-01 09:36:06.515 D/AIQuotaLogin(23614): provider=glm resource=https://www.googletagmanager.com/gtag/js?keys=id
07-01 09:36:06.516 D/AIQuotaLogin(23614): provider=glm resource=https://z.ai/_next/static/css/3730f9ae63252c5f.css
07-01 09:36:06.550 D/AIQuotaLogin(23614): provider=glm resource=https://z.ai/_next/static/chunks/webpack-774745fcebbc8a87.js
07-01 09:36:06.553 D/AIQuotaLogin(23614): provider=glm resource=https://z.ai/_next/static/chunks/8106-d02730666dcb8b9a.js
07-01 09:36:06.553 D/AIQuotaLogin(23614): provider=glm resource=https://z.ai/_next/static/chunks/52bcc53e-060b90e4f28c19f7.js
07-01 09:36:06.554 D/AIQuotaLogin(23614): provider=glm resource=https://z.ai/_next/static/chunks/5090-606c6480d2a07138.js
07-01 09:36:06.554 D/AIQuotaLogin(23614): provider=glm resource=https://z.ai/_next/static/chunks/1358-35e6ad417a978a81.js
07-01 09:36:06.554 D/AIQuotaLogin(23614): provider=glm resource=https://z.ai/_next/static/chunks/3126-0c2e709614a8fce7.js
07-01 09:36:06.555 D/AIQuotaLogin(23614): provider=glm resource=https://z.ai/_next/static/chunks/1979-abfd6cd997875590.js
07-01 09:36:06.555 D/AIQuotaLogin(23614): provider=glm resource=https://z.ai/_next/static/chunks/4385-bf59bbcbdd5c4cb8.js
07-01 09:36:06.555 D/AIQuotaLogin(23614): provider=glm resource=https://z.ai/_next/static/chunks/main-app-ba8cdb9db4962606.js
07-01 09:36:06.555 D/AIQuotaLogin(23614): provider=glm resource=https://z.ai/_next/static/chunks/389-cec8c4baf567a095.js
07-01 09:36:06.555 D/AIQuotaLogin(23614): provider=glm resource=https://z.ai/_next/static/chunks/3581-62c7b103ece6917a.js
07-01 09:36:06.556 D/AIQuotaLogin(23614): provider=glm resource=https://z.ai/_next/static/chunks/7073-1dc850bdca5f4b3b.js
07-01 09:36:06.559 D/AIQuotaLogin(23614): provider=glm resource=https://z.ai/_next/static/chunks/4129-5b016b7f4cb7e10f.js
07-01 09:36:06.559 D/AIQuotaLogin(23614): provider=glm resource=https://z.ai/_next/static/chunks/7014-920ab5fa231b1646.js
07-01 09:36:06.559 D/AIQuotaLogin(23614): provider=glm resource=https://z.ai/_next/static/chunks/app/[locale]/page-3454e96dedaa2f07.js
07-01 09:36:06.560 D/AIQuotaLogin(23614): provider=glm resource=https://z.ai/_next/static/chunks/6866-f4f5d0ba8ff8ba6a.js
07-01 09:36:06.560 D/AIQuotaLogin(23614): provider=glm resource=https://z.ai/_next/static/chunks/023c1e32-edc217937ce9565a.js
07-01 09:36:06.562 D/AIQuotaLogin(23614): provider=glm resource=https://z.ai/_next/static/chunks/7368-24d21e801857a37e.js
07-01 09:36:06.563 D/AIQuotaLogin(23614): provider=glm resource=https://z.ai/_next/static/chunks/1840-85f6a39ffe848586.js
07-01 09:36:06.563 D/AIQuotaLogin(23614): provider=glm resource=https://z.ai/_next/static/chunks/156-620d5eaa0de405b3.js
07-01 09:36:06.564 D/AIQuotaLogin(23614): provider=glm resource=https://z.ai/_next/static/chunks/7923-c1d174e27010fdea.js
07-01 09:36:06.565 D/AIQuotaLogin(23614): provider=glm resource=https://z.ai/_next/static/chunks/2687-3ab6788441360e84.js
07-01 09:36:06.565 D/VRI[GlmApiKeyActivity](23614): visibilityChanged oldVisibility=true newVisibility=false
07-01 09:36:06.565 D/AIQuotaLogin(23614): provider=glm resource=https://z.ai/_next/static/chunks/2719-ea0853b306e59c7a.js
07-01 09:36:06.566 D/AIQuotaLogin(23614): provider=glm resource=https://z.ai/_next/static/chunks/1898-a1832797cc46e1a6.js
07-01 09:36:06.566 D/AIQuotaLogin(23614): provider=glm resource=https://z.ai/_next/static/chunks/4945-ab7f1b51380da770.js
07-01 09:36:06.566 D/AIQuotaLogin(23614): provider=glm resource=https://z.ai/_next/static/chunks/3827-fc5e7c25854c8696.js
07-01 09:36:06.566 D/AIQuotaLogin(23614): provider=glm resource=https://z.ai/_next/static/chunks/6051-2d89bcc8bd48c3e0.js
07-01 09:36:06.567 D/AIQuotaLogin(23614): provider=glm resource=https://z.ai/_next/static/chunks/app/[locale]/layout-4a60927bd8cdc3cc.js
07-01 09:36:06.567 D/AIQuotaLogin(23614): provider=glm resource=https://z.ai/_next/static/chunks/2337-0720e5b49ccd9af0.js
07-01 09:36:06.568 D/AIQuotaLogin(23614): provider=glm resource=https://z.ai/_next/static/chunks/app/[locale]/error-dfcf8060dc2e423b.js
07-01 09:36:06.569 D/AIQuotaLogin(23614): provider=glm resource=https://z.ai/_next/static/chunks/3601-acc5a58b8f9dcb1f.js
07-01 09:36:06.585 D/CoreBackPreview(  692): Window{d74eb71 u0 com.aiquota.mobile/com.aiquota.mobile.providers.GlmApiKeyActivity}: Setting back callback null
07-01 09:36:07.072 D/AIQuotaLogin(23614): provider=glm resource=https://z-cdn.chatglm.cn/z-ai/static/logo.svg
07-01 09:36:08.080 I/AIQuotaLoginTiming(23614): glm pageFinished=2315ms host=z.ai
07-01 09:36:08.100 D/AIQuotaLogin(23614): provider=glm resource=https://z-cdn.chatglm.cn/z-ai/static/logo.svg
07-01 09:36:08.105 D/AIQuotaLogin(23614): provider=glm resource=https://z-cdn.chatglm.cn/z-ai/static/logo.svg
07-01 09:36:08.182 D/AIQuotaLoginConsole(23614): provider=glm consoleLevel=ERROR line=1
07-01 09:36:08.184 D/AIQuotaLoginConsole(23614): provider=glm consoleLevel=LOG line=1
07-01 09:36:08.185 D/AIQuotaLogin(23614): provider=glm resource=https://static.ads-twitter.com/uwt.js
07-01 09:36:08.194 D/AIQuotaLogin(23614): provider=glm resource=https://api.z.ai/api/biz/userBehaviorTracking
07-01 09:36:08.203 D/AIQuotaLogin(23614): provider=glm resource=https://z.ai/_next/static/chunks/890d931a.4a817e39733f763c.js
07-01 09:36:08.219 D/AIQuotaLogin(23614): provider=glm resource=https://z.ai/favicon.ico
07-01 09:36:08.226 D/AIQuotaLogin(23614): provider=glm resource=https://z-cdn.chatglm.cn/z-ai/static/logo.svg
07-01 09:36:08.267 D/AIQuotaLogin(23614): provider=glm resource=https://z-cdn.chatglm.cn/z-ai/static/logo.svg
07-01 09:36:08.267 D/AIQuotaLogin(23614): provider=glm resource=https://z-cdn.chatglm.cn/z-ai/static/logo.svg
07-01 09:36:08.267 D/AIQuotaLogin(23614): provider=glm resource=https://z-cdn.chatglm.cn/z-ai/static/logo.svg
07-01 09:36:08.268 D/AIQuotaLogin(23614): provider=glm resource=https://z-cdn.chatglm.cn/z-ai/static/logo.svg
07-01 09:36:08.269 D/AIQuotaLogin(23614): provider=glm resource=https://z-cdn.chatglm.cn/z-ai/static/logo.svg
07-01 09:36:08.346 E/AIQuotaLogin(23614): provider=glm http status=404 url=https://z.ai/favicon.ico
07-01 09:36:08.398 D/AIQuotaLogin(23614): provider=glm resource=https://www.google.com/measurement/conversion?keys=random|cv|tid|fst|fmt|en|gtm|gcd|dma|tag_exp|u_w|u_h
07-01 09:36:08.409 D/AIQuotaLogin(23614): provider=glm resource=https://www.google.com/measurement/conversion?keys=random|cv|tid|fst|fmt|en|gtm|gcd|dma|tag_exp|u_w|u_h
07-01 09:36:08.418 D/AIQuotaLogin(23614): provider=glm resource=https://www.google.com/measurement/conversion?keys=random|cv|tid|fst|fmt|en|gtm|gcd|dma|tag_exp|u_w|u_h
07-01 09:36:08.428 D/AIQuotaLogin(23614): provider=glm resource=https://analytics.google.com/g/collect?keys=v|tid|gtm|_p|_gaz|gcd|npa|dma|_eu|_prs|are|cid
07-01 09:36:08.429 D/AIQuotaLogin(23614): provider=glm resource=https://stats.g.doubleclick.net/g/collect?keys=v|tid|cid|gtm|rcb|aip|dma|gcd|npa|frm|tag_exp
07-01 09:36:08.434 D/AIQuotaLogin(23614): provider=glm resource=https://www.google.co.kr/ads/ga-audiences?keys=v|t|slf_rd|_r|tid|cid|gtm|rcb|aip|dma|gcd|npa
07-01 09:36:08.458 D/AIQuotaLoginConsole(23614): provider=glm consoleLevel=LOG line=1
07-01 09:36:08.483 D/AIQuotaLogin(23614): provider=glm resource=https://z.ai/_next/static/chunks/5790.f420ee43326e4de6.js
07-01 09:36:08.505 D/AIQuotaLoginConsole(23614): provider=glm consoleLevel=LOG line=1
07-01 09:36:08.625 D/AIQuotaLogin(23614): provider=glm resource=https://z.ai/_next/static/chunks/9055.f0419cf9f6e84e2f.js
07-01 09:36:08.668 D/AIQuotaLogin(23614): provider=glm resource=https://app.adjust.com/session
07-01 09:36:08.790 D/AIQuotaLogin(23614): provider=glm resource=https://z.ai/_next/static/chunks/7548.e88af7e489a315c4.js
07-01 09:36:08.842 D/AIQuotaLogin(23614): provider=glm resource=https://t.co/1/i/adsct?keys=bci|dv|eci|event|event_id|integration|p_id|p_user_id|pl_id|pt|tw_document_href|tw_iframe_status
07-01 09:36:08.843 D/AIQuotaLogin(23614): provider=glm resource=https://analytics.twitter.com/1/i/adsct?keys=bci|dv|eci|event|event_id|integration|p_id|p_user_id|pl_id|pt|tw_document_href|tw_iframe_status
07-01 09:36:08.873 D/AIQuotaLogin(23614): provider=glm resource=https://api.z.ai/api/biz/userBehaviorTracking
07-01 09:36:08.938 D/AIQuotaLogin(23614): provider=glm resource=https://z.ai/_next/static/chunks/3561.b9904dbd20245696.js
07-01 09:36:09.072 D/AIQuotaLogin(23614): provider=glm resource=https://z.ai/_next/static/chunks/2083.2db3b12f0db8ca4a.js
07-01 09:36:09.275 D/AIQuotaLogin(23614): provider=glm resource=https://zhipuaishengchan.datasink.sensorsdata.cn/sa.gif?keys=project|token|data|ext
07-01 09:36:09.275 D/AIQuotaLogin(23614): provider=glm resource=https://zhipuaishengchan.datasink.sensorsdata.cn/sa.gif?keys=project|token|data|ext
07-01 09:36:09.276 D/AIQuotaLogin(23614): provider=glm resource=https://zhipuaishengchan.datasink.sensorsdata.cn/sa.gif?keys=project|token|data|ext
07-01 09:36:09.805 D/AIQuotaLogin(23614): provider=glm resource=https://app.adjust.com/session
07-01 09:36:10.536 D/AIQuotaLogin(23614): provider=glm resource=https://app.adjust.com/event
07-01 09:36:10.823 D/AIQuotaLogin(23614): provider=glm resource=https://app.adjust.com/event
07-01 09:36:12.377 D/AIQuotaLogin(23614): provider=glm resource=https://app.adjust.com/attribution?keys=token|environment|created_at|sent_at|web_uuid|platform|language|country|machine_type|queue_size|attempts|initiated_by
07-01 09:36:12.729 D/AIQuotaLogin(23614): provider=glm resource=https://analytics.twitter.com/i/adsct?keys=bci|cv|dv|eci|event_id|events|integration|p_id|p_user_id|pl_id|pt|tw_document_href
07-01 09:36:12.729 D/AIQuotaLogin(23614): provider=glm resource=https://t.co/i/adsct?keys=bci|cv|dv|eci|event_id|events|integration|p_id|p_user_id|pl_id|pt|tw_document_href
07-01 09:36:12.751 D/AIQuotaLogin(23614): provider=glm resource=https://zhipuaishengchan.datasink.sensorsdata.cn/sa.gif?keys=project|token|data|ext
07-01 09:36:12.854 D/AIQuotaLogin(23614): provider=glm resource=https://z.ai/model-api?keys=_rsc
07-01 09:36:12.869 D/AIQuotaLogin(23614): provider=glm resource=https://z.ai/subscribe?keys=_rsc
07-01 09:36:12.886 D/AIQuotaLogin(23614): provider=glm resource=https://z.ai/contact?keys=_rsc
07-01 09:36:12.943 D/AIQuotaLogin(23614): provider=glm resource=https://app.adjust.com/attribution?keys=token|environment|created_at|sent_at|web_uuid|platform|language|country|machine_type|queue_size|attempts|initiated_by
07-01 09:36:13.013 D/AIQuotaLogin(23614): provider=glm resource=https://z.ai/_next/static/chunks/2195-4bf8223423f19122.js
07-01 09:36:13.019 D/AIQuotaLogin(23614): provider=glm resource=https://z.ai/_next/static/chunks/app/[locale]/model-api/page-242713f2fbff739d.js
07-01 09:36:13.021 D/AIQuotaLogin(23614): provider=glm resource=https://z.ai/_next/static/css/ef46db3751d8e999.css
07-01 09:36:13.026 D/AIQuotaLogin(23614): provider=glm resource=https://z.ai/_next/static/chunks/9015-4281c40ef624955e.js
07-01 09:36:13.027 D/AIQuotaLogin(23614): provider=glm resource=https://z.ai/_next/static/chunks/8967-3fa604aa27844de5.js
07-01 09:36:13.027 D/AIQuotaLogin(23614): provider=glm resource=https://z.ai/_next/static/chunks/2259-e305b0977b430e98.js
07-01 09:36:13.031 D/AIQuotaLogin(23614): provider=glm resource=https://z.ai/_next/static/chunks/1928-7ff7a801c5d22cb0.js
07-01 09:36:13.032 D/AIQuotaLogin(23614): provider=glm resource=https://z.ai/_next/static/chunks/5815-3a5050b4de863dbf.js
07-01 09:36:13.033 D/AIQuotaLogin(23614): provider=glm resource=https://z.ai/_next/static/chunks/app/[locale]/subscribe/page-4586e3e319c959a8.js
07-01 09:36:13.033 D/AIQuotaLogin(23614): provider=glm resource=https://z.ai/_next/static/css/0ca85ee141f2531f.css
07-01 09:36:13.034 D/AIQuotaLogin(23614): provider=glm resource=https://z.ai/_next/static/css/658fef592074c947.css
07-01 09:36:13.039 D/AIQuotaLogin(23614): provider=glm resource=https://z.ai/_next/static/chunks/app/[locale]/contact/page-2072094b7026d912.js
07-01 09:36:13.514 D/AIQuotaLoginConsole(23614): provider=glm consoleLevel=LOG line=1
07-01 09:36:13.827 D/AIQuotaLogin(23614): provider=glm resource=https://analytics.twitter.com/i/adsct?keys=bci|cv|dv|eci|event_id|events|integration|p_id|p_user_id|pl_id|pt|tw_document_href
07-01 09:36:13.828 D/AIQuotaLogin(23614): provider=glm resource=https://t.co/i/adsct?keys=bci|cv|dv|eci|event_id|events|integration|p_id|p_user_id|pl_id|pt|tw_document_href
07-01 09:36:13.848 D/AIQuotaLogin(23614): provider=glm resource=https://zhipuaishengchan.datasink.sensorsdata.cn/sa.gif?keys=project|token|data|ext
07-01 09:36:15.870 D/AIQuotaLogin(23614): provider=glm resource=https://zhipuaishengchan.datasink.sensorsdata.cn/sa.gif?keys=project|token|data|ext
07-01 09:36:15.870 D/AIQuotaLogin(23614): provider=glm resource=https://zhipuaishengchan.datasink.sensorsdata.cn/sa.gif?keys=project|token|data|ext
07-01 09:36:15.871 D/AIQuotaLogin(23614): provider=glm navigate=https://chat.z.ai/auth?keys=response_type|client_id|redirect_uri|state
07-01 09:36:15.880 D/AIQuotaLogin(23614): provider=glm resource=https://chat.z.ai/auth?keys=response_type|client_id|redirect_uri|state
07-01 09:36:17.240 D/AIQuotaLogin(23614): provider=glm resource=https://www.google.com/measurement/conversion?keys=random|cv|tid|fst|fmt|en|gtm|gcd|dma|tag_exp|u_w|u_h
07-01 09:36:17.248 D/AIQuotaLogin(23614): provider=glm resource=https://analytics.google.com/g/collect?keys=v|tid|gtm|_p|gcd|npa|dma|_eu|_prs|are|cid|frm
07-01 09:36:17.251 D/AIQuotaLogin(23614): provider=glm resource=https://www.google.com/g/collect?keys=v|tid|gtm|_p|gcd|npa|dma|_eu|_prs|are|cid|frm
07-01 09:36:17.260 D/AIQuotaLogin(23614): provider=glm resource=https://www.googletagmanager.com/gtag/js?keys=id
07-01 09:36:17.261 D/AIQuotaLogin(23614): provider=glm resource=https://z-cdn.chatglm.cn/z-ai/frontend/prod-fe-1.1.69/assets/index-MdKIpKXt.js
07-01 09:36:17.261 D/AIQuotaLogin(23614): provider=glm resource=https://z-cdn.chatglm.cn/z-ai/frontend/prod-fe-1.1.69/assets/index-CyqhDp8-.css
07-01 09:36:17.263 D/AIQuotaLoginConsole(23614): provider=glm consoleLevel=LOG line=223
07-01 09:36:17.264 D/AIQuotaLoginConsole(23614): provider=glm consoleLevel=LOG line=227
07-01 09:36:17.264 D/AIQuotaLoginConsole(23614): provider=glm consoleLevel=LOG line=227
07-01 09:36:17.264 D/AIQuotaLoginConsole(23614): provider=glm consoleLevel=LOG line=227
07-01 09:36:17.264 D/AIQuotaLoginConsole(23614): provider=glm consoleLevel=LOG line=227
07-01 09:36:17.264 D/AIQuotaLoginConsole(23614): provider=glm consoleLevel=LOG line=227
07-01 09:36:17.264 D/AIQuotaLoginConsole(23614): provider=glm consoleLevel=LOG line=227
07-01 09:36:17.264 D/AIQuotaLoginConsole(23614): provider=glm consoleLevel=LOG line=229
07-01 09:36:17.264 D/AIQuotaLoginConsole(23614): provider=glm consoleLevel=LOG line=233
07-01 09:36:17.264 D/AIQuotaLoginConsole(23614): provider=glm consoleLevel=LOG line=237
07-01 09:36:17.264 D/AIQuotaLoginConsole(23614): provider=glm consoleLevel=LOG line=241
07-01 09:36:17.264 D/AIQuotaLoginConsole(23614): provider=glm consoleLevel=LOG line=246
07-01 09:36:17.264 D/AIQuotaLoginConsole(23614): provider=glm consoleLevel=LOG line=247
07-01 09:36:17.265 D/AIQuotaLoginConsole(23614): provider=glm consoleLevel=LOG line=252
07-01 09:36:17.265 D/AIQuotaLoginConsole(23614): provider=glm consoleLevel=LOG line=256
07-01 09:36:17.270 D/AIQuotaLogin(23614): provider=glm resource=https://o.alicdn.com/frontend-lib/common-lib/jquery.min.js
07-01 09:36:17.388 D/AIQuotaLogin(23614): provider=glm resource=https://artifacts-cdn.chatglm.site/https://fonts.googleapis.com/css2?keys=family|display
07-01 09:36:17.657 D/AIQuotaLogin(23614): provider=glm resource=https://www.google.com/measurement/conversion?keys=random|cv|tid|fst|fmt|en|gtm|gcd|dma|tag_exp|u_w|u_h
07-01 09:36:17.669 D/AIQuotaLogin(23614): provider=glm resource=https://analytics.google.com/g/collect?keys=v|tid|gtm|_p|_gaz|gcd|npa|dma|_eu|_prs|are|cid
07-01 09:36:17.670 D/AIQuotaLogin(23614): provider=glm resource=https://stats.g.doubleclick.net/g/collect?keys=v|tid|cid|gtm|rcb|aip|dma|gcd|npa|frm|tag_exp
07-01 09:36:17.671 D/AIQuotaLogin(23614): provider=glm resource=https://www.google.co.kr/ads/ga-audiences?keys=v|t|slf_rd|_r|tid|cid|gtm|rcb|aip|dma|gcd|npa
07-01 09:36:18.244 D/AIQuotaLogin(23614): provider=glm resource=https://sdk.rum.aliyuncs.com/v2/browser-sdk.js
07-01 09:36:18.245 D/AIQuotaLogin(23614): provider=glm resource=https://chat.z.ai/api/v1/auths/
07-01 09:36:18.245 D/AIQuotaLogin(23614): provider=glm resource=https://chat.z.ai/api/config
07-01 09:36:18.246 D/AIQuotaLogin(23614): provider=glm resource=https://chat.z.ai/api/models
07-01 09:36:18.247 D/AIQuotaLogin(23614): provider=glm resource=https://chat.z.ai/api/v1/users/user/settings
07-01 09:36:18.333 D/AIQuotaLogin(23614): provider=glm resource=https://z-cdn.chatglm.cn/z-ai/frontend/prod-fe-1.1.69/assets/LoginLogo-DhAdmjOX.js
07-01 09:36:18.462 D/AIQuotaLoginConsole(23614): provider=glm consoleLevel=LOG line=1
07-01 09:36:18.462 D/AIQuotaLoginConsole(23614): provider=glm consoleLevel=TIP line=1
07-01 09:36:18.485 D/AIQuotaLogin(23614): provider=glm resource=https://z-cdn.chatglm.cn/z-ai/frontend/prod-fe-1.1.69/assets/_page-gEiZdPUV.js
07-01 09:36:18.486 D/AIQuotaLogin(23614): provider=glm resource=https://z-cdn.chatglm.cn/z-ai/frontend/prod-fe-1.1.69/assets/_page-B7LNmu9i.css
07-01 09:36:18.546 D/AIQuotaLogin(23614): provider=glm resource=https://chat.z.ai/api/v1/users/user/settings/update
07-01 09:36:18.558 D/AIQuotaLoginConsole(23614): provider=glm consoleLevel=LOG line=1
07-01 09:36:18.564 D/AIQuotaLogin(23614): provider=glm resource=https://sdata.chatglm.cn/frontend/zai/e.gif?keys=pd|bt|tm|ct|ctvl|usid|fr|pvid|_n_is_guest|url|ctnm|extra
07-01 09:36:18.575 D/AIQuotaLogin(23614): provider=glm resource=https://z-cdn.chatglm.cn/z-ai/static/logo.svg
07-01 09:36:18.579 D/AIQuotaLogin(23614): provider=glm resource=https://z-cdn.chatglm.cn/z-ai/static/fonts/Geist[wght].ttf
07-01 09:36:18.585 D/AIQuotaLogin(23614): provider=glm resource=https://z-cdn.chatglm.cn/z-ai/static/logo.svg
07-01 09:36:18.590 D/AIQuotaLogin(23614): provider=glm resource=https://z-cdn.chatglm.cn/z-ai/static/logo.svg
07-01 09:36:18.712 E/AIQuotaLogin(23614): provider=glm http status=422 url=https://chat.z.ai/api/v1/users/user/settings/update
07-01 09:36:18.723 D/AIQuotaLoginConsole(23614): provider=glm consoleLevel=LOG line=62
07-01 09:36:18.723 D/AIQuotaLoginConsole(23614): provider=glm consoleLevel=ERROR line=62
07-01 09:36:19.549 D/AIQuotaLogin(23614): provider=glm resource=https://k8s-log-c1f874a604cb64b29bb69219c8faaf8b7.cn-hongkong.log.aliyuncs.com/logstores/prod-open-webui-frontend/track?keys=APIVersion
07-01 09:36:21.950 D/AIQuotaLogin(23614): provider=glm resource=https://j2c03hoppk-default-cn.rum.aliyuncs.com/
07-01 09:36:22.701 D/AIQuotaLogin(23614): provider=glm resource=https://analytics.google.com/g/collect?keys=v|tid|gtm|_p|gcd|npa|dma|_eu|ae|are|cid|frm
07-01 09:36:23.782 D/AIQuotaLogin(23614): provider=glm resource=https://sdata.chatglm.cn/frontend/zai/e.gif?keys=pd|bt|tm|ct|ctvl|usid|fr|pvid|_n_is_guest|url|ctnm|extra
07-01 09:36:25.988 D/AIQuotaLogin(23614): provider=glm resource=https://j2c03hoppk-default-cn.rum.aliyuncs.com/
07-01 09:37:27.490 D/AIQuotaNativeUsage(23614): nativeUsage provider=claude ok=true diagnostic=ok statuses=claude.ai/api/organizations:200:|claude.ai/api/account_profile:200:|claude.ai/api/organizations/6d7e7f53-6216-45b3-93bb-764f73f98c92/subscription_details:200:|claude.ai/api/organizations/6d7e7f53-6216-45b3-93bb-764f73f98c92/usage:200:
07-01 09:37:32.107 D/AIQuotaNativeUsage(23614): nativeUsage provider=codex ok=true diagnostic=ok statuses=chatgpt.com/api/auth/session:403:|chatgpt.com/backend-api/me:403:|chatgpt.com/backend-api/accounts/check/v4-2023-04-27:403:|chatgpt.com/backend-api/subscriptions:403:|chatgpt.com/backend-api/wham/usage:200:
07-01 09:37:32.289 D/AIQuotaNativeUsage(23614): nativeUsage provider=gemini ok=false diagnostic=gemini_usage_cookie_unavailable statuses=
07-01 09:37:38.452 D/AIQuotaNativeUsage(23614): nativeUsage provider=copilot ok=true diagnostic=copilot_usage_unavailable statuses=
07-01 09:38:26.244 D/AIQuotaNativeUsage(23614): nativeUsage provider=claude ok=true diagnostic=ok statuses=claude.ai/api/organizations:200:|claude.ai/api/account_profile:200:|claude.ai/api/organizations/6d7e7f53-6216-45b3-93bb-764f73f98c92/subscription_details:200:|claude.ai/api/organizations/6d7e7f53-6216-45b3-93bb-764f73f98c92/usage:200:
07-01 09:38:31.972 D/AIQuotaNativeUsage(23614): nativeUsage provider=codex ok=true diagnostic=ok statuses=chatgpt.com/api/auth/session:403:|chatgpt.com/backend-api/me:403:|chatgpt.com/backend-api/accounts/check/v4-2023-04-27:403:|chatgpt.com/backend-api/subscriptions:403:|chatgpt.com/backend-api/wham/usage:200:
07-01 09:38:32.154 D/AIQuotaNativeUsage(23614): nativeUsage provider=gemini ok=false diagnostic=gemini_usage_cookie_unavailable statuses=
07-01 09:38:37.546 D/AIQuotaNativeUsage(23614): nativeUsage provider=copilot ok=true diagnostic=copilot_usage_unavailable statuses=
07-01 09:39:25.983 D/AIQuotaNativeUsage(23614): nativeUsage provider=claude ok=true diagnostic=ok statuses=claude.ai/api/organizations:200:|claude.ai/api/account_profile:200:|claude.ai/api/organizations/6d7e7f53-6216-45b3-93bb-764f73f98c92/subscription_details:200:|claude.ai/api/organizations/6d7e7f53-6216-45b3-93bb-764f73f98c92/usage:200:
07-01 09:39:31.139 D/AIQuotaNativeUsage(23614): nativeUsage provider=codex ok=true diagnostic=ok statuses=chatgpt.com/api/auth/session:403:|chatgpt.com/backend-api/me:403:|chatgpt.com/backend-api/accounts/check/v4-2023-04-27:403:|chatgpt.com/backend-api/subscriptions:403:|chatgpt.com/backend-api/wham/usage:200:
07-01 09:39:31.321 D/AIQuotaNativeUsage(23614): nativeUsage provider=gemini ok=false diagnostic=gemini_usage_cookie_unavailable statuses=
07-01 09:39:36.984 D/AIQuotaNativeUsage(23614): nativeUsage provider=copilot ok=true diagnostic=copilot_usage_unavailable statuses=
07-01 09:40:09.367 D/AIQuotaLogin(23614): provider=glm resource=https://www.google.com/measurement/conversion?keys=random|cv|tid|fst|fmt|en|gtm|gcd|dma|tag_exp|u_w|u_h
07-01 09:40:09.394 D/AIQuotaLogin(23614): provider=glm resource=https://analytics.google.com/g/collect?keys=v|tid|gtm|_p|_gaz|gcd|npa|dma|_eu|_prs|are|cid
07-01 09:40:09.413 D/AIQuotaLogin(23614): provider=glm resource=https://sdata.chatglm.cn/frontend/zai/e.gif?keys=pd|bt|tm|ct|ctvl|usid|fr|pvid|_n_is_guest|url|ctnm|extra
07-01 09:40:09.413 D/AIQuotaLogin(23614): provider=glm navigate=https://chat.z.ai/oauth/google/login?keys=t
07-01 09:40:09.413 D/AIQuotaLogin(23614): provider=glm resource=https://www.google.co.kr/ads/ga-audiences?keys=v|t|slf_rd|_r|tid|cid|gtm|rcb|aip|dma|gcd|npa
07-01 09:40:09.421 D/AIQuotaLogin(23614): provider=glm resource=https://chat.z.ai/oauth/google/login?keys=t
07-01 09:40:09.865 D/AIQuotaLogin(23614): provider=glm navigate=https://accounts.google.com/o/oauth2/v2/auth?keys=client_id|redirect_uri|response_type|scope|state
07-01 09:40:10.512 D/AIQuotaLogin(23614): provider=glm resource=https://sdata.chatglm.cn/frontend/zai/e.gif?keys=pd|bt|tm|ct|ctvl|usid|fr|pvid|_n_is_guest|url|ctnm|extra
07-01 09:40:10.844 D/AIQuotaLogin(23614): provider=glm navigate=https://accounts.google.com/v3/signin/accountchooser?keys=client_id|redirect_uri|response_type|scope|state|dsh|o2v|service|flowName|opparams|continue|app_domain
07-01 09:40:11.044 D/AIQuotaLogin(23614): provider=glm resource=https://analytics.google.com/g/collect?keys=v|tid|gtm|_p|gcd|npa|dma|_eu|are|cid|frm|pscdl
07-01 09:40:11.054 D/AIQuotaLogin(23614): provider=glm resource=https://j2c03hoppk-default-cn.rum.aliyuncs.com/
07-01 09:40:11.065 D/AIQuotaLogin(23614): provider=glm resource=https://www.google.com/g/collect?keys=v|tid|gtm|_p|gcd|npa|dma|_eu|are|cid|frm|pscdl
07-01 09:40:11.106 D/AIQuotaLogin(23614): provider=glm resource=https://www.gstatic.com/_/mss/boq-identity/_/js/k=boq-identity.AccountsSignInUi.ko.ticPTkoOtf8.es5.O/am=EQUAAICBopABwPj__wEACCDIdsD3LIAmQMgAAAAAAAAAAIAFAABoBA/d=1/excm=_b,_tp,accountchooserview/ed=1/dg=0/wt=2/ujg=1/rs=AOaEmlFedVZ97aOM_DiabN4WnplHRIUJAw/dti=1/m=_b,_tp
07-01 09:40:11.108 D/AIQuotaLogin(23614): provider=glm resource=https://lh3.googleusercontent.com/-o8hPA4yG9Yw/AAAAAAAAAAI/AAAAAAAAAAA/ALKGfklirqZ-Se37m_SpD2kxzJMVCE2PPQ/s128-c/photo.jpg
07-01 09:40:11.154 D/AIQuotaLogin(23614): provider=glm resource=https://fonts.gstatic.com/s/googlesans/v62/4UaRrENHsxJlGDuGo1OIlJfC6l_24rlCK1Yo_Iq2vgCIhM907w.woff2
07-01 09:40:11.463 D/AIQuotaLogin(23614): provider=glm resource=https://www.gstatic.com/_/mss/boq-identity/_/js/k=boq-identity.AccountsSignInUi.ko.ticPTkoOtf8.es5.O/ck=boq-identity.AccountsSignInUi.QcDDMch8E_g.L.B1.O/am=EQUAAICBopABwPj__wEACCDIdsD3LIAmQMgAAAAAAAAAAIAFAABoBA/d=1/exm=_b,_tp/excm=_b,_tp,accountchooserview/ed=1/wt=2/ujg=1/rs=AOaEmlFeyPUtUNKHp5ThOC3WjK7h-ULeqA/ee=ASJRFf:DAnQ7e;Al0B8:kibjWe;DaIJ8c:iAskyc;EVNhjf:pw70Gc;EkYFhd:GwYlN;EmZ2Bf:zr1jrb;JsbNhc:Xd8iUd;K5nYTd:ZDZcre;LBgRLc:XVMNvd;Me32dd:MEeYgc;NJ1rfe:yGfSdd;NPKaK:PVlQOd;NSEoX:lazG7b;Pjplud:EEDORb;QGR0gd:Mlhmy;Qi0VDf:vUyhef;SMDL4c:K0PMbc;SNUn3:ZwDk9d;ScI3Yc:e7Hzgb;UpnZUd:nnwwYc;Uvc8o:VDovNc;UyjXyd:qXkWrc;VlRiDf:j7ZRif;XdiAjb:NLiXbe;YIZmRd:A1yn5d;a56pNe:JEfCwb;cEt90b:ws9Tlc;dIoSBb:SpsfSb;dowIGb:ebZ3mb;eBAeSb:zbML3c;iFQyKf:vfuNJf;lGvXed:Gtn19d;lOO0Vd:OTA3Ae;nTuGK:JKNPM;oGtAuc:sOXFj;oSUNyd:K0PMbc;oXZmbc:tUnxGc;pXdRYb:L9OGUe;qQEoOc:KUM7Z;qafBPd:yDVVkb;qddgKe:xQtZb;sHdTOe:nSePib;twueg:ouk7y;vNjB7d:YTxL4;wR5FRb:siKnQd;wc73nd:kqeOEd;yxTchf:KUM7Z/dti=1/m=byfTOb,lsjVmc,LEikZe
07-01 09:40:11.471 D/AIQuotaLogin(23614): provider=glm resource=https://www.gstatic.com/_/mss/boq-identity/_/js/k=boq-identity.AccountsSignInUi.ko.ticPTkoOtf8.es5.O/ck=boq-identity.AccountsSignInUi.QcDDMch8E_g.L.B1.O/am=EQUAAICBopABwPj__wEACCDIdsD3LIAmQMgAAAAAAAAAAIAFAABoBA/d=1/exm=LEikZe,_b,_tp,byfTOb,lsjVmc/excm=_b,_tp,accountchooserview/ed=1/wt=2/ujg=1/rs=AOaEmlFeyPUtUNKHp5ThOC3WjK7h-ULeqA/ee=ASJRFf:DAnQ7e;Al0B8:kibjWe;DaIJ8c:iAskyc;EVNhjf:pw70Gc;EkYFhd:GwYlN;EmZ2Bf:zr1jrb;JsbNhc:Xd8iUd;K5nYTd:ZDZcre;LBgRLc:XVMNvd;Me32dd:MEeYgc;NJ1rfe:yGfSdd;NPKaK:PVlQOd;NSEoX:lazG7b;Pjplud:EEDORb;QGR0gd:Mlhmy;Qi0VDf:vUyhef;SMDL4c:K0PMbc;SNUn3:ZwDk9d;ScI3Yc:e7Hzgb;UpnZUd:nnwwYc;Uvc8o:VDovNc;UyjXyd:qXkWrc;VlRiDf:j7ZRif;XdiAjb:NLiXbe;YIZmRd:A1yn5d;a56pNe:JEfCwb;cEt90b:ws9Tlc;dIoSBb:SpsfSb;dowIGb:ebZ3mb;eBAeSb:zbML3c;iFQyKf:vfuNJf;lGvXed:Gtn19d;lOO0Vd:OTA3Ae;nTuGK:JKNPM;oGtAuc:sOXFj;oSUNyd:K0PMbc;oXZmbc:tUnxGc;pXdRYb:L9OGUe;qQEoOc:KUM7Z;qafBPd:yDVVkb;qddgKe:xQtZb;sHdTOe:nSePib;twueg:ouk7y;vNjB7d:YTxL4;wR5FRb:siKnQd;wc73nd:kqeOEd;yxTchf:KUM7Z/dti=1/m=n73qwf,SCuOPb,IZT63,YYmHzb,vfuNJf,UUJqVe,ws9Tlc,KUM7Z,siKnQd,gJzDyc,cciGGe,m9oV,vjKJJ,y5vRwf,DqMihc,K1ZKnb,ZSzced,Lic2t,SD8Jgb,Kg5Hhf,t2srLd,z0u0L,xiZRqc,L9OGUe,PrPYRd,MpJwZc,cYShmd,hc6Ubd,inNHtf,oLggrd,eWuMIe,WpP9Yc,xQtZb,lwddkf,SpsfSb,tUnxGc,EFQ78c,zbML3c,zr1jrb,vHEMJe,YTxL4,YHI3We,Uas9Hd,zy0vNb,K0PMbc,MY7mZe,qmdT9,GwYlN,NLiXbe,LDQI
07-01 09:40:11.476 D/AIQuotaLoginConsole(23614): provider=glm consoleLevel=LOG line=551
07-01 09:40:11.479 D/AIQuotaLogin(23614): provider=glm resource=https://www.gstatic.com/_/mss/boq-identity/_/js/k=boq-identity.AccountsSignInUi.ko.ticPTkoOtf8.es5.O/ck=boq-identity.AccountsSignInUi.QcDDMch8E_g.L.B1.O/am=EQUAAICBopABwPj__wEACCDIdsD3LIAmQMgAAAAAAAAAAIAFAABoBA/d=1/exm=DqMihc,EFQ78c,GwYlN,IZT63,K0PMbc,K1ZKnb,KUM7Z,Kg5Hhf,L9OGUe,LDQI,LEikZe,Lic2t,MY7mZe,MpJwZc,NLiXbe,PrPYRd,SCuOPb,SD8Jgb,SpsfSb,UUJqVe,Uas9Hd,WpP9Yc,YHI3We,YTxL4,YYmHzb,ZSzced,_b,_tp,byfTOb,cYShmd,cciGGe,eWuMIe,gJzDyc,hc6Ubd,inNHtf,lsjVmc,lwddkf,m9oV,n73qwf,oLggrd,qmdT9,siKnQd,t2srLd,tUnxGc,vHEMJe,vfuNJf,vjKJJ,ws9Tlc,xQtZb,xiZRqc,y5vRwf,z0u0L,zbML3c,zr1jrb,zy0vNb/excm=_b,_tp,accountchooserview/ed=1/wt=2/ujg=1/rs=AOaEmlFeyPUtUNKHp5ThOC3WjK7h-ULeqA/ee=ASJRFf:DAnQ7e;Al0B8:kibjWe;DaIJ8c:iAskyc;EVNhjf:pw70Gc;EkYFhd:GwYlN;EmZ2Bf:zr1jrb;JsbNhc:Xd8iUd;K5nYTd:ZDZcre;LBgRLc:XVMNvd;Me32dd:MEeYgc;NJ1rfe:yGfSdd;NPKaK:PVlQOd;NSEoX:lazG7b;Pjplud:EEDORb;QGR0gd:Mlhmy;Qi0VDf:vUyhef;SMDL4c:K0PMbc;SNUn3:ZwDk9d;ScI3Yc:e7Hzgb;UpnZUd:nnwwYc;Uvc8o:VDovNc;UyjXyd:qXkWrc;VlRiDf:j7ZRif;XdiAjb:NLiXbe;YIZmRd:A1yn5d;a56pNe:JEfCwb;cEt90b:ws9Tlc;dIoSBb:SpsfSb;dowIGb:ebZ3mb;eBAeSb:zbML3c;iFQyKf:vfuNJf;lGvXed:Gtn19d;lOO0Vd:OTA3Ae;nTuGK:JKNPM;oGtAuc:sOXFj;oSUNyd:K0PMbc;oXZmbc:tUnxGc;pXdRYb:L9OGUe;qQEoOc:KUM7Z;qafBPd:yDVVkb;qddgKe:xQtZb;sHdTOe:nSePib;twueg:ouk7y;vNjB7d:YTxL4;wR5FRb:siKnQd;wc73nd:kqeOEd;yxTchf:KUM7Z/dti=1/m=UMu52b,rmumx,E87wgc,MDFeYd,qPYxq,Tbb4sb,YgOFye,oqkvIf,aXwZ4c,soHxf,yRXbo,bTi8wc,ywOR5c,PHUIyb
07-01 09:40:11.480 D/AIQuotaLoginConsole(23614): provider=glm consoleLevel=LOG line=551
07-01 09:40:11.712 D/AIQuotaLogin(23614): provider=glm resource=https://www.gstatic.com/_/mss/boq-identity/_/js/k=boq-identity.AccountsSignInUi.ko.ticPTkoOtf8.es5.O/ck=boq-identity.AccountsSignInUi.QcDDMch8E_g.L.B1.O/am=EQUAAICBopABwPj__wEACCDIdsD3LIAmQMgAAAAAAAAAAIAFAABoBA/d=1/exm=DqMihc,E87wgc,EFQ78c,GwYlN,IZT63,K0PMbc,K1ZKnb,KUM7Z,Kg5Hhf,L9OGUe,LDQI,LEikZe,Lic2t,MDFeYd,MY7mZe,MpJwZc,NLiXbe,PHUIyb,PrPYRd,SCuOPb,SD8Jgb,SpsfSb,Tbb4sb,UMu52b,UUJqVe,Uas9Hd,WpP9Yc,YHI3We,YTxL4,YYmHzb,YgOFye,ZSzced,_b,_tp,aXwZ4c,bTi8wc,byfTOb,cYShmd,cciGGe,eWuMIe,gJzDyc,hc6Ubd,inNHtf,lsjVmc,lwddkf,m9oV,n73qwf,oLggrd,oqkvIf,qPYxq,qmdT9,rmumx,siKnQd,soHxf,t2srLd,tUnxGc,vHEMJe,vfuNJf,vjKJJ,ws9Tlc,xQtZb,xiZRqc,y5vRwf,yRXbo,ywOR5c,z0u0L,zbML3c,zr1jrb,zy0vNb/excm=_b,_tp,accountchooserview/ed=1/wt=2/ujg=1/rs=AOaEmlFeyPUtUNKHp5ThOC3WjK7h-ULeqA/ee=ASJRFf:DAnQ7e;Al0B8:kibjWe;DaIJ8c:iAskyc;EVNhjf:pw70Gc;EkYFhd:GwYlN;EmZ2Bf:zr1jrb;JsbNhc:Xd8iUd;K5nYTd:ZDZcre;LBgRLc:XVMNvd;Me32dd:MEeYgc;NJ1rfe:yGfSdd;NPKaK:PVlQOd;NSEoX:lazG7b;Pjplud:EEDORb;QGR0gd:Mlhmy;Qi0VDf:vUyhef;SMDL4c:K0PMbc;SNUn3:ZwDk9d;ScI3Yc:e7Hzgb;UpnZUd:nnwwYc;Uvc8o:VDovNc;UyjXyd:qXkWrc;VlRiDf:j7ZRif;XdiAjb:NLiXbe;YIZmRd:A1yn5d;a56pNe:JEfCwb;cEt90b:ws9Tlc;dIoSBb:SpsfSb;dowIGb:ebZ3mb;eBAeSb:zbML3c;iFQyKf:vfuNJf;lGvXed:Gtn19d;lOO0Vd:OTA3Ae;nTuGK:JKNPM;oGtAuc:sOXFj;oSUNyd:K0PMbc;oXZmbc:tUnxGc;pXdRYb:L9OGUe;qQEoOc:KUM7Z;qafBPd:yDVVkb;qddgKe:xQtZb;sHdTOe:nSePib;twueg:ouk7y;vNjB7d:YTxL4;wR5FRb:siKnQd;wc73nd:kqeOEd;yxTchf:KUM7Z/dti=1/m=p3hmRc,LvGhrf,RqjULd
07-01 09:40:11.746 D/AIQuotaLogin(23614): provider=glm resource=https://www.gstatic.com/_/mss/boq-identity/_/js/k=boq-identity.AccountsSignInUi.ko.ticPTkoOtf8.es5.O/ck=boq-identity.AccountsSignInUi.QcDDMch8E_g.L.B1.O/am=EQUAAICBopABwPj__wEACCDIdsD3LIAmQMgAAAAAAAAAAIAFAABoBA/d=1/exm=DqMihc,E87wgc,EFQ78c,GwYlN,IZT63,K0PMbc,K1ZKnb,KUM7Z,Kg5Hhf,L9OGUe,LDQI,LEikZe,Lic2t,LvGhrf,MDFeYd,MY7mZe,MpJwZc,NLiXbe,PHUIyb,PrPYRd,RqjULd,SCuOPb,SD8Jgb,SpsfSb,Tbb4sb,UMu52b,UUJqVe,Uas9Hd,WpP9Yc,YHI3We,YTxL4,YYmHzb,YgOFye,ZSzced,_b,_tp,aXwZ4c,bTi8wc,byfTOb,cYShmd,cciGGe,eWuMIe,gJzDyc,hc6Ubd,inNHtf,lsjVmc,lwddkf,m9oV,n73qwf,oLggrd,oqkvIf,p3hmRc,qPYxq,qmdT9,rmumx,siKnQd,soHxf,t2srLd,tUnxGc,vHEMJe,vfuNJf,vjKJJ,ws9Tlc,xQtZb,xiZRqc,y5vRwf,yRXbo,ywOR5c,z0u0L,zbML3c,zr1jrb,zy0vNb/excm=_b,_tp,accountchooserview/ed=1/wt=2/ujg=1/rs=AOaEmlFeyPUtUNKHp5ThOC3WjK7h-ULeqA/ee=ASJRFf:DAnQ7e;Al0B8:kibjWe;DaIJ8c:iAskyc;EVNhjf:pw70Gc;EkYFhd:GwYlN;EmZ2Bf:zr1jrb;JsbNhc:Xd8iUd;K5nYTd:ZDZcre;LBgRLc:XVMNvd;Me32dd:MEeYgc;NJ1rfe:yGfSdd;NPKaK:PVlQOd;NSEoX:lazG7b;Pjplud:EEDORb;QGR0gd:Mlhmy;Qi0VDf:vUyhef;SMDL4c:K0PMbc;SNUn3:ZwDk9d;ScI3Yc:e7Hzgb;UpnZUd:nnwwYc;Uvc8o:VDovNc;UyjXyd:qXkWrc;VlRiDf:j7ZRif;XdiAjb:NLiXbe;YIZmRd:A1yn5d;a56pNe:JEfCwb;cEt90b:ws9Tlc;dIoSBb:SpsfSb;dowIGb:ebZ3mb;eBAeSb:zbML3c;iFQyKf:vfuNJf;lGvXed:Gtn19d;lOO0Vd:OTA3Ae;nTuGK:JKNPM;oGtAuc:sOXFj;oSUNyd:K0PMbc;oXZmbc:tUnxGc;pXdRYb:L9OGUe;qQEoOc:KUM7Z;qafBPd:yDVVkb;qddgKe:xQtZb;sHdTOe:nSePib;twueg:ouk7y;vNjB7d:YTxL4;wR5FRb:siKnQd;wc73nd:kqeOEd;yxTchf:KUM7Z/dti=1/m=ZwDk9d,RMhBfe
07-01 09:40:11.791 D/AIQuotaLogin(23614): provider=glm resource=https://www.gstatic.com/_/mss/boq-identity/_/js/k=boq-identity.AccountsSignInUi.ko.ticPTkoOtf8.es5.O/ck=boq-identity.AccountsSignInUi.QcDDMch8E_g.L.B1.O/am=EQUAAICBopABwPj__wEACCDIdsD3LIAmQMgAAAAAAAAAAIAFAABoBA/d=1/exm=DqMihc,E87wgc,EFQ78c,GwYlN,IZT63,K0PMbc,K1ZKnb,KUM7Z,Kg5Hhf,L9OGUe,LDQI,LEikZe,Lic2t,LvGhrf,MDFeYd,MY7mZe,MpJwZc,NLiXbe,PHUIyb,PrPYRd,RMhBfe,RqjULd,SCuOPb,SD8Jgb,SpsfSb,Tbb4sb,UMu52b,UUJqVe,Uas9Hd,WpP9Yc,YHI3We,YTxL4,YYmHzb,YgOFye,ZSzced,ZwDk9d,_b,_tp,aXwZ4c,bTi8wc,byfTOb,cYShmd,cciGGe,eWuMIe,gJzDyc,hc6Ubd,inNHtf,lsjVmc,lwddkf,m9oV,n73qwf,oLggrd,oqkvIf,p3hmRc,qPYxq,qmdT9,rmumx,siKnQd,soHxf,t2srLd,tUnxGc,vHEMJe,vfuNJf,vjKJJ,ws9Tlc,xQtZb,xiZRqc,y5vRwf,yRXbo,ywOR5c,z0u0L,zbML3c,zr1jrb,zy0vNb/excm=_b,_tp,accountchooserview/ed=1/wt=2/ujg=1/rs=AOaEmlFeyPUtUNKHp5ThOC3WjK7h-ULeqA/ee=ASJRFf:DAnQ7e;Al0B8:kibjWe;DaIJ8c:iAskyc;EVNhjf:pw70Gc;EkYFhd:GwYlN;EmZ2Bf:zr1jrb;JsbNhc:Xd8iUd;K5nYTd:ZDZcre;LBgRLc:XVMNvd;Me32dd:MEeYgc;NJ1rfe:yGfSdd;NPKaK:PVlQOd;NSEoX:lazG7b;Pjplud:EEDORb;QGR0gd:Mlhmy;Qi0VDf:vUyhef;SMDL4c:K0PMbc;SNUn3:ZwDk9d;ScI3Yc:e7Hzgb;UpnZUd:nnwwYc;Uvc8o:VDovNc;UyjXyd:qXkWrc;VlRiDf:j7ZRif;XdiAjb:NLiXbe;YIZmRd:A1yn5d;a56pNe:JEfCwb;cEt90b:ws9Tlc;dIoSBb:SpsfSb;dowIGb:ebZ3mb;eBAeSb:zbML3c;iFQyKf:vfuNJf;lGvXed:Gtn19d;lOO0Vd:OTA3Ae;nTuGK:JKNPM;oGtAuc:sOXFj;oSUNyd:K0PMbc;oXZmbc:tUnxGc;pXdRYb:L9OGUe;qQEoOc:KUM7Z;qafBPd:yDVVkb;qddgKe:xQtZb;sHdTOe:nSePib;twueg:ouk7y;vNjB7d:YTxL4;wR5FRb:siKnQd;wc73nd:kqeOEd;yxTchf:KUM7Z/dti=1/m=ZDZcre,w9hDv,A7fCU
07-01 09:40:11.804 D/AIQuotaLogin(23614): provider=glm resource=https://www.gstatic.com/_/mss/boq-identity/_/js/k=boq-identity.AccountsSignInUi.ko.ticPTkoOtf8.es5.O/ck=boq-identity.AccountsSignInUi.QcDDMch8E_g.L.B1.O/am=EQUAAICBopABwPj__wEACCDIdsD3LIAmQMgAAAAAAAAAAIAFAABoBA/d=1/exm=A7fCU,DqMihc,E87wgc,EFQ78c,GwYlN,IZT63,K0PMbc,K1ZKnb,KUM7Z,Kg5Hhf,L9OGUe,LDQI,LEikZe,Lic2t,LvGhrf,MDFeYd,MY7mZe,MpJwZc,NLiXbe,PHUIyb,PrPYRd,RMhBfe,RqjULd,SCuOPb,SD8Jgb,SpsfSb,Tbb4sb,UMu52b,UUJqVe,Uas9Hd,WpP9Yc,YHI3We,YTxL4,YYmHzb,YgOFye,ZDZcre,ZSzced,ZwDk9d,_b,_tp,aXwZ4c,bTi8wc,byfTOb,cYShmd,cciGGe,eWuMIe,gJzDyc,hc6Ubd,inNHtf,lsjVmc,lwddkf,m9oV,n73qwf,oLggrd,oqkvIf,p3hmRc,qPYxq,qmdT9,rmumx,siKnQd,soHxf,t2srLd,tUnxGc,vHEMJe,vfuNJf,vjKJJ,w9hDv,ws9Tlc,xQtZb,xiZRqc,y5vRwf,yRXbo,ywOR5c,z0u0L,zbML3c,zr1jrb,zy0vNb/excm=_b,_tp,accountchooserview/ed=1/wt=2/ujg=1/rs=AOaEmlFeyPUtUNKHp5ThOC3WjK7h-ULeqA/ee=ASJRFf:DAnQ7e;Al0B8:kibjWe;DaIJ8c:iAskyc;EVNhjf:pw70Gc;EkYFhd:GwYlN;EmZ2Bf:zr1jrb;JsbNhc:Xd8iUd;K5nYTd:ZDZcre;LBgRLc:XVMNvd;Me32dd:MEeYgc;NJ1rfe:yGfSdd;NPKaK:PVlQOd;NSEoX:lazG7b;Pjplud:EEDORb;QGR0gd:Mlhmy;Qi0VDf:vUyhef;SMDL4c:K0PMbc;SNUn3:ZwDk9d;ScI3Yc:e7Hzgb;UpnZUd:nnwwYc;Uvc8o:VDovNc;UyjXyd:qXkWrc;VlRiDf:j7ZRif;XdiAjb:NLiXbe;YIZmRd:A1yn5d;a56pNe:JEfCwb;cEt90b:ws9Tlc;dIoSBb:SpsfSb;dowIGb:ebZ3mb;eBAeSb:zbML3c;iFQyKf:vfuNJf;lGvXed:Gtn19d;lOO0Vd:OTA3Ae;nTuGK:JKNPM;oGtAuc:sOXFj;oSUNyd:K0PMbc;oXZmbc:tUnxGc;pXdRYb:L9OGUe;qQEoOc:KUM7Z;qafBPd:yDVVkb;qddgKe:xQtZb;sHdTOe:nSePib;twueg:ouk7y;vNjB7d:YTxL4;wR5FRb:siKnQd;wc73nd:kqeOEd;yxTchf:KUM7Z/dti=1/m=iAskyc,ziXSP
07-01 09:40:11.827 D/AIQuotaLogin(23614): provider=glm resource=https://www.gstatic.com/_/mss/boq-identity/_/js/k=boq-identity.AccountsSignInUi.ko.ticPTkoOtf8.es5.O/ck=boq-identity.AccountsSignInUi.QcDDMch8E_g.L.B1.O/am=EQUAAICBopABwPj__wEACCDIdsD3LIAmQMgAAAAAAAAAAIAFAABoBA/d=1/exm=A7fCU,DqMihc,E87wgc,EFQ78c,GwYlN,IZT63,K0PMbc,K1ZKnb,KUM7Z,Kg5Hhf,L9OGUe,LDQI,LEikZe,Lic2t,LvGhrf,MDFeYd,MY7mZe,MpJwZc,NLiXbe,PHUIyb,PrPYRd,RMhBfe,RqjULd,SCuOPb,SD8Jgb,SpsfSb,Tbb4sb,UMu52b,UUJqVe,Uas9Hd,WpP9Yc,YHI3We,YTxL4,YYmHzb,YgOFye,ZDZcre,ZSzced,ZwDk9d,_b,_tp,aXwZ4c,bTi8wc,byfTOb,cYShmd,cciGGe,eWuMIe,gJzDyc,hc6Ubd,iAskyc,inNHtf,lsjVmc,lwddkf,m9oV,n73qwf,oLggrd,oqkvIf,p3hmRc,qPYxq,qmdT9,rmumx,siKnQd,soHxf,t2srLd,tUnxGc,vHEMJe,vfuNJf,vjKJJ,w9hDv,ws9Tlc,xQtZb,xiZRqc,y5vRwf,yRXbo,ywOR5c,z0u0L,zbML3c,ziXSP,zr1jrb,zy0vNb/excm=_b,_tp,accountchooserview/ed=1/wt=2/ujg=1/rs=AOaEmlFeyPUtUNKHp5ThOC3WjK7h-ULeqA/ee=ASJRFf:DAnQ7e;Al0B8:kibjWe;DaIJ8c:iAskyc;EVNhjf:pw70Gc;EkYFhd:GwYlN;EmZ2Bf:zr1jrb;JsbNhc:Xd8iUd;K5nYTd:ZDZcre;LBgRLc:XVMNvd;Me32dd:MEeYgc;NJ1rfe:yGfSdd;NPKaK:PVlQOd;NSEoX:lazG7b;Pjplud:EEDORb;QGR0gd:Mlhmy;Qi0VDf:vUyhef;SMDL4c:K0PMbc;SNUn3:ZwDk9d;ScI3Yc:e7Hzgb;UpnZUd:nnwwYc;Uvc8o:VDovNc;UyjXyd:qXkWrc;VlRiDf:j7ZRif;XdiAjb:NLiXbe;YIZmRd:A1yn5d;a56pNe:JEfCwb;cEt90b:ws9Tlc;dIoSBb:SpsfSb;dowIGb:ebZ3mb;eBAeSb:zbML3c;iFQyKf:vfuNJf;lGvXed:Gtn19d;lOO0Vd:OTA3Ae;nTuGK:JKNPM;oGtAuc:sOXFj;oSUNyd:K0PMbc;oXZmbc:tUnxGc;pXdRYb:L9OGUe;qQEoOc:KUM7Z;qafBPd:yDVVkb;qddgKe:xQtZb;sHdTOe:nSePib;twueg:ouk7y;vNjB7d:YTxL4;wR5FRb:siKnQd;wc73nd:kqeOEd;yxTchf:KUM7Z/dti=1/m=P6sQOc
07-01 09:40:11.848 D/AIQuotaLogin(23614): provider=glm resource=https://accounts.youtube.com/accounts/CheckConnection?keys=pmpo|v|timestamp
07-01 09:40:11.883 D/AIQuotaLogin(23614): provider=glm resource=https://accounts.google.com/_/bscframe
07-01 09:40:12.079 D/AIQuotaLogin(23614): provider=glm resource=https://accounts.google.com/generate_204?keys=hzxFbA
07-01 09:40:12.179 D/AIQuotaLogin(23614): provider=glm resource=https://play.google.com/log?keys=hasfast|auth|authuser|format
07-01 09:40:12.196 D/AIQuotaLogin(23614): provider=glm resource=https://play.google.com/log?keys=hasfast|auth|authuser|format
07-01 09:40:12.208 D/AIQuotaLogin(23614): provider=glm resource=https://www.gstatic.com/_/mss/boq-identity/_/js/k=boq-identity.AccountsSignInUi.ko.ticPTkoOtf8.es5.O/ck=boq-identity.AccountsSignInUi.QcDDMch8E_g.L.B1.O/am=EQUAAICBopABwPj__wEACCDIdsD3LIAmQMgAAAAAAAAAAIAFAABoBA/d=1/exm=A7fCU,DqMihc,E87wgc,EFQ78c,GwYlN,IZT63,K0PMbc,K1ZKnb,KUM7Z,Kg5Hhf,L9OGUe,LDQI,LEikZe,Lic2t,LvGhrf,MDFeYd,MY7mZe,MpJwZc,NLiXbe,P6sQOc,PHUIyb,PrPYRd,RMhBfe,RqjULd,SCuOPb,SD8Jgb,SpsfSb,Tbb4sb,UMu52b,UUJqVe,Uas9Hd,WpP9Yc,YHI3We,YTxL4,YYmHzb,YgOFye,ZDZcre,ZSzced,ZwDk9d,_b,_tp,aXwZ4c,bTi8wc,byfTOb,cYShmd,cciGGe,eWuMIe,gJzDyc,hc6Ubd,iAskyc,inNHtf,lsjVmc,lwddkf,m9oV,n73qwf,oLggrd,oqkvIf,p3hmRc,qPYxq,qmdT9,rmumx,siKnQd,soHxf,t2srLd,tUnxGc,vHEMJe,vfuNJf,vjKJJ,w9hDv,ws9Tlc,xQtZb,xiZRqc,y5vRwf,yRXbo,ywOR5c,z0u0L,zbML3c,ziXSP,zr1jrb,zy0vNb/excm=_b,_tp,accountchooserview/ed=1/wt=2/ujg=1/rs=AOaEmlFeyPUtUNKHp5ThOC3WjK7h-ULeqA/ee=ASJRFf:DAnQ7e;Al0B8:kibjWe;DaIJ8c:iAskyc;EVNhjf:pw70Gc;EkYFhd:GwYlN;EmZ2Bf:zr1jrb;JsbNhc:Xd8iUd;K5nYTd:ZDZcre;LBgRLc:XVMNvd;Me32dd:MEeYgc;NJ1rfe:yGfSdd;NPKaK:PVlQOd;NSEoX:lazG7b;Pjplud:EEDORb;QGR0gd:Mlhmy;Qi0VDf:vUyhef;SMDL4c:K0PMbc;SNUn3:ZwDk9d;ScI3Yc:e7Hzgb;UpnZUd:nnwwYc;Uvc8o:VDovNc;UyjXyd:qXkWrc;VlRiDf:j7ZRif;XdiAjb:NLiXbe;YIZmRd:A1yn5d;a56pNe:JEfCwb;cEt90b:ws9Tlc;dIoSBb:SpsfSb;dowIGb:ebZ3mb;eBAeSb:zbML3c;iFQyKf:vfuNJf;lGvXed:Gtn19d;lOO0Vd:OTA3Ae;nTuGK:JKNPM;oGtAuc:sOXFj;oSUNyd:K0PMbc;oXZmbc:tUnxGc;pXdRYb:L9OGUe;qQEoOc:KUM7Z;qafBPd:yDVVkb;qddgKe:xQtZb;sHdTOe:nSePib;twueg:ouk7y;vNjB7d:YTxL4;wR5FRb:siKnQd;wc73nd:kqeOEd;yxTchf:KUM7Z/dti=1/m=Wt6vjf,hhhU8,FCpbqb,WhJNk
07-01 09:40:12.208 D/AIQuotaLogin(23614): provider=glm resource=https://accounts.google.com/favicon.ico
07-01 09:40:12.413 D/AIQuotaLogin(23614): provider=glm resource=https://www.gstatic.com/_/mss/boq-identity/_/js/k=boq-identity.AccountsSignInUi.ko.ticPTkoOtf8.es5.O/ck=boq-identity.AccountsSignInUi.QcDDMch8E_g.L.B1.O/am=EQUAAICBopABwPj__wEACCDIdsD3LIAmQMgAAAAAAAAAAIAFAABoBA/d=1/exm=A7fCU,DqMihc,E87wgc,EFQ78c,FCpbqb,GwYlN,IZT63,K0PMbc,K1ZKnb,KUM7Z,Kg5Hhf,L9OGUe,LDQI,LEikZe,Lic2t,LvGhrf,MDFeYd,MY7mZe,MpJwZc,NLiXbe,P6sQOc,PHUIyb,PrPYRd,RMhBfe,RqjULd,SCuOPb,SD8Jgb,SpsfSb,Tbb4sb,UMu52b,UUJqVe,Uas9Hd,WhJNk,WpP9Yc,Wt6vjf,YHI3We,YTxL4,YYmHzb,YgOFye,ZDZcre,ZSzced,ZwDk9d,_b,_tp,aXwZ4c,bTi8wc,byfTOb,cYShmd,cciGGe,eWuMIe,gJzDyc,hc6Ubd,hhhU8,iAskyc,inNHtf,lsjVmc,lwddkf,m9oV,n73qwf,oLggrd,oqkvIf,p3hmRc,qPYxq,qmdT9,rmumx,siKnQd,soHxf,t2srLd,tUnxGc,vHEMJe,vfuNJf,vjKJJ,w9hDv,ws9Tlc,xQtZb,xiZRqc,y5vRwf,yRXbo,ywOR5c,z0u0L,zbML3c,ziXSP,zr1jrb,zy0vNb/excm=_b,_tp,accountchooserview/ed=1/wt=2/ujg=1/rs=AOaEmlFeyPUtUNKHp5ThOC3WjK7h-ULeqA/ee=ASJRFf:DAnQ7e;Al0B8:kibjWe;DaIJ8c:iAskyc;EVNhjf:pw70Gc;EkYFhd:GwYlN;EmZ2Bf:zr1jrb;JsbNhc:Xd8iUd;K5nYTd:ZDZcre;LBgRLc:XVMNvd;Me32dd:MEeYgc;NJ1rfe:yGfSdd;NPKaK:PVlQOd;NSEoX:lazG7b;Pjplud:EEDORb;QGR0gd:Mlhmy;Qi0VDf:vUyhef;SMDL4c:K0PMbc;SNUn3:ZwDk9d;ScI3Yc:e7Hzgb;UpnZUd:nnwwYc;Uvc8o:VDovNc;UyjXyd:qXkWrc;VlRiDf:j7ZRif;XdiAjb:NLiXbe;YIZmRd:A1yn5d;a56pNe:JEfCwb;cEt90b:ws9Tlc;dIoSBb:SpsfSb;dowIGb:ebZ3mb;eBAeSb:zbML3c;iFQyKf:vfuNJf;lGvXed:Gtn19d;lOO0Vd:OTA3Ae;nTuGK:JKNPM;oGtAuc:sOXFj;oSUNyd:K0PMbc;oXZmbc:tUnxGc;pXdRYb:L9OGUe;qQEoOc:KUM7Z;qafBPd:yDVVkb;qddgKe:xQtZb;sHdTOe:nSePib;twueg:ouk7y;vNjB7d:YTxL4;wR5FRb:siKnQd;wc73nd:kqeOEd;yxTchf:KUM7Z/dti=1/m=sOXFj,q0xTif,chA7fe,PXsWy,OTcFib,xielGb
07-01 09:40:12.426 D/AIQuotaLogin(23614): provider=glm resource=https://accounts.google.com/v3/signin/_/AccountsSignInUi/data/batchexecute?keys=rpcids|source-path|f.sid|bl|hl|dsh|_reqid|rt
07-01 09:40:12.432 D/AIQuotaLoginConsole(23614): provider=glm consoleLevel=WARNING line=0
07-01 09:40:12.438 D/AIQuotaLogin(23614): provider=glm resource=https://accounts.google.com/favicon.ico
07-01 09:40:12.786 D/AIQuotaLogin(23614): provider=glm resource=https://www.gstatic.com/_/mss/boq-identity/_/js/k=boq-identity.AccountsSignInUi.ko.ticPTkoOtf8.es5.O/ck=boq-identity.AccountsSignInUi.QcDDMch8E_g.L.B1.O/am=EQUAAICBopABwPj__wEACCDIdsD3LIAmQMgAAAAAAAAAAIAFAABoBA/d=1/exm=A7fCU,DqMihc,E87wgc,EFQ78c,FCpbqb,GwYlN,IZT63,K0PMbc,K1ZKnb,KUM7Z,Kg5Hhf,L9OGUe,LDQI,LEikZe,Lic2t,LvGhrf,MDFeYd,MY7mZe,MpJwZc,NLiXbe,OTcFib,P6sQOc,PHUIyb,PXsWy,PrPYRd,RMhBfe,RqjULd,SCuOPb,SD8Jgb,SpsfSb,Tbb4sb,UMu52b,UUJqVe,Uas9Hd,WhJNk,WpP9Yc,Wt6vjf,YHI3We,YTxL4,YYmHzb,YgOFye,ZDZcre,ZSzced,ZwDk9d,_b,_tp,aXwZ4c,bTi8wc,byfTOb,cYShmd,cciGGe,chA7fe,eWuMIe,gJzDyc,hc6Ubd,hhhU8,iAskyc,inNHtf,lsjVmc,lwddkf,m9oV,n73qwf,oLggrd,oqkvIf,p3hmRc,q0xTif,qPYxq,qmdT9,rmumx,sOXFj,siKnQd,soHxf,t2srLd,tUnxGc,vHEMJe,vfuNJf,vjKJJ,w9hDv,ws9Tlc,xQtZb,xiZRqc,xielGb,y5vRwf,yRXbo,ywOR5c,z0u0L,zbML3c,ziXSP,zr1jrb,zy0vNb/excm=_b,_tp,accountchooserview/ed=1/wt=2/ujg=1/rs=AOaEmlFeyPUtUNKHp5ThOC3WjK7h-ULeqA/ee=ASJRFf:DAnQ7e;Al0B8:kibjWe;DaIJ8c:iAskyc;EVNhjf:pw70Gc;EkYFhd:GwYlN;EmZ2Bf:zr1jrb;JsbNhc:Xd8iUd;K5nYTd:ZDZcre;LBgRLc:XVMNvd;Me32dd:MEeYgc;NJ1rfe:yGfSdd;NPKaK:PVlQOd;NSEoX:lazG7b;Pjplud:EEDORb;QGR0gd:Mlhmy;Qi0VDf:vUyhef;SMDL4c:K0PMbc;SNUn3:ZwDk9d;ScI3Yc:e7Hzgb;UpnZUd:nnwwYc;Uvc8o:VDovNc;UyjXyd:qXkWrc;VlRiDf:j7ZRif;XdiAjb:NLiXbe;YIZmRd:A1yn5d;a56pNe:JEfCwb;cEt90b:ws9Tlc;dIoSBb:SpsfSb;dowIGb:ebZ3mb;eBAeSb:zbML3c;iFQyKf:vfuNJf;lGvXed:Gtn19d;lOO0Vd:OTA3Ae;nTuGK:JKNPM;oGtAuc:sOXFj;oSUNyd:K0PMbc;oXZmbc:tUnxGc;pXdRYb:L9OGUe;qQEoOc:KUM7Z;qafBPd:yDVVkb;qddgKe:xQtZb;sHdTOe:nSePib;twueg:ouk7y;vNjB7d:YTxL4;wR5FRb:siKnQd;wc73nd:kqeOEd;yxTchf:KUM7Z/dti=1/m=lkFgGf,mvkUhe,CMcBD,Fndnac
07-01 09:40:12.794 D/AIQuotaLogin(23614): provider=glm resource=https://accounts.youtube.com/accounts/CheckConnection?keys=pmpo|v|timestamp
07-01 09:40:12.797 D/AIQuotaLogin(23614): provider=glm resource=https://www.gstatic.com/_/mss/boq-identity/_/js/k=boq-identity.AccountsSignInUi.ko.ticPTkoOtf8.es5.O/ck=boq-identity.AccountsSignInUi.QcDDMch8E_g.L.B1.O/am=EQUAAICBopABwPj__wEACCDIdsD3LIAmQMgAAAAAAAAAAIAFAABoBA/d=1/exm=A7fCU,CMcBD,DqMihc,E87wgc,EFQ78c,FCpbqb,Fndnac,GwYlN,IZT63,K0PMbc,K1ZKnb,KUM7Z,Kg5Hhf,L9OGUe,LDQI,LEikZe,Lic2t,LvGhrf,MDFeYd,MY7mZe,MpJwZc,NLiXbe,OTcFib,P6sQOc,PHUIyb,PXsWy,PrPYRd,RMhBfe,RqjULd,SCuOPb,SD8Jgb,SpsfSb,Tbb4sb,UMu52b,UUJqVe,Uas9Hd,WhJNk,WpP9Yc,Wt6vjf,YHI3We,YTxL4,YYmHzb,YgOFye,ZDZcre,ZSzced,ZwDk9d,_b,_tp,aXwZ4c,bTi8wc,byfTOb,cYShmd,cciGGe,chA7fe,eWuMIe,gJzDyc,hc6Ubd,hhhU8,iAskyc,inNHtf,lkFgGf,lsjVmc,lwddkf,m9oV,mvkUhe,n73qwf,oLggrd,oqkvIf,p3hmRc,q0xTif,qPYxq,qmdT9,rmumx,sOXFj,siKnQd,soHxf,t2srLd,tUnxGc,vHEMJe,vfuNJf,vjKJJ,w9hDv,ws9Tlc,xQtZb,xiZRqc,xielGb,y5vRwf,yRXbo,ywOR5c,z0u0L,zbML3c,ziXSP,zr1jrb,zy0vNb/excm=_b,_tp,accountchooserview/ed=1/wt=2/ujg=1/rs=AOaEmlFeyPUtUNKHp5ThOC3WjK7h-ULeqA/ee=ASJRFf:DAnQ7e;Al0B8:kibjWe;DaIJ8c:iAskyc;EVNhjf:pw70Gc;EkYFhd:GwYlN;EmZ2Bf:zr1jrb;JsbNhc:Xd8iUd;K5nYTd:ZDZcre;LBgRLc:XVMNvd;Me32dd:MEeYgc;NJ1rfe:yGfSdd;NPKaK:PVlQOd;NSEoX:lazG7b;Pjplud:EEDORb;QGR0gd:Mlhmy;Qi0VDf:vUyhef;SMDL4c:K0PMbc;SNUn3:ZwDk9d;ScI3Yc:e7Hzgb;UpnZUd:nnwwYc;Uvc8o:VDovNc;UyjXyd:qXkWrc;VlRiDf:j7ZRif;XdiAjb:NLiXbe;YIZmRd:A1yn5d;a56pNe:JEfCwb;cEt90b:ws9Tlc;dIoSBb:SpsfSb;dowIGb:ebZ3mb;eBAeSb:zbML3c;iFQyKf:vfuNJf;lGvXed:Gtn19d;lOO0Vd:OTA3Ae;nTuGK:JKNPM;oGtAuc:sOXFj;oSUNyd:K0PMbc;oXZmbc:tUnxGc;pXdRYb:L9OGUe;qQEoOc:KUM7Z;qafBPd:yDVVkb;qddgKe:xQtZb;sHdTOe:nSePib;twueg:ouk7y;vNjB7d:YTxL4;wR5FRb:siKnQd;wc73nd:kqeOEd;yxTchf:KUM7Z/dti=1/m=pxq3x
07-01 09:40:13.312 D/ContentCapturePerUserService(  692): Notified activity assist data for activity: Token{405dc11 ActivityRecord{169088056 u0 com.aiquota.mobile/.providers.WebLoginActivity t578}} without a session Id
07-01 09:40:13.435 D/AIQuotaLogin(23614): provider=glm resource=https://accounts.google.com/generate_204?keys=yX1bCg
07-01 09:40:13.561 D/AIQuotaLogin(23614): provider=glm resource=https://play.google.com/log?keys=hasfast|auth|authuser|format
07-01 09:40:14.816 D/AIQuotaLogin(23614): provider=glm resource=https://accounts.google.com/v3/signin/_/AccountsSignInUi/browserinfo?keys=f.sid|bl|hl|dsh|_reqid|rt
07-01 09:40:19.937 D/AIQuotaLogin(23614): provider=glm resource=https://accounts.google.com/v3/signin/_/AccountsSignInUi/data/batchexecute?keys=rpcids|source-path|f.sid|bl|hl|dsh|_reqid|rt
07-01 09:40:19.991 D/AIQuotaLogin(23614): provider=glm resource=https://play.google.com/log?keys=hasfast|auth|authuser|format
07-01 09:40:21.570 D/AIQuotaLogin(23614): provider=glm resource=https://www.gstatic.com/_/mss/boq-identity/_/js/k=boq-identity.AccountsSignInUi.ko.ticPTkoOtf8.es5.O/ck=boq-identity.AccountsSignInUi.QcDDMch8E_g.L.B1.O/am=EQUAAICBopABwPj__wEACCDIdsD3LIAmQMgAAAAAAAAAAIAFAABoBA/d=1/exm=A7fCU,CMcBD,DqMihc,E87wgc,EFQ78c,FCpbqb,Fndnac,GwYlN,IZT63,K0PMbc,K1ZKnb,KUM7Z,Kg5Hhf,L9OGUe,LDQI,LEikZe,Lic2t,LvGhrf,MDFeYd,MY7mZe,MpJwZc,NLiXbe,OTcFib,P6sQOc,PHUIyb,PXsWy,PrPYRd,RMhBfe,RqjULd,SCuOPb,SD8Jgb,SpsfSb,Tbb4sb,UMu52b,UUJqVe,Uas9Hd,WhJNk,WpP9Yc,Wt6vjf,YHI3We,YTxL4,YYmHzb,YgOFye,ZDZcre,ZSzced,ZwDk9d,_b,_tp,aXwZ4c,bTi8wc,byfTOb,cYShmd,cciGGe,chA7fe,eWuMIe,gJzDyc,hc6Ubd,hhhU8,iAskyc,inNHtf,lkFgGf,lsjVmc,lwddkf,m9oV,mvkUhe,n73qwf,oLggrd,oqkvIf,p3hmRc,pxq3x,q0xTif,qPYxq,qmdT9,rmumx,sOXFj,siKnQd,soHxf,t2srLd,tUnxGc,vHEMJe,vfuNJf,vjKJJ,w9hDv,ws9Tlc,xQtZb,xiZRqc,xielGb,y5vRwf,yRXbo,ywOR5c,z0u0L,zbML3c,ziXSP,zr1jrb,zy0vNb/excm=_b,_tp,accountchooserview/ed=1/wt=2/ujg=1/rs=AOaEmlFeyPUtUNKHp5ThOC3WjK7h-ULeqA/ee=ASJRFf:DAnQ7e;Al0B8:kibjWe;DaIJ8c:iAskyc;EVNhjf:pw70Gc;EkYFhd:GwYlN;EmZ2Bf:zr1jrb;JsbNhc:Xd8iUd;K5nYTd:ZDZcre;LBgRLc:XVMNvd;Me32dd:MEeYgc;NJ1rfe:yGfSdd;NPKaK:PVlQOd;NSEoX:lazG7b;Pjplud:EEDORb;QGR0gd:Mlhmy;Qi0VDf:vUyhef;SMDL4c:K0PMbc;SNUn3:ZwDk9d;ScI3Yc:e7Hzgb;UpnZUd:nnwwYc;Uvc8o:VDovNc;UyjXyd:qXkWrc;VlRiDf:j7ZRif;XdiAjb:NLiXbe;YIZmRd:A1yn5d;a56pNe:JEfCwb;cEt90b:ws9Tlc;dIoSBb:SpsfSb;dowIGb:ebZ3mb;eBAeSb:zbML3c;iFQyKf:vfuNJf;lGvXed:Gtn19d;lOO0Vd:OTA3Ae;nTuGK:JKNPM;oGtAuc:sOXFj;oSUNyd:K0PMbc;oXZmbc:tUnxGc;pXdRYb:L9OGUe;qQEoOc:KUM7Z;qafBPd:yDVVkb;qddgKe:xQtZb;sHdTOe:nSePib;twueg:ouk7y;vNjB7d:YTxL4;wR5FRb:siKnQd;wc73nd:kqeOEd;yxTchf:KUM7Z/dti=1/m=jGvTv
07-01 09:40:21.583 D/AIQuotaLogin(23614): provider=glm resource=https://accounts.google.com/v3/signin/_/AccountsSignInUi/data/batchexecute?keys=rpcids|source-path|f.sid|bl|hl|TL|dsh|_reqid|rt
07-01 09:40:21.598 D/AIQuotaLogin(23614): provider=glm resource=https://accounts.google.com/favicon.ico
07-01 09:40:21.879 D/AIQuotaLogin(23614): provider=glm resource=https://play.google.com/log?keys=format|hasfast|authuser
07-01 09:40:21.959 D/AIQuotaLogin(23614): provider=glm resource=https://lh3.googleusercontent.com/a/ACg8ocKy-LluOxUjZOPtBFLKa61mn-jYBD9xtIu6E8xt8ORUtRi0Uw=s128-c-mo
07-01 09:40:21.973 D/AIQuotaLogin(23614): provider=glm resource=https://www.gstatic.com/_/mss/boq-identity/_/js/k=boq-identity.AccountsSignInUi.ko.ticPTkoOtf8.es5.O/ck=boq-identity.AccountsSignInUi.QcDDMch8E_g.L.B1.O/am=EQUAAICBopABwPj__wEACCDIdsD3LIAmQMgAAAAAAAAAAIAFAABoBA/d=1/exm=A7fCU,CMcBD,DqMihc,E87wgc,EFQ78c,FCpbqb,Fndnac,GwYlN,IZT63,K0PMbc,K1ZKnb,KUM7Z,Kg5Hhf,L9OGUe,LDQI,LEikZe,Lic2t,LvGhrf,MDFeYd,MY7mZe,MpJwZc,NLiXbe,OTcFib,P6sQOc,PHUIyb,PXsWy,PrPYRd,RMhBfe,RqjULd,SCuOPb,SD8Jgb,SpsfSb,Tbb4sb,UMu52b,UUJqVe,Uas9Hd,WhJNk,WpP9Yc,Wt6vjf,YHI3We,YTxL4,YYmHzb,YgOFye,ZDZcre,ZSzced,ZwDk9d,_b,_tp,aXwZ4c,bTi8wc,byfTOb,cYShmd,cciGGe,chA7fe,eWuMIe,gJzDyc,hc6Ubd,hhhU8,iAskyc,inNHtf,jGvTv,lkFgGf,lsjVmc,lwddkf,m9oV,mvkUhe,n73qwf,oLggrd,oqkvIf,p3hmRc,pxq3x,q0xTif,qPYxq,qmdT9,rmumx,sOXFj,siKnQd,soHxf,t2srLd,tUnxGc,vHEMJe,vfuNJf,vjKJJ,w9hDv,ws9Tlc,xQtZb,xiZRqc,xielGb,y5vRwf,yRXbo,ywOR5c,z0u0L,zbML3c,ziXSP,zr1jrb,zy0vNb/excm=_b,_tp,accountchooserview/ed=1/wt=2/ujg=1/rs=AOaEmlFeyPUtUNKHp5ThOC3WjK7h-ULeqA/ee=ASJRFf:DAnQ7e;Al0B8:kibjWe;DaIJ8c:iAskyc;EVNhjf:pw70Gc;EkYFhd:GwYlN;EmZ2Bf:zr1jrb;JsbNhc:Xd8iUd;K5nYTd:ZDZcre;LBgRLc:XVMNvd;Me32dd:MEeYgc;NJ1rfe:yGfSdd;NPKaK:PVlQOd;NSEoX:lazG7b;Pjplud:EEDORb;QGR0gd:Mlhmy;Qi0VDf:vUyhef;SMDL4c:K0PMbc;SNUn3:ZwDk9d;ScI3Yc:e7Hzgb;UpnZUd:nnwwYc;Uvc8o:VDovNc;UyjXyd:qXkWrc;VlRiDf:j7ZRif;XdiAjb:NLiXbe;YIZmRd:A1yn5d;a56pNe:JEfCwb;cEt90b:ws9Tlc;dIoSBb:SpsfSb;dowIGb:ebZ3mb;eBAeSb:zbML3c;iFQyKf:vfuNJf;lGvXed:Gtn19d;lOO0Vd:OTA3Ae;nTuGK:JKNPM;oGtAuc:sOXFj;oSUNyd:K0PMbc;oXZmbc:tUnxGc;pXdRYb:L9OGUe;qQEoOc:KUM7Z;qafBPd:yDVVkb;qddgKe:xQtZb;sHdTOe:nSePib;twueg:ouk7y;vNjB7d:YTxL4;wR5FRb:siKnQd;wc73nd:kqeOEd;yxTchf:KUM7Z/dti=1/m=GLtV1c,JYtL0c,clOb9b
07-01 09:40:21.987 D/AIQuotaLogin(23614): provider=glm resource=https://www.gstatic.com/_/mss/boq-identity/_/js/k=boq-identity.AccountsSignInUi.ko.ticPTkoOtf8.es5.O/ck=boq-identity.AccountsSignInUi.QcDDMch8E_g.L.B1.O/am=EQUAAICBopABwPj__wEACCDIdsD3LIAmQMgAAAAAAAAAAIAFAABoBA/d=1/exm=A7fCU,CMcBD,DqMihc,E87wgc,EFQ78c,FCpbqb,Fndnac,GLtV1c,GwYlN,IZT63,JYtL0c,K0PMbc,K1ZKnb,KUM7Z,Kg5Hhf,L9OGUe,LDQI,LEikZe,Lic2t,LvGhrf,MDFeYd,MY7mZe,MpJwZc,NLiXbe,OTcFib,P6sQOc,PHUIyb,PXsWy,PrPYRd,RMhBfe,RqjULd,SCuOPb,SD8Jgb,SpsfSb,Tbb4sb,UMu52b,UUJqVe,Uas9Hd,WhJNk,WpP9Yc,Wt6vjf,YHI3We,YTxL4,YYmHzb,YgOFye,ZDZcre,ZSzced,ZwDk9d,_b,_tp,aXwZ4c,bTi8wc,byfTOb,cYShmd,cciGGe,chA7fe,clOb9b,eWuMIe,gJzDyc,hc6Ubd,hhhU8,iAskyc,inNHtf,jGvTv,lkFgGf,lsjVmc,lwddkf,m9oV,mvkUhe,n73qwf,oLggrd,oqkvIf,p3hmRc,pxq3x,q0xTif,qPYxq,qmdT9,rmumx,sOXFj,siKnQd,soHxf,t2srLd,tUnxGc,vHEMJe,vfuNJf,vjKJJ,w9hDv,ws9Tlc,xQtZb,xiZRqc,xielGb,y5vRwf,yRXbo,ywOR5c,z0u0L,zbML3c,ziXSP,zr1jrb,zy0vNb/excm=_b,_tp,accountchooserview/ed=1/wt=2/ujg=1/rs=AOaEmlFeyPUtUNKHp5ThOC3WjK7h-ULeqA/ee=ASJRFf:DAnQ7e;Al0B8:kibjWe;DaIJ8c:iAskyc;EVNhjf:pw70Gc;EkYFhd:GwYlN;EmZ2Bf:zr1jrb;JsbNhc:Xd8iUd;K5nYTd:ZDZcre;LBgRLc:XVMNvd;Me32dd:MEeYgc;NJ1rfe:yGfSdd;NPKaK:PVlQOd;NSEoX:lazG7b;Pjplud:EEDORb;QGR0gd:Mlhmy;Qi0VDf:vUyhef;SMDL4c:K0PMbc;SNUn3:ZwDk9d;ScI3Yc:e7Hzgb;UpnZUd:nnwwYc;Uvc8o:VDovNc;UyjXyd:qXkWrc;VlRiDf:j7ZRif;XdiAjb:NLiXbe;YIZmRd:A1yn5d;a56pNe:JEfCwb;cEt90b:ws9Tlc;dIoSBb:SpsfSb;dowIGb:ebZ3mb;eBAeSb:zbML3c;iFQyKf:vfuNJf;lGvXed:Gtn19d;lOO0Vd:OTA3Ae;nTuGK:JKNPM;oGtAuc:sOXFj;oSUNyd:K0PMbc;oXZmbc:tUnxGc;pXdRYb:L9OGUe;qQEoOc:KUM7Z;qafBPd:yDVVkb;qddgKe:xQtZb;sHdTOe:nSePib;twueg:ouk7y;vNjB7d:YTxL4;wR5FRb:siKnQd;wc73nd:kqeOEd;yxTchf:KUM7Z/dti=1/m=QTENt,XSm1e
07-01 09:40:22.060 D/AIQuotaLogin(23614): provider=glm resource=https://play.google.com/log?keys=format|hasfast|authuser
07-01 09:40:22.448 D/ContentCapturePerUserService(  692): Notified activity assist data for activity: Token{405dc11 ActivityRecord{169088056 u0 com.aiquota.mobile/.providers.WebLoginActivity t578}} without a session Id
07-01 09:40:22.632 D/AIQuotaLogin(23614): provider=glm resource=https://accounts.google.com/generate_204?keys=jv_9Wg
07-01 09:40:22.791 D/AIQuotaLogin(23614): provider=glm resource=https://play.google.com/log?keys=hasfast|auth|authuser|format
07-01 09:40:26.248 D/AIQuotaNativeUsage(23614): nativeUsage provider=claude ok=true diagnostic=ok statuses=claude.ai/api/organizations:200:|claude.ai/api/account_profile:200:|claude.ai/api/organizations/6d7e7f53-6216-45b3-93bb-764f73f98c92/subscription_details:200:|claude.ai/api/organizations/6d7e7f53-6216-45b3-93bb-764f73f98c92/usage:200:
07-01 09:40:26.662 D/AIQuotaLogin(23614): provider=glm resource=https://accounts.google.com/v3/signin/_/AccountsSignInUi/data/batchexecute?keys=rpcids|source-path|f.sid|bl|hl|TL|dsh|_reqid|rt
07-01 09:40:26.729 D/AIQuotaLogin(23614): provider=glm resource=https://play.google.com/log?keys=hasfast|auth|authuser|format
07-01 09:40:29.770 D/AIQuotaNativeUsage(23614): nativeUsage provider=codex ok=true diagnostic=ok statuses=chatgpt.com/api/auth/session:403:|chatgpt.com/backend-api/me:403:|chatgpt.com/backend-api/accounts/check/v4-2023-04-27:403:|chatgpt.com/backend-api/subscriptions:403:|chatgpt.com/backend-api/wham/usage:200:
07-01 09:40:31.490 D/AIQuotaNativeUsage(23614): nativeUsage provider=gemini ok=false diagnostic=gemini_usage_page_rpc_unavailable statuses=gemini_usage_page_html:200|gemini_usage_rpc_jSf9Qc:200
07-01 09:40:31.505 D/AIQuotaLogin(23614): provider=glm resource=https://www.gstatic.com/_/mss/boq-identity/_/js/k=boq-identity.AccountsSignInUi.ko.ticPTkoOtf8.es5.O/ck=boq-identity.AccountsSignInUi.QcDDMch8E_g.L.B1.O/am=EQUAAICBopABwPj__wEACCDIdsD3LIAmQMgAAAAAAAAAAIAFAABoBA/d=1/exm=A7fCU,CMcBD,DqMihc,E87wgc,EFQ78c,FCpbqb,Fndnac,GLtV1c,GwYlN,IZT63,JYtL0c,K0PMbc,K1ZKnb,KUM7Z,Kg5Hhf,L9OGUe,LDQI,LEikZe,Lic2t,LvGhrf,MDFeYd,MY7mZe,MpJwZc,NLiXbe,OTcFib,P6sQOc,PHUIyb,PXsWy,PrPYRd,QTENt,RMhBfe,RqjULd,SCuOPb,SD8Jgb,SpsfSb,Tbb4sb,UMu52b,UUJqVe,Uas9Hd,WhJNk,WpP9Yc,Wt6vjf,XSm1e,YHI3We,YTxL4,YYmHzb,YgOFye,ZDZcre,ZSzced,ZwDk9d,_b,_tp,aXwZ4c,bTi8wc,byfTOb,cYShmd,cciGGe,chA7fe,clOb9b,eWuMIe,gJzDyc,hc6Ubd,hhhU8,iAskyc,inNHtf,jGvTv,lkFgGf,lsjVmc,lwddkf,m9oV,mvkUhe,n73qwf,oLggrd,oqkvIf,p3hmRc,pxq3x,q0xTif,qPYxq,qmdT9,rmumx,sOXFj,siKnQd,soHxf,t2srLd,tUnxGc,vHEMJe,vfuNJf,vjKJJ,w9hDv,ws9Tlc,xQtZb,xiZRqc,xielGb,y5vRwf,yRXbo,ywOR5c,z0u0L,zbML3c,ziXSP,zr1jrb,zy0vNb/excm=_b,_tp,accountchooserview/ed=1/wt=2/ujg=1/rs=AOaEmlFeyPUtUNKHp5ThOC3WjK7h-ULeqA/ee=ASJRFf:DAnQ7e;Al0B8:kibjWe;DaIJ8c:iAskyc;EVNhjf:pw70Gc;EkYFhd:GwYlN;EmZ2Bf:zr1jrb;JsbNhc:Xd8iUd;K5nYTd:ZDZcre;LBgRLc:XVMNvd;Me32dd:MEeYgc;NJ1rfe:yGfSdd;NPKaK:PVlQOd;NSEoX:lazG7b;Pjplud:EEDORb;QGR0gd:Mlhmy;Qi0VDf:vUyhef;SMDL4c:K0PMbc;SNUn3:ZwDk9d;ScI3Yc:e7Hzgb;UpnZUd:nnwwYc;Uvc8o:VDovNc;UyjXyd:qXkWrc;VlRiDf:j7ZRif;XdiAjb:NLiXbe;YIZmRd:A1yn5d;a56pNe:JEfCwb;cEt90b:ws9Tlc;dIoSBb:SpsfSb;dowIGb:ebZ3mb;eBAeSb:zbML3c;iFQyKf:vfuNJf;lGvXed:Gtn19d;lOO0Vd:OTA3Ae;nTuGK:JKNPM;oGtAuc:sOXFj;oSUNyd:K0PMbc;oXZmbc:tUnxGc;pXdRYb:L9OGUe;qQEoOc:KUM7Z;qafBPd:yDVVkb;qddgKe:xQtZb;sHdTOe:nSePib;twueg:ouk7y;vNjB7d:YTxL4;wR5FRb:siKnQd;wc73nd:kqeOEd;yxTchf:KUM7Z/dti=1/m=FUAXde
07-01 09:40:31.570 D/AIQuotaLogin(23614): provider=glm resource=https://accounts.google.com/favicon.ico
07-01 09:40:31.598 D/AIQuotaLogin(23614): provider=glm resource=https://ssl.gstatic.com/accounts/animation/deviceprompttapyes/deviceprompttapyes_theme_materialnext.png
07-01 09:40:31.600 D/AIQuotaLogin(23614): provider=glm resource=https://www.gstatic.com/_/mss/boq-identity/_/js/k=boq-identity.AccountsSignInUi.ko.ticPTkoOtf8.es5.O/ck=boq-identity.AccountsSignInUi.QcDDMch8E_g.L.B1.O/am=EQUAAICBopABwPj__wEACCDIdsD3LIAmQMgAAAAAAAAAAIAFAABoBA/d=1/exm=A7fCU,CMcBD,DqMihc,E87wgc,EFQ78c,FCpbqb,FUAXde,Fndnac,GLtV1c,GwYlN,IZT63,JYtL0c,K0PMbc,K1ZKnb,KUM7Z,Kg5Hhf,L9OGUe,LDQI,LEikZe,Lic2t,LvGhrf,MDFeYd,MY7mZe,MpJwZc,NLiXbe,OTcFib,P6sQOc,PHUIyb,PXsWy,PrPYRd,QTENt,RMhBfe,RqjULd,SCuOPb,SD8Jgb,SpsfSb,Tbb4sb,UMu52b,UUJqVe,Uas9Hd,WhJNk,WpP9Yc,Wt6vjf,XSm1e,YHI3We,YTxL4,YYmHzb,YgOFye,ZDZcre,ZSzced,ZwDk9d,_b,_tp,aXwZ4c,bTi8wc,byfTOb,cYShmd,cciGGe,chA7fe,clOb9b,eWuMIe,gJzDyc,hc6Ubd,hhhU8,iAskyc,inNHtf,jGvTv,lkFgGf,lsjVmc,lwddkf,m9oV,mvkUhe,n73qwf,oLggrd,oqkvIf,p3hmRc,pxq3x,q0xTif,qPYxq,qmdT9,rmumx,sOXFj,siKnQd,soHxf,t2srLd,tUnxGc,vHEMJe,vfuNJf,vjKJJ,w9hDv,ws9Tlc,xQtZb,xiZRqc,xielGb,y5vRwf,yRXbo,ywOR5c,z0u0L,zbML3c,ziXSP,zr1jrb,zy0vNb/excm=_b,_tp,accountchooserview/ed=1/wt=2/ujg=1/rs=AOaEmlFeyPUtUNKHp5ThOC3WjK7h-ULeqA/ee=ASJRFf:DAnQ7e;Al0B8:kibjWe;DaIJ8c:iAskyc;EVNhjf:pw70Gc;EkYFhd:GwYlN;EmZ2Bf:zr1jrb;JsbNhc:Xd8iUd;K5nYTd:ZDZcre;LBgRLc:XVMNvd;Me32dd:MEeYgc;NJ1rfe:yGfSdd;NPKaK:PVlQOd;NSEoX:lazG7b;Pjplud:EEDORb;QGR0gd:Mlhmy;Qi0VDf:vUyhef;SMDL4c:K0PMbc;SNUn3:ZwDk9d;ScI3Yc:e7Hzgb;UpnZUd:nnwwYc;Uvc8o:VDovNc;UyjXyd:qXkWrc;VlRiDf:j7ZRif;XdiAjb:NLiXbe;YIZmRd:A1yn5d;a56pNe:JEfCwb;cEt90b:ws9Tlc;dIoSBb:SpsfSb;dowIGb:ebZ3mb;eBAeSb:zbML3c;iFQyKf:vfuNJf;lGvXed:Gtn19d;lOO0Vd:OTA3Ae;nTuGK:JKNPM;oGtAuc:sOXFj;oSUNyd:K0PMbc;oXZmbc:tUnxGc;pXdRYb:L9OGUe;qQEoOc:KUM7Z;qafBPd:yDVVkb;qddgKe:xQtZb;sHdTOe:nSePib;twueg:ouk7y;vNjB7d:YTxL4;wR5FRb:siKnQd;wc73nd:kqeOEd;yxTchf:KUM7Z/dti=1/m=KbEYWb,sd5RAf
07-01 09:40:31.715 D/AIQuotaLogin(23614): provider=glm resource=https://www.gstatic.com/feedback/js/help/prod/service/lazy.min.js
07-01 09:40:31.729 D/AIQuotaLogin(23614): provider=glm resource=https://ssl.gstatic.com/accounts/animation/deviceprompttapyes/deviceprompttapyes_theme_materialnext.json
07-01 09:40:31.741 D/AIQuotaLogin(23614): provider=glm resource=https://signaler-pa.googleapis.com/punctual/v1/chooseServer?keys=key
07-01 09:40:32.169 D/AIQuotaLogin(23614): provider=glm resource=https://signaler-pa.googleapis.com/punctual/v1/chooseServer?keys=key
07-01 09:40:32.252 D/AIQuotaLogin(23614): provider=glm resource=https://play.google.com/log?keys=format|hasfast|authuser
07-01 09:40:32.399 D/AIQuotaLogin(23614): provider=glm resource=https://signaler-pa.googleapis.com/punctual/multi-watch/channel?keys=VER|gsessionid|key|RID|CVER|zx|t
07-01 09:40:32.675 D/AIQuotaLogin(23614): provider=glm resource=https://signaler-pa.googleapis.com/punctual/multi-watch/channel?keys=VER|gsessionid|key|RID|CVER|zx|t
07-01 09:40:33.021 D/AIQuotaLogin(23614): provider=glm resource=https://signaler-pa.googleapis.com/punctual/multi-watch/channel?keys=VER|gsessionid|key|RID|SID|AID|CI|TYPE|zx|t
07-01 09:40:33.324 D/AIQuotaLogin(23614): provider=glm resource=https://accounts.google.com/v3/signin/_/AccountsSignInUi/data/batchexecute?keys=rpcids|source-path|f.sid|bl|hl|TL|dsh|_reqid|rt
07-01 09:40:36.995 D/AIQuotaNativeUsage(23614): nativeUsage provider=copilot ok=true diagnostic=copilot_usage_unavailable statuses=
07-01 09:40:37.021 D/AIQuotaLogin(23614): provider=glm resource=https://signaler-pa.googleapis.com/punctual/multi-watch/channel?keys=VER|gsessionid|key|SID|RID|AID|zx|t
07-01 09:40:37.025 D/AIQuotaLogin(23614): provider=glm resource=https://accounts.google.com/v3/signin/_/AccountsSignInUi/data/batchexecute?keys=rpcids|source-path|f.sid|bl|hl|TL|dsh|_reqid|rt
07-01 09:40:37.037 D/AIQuotaLogin(23614): provider=glm resource=https://play.google.com/log?keys=format|hasfast|authuser
07-01 09:40:37.048 D/AIQuotaLogin(23614): provider=glm resource=https://play.google.com/log?keys=format|hasfast|authuser
07-01 09:40:37.058 D/AIQuotaLogin(23614): provider=glm navigate=https://accounts.google.com/CheckCookie?keys=continue|service|checkedDomains|checkConnection|pstMsg|flowName|client_id|redirect_uri|scope|o2v|chtml|gidl
07-01 09:40:37.062 D/AIQuotaLogin(23614): provider=glm resource=https://accounts.google.com/CheckCookie?keys=continue|service|checkedDomains|checkConnection|pstMsg|flowName|client_id|redirect_uri|scope|o2v|chtml|gidl
07-01 09:40:37.151 D/AIQuotaLogin(23614): provider=glm navigate=https://accounts.google.com/CookieMismatch
07-01 09:40:37.186 D/AIQuotaLogin(23614): provider=glm resource=https://accounts.google.com/v3/signin/_/AccountsSignInUi/reporthttp4xxerror?keys=url|status|traceid
07-01 09:40:37.190 D/AIQuotaLogin(23614): provider=glm resource=https://accounts.google.com/v3/signin/_/AccountsSignInUi/jserror?keys=script|error|line
07-01 09:40:37.193 D/AIQuotaLogin(23614): provider=glm resource=https://accounts.google.com/v3/signin/_/AccountsSignInUi/reporthttp4xxerror?keys=url|status|traceid
07-01 09:40:37.195 D/AIQuotaLogin(23614): provider=glm resource=https://accounts.google.com/v3/signin/_/AccountsSignInUi/jserror?keys=script|error|line
07-01 09:40:37.542 I/AIQuotaLogin(23614): provider=glm googleSsoCookiesCleared=true
07-01 09:40:37.543 W/AIQuotaLogin(23614): provider=glm cookieMismatchRecovery=google_sso_retry attempt=1 target=accounts.google.com/o/oauth2/v2/auth
07-01 09:40:37.550 D/AIQuotaLogin(23614): provider=glm resource=https://accounts.google.com/o/oauth2/v2/auth?keys=client_id|redirect_uri|response_type|scope|state
07-01 09:40:37.550 D/AIQuotaLogin(23614): provider=glm resource=https://signaler-pa.googleapis.com/punctual/multi-watch/channel?keys=VER|gsessionid|key|RID|SID|AID|CI|TYPE|zx|t
07-01 09:40:37.562 D/AIQuotaLogin(23614): provider=glm resource=https://accounts.google.com/favicon.ico
07-01 09:40:37.575 E/AIQuotaLogin(23614): provider=glm http status=401 url=https://accounts.google.com/v3/signin/_/AccountsSignInUi/data/batchexecute?keys=rpcids|source-path|f.sid|bl|hl|TL|dsh|_reqid|rt
07-01 09:40:37.575 E/AIQuotaLogin(23614): provider=glm http status=401 url=https://play.google.com/log?keys=format|hasfast|authuser
07-01 09:40:37.575 E/AIQuotaLogin(23614): provider=glm http status=401 url=https://play.google.com/log?keys=format|hasfast|authuser
07-01 09:40:37.576 E/AIQuotaLogin(23614): provider=glm http status=401 url=https://accounts.google.com/v3/signin/_/AccountsSignInUi/reporthttp4xxerror?keys=url|status|traceid
07-01 09:40:37.576 E/AIQuotaLogin(23614): provider=glm http status=401 url=https://accounts.google.com/v3/signin/_/AccountsSignInUi/jserror?keys=script|error|line
07-01 09:40:37.576 E/AIQuotaLogin(23614): provider=glm http status=401 url=https://accounts.google.com/v3/signin/_/AccountsSignInUi/reporthttp4xxerror?keys=url|status|traceid
07-01 09:40:37.576 E/AIQuotaLogin(23614): provider=glm http status=401 url=https://accounts.google.com/v3/signin/_/AccountsSignInUi/jserror?keys=script|error|line
07-01 09:40:37.577 E/AIQuotaLogin(23614): provider=glm error url=https://signaler-pa.googleapis.com/punctual/multi-watch/channel?keys=VER|gsessionid|key|RID|SID|AID|CI|TYPE|zx|t description=net::ERR_FAILED
07-01 09:40:37.674 D/AIQuotaLogin(23614): provider=glm navigate=https://accounts.google.com/v3/signin/identifier?keys=opparams|dsh|client_id|o2v|redirect_uri|response_type|scope|service|state|flowName|continue|app_domain
07-01 09:40:37.849 D/AIQuotaLogin(23614): provider=glm resource=https://play.google.com/log?keys=hasfast|authuser|format
07-01 09:40:37.852 D/AIQuotaLogin(23614): provider=glm resource=https://play.google.com/log?keys=format|hasfast|authuser
07-01 09:40:37.877 E/AIQuotaLogin(23614): provider=glm error url=https://signaler-pa.googleapis.com/punctual/multi-watch/channel?keys=VER|gsessionid|key|RID|SID|AID|CI|TYPE|zx|t description=net::ERR_FAILED
07-01 09:40:37.899 D/AIQuotaLogin(23614): provider=glm resource=https://www.gstatic.com/_/mss/boq-identity/_/js/k=boq-identity.AccountsSignInUi.ko.ticPTkoOtf8.es5.O/am=EQUAAICBopABwPj__wEACCDIdsD3LIAmQMgAAAAAAAAAAIAFAABoBA/d=1/excm=_b,_tp,identifierview/ed=1/dg=0/wt=2/ujg=1/rs=AOaEmlFedVZ97aOM_DiabN4WnplHRIUJAw/dti=1/m=_b,_tp
07-01 09:40:38.129 D/AIQuotaLogin(23614): provider=glm resource=https://www.gstatic.com/_/mss/boq-identity/_/js/k=boq-identity.AccountsSignInUi.ko.ticPTkoOtf8.es5.O/ck=boq-identity.AccountsSignInUi.QcDDMch8E_g.L.B1.O/am=EQUAAICBopABwPj__wEACCDIdsD3LIAmQMgAAAAAAAAAAIAFAABoBA/d=1/exm=_b,_tp/excm=_b,_tp,identifierview/ed=1/wt=2/ujg=1/rs=AOaEmlFeyPUtUNKHp5ThOC3WjK7h-ULeqA/ee=ASJRFf:DAnQ7e;Al0B8:kibjWe;DaIJ8c:iAskyc;EVNhjf:pw70Gc;EkYFhd:GwYlN;EmZ2Bf:zr1jrb;JsbNhc:Xd8iUd;K5nYTd:ZDZcre;LBgRLc:XVMNvd;Me32dd:MEeYgc;NJ1rfe:yGfSdd;NPKaK:PVlQOd;NSEoX:lazG7b;Pjplud:EEDORb;QGR0gd:Mlhmy;Qi0VDf:vUyhef;SMDL4c:K0PMbc;SNUn3:ZwDk9d;ScI3Yc:e7Hzgb;UpnZUd:nnwwYc;Uvc8o:VDovNc;UyjXyd:qXkWrc;VlRiDf:j7ZRif;XdiAjb:NLiXbe;YIZmRd:A1yn5d;a56pNe:JEfCwb;cEt90b:ws9Tlc;dIoSBb:SpsfSb;dowIGb:ebZ3mb;eBAeSb:zbML3c;iFQyKf:vfuNJf;lGvXed:Gtn19d;lOO0Vd:OTA3Ae;nTuGK:JKNPM;oGtAuc:sOXFj;oSUNyd:K0PMbc;oXZmbc:tUnxGc;pXdRYb:L9OGUe;qQEoOc:KUM7Z;qafBPd:yDVVkb;qddgKe:xQtZb;sHdTOe:nSePib;twueg:ouk7y;vNjB7d:YTxL4;wR5FRb:siKnQd;wc73nd:kqeOEd;yxTchf:KUM7Z/dti=1/m=byfTOb,lsjVmc,LEikZe
07-01 09:40:38.139 D/AIQuotaLogin(23614): provider=glm resource=https://www.gstatic.com/_/mss/boq-identity/_/js/k=boq-identity.AccountsSignInUi.ko.ticPTkoOtf8.es5.O/ck=boq-identity.AccountsSignInUi.QcDDMch8E_g.L.B1.O/am=EQUAAICBopABwPj__wEACCDIdsD3LIAmQMgAAAAAAAAAAIAFAABoBA/d=1/exm=LEikZe,_b,_tp,byfTOb,lsjVmc/excm=_b,_tp,identifierview/ed=1/wt=2/ujg=1/rs=AOaEmlFeyPUtUNKHp5ThOC3WjK7h-ULeqA/ee=ASJRFf:DAnQ7e;Al0B8:kibjWe;DaIJ8c:iAskyc;EVNhjf:pw70Gc;EkYFhd:GwYlN;EmZ2Bf:zr1jrb;JsbNhc:Xd8iUd;K5nYTd:ZDZcre;LBgRLc:XVMNvd;Me32dd:MEeYgc;NJ1rfe:yGfSdd;NPKaK:PVlQOd;NSEoX:lazG7b;Pjplud:EEDORb;QGR0gd:Mlhmy;Qi0VDf:vUyhef;SMDL4c:K0PMbc;SNUn3:ZwDk9d;ScI3Yc:e7Hzgb;UpnZUd:nnwwYc;Uvc8o:VDovNc;UyjXyd:qXkWrc;VlRiDf:j7ZRif;XdiAjb:NLiXbe;YIZmRd:A1yn5d;a56pNe:JEfCwb;cEt90b:ws9Tlc;dIoSBb:SpsfSb;dowIGb:ebZ3mb;eBAeSb:zbML3c;iFQyKf:vfuNJf;lGvXed:Gtn19d;lOO0Vd:OTA3Ae;nTuGK:JKNPM;oGtAuc:sOXFj;oSUNyd:K0PMbc;oXZmbc:tUnxGc;pXdRYb:L9OGUe;qQEoOc:KUM7Z;qafBPd:yDVVkb;qddgKe:xQtZb;sHdTOe:nSePib;twueg:ouk7y;vNjB7d:YTxL4;wR5FRb:siKnQd;wc73nd:kqeOEd;yxTchf:KUM7Z/dti=1/m=n73qwf,SCuOPb,IZT63,YYmHzb,vfuNJf,UUJqVe,ws9Tlc,KUM7Z,siKnQd,gJzDyc,cciGGe,m9oV,vjKJJ,y5vRwf,DqMihc,K1ZKnb,ZSzced,lkFgGf,SD8Jgb,mvkUhe,CMcBD,Fndnac,t2srLd,z0u0L,xiZRqc,L9OGUe,PrPYRd,MpJwZc,cYShmd,hc6Ubd,inNHtf,oLggrd,eWuMIe,WpP9Yc,xQtZb,lwddkf,SpsfSb,tUnxGc,EFQ78c,zbML3c,zr1jrb,vHEMJe,YTxL4,YHI3We,Uas9Hd,zy0vNb,K0PMbc,MY7mZe,qmdT9,GwYlN,NLiXbe,LDQI
07-01 09:40:38.146 D/AIQuotaLoginConsole(23614): provider=glm consoleLevel=LOG line=551
07-01 09:40:38.146 D/AIQuotaLoginConsole(23614): provider=glm consoleLevel=LOG line=551
07-01 09:40:38.150 D/AIQuotaLogin(23614): provider=glm resource=https://www.gstatic.com/_/mss/boq-identity/_/js/k=boq-identity.AccountsSignInUi.ko.ticPTkoOtf8.es5.O/ck=boq-identity.AccountsSignInUi.QcDDMch8E_g.L.B1.O/am=EQUAAICBopABwPj__wEACCDIdsD3LIAmQMgAAAAAAAAAAIAFAABoBA/d=1/exm=CMcBD,DqMihc,EFQ78c,Fndnac,GwYlN,IZT63,K0PMbc,K1ZKnb,KUM7Z,L9OGUe,LDQI,LEikZe,MY7mZe,MpJwZc,NLiXbe,PrPYRd,SCuOPb,SD8Jgb,SpsfSb,UUJqVe,Uas9Hd,WpP9Yc,YHI3We,YTxL4,YYmHzb,ZSzced,_b,_tp,byfTOb,cYShmd,cciGGe,eWuMIe,gJzDyc,hc6Ubd,inNHtf,lkFgGf,lsjVmc,lwddkf,m9oV,mvkUhe,n73qwf,oLggrd,qmdT9,siKnQd,t2srLd,tUnxGc,vHEMJe,vfuNJf,vjKJJ,ws9Tlc,xQtZb,xiZRqc,y5vRwf,z0u0L,zbML3c,zr1jrb,zy0vNb/excm=_b,_tp,identifierview/ed=1/wt=2/ujg=1/rs=AOaEmlFeyPUtUNKHp5ThOC3WjK7h-ULeqA/ee=ASJRFf:DAnQ7e;Al0B8:kibjWe;DaIJ8c:iAskyc;EVNhjf:pw70Gc;EkYFhd:GwYlN;EmZ2Bf:zr1jrb;JsbNhc:Xd8iUd;K5nYTd:ZDZcre;LBgRLc:XVMNvd;Me32dd:MEeYgc;NJ1rfe:yGfSdd;NPKaK:PVlQOd;NSEoX:lazG7b;Pjplud:EEDORb;QGR0gd:Mlhmy;Qi0VDf:vUyhef;SMDL4c:K0PMbc;SNUn3:ZwDk9d;ScI3Yc:e7Hzgb;UpnZUd:nnwwYc;Uvc8o:VDovNc;UyjXyd:qXkWrc;VlRiDf:j7ZRif;XdiAjb:NLiXbe;YIZmRd:A1yn5d;a56pNe:JEfCwb;cEt90b:ws9Tlc;dIoSBb:SpsfSb;dowIGb:ebZ3mb;eBAeSb:zbML3c;iFQyKf:vfuNJf;lGvXed:Gtn19d;lOO0Vd:OTA3Ae;nTuGK:JKNPM;oGtAuc:sOXFj;oSUNyd:K0PMbc;oXZmbc:tUnxGc;pXdRYb:L9OGUe;qQEoOc:KUM7Z;qafBPd:yDVVkb;qddgKe:xQtZb;sHdTOe:nSePib;twueg:ouk7y;vNjB7d:YTxL4;wR5FRb:siKnQd;wc73nd:kqeOEd;yxTchf:KUM7Z/dti=1/m=UMu52b,rmumx,E87wgc,MDFeYd,qPYxq,Tbb4sb,pxq3x,f8Gu1e,soHxf,YgOFye,oqkvIf,aXwZ4c,yRXbo,bTi8wc,ywOR5c,PHUIyb
07-01 09:40:38.267 D/AIQuotaLogin(23614): provider=glm resource=https://www.gstatic.com/_/mss/boq-identity/_/js/k=boq-identity.AccountsSignInUi.ko.ticPTkoOtf8.es5.O/ck=boq-identity.AccountsSignInUi.QcDDMch8E_g.L.B1.O/am=EQUAAICBopABwPj__wEACCDIdsD3LIAmQMgAAAAAAAAAAIAFAABoBA/d=1/exm=CMcBD,DqMihc,E87wgc,EFQ78c,Fndnac,GwYlN,IZT63,K0PMbc,K1ZKnb,KUM7Z,L9OGUe,LDQI,LEikZe,MDFeYd,MY7mZe,MpJwZc,NLiXbe,PHUIyb,PrPYRd,SCuOPb,SD8Jgb,SpsfSb,Tbb4sb,UMu52b,UUJqVe,Uas9Hd,WpP9Yc,YHI3We,YTxL4,YYmHzb,YgOFye,ZSzced,_b,_tp,aXwZ4c,bTi8wc,byfTOb,cYShmd,cciGGe,eWuMIe,f8Gu1e,gJzDyc,hc6Ubd,inNHtf,lkFgGf,lsjVmc,lwddkf,m9oV,mvkUhe,n73qwf,oLggrd,oqkvIf,pxq3x,qPYxq,qmdT9,rmumx,siKnQd,soHxf,t2srLd,tUnxGc,vHEMJe,vfuNJf,vjKJJ,ws9Tlc,xQtZb,xiZRqc,y5vRwf,yRXbo,ywOR5c,z0u0L,zbML3c,zr1jrb,zy0vNb/excm=_b,_tp,identifierview/ed=1/wt=2/ujg=1/rs=AOaEmlFeyPUtUNKHp5ThOC3WjK7h-ULeqA/ee=ASJRFf:DAnQ7e;Al0B8:kibjWe;DaIJ8c:iAskyc;EVNhjf:pw70Gc;EkYFhd:GwYlN;EmZ2Bf:zr1jrb;JsbNhc:Xd8iUd;K5nYTd:ZDZcre;LBgRLc:XVMNvd;Me32dd:MEeYgc;NJ1rfe:yGfSdd;NPKaK:PVlQOd;NSEoX:lazG7b;Pjplud:EEDORb;QGR0gd:Mlhmy;Qi0VDf:vUyhef;SMDL4c:K0PMbc;SNUn3:ZwDk9d;ScI3Yc:e7Hzgb;UpnZUd:nnwwYc;Uvc8o:VDovNc;UyjXyd:qXkWrc;VlRiDf:j7ZRif;XdiAjb:NLiXbe;YIZmRd:A1yn5d;a56pNe:JEfCwb;cEt90b:ws9Tlc;dIoSBb:SpsfSb;dowIGb:ebZ3mb;eBAeSb:zbML3c;iFQyKf:vfuNJf;lGvXed:Gtn19d;lOO0Vd:OTA3Ae;nTuGK:JKNPM;oGtAuc:sOXFj;oSUNyd:K0PMbc;oXZmbc:tUnxGc;pXdRYb:L9OGUe;qQEoOc:KUM7Z;qafBPd:yDVVkb;qddgKe:xQtZb;sHdTOe:nSePib;twueg:ouk7y;vNjB7d:YTxL4;wR5FRb:siKnQd;wc73nd:kqeOEd;yxTchf:KUM7Z/dti=1/m=p3hmRc,LvGhrf,RqjULd
07-01 09:40:38.292 D/AIQuotaLogin(23614): provider=glm resource=https://www.gstatic.com/_/mss/boq-identity/_/js/k=boq-identity.AccountsSignInUi.ko.ticPTkoOtf8.es5.O/ck=boq-identity.AccountsSignInUi.QcDDMch8E_g.L.B1.O/am=EQUAAICBopABwPj__wEACCDIdsD3LIAmQMgAAAAAAAAAAIAFAABoBA/d=1/exm=CMcBD,DqMihc,E87wgc,EFQ78c,Fndnac,GwYlN,IZT63,K0PMbc,K1ZKnb,KUM7Z,L9OGUe,LDQI,LEikZe,LvGhrf,MDFeYd,MY7mZe,MpJwZc,NLiXbe,PHUIyb,PrPYRd,RqjULd,SCuOPb,SD8Jgb,SpsfSb,Tbb4sb,UMu52b,UUJqVe,Uas9Hd,WpP9Yc,YHI3We,YTxL4,YYmHzb,YgOFye,ZSzced,_b,_tp,aXwZ4c,bTi8wc,byfTOb,cYShmd,cciGGe,eWuMIe,f8Gu1e,gJzDyc,hc6Ubd,inNHtf,lkFgGf,lsjVmc,lwddkf,m9oV,mvkUhe,n73qwf,oLggrd,oqkvIf,p3hmRc,pxq3x,qPYxq,qmdT9,rmumx,siKnQd,soHxf,t2srLd,tUnxGc,vHEMJe,vfuNJf,vjKJJ,ws9Tlc,xQtZb,xiZRqc,y5vRwf,yRXbo,ywOR5c,z0u0L,zbML3c,zr1jrb,zy0vNb/excm=_b,_tp,identifierview/ed=1/wt=2/ujg=1/rs=AOaEmlFeyPUtUNKHp5ThOC3WjK7h-ULeqA/ee=ASJRFf:DAnQ7e;Al0B8:kibjWe;DaIJ8c:iAskyc;EVNhjf:pw70Gc;EkYFhd:GwYlN;EmZ2Bf:zr1jrb;JsbNhc:Xd8iUd;K5nYTd:ZDZcre;LBgRLc:XVMNvd;Me32dd:MEeYgc;NJ1rfe:yGfSdd;NPKaK:PVlQOd;NSEoX:lazG7b;Pjplud:EEDORb;QGR0gd:Mlhmy;Qi0VDf:vUyhef;SMDL4c:K0PMbc;SNUn3:ZwDk9d;ScI3Yc:e7Hzgb;UpnZUd:nnwwYc;Uvc8o:VDovNc;UyjXyd:qXkWrc;VlRiDf:j7ZRif;XdiAjb:NLiXbe;YIZmRd:A1yn5d;a56pNe:JEfCwb;cEt90b:ws9Tlc;dIoSBb:SpsfSb;dowIGb:ebZ3mb;eBAeSb:zbML3c;iFQyKf:vfuNJf;lGvXed:Gtn19d;lOO0Vd:OTA3Ae;nTuGK:JKNPM;oGtAuc:sOXFj;oSUNyd:K0PMbc;oXZmbc:tUnxGc;pXdRYb:L9OGUe;qQEoOc:KUM7Z;qafBPd:yDVVkb;qddgKe:xQtZb;sHdTOe:nSePib;twueg:ouk7y;vNjB7d:YTxL4;wR5FRb:siKnQd;wc73nd:kqeOEd;yxTchf:KUM7Z/dti=1/m=ZwDk9d,RMhBfe
07-01 09:40:38.322 D/AIQuotaLogin(23614): provider=glm resource=https://www.gstatic.com/_/mss/boq-identity/_/js/k=boq-identity.AccountsSignInUi.ko.ticPTkoOtf8.es5.O/ck=boq-identity.AccountsSignInUi.QcDDMch8E_g.L.B1.O/am=EQUAAICBopABwPj__wEACCDIdsD3LIAmQMgAAAAAAAAAAIAFAABoBA/d=1/exm=CMcBD,DqMihc,E87wgc,EFQ78c,Fndnac,GwYlN,IZT63,K0PMbc,K1ZKnb,KUM7Z,L9OGUe,LDQI,LEikZe,LvGhrf,MDFeYd,MY7mZe,MpJwZc,NLiXbe,PHUIyb,PrPYRd,RMhBfe,RqjULd,SCuOPb,SD8Jgb,SpsfSb,Tbb4sb,UMu52b,UUJqVe,Uas9Hd,WpP9Yc,YHI3We,YTxL4,YYmHzb,YgOFye,ZSzced,ZwDk9d,_b,_tp,aXwZ4c,bTi8wc,byfTOb,cYShmd,cciGGe,eWuMIe,f8Gu1e,gJzDyc,hc6Ubd,inNHtf,lkFgGf,lsjVmc,lwddkf,m9oV,mvkUhe,n73qwf,oLggrd,oqkvIf,p3hmRc,pxq3x,qPYxq,qmdT9,rmumx,siKnQd,soHxf,t2srLd,tUnxGc,vHEMJe,vfuNJf,vjKJJ,ws9Tlc,xQtZb,xiZRqc,y5vRwf,yRXbo,ywOR5c,z0u0L,zbML3c,zr1jrb,zy0vNb/excm=_b,_tp,identifierview/ed=1/wt=2/ujg=1/rs=AOaEmlFeyPUtUNKHp5ThOC3WjK7h-ULeqA/ee=ASJRFf:DAnQ7e;Al0B8:kibjWe;DaIJ8c:iAskyc;EVNhjf:pw70Gc;EkYFhd:GwYlN;EmZ2Bf:zr1jrb;JsbNhc:Xd8iUd;K5nYTd:ZDZcre;LBgRLc:XVMNvd;Me32dd:MEeYgc;NJ1rfe:yGfSdd;NPKaK:PVlQOd;NSEoX:lazG7b;Pjplud:EEDORb;QGR0gd:Mlhmy;Qi0VDf:vUyhef;SMDL4c:K0PMbc;SNUn3:ZwDk9d;ScI3Yc:e7Hzgb;UpnZUd:nnwwYc;Uvc8o:VDovNc;UyjXyd:qXkWrc;VlRiDf:j7ZRif;XdiAjb:NLiXbe;YIZmRd:A1yn5d;a56pNe:JEfCwb;cEt90b:ws9Tlc;dIoSBb:SpsfSb;dowIGb:ebZ3mb;eBAeSb:zbML3c;iFQyKf:vfuNJf;lGvXed:Gtn19d;lOO0Vd:OTA3Ae;nTuGK:JKNPM;oGtAuc:sOXFj;oSUNyd:K0PMbc;oXZmbc:tUnxGc;pXdRYb:L9OGUe;qQEoOc:KUM7Z;qafBPd:yDVVkb;qddgKe:xQtZb;sHdTOe:nSePib;twueg:ouk7y;vNjB7d:YTxL4;wR5FRb:siKnQd;wc73nd:kqeOEd;yxTchf:KUM7Z/dti=1/m=ZDZcre,w9hDv,A7fCU
07-01 09:40:38.332 D/AIQuotaLogin(23614): provider=glm resource=https://www.gstatic.com/_/mss/boq-identity/_/js/k=boq-identity.AccountsSignInUi.ko.ticPTkoOtf8.es5.O/ck=boq-identity.AccountsSignInUi.QcDDMch8E_g.L.B1.O/am=EQUAAICBopABwPj__wEACCDIdsD3LIAmQMgAAAAAAAAAAIAFAABoBA/d=1/exm=A7fCU,CMcBD,DqMihc,E87wgc,EFQ78c,Fndnac,GwYlN,IZT63,K0PMbc,K1ZKnb,KUM7Z,L9OGUe,LDQI,LEikZe,LvGhrf,MDFeYd,MY7mZe,MpJwZc,NLiXbe,PHUIyb,PrPYRd,RMhBfe,RqjULd,SCuOPb,SD8Jgb,SpsfSb,Tbb4sb,UMu52b,UUJqVe,Uas9Hd,WpP9Yc,YHI3We,YTxL4,YYmHzb,YgOFye,ZDZcre,ZSzced,ZwDk9d,_b,_tp,aXwZ4c,bTi8wc,byfTOb,cYShmd,cciGGe,eWuMIe,f8Gu1e,gJzDyc,hc6Ubd,inNHtf,lkFgGf,lsjVmc,lwddkf,m9oV,mvkUhe,n73qwf,oLggrd,oqkvIf,p3hmRc,pxq3x,qPYxq,qmdT9,rmumx,siKnQd,soHxf,t2srLd,tUnxGc,vHEMJe,vfuNJf,vjKJJ,w9hDv,ws9Tlc,xQtZb,xiZRqc,y5vRwf,yRXbo,ywOR5c,z0u0L,zbML3c,zr1jrb,zy0vNb/excm=_b,_tp,identifierview/ed=1/wt=2/ujg=1/rs=AOaEmlFeyPUtUNKHp5ThOC3WjK7h-ULeqA/ee=ASJRFf:DAnQ7e;Al0B8:kibjWe;DaIJ8c:iAskyc;EVNhjf:pw70Gc;EkYFhd:GwYlN;EmZ2Bf:zr1jrb;JsbNhc:Xd8iUd;K5nYTd:ZDZcre;LBgRLc:XVMNvd;Me32dd:MEeYgc;NJ1rfe:yGfSdd;NPKaK:PVlQOd;NSEoX:lazG7b;Pjplud:EEDORb;QGR0gd:Mlhmy;Qi0VDf:vUyhef;SMDL4c:K0PMbc;SNUn3:ZwDk9d;ScI3Yc:e7Hzgb;UpnZUd:nnwwYc;Uvc8o:VDovNc;UyjXyd:qXkWrc;VlRiDf:j7ZRif;XdiAjb:NLiXbe;YIZmRd:A1yn5d;a56pNe:JEfCwb;cEt90b:ws9Tlc;dIoSBb:SpsfSb;dowIGb:ebZ3mb;eBAeSb:zbML3c;iFQyKf:vfuNJf;lGvXed:Gtn19d;lOO0Vd:OTA3Ae;nTuGK:JKNPM;oGtAuc:sOXFj;oSUNyd:K0PMbc;oXZmbc:tUnxGc;pXdRYb:L9OGUe;qQEoOc:KUM7Z;qafBPd:yDVVkb;qddgKe:xQtZb;sHdTOe:nSePib;twueg:ouk7y;vNjB7d:YTxL4;wR5FRb:siKnQd;wc73nd:kqeOEd;yxTchf:KUM7Z/dti=1/m=iAskyc,ziXSP
07-01 09:40:38.347 D/AIQuotaLogin(23614): provider=glm resource=https://www.gstatic.com/_/mss/boq-identity/_/js/k=boq-identity.AccountsSignInUi.ko.ticPTkoOtf8.es5.O/ck=boq-identity.AccountsSignInUi.QcDDMch8E_g.L.B1.O/am=EQUAAICBopABwPj__wEACCDIdsD3LIAmQMgAAAAAAAAAAIAFAABoBA/d=1/exm=A7fCU,CMcBD,DqMihc,E87wgc,EFQ78c,Fndnac,GwYlN,IZT63,K0PMbc,K1ZKnb,KUM7Z,L9OGUe,LDQI,LEikZe,LvGhrf,MDFeYd,MY7mZe,MpJwZc,NLiXbe,PHUIyb,PrPYRd,RMhBfe,RqjULd,SCuOPb,SD8Jgb,SpsfSb,Tbb4sb,UMu52b,UUJqVe,Uas9Hd,WpP9Yc,YHI3We,YTxL4,YYmHzb,YgOFye,ZDZcre,ZSzced,ZwDk9d,_b,_tp,aXwZ4c,bTi8wc,byfTOb,cYShmd,cciGGe,eWuMIe,f8Gu1e,gJzDyc,hc6Ubd,iAskyc,inNHtf,lkFgGf,lsjVmc,lwddkf,m9oV,mvkUhe,n73qwf,oLggrd,oqkvIf,p3hmRc,pxq3x,qPYxq,qmdT9,rmumx,siKnQd,soHxf,t2srLd,tUnxGc,vHEMJe,vfuNJf,vjKJJ,w9hDv,ws9Tlc,xQtZb,xiZRqc,y5vRwf,yRXbo,ywOR5c,z0u0L,zbML3c,ziXSP,zr1jrb,zy0vNb/excm=_b,_tp,identifierview/ed=1/wt=2/ujg=1/rs=AOaEmlFeyPUtUNKHp5ThOC3WjK7h-ULeqA/ee=ASJRFf:DAnQ7e;Al0B8:kibjWe;DaIJ8c:iAskyc;EVNhjf:pw70Gc;EkYFhd:GwYlN;EmZ2Bf:zr1jrb;JsbNhc:Xd8iUd;K5nYTd:ZDZcre;LBgRLc:XVMNvd;Me32dd:MEeYgc;NJ1rfe:yGfSdd;NPKaK:PVlQOd;NSEoX:lazG7b;Pjplud:EEDORb;QGR0gd:Mlhmy;Qi0VDf:vUyhef;SMDL4c:K0PMbc;SNUn3:ZwDk9d;ScI3Yc:e7Hzgb;UpnZUd:nnwwYc;Uvc8o:VDovNc;UyjXyd:qXkWrc;VlRiDf:j7ZRif;XdiAjb:NLiXbe;YIZmRd:A1yn5d;a56pNe:JEfCwb;cEt90b:ws9Tlc;dIoSBb:SpsfSb;dowIGb:ebZ3mb;eBAeSb:zbML3c;iFQyKf:vfuNJf;lGvXed:Gtn19d;lOO0Vd:OTA3Ae;nTuGK:JKNPM;oGtAuc:sOXFj;oSUNyd:K0PMbc;oXZmbc:tUnxGc;pXdRYb:L9OGUe;qQEoOc:KUM7Z;qafBPd:yDVVkb;qddgKe:xQtZb;sHdTOe:nSePib;twueg:ouk7y;vNjB7d:YTxL4;wR5FRb:siKnQd;wc73nd:kqeOEd;yxTchf:KUM7Z/dti=1/m=P6sQOc
07-01 09:40:38.362 D/AIQuotaLogin(23614): provider=glm resource=https://accounts.youtube.com/accounts/CheckConnection?keys=pmpo|v|timestamp
07-01 09:40:38.415 D/AIQuotaLogin(23614): provider=glm resource=https://accounts.google.com/_/bscframe
07-01 09:40:38.662 D/AIQuotaLogin(23614): provider=glm resource=https://accounts.google.com/generate_204?keys=riQgEw
07-01 09:40:38.748 D/AIQuotaLogin(23614): provider=glm resource=https://www.gstatic.com/_/mss/boq-identity/_/js/k=boq-identity.AccountsSignInUi.ko.ticPTkoOtf8.es5.O/ck=boq-identity.AccountsSignInUi.QcDDMch8E_g.L.B1.O/am=EQUAAICBopABwPj__wEACCDIdsD3LIAmQMgAAAAAAAAAAIAFAABoBA/d=1/exm=A7fCU,CMcBD,DqMihc,E87wgc,EFQ78c,Fndnac,GwYlN,IZT63,K0PMbc,K1ZKnb,KUM7Z,L9OGUe,LDQI,LEikZe,LvGhrf,MDFeYd,MY7mZe,MpJwZc,NLiXbe,P6sQOc,PHUIyb,PrPYRd,RMhBfe,RqjULd,SCuOPb,SD8Jgb,SpsfSb,Tbb4sb,UMu52b,UUJqVe,Uas9Hd,WpP9Yc,YHI3We,YTxL4,YYmHzb,YgOFye,ZDZcre,ZSzced,ZwDk9d,_b,_tp,aXwZ4c,bTi8wc,byfTOb,cYShmd,cciGGe,eWuMIe,f8Gu1e,gJzDyc,hc6Ubd,iAskyc,inNHtf,lkFgGf,lsjVmc,lwddkf,m9oV,mvkUhe,n73qwf,oLggrd,oqkvIf,p3hmRc,pxq3x,qPYxq,qmdT9,rmumx,siKnQd,soHxf,t2srLd,tUnxGc,vHEMJe,vfuNJf,vjKJJ,w9hDv,ws9Tlc,xQtZb,xiZRqc,y5vRwf,yRXbo,ywOR5c,z0u0L,zbML3c,ziXSP,zr1jrb,zy0vNb/excm=_b,_tp,identifierview/ed=1/wt=2/ujg=1/rs=AOaEmlFeyPUtUNKHp5ThOC3WjK7h-ULeqA/ee=ASJRFf:DAnQ7e;Al0B8:kibjWe;DaIJ8c:iAskyc;EVNhjf:pw70Gc;EkYFhd:GwYlN;EmZ2Bf:zr1jrb;JsbNhc:Xd8iUd;K5nYTd:ZDZcre;LBgRLc:XVMNvd;Me32dd:MEeYgc;NJ1rfe:yGfSdd;NPKaK:PVlQOd;NSEoX:lazG7b;Pjplud:EEDORb;QGR0gd:Mlhmy;Qi0VDf:vUyhef;SMDL4c:K0PMbc;SNUn3:ZwDk9d;ScI3Yc:e7Hzgb;UpnZUd:nnwwYc;Uvc8o:VDovNc;UyjXyd:qXkWrc;VlRiDf:j7ZRif;XdiAjb:NLiXbe;YIZmRd:A1yn5d;a56pNe:JEfCwb;cEt90b:ws9Tlc;dIoSBb:SpsfSb;dowIGb:ebZ3mb;eBAeSb:zbML3c;iFQyKf:vfuNJf;lGvXed:Gtn19d;lOO0Vd:OTA3Ae;nTuGK:JKNPM;oGtAuc:sOXFj;oSUNyd:K0PMbc;oXZmbc:tUnxGc;pXdRYb:L9OGUe;qQEoOc:KUM7Z;qafBPd:yDVVkb;qddgKe:xQtZb;sHdTOe:nSePib;twueg:ouk7y;vNjB7d:YTxL4;wR5FRb:siKnQd;wc73nd:kqeOEd;yxTchf:KUM7Z/dti=1/m=Wt6vjf,hhhU8,FCpbqb,WhJNk
07-01 09:40:38.750 D/AIQuotaLogin(23614): provider=glm resource=https://accounts.google.com/favicon.ico
07-01 09:40:38.758 D/AIQuotaLogin(23614): provider=glm resource=https://play.google.com/log?keys=hasfast|authuser|format
07-01 09:40:38.767 D/AIQuotaLogin(23614): provider=glm resource=https://play.google.com/log?keys=hasfast|authuser|format
07-01 09:40:40.519 D/ContentCapturePerUserService(  692): Notified activity assist data for activity: Token{405dc11 ActivityRecord{169088056 u0 com.aiquota.mobile/.providers.WebLoginActivity t578}} without a session Id
07-01 09:40:41.350 D/AIQuotaLogin(23614): provider=glm resource=https://accounts.google.com/v3/signin/_/AccountsSignInUi/browserinfo?keys=f.sid|bl|hl|dsh|_reqid|rt
07-01 09:40:48.346 D/AIQuotaLogin(23614): provider=glm resource=https://play.google.com/log?keys=format|hasfast|authuser
07-01 09:40:50.835 D/AIQuotaLogin(23614): provider=glm resource=https://accounts.google.com/v3/signin/_/AccountsSignInUi/data/batchexecute?keys=rpcids|source-path|f.sid|bl|hl|dsh|_reqid|rt
07-01 09:40:50.844 D/AIQuotaLoginConsole(23614): provider=glm consoleLevel=WARNING line=0
07-01 09:40:50.895 D/AIQuotaLogin(23614): provider=glm resource=https://play.google.com/log?keys=hasfast|authuser|format
07-01 09:40:52.289 D/AIQuotaLogin(23614): provider=glm resource=https://www.gstatic.com/_/mss/boq-identity/_/js/k=boq-identity.AccountsSignInUi.ko.ticPTkoOtf8.es5.O/ck=boq-identity.AccountsSignInUi.QcDDMch8E_g.L.B1.O/am=EQUAAICBopABwPj__wEACCDIdsD3LIAmQMgAAAAAAAAAAIAFAABoBA/d=1/exm=A7fCU,CMcBD,DqMihc,E87wgc,EFQ78c,FCpbqb,Fndnac,GwYlN,IZT63,K0PMbc,K1ZKnb,KUM7Z,L9OGUe,LDQI,LEikZe,LvGhrf,MDFeYd,MY7mZe,MpJwZc,NLiXbe,P6sQOc,PHUIyb,PrPYRd,RMhBfe,RqjULd,SCuOPb,SD8Jgb,SpsfSb,Tbb4sb,UMu52b,UUJqVe,Uas9Hd,WhJNk,WpP9Yc,Wt6vjf,YHI3We,YTxL4,YYmHzb,YgOFye,ZDZcre,ZSzced,ZwDk9d,_b,_tp,aXwZ4c,bTi8wc,byfTOb,cYShmd,cciGGe,eWuMIe,f8Gu1e,gJzDyc,hc6Ubd,hhhU8,iAskyc,inNHtf,lkFgGf,lsjVmc,lwddkf,m9oV,mvkUhe,n73qwf,oLggrd,oqkvIf,p3hmRc,pxq3x,qPYxq,qmdT9,rmumx,siKnQd,soHxf,t2srLd,tUnxGc,vHEMJe,vfuNJf,vjKJJ,w9hDv,ws9Tlc,xQtZb,xiZRqc,y5vRwf,yRXbo,ywOR5c,z0u0L,zbML3c,ziXSP,zr1jrb,zy0vNb/excm=_b,_tp,identifierview/ed=1/wt=2/ujg=1/rs=AOaEmlFeyPUtUNKHp5ThOC3WjK7h-ULeqA/ee=ASJRFf:DAnQ7e;Al0B8:kibjWe;DaIJ8c:iAskyc;EVNhjf:pw70Gc;EkYFhd:GwYlN;EmZ2Bf:zr1jrb;JsbNhc:Xd8iUd;K5nYTd:ZDZcre;LBgRLc:XVMNvd;Me32dd:MEeYgc;NJ1rfe:yGfSdd;NPKaK:PVlQOd;NSEoX:lazG7b;Pjplud:EEDORb;QGR0gd:Mlhmy;Qi0VDf:vUyhef;SMDL4c:K0PMbc;SNUn3:ZwDk9d;ScI3Yc:e7Hzgb;UpnZUd:nnwwYc;Uvc8o:VDovNc;UyjXyd:qXkWrc;VlRiDf:j7ZRif;XdiAjb:NLiXbe;YIZmRd:A1yn5d;a56pNe:JEfCwb;cEt90b:ws9Tlc;dIoSBb:SpsfSb;dowIGb:ebZ3mb;eBAeSb:zbML3c;iFQyKf:vfuNJf;lGvXed:Gtn19d;lOO0Vd:OTA3Ae;nTuGK:JKNPM;oGtAuc:sOXFj;oSUNyd:K0PMbc;oXZmbc:tUnxGc;pXdRYb:L9OGUe;qQEoOc:KUM7Z;qafBPd:yDVVkb;qddgKe:xQtZb;sHdTOe:nSePib;twueg:ouk7y;vNjB7d:YTxL4;wR5FRb:siKnQd;wc73nd:kqeOEd;yxTchf:KUM7Z/dti=1/m=sOXFj,q0xTif,jGvTv,PXsWy,OTcFib
07-01 09:40:52.299 D/AIQuotaLogin(23614): provider=glm resource=https://accounts.google.com/v3/signin/_/AccountsSignInUi/data/batchexecute?keys=rpcids|source-path|f.sid|bl|hl|TL|dsh|_reqid|rt
07-01 09:40:52.300 D/AIQuotaLogin(23614): provider=glm resource=https://accounts.google.com/favicon.ico
07-01 09:40:52.586 D/AIQuotaLogin(23614): provider=glm resource=https://lh3.googleusercontent.com/a/ACg8ocKy-LluOxUjZOPtBFLKa61mn-jYBD9xtIu6E8xt8ORUtRi0Uw=s128-c-mo
07-01 09:40:52.588 D/AIQuotaLogin(23614): provider=glm resource=https://www.gstatic.com/_/mss/boq-identity/_/js/k=boq-identity.AccountsSignInUi.ko.ticPTkoOtf8.es5.O/ck=boq-identity.AccountsSignInUi.QcDDMch8E_g.L.B1.O/am=EQUAAICBopABwPj__wEACCDIdsD3LIAmQMgAAAAAAAAAAIAFAABoBA/d=1/exm=A7fCU,CMcBD,DqMihc,E87wgc,EFQ78c,FCpbqb,Fndnac,GwYlN,IZT63,K0PMbc,K1ZKnb,KUM7Z,L9OGUe,LDQI,LEikZe,LvGhrf,MDFeYd,MY7mZe,MpJwZc,NLiXbe,OTcFib,P6sQOc,PHUIyb,PXsWy,PrPYRd,RMhBfe,RqjULd,SCuOPb,SD8Jgb,SpsfSb,Tbb4sb,UMu52b,UUJqVe,Uas9Hd,WhJNk,WpP9Yc,Wt6vjf,YHI3We,YTxL4,YYmHzb,YgOFye,ZDZcre,ZSzced,ZwDk9d,_b,_tp,aXwZ4c,bTi8wc,byfTOb,cYShmd,cciGGe,eWuMIe,f8Gu1e,gJzDyc,hc6Ubd,hhhU8,iAskyc,inNHtf,jGvTv,lkFgGf,lsjVmc,lwddkf,m9oV,mvkUhe,n73qwf,oLggrd,oqkvIf,p3hmRc,pxq3x,q0xTif,qPYxq,qmdT9,rmumx,sOXFj,siKnQd,soHxf,t2srLd,tUnxGc,vHEMJe,vfuNJf,vjKJJ,w9hDv,ws9Tlc,xQtZb,xiZRqc,y5vRwf,yRXbo,ywOR5c,z0u0L,zbML3c,ziXSP,zr1jrb,zy0vNb/excm=_b,_tp,identifierview/ed=1/wt=2/ujg=1/rs=AOaEmlFeyPUtUNKHp5ThOC3WjK7h-ULeqA/ee=ASJRFf:DAnQ7e;Al0B8:kibjWe;DaIJ8c:iAskyc;EVNhjf:pw70Gc;EkYFhd:GwYlN;EmZ2Bf:zr1jrb;JsbNhc:Xd8iUd;K5nYTd:ZDZcre;LBgRLc:XVMNvd;Me32dd:MEeYgc;NJ1rfe:yGfSdd;NPKaK:PVlQOd;NSEoX:lazG7b;Pjplud:EEDORb;QGR0gd:Mlhmy;Qi0VDf:vUyhef;SMDL4c:K0PMbc;SNUn3:ZwDk9d;ScI3Yc:e7Hzgb;UpnZUd:nnwwYc;Uvc8o:VDovNc;UyjXyd:qXkWrc;VlRiDf:j7ZRif;XdiAjb:NLiXbe;YIZmRd:A1yn5d;a56pNe:JEfCwb;cEt90b:ws9Tlc;dIoSBb:SpsfSb;dowIGb:ebZ3mb;eBAeSb:zbML3c;iFQyKf:vfuNJf;lGvXed:Gtn19d;lOO0Vd:OTA3Ae;nTuGK:JKNPM;oGtAuc:sOXFj;oSUNyd:K0PMbc;oXZmbc:tUnxGc;pXdRYb:L9OGUe;qQEoOc:KUM7Z;qafBPd:yDVVkb;qddgKe:xQtZb;sHdTOe:nSePib;twueg:ouk7y;vNjB7d:YTxL4;wR5FRb:siKnQd;wc73nd:kqeOEd;yxTchf:KUM7Z/dti=1/m=GLtV1c,JYtL0c,clOb9b
07-01 09:40:52.597 D/AIQuotaLogin(23614): provider=glm resource=https://www.gstatic.com/_/mss/boq-identity/_/js/k=boq-identity.AccountsSignInUi.ko.ticPTkoOtf8.es5.O/ck=boq-identity.AccountsSignInUi.QcDDMch8E_g.L.B1.O/am=EQUAAICBopABwPj__wEACCDIdsD3LIAmQMgAAAAAAAAAAIAFAABoBA/d=1/exm=A7fCU,CMcBD,DqMihc,E87wgc,EFQ78c,FCpbqb,Fndnac,GLtV1c,GwYlN,IZT63,JYtL0c,K0PMbc,K1ZKnb,KUM7Z,L9OGUe,LDQI,LEikZe,LvGhrf,MDFeYd,MY7mZe,MpJwZc,NLiXbe,OTcFib,P6sQOc,PHUIyb,PXsWy,PrPYRd,RMhBfe,RqjULd,SCuOPb,SD8Jgb,SpsfSb,Tbb4sb,UMu52b,UUJqVe,Uas9Hd,WhJNk,WpP9Yc,Wt6vjf,YHI3We,YTxL4,YYmHzb,YgOFye,ZDZcre,ZSzced,ZwDk9d,_b,_tp,aXwZ4c,bTi8wc,byfTOb,cYShmd,cciGGe,clOb9b,eWuMIe,f8Gu1e,gJzDyc,hc6Ubd,hhhU8,iAskyc,inNHtf,jGvTv,lkFgGf,lsjVmc,lwddkf,m9oV,mvkUhe,n73qwf,oLggrd,oqkvIf,p3hmRc,pxq3x,q0xTif,qPYxq,qmdT9,rmumx,sOXFj,siKnQd,soHxf,t2srLd,tUnxGc,vHEMJe,vfuNJf,vjKJJ,w9hDv,ws9Tlc,xQtZb,xiZRqc,y5vRwf,yRXbo,ywOR5c,z0u0L,zbML3c,ziXSP,zr1jrb,zy0vNb/excm=_b,_tp,identifierview/ed=1/wt=2/ujg=1/rs=AOaEmlFeyPUtUNKHp5ThOC3WjK7h-ULeqA/ee=ASJRFf:DAnQ7e;Al0B8:kibjWe;DaIJ8c:iAskyc;EVNhjf:pw70Gc;EkYFhd:GwYlN;EmZ2Bf:zr1jrb;JsbNhc:Xd8iUd;K5nYTd:ZDZcre;LBgRLc:XVMNvd;Me32dd:MEeYgc;NJ1rfe:yGfSdd;NPKaK:PVlQOd;NSEoX:lazG7b;Pjplud:EEDORb;QGR0gd:Mlhmy;Qi0VDf:vUyhef;SMDL4c:K0PMbc;SNUn3:ZwDk9d;ScI3Yc:e7Hzgb;UpnZUd:nnwwYc;Uvc8o:VDovNc;UyjXyd:qXkWrc;VlRiDf:j7ZRif;XdiAjb:NLiXbe;YIZmRd:A1yn5d;a56pNe:JEfCwb;cEt90b:ws9Tlc;dIoSBb:SpsfSb;dowIGb:ebZ3mb;eBAeSb:zbML3c;iFQyKf:vfuNJf;lGvXed:Gtn19d;lOO0Vd:OTA3Ae;nTuGK:JKNPM;oGtAuc:sOXFj;oSUNyd:K0PMbc;oXZmbc:tUnxGc;pXdRYb:L9OGUe;qQEoOc:KUM7Z;qafBPd:yDVVkb;qddgKe:xQtZb;sHdTOe:nSePib;twueg:ouk7y;vNjB7d:YTxL4;wR5FRb:siKnQd;wc73nd:kqeOEd;yxTchf:KUM7Z/dti=1/m=QTENt,XSm1e
07-01 09:40:53.039 D/ContentCapturePerUserService(  692): Notified activity assist data for activity: Token{405dc11 ActivityRecord{169088056 u0 com.aiquota.mobile/.providers.WebLoginActivity t578}} without a session Id
07-01 09:40:53.090 D/AIQuotaLogin(23614): provider=glm resource=https://accounts.google.com/generate_204?keys=wcOiCw
07-01 09:40:53.119 D/AIQuotaLogin(23614): provider=glm resource=https://play.google.com/log?keys=hasfast|authuser|format
07-01 09:40:56.827 D/AIQuotaLogin(23614): provider=glm resource=https://accounts.google.com/v3/signin/_/AccountsSignInUi/data/batchexecute?keys=rpcids|source-path|f.sid|bl|hl|TL|dsh|_reqid|rt
07-01 09:40:56.842 D/AIQuotaLogin(23614): provider=glm resource=https://play.google.com/log?keys=hasfast|authuser|format
07-01 09:40:59.692 D/AIQuotaLogin(23614): provider=glm resource=https://www.gstatic.com/_/mss/boq-identity/_/js/k=boq-identity.AccountsSignInUi.ko.ticPTkoOtf8.es5.O/ck=boq-identity.AccountsSignInUi.QcDDMch8E_g.L.B1.O/am=EQUAAICBopABwPj__wEACCDIdsD3LIAmQMgAAAAAAAAAAIAFAABoBA/d=1/exm=A7fCU,CMcBD,DqMihc,E87wgc,EFQ78c,FCpbqb,Fndnac,GLtV1c,GwYlN,IZT63,JYtL0c,K0PMbc,K1ZKnb,KUM7Z,L9OGUe,LDQI,LEikZe,LvGhrf,MDFeYd,MY7mZe,MpJwZc,NLiXbe,OTcFib,P6sQOc,PHUIyb,PXsWy,PrPYRd,QTENt,RMhBfe,RqjULd,SCuOPb,SD8Jgb,SpsfSb,Tbb4sb,UMu52b,UUJqVe,Uas9Hd,WhJNk,WpP9Yc,Wt6vjf,XSm1e,YHI3We,YTxL4,YYmHzb,YgOFye,ZDZcre,ZSzced,ZwDk9d,_b,_tp,aXwZ4c,bTi8wc,byfTOb,cYShmd,cciGGe,clOb9b,eWuMIe,f8Gu1e,gJzDyc,hc6Ubd,hhhU8,iAskyc,inNHtf,jGvTv,lkFgGf,lsjVmc,lwddkf,m9oV,mvkUhe,n73qwf,oLggrd,oqkvIf,p3hmRc,pxq3x,q0xTif,qPYxq,qmdT9,rmumx,sOXFj,siKnQd,soHxf,t2srLd,tUnxGc,vHEMJe,vfuNJf,vjKJJ,w9hDv,ws9Tlc,xQtZb,xiZRqc,y5vRwf,yRXbo,ywOR5c,z0u0L,zbML3c,ziXSP,zr1jrb,zy0vNb/excm=_b,_tp,identifierview/ed=1/wt=2/ujg=1/rs=AOaEmlFeyPUtUNKHp5ThOC3WjK7h-ULeqA/ee=ASJRFf:DAnQ7e;Al0B8:kibjWe;DaIJ8c:iAskyc;EVNhjf:pw70Gc;EkYFhd:GwYlN;EmZ2Bf:zr1jrb;JsbNhc:Xd8iUd;K5nYTd:ZDZcre;LBgRLc:XVMNvd;Me32dd:MEeYgc;NJ1rfe:yGfSdd;NPKaK:PVlQOd;NSEoX:lazG7b;Pjplud:EEDORb;QGR0gd:Mlhmy;Qi0VDf:vUyhef;SMDL4c:K0PMbc;SNUn3:ZwDk9d;ScI3Yc:e7Hzgb;UpnZUd:nnwwYc;Uvc8o:VDovNc;UyjXyd:qXkWrc;VlRiDf:j7ZRif;XdiAjb:NLiXbe;YIZmRd:A1yn5d;a56pNe:JEfCwb;cEt90b:ws9Tlc;dIoSBb:SpsfSb;dowIGb:ebZ3mb;eBAeSb:zbML3c;iFQyKf:vfuNJf;lGvXed:Gtn19d;lOO0Vd:OTA3Ae;nTuGK:JKNPM;oGtAuc:sOXFj;oSUNyd:K0PMbc;oXZmbc:tUnxGc;pXdRYb:L9OGUe;qQEoOc:KUM7Z;qafBPd:yDVVkb;qddgKe:xQtZb;sHdTOe:nSePib;twueg:ouk7y;vNjB7d:YTxL4;wR5FRb:siKnQd;wc73nd:kqeOEd;yxTchf:KUM7Z/dti=1/m=FUAXde
07-01 09:40:59.699 D/AIQuotaLogin(23614): provider=glm resource=https://accounts.google.com/favicon.ico
07-01 09:40:59.756 D/AIQuotaLogin(23614): provider=glm resource=https://ssl.gstatic.com/accounts/animation/deviceprompttapyes/deviceprompttapyes_theme_materialnext.png
07-01 09:40:59.760 D/AIQuotaLogin(23614): provider=glm resource=https://www.gstatic.com/_/mss/boq-identity/_/js/k=boq-identity.AccountsSignInUi.ko.ticPTkoOtf8.es5.O/ck=boq-identity.AccountsSignInUi.QcDDMch8E_g.L.B1.O/am=EQUAAICBopABwPj__wEACCDIdsD3LIAmQMgAAAAAAAAAAIAFAABoBA/d=1/exm=A7fCU,CMcBD,DqMihc,E87wgc,EFQ78c,FCpbqb,FUAXde,Fndnac,GLtV1c,GwYlN,IZT63,JYtL0c,K0PMbc,K1ZKnb,KUM7Z,L9OGUe,LDQI,LEikZe,LvGhrf,MDFeYd,MY7mZe,MpJwZc,NLiXbe,OTcFib,P6sQOc,PHUIyb,PXsWy,PrPYRd,QTENt,RMhBfe,RqjULd,SCuOPb,SD8Jgb,SpsfSb,Tbb4sb,UMu52b,UUJqVe,Uas9Hd,WhJNk,WpP9Yc,Wt6vjf,XSm1e,YHI3We,YTxL4,YYmHzb,YgOFye,ZDZcre,ZSzced,ZwDk9d,_b,_tp,aXwZ4c,bTi8wc,byfTOb,cYShmd,cciGGe,clOb9b,eWuMIe,f8Gu1e,gJzDyc,hc6Ubd,hhhU8,iAskyc,inNHtf,jGvTv,lkFgGf,lsjVmc,lwddkf,m9oV,mvkUhe,n73qwf,oLggrd,oqkvIf,p3hmRc,pxq3x,q0xTif,qPYxq,qmdT9,rmumx,sOXFj,siKnQd,soHxf,t2srLd,tUnxGc,vHEMJe,vfuNJf,vjKJJ,w9hDv,ws9Tlc,xQtZb,xiZRqc,y5vRwf,yRXbo,ywOR5c,z0u0L,zbML3c,ziXSP,zr1jrb,zy0vNb/excm=_b,_tp,identifierview/ed=1/wt=2/ujg=1/rs=AOaEmlFeyPUtUNKHp5ThOC3WjK7h-ULeqA/ee=ASJRFf:DAnQ7e;Al0B8:kibjWe;DaIJ8c:iAskyc;EVNhjf:pw70Gc;EkYFhd:GwYlN;EmZ2Bf:zr1jrb;JsbNhc:Xd8iUd;K5nYTd:ZDZcre;LBgRLc:XVMNvd;Me32dd:MEeYgc;NJ1rfe:yGfSdd;NPKaK:PVlQOd;NSEoX:lazG7b;Pjplud:EEDORb;QGR0gd:Mlhmy;Qi0VDf:vUyhef;SMDL4c:K0PMbc;SNUn3:ZwDk9d;ScI3Yc:e7Hzgb;UpnZUd:nnwwYc;Uvc8o:VDovNc;UyjXyd:qXkWrc;VlRiDf:j7ZRif;XdiAjb:NLiXbe;YIZmRd:A1yn5d;a56pNe:JEfCwb;cEt90b:ws9Tlc;dIoSBb:SpsfSb;dowIGb:ebZ3mb;eBAeSb:zbML3c;iFQyKf:vfuNJf;lGvXed:Gtn19d;lOO0Vd:OTA3Ae;nTuGK:JKNPM;oGtAuc:sOXFj;oSUNyd:K0PMbc;oXZmbc:tUnxGc;pXdRYb:L9OGUe;qQEoOc:KUM7Z;qafBPd:yDVVkb;qddgKe:xQtZb;sHdTOe:nSePib;twueg:ouk7y;vNjB7d:YTxL4;wR5FRb:siKnQd;wc73nd:kqeOEd;yxTchf:KUM7Z/dti=1/m=KbEYWb,sd5RAf
07-01 09:40:59.839 D/AIQuotaLogin(23614): provider=glm resource=https://www.gstatic.com/feedback/js/help/prod/service/lazy.min.js
07-01 09:40:59.853 D/AIQuotaLogin(23614): provider=glm resource=https://ssl.gstatic.com/accounts/animation/deviceprompttapyes/deviceprompttapyes_theme_materialnext.json
07-01 09:40:59.919 D/AIQuotaLogin(23614): provider=glm resource=https://signaler-pa.googleapis.com/punctual/v1/chooseServer?keys=key
07-01 09:41:00.148 D/AIQuotaLogin(23614): provider=glm resource=https://signaler-pa.googleapis.com/punctual/multi-watch/channel?keys=VER|gsessionid|key|RID|CVER|zx|t
07-01 09:41:00.372 D/AIQuotaLogin(23614): provider=glm resource=https://signaler-pa.googleapis.com/punctual/multi-watch/channel?keys=VER|gsessionid|key|RID|CVER|zx|t
07-01 09:41:00.598 D/AIQuotaLogin(23614): provider=glm resource=https://signaler-pa.googleapis.com/punctual/multi-watch/channel?keys=VER|gsessionid|key|RID|SID|AID|CI|TYPE|zx|t
07-01 09:41:00.796 D/AIQuotaLogin(23614): provider=glm resource=https://play.google.com/log?keys=format|hasfast|authuser
07-01 09:41:00.825 D/AIQuotaLogin(23614): provider=glm resource=https://accounts.google.com/v3/signin/_/AccountsSignInUi/data/batchexecute?keys=rpcids|source-path|f.sid|bl|hl|TL|dsh|_reqid|rt
07-01 09:41:02.184 D/AIQuotaLogin(23614): provider=glm resource=https://accounts.google.com/v3/signin/_/AccountsSignInUi/data/batchexecute?keys=rpcids|source-path|f.sid|bl|hl|TL|dsh|_reqid|rt
07-01 09:41:02.184 D/AIQuotaLogin(23614): provider=glm resource=https://signaler-pa.googleapis.com/punctual/multi-watch/channel?keys=VER|gsessionid|key|SID|RID|AID|zx|t
07-01 09:41:03.635 D/AIQuotaLogin(23614): provider=glm navigate=https://accounts.google.com/CheckCookie?keys=continue|service|checkedDomains|checkConnection|pstMsg|rart|flowName|client_id|redirect_uri|scope|o2v|chtml
07-01 09:41:03.641 D/AIQuotaLogin(23614): provider=glm resource=https://accounts.google.com/CheckCookie?keys=continue|service|checkedDomains|checkConnection|pstMsg|rart|flowName|client_id|redirect_uri|scope|o2v|chtml
07-01 09:41:03.754 D/AIQuotaLogin(23614): provider=glm navigate=https://accounts.youtube.com/accounts/SetSID?keys=ssdc|sidt|continue|tcc|dbus
07-01 09:41:03.891 D/AIQuotaLogin(23614): provider=glm navigate=https://accounts.google.co.kr/accounts/SetSID?keys=ssdc|sidt|continue|tcc
07-01 09:41:04.618 D/AIQuotaLogin(23614): provider=glm navigate=https://accounts.google.com/signin/oauth/consent?keys=authuser|part|flowName|as|client_id|requestPath|rapt
07-01 09:41:04.883 D/AIQuotaLogin(23614): provider=glm navigate=https://chat.z.ai/oauth/google/callback?keys=state|iss|code|scope|authuser|prompt
07-01 09:41:05.239 D/AIQuotaLogin(23614): provider=glm navigate=https://chat.z.ai/auth
07-01 09:41:05.575 D/AIQuotaLogin(23614): provider=glm resource=https://play.google.com/log?keys=hasfast|auth|authuser|format
07-01 09:41:05.596 D/AIQuotaLogin(23614): provider=glm resource=https://www.googletagmanager.com/gtag/js?keys=id
07-01 09:41:05.596 D/AIQuotaLogin(23614): provider=glm resource=https://z-cdn.chatglm.cn/z-ai/frontend/prod-fe-1.1.69/assets/index-MdKIpKXt.js
07-01 09:41:05.597 D/AIQuotaLogin(23614): provider=glm resource=https://z-cdn.chatglm.cn/z-ai/frontend/prod-fe-1.1.69/assets/index-CyqhDp8-.css
07-01 09:41:05.598 D/AIQuotaLogin(23614): provider=glm resource=https://o.alicdn.com/frontend-lib/common-lib/jquery.min.js
07-01 09:41:05.609 D/AIQuotaLoginConsole(23614): provider=glm consoleLevel=LOG line=223
07-01 09:41:05.609 D/AIQuotaLoginConsole(23614): provider=glm consoleLevel=LOG line=227
07-01 09:41:05.609 D/AIQuotaLoginConsole(23614): provider=glm consoleLevel=LOG line=227
07-01 09:41:05.609 D/AIQuotaLoginConsole(23614): provider=glm consoleLevel=LOG line=227
07-01 09:41:05.609 D/AIQuotaLoginConsole(23614): provider=glm consoleLevel=LOG line=227
07-01 09:41:05.609 D/AIQuotaLoginConsole(23614): provider=glm consoleLevel=LOG line=227
07-01 09:41:05.610 D/AIQuotaLoginConsole(23614): provider=glm consoleLevel=LOG line=227
07-01 09:41:05.611 D/AIQuotaLoginConsole(23614): provider=glm consoleLevel=LOG line=229
07-01 09:41:05.611 D/AIQuotaLoginConsole(23614): provider=glm consoleLevel=LOG line=233
07-01 09:41:05.611 D/AIQuotaLoginConsole(23614): provider=glm consoleLevel=LOG line=237
07-01 09:41:05.611 D/AIQuotaLoginConsole(23614): provider=glm consoleLevel=LOG line=241
07-01 09:41:05.611 D/AIQuotaLoginConsole(23614): provider=glm consoleLevel=LOG line=246
07-01 09:41:05.611 D/AIQuotaLoginConsole(23614): provider=glm consoleLevel=LOG line=247
07-01 09:41:05.611 D/AIQuotaLoginConsole(23614): provider=glm consoleLevel=LOG line=252
07-01 09:41:05.611 D/AIQuotaLoginConsole(23614): provider=glm consoleLevel=LOG line=256
07-01 09:41:05.614 E/AIQuotaLogin(23614): provider=glm error url=https://signaler-pa.googleapis.com/punctual/multi-watch/channel?keys=VER|gsessionid|key|RID|SID|AID|CI|TYPE|zx|t description=net::ERR_FAILED
07-01 09:41:05.841 D/AIQuotaLogin(23614): provider=glm resource=https://artifacts-cdn.chatglm.site/https://fonts.googleapis.com/css2?keys=family|display
07-01 09:41:06.169 D/AIQuotaLogin(23614): provider=glm resource=https://analytics.google.com/g/collect?keys=v|tid|gtm|_p|gcd|npa|dma|_eu|are|cid|frm|pscdl
07-01 09:41:07.393 D/AIQuotaLogin(23614): provider=glm resource=https://sdk.rum.aliyuncs.com/v2/browser-sdk.js
07-01 09:41:07.419 D/AIQuotaLogin(23614): provider=glm resource=https://chat.z.ai/api/v1/auths/
07-01 09:41:07.420 D/AIQuotaLogin(23614): provider=glm resource=https://chat.z.ai/api/config
07-01 09:41:07.420 D/AIQuotaLogin(23614): provider=glm resource=https://chat.z.ai/api/v1/users/user/settings
07-01 09:41:07.423 D/AIQuotaLogin(23614): provider=glm resource=https://chat.z.ai/api/models
07-01 09:41:07.513 D/AIQuotaLogin(23614): provider=glm resource=https://z-cdn.chatglm.cn/z-ai/frontend/prod-fe-1.1.69/assets/LoginLogo-DhAdmjOX.js
07-01 09:41:07.587 D/AIQuotaLoginConsole(23614): provider=glm consoleLevel=LOG line=1
07-01 09:41:07.587 D/AIQuotaLoginConsole(23614): provider=glm consoleLevel=TIP line=1
07-01 09:41:07.684 D/AIQuotaLogin(23614): provider=glm resource=https://z-cdn.chatglm.cn/z-ai/static/logo.svg
07-01 09:41:07.686 D/AIQuotaLogin(23614): provider=glm resource=https://z-cdn.chatglm.cn/z-ai/static/logo.svg
07-01 09:41:07.717 D/AIQuotaLogin(23614): provider=glm resource=https://z-cdn.chatglm.cn/z-ai/frontend/prod-fe-1.1.69/assets/_page-gEiZdPUV.js
07-01 09:41:07.721 D/AIQuotaLogin(23614): provider=glm resource=https://z-cdn.chatglm.cn/z-ai/frontend/prod-fe-1.1.69/assets/_page-B7LNmu9i.css
07-01 09:41:07.725 D/AIQuotaLogin(23614): provider=glm resource=https://chat.z.ai/api/v1/users/user/settings/update
07-01 09:41:07.758 D/AIQuotaLoginConsole(23614): provider=glm consoleLevel=LOG line=1
07-01 09:41:07.764 D/AIQuotaLogin(23614): provider=glm resource=https://chat.z.ai/api/v1/auths/
07-01 09:41:07.765 D/AIQuotaLogin(23614): provider=glm resource=https://sdata.chatglm.cn/frontend/zai/e.gif?keys=pd|bt|tm|ct|ctvl|usid|fr|pvid|_n_is_guest|url|ctnm|extra
07-01 09:41:07.887 E/AIQuotaLogin(23614): provider=glm http status=422 url=https://chat.z.ai/api/v1/users/user/settings/update
07-01 09:41:07.891 D/AIQuotaLoginConsole(23614): provider=glm consoleLevel=LOG line=62
07-01 09:41:07.891 D/AIQuotaLoginConsole(23614): provider=glm consoleLevel=ERROR line=62
07-01 09:41:07.943 D/AIQuotaLoginConsole(23614): provider=glm consoleLevel=LOG line=1
07-01 09:41:07.949 D/AIQuotaLogin(23614): provider=glm resource=https://chat.z.ai/api/config
07-01 09:41:08.178 D/AIQuotaLogin(23614): provider=glm navigate=https://chat.z.ai/api/oauth/authorize?keys=client_id|response_type|state|redirect_uri
07-01 09:41:08.181 D/AIQuotaLogin(23614): provider=glm resource=https://chat.z.ai/api/oauth/authorize?keys=client_id|response_type|state|redirect_uri
07-01 09:41:08.190 D/AIQuotaLogin(23614): provider=glm resource=https://z-cdn.chatglm.cn/z-ai/static/logo.svg
07-01 09:41:08.198 D/AIQuotaLogin(23614): provider=glm resource=https://z-cdn.chatglm.cn/z-ai/static/fonts/Geist[wght].ttf
07-01 09:41:08.346 D/AIQuotaLogin(23614): provider=glm navigate=https://z.ai/login/callback?keys=redirect|code|state
07-01 09:41:08.728 D/AIQuotaLogin(23614): provider=glm resource=https://k8s-log-c1f874a604cb64b29bb69219c8faaf8b7.cn-hongkong.log.aliyuncs.com/logstores/prod-open-webui-frontend/track?keys=APIVersion
07-01 09:41:09.673 D/AIQuotaLogin(23614): provider=glm resource=https://analytics.google.com/g/collect?keys=v|tid|gtm|_p|gcd|npa|dma|_eu|ae|are|cid|frm
07-01 09:41:09.677 D/AIQuotaLogin(23614): provider=glm resource=https://analytics.google.com/g/collect?keys=v|tid|gtm|_p|_gaz|gcd|npa|dma|_eu|are|cid|frm
07-01 09:41:09.680 D/AIQuotaLogin(23614): provider=glm resource=https://www.google.co.kr/ads/ga-audiences?keys=v|t|slf_rd|_r|tid|cid|gtm|rcb|aip|dma|gcd|npa
07-01 09:41:09.686 D/AIQuotaLogin(23614): provider=glm resource=https://j2c03hoppk-default-cn.rum.aliyuncs.com/
07-01 09:41:09.691 D/AIQuotaLogin(23614): provider=glm resource=https://www.google.com/g/collect?keys=v|tid|gtm|_p|gcd|npa|dma|_eu|ae|are|cid|frm
07-01 09:41:09.694 D/AIQuotaLogin(23614): provider=glm resource=https://www.google.com/g/collect?keys=v|tid|gtm|_p|_gaz|gcd|npa|dma|_eu|are|cid|frm
07-01 09:41:09.710 D/AIQuotaLogin(23614): provider=glm resource=https://z.ai/_next/static/media/74fa777cac189696-s.p.ttf
07-01 09:41:09.711 D/AIQuotaLogin(23614): provider=glm resource=https://z.ai/_next/static/media/98320d588ee45fe2-s.p.ttf
07-01 09:41:09.712 D/AIQuotaLogin(23614): provider=glm resource=https://z.ai/_next/static/media/a40c83c38559db55-s.p.ttf
07-01 09:41:09.712 D/AIQuotaLogin(23614): provider=glm resource=https://z.ai/_next/static/media/f3082694476a79c3-s.p.ttf
07-01 09:41:09.713 D/AIQuotaLogin(23614): provider=glm resource=https://z.ai/_next/static/css/bde391a2dc0c5f50.css
07-01 09:41:09.713 D/AIQuotaLogin(23614): provider=glm resource=https://z.ai/_next/static/css/a70e7aab4c4dbcdb.css
07-01 09:41:09.713 D/AIQuotaLogin(23614): provider=glm resource=https://z.ai/_next/static/css/06eee677ceaf36a2.css
07-01 09:41:09.713 D/AIQuotaLogin(23614): provider=glm resource=https://z.ai/_next/static/css/38a00db3df158e74.css
07-01 09:41:09.713 D/AIQuotaLogin(23614): provider=glm resource=https://z.ai/_next/static/css/3730f9ae63252c5f.css
07-01 09:41:09.720 D/AIQuotaLogin(23614): provider=glm resource=https://www.googletagmanager.com/gtag/js?keys=id
07-01 09:41:09.737 D/AIQuotaLogin(23614): provider=glm resource=https://z.ai/_next/static/chunks/webpack-774745fcebbc8a87.js
07-01 09:41:09.738 D/AIQuotaLogin(23614): provider=glm resource=https://z.ai/_next/static/chunks/52bcc53e-060b90e4f28c19f7.js
07-01 09:41:09.738 D/AIQuotaLogin(23614): provider=glm resource=https://z.ai/_next/static/chunks/8106-d02730666dcb8b9a.js
07-01 09:41:09.738 D/AIQuotaLogin(23614): provider=glm resource=https://z.ai/_next/static/chunks/main-app-ba8cdb9db4962606.js
07-01 09:41:09.738 D/AIQuotaLogin(23614): provider=glm resource=https://z.ai/_next/static/chunks/5090-606c6480d2a07138.js
07-01 09:41:09.739 D/AIQuotaLogin(23614): provider=glm resource=https://z.ai/_next/static/chunks/1358-35e6ad417a978a81.js
07-01 09:41:09.739 D/AIQuotaLogin(23614): provider=glm resource=https://z.ai/_next/static/chunks/7014-920ab5fa231b1646.js
07-01 09:41:09.739 D/AIQuotaLogin(23614): provider=glm resource=https://z.ai/_next/static/chunks/2994-fbf3a60c35d6c1e6.js
07-01 09:41:09.739 D/AIQuotaLogin(23614): provider=glm resource=https://z.ai/_next/static/chunks/1898-a1832797cc46e1a6.js
07-01 09:41:09.739 D/AIQuotaLogin(23614): provider=glm resource=https://z.ai/_next/static/chunks/6051-2d89bcc8bd48c3e0.js
07-01 09:41:09.739 D/AIQuotaLogin(23614): provider=glm resource=https://z.ai/_next/static/chunks/app/[locale]/login/callback/page-612856d0d65a7559.js
07-01 09:41:09.740 D/AIQuotaLogin(23614): provider=glm resource=https://z.ai/_next/static/chunks/023c1e32-edc217937ce9565a.js
07-01 09:41:09.740 D/AIQuotaLogin(23614): provider=glm resource=https://z.ai/_next/static/chunks/4385-bf59bbcbdd5c4cb8.js
07-01 09:41:09.740 D/AIQuotaLogin(23614): provider=glm resource=https://z.ai/_next/static/chunks/3126-0c2e709614a8fce7.js
07-01 09:41:09.740 D/AIQuotaLogin(23614): provider=glm resource=https://z.ai/_next/static/chunks/1840-85f6a39ffe848586.js
07-01 09:41:09.740 D/AIQuotaLogin(23614): provider=glm resource=https://z.ai/_next/static/chunks/3601-acc5a58b8f9dcb1f.js
07-01 09:41:09.740 D/AIQuotaLogin(23614): provider=glm resource=https://z.ai/_next/static/chunks/6866-f4f5d0ba8ff8ba6a.js
07-01 09:41:09.740 D/AIQuotaLogin(23614): provider=glm resource=https://z.ai/_next/static/chunks/7923-c1d174e27010fdea.js
07-01 09:41:09.740 D/AIQuotaLogin(23614): provider=glm resource=https://z.ai/_next/static/chunks/2337-0720e5b49ccd9af0.js
07-01 09:41:09.741 D/AIQuotaLogin(23614): provider=glm resource=https://z.ai/_next/static/chunks/1979-abfd6cd997875590.js
07-01 09:41:09.741 D/AIQuotaLogin(23614): provider=glm resource=https://z.ai/_next/static/chunks/7368-24d21e801857a37e.js
07-01 09:41:09.741 D/AIQuotaLogin(23614): provider=glm resource=https://z.ai/_next/static/chunks/156-620d5eaa0de405b3.js
07-01 09:41:09.743 D/AIQuotaLogin(23614): provider=glm resource=https://z.ai/_next/static/chunks/389-cec8c4baf567a095.js
07-01 09:41:09.743 D/AIQuotaLogin(23614): provider=glm resource=https://z.ai/_next/static/chunks/2687-3ab6788441360e84.js
07-01 09:41:09.743 D/AIQuotaLogin(23614): provider=glm resource=https://z.ai/_next/static/chunks/2719-ea0853b306e59c7a.js
07-01 09:41:09.743 D/AIQuotaLogin(23614): provider=glm resource=https://z.ai/_next/static/chunks/3827-fc5e7c25854c8696.js
07-01 09:41:09.744 D/AIQuotaLogin(23614): provider=glm resource=https://z.ai/_next/static/chunks/app/[locale]/layout-4a60927bd8cdc3cc.js
07-01 09:41:09.744 D/AIQuotaLogin(23614): provider=glm resource=https://z.ai/_next/static/chunks/4945-ab7f1b51380da770.js
07-01 09:41:09.744 D/AIQuotaLogin(23614): provider=glm resource=https://z.ai/_next/static/chunks/3581-62c7b103ece6917a.js
07-01 09:41:09.745 D/AIQuotaLogin(23614): provider=glm resource=https://z.ai/_next/static/chunks/app/[locale]/error-dfcf8060dc2e423b.js
07-01 09:41:10.188 D/AIQuotaLogin(23614): provider=glm resource=https://z-cdn.chatglm.cn/z-ai/static/logo.svg
07-01 09:41:11.158 D/AIQuotaLogin(23614): provider=glm resource=https://z-cdn.chatglm.cn/z-ai/static/logo.svg
07-01 09:41:11.167 D/AIQuotaLogin(23614): provider=glm resource=https://z-cdn.chatglm.cn/z-ai/static/logo.svg
07-01 09:41:11.195 D/AIQuotaLoginConsole(23614): provider=glm consoleLevel=LOG line=1
07-01 09:41:11.195 D/AIQuotaLogin(23614): provider=glm resource=https://static.ads-twitter.com/uwt.js
07-01 09:41:11.203 D/AIQuotaLogin(23614): provider=glm resource=https://api.z.ai/api/biz/userBehaviorTracking
07-01 09:41:11.214 D/AIQuotaLogin(23614): provider=glm resource=https://z.ai/_next/static/chunks/890d931a.4a817e39733f763c.js
07-01 09:41:11.242 D/AIQuotaLogin(23614): provider=glm resource=https://api.z.ai/api/auth/z/zaiAuthToken
07-01 09:41:11.246 D/AIQuotaLogin(23614): provider=glm resource=https://z-cdn.chatglm.cn/z-ai/static/logo.svg
07-01 09:41:11.274 D/AIQuotaLogin(23614): provider=glm resource=https://z-cdn.chatglm.cn/z-ai/static/logo.svg
07-01 09:41:11.350 D/AIQuotaLogin(23614): provider=glm resource=https://www.google.com/measurement/conversion?keys=random|cv|tid|fst|fmt|en|gtm|gcd|dma|tag_exp|u_w|u_h
07-01 09:41:11.379 D/AIQuotaLogin(23614): provider=glm resource=https://analytics.google.com/g/collect?keys=v|tid|gtm|_p|_gaz|gcd|npa|dma|_eu|_prs|are|cid
07-01 09:41:11.381 D/AIQuotaLogin(23614): provider=glm resource=https://www.google.co.kr/ads/ga-audiences?keys=v|t|slf_rd|_r|tid|cid|gtm|rcb|aip|dma|gcd|npa
07-01 09:41:11.391 D/AIQuotaLogin(23614): provider=glm resource=https://z.ai/chat?keys=_rsc
07-01 09:41:11.435 D/AIQuotaLogin(23614): provider=glm resource=https://www.google.com/measurement/conversion?keys=random|cv|tid|fst|fmt|en|gtm|gcd|dma|tag_exp|u_w|u_h
07-01 09:41:11.453 D/AIQuotaLoginConsole(23614): provider=glm consoleLevel=LOG line=1
07-01 09:41:11.457 D/AIQuotaLogin(23614): provider=glm resource=https://analytics.google.com/g/collect?keys=v|tid|gtm|_p|gcd|npa|dma|_eu|_prs|ae|are|cid
07-01 09:41:11.481 D/AIQuotaLogin(23614): provider=glm resource=https://z.ai/_next/static/chunks/5790.f420ee43326e4de6.js
07-01 09:41:11.491 D/AIQuotaLoginConsole(23614): provider=glm consoleLevel=LOG line=1
07-01 09:41:11.510 D/AIQuotaLogin(23614): provider=glm resource=https://t.co/1/i/adsct?keys=bci|dv|eci|event|event_id|integration|p_id|p_user_id|pl_id|pt|tw_document_href|tw_iframe_status
07-01 09:41:11.510 D/AIQuotaLogin(23614): provider=glm resource=https://analytics.twitter.com/1/i/adsct?keys=bci|dv|eci|event|event_id|integration|p_id|p_user_id|pl_id|pt|tw_document_href|tw_iframe_status
07-01 09:41:11.551 D/AIQuotaLogin(23614): provider=glm resource=https://z.ai/_next/static/chunks/7073-1dc850bdca5f4b3b.js
07-01 09:41:11.552 D/AIQuotaLogin(23614): provider=glm resource=https://z.ai/_next/static/chunks/app/[locale]/page-3454e96dedaa2f07.js
07-01 09:41:11.552 D/AIQuotaLogin(23614): provider=glm resource=https://z.ai/_next/static/chunks/4129-5b016b7f4cb7e10f.js
07-01 09:41:11.552 D/AIQuotaLogin(23614): provider=glm resource=https://z.ai/_next/static/css/2177b086ad2c1db5.css
07-01 09:41:11.636 D/AIQuotaLogin(23614): provider=glm resource=https://z.ai/_next/static/chunks/9055.f0419cf9f6e84e2f.js
07-01 09:41:11.766 D/AIQuotaLogin(23614): provider=glm resource=https://app.adjust.com/event
07-01 09:41:11.808 D/AIQuotaLogin(23614): provider=glm resource=https://z.ai/_next/static/chunks/7548.e88af7e489a315c4.js
07-01 09:41:11.842 D/AIQuotaLogin(23614): provider=glm resource=https://api.z.ai/api/auth/z/zaiAuthToken
07-01 09:41:11.958 D/AIQuotaLogin(23614): provider=glm resource=https://z.ai/_next/static/chunks/3561.b9904dbd20245696.js
07-01 09:41:12.104 D/AIQuotaLogin(23614): provider=glm resource=https://z.ai/_next/static/chunks/2083.2db3b12f0db8ca4a.js
07-01 09:41:12.319 D/AIQuotaLogin(23614): provider=glm resource=https://zhipuaishengchan.datasink.sensorsdata.cn/sa.gif?keys=project|token|data|ext
07-01 09:41:12.320 D/AIQuotaLogin(23614): provider=glm resource=https://zhipuaishengchan.datasink.sensorsdata.cn/sa.gif?keys=project|token|data|ext
07-01 09:41:12.610 D/AIQuotaLogin(23614): provider=glm resource=https://app.adjust.com/event
07-01 09:41:12.659 D/AIQuotaLogin(23614): provider=glm resource=https://api.z.ai/api/auth/z/login
07-01 09:41:12.945 D/AIQuotaLogin(23614): provider=glm resource=https://api.z.ai/api/auth/z/login
07-01 09:41:13.666 D/AIQuotaLogin(23614): provider=glm resource=https://api.z.ai/api/biz/customer/getCustomerInfo
07-01 09:41:14.253 D/AIQuotaLogin(23614): provider=glm resource=https://api.z.ai/api/biz/customer/getCustomerInfo
07-01 09:41:14.583 D/AIQuotaLogin(23614): provider=glm resource=https://api.z.ai/api/biz/label/whitelist/check?keys=labelValue
07-01 09:41:14.583 D/AIQuotaLogin(23614): provider=glm resource=https://api.z.ai/api/biz/customerService/zaiUserInfo
07-01 09:41:14.803 D/AIQuotaLogin(23614): provider=glm resource=https://api.z.ai/api/biz/label/whitelist/check?keys=labelValue
07-01 09:41:14.872 D/AIQuotaLogin(23614): provider=glm resource=https://api.z.ai/api/biz/customerService/zaiUserInfo
07-01 09:41:15.103 D/AIQuotaLogin(23614): provider=glm resource=https://api.z.ai/api/biz/userBehaviorTracking
07-01 09:41:15.103 D/AIQuotaLogin(23614): provider=glm resource=https://zhipuaishengchan.datasink.sensorsdata.cn/sa.gif?keys=project|token|data|ext
07-01 09:41:15.104 D/AIQuotaLogin(23614): provider=glm resource=https://zhipuaishengchan.datasink.sensorsdata.cn/sa.gif?keys=project|token|data|ext
07-01 09:41:15.105 D/AIQuotaLogin(23614): provider=glm resource=https://z.ai/api/auth/me
07-01 09:41:15.105 D/AIQuotaLogin(23614): provider=glm resource=https://zhipuaishengchan.datasink.sensorsdata.cn/sa.gif?keys=project|token|data|ext
07-01 09:41:15.408 D/AIQuotaLogin(23614): provider=glm resource=https://api.z.ai/api/biz/userBehaviorTracking
07-01 09:41:15.503 D/AIQuotaLogin(23614): provider=glm resource=https://zhipuaishengchan.datasink.sensorsdata.cn/sa.gif?keys=project|token|data|ext
07-01 09:41:15.503 D/AIQuotaLogin(23614): provider=glm resource=https://zhipuaishengchan.datasink.sensorsdata.cn/sa.gif?keys=project|token|data|ext
07-01 09:41:15.507 D/AIQuotaLogin(23614): provider=glm resource=https://api.z.ai/api/biz/subscription/v1-coding-plan-auto-renew-closed-by-system
07-01 09:41:15.509 D/AIQuotaLogin(23614): provider=glm resource=https://z-cdn.chatglm.cn/z-ai/static/logo.svg
07-01 09:41:15.519 D/AIQuotaLogin(23614): provider=glm resource=https://z-cdn.chatglm.cn/z-ai/static/logo.svg
07-01 09:41:15.520 D/AIQuotaLogin(23614): provider=glm resource=https://z-cdn.chatglm.cn/z-ai/static/logo.svg
07-01 09:41:15.520 D/AIQuotaLogin(23614): provider=glm resource=https://z-cdn.chatglm.cn/z-ai/static/logo.svg
07-01 09:41:15.520 D/AIQuotaLogin(23614): provider=glm resource=https://z-cdn.chatglm.cn/z-ai/static/logo.svg
07-01 09:41:15.521 D/AIQuotaLogin(23614): provider=glm resource=https://z-cdn.chatglm.cn/z-ai/static/logo.svg
07-01 09:41:15.521 D/AIQuotaLogin(23614): provider=glm resource=https://z-cdn.chatglm.cn/z-ai/static/logo.svg
07-01 09:41:15.713 D/AIQuotaLogin(23614): provider=glm resource=https://app.adjust.com/event
07-01 09:41:15.786 D/AIQuotaLogin(23614): provider=glm resource=https://api.z.ai/api/biz/subscription/v1-coding-plan-auto-renew-closed-by-system
07-01 09:41:16.474 D/AIQuotaLogin(23614): provider=glm resource=https://www.google.com/measurement/conversion?keys=random|cv|tid|fst|fmt|en|gtm|gcd|dma|tag_exp|u_w|u_h
07-01 09:41:16.481 D/AIQuotaLogin(23614): provider=glm resource=https://analytics.google.com/g/collect?keys=v|tid|gtm|_p|gcd|npa|dma|_eu|_prs|ae|are|cid
07-01 09:41:26.021 D/AIQuotaNativeUsage(23614): nativeUsage provider=claude ok=true diagnostic=ok statuses=claude.ai/api/organizations:200:|claude.ai/api/account_profile:200:|claude.ai/api/organizations/6d7e7f53-6216-45b3-93bb-764f73f98c92/subscription_details:200:|claude.ai/api/organizations/6d7e7f53-6216-45b3-93bb-764f73f98c92/usage:200:
07-01 09:41:29.738 D/AIQuotaNativeUsage(23614): nativeUsage provider=codex ok=true diagnostic=ok statuses=chatgpt.com/api/auth/session:403:|chatgpt.com/backend-api/me:403:|chatgpt.com/backend-api/accounts/check/v4-2023-04-27:403:|chatgpt.com/backend-api/subscriptions:403:|chatgpt.com/backend-api/wham/usage:200:
07-01 09:41:30.879 D/AIQuotaNativeUsage(23614): nativeUsage provider=gemini ok=true diagnostic=ok statuses=gemini_usage_page_html:200|gemini_usage_rpc_jSf9Qc:200
07-01 09:41:36.531 D/AIQuotaNativeUsage(23614): nativeUsage provider=copilot ok=true diagnostic=copilot_usage_unavailable statuses=
