--------- beginning of main
07-01 10:14:28.402   539   539 I adbd    : adbd service requested 'shell,v2,TERM=xterm-256color,raw:am start -n com.aiquota.mobile/.debug.ProviderLoginDebugActivity --es provider_id glm --es start_url https://z.ai/manage-apikey/coding-plan/personal/usage'
--------- beginning of system
07-01 10:14:28.417   692  1997 W ActivityTaskManager: callingPackage for (uid=2000, pid=28343) has no WPC
07-01 10:14:28.419   692  1997 V GrammaticalInflectionUtils: AttributionSource: android.content.AttributionSource@5a99a687 does not have READ_SYSTEM_GRAMMATICAL_GENDER permission.
07-01 10:14:28.423  1124  1124 D RecentsView: onTaskDisplayChanged: 586, new displayId = 0
07-01 10:14:28.424   527   541 I libbinder.BpBinder: onLastStrongRef automatically unlinking death recipients for binder (0x7594bf03fce0) with descriptor: '(not cached)'
07-01 10:14:28.426   692  1997 V ActivityTaskManager: TaskLaunchParamsModifier: phase=3 task=Task{c1345f8 #586 type=standard A=10233:com.aiquota.mobile} activity=ActivityRecord{25487707 u0 com.aiquota.mobile/.debug.ProviderLoginDebugActivity t-1} display-from-task=0 display-id=0 task-display-area-windowing-mode=1 suggested-display-area=DefaultTaskDisplayArea@146288658 inherit-from-task=fullscreen non-freeform-task-display-area display-area=DefaultTaskDisplayArea@146288658 skip-bounds-fullscreen
07-01 10:14:28.426   692  1997 I ActivityTaskManager: START u0 {flg=0x10000000 xflg=0x4 cmp=com.aiquota.mobile/.debug.ProviderLoginDebugActivity (has extras)} with LAUNCH_MULTIPLE from uid 2000 (com.android.shell) (BAL_ALLOW_PERMISSION) result code=0
07-01 10:14:28.426  1124  1124 D BaseActivity: Launcher flags updated: [state_started|state_resumed|state_deferred_resumed|state_window_focused|state_user_active] -[]
07-01 10:14:28.426   976  1041 V WindowManagerShell: Transition requested (#108): android.os.BinderProxy@4dfd305 TransitionRequestInfo { type = OPEN, triggerTask = TaskInfo{userId=0 taskId=586 effectiveUid=10233 displayId=0 isRunning=true baseIntent=Intent { flg=0x10000000 cmp=com.aiquota.mobile/.debug.ProviderLoginDebugActivity } baseActivity=ComponentInfo{com.aiquota.mobile/com.aiquota.mobile.debug.ProviderLoginDebugActivity} topActivity=ComponentInfo{com.aiquota.mobile/com.aiquota.mobile.debug.ProviderLoginDebugActivity} origActivity=null realActivity=ComponentInfo{com.aiquota.mobile/com.aiquota.mobile.debug.ProviderLoginDebugActivity} realActivityIsAppLockEnabled=false numActivities=1 lastActiveTime=13734784 supportsMultiWindow=true supportsMultiWindowWithoutConstraints=true resizeMode=1 isResizeable=true minWidth=-1 minHeight=-1 defaultMinSize=220 token=WCT{android.os.BinderProxy@768f5a} topActivityType=1 pictureInPictureParams=null shouldDockBigOverlays=false launchIntoPipHostTaskId=-1 lastParentTaskIdBeforePip=-1 displayCutoutSafeInsets=Rect(0, 132 - 0, 0) topActivityInfo=ActivityInfo{bc4a58b com.aiquota.mobile.debug.ProviderLoginDebugActivity} launchCookies=[] positionInParent=Point(0, 0) parentTaskId=-1 isFocused=false isInteractive=false isVisible=false isVisibleRequested=false isTopActivityNoDisplay=false isSleeping=false locusId=null displayAreaFeatureId=1 isTopActivityTransparent=false isActivityStackTransparent=false lastNonFullscreenBounds=null leafTaskBoundsFromOptions= false capturedLink=null capturedLinkTimestamp=0 requestedVisibleTypes=503 topActivityRequestOpenInBrowserEducationTimestamp=0 appCompatTaskInfo=AppCompatTaskInfo { topActivityInSizeCompat=false isLeafTask= true eligibleForLetterboxEducation= false isLetterboxEducationEnabled= true isLetterboxDoubleTapEnabled= false eligibleForUserAspectRatioButton= false topActivityBoundsLetterboxed= false isFromLetterboxDoubleTap= false topActivityLetterboxVerticalPosition= -1 topActivityLetterboxHorizontalPosition= -1 topActivityLetterboxWidth=-1 topActivityLetterboxHeight=-1 topActivityAppBounds=Rect(0, 0 - 1080, 2400) isUserFullscreenOverrideEnabled=false isSystemFullscreenOverrideEnabled=false hasMinAspectRatioOverride=false topActivityLetterboxBounds=null topNonResizableActivityAspectRatio=-1.0} topActivityMainWindowFrame=null isAppBubble=false}, pipChange = null, remoteTransitionInfo = null, displayChanges = null, requestedLocation = null, userChange = null, windowingLayerChange = null, fullscreenRequestChange = null, flags = 0, debugId = 108 }
07-01 10:14:28.426  1124  1124 D BaseActivity: Launcher flags updated: [state_started|state_resumed|state_deferred_resumed|state_window_focused] -[state_user_active]
07-01 10:14:28.426   976  1041 W DisconnectHandler: No disconnect change found in the transition, not handling request.
07-01 10:14:28.426   976  1041 V ShellDesktopMode: DesktopTasksController: skipping handleRequest reason=triggerTask's display doesn't support desktop mode
07-01 10:14:28.426   692  2077 D CompatChangeReporter: Compat change id reported: 309578419; UID 10233; state: ENABLED
07-01 10:14:28.427   976  1041 D ShellSplitScreen: logExit: no-op, mLoggerSessionId is null
07-01 10:14:28.429  1124  1124 D BaseActivity: Launcher flags updated: [state_started|state_window_focused] -[state_resumed|state_deferred_resumed]
07-01 10:14:28.429  1124  1124 W SplitSelectStateCtor: Missing session instanceIds
07-01 10:14:28.429  1124  1124 D StatsLog: LAUNCHER_SPLIT_SELECTION_EXIT_INTERRUPTED
07-01 10:14:28.432   976  1041 V RecentTasksController: Notify recent tasks changed
07-01 10:14:28.432   976  1041 D ShellDesktopMode: DesktopRepository(0): Removes freeform task: taskId=585
07-01 10:14:28.432   976  1041 W ShellDesktopMode: DesktopRepository(0): No display id found for task: taskId=585
07-01 10:14:28.432   976  1041 V RecentTasksController: Notify recent tasks changed
07-01 10:14:28.432   976  1041 D WindowManagerShell: setLauncherKeepClearAreaHeight: visible=false, height=495
07-01 10:14:28.433   587 16640 W libbinder.IPCThreadState: Sending oneway calls to frozen process.
07-01 10:14:28.434   692  1010 D CompatChangeReporter: Compat change id reported: 324203798; UID 10233; state: ENABLED
07-01 10:14:28.436   976  1110 I Surface : Creating surface for consumer unnamed-976-46 with slotExpansion=1 for 64 slots
07-01 10:14:28.447   692  1010 V WindowManager: Defer transition id=108 for TaskFragmentTransaction=android.os.Binder@2e8030d
07-01 10:14:28.449 28264 28347 I DisplayManager: Choreographer implicitly registered for the refresh rate.
07-01 10:14:28.451   692  2048 W InputChannel-JNI: Channel already disposed.
07-01 10:14:28.451  1124  1124 D RecentTasksList: invalidateLoadedTasks - previous requestLoadId: -1
07-01 10:14:28.451  1124  1124 D RecentTasksList: invalidateLoadedTasks - previous requestLoadId: -1
07-01 10:14:28.457   692  1010 V WindowManager: Continue transition id=108 for TaskFragmentTransaction=android.os.Binder@2e8030d
07-01 10:14:28.468  1124  1124 D BaseActivity: Launcher flags updated: [state_started] -[state_window_focused]
07-01 10:14:28.471 28264 28264 D DesktopExperienceFlags: Toggle override initialized to: false
07-01 10:14:28.480   976  1110 E ConsumerBase: [ImageReader-420x420f1u2816m2-976-21] abandonLocked: ConsumerBase is abandoned!
07-01 10:14:28.492   976  1109 D WindowOnBackDispatcher: setTopOnBackInvokedCallback (unwrapped): android.view.ViewRootImpl$$ExternalSyntheticLambda14@ed76962
07-01 10:14:28.493   692  1010 D CoreBackPreview: Window{f1528d3 u0 Splash Screen com.aiquota.mobile}: Setting back callback OnBackInvokedCallbackInfo{mCallback=android.window.IOnBackInvokedCallback$Stub$Proxy@ce786c5, mPriority=0, mIsAnimationCallback=false, mOverrideBehavior=0}
07-01 10:14:28.493   692  1010 D WindowManager: setClientSurface Surface(name=VRI-Splash Screen com.aiquota.mobile#875)/@0xb02981a for f1528d3 Splash Screen com.aiquota.mobile
07-01 10:14:28.500   976  1109 I Surface : Creating surface for consumer unnamed-976-47 with slotExpansion=1 for 64 slots
07-01 10:14:28.501   976  1109 I Surface : Creating surface for consumer VRI[mobile]#25(BLAST Consumer)25 with slotExpansion=1 for 64 slots
07-01 10:14:28.512 28264 28347 I GFXSTREAM: [eglDisplay.cpp(297)] Opening libGLESv1_CM_emulation.so
07-01 10:14:28.513 28264 28347 I GFXSTREAM: [eglDisplay.cpp(297)] Opening libGLESv2_emulation.so
07-01 10:14:28.513 28264 28347 W libc    : Access denied finding property "vendor.mesa.virtgpu.kumquat"
07-01 10:14:28.515   692  1010 V GrammaticalInflectionUtils: AttributionSource: android.content.AttributionSource@5a99a687 does not have READ_SYSTEM_GRAMMATICAL_GENDER permission.
07-01 10:14:28.519 28264 28347 W HWUI    : Failed to choose config with EGL_SWAP_BEHAVIOR_PRESERVED, retrying without...
07-01 10:14:28.523   692  1010 V ActivityTaskManager: TaskLaunchParamsModifier: phase=3 task=Task{c1345f8 #586 type=standard A=10233:com.aiquota.mobile} activity=ActivityRecord{199236904 u0 com.aiquota.mobile/.providers.WebLoginActivity t-1} display-area-from-source=DefaultTaskDisplayArea@146288658 display-id=0 task-display-area-windowing-mode=1 suggested-display-area=DefaultTaskDisplayArea@146288658 inherit-from-source=fullscreen non-freeform-task-display-area display-area=DefaultTaskDisplayArea@146288658 skip-bounds-fullscreen
07-01 10:14:28.523   692  1010 I ActivityTaskManager: START u0 {xflg=0x4 cmp=com.aiquota.mobile/.providers.WebLoginActivity (has extras)} with LAUNCH_MULTIPLE from uid 10233 (com.aiquota.mobile) (sr=25487707) (BAL_ALLOW_VISIBLE_WINDOW) result code=0
07-01 10:14:28.524 28264 28347 W HWUI    : Failed to initialize 101010-2 format, error = EGL_SUCCESS
07-01 10:14:28.532 28264 28264 D CompatChangeReporter: Compat change id reported: 309578419; UID 10233; state: ENABLED
07-01 10:14:28.537 28264 28269 I .aiquota.mobile: Background concurrent mark compact GC freed 6898KB AllocSpace bytes, 74(2624KB) LOS objects, 49% free, 4177KB/8354KB, paused 5.815ms,7.741ms total 97.051ms
07-01 10:14:28.568   692   800 D ActivityManager: freezing 5288 com.android.vending:background
07-01 10:14:28.584   692   892 I AdbWifiNetworkMonitor: Wi-Fi network available
07-01 10:14:28.584   692   892 I AdbWifiNetworkMonitor: Received the same Wi-Fi SSID. Ignoring.
07-01 10:14:28.587   692   860 I HalDevMgr: bestIfaceCreationProposal is null, requestIface=STA, existingIface=[name=wlan0 type=STA]
07-01 10:14:28.593  1074  1202 D IpClient/wlan0: interfaceLinkStateChanged: ifindex 16 up
07-01 10:14:28.598   976  4361 V WindowManagerShell: onTransitionReady(transaction=2972117376704)
07-01 10:14:28.598   692   712 V WindowManager: Sent Transition (#108) createdAt=07-01 10:14:28.420 via request=TransitionRequestInfo { type = OPEN, triggerTask = TaskInfo{userId=0 taskId=586 effectiveUid=10233 displayId=0 isRunning=true baseIntent=Intent { flg=0x10000000 cmp=com.aiquota.mobile/.debug.ProviderLoginDebugActivity } baseActivity=ComponentInfo{com.aiquota.mobile/com.aiquota.mobile.debug.ProviderLoginDebugActivity} topActivity=ComponentInfo{com.aiquota.mobile/com.aiquota.mobile.debug.ProviderLoginDebugActivity} origActivity=null realActivity=ComponentInfo{com.aiquota.mobile/com.aiquota.mobile.debug.ProviderLoginDebugActivity} realActivityIsAppLockEnabled=false numActivities=1 lastActiveTime=13734784 supportsMultiWindow=true supportsMultiWindowWithoutConstraints=true resizeMode=1 isResizeable=true minWidth=-1 minHeight=-1 defaultMinSize=220 token=WCT{RemoteToken{4c9ecc3 Task{c1345f8 #586 type=standard A=10233:com.aiquota.mobile}}} topActivityType=1 pictureInPictureParams=null shouldDockBigOverlays=false launchIntoPipHostTaskId=-1 lastParentTaskIdBeforePip=-1 displayCutoutSafeInsets=Rect(0, 132 - 0, 0) topActivityInfo=ActivityInfo{1ef6940 com.aiquota.mobile.debug.ProviderLoginDebugActivity} launchCookies=[] positionInParent=Point(0, 0) parentTaskId=-1 isFocused=false isInteractive=false isVisible=false isVisibleRequested=false isTopActivityNoDisplay=false isSleeping=false locusId=null displayAreaFeatureId=1 isTopActivityTransparent=false isActivityStackTransparent=false lastNonFullscreenBounds=null leafTaskBoundsFromOptions= false capturedLink=null capturedLinkTimestamp=0 requestedVisibleTypes=503 topActivityRequestOpenInBrowserEducationTimestamp=0 appCompatTaskInfo=AppCompatTaskInfo { topActivityInSizeCompat=false isLeafTask= true eligibleForLetterboxEducation= false isLetterboxEducationEnabled= true isLetterboxDoubleTapEnabled= false eligibleForUserAspectRatioButton= false topActivityBoundsLetterboxed= false isFromLetterboxDoubleTap= false topActivityLetterboxVerticalPosition= -1 topActivityLetterboxHorizontalPosition= -1 topActivityLetterboxWidth=-1 topActivityLetterboxHeight=-1 topActivityAppBounds=Rect(0, 0 - 1080, 2400) isUserFullscreenOverrideEnabled=false isSystemFullscreenOverrideEnabled=false hasMinAspectRatioOverride=false topActivityLetterboxBounds=null topNonResizableActivityAspectRatio=-1.0} topActivityMainWindowFrame=null isAppBubble=false}, pipChange = null, remoteTransitionInfo = null, displayChanges = null, requestedLocation = null, userChange = null, windowingLayerChange = null, fullscreenRequestChange = null, flags = 0, debugId = 108 }
07-01 10:14:28.598   692   712 V WindowManager:     startWCT=WindowContainerTransaction { changes= {} hops= [] flags= 0 errorCallbackToken=null taskFragmentOrganizer=null }
07-01 10:14:28.598   692   712 V WindowManager:     info={id=108 t=OPEN f=0x0 trk=0 r=[0@Point(0, 0)] c=[
07-01 10:14:28.598   692   712 V WindowManager:         {WCT{RemoteToken{4c9ecc3 Task{c1345f8 #586 type=standard A=10233:com.aiquota.mobile}}} m=OPEN f=MOVE_TO_TOP|FLAG_CHANGED_INTERACTIVE leash=Surface(name=Task=586#872)/@0x86cc97d sb=Rect(0, 0 - 1080, 2400) eb=Rect(0, 0 - 1080, 2400) epz=Point(1080, 2400) d=0 taskParent=-1 winMode=1 userId=0},
07-01 10:14:28.598   692   712 V WindowManager:         {WCT{RemoteToken{9e125dd Task{1fd25e1 #1 type=home}}} m=TO_BACK f=SHOW_WALLPAPER|FLAG_CHANGED_INTERACTIVE leash=Surface(name=Task=1#35)/@0x54d2d69 sb=Rect(0, 0 - 1080, 2400) eb=Rect(0, 0 - 1080, 2400) epz=Point(1080, 2400) d=0 taskParent=-1 winMode=1 userId=0},
07-01 10:14:28.598   692   712 V WindowManager:         {m=TO_BACK f=IS_WALLPAPER leash=Surface(name=WallpaperWindowToken{52b99b6}#55)/@0x568e9c sb=Rect(0, 0 - 1080, 2400) eb=Rect(0, 0 - 1080, 2400) epz=Point(1080, 2400) d=0}
07-01 10:14:28.598   692   712 V WindowManager:     ]}
07-01 10:14:28.599   976  1041 V WindowManagerShell: onTransitionReady (#108) android.os.BinderProxy@4dfd305: {id=108 t=OPEN f=0x0 trk=0 r=[0@Point(0, 0)] c=[
07-01 10:14:28.599   976  1041 V WindowManagerShell:         {m=OPEN f=MOVE_TO_TOP|FLAG_CHANGED_INTERACTIVE leash=Surface(name=Task=586#872)/@0x72bc56b sb=Rect(0, 0 - 1080, 2400) eb=Rect(0, 0 - 1080, 2400) epz=Point(1080, 2400) d=0 taskParent=-1 winMode=1 userId=0},
07-01 10:14:28.599   976  1041 V WindowManagerShell:         {m=TO_BACK f=SHOW_WALLPAPER|FLAG_CHANGED_INTERACTIVE leash=Surface(name=Task=1#35)/@0xf8bd8c8 sb=Rect(0, 0 - 1080, 2400) eb=Rect(0, 0 - 1080, 2400) epz=Point(1080, 2400) d=0 taskParent=-1 winMode=1 userId=0},
07-01 10:14:28.599   976  1041 V WindowManagerShell:         {m=TO_BACK f=IS_WALLPAPER leash=Surface(name=WallpaperWindowToken{52b99b6}#55)/@0xd486d61 sb=Rect(0, 0 - 1080, 2400) eb=Rect(0, 0 - 1080, 2400) epz=Point(1080, 2400) d=0}
07-01 10:14:28.599   976  1041 V WindowManagerShell:     ]}
07-01 10:14:28.600   976  1041 V WindowManagerShell: Playing animation for (#108) android.os.BinderProxy@4dfd305@0
07-01 10:14:28.600   976  1041 D ShellSplitScreen: startAnimation: transition=108 isSplitActive=false
07-01 10:14:28.600   976  1041 V ShellRecents: RecentsTransitionHandler.startAnimation: no controller found
07-01 10:14:28.600   976  1041 V ShellDesktopMode: DesktopMixedTransitionHandler: No pending desktop transition
07-01 10:14:28.600   976  1041 V WindowManagerShell: Transition doesn't have explicit remote, search filters for match for {id=108 t=OPEN f=0x0 trk=0 r=[0@Point(0, 0)] c=[{m=OPEN f=MOVE_TO_TOP|FLAG_CHANGED_INTERACTIVE leash=Surface(name=Task=586#872)/@0x72bc56b sb=Rect(0, 0 - 1080, 2400) eb=Rect(0, 0 - 1080, 2400) epz=Point(1080, 2400) d=0 taskParent=-1 winMode=1 userId=0},{m=TO_BACK f=SHOW_WALLPAPER|FLAG_CHANGED_INTERACTIVE leash=Surface(name=Task=1#35)/@0xf8bd8c8 sb=Rect(0, 0 - 1080, 2400) eb=Rect(0, 0 - 1080, 2400) epz=Point(1080, 2400) d=0 taskParent=-1 winMode=1 userId=0},{m=TO_BACK f=IS_WALLPAPER leash=Surface(name=WallpaperWindowToken{52b99b6}#55)/@0xd486d61 sb=Rect(0, 0 - 1080, 2400) eb=Rect(0, 0 - 1080, 2400) epz=Point(1080, 2400) d=0}]}
07-01 10:14:28.600   976  1041 V WindowManagerShell:  Checking filter Pair{{types=[] flags=0x0 notFlags=0x0 checks=[{atype=undefined independent=true modes=[CLOSE,TO_BACK] flags=IN_TASK_WITH_EMBEDDED_ACTIVITY mustBeTask=false order=ANY topActivity=null launchCookie=null taskFragmentToken=android.os.BinderProxy@37e938e windowingMode=undefined isCrossDisplayMove=false}]} RemoteTransition { remoteTransition = android.window.IRemoteTransition$Stub$Proxy@bae47af, appThread = android.app.IApplicationThread$Stub$Proxy@36607bc, debugName = overlayBackTransition, filter = {types=[] flags=0x0 notFlags=0x0 checks=[{atype=undefined independent=true modes=[CLOSE,TO_BACK] flags=IN_TASK_WITH_EMBEDDED_ACTIVITY mustBeTask=false order=ANY topActivity=null launchCookie=null taskFragmentToken=android.os.BinderProxy@37e938e windowingMode=undefined isCrossDisplayMove=false}]} }}
07-01 10:14:28.600   976  1041 V WindowManagerShell:  Checking filter Pair{{types=[] flags=0x0 notFlags=0x0 checks=[{atype=dream independent=true modes=[OPEN,TO_FRONT] flags=NONE mustBeTask=false order=ANY topActivity=null launchCookie=null windowingMode=undefined isCrossDisplayMove=false},{atype=home independent=true modes=[CLOSE,TO_BACK] flags=NONE mustBeTask=false order=ANY topActivity=null launchCookie=null windowingMode=undefined isCrossDisplayMove=false}]} RemoteTransition { remoteTransition = android.window.IRemoteTransition$Stub$Proxy@34c345, appThread = android.app.IApplicationThread$Stub$Proxy@6545a9a, debugName = LauncherToDream, filter = {types=[] flags=0x0 notFlags=0x0 checks=[{atype=dream independent=true modes=[OPEN,TO_FRONT] flags=NONE mustBeTask=false order=ANY topActivity=null launchCookie=null windowingMode=undefined isCrossDisplayMove=false},{atype=home independent=true modes=[CLOSE,TO_BACK] flags=NONE mustBeTask=false order=ANY topActivity=null launchCookie=null windowingMode=undefined isCrossDisplayMove=false}]} }}
07-01 10:14:28.600   976  1041 V WindowManagerShell:  Checking filter Pair{{types=[] flags=0x0 notFlags=0x0 checks=[{atype=standard independent=false modes=[CHANGE] flags=NONE mustBeTask=true order=ANY topActivity=null launchCookie=null windowingMode=undefined isCrossDisplayMove=true}]} RemoteTransition { remoteTransition = android.window.IRemoteTransition$Stub$Proxy@2a1afcb, appThread = android.app.IApplicationThread$Stub$Proxy@469e3a8, debugName = QuickstepDisplayMove, filter = {types=[] flags=0x0 notFlags=0x0 checks=[{atype=standard independent=false modes=[CHANGE] flags=NONE mustBeTask=true order=ANY topActivity=null launchCookie=null windowingMode=undefined isCrossDisplayMove=true}]} }}
07-01 10:14:28.600   976  1041 V WindowManagerShell:  Checking filter Pair{{types=[] flags=0x0 notFlags=0x100 checks=[{atype=home independent=true modes=[OPEN,TO_FRONT] flags=NONE mustBeTask=false order=ANY topActivity=ComponentInfo{com.google.android.apps.nexuslauncher/com.google.android.apps.nexuslauncher.NexusLauncherActivity} launchCookie=null windowingMode=undefined isCrossDisplayMove=false},{atype=standard independent=true modes=[CLOSE,TO_BACK] flags=NONE mustBeTask=false order=ANY topActivity=null launchCookie=null windowingMode=undefined isCrossDisplayMove=false},{NOT atype=undefined independent=true modes=[] flags=NONE mustBeTask=true order=ANY topActivity=null launchCookie=null customAnim=true windowingMode=undefined isCrossDisplayMove=false}]} RemoteTransition { remoteTransition = android.window.IRemoteTransition$Stub$Proxy@634ec1, appThread = android.app.IApplicationThread$Stub$Proxy@68d8666, debugName = QuickstepLaunchHome, filter = {types=[] flags=0x0 notFlags=0x100 checks=[{atype=home independent=true modes=[OPEN,TO_FRONT] flags=NONE mustBeTask=false order=ANY topActivity=ComponentInfo{com.google.android.apps.nexuslauncher/com.google.android.apps.nexuslauncher.NexusLauncherActivity} launchCookie=null windowingMode=undefined isCrossDisplayMove=false},{atype=standard independent=true modes=[CLOSE,TO_BACK] flags=NONE mustBeTask=false order=ANY topActivity=null launchCookie=null windowingMode=undefined isCrossDisplayMove=false},{NOT atype=undefined independent=true modes=[] flags=NONE mustBeTask=true order=ANY topActivity=null launchCookie=null customAnim=true windowingMode=undefined isCrossDisplayMove=false}]} }}
07-01 10:14:28.600   976  1041 V WindowManagerShell:  Checking filter Pair{{types=[OPEN,TO_FRONT] flags=0x0 notFlags=0x0 checks=[{atype=standard independent=true modes=[OPEN,TO_FRONT] flags=NONE mustBeTask=true order=ANY topActivity=null launchCookie=null windowingMode=freeform isCrossDisplayMove=false}]} RemoteTransition { remoteTransition = android.window.IRemoteTransition$Stub$Proxy@45bd114, appThread = null, debugName = DesktopWindowLimitUnminimize, filter = {types=[OPEN,TO_FRONT] flags=0x0 notFlags=0x0 checks=[{atype=standard independent=true modes=[OPEN,TO_FRONT] flags=NONE mustBeTask=true order=ANY topActivity=null launchCookie=null windowingMode=freeform isCrossDisplayMove=false}]} }}
07-01 10:14:28.601   976  1041 V WindowManagerShell:  Delegate animation for (#108) to null
07-01 10:14:28.601   976  1041 V WindowManagerShell: start default transition animation, info = {id=108 t=OPEN f=0x0 trk=0 r=[0@Point(0, 0)] c=[{m=OPEN f=MOVE_TO_TOP|FLAG_CHANGED_INTERACTIVE leash=Surface(name=Task=586#872)/@0x72bc56b sb=Rect(0, 0 - 1080, 2400) eb=Rect(0, 0 - 1080, 2400) epz=Point(1080, 2400) d=0 taskParent=-1 winMode=1 userId=0},{m=TO_BACK f=SHOW_WALLPAPER|FLAG_CHANGED_INTERACTIVE leash=Surface(name=Task=1#35)/@0xf8bd8c8 sb=Rect(0, 0 - 1080, 2400) eb=Rect(0, 0 - 1080, 2400) epz=Point(1080, 2400) d=0 taskParent=-1 winMode=1 userId=0},{m=TO_BACK f=IS_WALLPAPER leash=Surface(name=WallpaperWindowToken{52b99b6}#55)/@0xd486d61 sb=Rect(0, 0 - 1080, 2400) eb=Rect(0, 0 - 1080, 2400) epz=Point(1080, 2400) d=0}]}
07-01 10:14:28.601   976  1041 V WindowManagerShell: loadAnimation: anim=android.view.animation.AnimationSet@1bf4d47 animAttr=0x13 type=OPEN isEntrance=false
07-01 10:14:28.601   976  1041 V WindowManagerShell: loadAnimation: anim=android.view.animation.AnimationSet@3e9b974 animAttr=0x12 type=OPEN isEntrance=true
07-01 10:14:28.601  1074  1202 D IpClient/wlan0: interfaceLinkStateChanged: ifindex 16 up
07-01 10:14:28.603   976  1041 V WindowManagerShell:  animated by com.android.wm.shell.transition.DefaultTransitionHandler@72b636b
07-01 10:14:28.605   692   866 W libbinder.IPCThreadState: Sending oneway calls to frozen process.
07-01 10:14:28.606   692   866 W libbinder.IPCThreadState: Sending oneway calls to frozen process.
07-01 10:14:28.606  4397  4547 D WM-WorkConstraintsTrack: NetworkRequestConstraintController onCapabilitiesChanged callback
07-01 10:14:28.608  5429  5471 I BugleRcsEngine: handleMessage processing message:[NOTIFY_UPTIME_IGNORE_STATE_CHANGED] with [non-null]:RcsEngineImpl reference [CONTEXT log_prefix="RcsEngineImpl[DUAL_REG]:[16822a33-62db]>Handler" thread_id=64 ]
07-01 10:14:28.608  5429  5467 I BugleRcsEngine: Connected state: [1], networkType: [WIFI] [CONTEXT thread_id=63 ]
07-01 10:14:28.609   692   866 D ConnectivityService: NetReassign [no changes] [c 1] [a 0] [i 1]
07-01 10:14:28.610  1331 24223 I NearbyMediums: Wifi changed new SSID: "AndroidWifi"
07-01 10:14:28.610  1331 24223 I NearbyMediums: WifiLanConnectivityInfo is not changed, skip notify.
07-01 10:14:28.615   976  1041 V ShellTaskOrganizer: Task appeared taskId=586 listener=FullscreenTaskListener
07-01 10:14:28.615   976  1041 V ShellTaskOrganizer: Fullscreen Task Appeared: #586
07-01 10:14:28.616   976  1041 V RecentTasksController: Notify recent tasks changed
07-01 10:14:28.617  5429  5471 I BugleRcsEngine: No RCS Configuration was found in Bugle for simID: redacted-pii:sim_id[chars:20,last3:897] [CONTEXT log_prefix="ProvisioningEngineDataRetriever" thread_id=64 ]
07-01 10:14:28.618  1331  2351 I NullBinder: NullBinder for android.net.action.RECOMMEND_NETWORKS triggering remote TransactionTooLargeException due to Service without Chimera impl, calling uid: 1000, calling pid: 0
07-01 10:14:28.618  1331  2351 W libbinder.Binder: Large reply transaction of 1056768 bytes, interface descriptor , function: UNKNOWN_FUNCTION_NAME, code: 1, flags: 17
07-01 10:14:28.619  1124  1124 D RecentTasksList: invalidateLoadedTasks - previous requestLoadId: -1
07-01 10:14:28.630 28264 28264 I WebViewFactory: Loading com.google.android.webview version 148.0.7778.215 (code 777821508)
07-01 10:14:28.630 28264 28264 W ResourcesManager: Found a null ResourcesImpl, skipped.
07-01 10:14:28.633 28264 28264 V ResourcesManager: The following library key has been added: ResourcesKey{ mHash=aa554488 mResDir=null mSplitDirs=[] mOverlayDirs=[] mLibDirs=[/data/app/~~gRZDsxlqZCLB7oCd7TOaUA==/com.google.android.webview-YT9iMlxeDceFosa4dJznZw==/base.apk,/system/framework/android.test.base.jar,/system_ext/framework/androidx.window.extensions.jar] mDisplayId=0 mOverrideConfig=v37 mCompatInfo={420dpi always-compat} mLoaders=[]}
07-01 10:14:28.636 28264 28264 D ApplicationLoaders: Returning zygote-cached class loader: /system/framework/android.test.base.jar
07-01 10:14:28.636 28264 28264 D ApplicationLoaders: Returning zygote-cached class loader: /system_ext/framework/androidx.window.extensions.jar
07-01 10:14:28.638 28264 28264 W .aiquota.mobile: Loading /data/app/~~gRZDsxlqZCLB7oCd7TOaUA==/com.google.android.webview-YT9iMlxeDceFosa4dJznZw==/oat/x86_64/base.odex non-executable as it requires an image which we failed to load
07-01 10:14:28.640   976  1041 V RecentTasksController: Notify recent tasks changed
07-01 10:14:28.641  1124  1124 D RecentTasksList: invalidateLoadedTasks - previous requestLoadId: -1
07-01 10:14:28.641   976  1041 V RecentTasksController: generateList(getRecentTasks)
07-01 10:14:28.641 28264 28264 D nativeloader: Configuring clns-10 for other apk /data/app/~~gRZDsxlqZCLB7oCd7TOaUA==/com.google.android.webview-YT9iMlxeDceFosa4dJznZw==/base.apk. target_sdk_version=36, uses_libraries=, library_path=/data/app/~~gRZDsxlqZCLB7oCd7TOaUA==/com.google.android.webview-YT9iMlxeDceFosa4dJznZw==/lib/x86_64:/data/app/~~gRZDsxlqZCLB7oCd7TOaUA==/com.google.android.webview-YT9iMlxeDceFosa4dJznZw==/base.apk!/lib/x86_64, permitted_path=/data:/mnt/expand
07-01 10:14:28.641   976  1041 V RecentTasksController: initializeDesksMap - allDeskIds: []
07-01 10:14:28.641   976  1041 V RecentTasksController: Task 586 is not an active desktop task
07-01 10:14:28.641   976  1041 V RecentTasksController: Added fullscreen task: 586
07-01 10:14:28.641   976  1041 V RecentTasksController: Task 496 is not an active desktop task
07-01 10:14:28.641   976  1041 V RecentTasksController: Added fullscreen task: 496
07-01 10:14:28.641   976  1041 V RecentTasksController: Task 509 is not an active desktop task
07-01 10:14:28.641   976  1041 V RecentTasksController: Added fullscreen task: 509
07-01 10:14:28.641   976  1041 V RecentTasksController: generateList - complete
07-01 10:14:28.641  1124  1223 D PreloadThumbnailUseCase: Preloading thumbnails for task ids: [[id=509 windowingMode=0 user=0 lastActiveTime=23280] null, [id=496 windowingMode=0 user=0 lastActiveTime=23281] null, [id=586 windowingMode=1 user=0 lastActiveTime=13734896] null]
07-01 10:14:28.664 28264 28264 I cr_WVCFactoryProvider: version=148.0.7778.215 (777821508) minSdkVersion=29 multiprocess=true packageId=2 splits=<none>
07-01 10:14:28.667   692   800 D ActivityManager: freezing 4822 com.android.vending
07-01 10:14:28.670   692   866 D InetDiagMessage: Destroyed 0 sockets, proto=IPPROTO_TCP, family=AF_INET, states=14
07-01 10:14:28.674   692   866 D InetDiagMessage: Destroyed 2 sockets, proto=IPPROTO_TCP, family=AF_INET6, states=14
07-01 10:14:28.674   692   866 D InetDiagMessage: Destroyed live tcp sockets for uids={10153} in 4ms
07-01 10:14:28.693 28264 28264 D nativeloader: Load /data/app/~~gRZDsxlqZCLB7oCd7TOaUA==/com.google.android.webview-YT9iMlxeDceFosa4dJznZw==/base.apk!/lib/x86_64/libwebviewchromium.so using class loader ns clns-10 (caller=/data/app/~~gRZDsxlqZCLB7oCd7TOaUA==/com.google.android.webview-YT9iMlxeDceFosa4dJznZw==/base.apk): ok
07-01 10:14:28.696 28264 28264 D nativeloader: Load /system/lib64/libwebviewchromium_plat_support.so using class loader ns clns-10 (caller=/data/app/~~gRZDsxlqZCLB7oCd7TOaUA==/com.google.android.webview-YT9iMlxeDceFosa4dJznZw==/base.apk): ok
07-01 10:14:28.701 28264 28353 E chromium: [0701/101428.701280:ERROR:android_webview/browser/variations/variations_seed_loader.cc:39] Seed missing signature.
07-01 10:14:28.702 28264 28353 I chromium: [0701/101428.701707:INFO:android_webview/browser/variations/variations_seed_loader.cc:67] Failed to open file for reading.: No such file or directory (2)
07-01 10:14:28.704 28264 28264 I cr_LibraryLoader: Successfully loaded native library
07-01 10:14:28.704 28264 28264 I cr_CachingUmaRecorder: Flushed 16 samples from 16 histograms, 0 samples were dropped.
07-01 10:14:28.706   527   549 W skia    : AGTM parsing failed flags.readFromStream(s) at 159
07-01 10:14:28.706   527   549 W skia    : AGTM parsing failed flags.readFromStream(s) at 159
07-01 10:14:28.725 28264 28264 I cr_ChildProcLH: ScopedServiceBindingBatch.tryActivate: false
07-01 10:14:28.726 28264 28264 I cr_CombinedPProvider: #registerProvider() provider:WV.wk@39a47d9 isPolicyCacheEnabled:false policyProvidersSize:0
07-01 10:14:28.727 28264 28264 I cr_PolicyProvider: #setManagerAndSource() 0
07-01 10:14:28.731 28264 28264 I cr_DisplayManager: Is Display Topology available: false
07-01 10:14:28.738   692  1010 V GrammaticalInflectionUtils: AttributionSource: android.content.AttributionSource@43e93f08 does not have READ_SYSTEM_GRAMMATICAL_GENDER permission.
07-01 10:14:28.743  1047  1047 D Zygote  : Forked child process 28359
07-01 10:14:28.744   692   725 I libprocessgroup: Created cgroup /sys/fs/cgroup/apps/uid_99032
07-01 10:14:28.745   692   725 I libprocessgroup: Created cgroup /sys/fs/cgroup/apps/uid_99032/pid_28359
07-01 10:14:28.748 28359 28359 I Zygote  : Process 28359 created for com.google.android.webview:sandboxed_process0:org.chromium.content.app.SandboxedProcessService0:0
07-01 10:14:28.748 28359 28359 I ocessService0:0: Using generational CollectorTypeCMC GC.
07-01 10:14:28.749 28359 28359 W ocessService0:0: Unexpected CPU variant for x86: x86_64.
07-01 10:14:28.749 28359 28359 W ocessService0:0: Known variants: atom, sandybridge, silvermont, goldmont, goldmont-plus, goldmont-without-sha-xsaves, tremont, kabylake, alderlake, pantherlake, default
07-01 10:14:28.750 28264 28264 I cr_CombinedPProvider: #linkNativeInternal() 1
07-01 10:14:28.750 28264 28264 I cr_AppResProvider: #getApplicationRestrictionsFromUserManager() Bundle[EMPTY_PARCEL]
07-01 10:14:28.750   692   725 I ActivityManager: Start proc 28359:com.google.android.webview:sandboxed_process0:org.chromium.content.app.SandboxedProcessService0:0/u0i32 for bound-service {com.aiquota.mobile/org.chromium.content.app.SandboxedProcessService0:0}
07-01 10:14:28.750 28264 28264 I cr_PolicyProvider: #notifySettingsAvailable() 0
07-01 10:14:28.750 28264 28264 I cr_CombinedPProvider: #onSettingsAvailable() 0
07-01 10:14:28.750 28264 28264 I cr_CombinedPProvider: #flushPolicies()
07-01 10:14:28.753 28359 28359 D nativeloader: Load libframework-connectivity-tiramisu-jni.so using APEX ns com_android_tethering for caller /apex/com.android.tethering/javalib/framework-connectivity-t.jar: ok
07-01 10:14:28.795 28359 28359 D ApplicationLoaders: Returning zygote-cached class loader: /system/framework/android.test.base.jar
07-01 10:14:28.795 28359 28359 D ApplicationLoaders: Returning zygote-cached class loader: /system_ext/framework/androidx.window.extensions.jar
07-01 10:14:28.797 28359 28359 E ActivityThread: ConnectivityService is null in handleBindApplication!
07-01 10:14:28.803 28264 28264 W chromium: [WARNING:android_webview/browser/network_service/net_helpers.cc:137] HTTP Cache size is: 20971520
07-01 10:14:28.806 28359 28359 I cr_WebViewApkApp: version=148.0.7778.215 (777821508) minSdkVersion=29 processName=com.google.android.webview:sandboxed_process0:org.chromium.content.app.SandboxedProcessService0:0 splits=<none>
07-01 10:14:28.816   527   549 W skia    : AGTM parsing failed flags.readFromStream(s) at 159
07-01 10:14:28.816   527   549 W skia    : AGTM parsing failed flags.readFromStream(s) at 159
07-01 10:14:28.816   527   549 W skia    : AGTM parsing failed flags.readFromStream(s) at 159
07-01 10:14:28.822 28359 28359 I cr_ChildProcessService: Creating new ChildProcessService pid=28359
07-01 10:14:28.855   692  1997 D ConnectivityService: requestNetwork for uid/pid:10233/28264 activeRequest: null callbackRequest: 2216 [NetworkRequest [ REQUEST id=2217, [ Capabilities: INTERNET&NOT_RESTRICTED&TRUSTED&NOT_VCN_MANAGED&NOT_BANDWIDTH_CONSTRAINED Uid: 10233 RequestorUid: 10233 RequestorPkg: com.aiquota.mobile UnderlyingNetworks: Null] ]] callback flags: 0 order: 2147483647 isUidTracked: false declaredMethods: AVAIL|LOST|NC|LP
07-01 10:14:28.857   692   860 D WifiNetworkFactory: got request NetworkRequest [ REQUEST id=2217, [ Capabilities: INTERNET&NOT_RESTRICTED&TRUSTED&NOT_VCN_MANAGED&NOT_BANDWIDTH_CONSTRAINED Uid: 10233 RequestorUid: 10233 RequestorPkg: com.aiquota.mobile UnderlyingNetworks: Null] ]
07-01 10:14:28.857   692   860 D UntrustedWifiNetworkFactory: got request NetworkRequest [ REQUEST id=2217, [ Capabilities: INTERNET&NOT_RESTRICTED&TRUSTED&NOT_VCN_MANAGED&NOT_BANDWIDTH_CONSTRAINED Uid: 10233 RequestorUid: 10233 RequestorPkg: com.aiquota.mobile UnderlyingNetworks: Null] ]
07-01 10:14:28.858   692  1997 D CompatChangeReporter: Compat change id reported: 319212206; UID 10233; state: ENABLED
07-01 10:14:28.857   692   866 D ConnectivityService: NetReassign [2217 : null → 100] [c 0] [a 0] [i 1]
07-01 10:14:28.858   692   860 D OemPaidWifiNetworkFactory: got request NetworkRequest [ REQUEST id=2217, [ Capabilities: INTERNET&NOT_RESTRICTED&TRUSTED&NOT_VCN_MANAGED&NOT_BANDWIDTH_CONSTRAINED Uid: 10233 RequestorUid: 10233 RequestorPkg: com.aiquota.mobile UnderlyingNetworks: Null] ]
07-01 10:14:28.859   692   860 D MultiInternetWifiNetworkFactory: got request NetworkRequest [ REQUEST id=2217, [ Capabilities: INTERNET&NOT_RESTRICTED&TRUSTED&NOT_VCN_MANAGED&NOT_BANDWIDTH_CONSTRAINED Uid: 10233 RequestorUid: 10233 RequestorPkg: com.aiquota.mobile UnderlyingNetworks: Null] ]
07-01 10:14:28.860   692   866 D ConnectivityService: NetReassign [no changes] [c 0] [a 1] [i 0]
07-01 10:14:28.913   976  1041 V WindowManagerShell: Transition animation finished (aborted=false), notifying core (#108) android.os.BinderProxy@4dfd305@0
07-01 10:14:28.914   692   712 V WindowManager: Finish Transition (#108): created at 07-01 10:14:28.420 collect-started=0.06ms request-sent=5.415ms started=9.415ms ready=118.646ms sent=177.261ms commit=13.317ms finished=494.195ms
07-01 10:14:28.915  1124  1124 D VRI[NexusLauncherActivity]: visibilityChanged oldVisibility=true newVisibility=false
07-01 10:14:28.915   527   549 W skia    : AGTM parsing failed flags.readFromStream(s) at 159
07-01 10:14:28.915   527   549 W skia    : AGTM parsing failed flags.readFromStream(s) at 159
07-01 10:14:28.915   976  1360 D WallpaperService: onVisibilityChanged(false): com.android.systemui.wallpapers.ImageWallpaper$CanvasEngine@134e1c5
07-01 10:14:28.922   976  1041 V WindowManagerShell: Track 0 became idle
07-01 10:14:28.922   976  1041 V WindowManagerShell: All active transition animations finished
07-01 10:14:28.928  1124  1124 D SmartspaceInteractor: notifySmartspaceEvent: SmartspaceTargetEvent{mSmartspaceTarget=null, mSmartspaceActionId='null', mEventType=7}
07-01 10:14:28.934 28359 28385 I cr_LibraryLoader: Successfully loaded native library
07-01 10:14:28.935 28264 28387 W libc    : Access denied finding property "vendor.mesa.virtgpu.kumquat"
07-01 10:14:28.935 28264 28387 W libc    : Access denied finding property "vendor.mesa.log"
07-01 10:14:28.935 28264 28387 W libc    : Access denied finding property "vendor.mesa.log.level"
07-01 10:14:28.935 28264 28387 W libc    : Access denied finding property "vendor.mesa.log.prefix"
07-01 10:14:28.935 28264 28387 W libc    : Access denied finding property "vendor.mesa.gallium.print.options"
07-01 10:14:28.935 28264 28387 W libc    : Access denied finding property "vendor.mesa.log.file.auto"
07-01 10:14:28.935 28264 28387 W libc    : Access denied finding property "vendor.mesa.log.file"
07-01 10:14:28.935 28264 28387 E MESA    : Failed to open rendernode: No such file or directory
07-01 10:14:28.935 28264 28387 W libc    : Access denied finding property "vendor.mesa.virtgpu.kumquat"
07-01 10:14:28.935 28264 28387 E MESA    : Failed to open rendernode: No such file or directory
07-01 10:14:28.935 28264 28387 D vulkan  : searching for layers in '/data/app/~~S9r4h2wEH3e-C-YGg7qkfg==/com.aiquota.mobile-a8xRS44rad6gh3OHlbdSjg==/lib/x86_64'
07-01 10:14:28.936 28264 28387 D vulkan  : searching for layers in '/data/app/~~S9r4h2wEH3e-C-YGg7qkfg==/com.aiquota.mobile-a8xRS44rad6gh3OHlbdSjg==/base.apk!/lib/x86_64'
07-01 10:14:28.936 28264 28387 W libc    : Access denied finding property "vendor.mesa.virtgpu.kumquat"
07-01 10:14:28.936 28264 28387 E MESA    : Failed to open rendernode: No such file or directory
07-01 10:14:28.936 28264 28387 W libc    : Access denied finding property "vendor.mesa.virtgpu.kumquat"
07-01 10:14:28.936 28264 28387 E MESA    : Failed to open rendernode: No such file or directory
07-01 10:14:28.936 28264 28387 W libc    : Access denied finding property "vendor.mesa.virtgpu.kumquat"
07-01 10:14:28.936 28264 28387 E MESA    : Failed to open rendernode: No such file or directory
07-01 10:14:28.936 28264 28387 W libc    : Access denied finding property "vendor.mesa.virtgpu.kumquat"
07-01 10:14:28.936 28264 28387 E MESA    : Failed to open rendernode: No such file or directory
07-01 10:14:28.936 28264 28387 W libc    : Access denied finding property "vendor.mesa.virtgpu.kumquat"
07-01 10:14:28.936 28264 28387 E MESA    : Failed to open rendernode: No such file or directory
07-01 10:14:28.935 28359 28385 I cr_CachingUmaRecorder: Flushed 2 samples from 2 histograms, 0 samples were dropped.
07-01 10:14:28.941 28264 28387 W libc    : Access denied finding property "vendor.mesa.virtgpu.kumquat"
07-01 10:14:28.941 28264 28375 W cr_media: BLUETOOTH_CONNECT permission is missing.
07-01 10:14:28.942 28264 28375 W cr_media: getBluetoothAdapter() requires BLUETOOTH permission
07-01 10:14:28.942 28264 28375 W cr_media: registerBluetoothIntentsIfNeeded: Requires BLUETOOTH permission
07-01 10:14:28.948 28264 28369 D AIQuotaLogin: provider=glm resource=https://z.ai/manage-apikey/coding-plan/personal/usage
07-01 10:14:28.951 28264 28375 D AudioSystem: onNewService: media.audio_policy service obtained 0x734a37acf050
07-01 10:14:28.952 28264 28375 D AudioSystem: getService: IAudioPolicyService retrieved: 0x734a37acf050  cached: 0x734a37acf050
07-01 10:14:28.955 28359 28394 I chromium: [INFO:third_party/skia/src/ports/SkFontMgr_android_parser.cpp:723] [SkFontMgr Android Parser] '/product/etc/fonts_customization.xml' could not be opened
07-01 10:14:28.955 28359 28394 I chromium: 
07-01 10:14:28.957 28359 28385 W chromium: [WARNING:content/child/runtime_features.cc:540] Fenced frames cannot be enabled in this configuration. Use --enable-features=FencedFrames instead.
07-01 10:14:28.957 28359 28385 W chromium: [WARNING:content/child/runtime_features.cc:565] Topics cannot be enabled in this configuration. Use --enable-features=BrowsingTopics in addition.
07-01 10:14:28.957 28359 28385 W chromium: [WARNING:content/child/runtime_features.cc:586] SharedStorage cannot be enabled in this configuration. Use --enable-features=SharedStorageAPI in addition.
07-01 10:14:28.986 28264 28264 D CompatChangeReporter: Compat change id reported: 349153669; UID 10233; state: ENABLED
07-01 10:14:28.992 28264 28264 W HWUI    : Unknown dataspace 0
07-01 10:14:29.007  1331  2351 I FontLog : (REDACTED) Received query %s, URI %s
07-01 10:14:29.008  1331  2351 I FontLog : (REDACTED) Query [%s] resolved to %s
07-01 10:14:29.010 28264 28400 W libc    : Access denied finding property "vendor.mesa.virtgpu.kumquat"
07-01 10:14:29.012  1331  2351 I FontLog : (REDACTED) Font PFD returned from cache for %s
07-01 10:14:29.013  1331  2351 I FontLog : (REDACTED) Fetch %s end status %s
07-01 10:14:29.017   527   549 W skia    : AGTM parsing failed flags.readFromStream(s) at 159
07-01 10:14:29.018  1331  2351 I FontLog : (REDACTED) Pulling font file for id = %d, cache size = %d
07-01 10:14:29.022   692  2048 W InputChannel-JNI: Channel already disposed.
07-01 10:14:29.026  1331  2351 I FontLog : (REDACTED) Received query %s, URI %s
07-01 10:14:29.027  1331  2351 I FontLog : (REDACTED) Query [%s] resolved to %s
07-01 10:14:29.030  1331  2351 I FontLog : (REDACTED) Fetch %s end status %s
07-01 10:14:29.056  1331  2351 I FontLog : (REDACTED) Pulling font file for id = %d, cache size = %d
07-01 10:14:29.060 28264 28405 I CameraManagerGlobal: Connecting to camera service
07-01 10:14:29.062  1331  2351 I FontLog : (REDACTED) Received query %s, URI %s
07-01 10:14:29.062  1331  2351 I FontLog : (REDACTED) Query [%s] resolved to %s
07-01 10:14:29.063  1331  2351 I FontLog : (REDACTED) Font PFD returned from cache for %s
07-01 10:14:29.063  1331  2351 I FontLog : (REDACTED) Fetch %s end status %s
07-01 10:14:29.064  1331  2351 I FontLog : (REDACTED) Pulling font file for id = %d, cache size = %d
07-01 10:14:29.067  1331  2351 I FontLog : (REDACTED) Received query %s, URI %s
07-01 10:14:29.067  1331  2351 I FontLog : (REDACTED) Query [%s] resolved to %s
07-01 10:14:29.067  1331  2351 I FontLog : (REDACTED) Font PFD returned from cache for %s
07-01 10:14:29.067  1331  2351 I FontLog : (REDACTED) Fetch %s end status %s
07-01 10:14:29.070  1331  2351 I FontLog : (REDACTED) Pulling font file for id = %d, cache size = %d
07-01 10:14:29.073  1331  2351 I FontLog : (REDACTED) Received query %s, URI %s
07-01 10:14:29.073  1331  2351 I FontLog : (REDACTED) Query [%s] resolved to %s
07-01 10:14:29.073  1331  2351 I FontLog : (REDACTED) Font PFD returned from cache for %s
07-01 10:14:29.073  1331  2351 I FontLog : (REDACTED) Fetch %s end status %s
07-01 10:14:29.080  1331  1833 I FontLog : (REDACTED) Pulling font file for id = %d, cache size = %d
07-01 10:14:29.104  1331  1331 I NearbySharing: Network state changed: NetworkState(isRestricted=false, isOnline=true, isCongested=false, isMetered=false, isWifiConnected=true)
07-01 10:14:29.117 28264 28264 D VRI[WebLoginActivity]: WindowInsets changed: 1080x2400 statusBars:[0,132,0,0] navigationBars:[0,0,0,63] mandatorySystemGestures:[0,164,0,84] 
07-01 10:14:29.117   527   549 W skia    : AGTM parsing failed flags.readFromStream(s) at 159
07-01 10:14:29.119 28264 28264 D WindowOnBackDispatcher: setTopOnBackInvokedCallback (unwrapped): android.view.ViewRootImpl$$ExternalSyntheticLambda14@f423873
07-01 10:14:29.120   692  2048 D CoreBackPreview: Window{9d42eeb u0 com.aiquota.mobile/com.aiquota.mobile.providers.WebLoginActivity}: Setting back callback OnBackInvokedCallbackInfo{mCallback=android.window.IOnBackInvokedCallback$Stub$Proxy@b42a8db, mPriority=0, mIsAnimationCallback=false, mOverrideBehavior=0}
07-01 10:14:29.121 28264 28264 I HWUI    : Using FreeType backend (prop=Auto)
07-01 10:14:29.125   692  1997 D WindowManager: setClientSurface Surface(name=VRI-com.aiquota.mobile/com.aiquota.mobile.providers.WebLoginActivity#882)/@0xf36cf78 for 9d42eeb com.aiquota.mobile/com.aiquota.mobile.providers.WebLoginActivity
07-01 10:14:29.132 28264 28264 I Surface : Creating surface for consumer unnamed-28264-0 with slotExpansion=1 for 64 slots
07-01 10:14:29.133 28264 28264 I Surface : Creating surface for consumer VRI[WebLoginActivity]#0(BLAST Consumer)0 with slotExpansion=1 for 64 slots
07-01 10:14:29.183 28264 28269 I .aiquota.mobile: Background young concurrent mark compact GC freed 2776KB AllocSpace bytes, 17(880KB) LOS objects, 41% free, 4916KB/8354KB, paused 3.180ms,8.497ms total 44.535ms
07-01 10:14:29.215 28359 28385 E ashmem  : readlink(/proc/self/fd/115) failed: Operation not permitted
07-01 10:14:29.216 28359 28385 E ashmem  : readlink(/proc/self/fd/116) failed: Operation not permitted
07-01 10:14:29.217 28359 28385 E ashmem  : readlink(/proc/self/fd/118) failed: Operation not permitted
07-01 10:14:29.217   692   712 I ActivityTaskManager: Displayed com.aiquota.mobile/.providers.WebLoginActivity for user 0: +799ms
07-01 10:14:29.217   527   549 W skia    : AGTM parsing failed flags.readFromStream(s) at 159
07-01 10:14:29.219 28359 28398 E ashmem  : readlink(/proc/self/fd/120) failed: Operation not permitted
07-01 10:14:29.223 28359 28398 E ashmem  : readlink(/proc/self/fd/117) failed: Operation not permitted
07-01 10:14:29.223 28359 28398 E ashmem  : readlink(/proc/self/fd/121) failed: Operation not permitted
07-01 10:14:29.225  1124  1124 D BaseActivity: Launcher flags updated: [] -[state_started]
07-01 10:14:29.225  1124  1124 D BaseDepthController: setSurface:
07-01 10:14:29.225  1124  1124 D BaseDepthController: 	mWaitingOnSurfaceValidity: false
07-01 10:14:29.225  1124  1124 D BaseDepthController: 	mBaseSurface: null
07-01 10:14:29.225  1124  1124 D BaseDepthController: mSurface is null and mCurrentBlur is: 0
07-01 10:14:29.226  1124  1124 D LauncherStateManager: StateManager.goToState: fromState: Normal, toState: Normal, partial trace:
07-01 10:14:29.226  1124  1124 D LauncherStateManager: 	at com.android.launcher3.statemanager.StateManager.moveToRestState(go/retraceme 4b96215a9d9b4c1494121442fbf9d6e89857c91e1d76ddcc689701971259418a:26)
07-01 10:14:29.226  1124  1124 D LauncherStateManager: 	at com.android.launcher3.statemanager.StateManager.moveToRestState(go/retraceme 4b96215a9d9b4c1494121442fbf9d6e89857c91e1d76ddcc689701971259418a:35)
07-01 10:14:29.226  1124  1124 D LauncherStateManager: 	at com.android.launcher3.statemanager.StatefulActivity.onStop(go/retraceme 4b96215a9d9b4c1494121442fbf9d6e89857c91e1d76ddcc689701971259418a:31)
07-01 10:14:29.226  1124  1124 D LauncherStateManager: StateManager.onRepeatStateSetAborted: state: Normal
07-01 10:14:29.227  1124  1124 D KeyboardStateManager: hideKeyboard
07-01 10:14:29.227  1124  1124 D KeyboardStateManager: isImeShown: false
07-01 10:14:29.227  1124  1124 D StatsLog: LAUNCHER_ONSTOP
07-01 10:14:29.228  1124  1124 D StatsLog: LAUNCHER_GOOGLE_SEARCH_RESTORE_LIST_SIZE_AFTER_ACTIVITY_RESTART
07-01 10:14:29.253   692   819 I ImeTracker: com.aiquota.mobile:83d36c21: onRequestHide at ORIGIN_SERVER reason HIDE_UNSPECIFIED_WINDOW fromUser false userId 0 displayId 0
07-01 10:14:29.254 28264 28264 D InsetsController: hide(ime())
07-01 10:14:29.255 28264 28264 I ImeTracker: com.aiquota.mobile:83d36c21: onCancelled at PHASE_CLIENT_ALREADY_HIDDEN
07-01 10:14:29.256   692  1087 W InputChannel-JNI: Channel already disposed.
07-01 10:14:29.257  4600  4600 I GoogleInputMethodService: GoogleInputMethodService.onFinishInput():2274 
07-01 10:14:29.258   692   786 I ImeTracker: system_server:224b8b90: onRequestHide at ORIGIN_SERVER reason IME_REQUESTED_CHANGED_LISTENER fromUser false displayId 0
07-01 10:14:29.258  4600  4600 I Module  : DeviceLockedStatusModuleProvider$Module.updateDeviceLockedStatusInternal():128 repeatCheckTimes = 0, locked = false
07-01 10:14:29.259   692   715 I ImeTracker: system_server:224b8b90: onCancelled at PHASE_SERVER_SHOULD_HIDE
07-01 10:14:29.259  4600  4600 I GoogleInputMethodService: GoogleInputMethodService.onStartInput():1459 onStartInput(EditorInfo{EditorInfo{packageName=com.aiquota.mobile, inputType=0, inputTypeString=NULL, enableLearning=false, autoCorrection=false, autoComplete=false, imeOptions=0, privateImeOptions=null, actionName=UNSPECIFIED, actionLabel=null, initialSelStart=-1, initialSelEnd=-1, initialCapsMode=0, label=null, fieldId=0, fieldName=null, extras=null, hintText=null, hintLocales=[]}}, false)
07-01 10:14:29.259  4600  4600 I LatinIMEBase: LatinIMEBase.updateInputViewCoverNavigation():317 Update input view padding, isNavbarOverInputWindow=true, bottom inset=63
07-01 10:14:29.260  4600  4600 I Module  : DeviceLockedStatusModuleProvider$Module.updateDeviceLockedStatusInternal():128 repeatCheckTimes = 1, locked = false
07-01 10:14:29.268   692   786 W PackageConfigPersister: App-specific configuration not found for packageName: com.aiquota.mobile and userId: 0
07-01 10:14:29.319   527   549 W skia    : AGTM parsing failed flags.readFromStream(s) at 159
07-01 10:14:29.319   527   549 W skia    : AGTM parsing failed flags.readFromStream(s) at 159
07-01 10:14:29.421   527   549 W skia    : AGTM parsing failed flags.readFromStream(s) at 159
07-01 10:14:29.421   527   549 W skia    : AGTM parsing failed flags.readFromStream(s) at 159
07-01 10:14:29.461  1331  2497 I FontLog : (REDACTED) Received query %s, URI %s
07-01 10:14:29.461  1331  2497 I FontLog : (REDACTED) Query [%s] resolved to %s
07-01 10:14:29.462  1331  2497 I FontLog : (REDACTED) Fetch %s end status %s
07-01 10:14:29.470  1331  2497 I FontLog : (REDACTED) Pulling font file for id = %d, cache size = %d
07-01 10:14:29.474  1331  2497 I FontLog : (REDACTED) Pulling font file for id = %d, cache size = %d
07-01 10:14:29.523   527   549 W skia    : AGTM parsing failed flags.readFromStream(s) at 159
07-01 10:14:29.523   527   549 W skia    : AGTM parsing failed flags.readFromStream(s) at 159
07-01 10:14:29.602   587 16640 W libbinder.IPCThreadState: Sending oneway calls to frozen process.
07-01 10:14:29.603   976  1109 D WindowOnBackDispatcher: setTopOnBackInvokedCallback (unwrapped): null
07-01 10:14:29.603   692   786 D CoreBackPreview: Window{f1528d3 u0 Splash Screen com.aiquota.mobile EXITING}: Setting back callback null
07-01 10:14:29.632   527   549 W skia    : AGTM parsing failed flags.readFromStream(s) at 159
07-01 10:14:29.632   527   549 W skia    : AGTM parsing failed flags.readFromStream(s) at 159
07-01 10:14:29.641 28264 28268 I .aiquota.mobile: Compiler allocated 5239KB to compile void android.view.ViewRootImpl.performTraversals(long)
07-01 10:14:29.732   527   549 W skia    : AGTM parsing failed flags.readFromStream(s) at 159
07-01 10:14:29.732   527   549 W skia    : AGTM parsing failed flags.readFromStream(s) at 159
07-01 10:14:29.835   527   549 W skia    : AGTM parsing failed flags.readFromStream(s) at 159
07-01 10:14:29.934   527   549 W skia    : AGTM parsing failed flags.readFromStream(s) at 159
07-01 10:14:30.045   692   866 D InetDiagMessage: Destroyed 0 sockets, proto=IPPROTO_TCP, family=AF_INET, states=14
07-01 10:14:30.045   692   866 D InetDiagMessage: Destroyed 0 sockets, proto=IPPROTO_TCP, family=AF_INET6, states=14
07-01 10:14:30.046   692   866 D InetDiagMessage: Destroyed live tcp sockets for uids={10159} in 2ms
07-01 10:14:30.046   692   866 D InetDiagMessage: Destroyed 0 sockets, proto=IPPROTO_TCP, family=AF_INET, states=14
07-01 10:14:30.046   692   866 D InetDiagMessage: Destroyed 0 sockets, proto=IPPROTO_TCP, family=AF_INET6, states=14
07-01 10:14:30.046   692   866 D InetDiagMessage: Destroyed live tcp sockets for uids={20159} in 0ms
07-01 10:14:30.399 28264 28264 I .aiquota.mobile: hiddenapi: Accessing hidden field Landroid/graphics/Bitmap;->mNativePtr:J (runtime_flags=0, domain=platform, api=unsupported) from Lcom/android/webview/chromium/WebViewChromium; (domain=app, TargetSdkVersion=35) using JNI: allowed
07-01 10:14:30.400 28264 28372 D AIQuotaLogin: provider=glm resource=https://z.ai/_next/static/media/74fa777cac189696-s.p.ttf
07-01 10:14:30.402 28264 28371 D AIQuotaLogin: provider=glm resource=https://z.ai/_next/static/media/98320d588ee45fe2-s.p.ttf
07-01 10:14:30.404 28264 28369 D AIQuotaLogin: provider=glm resource=https://z.ai/_next/static/media/f3082694476a79c3-s.p.ttf
07-01 10:14:30.404 28264 28380 D AIQuotaLogin: provider=glm resource=https://z.ai/_next/static/media/a40c83c38559db55-s.p.ttf
07-01 10:14:30.405 28264 28371 D AIQuotaLogin: provider=glm resource=https://z.ai/_next/static/css/bde391a2dc0c5f50.css
07-01 10:14:30.405 28264 28372 D AIQuotaLogin: provider=glm resource=https://z.ai/_next/static/css/a70e7aab4c4dbcdb.css
07-01 10:14:30.406 28264 28379 D AIQuotaLogin: provider=glm resource=https://z.ai/_next/static/css/38a00db3df158e74.css
07-01 10:14:30.406 28264 28376 D AIQuotaLogin: provider=glm resource=https://z.ai/_next/static/css/06eee677ceaf36a2.css
07-01 10:14:30.408 28264 28404 D AIQuotaLogin: provider=glm resource=https://z.ai/_next/static/css/3730f9ae63252c5f.css
07-01 10:14:30.426 28264 28369 D AIQuotaLogin: provider=glm resource=https://z.ai/_next/static/css/08cdc15a8194b1a1.css
07-01 10:14:30.432 28264 28369 D AIQuotaLogin: provider=glm resource=https://www.googletagmanager.com/gtag/js?keys=id
07-01 10:14:30.456 28264 28369 D AIQuotaLogin: provider=glm resource=https://z.ai/_next/static/chunks/webpack-774745fcebbc8a87.js
07-01 10:14:30.456 28264 28372 D AIQuotaLogin: provider=glm resource=https://z.ai/_next/static/chunks/52bcc53e-060b90e4f28c19f7.js
07-01 10:14:30.457 28264 28371 D AIQuotaLogin: provider=glm resource=https://z.ai/_next/static/chunks/8106-d02730666dcb8b9a.js
07-01 10:14:30.458 28264 28376 D AIQuotaLogin: provider=glm resource=https://z.ai/_next/static/chunks/main-app-ba8cdb9db4962606.js
07-01 10:14:30.459 28264 28372 D AIQuotaLogin: provider=glm resource=https://z.ai/_next/static/chunks/5090-606c6480d2a07138.js
07-01 10:14:30.461 28264 28376 D AIQuotaLogin: provider=glm resource=https://z.ai/_next/static/chunks/1358-35e6ad417a978a81.js
07-01 10:14:30.462 28264 28372 D AIQuotaLogin: provider=glm resource=https://z.ai/_next/static/chunks/7014-920ab5fa231b1646.js
07-01 10:14:30.462 28264 28371 D AIQuotaLogin: provider=glm resource=https://z.ai/_next/static/chunks/4385-bf59bbcbdd5c4cb8.js
07-01 10:14:30.462 28264 28380 D AIQuotaLogin: provider=glm resource=https://z.ai/_next/static/chunks/6866-f4f5d0ba8ff8ba6a.js
07-01 10:14:30.462 28264 28369 D AIQuotaLogin: provider=glm resource=https://z.ai/_next/static/chunks/app/[locale]/(auth-pages)/layout-fb044eed84687dc6.js
07-01 10:14:30.463 28264 28371 D AIQuotaLogin: provider=glm resource=https://z.ai/_next/static/chunks/7923-c1d174e27010fdea.js
07-01 10:14:30.464 28264 28372 D AIQuotaLogin: provider=glm resource=https://z.ai/_next/static/chunks/7368-24d21e801857a37e.js
07-01 10:14:30.464 28264 28376 D AIQuotaLogin: provider=glm resource=https://z.ai/_next/static/chunks/4945-ab7f1b51380da770.js
07-01 10:14:30.465 28264 28380 D AIQuotaLogin: provider=glm resource=https://z.ai/_next/static/chunks/8463-1f7afd6ac5c0c867.js
07-01 10:14:30.465 28264 28369 D AIQuotaLogin: provider=glm resource=https://z.ai/_next/static/chunks/6051-2d89bcc8bd48c3e0.js
07-01 10:14:30.466 28264 28379 D AIQuotaLogin: provider=glm resource=https://z.ai/_next/static/chunks/app/[locale]/(auth-pages)/manage-apikey/layout-ccc6fb0b0537c574.js
07-01 10:14:30.466 28264 28404 D AIQuotaLogin: provider=glm resource=https://z.ai/_next/static/chunks/3126-0c2e709614a8fce7.js
07-01 10:14:30.467 28264 28371 D AIQuotaLogin: provider=glm resource=https://z.ai/_next/static/chunks/1840-85f6a39ffe848586.js
07-01 10:14:30.467 28264 28372 D AIQuotaLogin: provider=glm resource=https://z.ai/_next/static/chunks/3601-acc5a58b8f9dcb1f.js
07-01 10:14:30.468 28264 28376 D AIQuotaLogin: provider=glm resource=https://z.ai/_next/static/chunks/2337-0720e5b49ccd9af0.js
07-01 10:14:30.468 28264 28380 D AIQuotaLogin: provider=glm resource=https://z.ai/_next/static/chunks/9015-4281c40ef624955e.js
07-01 10:14:30.469 28264 28420 D AIQuotaLogin: provider=glm resource=https://z.ai/_next/static/chunks/1979-abfd6cd997875590.js
07-01 10:14:30.469 28264 28379 D AIQuotaLogin: provider=glm resource=https://z.ai/_next/static/chunks/7953-c412efd8223c8d74.js
07-01 10:14:30.469 28264 28421 D AIQuotaLogin: provider=glm resource=https://z.ai/_next/static/chunks/2719-ea0853b306e59c7a.js
07-01 10:14:30.471 28264 28371 D AIQuotaLogin: provider=glm resource=https://z.ai/_next/static/chunks/app/[locale]/(auth-pages)/manage-apikey/coding-plan/personal/usage/page-c1c056972027374e.js
07-01 10:14:30.471 28264 28376 D AIQuotaLogin: provider=glm resource=https://z.ai/_next/static/chunks/023c1e32-edc217937ce9565a.js
07-01 10:14:30.472 28264 28369 D AIQuotaLogin: provider=glm resource=https://z.ai/_next/static/chunks/6678-8bcc19fbabb68ce5.js
07-01 10:14:30.471 28264 28425 D AIQuotaLogin: provider=glm resource=https://z.ai/_next/static/chunks/281-32a7b8f074f27fb2.js
07-01 10:14:30.472 28264 28372 D AIQuotaLogin: provider=glm resource=https://z.ai/_next/static/chunks/156-620d5eaa0de405b3.js
07-01 10:14:30.472 28264 28380 D AIQuotaLogin: provider=glm resource=https://z.ai/_next/static/chunks/2687-3ab6788441360e84.js
07-01 10:14:30.472 28264 28421 D AIQuotaLogin: provider=glm resource=https://z.ai/_next/static/chunks/389-cec8c4baf567a095.js
07-01 10:14:30.472 28264 28379 D AIQuotaLogin: provider=glm resource=https://z.ai/_next/static/chunks/3581-62c7b103ece6917a.js
07-01 10:14:30.472 28264 28404 D AIQuotaLogin: provider=glm resource=https://z.ai/_next/static/chunks/1898-a1832797cc46e1a6.js
07-01 10:14:30.473 28264 28371 D AIQuotaLogin: provider=glm resource=https://z.ai/_next/static/chunks/app/[locale]/layout-4a60927bd8cdc3cc.js
07-01 10:14:30.473 28264 28376 D AIQuotaLogin: provider=glm resource=https://z.ai/_next/static/chunks/3827-fc5e7c25854c8696.js
07-01 10:14:30.473 28264 28420 D AIQuotaLogin: provider=glm resource=https://z.ai/_next/static/chunks/app/[locale]/error-dfcf8060dc2e423b.js
07-01 10:14:30.748   527   549 W skia    : AGTM parsing failed flags.readFromStream(s) at 159
07-01 10:14:30.850   527   549 W skia    : AGTM parsing failed flags.readFromStream(s) at 159
07-01 10:14:30.891 28359 28394 E ashmem  : readlink(/proc/self/fd/119) failed: Operation not permitted
07-01 10:14:30.892 28359 28394 E ashmem  : readlink(/proc/self/fd/124) failed: Operation not permitted
07-01 10:14:30.910 28264 28371 D AIQuotaLogin: provider=glm resource=https://z-cdn.chatglm.cn/z-ai/static/logo.svg
07-01 10:14:30.951   527   549 W skia    : AGTM parsing failed flags.readFromStream(s) at 159
07-01 10:14:31.054   527   549 W skia    : AGTM parsing failed flags.readFromStream(s) at 159
07-01 10:14:31.155   527   549 W skia    : AGTM parsing failed flags.readFromStream(s) at 159
07-01 10:14:31.256   527   549 W skia    : AGTM parsing failed flags.readFromStream(s) at 159
07-01 10:14:31.552   539   539 I adbd    : adbd service requested 'shell,v2,raw:dumpsys package com.google.android.gms'
07-01 10:14:31.600   692   860 I HalDevMgr: bestIfaceCreationProposal is null, requestIface=STA, existingIface=[name=wlan0 type=STA]
07-01 10:14:31.734  3176  3192 I artd    : GetBestInfo: odex next to the dex file (/data/app/~~pUpe9D-hsv0lOCLmNQJGyA==/com.google.android.gms-a0e_AySruvvgbDhYG8Z6yQ==/oat/x86_64/base.odex) is kOatUpToDate with filter 'speed-profile' executable 'false'
07-01 10:14:31.737  3176  3192 I artd    : GetBestInfo: dm (/data/app/~~pUpe9D-hsv0lOCLmNQJGyA==/com.google.android.gms-a0e_AySruvvgbDhYG8Z6yQ==/split_AdsDynamite_installtime.dm) is kOatUpToDate with filter 'verify' executable 'false'
07-01 10:14:31.739  3176  3192 I artd    : GetBestInfo: odex next to the dex file (/data/app/~~pUpe9D-hsv0lOCLmNQJGyA==/com.google.android.gms-a0e_AySruvvgbDhYG8Z6yQ==/oat/x86_64/split_CronetDynamite_installtime.odex) is kOatUpToDate with filter 'speed-profile' executable 'false'
07-01 10:14:31.741  3176  3192 I artd    : GetBestInfo: dm (/data/app/~~pUpe9D-hsv0lOCLmNQJGyA==/com.google.android.gms-a0e_AySruvvgbDhYG8Z6yQ==/split_DynamiteLoader_installtime.dm) is kOatUpToDate with filter 'verify' executable 'false'
07-01 10:14:31.743  3176  3192 I artd    : GetBestInfo: dm (/data/app/~~pUpe9D-hsv0lOCLmNQJGyA==/com.google.android.gms-a0e_AySruvvgbDhYG8Z6yQ==/split_DynamiteModulesA_installtime.dm) is kOatUpToDate with filter 'verify' executable 'false'
07-01 10:14:31.745  3176  3192 I artd    : GetBestInfo: dm (/data/app/~~pUpe9D-hsv0lOCLmNQJGyA==/com.google.android.gms-a0e_AySruvvgbDhYG8Z6yQ==/split_DynamiteModulesC_installtime.dm) is kOatUpToDate with filter 'verify' executable 'false'
07-01 10:14:31.746  3176  3192 I artd    : GetBestInfo: dm (/data/app/~~pUpe9D-hsv0lOCLmNQJGyA==/com.google.android.gms-a0e_AySruvvgbDhYG8Z6yQ==/split_GoogleCertificates_installtime.dm) is kOatUpToDate with filter 'verify' executable 'false'
07-01 10:14:31.747  3176  3192 I artd    : GetBestInfo: dm (/data/app/~~pUpe9D-hsv0lOCLmNQJGyA==/com.google.android.gms-a0e_AySruvvgbDhYG8Z6yQ==/split_MapsDynamite_installtime.dm) is kOatUpToDate with filter 'verify' executable 'false'
07-01 10:14:31.748  3176  3192 I artd    : GetBestInfo: dm (/data/app/~~pUpe9D-hsv0lOCLmNQJGyA==/com.google.android.gms-a0e_AySruvvgbDhYG8Z6yQ==/split_MeasurementDynamite_installtime.dm) is kOatUpToDate with filter 'verify' executable 'false'
07-01 10:14:31.749  3176  3192 I artd    : GetBestInfo: /data/user_de/0/com.google.android.gms/app_chimera/m/0000000e/dl-IdentityCredentialsPlatform.optional_262031100800.apk has no usable artifacts
07-01 10:14:31.749  3176  6041 I artd    : GetBestInfo: /data/user_de/0/com.google.android.gms/app_chimera/m/00000001/CronetDynamite.apk has no usable artifacts
07-01 10:14:31.750  3176  6041 I artd    : GetBestInfo: /data/user_de/0/com.google.android.gms/app_chimera/m/00000013/dl-TfliteDynamiteDynamite.integ_252130102100800.apk has no usable artifacts
07-01 10:14:31.751  3176  6041 I artd    : GetBestInfo: /data/user_de/0/com.google.android.gms/app_chimera/m/00000002/DynamiteLoader.apk has no usable artifacts
07-01 10:14:31.752  3176  6041 I artd    : GetBestInfo: /data/user_de/0/com.google.android.gms/app_chimera/m/0000000c/dl-IdentityCredentialsPlatform.optional_261136100800.apk has no usable artifacts
07-01 10:14:31.754  3176  6041 I artd    : GetBestInfo: /data/user_de/0/com.google.android.gms/app_chimera/m/00000005/GoogleCertificates.apk has no usable artifacts
07-01 10:14:31.755  3176  6041 I artd    : GetBestInfo: /data/user_de/0/com.google.android.gms/app_chimera/m/0000000a/dl-TfliteDynamiteDynamite.integ_260580502100800.apk has no usable artifacts
07-01 10:14:31.757  3176  6041 I artd    : GetBestInfo: /data/user_de/0/com.google.android.gms/app_chimera/m/00000016/dl-PlayCloudSearch.optional_262031100000.apk has no usable artifacts
07-01 10:14:31.758  3176  6041 I artd    : GetBestInfo: /data/user_de/0/com.google.android.gms/app_chimera/m/00000014/dl-MlkitOcrCommon.optional_262031100800.apk has no usable artifacts
07-01 10:14:31.760  3176  6041 I artd    : GetBestInfo: /data/user_de/0/com.google.android.gms/app_chimera/m/00000008/dl-VisionOcr.optional_261136100000.apk has no usable artifacts
07-01 10:14:31.762  3176  6041 I artd    : GetBestInfo: /data/user_de/0/com.google.android.gms/app_chimera/m/00000010/dl-Appsearch.optional_262031100800.apk has no usable artifacts
07-01 10:14:31.763  3176  6041 I artd    : GetBestInfo: /data/user_de/0/com.google.android.gms/app_chimera/m/0000000b/dl-Appsearch.optional_261136100800.apk has no usable artifacts
07-01 10:14:31.766  3176  6041 I artd    : GetBestInfo: vdex next to the dex file (/data/user/0/com.google.android.gms/app_dg_cache/9BCBC14EE674B00B958D4B0C5B4BD883630AA39E/oat/x86_64/the.vdex) is kOatUpToDate with filter 'verify' executable 'false'
07-01 10:14:31.767  3176  6041 I artd    : GetBestInfo: /data/user_de/0/com.google.android.gms/app_chimera/m/00000009/dl-MlkitOcrCommon.optional_261136100800.apk has no usable artifacts
07-01 10:14:31.768  3176  6041 I artd    : GetBestInfo: /data/user/0/com.google.android.gms/app_dg_cache/22DA9D7AD8ED7504E0CAC64C41ECDBD7068924E0/the.apk has no usable artifacts
07-01 10:14:31.770  3176  6041 I artd    : GetBestInfo: vdex next to the dex file (/data/user/0/com.google.android.gms/app_dg_cache/FEE57AEA14526BE59FD8AB1365237E7B7A5CE7CB/oat/x86_64/the.vdex) is kOatUpToDate with filter 'verify' executable 'false'
07-01 10:14:31.771  3176  6041 I artd    : GetBestInfo: vdex next to the dex file (/data/user/0/com.google.android.gms/app_dg_cache/1C62BDE86218FBAA50DF06C4A79F5C3FE74B69EC/oat/x86_64/the.vdex) is kOatUpToDate with filter 'verify' executable 'false'
07-01 10:14:31.772  3176  6041 I artd    : GetBestInfo: /data/user_de/0/com.google.android.gms/app_chimera/m/0000000f/dl-VisionOcr.optional_262031100000.apk has no usable artifacts
07-01 10:14:31.773  3176  6041 I artd    : GetBestInfo: /data/user_de/0/com.google.android.gms/app_chimera/m/00000015/dl-MlkitBarcodeUi.optional_262031100800.apk has no usable artifacts
07-01 10:14:31.774  3176  6041 I artd    : GetBestInfo: /data/user_de/0/com.google.android.gms/app_chimera/m/00000007/MeasurementDynamite.apk has no usable artifacts
07-01 10:14:31.934   692  1751 E TaskPersister: File error accessing recents directory (directory doesn't exist?).
07-01 10:14:32.192 28264 28264 I AIQuotaLoginTiming: glm pageFinished=3650ms host=z.ai
07-01 10:14:32.214 28264 28369 D AIQuotaLogin: provider=glm resource=https://z-cdn.chatglm.cn/z-ai/static/logo.svg
07-01 10:14:32.224 28264 28369 D AIQuotaLogin: provider=glm resource=https://z-cdn.chatglm.cn/z-ai/static/logo.svg
07-01 10:14:32.249 28264 28369 D AIQuotaLogin: provider=glm resource=https://static.ads-twitter.com/uwt.js
07-01 10:14:32.249 28264 28264 D AIQuotaLoginConsole: provider=glm consoleLevel=LOG line=1
07-01 10:14:32.258 28264 28372 I AIQuotaLogin: provider=glm capturedNativeHeaders path=/api/biz/userBehaviorTracking names=Accept|Access-Control-Request-Headers|Access-Control-Request-Method|Origin|Referer|Sec-Fetch-Mode|User-Agent
07-01 10:14:32.258 28264 28372 D AIQuotaLogin: provider=glm resource=https://api.z.ai/api/biz/userBehaviorTracking
07-01 10:14:32.259 28264 28376 D AIQuotaLogin: provider=glm resource=https://z.ai/_next/static/chunks/890d931a.4a817e39733f763c.js
07-01 10:14:32.347 28264 28369 D AIQuotaLogin: provider=glm resource=https://z-cdn.chatglm.cn/z-ai/static/logo.svg
07-01 10:14:32.384 28264 28369 D AIQuotaLogin: provider=glm resource=https://z.ai/api/auth/me
07-01 10:14:32.409 28264 28369 D AIQuotaLogin: provider=glm resource=https://z.ai/chat?keys=_rsc
07-01 10:14:32.416 28264 28371 D AIQuotaLogin: provider=glm resource=https://z-cdn.chatglm.cn/z-ai/static/logo.svg
07-01 10:14:32.484 28264 28369 D AIQuotaLogin: provider=glm resource=https://www.google.com/measurement/conversion?keys=random|cv|tid|fst|fmt|en|gtm|gcd|dma|tag_exp|u_w|u_h
07-01 10:14:32.498 28264 28371 D AIQuotaLogin: provider=glm resource=https://analytics.google.com/g/collect?keys=v|tid|gtm|_p|_gaz|gcd|npa|dma|_eu|_prs|are|cid
07-01 10:14:32.499 28264 28372 D AIQuotaLogin: provider=glm resource=https://www.google.co.kr/ads/ga-audiences?keys=v|t|slf_rd|_r|tid|cid|gtm|rcb|aip|dma|gcd|npa
07-01 10:14:32.549 28264 28369 D AIQuotaLogin: provider=glm resource=https://www.google.com/measurement/conversion?keys=random|cv|tid|fst|fmt|en|gtm|gcd|dma|tag_exp|u_w|u_h
07-01 10:14:32.567   527   549 W skia    : AGTM parsing failed flags.readFromStream(s) at 159
07-01 10:14:32.575 28264 28264 D AIQuotaLoginConsole: provider=glm consoleLevel=LOG line=1
07-01 10:14:32.579 28264 28372 D AIQuotaLogin: provider=glm resource=https://analytics.google.com/g/collect?keys=v|tid|gtm|_p|gcd|npa|dma|_eu|_prs|ae|are|cid
07-01 10:14:32.587 28359 28394 E ashmem  : readlink(/proc/self/fd/118) failed: Operation not permitted
07-01 10:14:32.588 28359 28394 E ashmem  : readlink(/proc/self/fd/122) failed: Operation not permitted
07-01 10:14:32.600 28264 28372 D AIQuotaLogin: provider=glm resource=https://z.ai/_next/static/chunks/5790.f420ee43326e4de6.js
07-01 10:14:32.608 28264 28269 I .aiquota.mobile: Background concurrent mark compact GC freed 2266KB AllocSpace bytes, 2(64KB) LOS objects, 49% free, 5646KB/11MB, paused 889us,5.470ms total 26.163ms
07-01 10:14:32.610 28264 28376 D AIQuotaLogin: provider=glm resource=https://z.ai/_next/static/chunks/4129-5b016b7f4cb7e10f.js
07-01 10:14:32.612 28264 28369 D AIQuotaLogin: provider=glm resource=https://z.ai/_next/static/chunks/7073-1dc850bdca5f4b3b.js
07-01 10:14:32.614 28264 28380 D AIQuotaLogin: provider=glm resource=https://z.ai/_next/static/chunks/app/[locale]/page-3454e96dedaa2f07.js
07-01 10:14:32.615 28264 28371 D AIQuotaLogin: provider=glm resource=https://z.ai/_next/static/css/2177b086ad2c1db5.css
07-01 10:14:32.627 28264 28264 D AIQuotaLoginConsole: provider=glm consoleLevel=LOG line=1
07-01 10:14:32.670   527   549 W skia    : AGTM parsing failed flags.readFromStream(s) at 159
07-01 10:14:32.706 28264 28369 I AIQuotaLogin: provider=glm capturedNativeHeaders path=/api/biz/customer/getCustomerInfo names=Accept|Access-Control-Request-Headers|Access-Control-Request-Method|Origin|Referer|Sec-Fetch-Mode|User-Agent
07-01 10:14:32.707 28264 28369 D AIQuotaLogin: provider=glm resource=https://api.z.ai/api/biz/customer/getCustomerInfo
07-01 10:14:32.770   527   549 W skia    : AGTM parsing failed flags.readFromStream(s) at 159
07-01 10:14:32.800 28264 28369 D AIQuotaLogin: provider=glm resource=https://z.ai/_next/static/chunks/9055.f0419cf9f6e84e2f.js
07-01 10:14:32.862   692  1997 W ActivityManager: Skipping manifest association check for null package. SourceUid: -1, SourcePkg: null, TargetUid: 10233, TargetPkg: com.aiquota.mobile
07-01 10:14:32.863   692   724 W ActivityManager: Skipping manifest association check for null package. SourceUid: -1, SourcePkg: null, TargetUid: 10233, TargetPkg: com.aiquota.mobile
07-01 10:14:32.870   527   549 W skia    : AGTM parsing failed flags.readFromStream(s) at 159
07-01 10:14:32.887 28264 28369 D AIQuotaLogin: provider=glm resource=https://t.co/1/i/adsct?keys=bci|dv|eci|event|event_id|integration|p_id|p_user_id|pl_id|pt|tw_document_href|tw_iframe_status
07-01 10:14:32.888 28264 28372 D AIQuotaLogin: provider=glm resource=https://analytics.twitter.com/1/i/adsct?keys=bci|dv|eci|event|event_id|integration|p_id|p_user_id|pl_id|pt|tw_document_href|tw_iframe_status
07-01 10:14:32.896 28264 28372 D AIQuotaLogin: provider=glm resource=https://app.adjust.com/event
07-01 10:14:32.944 28264 28369 D AIQuotaLogin: provider=glm resource=https://z.ai/_next/static/chunks/7548.e88af7e489a315c4.js
07-01 10:14:32.972   527   549 W skia    : AGTM parsing failed flags.readFromStream(s) at 159
07-01 10:14:33.053 28264 28369 I AIQuotaLogin: provider=glm capturedNativeHeaders path=/api/biz/customer/getCustomerInfo names=Accept|Accept-Language|Authorization|Origin|Referer|User-Agent|refer|sec-ch-ua|sec-ch-ua-mobile|sec-ch-ua-platform
07-01 10:14:33.053 28264 28369 D AIQuotaLogin: provider=glm resource=https://api.z.ai/api/biz/customer/getCustomerInfo
07-01 10:14:33.073   527   549 W skia    : AGTM parsing failed flags.readFromStream(s) at 159
07-01 10:14:33.073 28264 28369 I AIQuotaLogin: provider=glm capturedNativeHeaders path=/api/biz/userBehaviorTracking names=Accept|Content-Type|Origin|Referer|User-Agent|sec-ch-ua|sec-ch-ua-mobile|sec-ch-ua-platform
07-01 10:14:33.074 28264 28369 D AIQuotaLogin: provider=glm resource=https://api.z.ai/api/biz/userBehaviorTracking
07-01 10:14:33.090 28264 28371 D AIQuotaLogin: provider=glm resource=https://z.ai/_next/static/chunks/3561.b9904dbd20245696.js
07-01 10:14:33.100 28264 28264 I AIQuotaLogin: provider=glm webSessionCookieCaptured=true cookieCount=8
07-01 10:14:33.108 28264 28264 I AIQuotaLogin: provider=glm nativeCollectorStart=aboutblank reason=resource from=z.ai/manage-apikey/coding-plan/personal/usage
07-01 10:14:33.115 28264 28264 D AIQuotaLoginConsole: provider=glm consoleLevel=ERROR line=1
07-01 10:14:33.117 28264 28371 D AIQuotaLogin: provider=glm resource=https://z.ai/_next/static/chunks/2083.2db3b12f0db8ca4a.js
07-01 10:14:33.181   527   549 W skia    : AGTM parsing failed flags.readFromStream(s) at 159
07-01 10:14:33.189 28264 28264 I AIQuotaCollector: provider=glm collectorMode=webview-js inject host=about:blank
07-01 10:14:33.285   527   549 W skia    : AGTM parsing failed flags.readFromStream(s) at 159
07-01 10:14:33.386   527   549 W skia    : AGTM parsing failed flags.readFromStream(s) at 159
07-01 10:14:33.843 28264 28389 D AIQuotaNativeUsage: nativeUsage provider=glm ok=true diagnostic=ok statuses=
07-01 10:14:33.846 28264 28264 I AIQuotaCollector: provider=glm collectorMode=webview-js rawPayloadPresent=true
07-01 10:14:33.890 28264 28264 I AIQuotaDebugCookie: provider=glm debugCookieSnapshot=true reason=trusted_usage_payload urlCount=17 cookieCount=17 nativeAuthContextCount=0 nativeAuthHeaderCount=0
07-01 10:14:33.899 28264 28264 I AIQuotaLogin: provider=glm webSessionCookieCaptured=true cookieCount=8
07-01 10:14:33.901   976  1041 V WindowManagerShell: Transition requested (#109): android.os.BinderProxy@e4b03f8 TransitionRequestInfo { type = CLOSE, triggerTask = TaskInfo{userId=0 taskId=586 effectiveUid=10233 displayId=0 isRunning=false baseIntent=Intent { flg=0x10000000 cmp=com.aiquota.mobile/.debug.ProviderLoginDebugActivity } baseActivity=null topActivity=null origActivity=null realActivity=ComponentInfo{com.aiquota.mobile/com.aiquota.mobile.debug.ProviderLoginDebugActivity} realActivityIsAppLockEnabled=false numActivities=0 lastActiveTime=13734896 supportsMultiWindow=true supportsMultiWindowWithoutConstraints=true resizeMode=1 isResizeable=true minWidth=-1 minHeight=-1 defaultMinSize=220 token=WCT{android.os.BinderProxy@768f5a} topActivityType=1 pictureInPictureParams=null shouldDockBigOverlays=false launchIntoPipHostTaskId=-1 lastParentTaskIdBeforePip=-1 displayCutoutSafeInsets=Rect(0, 0 - 0, 0) topActivityInfo=null launchCookies=[] positionInParent=Point(0, 0) parentTaskId=-1 isFocused=true isInteractive=true isVisible=true isVisibleRequested=true isTopActivityNoDisplay=false isSleeping=false locusId=null displayAreaFeatureId=1 isTopActivityTransparent=false isActivityStackTransparent=true lastNonFullscreenBounds=null leafTaskBoundsFromOptions= false capturedLink=null capturedLinkTimestamp=0 requestedVisibleTypes=503 topActivityRequestOpenInBrowserEducationTimestamp=0 appCompatTaskInfo=AppCompatTaskInfo { topActivityInSizeCompat=false isLeafTask= true eligibleForLetterboxEducation= false isLetterboxEducationEnabled= false isLetterboxDoubleTapEnabled= false eligibleForUserAspectRatioButton= false topActivityBoundsLetterboxed= false isFromLetterboxDoubleTap= false topActivityLetterboxVerticalPosition= -1 topActivityLetterboxHorizontalPosition= -1 topActivityLetterboxWidth=-1 topActivityLetterboxHeight=-1 topActivityAppBounds=Rect(0, 0 - 0, 0) isUserFullscreenOverrideEnabled=false isSystemFullscreenOverrideEnabled=false hasMinAspectRatioOverride=false topActivityLetterboxBounds=null topNonResizableActivityAspectRatio=-1.0} topActivityMainWindowFrame=null isAppBubble=false}, pipChange = null, remoteTransitionInfo = null, displayChanges = null, requestedLocation = null, userChange = null, windowingLayerChange = null, fullscreenRequestChange = null, flags = 0, debugId = 109 }
07-01 10:14:33.902   976  1041 W DisconnectHandler: No disconnect change found in the transition, not handling request.
07-01 10:14:33.902   976  1041 V ShellDesktopMode: DesktopTasksController: skipping handleRequest reason=triggerTask's display doesn't support desktop mode
07-01 10:14:33.903   527   541 I libbinder.BpBinder: onLastStrongRef automatically unlinking death recipients for binder (0x7594bf049d10) with descriptor: '(not cached)'
07-01 10:14:33.936 28264 28264 I AIQuotaCollector: provider=glm source=structured-script lineCount=3 planPresent=false accountPresent=true keptPreviousSnapshot=false
07-01 10:14:33.969 28264 28269 I .aiquota.mobile: Background concurrent mark compact GC freed 1600KB AllocSpace bytes, 36(1440KB) LOS objects, 49% free, 6462KB/12MB, paused 929us,5.581ms total 17.073ms
07-01 10:14:33.996   976  1041 V RecentTasksController: Notify recent tasks changed
07-01 10:14:33.996  1124  1124 D RecentTasksList: invalidateLoadedTasks - previous requestLoadId: -1
07-01 10:14:33.998  1124  1124 D ViewRootImpl: Skipping stats log for color mode
07-01 10:14:33.998  1124  1124 D BaseActivity: Launcher flags updated: [state_started] +[state_started]
07-01 10:14:33.998  1124  1124 D BaseActivity: Launcher flags updated: [state_started|state_resumed|state_user_active] +[state_resumed|state_user_active]
07-01 10:14:33.998  1124  1124 D BaseActivity: Launcher flags updated: [state_started|state_resumed|state_user_active] +[]
07-01 10:14:33.998  1124  1124 D BaseActivity: Launcher flags updated: [state_started|state_resumed|state_deferred_resumed|state_user_active] +[state_deferred_resumed]
07-01 10:14:33.998  1124  1124 D StatsLog: LAUNCHER_ONRESUME
07-01 10:14:33.999   692  1997 V WindowManager: Defer transition id=109 for TaskFragmentTransaction=android.os.Binder@bef867a
07-01 10:14:34.000  4430  4519 I AiAiEcho: Predicting[0]:  [CONTEXT sampling_count=5 ]
07-01 10:14:34.000  4430  4519 I AiAiEcho: EchoTargets: 
07-01 10:14:34.000  4430  4519 I AiAiEcho: Filtered by AiAi flag check: 
07-01 10:14:34.000  4430  4519 I AiAiEcho: [CONTEXT ratelimit_period="10 SECONDS" ]
07-01 10:14:34.000  4430  4519 I AiAiEcho: #remoteViewsTwiddler: feature disabled.
07-01 10:14:34.001  4430  4519 I AiAiEcho: #postPredictionTargets: Sending updates to UISurface home with targets# 0 (types=[])
07-01 10:14:34.001   976  1041 D WindowManagerShell: setLauncherKeepClearAreaHeight: visible=true, height=495
07-01 10:14:34.004  1124  1225 D QuickstepModelDelegate: notifyAppTargetEvent action=1 launchLocation=workspace/0/[-1,-1]/[1,1]
07-01 10:14:34.012  1124  1124 D SmartspaceInteractor: notifySmartspaceEvent: SmartspaceTargetEvent{mSmartspaceTarget=null, mSmartspaceActionId='null', mEventType=6}
07-01 10:14:34.013   587 16640 W libbinder.IPCThreadState: Sending oneway calls to frozen process.
07-01 10:14:34.014  1124  1124 I Surface : Creating surface for consumer unnamed-1124-36 with slotExpansion=1 for 64 slots
07-01 10:14:34.014  1124  1124 I Surface : Creating surface for consumer VRI[NexusLauncherActivity]#25(BLAST Consumer)25 with slotExpansion=1 for 64 slots
07-01 10:14:34.014   692  1087 D WindowManager: setClientSurface Surface(name=VRI-com.google.android.apps.nexuslauncher/com.google.android.apps.nexuslauncher.NexusLauncherActivity#888)/@0x7b1d421 for 5c92fe6 com.google.android.apps.nexuslauncher/com.google.android.apps.nexuslauncher.NexusLauncherActivity
07-01 10:14:34.015  1124  1124 D BaseDepthController: setSurface:
07-01 10:14:34.015  1124  1124 D BaseDepthController: 	mWaitingOnSurfaceValidity: false
07-01 10:14:34.015  1124  1124 D BaseDepthController: 	mBaseSurface: Surface(name=VRI-com.google.android.apps.nexuslauncher/com.google.android.apps.nexuslauncher.NexusLauncherActivity#888)/@0xbaa612d
07-01 10:14:34.015  1124  1124 V BaseDepthController: Applying blur: 0 to Surface(name=VRI-com.google.android.apps.nexuslauncher/com.google.android.apps.nexuslauncher.NexusLauncherActivity#888)/@0xbaa612d applyImmediately: false
07-01 10:14:34.015  1124  1124 D BaseDepthController: shouldBlurWorkspace: false targetState: Normal currentStableState: Normal mCurrentBlur: 0 mLauncher.getDepthBlurTargets(): [com.android.launcher3.Workspace{6f54662 V.ED..... .......D 0,0-1080,2400 #7f0a0486 app:id/workspace}, com.android.launcher3.Hotseat{3ad03f3 V.ED..... .......D 0,1905-1080,2400 #7f0a01f6 app:id/hotseat}]
07-01 10:14:34.032   976  1360 D WallpaperService: onVisibilityChanged(true): com.android.systemui.wallpapers.ImageWallpaper$CanvasEngine@134e1c5
07-01 10:14:34.033   692   793 D ActivityManager: sync unfroze 4822 com.android.vending for 6
07-01 10:14:34.084   692   786 V WindowManager: Continue transition id=109 for TaskFragmentTransaction=android.os.Binder@bef867a
07-01 10:14:34.090   976  4361 V WindowManagerShell: onTransitionReady(transaction=2972117376798)
07-01 10:14:34.090   976  1041 V WindowManagerShell: onTransitionReady (#109) android.os.BinderProxy@e4b03f8: {id=109 t=CLOSE f=0x0 trk=0 r=[0@Point(0, 0)] c=[
07-01 10:14:34.090   976  1041 V WindowManagerShell:         {m=CLOSE f=FLAG_CHANGED_INTERACTIVE leash=Surface(name=Task=586#872)/@0xaf670d1 sb=Rect(0, 0 - 1080, 2400) eb=Rect(0, 0 - 1080, 2400) epz=Point(1080, 2400) d=0 taskParent=-1 winMode=1 userId=0},
07-01 10:14:34.090   976  1041 V WindowManagerShell:         {m=TO_FRONT f=SHOW_WALLPAPER|MOVE_TO_TOP|FLAG_CHANGED_INTERACTIVE leash=Surface(name=Task=1#35)/@0x3f3e736 sb=Rect(0, 0 - 1080, 2400) eb=Rect(0, 0 - 1080, 2400) epz=Point(1080, 2400) d=0 taskParent=-1 winMode=1 userId=0},
07-01 10:14:34.090   976  1041 V WindowManagerShell:         {m=TO_FRONT f=IS_WALLPAPER leash=Surface(name=WallpaperWindowToken{52b99b6}#55)/@0x9101637 sb=Rect(0, 0 - 1080, 2400) eb=Rect(0, 0 - 1080, 2400) epz=Point(1080, 2400) d=0}
07-01 10:14:34.090   976  1041 V WindowManagerShell:     ]}
07-01 10:14:34.092   976  1041 V WindowManagerShell: Playing animation for (#109) android.os.BinderProxy@e4b03f8@0
07-01 10:14:34.092   976  1041 D ShellSplitScreen: startAnimation: transition=109 isSplitActive=false
07-01 10:14:34.092   976  1041 V ShellRecents: RecentsTransitionHandler.startAnimation: no controller found
07-01 10:14:34.092   976  1041 V ShellDesktopMode: DesktopMixedTransitionHandler: No pending desktop transition
07-01 10:14:34.093   976  1041 V WindowManagerShell: Transition doesn't have explicit remote, search filters for match for {id=109 t=CLOSE f=0x0 trk=0 r=[0@Point(0, 0)] c=[{m=CLOSE f=FLAG_CHANGED_INTERACTIVE leash=Surface(name=Task=586#872)/@0xaf670d1 sb=Rect(0, 0 - 1080, 2400) eb=Rect(0, 0 - 1080, 2400) epz=Point(1080, 2400) d=0 taskParent=-1 winMode=1 userId=0},{m=TO_FRONT f=SHOW_WALLPAPER|MOVE_TO_TOP|FLAG_CHANGED_INTERACTIVE leash=Surface(name=Task=1#35)/@0x3f3e736 sb=Rect(0, 0 - 1080, 2400) eb=Rect(0, 0 - 1080, 2400) epz=Point(1080, 2400) d=0 taskParent=-1 winMode=1 userId=0},{m=TO_FRONT f=IS_WALLPAPER leash=Surface(name=WallpaperWindowToken{52b99b6}#55)/@0x9101637 sb=Rect(0, 0 - 1080, 2400) eb=Rect(0, 0 - 1080, 2400) epz=Point(1080, 2400) d=0}]}
07-01 10:14:34.093   976  1041 V WindowManagerShell:  Checking filter Pair{{types=[] flags=0x0 notFlags=0x0 checks=[{atype=undefined independent=true modes=[CLOSE,TO_BACK] flags=IN_TASK_WITH_EMBEDDED_ACTIVITY mustBeTask=false order=ANY topActivity=null launchCookie=null taskFragmentToken=android.os.BinderProxy@37e938e windowingMode=undefined isCrossDisplayMove=false}]} RemoteTransition { remoteTransition = android.window.IRemoteTransition$Stub$Proxy@bae47af, appThread = android.app.IApplicationThread$Stub$Proxy@36607bc, debugName = overlayBackTransition, filter = {types=[] flags=0x0 notFlags=0x0 checks=[{atype=undefined independent=true modes=[CLOSE,TO_BACK] flags=IN_TASK_WITH_EMBEDDED_ACTIVITY mustBeTask=false order=ANY topActivity=null launchCookie=null taskFragmentToken=android.os.BinderProxy@37e938e windowingMode=undefined isCrossDisplayMove=false}]} }}
07-01 10:14:34.093   976  1041 V WindowManagerShell:  Checking filter Pair{{types=[] flags=0x0 notFlags=0x0 checks=[{atype=dream independent=true modes=[OPEN,TO_FRONT] flags=NONE mustBeTask=false order=ANY topActivity=null launchCookie=null windowingMode=undefined isCrossDisplayMove=false},{atype=home independent=true modes=[CLOSE,TO_BACK] flags=NONE mustBeTask=false order=ANY topActivity=null launchCookie=null windowingMode=undefined isCrossDisplayMove=false}]} RemoteTransition { remoteTransition = android.window.IRemoteTransition$Stub$Proxy@34c345, appThread = android.app.IApplicationThread$Stub$Proxy@6545a9a, debugName = LauncherToDream, filter = {types=[] flags=0x0 notFlags=0x0 checks=[{atype=dream independent=true modes=[OPEN,TO_FRONT] flags=NONE mustBeTask=false order=ANY topActivity=null launchCookie=null windowingMode=undefined isCrossDisplayMove=false},{atype=home independent=true modes=[CLOSE,TO_BACK] flags=NONE mustBeTask=false order=ANY topActivity=null launchCookie=null windowingMode=undefined isCrossDisplayMove=false}]} }}
07-01 10:14:34.093   976  1041 V WindowManagerShell:  Checking filter Pair{{types=[] flags=0x0 notFlags=0x0 checks=[{atype=standard independent=false modes=[CHANGE] flags=NONE mustBeTask=true order=ANY topActivity=null launchCookie=null windowingMode=undefined isCrossDisplayMove=true}]} RemoteTransition { remoteTransition = android.window.IRemoteTransition$Stub$Proxy@2a1afcb, appThread = android.app.IApplicationThread$Stub$Proxy@469e3a8, debugName = QuickstepDisplayMove, filter = {types=[] flags=0x0 notFlags=0x0 checks=[{atype=standard independent=false modes=[CHANGE] flags=NONE mustBeTask=true order=ANY topActivity=null launchCookie=null windowingMode=undefined isCrossDisplayMove=true}]} }}
07-01 10:14:34.093   976  1041 V WindowManagerShell:  Checking filter Pair{{types=[] flags=0x0 notFlags=0x100 checks=[{atype=home independent=true modes=[OPEN,TO_FRONT] flags=NONE mustBeTask=false order=ANY topActivity=ComponentInfo{com.google.android.apps.nexuslauncher/com.google.android.apps.nexuslauncher.NexusLauncherActivity} launchCookie=null windowingMode=undefined isCrossDisplayMove=false},{atype=standard independent=true modes=[CLOSE,TO_BACK] flags=NONE mustBeTask=false order=ANY topActivity=null launchCookie=null windowingMode=undefined isCrossDisplayMove=false},{NOT atype=undefined independent=true modes=[] flags=NONE mustBeTask=true order=ANY topActivity=null launchCookie=null customAnim=true windowingMode=undefined isCrossDisplayMove=false}]} RemoteTransition { remoteTransition = android.window.IRemoteTransition$Stub$Proxy@634ec1, appThread = android.app.IApplicationThread$Stub$Proxy@68d8666, debugName = QuickstepLaunchHome, filter = {types=[] flags=0x0 notFlags=0x100 checks=[{atype=home independent=true modes=[OPEN,TO_FRONT] flags=NONE mustBeTask=false order=ANY topActivity=ComponentInfo{com.google.android.apps.nexuslauncher/com.google.android.apps.nexuslauncher.NexusLauncherActivity} launchCookie=null windowingMode=undefined isCrossDisplayMove=false},{atype=standard independent=true modes=[CLOSE,TO_BACK] flags=NONE mustBeTask=false order=ANY topActivity=null launchCookie=null windowingMode=undefined isCrossDisplayMove=false},{NOT atype=undefined independent=true modes=[] flags=NONE mustBeTask=true order=ANY topActivity=null launchCookie=null customAnim=true windowingMode=undefined isCrossDisplayMove=false}]} }}
07-01 10:14:34.093   976  1041 D RemoteTransitionHandler: Found filterPair{{types=[] flags=0x0 notFlags=0x100 checks=[{atype=home independent=true modes=[OPEN,TO_FRONT] flags=NONE mustBeTask=false order=ANY topActivity=ComponentInfo{com.google.android.apps.nexuslauncher/com.google.android.apps.nexuslauncher.NexusLauncherActivity} launchCookie=null windowingMode=undefined isCrossDisplayMove=false},{atype=standard independent=true modes=[CLOSE,TO_BACK] flags=NONE mustBeTask=false order=ANY topActivity=null launchCookie=null windowingMode=undefined isCrossDisplayMove=false},{NOT atype=undefined independent=true modes=[] flags=NONE mustBeTask=true order=ANY topActivity=null launchCookie=null customAnim=true windowingMode=undefined isCrossDisplayMove=false}]} RemoteTransition { remoteTransition = android.window.IRemoteTransition$Stub$Proxy@634ec1, appThread = android.app.IApplicationThread$Stub$Proxy@68d8666, debugName = QuickstepLaunchHome, filter = {types=[] flags=0x0 notFlags=0x100 checks=[{atype=home independent=true modes=[OPEN,TO_FRONT] flags=NONE mustBeTask=false order=ANY topActivity=ComponentInfo{com.google.android.apps.nexuslauncher/com.google.android.apps.nexuslauncher.NexusLauncherActivity} launchCookie=null windowingMode=undefined isCrossDisplayMove=false},{atype=standard independent=true modes=[CLOSE,TO_BACK] flags=NONE mustBeTask=false order=ANY topActivity=null launchCookie=null windowingMode=undefined isCrossDisplayMove=false},{NOT atype=undefined independent=true modes=[] flags=NONE mustBeTask=true order=ANY topActivity=null launchCookie=null customAnim=true windowingMode=undefined isCrossDisplayMove=false}]} }}
07-01 10:14:34.093   976  1041 V WindowManagerShell:  Delegate animation for (#109) to RemoteTransition { remoteTransition = android.window.IRemoteTransition$Stub$Proxy@634ec1, appThread = android.app.IApplicationThread$Stub$Proxy@68d8666, debugName = QuickstepLaunchHome, filter = {types=[] flags=0x0 notFlags=0x100 checks=[{atype=home independent=true modes=[OPEN,TO_FRONT] flags=NONE mustBeTask=false order=ANY topActivity=ComponentInfo{com.google.android.apps.nexuslauncher/com.google.android.apps.nexuslauncher.NexusLauncherActivity} launchCookie=null windowingMode=undefined isCrossDisplayMove=false},{atype=standard independent=true modes=[CLOSE,TO_BACK] flags=NONE mustBeTask=false order=ANY topActivity=null launchCookie=null windowingMode=undefined isCrossDisplayMove=false},{NOT atype=undefined independent=true modes=[] flags=NONE mustBeTask=true order=ANY topActivity=null launchCookie=null customAnim=true windowingMode=undefined isCrossDisplayMove=false}]} }
07-01 10:14:34.094  1124  1124 D ShortcutAndWidgetContainer: appWidgetScale - [x,y]: [1.0,1.0]
07-01 10:14:34.094  1124  1124 D NavigableAppWidgetHostView: updateScale - [fitScale,bounceScale]: [1.0,1.0]
07-01 10:14:34.094  1124  1124 D ShortcutAndWidgetContainer: appWidgetScale - [x,y]: [1.0,1.0]
07-01 10:14:34.094  1124  1124 D NavigableAppWidgetHostView: updateScale - [fitScale,bounceScale]: [1.0,1.0]
07-01 10:14:34.094  1124  1124 D ShortcutAndWidgetContainer: appWidgetScale - [x,y]: [1.0,1.0]
07-01 10:14:34.094  1124  1124 D NavigableAppWidgetHostView: updateScale - [fitScale,bounceScale]: [1.0,1.0]
07-01 10:14:34.094  1124  1124 D ShortcutAndWidgetContainer: appWidgetScale - [x,y]: [1.0,1.0]
07-01 10:14:34.094  1124  1124 D NavigableAppWidgetHostView: updateScale - [fitScale,bounceScale]: [1.0,1.0]
07-01 10:14:34.095  1124  1124 D SsBaseTemplateCard: Passed-in item info is null
07-01 10:14:34.095  1124  1124 D SsBaseTemplateCard: Passed-in item info is null
07-01 10:14:34.095  1124  1124 D SsBaseTemplateCard: Passed-in item info is null
07-01 10:14:34.095  1124  1124 D SsBaseTemplateCard: Passed-in item info is null
07-01 10:14:34.095  1124  1124 I SsBaseTemplateCard: Secondary card pane is null
07-01 10:14:34.101  1124  1124 D LauncherStateManager: StateManager.createAtomicAnimation: fromState: Normal, toState: Normal, partial trace:
07-01 10:14:34.101  1124  1124 D LauncherStateManager: 	at com.android.quickstep.util.ScalingWorkspaceRevealAnim.<init>(go/retraceme 4b96215a9d9b4c1494121442fbf9d6e89857c91e1d76ddcc689701971259418a:60)
07-01 10:14:34.101  1124  1124 D LauncherStateManager: 	at com.android.launcher3.QuickstepTransitionManager.createWallpaperOpenAnimations(go/retraceme 4b96215a9d9b4c1494121442fbf9d6e89857c91e1d76ddcc689701971259418a:622)
07-01 10:14:34.101  1124  1124 D LauncherStateManager: 	at com.android.launcher3.QuickstepTransitionManager$WallpaperOpenLauncherAnimationRunner.onAnimationStart(go/retraceme 4b96215a9d9b4c1494121442fbf9d6e89857c91e1d76ddcc689701971259418a:135)
07-01 10:14:34.101  1124  1124 D AllAppsTransitionController: shouldProtectHeader: false skipScrim: true state: Normal stateManager.getState(): Normal
07-01 10:14:34.101  1124  1124 D KeyboardInsetsHandler: removePendingImeController: pendingImeController=null
07-01 10:14:34.101  1124  1124 V BaseDepthController: Applying blur: 0 to Surface(name=VRI-com.google.android.apps.nexuslauncher/com.google.android.apps.nexuslauncher.NexusLauncherActivity#888)/@0xbaa612d applyImmediately: false
07-01 10:14:34.102  1124  1124 D BaseDepthController: shouldBlurWorkspace: false targetState: Normal currentStableState: Normal mCurrentBlur: 0 mLauncher.getDepthBlurTargets(): [com.android.launcher3.Workspace{6f54662 V.ED..... ......ID 0,0-1080,2400 #7f0a0486 app:id/workspace}, com.android.launcher3.Hotseat{3ad03f3 V.ED..... ........ 0,1905-1080,2400 #7f0a01f6 app:id/hotseat}]
07-01 10:14:34.102  1124  1124 V BaseDepthController: Applying blur: 0 to Surface(name=VRI-com.google.android.apps.nexuslauncher/com.google.android.apps.nexuslauncher.NexusLauncherActivity#888)/@0xbaa612d applyImmediately: false
07-01 10:14:34.102  1124  1124 D BaseDepthController: shouldBlurWorkspace: false targetState: Normal currentStableState: Normal mCurrentBlur: 0 mLauncher.getDepthBlurTargets(): [com.android.launcher3.Workspace{6f54662 V.ED..... ......ID 0,0-1080,2400 #7f0a0486 app:id/workspace}, com.android.launcher3.Hotseat{3ad03f3 V.ED..... ........ 0,1905-1080,2400 #7f0a01f6 app:id/hotseat}]
07-01 10:14:34.102  1124  1124 D LauncherStateManager: StateManager.cancelAnimation: animation ongoing: false, partial trace:
07-01 10:14:34.102  1124  1124 D LauncherStateManager: 	at com.android.launcher3.statemanager.StateManager.setCurrentAnimation(go/retraceme 4b96215a9d9b4c1494121442fbf9d6e89857c91e1d76ddcc689701971259418a:59)
07-01 10:14:34.102  1124  1124 D LauncherStateManager: 	at com.android.launcher3.QuickstepTransitionManager.createWallpaperOpenAnimations(go/retraceme 4b96215a9d9b4c1494121442fbf9d6e89857c91e1d76ddcc689701971259418a:734)
07-01 10:14:34.102  1124  1124 D LauncherStateManager: 	at com.android.launcher3.QuickstepTransitionManager$WallpaperOpenLauncherAnimationRunner.onAnimationStart(go/retraceme 4b96215a9d9b4c1494121442fbf9d6e89857c91e1d76ddcc689701971259418a:135)
07-01 10:14:34.102  1124  1124 D b/311077782: LauncherAnimationRunner.setAnimation
07-01 10:14:34.102  1124  1124 V BaseDepthController: Applying blur: 0 to Surface(name=VRI-com.google.android.apps.nexuslauncher/com.google.android.apps.nexuslauncher.NexusLauncherActivity#888)/@0xbaa612d applyImmediately: false
07-01 10:14:34.102  1124  1124 D BaseDepthController: shouldBlurWorkspace: false targetState: Normal currentStableState: Normal mCurrentBlur: 0 mLauncher.getDepthBlurTargets(): [com.android.launcher3.Workspace{6f54662 V.ED..... ......ID 0,0-1080,2400 #7f0a0486 app:id/workspace}, com.android.launcher3.Hotseat{3ad03f3 V.ED..... ......ID 0,1905-1080,2400 #7f0a01f6 app:id/hotseat}]
07-01 10:14:34.102  1124  1124 V BaseDepthController: Applying blur: 0 to Surface(name=VRI-com.google.android.apps.nexuslauncher/com.google.android.apps.nexuslauncher.NexusLauncherActivity#888)/@0xbaa612d applyImmediately: false
07-01 10:14:34.102  1124  1124 D BaseDepthController: shouldBlurWorkspace: false targetState: Normal currentStableState: Normal mCurrentBlur: 0 mLauncher.getDepthBlurTargets(): [com.android.launcher3.Workspace{6f54662 V.ED..... ......ID 0,0-1080,2400 #7f0a0486 app:id/workspace}, com.android.launcher3.Hotseat{3ad03f3 V.ED..... ......ID 0,1905-1080,2400 #7f0a01f6 app:id/hotseat}]
07-01 10:14:34.102  1124  1124 V BaseDepthController: Applying blur: 0 to Surface(name=VRI-com.google.android.apps.nexuslauncher/com.google.android.apps.nexuslauncher.NexusLauncherActivity#888)/@0xbaa612d applyImmediately: false
07-01 10:14:34.103  1124  1124 D BaseDepthController: shouldBlurWorkspace: false targetState: Normal currentStableState: Normal mCurrentBlur: 0 mLauncher.getDepthBlurTargets(): [com.android.launcher3.Workspace{6f54662 V.ED..... ......ID 0,0-1080,2400 #7f0a0486 app:id/workspace}, com.android.launcher3.Hotseat{3ad03f3 V.ED..... ......ID 0,1905-1080,2400 #7f0a01f6 app:id/hotseat}]
07-01 10:14:34.103  1124  1124 V BaseDepthController: Applying blur: 0 to Surface(name=VRI-com.google.android.apps.nexuslauncher/com.google.android.apps.nexuslauncher.NexusLauncherActivity#888)/@0xbaa612d applyImmediately: false
07-01 10:14:34.103  1124  1124 D BaseDepthController: shouldBlurWorkspace: false targetState: Normal currentStableState: Normal mCurrentBlur: 0 mLauncher.getDepthBlurTargets(): [com.android.launcher3.Workspace{6f54662 V.ED..... ......ID 0,0-1080,2400 #7f0a0486 app:id/workspace}, com.android.launcher3.Hotseat{3ad03f3 V.ED..... ......ID 0,1905-1080,2400 #7f0a01f6 app:id/hotseat}]
07-01 10:14:34.103  1124  1124 V BaseDepthController: Applying blur: 0 to Surface(name=VRI-com.google.android.apps.nexuslauncher/com.google.android.apps.nexuslauncher.NexusLauncherActivity#888)/@0xbaa612d applyImmediately: false
07-01 10:14:34.103  1124  1124 D BaseDepthController: shouldBlurWorkspace: false targetState: Normal currentStableState: Normal mCurrentBlur: 0 mLauncher.getDepthBlurTargets(): [com.android.launcher3.Workspace{6f54662 V.ED..... ......ID 0,0-1080,2400 #7f0a0486 app:id/workspace}, com.android.launcher3.Hotseat{3ad03f3 V.ED..... ......ID 0,1905-1080,2400 #7f0a01f6 app:id/hotseat}]
07-01 10:14:34.104   527   549 W skia    : AGTM parsing failed flags.readFromStream(s) at 159
07-01 10:14:34.109   692   712 V WindowManager: Sent Transition (#109) createdAt=07-01 10:14:33.901 via request=TransitionRequestInfo { type = CLOSE, triggerTask = TaskInfo{userId=0 taskId=586 effectiveUid=10233 displayId=0 isRunning=false baseIntent=Intent { flg=0x10000000 cmp=com.aiquota.mobile/.debug.ProviderLoginDebugActivity } baseActivity=null topActivity=null origActivity=null realActivity=ComponentInfo{com.aiquota.mobile/com.aiquota.mobile.debug.ProviderLoginDebugActivity} realActivityIsAppLockEnabled=false numActivities=0 lastActiveTime=13734896 supportsMultiWindow=true supportsMultiWindowWithoutConstraints=true resizeMode=1 isResizeable=true minWidth=-1 minHeight=-1 defaultMinSize=220 token=WCT{RemoteToken{4c9ecc3 Task{c1345f8 #586 type=standard A=10233:com.aiquota.mobile}}} topActivityType=1 pictureInPictureParams=null shouldDockBigOverlays=false launchIntoPipHostTaskId=-1 lastParentTaskIdBeforePip=-1 displayCutoutSafeInsets=Rect(0, 0 - 0, 0) topActivityInfo=null launchCookies=[] positionInParent=Point(0, 0) parentTaskId=-1 isFocused=true isInteractive=true isVisible=true isVisibleRequested=true isTopActivityNoDisplay=false isSleeping=false locusId=null displayAreaFeatureId=1 isTopActivityTransparent=false isActivityStackTransparent=true lastNonFullscreenBounds=null leafTaskBoundsFromOptions= false capturedLink=null capturedLinkTimestamp=0 requestedVisibleTypes=503 topActivityRequestOpenInBrowserEducationTimestamp=0 appCompatTaskInfo=AppCompatTaskInfo { topActivityInSizeCompat=false isLeafTask= true eligibleForLetterboxEducation= false isLetterboxEducationEnabled= false isLetterboxDoubleTapEnabled= false eligibleForUserAspectRatioButton= false topActivityBoundsLetterboxed= false isFromLetterboxDoubleTap= false topActivityLetterboxVerticalPosition= -1 topActivityLetterboxHorizontalPosition= -1 topActivityLetterboxWidth=-1 topActivityLetterboxHeight=-1 topActivityAppBounds=Rect(0, 0 - 0, 0) isUserFullscreenOverrideEnabled=false isSystemFullscreenOverrideEnabled=false hasMinAspectRatioOverride=false topActivityLetterboxBounds=null topNonResizableActivityAspectRatio=-1.0} topActivityMainWindowFrame=null isAppBubble=false}, pipChange = null, remoteTransitionInfo = null, displayChanges = null, requestedLocation = null, userChange = null, windowingLayerChange = null, fullscreenRequestChange = null, flags = 0, debugId = 109 }
07-01 10:14:34.110   692   712 V WindowManager:     startWCT=WindowContainerTransaction { changes= {} hops= [] flags= 0 errorCallbackToken=null taskFragmentOrganizer=null }
07-01 10:14:34.112   692   712 V WindowManager:     info={id=109 t=CLOSE f=0x0 trk=0 r=[0@Point(0, 0)] c=[
07-01 10:14:34.112   692   712 V WindowManager:         {WCT{RemoteToken{4c9ecc3 Task{c1345f8 #586 type=standard A=10233:com.aiquota.mobile}}} m=CLOSE f=FLAG_CHANGED_INTERACTIVE leash=Surface(name=Task=586#872)/@0x86cc97d sb=Rect(0, 0 - 1080, 2400) eb=Rect(0, 0 - 1080, 2400) epz=Point(1080, 2400) d=0 taskParent=-1 winMode=1 userId=0},
07-01 10:14:34.112   692   712 V WindowManager:         {WCT{RemoteToken{9e125dd Task{1fd25e1 #1 type=home}}} m=TO_FRONT f=SHOW_WALLPAPER|MOVE_TO_TOP|FLAG_CHANGED_INTERACTIVE leash=Surface(name=Task=1#35)/@0x54d2d69 sb=Rect(0, 0 - 1080, 2400) eb=Rect(0, 0 - 1080, 2400) epz=Point(1080, 2400) d=0 taskParent=-1 winMode=1 userId=0},
07-01 10:14:34.112   692   712 V WindowManager:         {m=TO_FRONT f=IS_WALLPAPER leash=Surface(name=WallpaperWindowToken{52b99b6}#55)/@0x568e9c sb=Rect(0, 0 - 1080, 2400) eb=Rect(0, 0 - 1080, 2400) epz=Point(1080, 2400) d=0}
07-01 10:14:34.112   692   712 V WindowManager:     ]}
07-01 10:14:34.116   692   786 W ProcessStats: Tracking association SourceState{926a158 system/1000 ImpBg #12872} whose proc state 6 is better than process ProcessState{426a6d5 com.android.vending/10153 pkg=com.android.vending} proc state 14 (0 skipped)
07-01 10:14:34.117   527   549 W skia    : AGTM parsing failed flags.readFromStream(s) at 159
07-01 10:14:34.119   692  2077 W ActivityTaskManager: setRunningRemoteTransition: no process for null
07-01 10:14:34.123   976  1041 V WindowManagerShell:  animated by com.android.wm.shell.transition.RemoteTransitionHandler@2197da7
07-01 10:14:34.123   976  1041 V RecentTasksController: Notify recent tasks changed
07-01 10:14:34.124   976  1041 V RecentTasksController: generateList(getRecentTasks)
07-01 10:14:34.124   976  1041 V RecentTasksController: initializeDesksMap - allDeskIds: []
07-01 10:14:34.124   976  1041 V RecentTasksController: Task 586 is not an active desktop task
07-01 10:14:34.124   976  1041 V RecentTasksController: Added fullscreen task: 586
07-01 10:14:34.124   976  1041 V RecentTasksController: Task 496 is not an active desktop task
07-01 10:14:34.124   976  1041 V RecentTasksController: Added fullscreen task: 496
07-01 10:14:34.124   976  1041 V RecentTasksController: Task 509 is not an active desktop task
07-01 10:14:34.124   976  1041 V RecentTasksController: Added fullscreen task: 509
07-01 10:14:34.124   976  1041 V RecentTasksController: generateList - complete
07-01 10:14:34.125  1124  1223 D PreloadThumbnailUseCase: Preloading thumbnails for task ids: [[id=509 windowingMode=0 user=0 lastActiveTime=23280] null, [id=496 windowingMode=0 user=0 lastActiveTime=23281] null, [id=586 windowingMode=1 user=0 lastActiveTime=13740260] null]
07-01 10:14:34.128  1124  1124 V BaseDepthController: Applying blur: 0 to Surface(name=VRI-com.google.android.apps.nexuslauncher/com.google.android.apps.nexuslauncher.NexusLauncherActivity#888)/@0xbaa612d applyImmediately: false
07-01 10:14:34.128  1124  1124 D BaseDepthController: shouldBlurWorkspace: false targetState: Normal currentStableState: Normal mCurrentBlur: 0 mLauncher.getDepthBlurTargets(): [com.android.launcher3.Workspace{6f54662 V.ED..... ........ 0,0-1080,2400 #7f0a0486 app:id/workspace}, com.android.launcher3.Hotseat{3ad03f3 V.ED..... .......D 0,1905-1080,2400 #7f0a01f6 app:id/hotseat}]
07-01 10:14:34.128   488   488 I RanchuHwc: logCompositionFallbackIfChanged: layer 138 CompositionType fallback from 2 to 1
07-01 10:14:34.128   488   488 I RanchuHwc: logCompositionFallbackIfChanged: layer 139 CompositionType fallback from 2 to 1
07-01 10:14:34.128   527   549 W skia    : AGTM parsing failed flags.readFromStream(s) at 159
07-01 10:14:34.128   527   549 W skia    : AGTM parsing failed flags.readFromStream(s) at 159
07-01 10:14:34.128   527   549 W skia    : AGTM parsing failed flags.readFromStream(s) at 159
07-01 10:14:34.128   527   549 W skia    : AGTM parsing failed flags.readFromStream(s) at 159
07-01 10:14:34.128   527   549 W skia    : AGTM parsing failed flags.readFromStream(s) at 159
07-01 10:14:34.128   527   549 W skia    : AGTM parsing failed flags.readFromStream(s) at 159
07-01 10:14:34.128   527   549 W skia    : AGTM parsing failed flags.readFromStream(s) at 159
07-01 10:14:34.130  1124  1124 D BaseActivity: Launcher flags updated: [state_started|state_resumed|state_deferred_resumed|state_window_focused|state_user_active] +[state_window_focused]
07-01 10:14:34.132  4822  4822 I Finsky  : [2] SCH: job service start with id 9270.
07-01 10:14:34.134   692   819 I ImeTracker: com.google.android.apps.nexuslauncher:f1bd3468: onRequestHide at ORIGIN_SERVER reason HIDE_UNSPECIFIED_WINDOW fromUser false userId 0 displayId 0
07-01 10:14:34.134  1124  1124 D RecentTasksList: invalidateLoadedTasks - previous requestLoadId: -1
07-01 10:14:34.135  1124  1124 D InsetsController: hide(ime())
07-01 10:14:34.135  1124  1124 I ImeTracker: com.google.android.apps.nexuslauncher:f1bd3468: onCancelled at PHASE_CLIENT_ALREADY_HIDDEN
07-01 10:14:34.138   692   819 W InputChannel-JNI: Channel already disposed.
07-01 10:14:34.139  4600  4600 I GoogleInputMethodService: GoogleInputMethodService.onFinishInput():2274 
07-01 10:14:34.140  4600  4600 I Module  : DeviceLockedStatusModuleProvider$Module.updateDeviceLockedStatusInternal():128 repeatCheckTimes = 0, locked = false
07-01 10:14:34.140   692  2048 I ImeTracker: system_server:e79bd352: onRequestHide at ORIGIN_SERVER reason IME_REQUESTED_CHANGED_LISTENER fromUser false displayId 0
07-01 10:14:34.142   692   715 I ImeTracker: system_server:e79bd352: onCancelled at PHASE_SERVER_SHOULD_HIDE
07-01 10:14:34.145  1124  1124 V BaseDepthController: Applying blur: 0 to Surface(name=VRI-com.google.android.apps.nexuslauncher/com.google.android.apps.nexuslauncher.NexusLauncherActivity#888)/@0xbaa612d applyImmediately: false
07-01 10:14:34.145  1124  1124 D BaseDepthController: shouldBlurWorkspace: false targetState: Normal currentStableState: Normal mCurrentBlur: 0 mLauncher.getDepthBlurTargets(): [com.android.launcher3.Workspace{6f54662 V.ED..... .......D 0,0-1080,2400 #7f0a0486 app:id/workspace}, com.android.launcher3.Hotseat{3ad03f3 V.ED..... .......D 0,1905-1080,2400 #7f0a01f6 app:id/hotseat}]
07-01 10:14:34.146   527   549 W skia    : AGTM parsing failed flags.readFromStream(s) at 159
07-01 10:14:34.146   527   549 W skia    : AGTM parsing failed flags.readFromStream(s) at 159
07-01 10:14:34.146   527   549 W skia    : AGTM parsing failed flags.readFromStream(s) at 159
07-01 10:14:34.146   527   549 W skia    : AGTM parsing failed flags.readFromStream(s) at 159
07-01 10:14:34.146   527   549 W skia    : AGTM parsing failed flags.readFromStream(s) at 159
07-01 10:14:34.146   527   549 W skia    : AGTM parsing failed flags.readFromStream(s) at 159
07-01 10:14:34.146   527   549 W skia    : AGTM parsing failed flags.readFromStream(s) at 159
07-01 10:14:34.147  4600  4600 I GoogleInputMethodService: GoogleInputMethodService.onStartInput():1459 onStartInput(EditorInfo{EditorInfo{packageName=com.google.android.apps.nexuslauncher, inputType=0, inputTypeString=NULL, enableLearning=false, autoCorrection=false, autoComplete=false, imeOptions=0, privateImeOptions=null, actionName=UNSPECIFIED, actionLabel=null, initialSelStart=-1, initialSelEnd=-1, initialCapsMode=0, label=null, fieldId=0, fieldName=null, extras=null, hintText=null, hintLocales=[]}}, false)
07-01 10:14:34.147  4600  4600 I LatinIMEBase: LatinIMEBase.updateInputViewCoverNavigation():317 Update input view padding, isNavbarOverInputWindow=true, bottom inset=63
07-01 10:14:34.148  4600  4600 I Module  : DeviceLockedStatusModuleProvider$Module.updateDeviceLockedStatusInternal():128 repeatCheckTimes = 1, locked = false
07-01 10:14:34.151   692  1997 W PackageConfigPersister: App-specific configuration not found for packageName: com.google.android.apps.nexuslauncher and userId: 0
07-01 10:14:34.161  1124  1124 V BaseDepthController: Applying blur: 0 to Surface(name=VRI-com.google.android.apps.nexuslauncher/com.google.android.apps.nexuslauncher.NexusLauncherActivity#888)/@0xbaa612d applyImmediately: false
07-01 10:14:34.161  1124  1124 D BaseDepthController: shouldBlurWorkspace: false targetState: Normal currentStableState: Normal mCurrentBlur: 0 mLauncher.getDepthBlurTargets(): [com.android.launcher3.Workspace{6f54662 V.ED..... .......D 0,0-1080,2400 #7f0a0486 app:id/workspace}, com.android.launcher3.Hotseat{3ad03f3 V.ED..... .......D 0,1905-1080,2400 #7f0a01f6 app:id/hotseat}]
07-01 10:14:34.161   527   549 W skia    : AGTM parsing failed flags.readFromStream(s) at 159
07-01 10:14:34.161   527   549 W skia    : AGTM parsing failed flags.readFromStream(s) at 159
07-01 10:14:34.161   527   549 W skia    : AGTM parsing failed flags.readFromStream(s) at 159
07-01 10:14:34.162   527   549 W skia    : AGTM parsing failed flags.readFromStream(s) at 159
07-01 10:14:34.162   527   549 W skia    : AGTM parsing failed flags.readFromStream(s) at 159
07-01 10:14:34.162   527   549 W skia    : AGTM parsing failed flags.readFromStream(s) at 159
07-01 10:14:34.162   527   549 W skia    : AGTM parsing failed flags.readFromStream(s) at 159
07-01 10:14:34.179   527   549 W skia    : AGTM parsing failed flags.readFromStream(s) at 159
07-01 10:14:34.179   527   549 W skia    : AGTM parsing failed flags.readFromStream(s) at 159
07-01 10:14:34.179   527   549 W skia    : AGTM parsing failed flags.readFromStream(s) at 159
07-01 10:14:34.179   527   549 W skia    : AGTM parsing failed flags.readFromStream(s) at 159
07-01 10:14:34.179   527   549 W skia    : AGTM parsing failed flags.readFromStream(s) at 159
07-01 10:14:34.179   527   549 W skia    : AGTM parsing failed flags.readFromStream(s) at 159
07-01 10:14:34.179   527   549 W skia    : AGTM parsing failed flags.readFromStream(s) at 159
07-01 10:14:34.181  1124  1124 V BaseDepthController: Applying blur: 0 to Surface(name=VRI-com.google.android.apps.nexuslauncher/com.google.android.apps.nexuslauncher.NexusLauncherActivity#888)/@0xbaa612d applyImmediately: false
07-01 10:14:34.181  1124  1124 D BaseDepthController: shouldBlurWorkspace: false targetState: Normal currentStableState: Normal mCurrentBlur: 0 mLauncher.getDepthBlurTargets(): [com.android.launcher3.Workspace{6f54662 V.ED..... ........ 0,0-1080,2400 #7f0a0486 app:id/workspace}, com.android.launcher3.Hotseat{3ad03f3 V.ED..... ........ 0,1905-1080,2400 #7f0a01f6 app:id/hotseat}]
07-01 10:14:34.186  4822 28261 I Finsky  : [562] SCH: Satisfied jobs for 9270 are: 12-1
07-01 10:14:34.195  1124  1124 V BaseDepthController: Applying blur: 0 to Surface(name=VRI-com.google.android.apps.nexuslauncher/com.google.android.apps.nexuslauncher.NexusLauncherActivity#888)/@0xbaa612d applyImmediately: false
07-01 10:14:34.195  1124  1124 D BaseDepthController: shouldBlurWorkspace: false targetState: Normal currentStableState: Normal mCurrentBlur: 0 mLauncher.getDepthBlurTargets(): [com.android.launcher3.Workspace{6f54662 V.ED..... ........ 0,0-1080,2400 #7f0a0486 app:id/workspace}, com.android.launcher3.Hotseat{3ad03f3 V.ED..... ........ 0,1905-1080,2400 #7f0a01f6 app:id/hotseat}]
07-01 10:14:34.195   527   549 W skia    : AGTM parsing failed flags.readFromStream(s) at 159
07-01 10:14:34.195   527   549 W skia    : AGTM parsing failed flags.readFromStream(s) at 159
07-01 10:14:34.195   527   549 W skia    : AGTM parsing failed flags.readFromStream(s) at 159
07-01 10:14:34.195   527   549 W skia    : AGTM parsing failed flags.readFromStream(s) at 159
07-01 10:14:34.195   527   549 W skia    : AGTM parsing failed flags.readFromStream(s) at 159
07-01 10:14:34.195   527   549 W skia    : AGTM parsing failed flags.readFromStream(s) at 159
07-01 10:14:34.196   527   549 W skia    : AGTM parsing failed flags.readFromStream(s) at 159
07-01 10:14:34.196  4822 28473 I Finsky  : [572] SCH: Job 12-1 starting
07-01 10:14:34.201  4822  4822 I Finsky  : [2] WM::SCH: Logging work start for 12-1
07-01 10:14:34.212   527   549 W skia    : AGTM parsing failed flags.readFromStream(s) at 159
07-01 10:14:34.212   527   549 W skia    : AGTM parsing failed flags.readFromStream(s) at 159
07-01 10:14:34.212   527   549 W skia    : AGTM parsing failed flags.readFromStream(s) at 159
07-01 10:14:34.212   527   549 W skia    : AGTM parsing failed flags.readFromStream(s) at 159
07-01 10:14:34.212   527   549 W skia    : AGTM parsing failed flags.readFromStream(s) at 159
07-01 10:14:34.212   527   549 W skia    : AGTM parsing failed flags.readFromStream(s) at 159
07-01 10:14:34.212  1124  1124 V BaseDepthController: Applying blur: 0 to Surface(name=VRI-com.google.android.apps.nexuslauncher/com.google.android.apps.nexuslauncher.NexusLauncherActivity#888)/@0xbaa612d applyImmediately: false
07-01 10:14:34.212   527   549 W skia    : AGTM parsing failed flags.readFromStream(s) at 159
07-01 10:14:34.212  1124  1124 D BaseDepthController: shouldBlurWorkspace: false targetState: Normal currentStableState: Normal mCurrentBlur: 0 mLauncher.getDepthBlurTargets(): [com.android.launcher3.Workspace{6f54662 V.ED..... ........ 0,0-1080,2400 #7f0a0486 app:id/workspace}, com.android.launcher3.Hotseat{3ad03f3 V.ED..... ........ 0,1905-1080,2400 #7f0a01f6 app:id/hotseat}]
07-01 10:14:34.218   527   549 W skia    : AGTM parsing failed flags.readFromStream(s) at 159
07-01 10:14:34.218   527   549 W skia    : AGTM parsing failed flags.readFromStream(s) at 159
07-01 10:14:34.228  1124  1124 V BaseDepthController: Applying blur: 0 to Surface(name=VRI-com.google.android.apps.nexuslauncher/com.google.android.apps.nexuslauncher.NexusLauncherActivity#888)/@0xbaa612d applyImmediately: false
07-01 10:14:34.228  1124  1124 D BaseDepthController: shouldBlurWorkspace: false targetState: Normal currentStableState: Normal mCurrentBlur: 0 mLauncher.getDepthBlurTargets(): [com.android.launcher3.Workspace{6f54662 V.ED..... ........ 0,0-1080,2400 #7f0a0486 app:id/workspace}, com.android.launcher3.Hotseat{3ad03f3 V.ED..... ........ 0,1905-1080,2400 #7f0a01f6 app:id/hotseat}]
07-01 10:14:34.228   527   549 W skia    : AGTM parsing failed flags.readFromStream(s) at 159
07-01 10:14:34.229   527   549 W skia    : AGTM parsing failed flags.readFromStream(s) at 159
07-01 10:14:34.229   527   549 W skia    : AGTM parsing failed flags.readFromStream(s) at 159
07-01 10:14:34.229   527   549 W skia    : AGTM parsing failed flags.readFromStream(s) at 159
07-01 10:14:34.229   527   549 W skia    : AGTM parsing failed flags.readFromStream(s) at 159
07-01 10:14:34.229   527   549 W skia    : AGTM parsing failed flags.readFromStream(s) at 159
07-01 10:14:34.229   527   549 W skia    : AGTM parsing failed flags.readFromStream(s) at 159
07-01 10:14:34.246   527   549 W skia    : AGTM parsing failed flags.readFromStream(s) at 159
07-01 10:14:34.246   527   549 W skia    : AGTM parsing failed flags.readFromStream(s) at 159
07-01 10:14:34.246   527   549 W skia    : AGTM parsing failed flags.readFromStream(s) at 159
07-01 10:14:34.247   527   549 W skia    : AGTM parsing failed flags.readFromStream(s) at 159
07-01 10:14:34.247   527   549 W skia    : AGTM parsing failed flags.readFromStream(s) at 159
07-01 10:14:34.247   527   549 W skia    : AGTM parsing failed flags.readFromStream(s) at 159
07-01 10:14:34.247   527   549 W skia    : AGTM parsing failed flags.readFromStream(s) at 159
07-01 10:14:34.248  1124  1124 V BaseDepthController: Applying blur: 0 to Surface(name=VRI-com.google.android.apps.nexuslauncher/com.google.android.apps.nexuslauncher.NexusLauncherActivity#888)/@0xbaa612d applyImmediately: false
07-01 10:14:34.248  4822  4822 I Finsky  : [2] [ContentSync] job started
07-01 10:14:34.248  1124  1124 D BaseDepthController: shouldBlurWorkspace: false targetState: Normal currentStableState: Normal mCurrentBlur: 0 mLauncher.getDepthBlurTargets(): [com.android.launcher3.Workspace{6f54662 V.ED..... ........ 0,0-1080,2400 #7f0a0486 app:id/workspace}, com.android.launcher3.Hotseat{3ad03f3 V.ED..... ........ 0,1905-1080,2400 #7f0a01f6 app:id/hotseat}]
07-01 10:14:34.262   527   549 W skia    : AGTM parsing failed flags.readFromStream(s) at 159
07-01 10:14:34.262   527   549 W skia    : AGTM parsing failed flags.readFromStream(s) at 159
07-01 10:14:34.262   527   549 W skia    : AGTM parsing failed flags.readFromStream(s) at 159
07-01 10:14:34.263   527   549 W skia    : AGTM parsing failed flags.readFromStream(s) at 159
07-01 10:14:34.263   527   549 W skia    : AGTM parsing failed flags.readFromStream(s) at 159
07-01 10:14:34.263   527   549 W skia    : AGTM parsing failed flags.readFromStream(s) at 159
07-01 10:14:34.263   527   549 W skia    : AGTM parsing failed flags.readFromStream(s) at 159
07-01 10:14:34.264  1124  1124 V BaseDepthController: Applying blur: 0 to Surface(name=VRI-com.google.android.apps.nexuslauncher/com.google.android.apps.nexuslauncher.NexusLauncherActivity#888)/@0xbaa612d applyImmediately: false
07-01 10:14:34.264  1124  1124 D BaseDepthController: shouldBlurWorkspace: false targetState: Normal currentStableState: Normal mCurrentBlur: 0 mLauncher.getDepthBlurTargets(): [com.android.launcher3.Workspace{6f54662 V.ED..... ........ 0,0-1080,2400 #7f0a0486 app:id/workspace}, com.android.launcher3.Hotseat{3ad03f3 V.ED..... ........ 0,1905-1080,2400 #7f0a01f6 app:id/hotseat}]
07-01 10:14:34.279  1124  1124 V BaseDepthController: Applying blur: 0 to Surface(name=VRI-com.google.android.apps.nexuslauncher/com.google.android.apps.nexuslauncher.NexusLauncherActivity#888)/@0xbaa612d applyImmediately: false
07-01 10:14:34.279  1124  1124 D BaseDepthController: shouldBlurWorkspace: false targetState: Normal currentStableState: Normal mCurrentBlur: 0 mLauncher.getDepthBlurTargets(): [com.android.launcher3.Workspace{6f54662 V.ED..... ........ 0,0-1080,2400 #7f0a0486 app:id/workspace}, com.android.launcher3.Hotseat{3ad03f3 V.ED..... ........ 0,1905-1080,2400 #7f0a01f6 app:id/hotseat}]
07-01 10:14:34.292   692  1997 I PackageManager: getInstalledPackages: callingUid=10153 flags=134217728 updatedFlags=135004160 userId=0
07-01 10:14:34.299  1124  1124 V BaseDepthController: Applying blur: 0 to Surface(name=VRI-com.google.android.apps.nexuslauncher/com.google.android.apps.nexuslauncher.NexusLauncherActivity#888)/@0xbaa612d applyImmediately: false
07-01 10:14:34.299  1124  1124 D BaseDepthController: setEarlyWakeup: true
07-01 10:14:34.299  1124  1124 D BaseDepthController: shouldBlurWorkspace: false targetState: Normal currentStableState: Normal mCurrentBlur: 0 mLauncher.getDepthBlurTargets(): [com.android.launcher3.Workspace{6f54662 V.ED..... ........ 0,0-1080,2400 #7f0a0486 app:id/workspace}, com.android.launcher3.Hotseat{3ad03f3 V.ED..... ........ 0,1905-1080,2400 #7f0a01f6 app:id/hotseat}]
07-01 10:14:34.311  1124  1124 V BaseDepthController: Applying blur: 0 to Surface(name=VRI-com.google.android.apps.nexuslauncher/com.google.android.apps.nexuslauncher.NexusLauncherActivity#888)/@0xbaa612d applyImmediately: false
07-01 10:14:34.311  1124  1124 D BaseDepthController: shouldBlurWorkspace: false targetState: Normal currentStableState: Normal mCurrentBlur: 0 mLauncher.getDepthBlurTargets(): [com.android.launcher3.Workspace{6f54662 V.ED..... ........ 0,0-1080,2400 #7f0a0486 app:id/workspace}, com.android.launcher3.Hotseat{3ad03f3 V.ED..... ........ 0,1905-1080,2400 #7f0a01f6 app:id/hotseat}]
07-01 10:14:34.319   527   549 W skia    : AGTM parsing failed flags.readFromStream(s) at 159
07-01 10:14:34.319   527   549 W skia    : AGTM parsing failed flags.readFromStream(s) at 159
07-01 10:14:34.345  1124  1124 V BaseDepthController: Applying blur: 0 to Surface(name=VRI-com.google.android.apps.nexuslauncher/com.google.android.apps.nexuslauncher.NexusLauncherActivity#888)/@0xbaa612d applyImmediately: false
07-01 10:14:34.345  1124  1124 D BaseDepthController: shouldBlurWorkspace: false targetState: Normal currentStableState: Normal mCurrentBlur: 0 mLauncher.getDepthBlurTargets(): [com.android.launcher3.Workspace{6f54662 V.ED..... ........ 0,0-1080,2400 #7f0a0486 app:id/workspace}, com.android.launcher3.Hotseat{3ad03f3 V.ED..... ........ 0,1905-1080,2400 #7f0a01f6 app:id/hotseat}]
07-01 10:14:34.362  1124  1124 V BaseDepthController: Applying blur: 0 to Surface(name=VRI-com.google.android.apps.nexuslauncher/com.google.android.apps.nexuslauncher.NexusLauncherActivity#888)/@0xbaa612d applyImmediately: false
07-01 10:14:34.362  1124  1124 D BaseDepthController: shouldBlurWorkspace: false targetState: Normal currentStableState: Normal mCurrentBlur: 0 mLauncher.getDepthBlurTargets(): [com.android.launcher3.Workspace{6f54662 V.ED..... ........ 0,0-1080,2400 #7f0a0486 app:id/workspace}, com.android.launcher3.Hotseat{3ad03f3 V.ED..... ........ 0,1905-1080,2400 #7f0a01f6 app:id/hotseat}]
07-01 10:14:34.377  1124  1124 V BaseDepthController: Applying blur: 0 to Surface(name=VRI-com.google.android.apps.nexuslauncher/com.google.android.apps.nexuslauncher.NexusLauncherActivity#888)/@0xbaa612d applyImmediately: false
07-01 10:14:34.378  1124  1124 D BaseDepthController: shouldBlurWorkspace: false targetState: Normal currentStableState: Normal mCurrentBlur: 0 mLauncher.getDepthBlurTargets(): [com.android.launcher3.Workspace{6f54662 V.ED..... ........ 0,0-1080,2400 #7f0a0486 app:id/workspace}, com.android.launcher3.Hotseat{3ad03f3 V.ED..... ........ 0,1905-1080,2400 #7f0a01f6 app:id/hotseat}]
07-01 10:14:34.393  4822  4822 W Finsky  : [2] STU: Failed to get storage stats for package 'com.android.hardware.threadnetwork' (1601: Error getting stats: android.content.pm.PackageManager.NameNotFoundException)
07-01 10:14:34.394  1124  1124 V BaseDepthController: Applying blur: 0 to Surface(name=VRI-com.google.android.apps.nexuslauncher/com.google.android.apps.nexuslauncher.NexusLauncherActivity#888)/@0xbaa612d applyImmediately: false
07-01 10:14:34.394  1124  1124 D BaseDepthController: shouldBlurWorkspace: false targetState: Normal currentStableState: Normal mCurrentBlur: 0 mLauncher.getDepthBlurTargets(): [com.android.launcher3.Workspace{6f54662 V.ED..... ........ 0,0-1080,2400 #7f0a0486 app:id/workspace}, com.android.launcher3.Hotseat{3ad03f3 V.ED..... ........ 0,1905-1080,2400 #7f0a01f6 app:id/hotseat}]
07-01 10:14:34.402  4822  4822 W Finsky  : [2] STU: Failed to get storage stats for package 'com.google.android.uprobestats' (1601: Error getting stats: android.content.pm.PackageManager.NameNotFoundException)
07-01 10:14:34.408  4822  4822 W Finsky  : [2] STU: Failed to get storage stats for package 'com.android.hardware.vibrator' (1601: Error getting stats: android.content.pm.PackageManager.NameNotFoundException)
07-01 10:14:34.413  1124  1124 V BaseDepthController: Applying blur: 0 to Surface(name=VRI-com.google.android.apps.nexuslauncher/com.google.android.apps.nexuslauncher.NexusLauncherActivity#888)/@0xbaa612d applyImmediately: false
07-01 10:14:34.413  1124  1124 D BaseDepthController: shouldBlurWorkspace: false targetState: Normal currentStableState: Normal mCurrentBlur: 0 mLauncher.getDepthBlurTargets(): [com.android.launcher3.Workspace{6f54662 V.ED..... ........ 0,0-1080,2400 #7f0a0486 app:id/workspace}, com.android.launcher3.Hotseat{3ad03f3 V.ED..... ........ 0,1905-1080,2400 #7f0a01f6 app:id/hotseat}]
07-01 10:14:34.420  4822  4822 W Finsky  : [2] STU: Failed to get storage stats for package 'com.google.android.uwb' (1601: Error getting stats: android.content.pm.PackageManager.NameNotFoundException)
07-01 10:14:34.421  4822  4822 W Finsky  : [2] STU: Failed to get storage stats for package 'com.google.android.bt' (1601: Error getting stats: android.content.pm.PackageManager.NameNotFoundException)
07-01 10:14:34.422   527   549 W skia    : AGTM parsing failed flags.readFromStream(s) at 159
07-01 10:14:34.422   527   549 W skia    : AGTM parsing failed flags.readFromStream(s) at 159
07-01 10:14:34.425  4822  4822 W Finsky  : [2] STU: Failed to get storage stats for package 'com.google.android.widevine.nonupdatable' (1601: Error getting stats: android.content.pm.PackageManager.NameNotFoundException)
07-01 10:14:34.428  1124  1124 V BaseDepthController: Applying blur: 0 to Surface(name=VRI-com.google.android.apps.nexuslauncher/com.google.android.apps.nexuslauncher.NexusLauncherActivity#888)/@0xbaa612d applyImmediately: false
07-01 10:14:34.428  1124  1124 D BaseDepthController: shouldBlurWorkspace: false targetState: Normal currentStableState: Normal mCurrentBlur: 0 mLauncher.getDepthBlurTargets(): [com.android.launcher3.Workspace{6f54662 V.ED..... ........ 0,0-1080,2400 #7f0a0486 app:id/workspace}, com.android.launcher3.Hotseat{3ad03f3 V.ED..... ........ 0,1905-1080,2400 #7f0a01f6 app:id/hotseat}]
07-01 10:14:34.430  4822  4822 W Finsky  : [2] STU: Failed to get storage stats for package 'com.google.android.tzdata6' (1601: Error getting stats: android.content.pm.PackageManager.NameNotFoundException)
07-01 10:14:34.438  4822  4822 W Finsky  : [2] STU: Failed to get storage stats for package 'com.google.android.permission' (1601: Error getting stats: android.content.pm.PackageManager.NameNotFoundException)
07-01 10:14:34.444  1124  1124 V BaseDepthController: Applying blur: 0 to Surface(name=VRI-com.google.android.apps.nexuslauncher/com.google.android.apps.nexuslauncher.NexusLauncherActivity#888)/@0xbaa612d applyImmediately: false
07-01 10:14:34.445  1124  1124 D BaseDepthController: shouldBlurWorkspace: false targetState: Normal currentStableState: Normal mCurrentBlur: 0 mLauncher.getDepthBlurTargets(): [com.android.launcher3.Workspace{6f54662 V.ED..... ........ 0,0-1080,2400 #7f0a0486 app:id/workspace}, com.android.launcher3.Hotseat{3ad03f3 V.ED..... ........ 0,1905-1080,2400 #7f0a01f6 app:id/hotseat}]
07-01 10:14:34.454  4822  4822 W Finsky  : [2] STU: Failed to get storage stats for package 'com.google.android.gmssystem' (1601: Error getting stats: android.content.pm.PackageManager.NameNotFoundException)
07-01 10:14:34.461  1124  1124 V BaseDepthController: Applying blur: 0 to Surface(name=VRI-com.google.android.apps.nexuslauncher/com.google.android.apps.nexuslauncher.NexusLauncherActivity#888)/@0xbaa612d applyImmediately: false
07-01 10:14:34.461  1124  1124 D BaseDepthController: shouldBlurWorkspace: false targetState: Normal currentStableState: Normal mCurrentBlur: 0 mLauncher.getDepthBlurTargets(): [com.android.launcher3.Workspace{6f54662 V.ED..... ........ 0,0-1080,2400 #7f0a0486 app:id/workspace}, com.android.launcher3.Hotseat{3ad03f3 V.ED..... ........ 0,1905-1080,2400 #7f0a01f6 app:id/hotseat}]
07-01 10:14:34.470  4822  4822 W Finsky  : [2] STU: Failed to get storage stats for package 'com.google.android.wifi' (1601: Error getting stats: android.content.pm.PackageManager.NameNotFoundException)
07-01 10:14:34.475  4822  4822 W Finsky  : [2] STU: Failed to get storage stats for package 'com.android.hardware.contexthub' (1601: Error getting stats: android.content.pm.PackageManager.NameNotFoundException)
07-01 10:14:34.475  4822  4822 W Finsky  : [2] STU: Failed to get storage stats for package 'com.android.hardware.authsecret' (1601: Error getting stats: android.content.pm.PackageManager.NameNotFoundException)
07-01 10:14:34.478  1124  1124 V BaseDepthController: Applying blur: 0 to Surface(name=VRI-com.google.android.apps.nexuslauncher/com.google.android.apps.nexuslauncher.NexusLauncherActivity#888)/@0xbaa612d applyImmediately: false
07-01 10:14:34.478  1124  1124 D BaseDepthController: shouldBlurWorkspace: false targetState: Normal currentStableState: Normal mCurrentBlur: 0 mLauncher.getDepthBlurTargets(): [com.android.launcher3.Workspace{6f54662 V.ED..... ........ 0,0-1080,2400 #7f0a0486 app:id/workspace}, com.android.launcher3.Hotseat{3ad03f3 V.ED..... ........ 0,1905-1080,2400 #7f0a01f6 app:id/hotseat}]
07-01 10:14:34.484  4822  4822 W Finsky  : [2] STU: Failed to get storage stats for package 'com.android.apex.cts.shim' (1601: Error getting stats: android.content.pm.PackageManager.NameNotFoundException)
07-01 10:14:34.486  4822  4822 W Finsky  : [2] STU: Failed to get storage stats for package 'com.android.hardware.thermal' (1601: Error getting stats: android.content.pm.PackageManager.NameNotFoundException)
07-01 10:14:34.491  4822  4822 W Finsky  : [2] STU: Failed to get storage stats for package 'com.google.android.telephonycore' (1601: Error getting stats: android.content.pm.PackageManager.NameNotFoundException)
07-01 10:14:34.495  1124  1124 V BaseDepthController: Applying blur: 0 to Surface(name=VRI-com.google.android.apps.nexuslauncher/com.google.android.apps.nexuslauncher.NexusLauncherActivity#888)/@0xbaa612d applyImmediately: false
07-01 10:14:34.495  1124  1124 D BaseDepthController: shouldBlurWorkspace: false targetState: Normal currentStableState: Normal mCurrentBlur: 0 mLauncher.getDepthBlurTargets(): [com.android.launcher3.Workspace{6f54662 V.ED..... ........ 0,0-1080,2400 #7f0a0486 app:id/workspace}, com.android.launcher3.Hotseat{3ad03f3 V.ED..... ........ 0,1905-1080,2400 #7f0a01f6 app:id/hotseat}]
07-01 10:14:34.505  4822  4822 W Finsky  : [2] STU: Failed to get storage stats for package 'com.google.android.appsearch' (1601: Error getting stats: android.content.pm.PackageManager.NameNotFoundException)
07-01 10:14:34.506  4822  4822 W Finsky  : [2] STU: Failed to get storage stats for package 'com.google.android.media.swcodec' (1601: Error getting stats: android.content.pm.PackageManager.NameNotFoundException)
07-01 10:14:34.511  4822  4822 W Finsky  : [2] STU: Failed to get storage stats for package 'com.google.android.art' (1601: Error getting stats: android.content.pm.PackageManager.NameNotFoundException)
07-01 10:14:34.512  1124  1124 V BaseDepthController: Applying blur: 0 to Surface(name=VRI-com.google.android.apps.nexuslauncher/com.google.android.apps.nexuslauncher.NexusLauncherActivity#888)/@0xbaa612d applyImmediately: false
07-01 10:14:34.512  1124  1124 D BaseDepthController: shouldBlurWorkspace: false targetState: Normal currentStableState: Normal mCurrentBlur: 0 mLauncher.getDepthBlurTargets(): [com.android.launcher3.Workspace{6f54662 V.ED..... ........ 0,0-1080,2400 #7f0a0486 app:id/workspace}, com.android.launcher3.Hotseat{3ad03f3 V.ED..... ........ 0,1905-1080,2400 #7f0a01f6 app:id/hotseat}]
07-01 10:14:34.522  4822  4822 W Finsky  : [2] STU: Failed to get storage stats for package 'com.google.android.profiling' (1601: Error getting stats: android.content.pm.PackageManager.NameNotFoundException)
07-01 10:14:34.523   527   549 W skia    : AGTM parsing failed flags.readFromStream(s) at 159
07-01 10:14:34.523   527   549 W skia    : AGTM parsing failed flags.readFromStream(s) at 159
07-01 10:14:34.528  1124  1124 V BaseDepthController: Applying blur: 0 to Surface(name=VRI-com.google.android.apps.nexuslauncher/com.google.android.apps.nexuslauncher.NexusLauncherActivity#888)/@0xbaa612d applyImmediately: false
07-01 10:14:34.528  1124  1124 D BaseDepthController: shouldBlurWorkspace: false targetState: Normal currentStableState: Normal mCurrentBlur: 0 mLauncher.getDepthBlurTargets(): [com.android.launcher3.Workspace{6f54662 V.ED..... ........ 0,0-1080,2400 #7f0a0486 app:id/workspace}, com.android.launcher3.Hotseat{3ad03f3 V.ED..... ........ 0,1905-1080,2400 #7f0a01f6 app:id/hotseat}]
07-01 10:14:34.537  4822  4822 W Finsky  : [2] STU: Failed to get storage stats for package 'com.google.android.mediaprovider' (1601: Error getting stats: android.content.pm.PackageManager.NameNotFoundException)
07-01 10:14:34.542  4822  4822 W Finsky  : [2] STU: Failed to get storage stats for package 'com.android.hardware.uwb' (1601: Error getting stats: android.content.pm.PackageManager.NameNotFoundException)
07-01 10:14:34.545  1124  1124 V BaseDepthController: Applying blur: 0 to Surface(name=VRI-com.google.android.apps.nexuslauncher/com.google.android.apps.nexuslauncher.NexusLauncherActivity#888)/@0xbaa612d applyImmediately: false
07-01 10:14:34.545  1124  1124 D BaseDepthController: shouldBlurWorkspace: false targetState: Normal currentStableState: Normal mCurrentBlur: 0 mLauncher.getDepthBlurTargets(): [com.android.launcher3.Workspace{6f54662 V.ED..... ........ 0,0-1080,2400 #7f0a0486 app:id/workspace}, com.android.launcher3.Hotseat{3ad03f3 V.ED..... ........ 0,1905-1080,2400 #7f0a01f6 app:id/hotseat}]
07-01 10:14:34.547  4822  4822 W Finsky  : [2] STU: Failed to get storage stats for package 'com.android.virt' (1601: Error getting stats: android.content.pm.PackageManager.NameNotFoundException)
07-01 10:14:34.549  4822  4822 W Finsky  : [2] STU: Failed to get storage stats for package 'com.android.hardware.neuralnetworks' (1601: Error getting stats: android.content.pm.PackageManager.NameNotFoundException)
07-01 10:14:34.550  4822  4822 W Finsky  : [2] STU: Failed to get storage stats for package 'com.google.android.crashrecovery' (1601: Error getting stats: android.content.pm.PackageManager.NameNotFoundException)
07-01 10:14:34.554  4822  4822 W Finsky  : [2] STU: Failed to get storage stats for package 'com.google.android.adbd' (1601: Error getting stats: android.content.pm.PackageManager.NameNotFoundException)
07-01 10:14:34.557  4822  4822 W Finsky  : [2] STU: Failed to get storage stats for package 'com.google.android.resolv' (1601: Error getting stats: android.content.pm.PackageManager.NameNotFoundException)
07-01 10:14:34.561  1124  1124 V BaseDepthController: Applying blur: 0 to Surface(name=VRI-com.google.android.apps.nexuslauncher/com.google.android.apps.nexuslauncher.NexusLauncherActivity#888)/@0xbaa612d applyImmediately: false
07-01 10:14:34.561  1124  1124 D BaseDepthController: shouldBlurWorkspace: false targetState: Normal currentStableState: Normal mCurrentBlur: 0 mLauncher.getDepthBlurTargets(): [com.android.launcher3.Workspace{6f54662 V.ED..... ........ 0,0-1080,2400 #7f0a0486 app:id/workspace}, com.android.launcher3.Hotseat{3ad03f3 V.ED..... ........ 0,1905-1080,2400 #7f0a01f6 app:id/hotseat}]
07-01 10:14:34.563  4822  4822 W Finsky  : [2] STU: Failed to get storage stats for package 'com.android.i18n' (1601: Error getting stats: android.content.pm.PackageManager.NameNotFoundException)
07-01 10:14:34.566  4822  4822 W Finsky  : [2] STU: Failed to get storage stats for package 'com.android.hardware.dumpstate' (1601: Error getting stats: android.content.pm.PackageManager.NameNotFoundException)
07-01 10:14:34.567  4822  4822 W Finsky  : [2] STU: Failed to get storage stats for package 'com.google.android.configinfrastructure' (1601: Error getting stats: android.content.pm.PackageManager.NameNotFoundException)
07-01 10:14:34.568  4822  4822 W Finsky  : [2] STU: Failed to get storage stats for package 'com.google.android.media' (1601: Error getting stats: android.content.pm.PackageManager.NameNotFoundException)
07-01 10:14:34.568  4822  4822 W Finsky  : [2] STU: Failed to get storage stats for package 'com.google.android.conscrypt' (1601: Error getting stats: android.content.pm.PackageManager.NameNotFoundException)
07-01 10:14:34.576  4822  4822 W Finsky  : [2] STU: Failed to get storage stats for package 'com.android.hardware.cas' (1601: Error getting stats: android.content.pm.PackageManager.NameNotFoundException)
07-01 10:14:34.578  1124  1124 V BaseDepthController: Applying blur: 0 to Surface(name=VRI-com.google.android.apps.nexuslauncher/com.google.android.apps.nexuslauncher.NexusLauncherActivity#888)/@0xbaa612d applyImmediately: false
07-01 10:14:34.578  1124  1124 D BaseDepthController: shouldBlurWorkspace: false targetState: Normal currentStableState: Normal mCurrentBlur: 0 mLauncher.getDepthBlurTargets(): [com.android.launcher3.Workspace{6f54662 V.ED..... ........ 0,0-1080,2400 #7f0a0486 app:id/workspace}, com.android.launcher3.Hotseat{3ad03f3 V.ED..... ........ 0,1905-1080,2400 #7f0a01f6 app:id/hotseat}]
07-01 10:14:34.583  4822  4822 W Finsky  : [2] STU: Failed to get storage stats for package 'com.google.android.neuralnetworks' (1601: Error getting stats: android.content.pm.PackageManager.NameNotFoundException)
07-01 10:14:34.584  4822  4822 W Finsky  : [2] STU: Failed to get storage stats for package 'com.google.android.webapp' (1601: Error getting stats: android.content.pm.PackageManager.NameNotFoundException)
07-01 10:14:34.592  4822  4822 W Finsky  : [2] STU: Failed to get storage stats for package 'com.google.android.runtime' (1601: Error getting stats: android.content.pm.PackageManager.NameNotFoundException)
07-01 10:14:34.593  4822  4822 W Finsky  : [2] STU: Failed to get storage stats for package 'com.google.android.ipsec' (1601: Error getting stats: android.content.pm.PackageManager.NameNotFoundException)
07-01 10:14:34.593  4822  4822 W Finsky  : [2] STU: Failed to get storage stats for package 'com.android.devicelock' (1601: Error getting stats: android.content.pm.PackageManager.NameNotFoundException)
07-01 10:14:34.595  1124  1124 V BaseDepthController: Applying blur: 0 to Surface(name=VRI-com.google.android.apps.nexuslauncher/com.google.android.apps.nexuslauncher.NexusLauncherActivity#888)/@0xbaa612d applyImmediately: false
07-01 10:14:34.595  1124  1124 D BaseDepthController: shouldBlurWorkspace: false targetState: Normal currentStableState: Normal mCurrentBlur: 0 mLauncher.getDepthBlurTargets(): [com.android.launcher3.Workspace{6f54662 V.ED..... ........ 0,0-1080,2400 #7f0a0486 app:id/workspace}, com.android.launcher3.Hotseat{3ad03f3 V.ED..... ........ 0,1905-1080,2400 #7f0a01f6 app:id/hotseat}]
07-01 10:14:34.601  4822  4822 W Finsky  : [2] STU: Failed to get storage stats for package 'com.android.hardware.power' (1601: Error getting stats: android.content.pm.PackageManager.NameNotFoundException)
07-01 10:14:34.603  4822  4822 W Finsky  : [2] STU: Failed to get storage stats for package 'com.google.android.ondevicepersonalization' (1601: Error getting stats: android.content.pm.PackageManager.NameNotFoundException)
07-01 10:14:34.605   692   892 I AdbWifiNetworkMonitor: Wi-Fi network available
07-01 10:14:34.605   692   892 I AdbWifiNetworkMonitor: Received the same Wi-Fi SSID. Ignoring.
07-01 10:14:34.607  4822  4822 W Finsky  : [2] STU: Failed to get storage stats for package 'com.google.android.sdkext' (1601: Error getting stats: android.content.pm.PackageManager.NameNotFoundException)
07-01 10:14:34.608  4822  4822 W Finsky  : [2] STU: Failed to get storage stats for package 'com.google.android.healthfitness' (1601: Error getting stats: android.content.pm.PackageManager.NameNotFoundException)
07-01 10:14:34.609   692   860 I HalDevMgr: bestIfaceCreationProposal is null, requestIface=STA, existingIface=[name=wlan0 type=STA]
07-01 10:14:34.612  1124  1124 V BaseDepthController: Applying blur: 0 to Surface(name=VRI-com.google.android.apps.nexuslauncher/com.google.android.apps.nexuslauncher.NexusLauncherActivity#888)/@0xbaa612d applyImmediately: false
07-01 10:14:34.612  1124  1124 D BaseDepthController: shouldBlurWorkspace: false targetState: Normal currentStableState: Normal mCurrentBlur: 0 mLauncher.getDepthBlurTargets(): [com.android.launcher3.Workspace{6f54662 V.ED..... ........ 0,0-1080,2400 #7f0a0486 app:id/workspace}, com.android.launcher3.Hotseat{3ad03f3 V.ED..... ........ 0,1905-1080,2400 #7f0a01f6 app:id/hotseat}]
07-01 10:14:34.615  4397  4547 D WM-WorkConstraintsTrack: NetworkRequestConstraintController onCapabilitiesChanged callback
07-01 10:14:34.615  1331  2413 I NullBinder: NullBinder for android.net.action.RECOMMEND_NETWORKS triggering remote TransactionTooLargeException due to Service without Chimera impl, calling uid: 1000, calling pid: 0
07-01 10:14:34.615  1331  2413 W libbinder.Binder: Large reply transaction of 1056768 bytes, interface descriptor , function: UNKNOWN_FUNCTION_NAME, code: 1, flags: 17
07-01 10:14:34.616   692   866 W libbinder.IPCThreadState: Sending oneway calls to frozen process.
07-01 10:14:34.616   692   866 W libbinder.IPCThreadState: Sending oneway calls to frozen process.
07-01 10:14:34.621  4822  4822 W Finsky  : [2] STU: Failed to get storage stats for package 'com.android.hardware.biometrics.fingerprint.virtual' (1601: Error getting stats: android.content.pm.PackageManager.NameNotFoundException)
07-01 10:14:34.621  1074  1202 D IpClient/wlan0: interfaceLinkStateChanged: ifindex 16 up
07-01 10:14:34.621  5429  5471 I BugleRcsEngine: handleMessage processing message:[NOTIFY_UPTIME_IGNORE_STATE_CHANGED] with [non-null]:RcsEngineImpl reference [CONTEXT log_prefix="RcsEngineImpl[DUAL_REG]:[16822a33-62db]>Handler" thread_id=64 ]
07-01 10:14:34.622  5429  5467 I BugleRcsEngine: Connected state: [1], networkType: [WIFI] [CONTEXT thread_id=63 ]
07-01 10:14:34.622   692   866 D ConnectivityService: NetReassign [no changes] [c 1] [a 0] [i 1]
07-01 10:14:34.624  4822  4822 W Finsky  : [2] STU: Failed to get storage stats for package 'com.google.android.adservices' (1601: Error getting stats: android.content.pm.PackageManager.NameNotFoundException)
07-01 10:14:34.625  4822  4822 W Finsky  : [2] STU: Failed to get storage stats for package 'com.google.android.tethering' (1601: Error getting stats: android.content.pm.PackageManager.NameNotFoundException)
07-01 10:14:34.627  1331 24223 I NearbyMediums: Wifi changed new SSID: "AndroidWifi"
07-01 10:14:34.627  1331 24223 I NearbyMediums: WifiLanConnectivityInfo is not changed, skip notify.
07-01 10:14:34.628  4822  4822 W JobService: onNetworkChanged() not implemented in com.google.android.finsky.scheduler.process.mainimpl.PhoneskyJobServiceMain. Must override in a subclass.
07-01 10:14:34.629  1124  1124 V BaseDepthController: Applying blur: 0 to Surface(name=VRI-com.google.android.apps.nexuslauncher/com.google.android.apps.nexuslauncher.NexusLauncherActivity#888)/@0xbaa612d applyImmediately: false
07-01 10:14:34.629  1124  1124 D BaseDepthController: shouldBlurWorkspace: false targetState: Normal currentStableState: Normal mCurrentBlur: 0 mLauncher.getDepthBlurTargets(): [com.android.launcher3.Workspace{6f54662 V.ED..... ........ 0,0-1080,2400 #7f0a0486 app:id/workspace}, com.android.launcher3.Hotseat{3ad03f3 V.ED..... ........ 0,1905-1080,2400 #7f0a01f6 app:id/hotseat}]
07-01 10:14:34.632   527   549 W skia    : AGTM parsing failed flags.readFromStream(s) at 159
07-01 10:14:34.632   527   549 W skia    : AGTM parsing failed flags.readFromStream(s) at 159
07-01 10:14:34.635  5429  5471 I BugleRcsEngine: No RCS Configuration was found in Bugle for simID: redacted-pii:sim_id[chars:20,last3:897] [CONTEXT log_prefix="ProvisioningEngineDataRetriever" thread_id=64 ]
07-01 10:14:34.636  1074  1202 D IpClient/wlan0: interfaceLinkStateChanged: ifindex 16 up
07-01 10:14:34.636  1074  1202 D IpClient/wlan0: interfaceLinkStateChanged: ifindex 16 up
07-01 10:14:34.642  4822  4822 W Finsky  : [2] STU: Failed to get storage stats for package 'com.google.android.extservices' (1601: Error getting stats: android.content.pm.PackageManager.NameNotFoundException)
07-01 10:14:34.644  1124  1124 V BaseDepthController: Applying blur: 0 to Surface(name=VRI-com.google.android.apps.nexuslauncher/com.google.android.apps.nexuslauncher.NexusLauncherActivity#888)/@0xbaa612d applyImmediately: false
07-01 10:14:34.644  1124  1124 D BaseDepthController: shouldBlurWorkspace: false targetState: Normal currentStableState: Normal mCurrentBlur: 0 mLauncher.getDepthBlurTargets(): [com.android.launcher3.Workspace{6f54662 V.ED..... ........ 0,0-1080,2400 #7f0a0486 app:id/workspace}, com.android.launcher3.Hotseat{3ad03f3 V.ED..... ........ 0,1905-1080,2400 #7f0a01f6 app:id/hotseat}]
07-01 10:14:34.648  4822  4822 W Finsky  : [2] STU: Failed to get storage stats for package 'com.google.android.nfcservices' (1601: Error getting stats: android.content.pm.PackageManager.NameNotFoundException)
07-01 10:14:34.660  1124  1124 V BaseDepthController: Applying blur: 0 to Surface(name=VRI-com.google.android.apps.nexuslauncher/com.google.android.apps.nexuslauncher.NexusLauncherActivity#888)/@0xbaa612d applyImmediately: false
07-01 10:14:34.661  1124  1124 D BaseDepthController: shouldBlurWorkspace: false targetState: Normal currentStableState: Normal mCurrentBlur: 0 mLauncher.getDepthBlurTargets(): [com.android.launcher3.Workspace{6f54662 V.ED..... ........ 0,0-1080,2400 #7f0a0486 app:id/workspace}, com.android.launcher3.Hotseat{3ad03f3 V.ED..... ........ 0,1905-1080,2400 #7f0a01f6 app:id/hotseat}]
07-01 10:14:34.662  4822  4822 W Finsky  : [2] STU: Failed to get storage stats for package 'com.google.android.os.statsd' (1601: Error getting stats: android.content.pm.PackageManager.NameNotFoundException)
07-01 10:14:34.665  4822  4822 W Finsky  : [2] STU: Failed to get storage stats for package 'com.android.hardware.rebootescrow' (1601: Error getting stats: android.content.pm.PackageManager.NameNotFoundException)
07-01 10:14:34.668  4822  4822 W Finsky  : [2] STU: Failed to get storage stats for package 'com.google.android.cellbroadcast' (1601: Error getting stats: android.content.pm.PackageManager.NameNotFoundException)
07-01 10:14:34.671  4822  4822 W Finsky  : [2] STU: Failed to get storage stats for package 'com.android.npumanager' (1601: Error getting stats: android.content.pm.PackageManager.NameNotFoundException)
07-01 10:14:34.675  4822  4822 W Finsky  : [2] STU: Failed to get storage stats for package 'com.google.android.rkpd' (1601: Error getting stats: android.content.pm.PackageManager.NameNotFoundException)
07-01 10:14:34.677  1124  1124 V BaseDepthController: Applying blur: 0 to Surface(name=VRI-com.google.android.apps.nexuslauncher/com.google.android.apps.nexuslauncher.NexusLauncherActivity#888)/@0xbaa612d applyImmediately: false
07-01 10:14:34.678  1124  1124 D BaseDepthController: shouldBlurWorkspace: false targetState: Normal currentStableState: Normal mCurrentBlur: 0 mLauncher.getDepthBlurTargets(): [com.android.launcher3.Workspace{6f54662 V.ED..... ........ 0,0-1080,2400 #7f0a0486 app:id/workspace}, com.android.launcher3.Hotseat{3ad03f3 V.ED..... ........ 0,1905-1080,2400 #7f0a01f6 app:id/hotseat}]
07-01 10:14:34.690  4822  4822 W Finsky  : [2] STU: Failed to get storage stats for package 'com.google.android.scheduling' (1601: Error getting stats: android.content.pm.PackageManager.NameNotFoundException)
07-01 10:14:34.695  1124  1124 V BaseDepthController: Applying blur: 0 to Surface(name=VRI-com.google.android.apps.nexuslauncher/com.google.android.apps.nexuslauncher.NexusLauncherActivity#888)/@0xbaa612d applyImmediately: false
07-01 10:14:34.695  1124  1124 D BaseDepthController: shouldBlurWorkspace: false targetState: Normal currentStableState: Normal mCurrentBlur: 0 mLauncher.getDepthBlurTargets(): [com.android.launcher3.Workspace{6f54662 V.ED..... ........ 0,0-1080,2400 #7f0a0486 app:id/workspace}, com.android.launcher3.Hotseat{3ad03f3 V.ED..... ........ 0,1905-1080,2400 #7f0a01f6 app:id/hotseat}]
07-01 10:14:34.696  4822  4822 W Finsky  : [2] STU: Failed to get storage stats for package 'com.android.hardware.gatekeeper' (1601: Error getting stats: android.content.pm.PackageManager.NameNotFoundException)
07-01 10:14:34.702  4822  4822 I Finsky  : [2] App states replicator found 2 unowned apps
07-01 10:14:34.712  4822  4852 I Finsky  : [54] Completed 0 account content syncs with 0 successful.
07-01 10:14:34.712  4822  4822 I Finsky  : [2] [ContentSync] Installation state replication succeeded.
07-01 10:14:34.712  4822  4822 I Finsky  : [2] SCH: jobFinished: 12-1. TimeElapsed: 513ms.
07-01 10:14:34.712  1124  1124 V BaseDepthController: Applying blur: 0 to Surface(name=VRI-com.google.android.apps.nexuslauncher/com.google.android.apps.nexuslauncher.NexusLauncherActivity#888)/@0xbaa612d applyImmediately: false
07-01 10:14:34.712  4822  4822 I Finsky  : [2] WM::SCH: Logging work end for 12-1
07-01 10:14:34.712  1124  1124 D BaseDepthController: shouldBlurWorkspace: false targetState: Normal currentStableState: Normal mCurrentBlur: 0 mLauncher.getDepthBlurTargets(): [com.android.launcher3.Workspace{6f54662 V.ED..... ........ 0,0-1080,2400 #7f0a0486 app:id/workspace}, com.android.launcher3.Hotseat{3ad03f3 V.ED..... ........ 0,1905-1080,2400 #7f0a01f6 app:id/hotseat}]
07-01 10:14:34.728  1124  1124 V BaseDepthController: Applying blur: 0 to Surface(name=VRI-com.google.android.apps.nexuslauncher/com.google.android.apps.nexuslauncher.NexusLauncherActivity#888)/@0xbaa612d applyImmediately: false
07-01 10:14:34.728  1124  1124 D BaseDepthController: shouldBlurWorkspace: false targetState: Normal currentStableState: Normal mCurrentBlur: 0 mLauncher.getDepthBlurTargets(): [com.android.launcher3.Workspace{6f54662 V.ED..... ........ 0,0-1080,2400 #7f0a0486 app:id/workspace}, com.android.launcher3.Hotseat{3ad03f3 V.ED..... ........ 0,1905-1080,2400 #7f0a01f6 app:id/hotseat}]
07-01 10:14:34.734   527   549 W skia    : AGTM parsing failed flags.readFromStream(s) at 159
07-01 10:14:34.734   527   549 W skia    : AGTM parsing failed flags.readFromStream(s) at 159
07-01 10:14:34.750  4822  4852 I Finsky  : [54] SCH: Scheduling phonesky job Id: 1-1337, CT: 1782877032259, Constraints: [{ L: 43102809, D: 86302809, C: CHARGING_NONE, I: IDLE_NONE, N: NET_ANY, B: BATTERY_ANY }]
07-01 10:14:34.750  4822  4852 I Finsky  : [54] SCH: Scheduling phonesky job Id: 34-113, CT: 1782877055718, Constraints: [{ L: 79199497, D: 1375199497, C: CHARGING_NONE, I: IDLE_NONE, N: NET_ANY, B: BATTERY_ANY }]
07-01 10:14:34.750  4822  4852 I Finsky  : [54] SCH: Scheduling phonesky job Id: 34-114, CT: 1782877058473, Constraints: [{ L: 604800000, D: 2591997870, C: CHARGING_NONE, I: IDLE_NONE, N: NET_ANY, B: BATTERY_ANY }]
07-01 10:14:34.754  4822  4851 I Finsky  : [53] SCH: Scheduling 1 system job(s)
07-01 10:14:34.755  4822  4851 I Finsky  : [53] SCH: Scheduling system job Id: 9275, L: 19260314, D: 62460314, C: false, I: false, N: 1
07-01 10:14:34.761  4822 28473 I Finsky  : [572] SCH: job service finished with id 9270.
07-01 10:14:34.761  1124  1124 V BaseDepthController: Applying blur: 0 to Surface(name=VRI-com.google.android.apps.nexuslauncher/com.google.android.apps.nexuslauncher.NexusLauncherActivity#888)/@0xbaa612d applyImmediately: false
07-01 10:14:34.761  1124  1124 D BaseDepthController: shouldBlurWorkspace: false targetState: Normal currentStableState: Normal mCurrentBlur: 0 mLauncher.getDepthBlurTargets(): [com.android.launcher3.Workspace{6f54662 V.ED..... ........ 0,0-1080,2400 #7f0a0486 app:id/workspace}, com.android.launcher3.Hotseat{3ad03f3 V.ED..... ........ 0,1905-1080,2400 #7f0a01f6 app:id/hotseat}]
07-01 10:14:34.771  4822  4822 I Finsky  : [2] Memory trim requested to level 40
07-01 10:14:34.772  4822  4822 I Finsky  : [2] Flushing in-memory image cache
07-01 10:14:34.781  1124  1124 V BaseDepthController: Applying blur: 0 to Surface(name=VRI-com.google.android.apps.nexuslauncher/com.google.android.apps.nexuslauncher.NexusLauncherActivity#888)/@0xbaa612d applyImmediately: false
07-01 10:14:34.781  1124  1124 D BaseDepthController: shouldBlurWorkspace: false targetState: Normal currentStableState: Normal mCurrentBlur: 0 mLauncher.getDepthBlurTargets(): [com.android.launcher3.Workspace{6f54662 V.ED..... ........ 0,0-1080,2400 #7f0a0486 app:id/workspace}, com.android.launcher3.Hotseat{3ad03f3 V.ED..... ........ 0,1905-1080,2400 #7f0a01f6 app:id/hotseat}]
07-01 10:14:34.812  1124  1124 V BaseDepthController: Applying blur: 0 to Surface(name=VRI-com.google.android.apps.nexuslauncher/com.google.android.apps.nexuslauncher.NexusLauncherActivity#888)/@0xbaa612d applyImmediately: false
07-01 10:14:34.812  1124  1124 D BaseDepthController: shouldBlurWorkspace: false targetState: Normal currentStableState: Normal mCurrentBlur: 0 mLauncher.getDepthBlurTargets(): [com.android.launcher3.Workspace{6f54662 V.ED..... ........ 0,0-1080,2400 #7f0a0486 app:id/workspace}, com.android.launcher3.Hotseat{3ad03f3 V.ED..... ........ 0,1905-1080,2400 #7f0a01f6 app:id/hotseat}]
07-01 10:14:34.833   527   549 W skia    : AGTM parsing failed flags.readFromStream(s) at 159
07-01 10:14:34.834   527   549 W skia    : AGTM parsing failed flags.readFromStream(s) at 159
07-01 10:14:34.844  1124  1124 V BaseDepthController: Applying blur: 0 to Surface(name=VRI-com.google.android.apps.nexuslauncher/com.google.android.apps.nexuslauncher.NexusLauncherActivity#888)/@0xbaa612d applyImmediately: false
07-01 10:14:34.844  1124  1124 D BaseDepthController: shouldBlurWorkspace: false targetState: Normal currentStableState: Normal mCurrentBlur: 0 mLauncher.getDepthBlurTargets(): [com.android.launcher3.Workspace{6f54662 V.ED..... ........ 0,0-1080,2400 #7f0a0486 app:id/workspace}, com.android.launcher3.Hotseat{3ad03f3 V.ED..... ........ 0,1905-1080,2400 #7f0a01f6 app:id/hotseat}]
07-01 10:14:34.895  1124  1124 V BaseDepthController: Applying blur: 0 to Surface(name=VRI-com.google.android.apps.nexuslauncher/com.google.android.apps.nexuslauncher.NexusLauncherActivity#888)/@0xbaa612d applyImmediately: false
07-01 10:14:34.895  1124  1124 D BaseDepthController: shouldBlurWorkspace: false targetState: Normal currentStableState: Normal mCurrentBlur: 0 mLauncher.getDepthBlurTargets(): [com.android.launcher3.Workspace{6f54662 V.ED..... ........ 0,0-1080,2400 #7f0a0486 app:id/workspace}, com.android.launcher3.Hotseat{3ad03f3 V.ED..... ........ 0,1905-1080,2400 #7f0a01f6 app:id/hotseat}]
07-01 10:14:34.935   527   549 W skia    : AGTM parsing failed flags.readFromStream(s) at 159
07-01 10:14:34.935   527   549 W skia    : AGTM parsing failed flags.readFromStream(s) at 159
07-01 10:14:34.962  1124  1124 V BaseDepthController: Applying blur: 0 to Surface(name=VRI-com.google.android.apps.nexuslauncher/com.google.android.apps.nexuslauncher.NexusLauncherActivity#888)/@0xbaa612d applyImmediately: false
07-01 10:14:34.962  1124  1124 D BaseDepthController: setEarlyWakeup: false
07-01 10:14:34.962  1124  1124 D BaseDepthController: shouldBlurWorkspace: false targetState: Normal currentStableState: Normal mCurrentBlur: 0 mLauncher.getDepthBlurTargets(): [com.android.launcher3.Workspace{6f54662 V.ED..... ........ 0,0-1080,2400 #7f0a0486 app:id/workspace}, com.android.launcher3.Hotseat{3ad03f3 V.ED..... ........ 0,1905-1080,2400 #7f0a01f6 app:id/hotseat}]
07-01 10:14:35.036   527   549 W skia    : AGTM parsing failed flags.readFromStream(s) at 159
07-01 10:14:35.037   527   549 W skia    : AGTM parsing failed flags.readFromStream(s) at 159
07-01 10:14:35.112  1124  1124 D ScalingWorkspaceRevealAnim: onAnimationEnd, workspace and hotseat are visible
07-01 10:14:35.112  1124  1124 V BaseDepthController: Applying blur: 0 to Surface(name=VRI-com.google.android.apps.nexuslauncher/com.google.android.apps.nexuslauncher.NexusLauncherActivity#888)/@0xbaa612d applyImmediately: false
07-01 10:14:35.112  1124  1124 D BaseDepthController: shouldBlurWorkspace: false targetState: Normal currentStableState: Normal mCurrentBlur: 0 mLauncher.getDepthBlurTargets(): [com.android.launcher3.Workspace{6f54662 V.ED..... ......ID 0,0-1080,2400 #7f0a0486 app:id/workspace}, com.android.launcher3.Hotseat{3ad03f3 V.ED..... ......ID 0,1905-1080,2400 #7f0a01f6 app:id/hotseat}]
07-01 10:14:35.113  1331  1331 I NearbySharing: Network state changed: NetworkState(isRestricted=false, isOnline=true, isCongested=false, isMetered=false, isWifiConnected=true)
07-01 10:14:35.113   976   991 V WindowManagerShell: Received remote transition finished callback for (#109)
07-01 10:14:35.113   976  1041 V WindowManagerShell: Transition animation finished (aborted=false), notifying core (#109) android.os.BinderProxy@e4b03f8@0
07-01 10:14:35.117   976  1041 V WindowManagerShell: Track 0 became idle
07-01 10:14:35.117   976  1041 V WindowManagerShell: All active transition animations finished
07-01 10:14:35.117   692   712 V WindowManager: Finish Transition (#109): created at 07-01 10:14:33.901 collect-started=0.052ms request-sent=0.134ms started=1.953ms ready=183.372ms sent=187.49ms commit=22.735ms finished=1213.294ms
07-01 10:14:35.118 28264 28264 D VRI[WebLoginActivity]: visibilityChanged oldVisibility=true newVisibility=false
07-01 10:14:35.122   692   947 I Surface : Creating surface for consumer unnamed-692-21 with slotExpansion=1 for 64 slots
07-01 10:14:35.122   692   947 I Surface : Creating surface for consumer ImageReader-864x1920f1m1-692-18 with slotExpansion=1 for 64 slots
07-01 10:14:35.122   692   947 W ImageReader_JNI: Unable to acquire a buffer item, very likely client tried to acquire more than maxImages buffers
07-01 10:14:35.124 28264 28264 W cr_AwContents: WebView.destroy() called while WebView is still attached to window.
07-01 10:14:35.128 28264 28264 D WindowOnBackDispatcher: setTopOnBackInvokedCallback (unwrapped): null
07-01 10:14:35.129   692  1087 D CoreBackPreview: Window{9d42eeb u0 com.aiquota.mobile/com.aiquota.mobile.providers.WebLoginActivity}: Setting back callback null
07-01 10:14:35.135   692   947 E ConsumerBase: [ImageReader-864x1920f1m1-692-18] abandonLocked: ConsumerBase is abandoned!
07-01 10:14:35.142 28264 28264 D ViewRootImpl: Skipping stats log for color mode
07-01 10:14:35.142   527   549 W skia    : AGTM parsing failed flags.readFromStream(s) at 159
07-01 10:14:35.142   527   549 W skia    : AGTM parsing failed flags.readFromStream(s) at 159
07-01 10:14:35.158  1124  1124 D RecentsView: onTaskRemoved: 586, not handling task stack changes
07-01 10:14:35.158  1124  1124 D RecentsView: onTaskRemoved: 586, not handling task stack changes
07-01 10:14:35.162   976  1041 V ShellTaskOrganizer: Task vanished taskId=586
07-01 10:14:35.162   976  1041 V ShellTaskOrganizer: Fullscreen Task Vanished: #586
07-01 10:14:35.162   976  1041 V ShellDesktopMode: Task Vanished: #586 closed=true
07-01 10:14:35.162   976  1041 V RecentTasksController: Notify recent tasks changed
07-01 10:14:35.164   976  1041 D ShellDesktopMode: AppToWebRepository: Task 586 is vanishing. Removing task data from repository
07-01 10:14:35.164   976  1041 V AppCompat: SingleSurfaceLetterboxController: []
07-01 10:14:35.164   976  1041 V AppCompat: MultiSurfaceLetterboxController: []
07-01 10:14:35.164   976  1041 V AppCompat: LetterboxInputController: []
07-01 10:14:35.164   976  1041 V AppCompat: RoundedCornersLetterboxController: {}
07-01 10:14:35.166  1124  1124 D RecentTasksList: invalidateLoadedTasks - previous requestLoadId: -1
07-01 10:14:35.170   692  2048 I ActivityManager: Killing 28359:com.google.android.webview:sandboxed_process0:org.chromium.content.app.SandboxedProcessService0:0/u0a233i32 (adj 0): isolated not needed
07-01 10:14:35.183  1047  1047 I Zygote  : Process 28359 exited cleanly (0)
07-01 10:14:35.184   692   726 I libprocessgroup: Removed cgroup /sys/fs/cgroup/apps/uid_99032/pid_28359
07-01 10:14:35.185   692   726 I libprocessgroup: Removed cgroup /sys/fs/cgroup/apps/uid_99032
07-01 10:14:35.234  1119  1246 D SatelliteController: isInCarrierRoamingNbIotNtn: satellite is disabled
07-01 10:14:35.235  1119  1246 D SatelliteController: getCarrierRoamingNtnConnectType: Checking connect type from PLMN config for subId: 1
07-01 10:14:35.235  1119  1246 D TelephonyConfigUpdateInstallReceiver: getConfigParser: domain=satellite
07-01 10:14:35.235  1119  1246 V SatelliteController: satelliteConfigParser is not ready
07-01 10:14:35.235  1119  1246 D SatelliteController: isSatelliteAttachSupportedViaConfigupdater: return null (satelliteConfig is null)
07-01 10:14:35.236  1119  1246 D SatelliteController: getSatellitePerPlmnConfiguration: invalid subId or not supported via carrier.
07-01 10:14:35.236  1119  1246 D SatelliteController: getCarrierRoamingNtnConnectType: config: null
07-01 10:14:35.237  1119  1246 D TelephonyConfigUpdateInstallReceiver: getConfigParser: domain=satellite
07-01 10:14:35.237  1119  1246 V SatelliteController: satelliteConfigParser is not ready
07-01 10:14:35.237  1119  1246 D SatelliteController: getCarrierRoamingNtnConnectTypeViaConfigUpdater: return null (satelliteConfig is null)
07-01 10:14:35.237  1119  1246 D SatelliteController: getCarrierRoamingNtnConnectType: Falling back to global carrier config connect type: 0
07-01 10:14:35.237  1119  1246 D TelephonyConfigUpdateInstallReceiver: getConfigParser: domain=satellite
07-01 10:14:35.237  1119  1246 V SatelliteController: satelliteConfigParser is not ready
07-01 10:14:35.237  1119  1246 D SatelliteController: isSatelliteAttachSupportedViaConfigupdater: return null (satelliteConfig is null)
07-01 10:14:35.237  1119  1246 D SatelliteController: getCarrierRoamingNtnConnectType: Checking connect type from PLMN config for subId: 1
07-01 10:14:35.237  1119  1246 D TelephonyConfigUpdateInstallReceiver: getConfigParser: domain=satellite
07-01 10:14:35.237  1119  1246 V SatelliteController: satelliteConfigParser is not ready
07-01 10:14:35.237  1119  1246 D SatelliteController: isSatelliteAttachSupportedViaConfigupdater: return null (satelliteConfig is null)
07-01 10:14:35.237  1119  1246 D SatelliteController: getSatellitePerPlmnConfiguration: invalid subId or not supported via carrier.
07-01 10:14:35.237  1119  1246 D SatelliteController: getCarrierRoamingNtnConnectType: config: null
07-01 10:14:35.237  1119  1246 D TelephonyConfigUpdateInstallReceiver: getConfigParser: domain=satellite
07-01 10:14:35.237  1119  1246 V SatelliteController: satelliteConfigParser is not ready
07-01 10:14:35.237  1119  1246 D SatelliteController: getCarrierRoamingNtnConnectTypeViaConfigUpdater: return null (satelliteConfig is null)
07-01 10:14:35.237  1119  1246 D SatelliteController: getCarrierRoamingNtnConnectType: Falling back to global carrier config connect type: 0
07-01 10:14:35.237  1119  1246 D TelephonyConfigUpdateInstallReceiver: getConfigParser: domain=satellite
07-01 10:14:35.237  1119  1246 V SatelliteController: satelliteConfigParser is not ready
07-01 10:14:35.237  1119  1246 D SatelliteController: isSatelliteAttachSupportedViaConfigupdater: return null (satelliteConfig is null)
07-01 10:14:35.239   527   549 W skia    : AGTM parsing failed flags.readFromStream(s) at 159
07-01 10:14:35.239   527   549 W skia    : AGTM parsing failed flags.readFromStream(s) at 159
07-01 10:14:35.340   527   549 W skia    : AGTM parsing failed flags.readFromStream(s) at 159
07-01 10:14:35.340   527   549 W skia    : AGTM parsing failed flags.readFromStream(s) at 159
07-01 10:14:35.448   527   549 W skia    : AGTM parsing failed flags.readFromStream(s) at 159
07-01 10:14:35.448   527   549 W skia    : AGTM parsing failed flags.readFromStream(s) at 159
07-01 10:14:35.551   527   549 W skia    : AGTM parsing failed flags.readFromStream(s) at 159
07-01 10:14:35.551   527   549 W skia    : AGTM parsing failed flags.readFromStream(s) at 159
07-01 10:14:35.687   954   954 I wpa_supplicant: wlan0: CTRL-EVENT-BEACON-LOSS 
07-01 10:14:35.977   692   896 D AppWidgetServiceImpl: Trying to notify widget update for package com.aiquota.mobile with widget id: 22
07-01 10:14:35.981   692   896 D AppWidgetServiceImpl: Trying to notify widget update for package com.aiquota.mobile with widget id: 21
07-01 10:14:35.981   692   896 D AppWidgetServiceImpl: Trying to notify widget update for package com.aiquota.mobile with widget id: 20
07-01 10:14:35.982   692   896 D AppWidgetServiceImpl: Trying to notify widget update for package com.aiquota.mobile with widget id: 24
07-01 10:14:36.005   692   896 D AppWidgetServiceImpl: Trying to notify widget update for package com.aiquota.mobile with widget id: 17
07-01 10:14:36.012  1124  1124 D ShortcutAndWidgetContainer: appWidgetScale - [x,y]: [1.0,1.0]
07-01 10:14:36.012  1124  1124 D NavigableAppWidgetHostView: updateScale - [fitScale,bounceScale]: [1.0,1.0]
07-01 10:14:36.012  1124  1124 D ShortcutAndWidgetContainer: appWidgetScale - [x,y]: [1.0,1.0]
07-01 10:14:36.012  1124  1124 D NavigableAppWidgetHostView: updateScale - [fitScale,bounceScale]: [1.0,1.0]
07-01 10:14:36.012  1124  1124 D ShortcutAndWidgetContainer: appWidgetScale - [x,y]: [1.0,1.0]
07-01 10:14:36.012  1124  1124 D NavigableAppWidgetHostView: updateScale - [fitScale,bounceScale]: [1.0,1.0]
07-01 10:14:36.012  1124  1124 D ShortcutAndWidgetContainer: appWidgetScale - [x,y]: [1.0,1.0]
07-01 10:14:36.012  1124  1124 D NavigableAppWidgetHostView: updateScale - [fitScale,bounceScale]: [1.0,1.0]
07-01 10:14:36.016   527   549 W skia    : AGTM parsing failed flags.readFromStream(s) at 159
07-01 10:14:36.016   527   549 W skia    : AGTM parsing failed flags.readFromStream(s) at 159
07-01 10:14:36.116   527   549 W skia    : AGTM parsing failed flags.readFromStream(s) at 159
07-01 10:14:36.116   527   549 W skia    : AGTM parsing failed flags.readFromStream(s) at 159
07-01 10:14:36.174  4430  4572 W AiAiEcho: LyftNotificationParser Ridesharing ETA not enabled
07-01 10:14:36.174  4430  4572 I AiAiEcho: SmartspaceNotificationPredictor no parser can handle this notification or notification is invalid
07-01 10:14:36.217   527   549 W skia    : AGTM parsing failed flags.readFromStream(s) at 159
07-01 10:14:36.217   527   549 W skia    : AGTM parsing failed flags.readFromStream(s) at 159
07-01 10:14:37.613   692   892 I AdbWifiNetworkMonitor: Wi-Fi network available
07-01 10:14:37.614   692   892 I AdbWifiNetworkMonitor: Received the same Wi-Fi SSID. Ignoring.
07-01 10:14:37.615   692   860 I HalDevMgr: bestIfaceCreationProposal is null, requestIface=STA, existingIface=[name=wlan0 type=STA]
07-01 10:14:37.618  1331  2497 I NullBinder: NullBinder for android.net.action.RECOMMEND_NETWORKS triggering remote TransactionTooLargeException due to Service without Chimera impl, calling uid: 1000, calling pid: 0
07-01 10:14:37.619  1331  2497 W libbinder.Binder: Large reply transaction of 1056768 bytes, interface descriptor , function: UNKNOWN_FUNCTION_NAME, code: 1, flags: 17
07-01 10:14:37.619   692   866 W libbinder.IPCThreadState: Sending oneway calls to frozen process.
07-01 10:14:37.619   692   866 W libbinder.IPCThreadState: Sending oneway calls to frozen process.
07-01 10:14:37.619  4397  4547 D WM-WorkConstraintsTrack: NetworkRequestConstraintController onCapabilitiesChanged callback
07-01 10:14:37.620  5429  5467 I BugleRcsEngine: Connected state: [1], networkType: [WIFI] [CONTEXT thread_id=63 ]
07-01 10:14:37.620  5429  5471 I BugleRcsEngine: handleMessage processing message:[NOTIFY_UPTIME_IGNORE_STATE_CHANGED] with [non-null]:RcsEngineImpl reference [CONTEXT log_prefix="RcsEngineImpl[DUAL_REG]:[16822a33-62db]>Handler" thread_id=64 ]
07-01 10:14:37.622  1331 24223 I NearbyMediums: Wifi changed new SSID: "AndroidWifi"
07-01 10:14:37.623   692   866 D ConnectivityService: NetReassign [no changes] [c 0] [a 1] [i 0]
07-01 10:14:37.623  1331 24223 I NearbyMediums: WifiLanConnectivityInfo is not changed, skip notify.
07-01 10:14:37.623  5429  5471 I BugleRcsEngine: No RCS Configuration was found in Bugle for simID: redacted-pii:sim_id[chars:20,last3:897] [CONTEXT log_prefix="ProvisioningEngineDataRetriever" thread_id=64 ]
07-01 10:14:38.120  1331  1331 I NearbySharing: Network state changed: NetworkState(isRestricted=false, isOnline=true, isCongested=false, isMetered=false, isWifiConnected=true)
07-01 10:14:38.161   692  1751 E TaskPersister: File error accessing recents directory (directory doesn't exist?).
07-01 10:14:38.267   692   800 D ActivityManager: freezing 4871 com.google.android.permissioncontroller
07-01 10:14:38.268   692   866 D InetDiagMessage: Destroyed 0 sockets, proto=IPPROTO_TCP, family=AF_INET, states=14
07-01 10:14:38.268   692   866 D InetDiagMessage: Destroyed 0 sockets, proto=IPPROTO_TCP, family=AF_INET6, states=14
07-01 10:14:38.268   692   866 D InetDiagMessage: Destroyed live tcp sockets for uids={10218} in 1ms
07-01 10:14:40.622   692   860 I HalDevMgr: bestIfaceCreationProposal is null, requestIface=STA, existingIface=[name=wlan0 type=STA]
07-01 10:14:41.553   539   539 I adbd    : adbd service requested 'shell,v2,raw:dumpsys package com.google.android.gms'
07-01 10:14:41.689  3176  6041 I artd    : GetBestInfo: odex next to the dex file (/data/app/~~pUpe9D-hsv0lOCLmNQJGyA==/com.google.android.gms-a0e_AySruvvgbDhYG8Z6yQ==/oat/x86_64/base.odex) is kOatUpToDate with filter 'speed-profile' executable 'false'
07-01 10:14:41.690  3176  6041 I artd    : GetBestInfo: dm (/data/app/~~pUpe9D-hsv0lOCLmNQJGyA==/com.google.android.gms-a0e_AySruvvgbDhYG8Z6yQ==/split_AdsDynamite_installtime.dm) is kOatUpToDate with filter 'verify' executable 'false'
07-01 10:14:41.691  3176  6041 I artd    : GetBestInfo: odex next to the dex file (/data/app/~~pUpe9D-hsv0lOCLmNQJGyA==/com.google.android.gms-a0e_AySruvvgbDhYG8Z6yQ==/oat/x86_64/split_CronetDynamite_installtime.odex) is kOatUpToDate with filter 'speed-profile' executable 'false'
07-01 10:14:41.692  3176  6041 I artd    : GetBestInfo: dm (/data/app/~~pUpe9D-hsv0lOCLmNQJGyA==/com.google.android.gms-a0e_AySruvvgbDhYG8Z6yQ==/split_DynamiteLoader_installtime.dm) is kOatUpToDate with filter 'verify' executable 'false'
07-01 10:14:41.694  3176  6041 I artd    : GetBestInfo: dm (/data/app/~~pUpe9D-hsv0lOCLmNQJGyA==/com.google.android.gms-a0e_AySruvvgbDhYG8Z6yQ==/split_DynamiteModulesA_installtime.dm) is kOatUpToDate with filter 'verify' executable 'false'
07-01 10:14:41.695  3176  6041 I artd    : GetBestInfo: dm (/data/app/~~pUpe9D-hsv0lOCLmNQJGyA==/com.google.android.gms-a0e_AySruvvgbDhYG8Z6yQ==/split_DynamiteModulesC_installtime.dm) is kOatUpToDate with filter 'verify' executable 'false'
07-01 10:14:41.696  3176  6041 I artd    : GetBestInfo: dm (/data/app/~~pUpe9D-hsv0lOCLmNQJGyA==/com.google.android.gms-a0e_AySruvvgbDhYG8Z6yQ==/split_GoogleCertificates_installtime.dm) is kOatUpToDate with filter 'verify' executable 'false'
07-01 10:14:41.697  3176  6041 I artd    : GetBestInfo: dm (/data/app/~~pUpe9D-hsv0lOCLmNQJGyA==/com.google.android.gms-a0e_AySruvvgbDhYG8Z6yQ==/split_MapsDynamite_installtime.dm) is kOatUpToDate with filter 'verify' executable 'false'
07-01 10:14:41.699  3176  6041 I artd    : GetBestInfo: dm (/data/app/~~pUpe9D-hsv0lOCLmNQJGyA==/com.google.android.gms-a0e_AySruvvgbDhYG8Z6yQ==/split_MeasurementDynamite_installtime.dm) is kOatUpToDate with filter 'verify' executable 'false'
07-01 10:14:41.700  3176  6041 I artd    : GetBestInfo: /data/user_de/0/com.google.android.gms/app_chimera/m/0000000e/dl-IdentityCredentialsPlatform.optional_262031100800.apk has no usable artifacts
07-01 10:14:41.701  3176  6041 I artd    : GetBestInfo: /data/user_de/0/com.google.android.gms/app_chimera/m/00000001/CronetDynamite.apk has no usable artifacts
07-01 10:14:41.702  3176  6041 I artd    : GetBestInfo: /data/user_de/0/com.google.android.gms/app_chimera/m/00000013/dl-TfliteDynamiteDynamite.integ_252130102100800.apk has no usable artifacts
07-01 10:14:41.702  3176  6041 I artd    : GetBestInfo: /data/user_de/0/com.google.android.gms/app_chimera/m/00000002/DynamiteLoader.apk has no usable artifacts
07-01 10:14:41.704  3176  6041 I artd    : GetBestInfo: /data/user_de/0/com.google.android.gms/app_chimera/m/0000000c/dl-IdentityCredentialsPlatform.optional_261136100800.apk has no usable artifacts
07-01 10:14:41.704  3176  6041 I artd    : GetBestInfo: /data/user_de/0/com.google.android.gms/app_chimera/m/00000005/GoogleCertificates.apk has no usable artifacts
07-01 10:14:41.706  3176  6041 I artd    : GetBestInfo: /data/user_de/0/com.google.android.gms/app_chimera/m/0000000a/dl-TfliteDynamiteDynamite.integ_260580502100800.apk has no usable artifacts
07-01 10:14:41.707  3176  6041 I artd    : GetBestInfo: /data/user_de/0/com.google.android.gms/app_chimera/m/00000016/dl-PlayCloudSearch.optional_262031100000.apk has no usable artifacts
07-01 10:14:41.707  3176  6041 I artd    : GetBestInfo: /data/user_de/0/com.google.android.gms/app_chimera/m/00000014/dl-MlkitOcrCommon.optional_262031100800.apk has no usable artifacts
07-01 10:14:41.709  3176  6041 I artd    : GetBestInfo: /data/user_de/0/com.google.android.gms/app_chimera/m/00000008/dl-VisionOcr.optional_261136100000.apk has no usable artifacts
07-01 10:14:41.709  3176  6041 I artd    : GetBestInfo: /data/user_de/0/com.google.android.gms/app_chimera/m/00000010/dl-Appsearch.optional_262031100800.apk has no usable artifacts
07-01 10:14:41.711  3176  6041 I artd    : GetBestInfo: /data/user_de/0/com.google.android.gms/app_chimera/m/0000000b/dl-Appsearch.optional_261136100800.apk has no usable artifacts
07-01 10:14:41.712  3176  6041 I artd    : GetBestInfo: vdex next to the dex file (/data/user/0/com.google.android.gms/app_dg_cache/9BCBC14EE674B00B958D4B0C5B4BD883630AA39E/oat/x86_64/the.vdex) is kOatUpToDate with filter 'verify' executable 'false'
07-01 10:14:41.714  3176  6041 I artd    : GetBestInfo: /data/user_de/0/com.google.android.gms/app_chimera/m/00000009/dl-MlkitOcrCommon.optional_261136100800.apk has no usable artifacts
07-01 10:14:41.715  3176  6041 I artd    : GetBestInfo: /data/user/0/com.google.android.gms/app_dg_cache/22DA9D7AD8ED7504E0CAC64C41ECDBD7068924E0/the.apk has no usable artifacts
07-01 10:14:41.717  3176  6041 I artd    : GetBestInfo: vdex next to the dex file (/data/user/0/com.google.android.gms/app_dg_cache/FEE57AEA14526BE59FD8AB1365237E7B7A5CE7CB/oat/x86_64/the.vdex) is kOatUpToDate with filter 'verify' executable 'false'
07-01 10:14:41.718  3176  6041 I artd    : GetBestInfo: vdex next to the dex file (/data/user/0/com.google.android.gms/app_dg_cache/1C62BDE86218FBAA50DF06C4A79F5C3FE74B69EC/oat/x86_64/the.vdex) is kOatUpToDate with filter 'verify' executable 'false'
07-01 10:14:41.719  3176  6041 I artd    : GetBestInfo: /data/user_de/0/com.google.android.gms/app_chimera/m/0000000f/dl-VisionOcr.optional_262031100000.apk has no usable artifacts
07-01 10:14:41.721  3176  6041 I artd    : GetBestInfo: /data/user_de/0/com.google.android.gms/app_chimera/m/00000015/dl-MlkitBarcodeUi.optional_262031100800.apk has no usable artifacts
07-01 10:14:41.722  3176  6041 I artd    : GetBestInfo: /data/user_de/0/com.google.android.gms/app_chimera/m/00000007/MeasurementDynamite.apk has no usable artifacts
07-01 10:14:43.623   954   954 I wpa_supplicant: wlan0: CTRL-EVENT-BEACON-LOSS 
07-01 10:14:43.629   692   860 I HalDevMgr: bestIfaceCreationProposal is null, requestIface=STA, existingIface=[name=wlan0 type=STA]
07-01 10:14:43.633  1074  1202 D IpClient/wlan0: interfaceLinkStateChanged: ifindex 16 up
07-01 10:14:43.638  1074  1202 D IpClient/wlan0: interfaceLinkStateChanged: ifindex 16 up
07-01 10:14:43.924   329 28463 I keystore2: system/security/keystore2/watchdog/src/lib.rs:371 - Watchdog thread idle -> terminating. Have a great day.
07-01 10:14:44.799   692   800 D ActivityManager: freezing 4822 com.android.vending
07-01 10:14:44.801   692   866 D InetDiagMessage: Destroyed 0 sockets, proto=IPPROTO_TCP, family=AF_INET, states=14
07-01 10:14:44.801   692   866 D InetDiagMessage: Destroyed 0 sockets, proto=IPPROTO_TCP, family=AF_INET6, states=14
07-01 10:14:44.801   692   866 D InetDiagMessage: Destroyed live tcp sockets for uids={10153} in 1ms
07-01 10:14:45.235  1119  1246 D SatelliteController: isInCarrierRoamingNbIotNtn: satellite is disabled
07-01 10:14:45.235  1119  1246 D SatelliteController: getCarrierRoamingNtnConnectType: Checking connect type from PLMN config for subId: 1
07-01 10:14:45.235  1119  1246 D TelephonyConfigUpdateInstallReceiver: getConfigParser: domain=satellite
07-01 10:14:45.235  1119  1246 V SatelliteController: satelliteConfigParser is not ready
07-01 10:14:45.235  1119  1246 D SatelliteController: isSatelliteAttachSupportedViaConfigupdater: return null (satelliteConfig is null)
07-01 10:14:45.235  1119  1246 D SatelliteController: getSatellitePerPlmnConfiguration: invalid subId or not supported via carrier.
07-01 10:14:45.235  1119  1246 D SatelliteController: getCarrierRoamingNtnConnectType: config: null
07-01 10:14:45.235  1119  1246 D TelephonyConfigUpdateInstallReceiver: getConfigParser: domain=satellite
07-01 10:14:45.235  1119  1246 V SatelliteController: satelliteConfigParser is not ready
07-01 10:14:45.235  1119  1246 D SatelliteController: getCarrierRoamingNtnConnectTypeViaConfigUpdater: return null (satelliteConfig is null)
07-01 10:14:45.235  1119  1246 D SatelliteController: getCarrierRoamingNtnConnectType: Falling back to global carrier config connect type: 0
07-01 10:14:45.235  1119  1246 D TelephonyConfigUpdateInstallReceiver: getConfigParser: domain=satellite
07-01 10:14:45.235  1119  1246 V SatelliteController: satelliteConfigParser is not ready
07-01 10:14:45.235  1119  1246 D SatelliteController: isSatelliteAttachSupportedViaConfigupdater: return null (satelliteConfig is null)
07-01 10:14:45.236  1119  1246 D SatelliteController: getCarrierRoamingNtnConnectType: Checking connect type from PLMN config for subId: 1
07-01 10:14:45.236  1119  1246 D TelephonyConfigUpdateInstallReceiver: getConfigParser: domain=satellite
07-01 10:14:45.236  1119  1246 V SatelliteController: satelliteConfigParser is not ready
07-01 10:14:45.236  1119  1246 D SatelliteController: isSatelliteAttachSupportedViaConfigupdater: return null (satelliteConfig is null)
07-01 10:14:45.236  1119  1246 D SatelliteController: getSatellitePerPlmnConfiguration: invalid subId or not supported via carrier.
07-01 10:14:45.236  1119  1246 D SatelliteController: getCarrierRoamingNtnConnectType: config: null
07-01 10:14:45.237  1119  1246 D TelephonyConfigUpdateInstallReceiver: getConfigParser: domain=satellite
07-01 10:14:45.237  1119  1246 V SatelliteController: satelliteConfigParser is not ready
07-01 10:14:45.237  1119  1246 D SatelliteController: getCarrierRoamingNtnConnectTypeViaConfigUpdater: return null (satelliteConfig is null)
07-01 10:14:45.237  1119  1246 D SatelliteController: getCarrierRoamingNtnConnectType: Falling back to global carrier config connect type: 0
07-01 10:14:45.237  1119  1246 D TelephonyConfigUpdateInstallReceiver: getConfigParser: domain=satellite
07-01 10:14:45.237  1119  1246 V SatelliteController: satelliteConfigParser is not ready
07-01 10:14:45.237  1119  1246 D SatelliteController: isSatelliteAttachSupportedViaConfigupdater: return null (satelliteConfig is null)
07-01 10:14:45.265   527   549 W skia    : AGTM parsing failed flags.readFromStream(s) at 159
07-01 10:14:45.265   527   549 W skia    : AGTM parsing failed flags.readFromStream(s) at 159
07-01 10:14:46.633   692   860 I HalDevMgr: bestIfaceCreationProposal is null, requestIface=STA, existingIface=[name=wlan0 type=STA]
07-01 10:14:49.640   692   892 I AdbWifiNetworkMonitor: Wi-Fi network available
07-01 10:14:49.640   692   892 I AdbWifiNetworkMonitor: Received the same Wi-Fi SSID. Ignoring.
07-01 10:14:49.641   692   860 I HalDevMgr: bestIfaceCreationProposal is null, requestIface=STA, existingIface=[name=wlan0 type=STA]
07-01 10:14:49.647  1331  2497 I NullBinder: NullBinder for android.net.action.RECOMMEND_NETWORKS triggering remote TransactionTooLargeException due to Service without Chimera impl, calling uid: 1000, calling pid: 0
07-01 10:14:49.647  1331  2497 W libbinder.Binder: Large reply transaction of 1056768 bytes, interface descriptor , function: UNKNOWN_FUNCTION_NAME, code: 1, flags: 17
07-01 10:14:49.647  4397  4547 D WM-WorkConstraintsTrack: NetworkRequestConstraintController onCapabilitiesChanged callback
07-01 10:14:49.648  1074  1202 D IpClient/wlan0: interfaceLinkStateChanged: ifindex 16 up
07-01 10:14:49.649   692   866 D ConnectivityService: NetReassign [no changes] [c 0] [a 0] [i 1]
07-01 10:14:49.650  5429  5471 I BugleRcsEngine: handleMessage processing message:[NOTIFY_UPTIME_IGNORE_STATE_CHANGED] with [non-null]:RcsEngineImpl reference [CONTEXT log_prefix="RcsEngineImpl[DUAL_REG]:[16822a33-62db]>Handler" thread_id=64 ]
07-01 10:14:49.650  1331 24223 I NearbyMediums: Wifi changed new SSID: "AndroidWifi"
07-01 10:14:49.650  1331 24223 I NearbyMediums: WifiLanConnectivityInfo is not changed, skip notify.
07-01 10:14:49.651  5429  5467 I BugleRcsEngine: Connected state: [1], networkType: [WIFI] [CONTEXT thread_id=63 ]
07-01 10:14:49.651  1074  1202 D IpClient/wlan0: interfaceLinkStateChanged: ifindex 16 up
07-01 10:14:49.655  5429  5471 I BugleRcsEngine: No RCS Configuration was found in Bugle for simID: redacted-pii:sim_id[chars:20,last3:897] [CONTEXT log_prefix="ProvisioningEngineDataRetriever" thread_id=64 ]
07-01 10:14:50.146  1331  1331 I NearbySharing: Network state changed: NetworkState(isRestricted=false, isOnline=true, isCongested=false, isMetered=false, isWifiConnected=true)
07-01 10:14:51.559   954   954 I wpa_supplicant: wlan0: CTRL-EVENT-BEACON-LOSS 
07-01 10:14:51.560   539   539 I adbd    : adbd service requested 'shell,v2,raw:dumpsys package com.google.android.gms'
07-01 10:14:51.626   692   702 I system_server: Background young concurrent mark compact GC freed 21MB AllocSpace bytes, 14(400KB) LOS objects, 36% free, 41MB/65MB, paused 5.095ms,24.279ms total 55.671ms
07-01 10:14:51.726  3176  3192 I artd    : GetBestInfo: odex next to the dex file (/data/app/~~pUpe9D-hsv0lOCLmNQJGyA==/com.google.android.gms-a0e_AySruvvgbDhYG8Z6yQ==/oat/x86_64/base.odex) is kOatUpToDate with filter 'speed-profile' executable 'false'
07-01 10:14:51.728  3176  3192 I artd    : GetBestInfo: dm (/data/app/~~pUpe9D-hsv0lOCLmNQJGyA==/com.google.android.gms-a0e_AySruvvgbDhYG8Z6yQ==/split_AdsDynamite_installtime.dm) is kOatUpToDate with filter 'verify' executable 'false'
07-01 10:14:51.729  3176  3192 I artd    : GetBestInfo: odex next to the dex file (/data/app/~~pUpe9D-hsv0lOCLmNQJGyA==/com.google.android.gms-a0e_AySruvvgbDhYG8Z6yQ==/oat/x86_64/split_CronetDynamite_installtime.odex) is kOatUpToDate with filter 'speed-profile' executable 'false'
07-01 10:14:51.730  3176  3192 I artd    : GetBestInfo: dm (/data/app/~~pUpe9D-hsv0lOCLmNQJGyA==/com.google.android.gms-a0e_AySruvvgbDhYG8Z6yQ==/split_DynamiteLoader_installtime.dm) is kOatUpToDate with filter 'verify' executable 'false'
07-01 10:14:51.731  3176  3192 I artd    : GetBestInfo: dm (/data/app/~~pUpe9D-hsv0lOCLmNQJGyA==/com.google.android.gms-a0e_AySruvvgbDhYG8Z6yQ==/split_DynamiteModulesA_installtime.dm) is kOatUpToDate with filter 'verify' executable 'false'
07-01 10:14:51.732  3176  3192 I artd    : GetBestInfo: dm (/data/app/~~pUpe9D-hsv0lOCLmNQJGyA==/com.google.android.gms-a0e_AySruvvgbDhYG8Z6yQ==/split_DynamiteModulesC_installtime.dm) is kOatUpToDate with filter 'verify' executable 'false'
07-01 10:14:51.733  3176  3192 I artd    : GetBestInfo: dm (/data/app/~~pUpe9D-hsv0lOCLmNQJGyA==/com.google.android.gms-a0e_AySruvvgbDhYG8Z6yQ==/split_GoogleCertificates_installtime.dm) is kOatUpToDate with filter 'verify' executable 'false'
07-01 10:14:51.734  3176  3192 I artd    : GetBestInfo: dm (/data/app/~~pUpe9D-hsv0lOCLmNQJGyA==/com.google.android.gms-a0e_AySruvvgbDhYG8Z6yQ==/split_MapsDynamite_installtime.dm) is kOatUpToDate with filter 'verify' executable 'false'
07-01 10:14:51.735  3176  3192 I artd    : GetBestInfo: dm (/data/app/~~pUpe9D-hsv0lOCLmNQJGyA==/com.google.android.gms-a0e_AySruvvgbDhYG8Z6yQ==/split_MeasurementDynamite_installtime.dm) is kOatUpToDate with filter 'verify' executable 'false'
07-01 10:14:51.736  3176  3192 I artd    : GetBestInfo: /data/user_de/0/com.google.android.gms/app_chimera/m/0000000e/dl-IdentityCredentialsPlatform.optional_262031100800.apk has no usable artifacts
07-01 10:14:51.737  3176  3192 I artd    : GetBestInfo: /data/user_de/0/com.google.android.gms/app_chimera/m/00000001/CronetDynamite.apk has no usable artifacts
07-01 10:14:51.738  3176  3192 I artd    : GetBestInfo: /data/user_de/0/com.google.android.gms/app_chimera/m/00000013/dl-TfliteDynamiteDynamite.integ_252130102100800.apk has no usable artifacts
07-01 10:14:51.738  3176  3192 I artd    : GetBestInfo: /data/user_de/0/com.google.android.gms/app_chimera/m/00000002/DynamiteLoader.apk has no usable artifacts
07-01 10:14:51.739  3176  3192 I artd    : GetBestInfo: /data/user_de/0/com.google.android.gms/app_chimera/m/0000000c/dl-IdentityCredentialsPlatform.optional_261136100800.apk has no usable artifacts
07-01 10:14:51.740  3176  3192 I artd    : GetBestInfo: /data/user_de/0/com.google.android.gms/app_chimera/m/00000005/GoogleCertificates.apk has no usable artifacts
07-01 10:14:51.741  3176  3192 I artd    : GetBestInfo: /data/user_de/0/com.google.android.gms/app_chimera/m/0000000a/dl-TfliteDynamiteDynamite.integ_260580502100800.apk has no usable artifacts
07-01 10:14:51.742  3176  3192 I artd    : GetBestInfo: /data/user_de/0/com.google.android.gms/app_chimera/m/00000016/dl-PlayCloudSearch.optional_262031100000.apk has no usable artifacts
07-01 10:14:51.743  3176  3192 I artd    : GetBestInfo: /data/user_de/0/com.google.android.gms/app_chimera/m/00000014/dl-MlkitOcrCommon.optional_262031100800.apk has no usable artifacts
07-01 10:14:51.744  3176  3192 I artd    : GetBestInfo: /data/user_de/0/com.google.android.gms/app_chimera/m/00000008/dl-VisionOcr.optional_261136100000.apk has no usable artifacts
07-01 10:14:51.745  3176  3192 I artd    : GetBestInfo: /data/user_de/0/com.google.android.gms/app_chimera/m/00000010/dl-Appsearch.optional_262031100800.apk has no usable artifacts
07-01 10:14:51.747  3176  3192 I artd    : GetBestInfo: /data/user_de/0/com.google.android.gms/app_chimera/m/0000000b/dl-Appsearch.optional_261136100800.apk has no usable artifacts
07-01 10:14:51.748  3176  3192 I artd    : GetBestInfo: vdex next to the dex file (/data/user/0/com.google.android.gms/app_dg_cache/9BCBC14EE674B00B958D4B0C5B4BD883630AA39E/oat/x86_64/the.vdex) is kOatUpToDate with filter 'verify' executable 'false'
07-01 10:14:51.749  3176  3192 I artd    : GetBestInfo: /data/user_de/0/com.google.android.gms/app_chimera/m/00000009/dl-MlkitOcrCommon.optional_261136100800.apk has no usable artifacts
07-01 10:14:51.750  3176  3192 I artd    : GetBestInfo: /data/user/0/com.google.android.gms/app_dg_cache/22DA9D7AD8ED7504E0CAC64C41ECDBD7068924E0/the.apk has no usable artifacts
07-01 10:14:51.751  3176  3192 I artd    : GetBestInfo: vdex next to the dex file (/data/user/0/com.google.android.gms/app_dg_cache/FEE57AEA14526BE59FD8AB1365237E7B7A5CE7CB/oat/x86_64/the.vdex) is kOatUpToDate with filter 'verify' executable 'false'
07-01 10:14:51.752  3176  3192 I artd    : GetBestInfo: vdex next to the dex file (/data/user/0/com.google.android.gms/app_dg_cache/1C62BDE86218FBAA50DF06C4A79F5C3FE74B69EC/oat/x86_64/the.vdex) is kOatUpToDate with filter 'verify' executable 'false'
07-01 10:14:51.753  3176  3192 I artd    : GetBestInfo: /data/user_de/0/com.google.android.gms/app_chimera/m/0000000f/dl-VisionOcr.optional_262031100000.apk has no usable artifacts
07-01 10:14:51.754  3176  3192 I artd    : GetBestInfo: /data/user_de/0/com.google.android.gms/app_chimera/m/00000015/dl-MlkitBarcodeUi.optional_262031100800.apk has no usable artifacts
07-01 10:14:51.755  3176  3192 I artd    : GetBestInfo: /data/user_de/0/com.google.android.gms/app_chimera/m/00000007/MeasurementDynamite.apk has no usable artifacts
07-01 10:14:52.645   692   860 I HalDevMgr: bestIfaceCreationProposal is null, requestIface=STA, existingIface=[name=wlan0 type=STA]
07-01 10:14:54.231   692   800 D ActivityManager: freezing 22578 com.google.android.gms
07-01 10:14:55.049   692   800 D ActivityManager: freezing 10146 com.google.android.apps.wellbeing
07-01 10:14:55.051   692   866 D InetDiagMessage: Destroyed 0 sockets, proto=IPPROTO_TCP, family=AF_INET, states=14
07-01 10:14:55.051   692   866 D InetDiagMessage: Destroyed 0 sockets, proto=IPPROTO_TCP, family=AF_INET6, states=14
07-01 10:14:55.051   692   866 D InetDiagMessage: Destroyed live tcp sockets for uids={10159} in 0ms
07-01 10:14:55.235  1119  1246 D SatelliteController: isInCarrierRoamingNbIotNtn: satellite is disabled
07-01 10:14:55.235  1119  1246 D SatelliteController: getCarrierRoamingNtnConnectType: Checking connect type from PLMN config for subId: 1
07-01 10:14:55.235  1119  1246 D TelephonyConfigUpdateInstallReceiver: getConfigParser: domain=satellite
07-01 10:14:55.235  1119  1246 V SatelliteController: satelliteConfigParser is not ready
07-01 10:14:55.235  1119  1246 D SatelliteController: isSatelliteAttachSupportedViaConfigupdater: return null (satelliteConfig is null)
07-01 10:14:55.235  1119  1246 D SatelliteController: getSatellitePerPlmnConfiguration: invalid subId or not supported via carrier.
07-01 10:14:55.235  1119  1246 D SatelliteController: getCarrierRoamingNtnConnectType: config: null
07-01 10:14:55.235  1119  1246 D TelephonyConfigUpdateInstallReceiver: getConfigParser: domain=satellite
07-01 10:14:55.235  1119  1246 V SatelliteController: satelliteConfigParser is not ready
07-01 10:14:55.235  1119  1246 D SatelliteController: getCarrierRoamingNtnConnectTypeViaConfigUpdater: return null (satelliteConfig is null)
07-01 10:14:55.236  1119  1246 D SatelliteController: getCarrierRoamingNtnConnectType: Falling back to global carrier config connect type: 0
07-01 10:14:55.236  1119  1246 D TelephonyConfigUpdateInstallReceiver: getConfigParser: domain=satellite
07-01 10:14:55.236  1119  1246 V SatelliteController: satelliteConfigParser is not ready
07-01 10:14:55.236  1119  1246 D SatelliteController: isSatelliteAttachSupportedViaConfigupdater: return null (satelliteConfig is null)
07-01 10:14:55.236  1119  1246 D SatelliteController: getCarrierRoamingNtnConnectType: Checking connect type from PLMN config for subId: 1
07-01 10:14:55.236  1119  1246 D TelephonyConfigUpdateInstallReceiver: getConfigParser: domain=satellite
07-01 10:14:55.236  1119  1246 V SatelliteController: satelliteConfigParser is not ready
07-01 10:14:55.236  1119  1246 D SatelliteController: isSatelliteAttachSupportedViaConfigupdater: return null (satelliteConfig is null)
07-01 10:14:55.236  1119  1246 D SatelliteController: getSatellitePerPlmnConfiguration: invalid subId or not supported via carrier.
07-01 10:14:55.236  1119  1246 D SatelliteController: getCarrierRoamingNtnConnectType: config: null
07-01 10:14:55.236  1119  1246 D TelephonyConfigUpdateInstallReceiver: getConfigParser: domain=satellite
07-01 10:14:55.236  1119  1246 V SatelliteController: satelliteConfigParser is not ready
07-01 10:14:55.236  1119  1246 D SatelliteController: getCarrierRoamingNtnConnectTypeViaConfigUpdater: return null (satelliteConfig is null)
07-01 10:14:55.236  1119  1246 D SatelliteController: getCarrierRoamingNtnConnectType: Falling back to global carrier config connect type: 0
07-01 10:14:55.237  1119  1246 D TelephonyConfigUpdateInstallReceiver: getConfigParser: domain=satellite
07-01 10:14:55.237  1119  1246 V SatelliteController: satelliteConfigParser is not ready
07-01 10:14:55.237  1119  1246 D SatelliteController: isSatelliteAttachSupportedViaConfigupdater: return null (satelliteConfig is null)
07-01 10:14:55.653   692   860 I HalDevMgr: bestIfaceCreationProposal is null, requestIface=STA, existingIface=[name=wlan0 type=STA]
07-01 10:14:55.659  1074  1202 D IpClient/wlan0: interfaceLinkStateChanged: ifindex 16 up
07-01 10:14:55.665  1074  1202 D IpClient/wlan0: interfaceLinkStateChanged: ifindex 16 up
07-01 10:14:57.890   692   800 D ActivityManager: freezing 10155 com.android.keychain
07-01 10:14:57.891   692   800 D ActivityManager: freezing 5205 com.android.settings
07-01 10:14:58.660   692   892 I AdbWifiNetworkMonitor: Wi-Fi network available
07-01 10:14:58.660   692   892 I AdbWifiNetworkMonitor: Received the same Wi-Fi SSID. Ignoring.
07-01 10:14:58.663   692   860 I HalDevMgr: bestIfaceCreationProposal is null, requestIface=STA, existingIface=[name=wlan0 type=STA]
07-01 10:14:58.665  1331  1833 I NullBinder: NullBinder for android.net.action.RECOMMEND_NETWORKS triggering remote TransactionTooLargeException due to Service without Chimera impl, calling uid: 1000, calling pid: 0
07-01 10:14:58.666  4397  4547 D WM-WorkConstraintsTrack: NetworkRequestConstraintController onCapabilitiesChanged callback
07-01 10:14:58.666  1331  1833 W libbinder.Binder: Large reply transaction of 1056768 bytes, interface descriptor , function: UNKNOWN_FUNCTION_NAME, code: 1, flags: 17
07-01 10:14:58.666   692   866 W libbinder.IPCThreadState: Sending oneway calls to frozen process.
07-01 10:14:58.666   692   866 W libbinder.IPCThreadState: Sending oneway calls to frozen process.
07-01 10:14:58.667   692   866 W libbinder.IPCThreadState: Sending oneway calls to frozen process.
07-01 10:14:58.667  5429  5471 I BugleRcsEngine: handleMessage processing message:[NOTIFY_UPTIME_IGNORE_STATE_CHANGED] with [non-null]:RcsEngineImpl reference [CONTEXT log_prefix="RcsEngineImpl[DUAL_REG]:[16822a33-62db]>Handler" thread_id=64 ]
07-01 10:14:58.667  5429  5467 I BugleRcsEngine: Connected state: [1], networkType: [WIFI] [CONTEXT thread_id=63 ]
07-01 10:14:58.669   692   866 D ConnectivityService: NetReassign [no changes] [c 0] [a 1] [i 0]
07-01 10:14:58.669  1331 24223 I NearbyMediums: Wifi changed new SSID: "AndroidWifi"
07-01 10:14:58.669  1331 24223 I NearbyMediums: WifiLanConnectivityInfo is not changed, skip notify.
07-01 10:14:58.671  5429  5471 I BugleRcsEngine: No RCS Configuration was found in Bugle for simID: redacted-pii:sim_id[chars:20,last3:897] [CONTEXT log_prefix="ProvisioningEngineDataRetriever" thread_id=64 ]
07-01 10:14:59.167  1331  1331 I NearbySharing: Network state changed: NetworkState(isRestricted=false, isOnline=true, isCongested=false, isMetered=false, isWifiConnected=true)
07-01 10:14:59.494   954   954 I wpa_supplicant: wlan0: CTRL-EVENT-BEACON-LOSS 
07-01 10:15:00.032   527   549 W skia    : AGTM parsing failed flags.readFromStream(s) at 159
07-01 10:15:00.032   527   549 W skia    : AGTM parsing failed flags.readFromStream(s) at 159
07-01 10:15:01.554   539   539 I adbd    : adbd service requested 'shell,v2,raw:dumpsys package com.google.android.gms'
07-01 10:15:01.671   692   892 I AdbWifiNetworkMonitor: Wi-Fi network available
07-01 10:15:01.671   692   892 I AdbWifiNetworkMonitor: Received the same Wi-Fi SSID. Ignoring.
07-01 10:15:01.675   692   866 W libbinder.IPCThreadState: Sending oneway calls to frozen process.
07-01 10:15:01.675   692   866 W libbinder.IPCThreadState: Sending oneway calls to frozen process.
07-01 10:15:01.675   692   866 W libbinder.IPCThreadState: Sending oneway calls to frozen process.
07-01 10:15:01.675  1331  2413 I NullBinder: NullBinder for android.net.action.RECOMMEND_NETWORKS triggering remote TransactionTooLargeException due to Service without Chimera impl, calling uid: 1000, calling pid: 0
07-01 10:15:01.676  4397  4547 D WM-WorkConstraintsTrack: NetworkRequestConstraintController onCapabilitiesChanged callback
07-01 10:15:01.676  1331  2413 W libbinder.Binder: Large reply transaction of 1056768 bytes, interface descriptor , function: UNKNOWN_FUNCTION_NAME, code: 1, flags: 17
07-01 10:15:01.678  5429  5471 I BugleRcsEngine: handleMessage processing message:[NOTIFY_UPTIME_IGNORE_STATE_CHANGED] with [non-null]:RcsEngineImpl reference [CONTEXT log_prefix="RcsEngineImpl[DUAL_REG]:[16822a33-62db]>Handler" thread_id=64 ]
07-01 10:15:01.678   692   860 I HalDevMgr: bestIfaceCreationProposal is null, requestIface=STA, existingIface=[name=wlan0 type=STA]
07-01 10:15:01.680  5429  5467 I BugleRcsEngine: Connected state: [1], networkType: [WIFI] [CONTEXT thread_id=63 ]
07-01 10:15:01.681   692   866 D ConnectivityService: NetReassign [no changes] [c 0] [a 0] [i 0]
07-01 10:15:01.683  5429  5471 I BugleRcsEngine: No RCS Configuration was found in Bugle for simID: redacted-pii:sim_id[chars:20,last3:897] [CONTEXT log_prefix="ProvisioningEngineDataRetriever" thread_id=64 ]
07-01 10:15:01.683  1074  1202 D IpClient/wlan0: interfaceLinkStateChanged: ifindex 16 up
07-01 10:15:01.684  1331 24223 I NearbyMediums: Wifi changed new SSID: "AndroidWifi"
07-01 10:15:01.684  1331 24223 I NearbyMediums: WifiLanConnectivityInfo is not changed, skip notify.
07-01 10:15:01.690  3176  3192 I artd    : GetBestInfo: odex next to the dex file (/data/app/~~pUpe9D-hsv0lOCLmNQJGyA==/com.google.android.gms-a0e_AySruvvgbDhYG8Z6yQ==/oat/x86_64/base.odex) is kOatUpToDate with filter 'speed-profile' executable 'false'
07-01 10:15:01.691  1074  1202 D IpClient/wlan0: interfaceLinkStateChanged: ifindex 16 up
07-01 10:15:01.692  3176  3192 I artd    : GetBestInfo: dm (/data/app/~~pUpe9D-hsv0lOCLmNQJGyA==/com.google.android.gms-a0e_AySruvvgbDhYG8Z6yQ==/split_AdsDynamite_installtime.dm) is kOatUpToDate with filter 'verify' executable 'false'
07-01 10:15:01.693  3176  3192 I artd    : GetBestInfo: odex next to the dex file (/data/app/~~pUpe9D-hsv0lOCLmNQJGyA==/com.google.android.gms-a0e_AySruvvgbDhYG8Z6yQ==/oat/x86_64/split_CronetDynamite_installtime.odex) is kOatUpToDate with filter 'speed-profile' executable 'false'
07-01 10:15:01.694  3176  3192 I artd    : GetBestInfo: dm (/data/app/~~pUpe9D-hsv0lOCLmNQJGyA==/com.google.android.gms-a0e_AySruvvgbDhYG8Z6yQ==/split_DynamiteLoader_installtime.dm) is kOatUpToDate with filter 'verify' executable 'false'
07-01 10:15:01.695  3176  3192 I artd    : GetBestInfo: dm (/data/app/~~pUpe9D-hsv0lOCLmNQJGyA==/com.google.android.gms-a0e_AySruvvgbDhYG8Z6yQ==/split_DynamiteModulesA_installtime.dm) is kOatUpToDate with filter 'verify' executable 'false'
07-01 10:15:01.696  3176  3192 I artd    : GetBestInfo: dm (/data/app/~~pUpe9D-hsv0lOCLmNQJGyA==/com.google.android.gms-a0e_AySruvvgbDhYG8Z6yQ==/split_DynamiteModulesC_installtime.dm) is kOatUpToDate with filter 'verify' executable 'false'
07-01 10:15:01.697  3176  3192 I artd    : GetBestInfo: dm (/data/app/~~pUpe9D-hsv0lOCLmNQJGyA==/com.google.android.gms-a0e_AySruvvgbDhYG8Z6yQ==/split_GoogleCertificates_installtime.dm) is kOatUpToDate with filter 'verify' executable 'false'
07-01 10:15:01.698  3176  3192 I artd    : GetBestInfo: dm (/data/app/~~pUpe9D-hsv0lOCLmNQJGyA==/com.google.android.gms-a0e_AySruvvgbDhYG8Z6yQ==/split_MapsDynamite_installtime.dm) is kOatUpToDate with filter 'verify' executable 'false'
07-01 10:15:01.699  3176  3192 I artd    : GetBestInfo: dm (/data/app/~~pUpe9D-hsv0lOCLmNQJGyA==/com.google.android.gms-a0e_AySruvvgbDhYG8Z6yQ==/split_MeasurementDynamite_installtime.dm) is kOatUpToDate with filter 'verify' executable 'false'
07-01 10:15:01.700  3176  3192 I artd    : GetBestInfo: /data/user_de/0/com.google.android.gms/app_chimera/m/0000000e/dl-IdentityCredentialsPlatform.optional_262031100800.apk has no usable artifacts
07-01 10:15:01.701  3176  3192 I artd    : GetBestInfo: /data/user_de/0/com.google.android.gms/app_chimera/m/00000001/CronetDynamite.apk has no usable artifacts
07-01 10:15:01.702  3176  3192 I artd    : GetBestInfo: /data/user_de/0/com.google.android.gms/app_chimera/m/00000013/dl-TfliteDynamiteDynamite.integ_252130102100800.apk has no usable artifacts
07-01 10:15:01.703  3176  3192 I artd    : GetBestInfo: /data/user_de/0/com.google.android.gms/app_chimera/m/00000002/DynamiteLoader.apk has no usable artifacts
07-01 10:15:01.704  3176  3192 I artd    : GetBestInfo: /data/user_de/0/com.google.android.gms/app_chimera/m/0000000c/dl-IdentityCredentialsPlatform.optional_261136100800.apk has no usable artifacts
07-01 10:15:01.705  3176  3192 I artd    : GetBestInfo: /data/user_de/0/com.google.android.gms/app_chimera/m/00000005/GoogleCertificates.apk has no usable artifacts
07-01 10:15:01.706  3176  3192 I artd    : GetBestInfo: /data/user_de/0/com.google.android.gms/app_chimera/m/0000000a/dl-TfliteDynamiteDynamite.integ_260580502100800.apk has no usable artifacts
07-01 10:15:01.707  3176  3192 I artd    : GetBestInfo: /data/user_de/0/com.google.android.gms/app_chimera/m/00000016/dl-PlayCloudSearch.optional_262031100000.apk has no usable artifacts
07-01 10:15:01.708  3176  3192 I artd    : GetBestInfo: /data/user_de/0/com.google.android.gms/app_chimera/m/00000014/dl-MlkitOcrCommon.optional_262031100800.apk has no usable artifacts
07-01 10:15:01.709  3176  3192 I artd    : GetBestInfo: /data/user_de/0/com.google.android.gms/app_chimera/m/00000008/dl-VisionOcr.optional_261136100000.apk has no usable artifacts
07-01 10:15:01.710  3176  3192 I artd    : GetBestInfo: /data/user_de/0/com.google.android.gms/app_chimera/m/00000010/dl-Appsearch.optional_262031100800.apk has no usable artifacts
07-01 10:15:01.711  3176  3192 I artd    : GetBestInfo: /data/user_de/0/com.google.android.gms/app_chimera/m/0000000b/dl-Appsearch.optional_261136100800.apk has no usable artifacts
07-01 10:15:01.713  3176  3192 I artd    : GetBestInfo: vdex next to the dex file (/data/user/0/com.google.android.gms/app_dg_cache/9BCBC14EE674B00B958D4B0C5B4BD883630AA39E/oat/x86_64/the.vdex) is kOatUpToDate with filter 'verify' executable 'false'
07-01 10:15:01.714  3176  3192 I artd    : GetBestInfo: /data/user_de/0/com.google.android.gms/app_chimera/m/00000009/dl-MlkitOcrCommon.optional_261136100800.apk has no usable artifacts
07-01 10:15:01.715  3176  3192 I artd    : GetBestInfo: /data/user/0/com.google.android.gms/app_dg_cache/22DA9D7AD8ED7504E0CAC64C41ECDBD7068924E0/the.apk has no usable artifacts
07-01 10:15:01.717  3176  3192 I artd    : GetBestInfo: vdex next to the dex file (/data/user/0/com.google.android.gms/app_dg_cache/FEE57AEA14526BE59FD8AB1365237E7B7A5CE7CB/oat/x86_64/the.vdex) is kOatUpToDate with filter 'verify' executable 'false'
07-01 10:15:01.718  3176  3192 I artd    : GetBestInfo: vdex next to the dex file (/data/user/0/com.google.android.gms/app_dg_cache/1C62BDE86218FBAA50DF06C4A79F5C3FE74B69EC/oat/x86_64/the.vdex) is kOatUpToDate with filter 'verify' executable 'false'
07-01 10:15:01.719  3176  3192 I artd    : GetBestInfo: /data/user_de/0/com.google.android.gms/app_chimera/m/0000000f/dl-VisionOcr.optional_262031100000.apk has no usable artifacts
07-01 10:15:01.721  3176  3192 I artd    : GetBestInfo: /data/user_de/0/com.google.android.gms/app_chimera/m/00000015/dl-MlkitBarcodeUi.optional_262031100800.apk has no usable artifacts
07-01 10:15:01.722  3176  3192 I artd    : GetBestInfo: /data/user_de/0/com.google.android.gms/app_chimera/m/00000007/MeasurementDynamite.apk has no usable artifacts
07-01 10:15:02.178  1331  1331 I NearbySharing: Network state changed: NetworkState(isRestricted=false, isOnline=true, isCongested=false, isMetered=false, isWifiConnected=true)
07-01 10:15:04.684   692   860 I HalDevMgr: bestIfaceCreationProposal is null, requestIface=STA, existingIface=[name=wlan0 type=STA]
07-01 10:15:05.181 28264 28322 I WM-WorkerWrapper: Worker result SUCCESS for Work [ id=e14add0f-3639-4dc4-9f80-ed3a4d69128b, tags={ androidx.glance.session.SessionWorker } ]
07-01 10:15:05.188   587 19880 W libbinder.IPCThreadState: Sending oneway calls to frozen process.
07-01 10:15:05.189   587 16640 W libbinder.IPCThreadState: Sending oneway calls to frozen process.
07-01 10:15:05.235  1119  1246 D SatelliteController: isInCarrierRoamingNbIotNtn: satellite is disabled
07-01 10:15:05.235  1119  1246 D SatelliteController: getCarrierRoamingNtnConnectType: Checking connect type from PLMN config for subId: 1
07-01 10:15:05.235  1119  1246 D TelephonyConfigUpdateInstallReceiver: getConfigParser: domain=satellite
07-01 10:15:05.235  1119  1246 V SatelliteController: satelliteConfigParser is not ready
07-01 10:15:05.235  1119  1246 D SatelliteController: isSatelliteAttachSupportedViaConfigupdater: return null (satelliteConfig is null)
07-01 10:15:05.235  1119  1246 D SatelliteController: getSatellitePerPlmnConfiguration: invalid subId or not supported via carrier.
07-01 10:15:05.235  1119  1246 D SatelliteController: getCarrierRoamingNtnConnectType: config: null
07-01 10:15:05.235  1119  1246 D TelephonyConfigUpdateInstallReceiver: getConfigParser: domain=satellite
07-01 10:15:05.235  1119  1246 V SatelliteController: satelliteConfigParser is not ready
07-01 10:15:05.235  1119  1246 D SatelliteController: getCarrierRoamingNtnConnectTypeViaConfigUpdater: return null (satelliteConfig is null)
07-01 10:15:05.236  1119  1246 D SatelliteController: getCarrierRoamingNtnConnectType: Falling back to global carrier config connect type: 0
07-01 10:15:05.236  1119  1246 D TelephonyConfigUpdateInstallReceiver: getConfigParser: domain=satellite
07-01 10:15:05.236  1119  1246 V SatelliteController: satelliteConfigParser is not ready
07-01 10:15:05.236  1119  1246 D SatelliteController: isSatelliteAttachSupportedViaConfigupdater: return null (satelliteConfig is null)
07-01 10:15:05.236  1119  1246 D SatelliteController: getCarrierRoamingNtnConnectType: Checking connect type from PLMN config for subId: 1
07-01 10:15:05.236  1119  1246 D TelephonyConfigUpdateInstallReceiver: getConfigParser: domain=satellite
07-01 10:15:05.236  1119  1246 V SatelliteController: satelliteConfigParser is not ready
07-01 10:15:05.236  1119  1246 D SatelliteController: isSatelliteAttachSupportedViaConfigupdater: return null (satelliteConfig is null)
07-01 10:15:05.236  1119  1246 D SatelliteController: getSatellitePerPlmnConfiguration: invalid subId or not supported via carrier.
07-01 10:15:05.236  1119  1246 D SatelliteController: getCarrierRoamingNtnConnectType: config: null
07-01 10:15:05.236  1119  1246 D TelephonyConfigUpdateInstallReceiver: getConfigParser: domain=satellite
07-01 10:15:05.236  1119  1246 V SatelliteController: satelliteConfigParser is not ready
07-01 10:15:05.236  1119  1246 D SatelliteController: getCarrierRoamingNtnConnectTypeViaConfigUpdater: return null (satelliteConfig is null)
07-01 10:15:05.236  1119  1246 D SatelliteController: getCarrierRoamingNtnConnectType: Falling back to global carrier config connect type: 0
07-01 10:15:05.236  1119  1246 D TelephonyConfigUpdateInstallReceiver: getConfigParser: domain=satellite
07-01 10:15:05.236  1119  1246 V SatelliteController: satelliteConfigParser is not ready
07-01 10:15:05.236  1119  1246 D SatelliteController: isSatelliteAttachSupportedViaConfigupdater: return null (satelliteConfig is null)
07-01 10:15:07.686   954   954 I wpa_supplicant: wlan0: CTRL-EVENT-BEACON-LOSS 
07-01 10:15:07.688   692   860 I HalDevMgr: bestIfaceCreationProposal is null, requestIface=STA, existingIface=[name=wlan0 type=STA]
07-01 10:15:09.960   590   769 D installd: Device /data has 396976128 free; requested 622811544; needed 225835416
07-01 10:15:09.960   590   769 W installd: Failed to find storage mount for /data/media
07-01 10:15:09.964   590   769 D installd: Active ratio 3561 isn't over quota, and defy not requested
07-01 10:15:09.964   590   769 E installd: Failed to free up 622811544 on /data; final free space 396976128: Success
07-01 10:15:09.964   692   879 I SharedLibrariesImpl: Start pruneUnusedStaticSharedLibraries for neededSpace: 622811544 maxCachePeriod: 7200000
07-01 10:15:09.964   692   879 I SharedLibrariesImpl: pruning candidate: lib=com.google.android.trichromelibrary version=782711438 pkg=com.google.android.trichromelibrary_782711438
07-01 10:15:09.964   692   879 I SharedLibrariesImpl: attempting to delete: com.google.android.trichromelibrary_782711438
07-01 10:15:09.964   692   879 W PackageManager: Not removing package com.google.android.trichromelibrary hosting lib com.google.android.trichromelibrary version 782711438 used by [VersionedPackage[com.android.chrome/782711438]] for user 0
07-01 10:15:09.965   590   590 D installd: Device /data has 396976128 free; requested 622811544; needed 225835416
07-01 10:15:09.965   590   590 W installd: Failed to find storage mount for /data/media
07-01 10:15:09.968   590   590 D installd: Purging /data/data/com.aiquota.mobile/cache/data/user/0/com.aiquota.mobile/no_backup/androidx.work.workdb.lck size=4096 mod=1782900859 from UID=10233 used=2482176 quota=39901683 ratio=622
07-01 10:15:09.968   590   590 D installd: Purging /data/data/com.aiquota.mobile/cache/data/user/0/com.aiquota.mobile/no_backup size=8192 mod=1782900859 from UID=10233 used=2478080 quota=39901683 ratio=621
07-01 10:15:09.969   590   590 D installd: Purging /data/data/com.aiquota.mobile/cache/data/user/0/com.aiquota.mobile size=8192 mod=1782900859 from UID=10233 used=2469888 quota=39901683 ratio=618
07-01 10:15:09.969   590   590 D installd: Purging /data/data/com.aiquota.mobile/cache/data/user/0 size=8192 mod=1782900859 from UID=10233 used=2461696 quota=39901683 ratio=616
07-01 10:15:09.969   590   590 D installd: Purging /data/data/com.aiquota.mobile/cache/data/user size=8192 mod=1782900859 from UID=10233 used=2453504 quota=39901683 ratio=614
07-01 10:15:09.969   590   590 D installd: Purging /data/data/com.aiquota.mobile/cache/data size=8192 mod=1782900859 from UID=10233 used=2445312 quota=39901683 ratio=612
07-01 10:15:09.969   590   590 D installd: Purging /data/data/com.aiquota.mobile/cache/WebView/Default/HTTP Cache/Code Cache/wasm/index-dir/the-real-index size=8192 mod=1782900868 from UID=10233 used=2437120 quota=39901683 ratio=610
07-01 10:15:09.969   590   590 D installd: Purging /data/data/com.aiquota.mobile/cache/WebView/Default/HTTP Cache/Code Cache/wasm/index size=8192 mod=1782900868 from UID=10233 used=2428928 quota=39901683 ratio=608
07-01 10:15:09.969   590   590 D installd: Purging /data/data/com.aiquota.mobile/cache/WebView/Default/HTTP Cache/Code Cache/js/index size=8192 mod=1782900868 from UID=10233 used=2420736 quota=39901683 ratio=606
07-01 10:15:09.969   590   590 D installd: Purging /data/data/com.aiquota.mobile/cache/WebView/Default/HTTP Cache/Code Cache/wasm/index-dir size=8192 mod=1782900868 from UID=10233 used=2412544 quota=39901683 ratio=604
07-01 10:15:09.969   590   590 D installd: Purging /data/data/com.aiquota.mobile/cache/WebView/Default/HTTP Cache/Code Cache/wasm size=8192 mod=1782900868 from UID=10233 used=2404352 quota=39901683 ratio=602
07-01 10:15:09.969   590   590 D installd: Purging /data/data/com.aiquota.mobile/cache/Crash Reports/ANR Variations/b20f63eeb2c1410df415cfbcb15a768d size=8192 mod=1782900868 from UID=10233 used=2396160 quota=39901683 ratio=600
07-01 10:15:09.969   590   590 D installd: Purging /data/data/com.aiquota.mobile/cache/WebView/Crashpad/new size=8192 mod=1782900868 from UID=10233 used=2387968 quota=39901683 ratio=598
07-01 10:15:09.969   590   590 D installd: Purging /data/data/com.aiquota.mobile/cache/WebView/Crashpad/pending size=8192 mod=1782900868 from UID=10233 used=2379776 quota=39901683 ratio=596
07-01 10:15:09.969   590   590 D installd: Purging /data/data/com.aiquota.mobile/cache/WebView/Crashpad/completed size=8192 mod=1782900868 from UID=10233 used=2371584 quota=39901683 ratio=594
07-01 10:15:09.969   590   590 D installd: Purging /data/data/com.aiquota.mobile/cache/WebView/Crashpad/attachments size=8192 mod=1782900868 from UID=10233 used=2363392 quota=39901683 ratio=592
07-01 10:15:09.969   590   590 D installd: Purging /data/data/com.aiquota.mobile/cache/WebView/font_unique_name_table.pb size=28672 mod=1782900868 from UID=10233 used=2355200 quota=39901683 ratio=590
07-01 10:15:09.969   590   590 D installd: Purging /data/data/com.aiquota.mobile/cache/WebView/Crashpad size=8192 mod=1782900868 from UID=10233 used=2326528 quota=39901683 ratio=583
07-01 10:15:09.969   590   590 D installd: Purging /data/data/com.aiquota.mobile/cache/WebView/SafeBrowsing size=8192 mod=1782900868 from UID=10233 used=2318336 quota=39901683 ratio=581
07-01 10:15:09.969   590   590 D installd: Purging /data/data/com.aiquota.mobile/cache/Crash Reports/ANR Variations size=8192 mod=1782900868 from UID=10233 used=2310144 quota=39901683 ratio=578
07-01 10:15:09.969   590   590 D installd: Purging /data/data/com.aiquota.mobile/cache/Crash Reports size=8192 mod=1782900868 from UID=10233 used=2301952 quota=39901683 ratio=576
07-01 10:15:09.969   590   590 D installd: Purging /data/data/com.aiquota.mobile/cache/WebView/Default/HTTP Cache/No_Vary_Search/snapshot.baf size=8192 mod=1782900869 from UID=10233 used=2293760 quota=39901683 ratio=574
07-01 10:15:09.969   590   590 D installd: Purging /data/data/com.aiquota.mobile/cache/WebView/Default/HTTP Cache/No_Vary_Search/journal.baj size=8192 mod=1782900869 from UID=10233 used=2285568 quota=39901683 ratio=572
07-01 10:15:09.969   590   590 D installd: Purging /data/data/com.aiquota.mobile/cache/WebView/Default/HTTP Cache/Cache_Data/index size=8192 mod=1782900869 from UID=10233 used=2277376 quota=39901683 ratio=570
07-01 10:15:09.969   590   590 D installd: Purging /data/data/com.aiquota.mobile/cache/WebView/Default/HTTP Cache/No_Vary_Search size=8192 mod=1782900869 from UID=10233 used=2269184 quota=39901683 ratio=568
07-01 10:15:09.969   590   590 D installd: Purging /data/data/com.aiquota.mobile/cache/WebView/Crash Reports size=8192 mod=1782900869 from UID=10233 used=2260992 quota=39901683 ratio=566
07-01 10:15:09.969   590   590 D installd: Purging /data/data/com.aiquota.mobile/cache/WebView/Default/HTTP Cache/Cache_Data/bd76c945f9269ca7_0 size=192512 mod=1782900870 from UID=10233 used=2252800 quota=39901683 ratio=564
07-01 10:15:09.969   590   590 D installd: Purging /data/data/com.aiquota.mobile/cache/WebView/Default/HTTP Cache/Cache_Data/5e87285ba0c2bd8d_0 size=12288 mod=1782900870 from UID=10233 used=2060288 quota=39901683 ratio=516
07-01 10:15:09.969   590   590 D installd: Purging /data/data/com.aiquota.mobile/cache/WebView/Default/HTTP Cache/Cache_Data/1520690dc010b4a1_0 size=12288 mod=1782900870 from UID=10233 used=2048000 quota=39901683 ratio=513
07-01 10:15:09.969   590   590 D installd: Purging /data/data/com.aiquota.mobile/cache/WebView/Default/HTTP Cache/Cache_Data/6b9ad35afca6ace7_0 size=12288 mod=1782900870 from UID=10233 used=2035712 quota=39901683 ratio=510
07-01 10:15:09.969   590   590 D installd: Purging /data/data/com.aiquota.mobile/cache/WebView/Default/HTTP Cache/Cache_Data/f6377b049f2418b3_0 size=32768 mod=1782900870 from UID=10233 used=2023424 quota=39901683 ratio=507
07-01 10:15:09.969   590   590 D installd: Purging /data/data/com.aiquota.mobile/cache/WebView/Default/HTTP Cache/Cache_Data/82f25e100ff1c21f_0 size=12288 mod=1782900870 from UID=10233 used=1990656 quota=39901683 ratio=498
07-01 10:15:09.969   590   590 D installd: Purging /data/data/com.aiquota.mobile/cache/WebView/Default/HTTP Cache/Cache_Data/e7490c1059b04b7a_0 size=12288 mod=1782900870 from UID=10233 used=1978368 quota=39901683 ratio=495
07-01 10:15:09.969   590   590 D installd: Purging /data/data/com.aiquota.mobile/cache/WebView/Default/HTTP Cache/Cache_Data/65b834c352f29de7_0 size=45056 mod=1782900870 from UID=10233 used=1966080 quota=39901683 ratio=492
07-01 10:15:09.969   590   590 D installd: Purging /data/data/com.aiquota.mobile/cache/WebView/Default/HTTP Cache/Cache_Data/04f04dd049c3f179_0 size=81920 mod=1782900870 from UID=10233 used=1921024 quota=39901683 ratio=481
07-01 10:15:09.969   590   590 D installd: Purging /data/data/com.aiquota.mobile/cache/WebView/Default/HTTP Cache/Cache_Data/5e5f6c9bd93acacb_0 size=32768 mod=1782900870 from UID=10233 used=1839104 quota=39901683 ratio=460
07-01 10:15:09.969   590   590 D installd: Purging /data/data/com.aiquota.mobile/cache/WebView/Default/HTTP Cache/Code Cache/js/83ae7bf890d43521_0 size=8192 mod=1782900871 from UID=10233 used=1806336 quota=39901683 ratio=452
07-01 10:15:09.969   590   590 D installd: Purging /data/data/com.aiquota.mobile/cache/WebView/Default/HTTP Cache/Code Cache/js/fb331bdb6e7bbdba_0 size=8192 mod=1782900871 from UID=10233 used=1798144 quota=39901683 ratio=450
07-01 10:15:09.969   590   590 D installd: Purging /data/data/com.aiquota.mobile/cache/WebView/Default/HTTP Cache/Code Cache/js/d6d3424eca304af8_0 size=8192 mod=1782900871 from UID=10233 used=1789952 quota=39901683 ratio=448
07-01 10:15:09.969   590   590 D installd: Purging /data/data/com.aiquota.mobile/cache/WebView/Default/HTTP Cache/Code Cache/js/3cf33876caa8fb41_0 size=8192 mod=1782900871 from UID=10233 used=1781760 quota=39901683 ratio=446
07-01 10:15:09.969   590   590 D installd: Purging /data/data/com.aiquota.mobile/cache/WebView/Default/HTTP Cache/Code Cache/js/460a743a21f2c9fa_0 size=8192 mod=1782900871 from UID=10233 used=1773568 quota=39901683 ratio=444
07-01 10:15:09.969   590   590 D installd: Purging /data/data/com.aiquota.mobile/cache/WebView/Default/HTTP Cache/Code Cache/js/9798a803c2cb288d_0 size=8192 mod=1782900871 from UID=10233 used=1765376 quota=39901683 ratio=442
07-01 10:15:09.969   590   590 D installd: Purging /data/data/com.aiquota.mobile/cache/WebView/Default/HTTP Cache/Code Cache/js/e1dfd5818ae8fde4_0 size=8192 mod=1782900871 from UID=10233 used=1757184 quota=39901683 ratio=440
07-01 10:15:09.970   590   590 D installd: Purging /data/data/com.aiquota.mobile/cache/WebView/Default/HTTP Cache/Code Cache/js/4aaa5c2d688cdb40_0 size=8192 mod=1782900871 from UID=10233 used=1748992 quota=39901683 ratio=438
07-01 10:15:09.970   590   590 D installd: Purging /data/data/com.aiquota.mobile/cache/WebView/Default/HTTP Cache/Code Cache/js/f90d7d4eb2ae2b15_0 size=8192 mod=1782900871 from UID=10233 used=1740800 quota=39901683 ratio=436
07-01 10:15:09.970   590   590 D installd: Purging /data/data/com.aiquota.mobile/cache/WebView/Default/HTTP Cache/Code Cache/js/ebf58740b7fd2f09_0 size=8192 mod=1782900871 from UID=10233 used=1732608 quota=39901683 ratio=434
07-01 10:15:09.970   590   590 D installd: Purging /data/data/com.aiquota.mobile/cache/WebView/Default/HTTP Cache/Code Cache/js/8daa938455e9e32f_0 size=8192 mod=1782900871 from UID=10233 used=1724416 quota=39901683 ratio=432
07-01 10:15:09.970   590   590 D installd: Purging /data/data/com.aiquota.mobile/cache/WebView/Default/HTTP Cache/Code Cache/js/ef4608bfd7d09b04_0 size=8192 mod=1782900871 from UID=10233 used=1716224 quota=39901683 ratio=430
07-01 10:15:09.970   590   590 D installd: Purging /data/data/com.aiquota.mobile/cache/WebView/Default/HTTP Cache/Code Cache/js/9d6e81a21ea0f97f_0 size=8192 mod=1782900871 from UID=10233 used=1708032 quota=39901683 ratio=428
07-01 10:15:09.970   590   590 D installd: Purging /data/data/com.aiquota.mobile/cache/WebView/Default/HTTP Cache/Code Cache/js/c64b1e64205c319a_0 size=8192 mod=1782900871 from UID=10233 used=1699840 quota=39901683 ratio=426
07-01 10:15:09.970   590   590 D installd: Purging /data/data/com.aiquota.mobile/cache/WebView/Default/HTTP Cache/Code Cache/js/f456f34c72c98979_0 size=8192 mod=1782900871 from UID=10233 used=1691648 quota=39901683 ratio=423
07-01 10:15:09.970   590   590 D installd: Purging /data/data/com.aiquota.mobile/cache/WebView/Default/HTTP Cache/Code Cache/js/b35ccbe9fe275f66_0 size=8192 mod=1782900871 from UID=10233 used=1683456 quota=39901683 ratio=421
07-01 10:15:09.970   590   590 D installd: Purging /data/data/com.aiquota.mobile/cache/WebView/Default/HTTP Cache/Code Cache/js/8944e05b044d9785_0 size=8192 mod=1782900871 from UID=10233 used=1675264 quota=39901683 ratio=419
07-01 10:15:09.970   590   590 D installd: Purging /data/data/com.aiquota.mobile/cache/WebView/Default/HTTP Cache/Code Cache/js/f08e1d8937e76dd6_0 size=8192 mod=1782900871 from UID=10233 used=1667072 quota=39901683 ratio=417
07-01 10:15:09.970   590   590 D installd: Purging /data/data/com.aiquota.mobile/cache/WebView/Default/HTTP Cache/Code Cache/js/54179f464d159fec_0 size=8192 mod=1782900871 from UID=10233 used=1658880 quota=39901683 ratio=415
07-01 10:15:09.970   590   590 D installd: Purging /data/data/com.aiquota.mobile/cache/WebView/Default/HTTP Cache/Code Cache/js/6550f4f9112b7e60_0 size=8192 mod=1782900871 from UID=10233 used=1650688 quota=39901683 ratio=413
07-01 10:15:09.970   590   590 D installd: Purging /data/data/com.aiquota.mobile/cache/WebView/Default/HTTP Cache/Code Cache/js/bf4b567d5ff6d297_0 size=8192 mod=1782900871 from UID=10233 used=1642496 quota=39901683 ratio=411
07-01 10:15:09.970   590   590 D installd: Purging /data/data/com.aiquota.mobile/cache/WebView/Default/HTTP Cache/Code Cache/js/cb6cb6fa7a35c38c_0 size=8192 mod=1782900871 from UID=10233 used=1634304 quota=39901683 ratio=409
07-01 10:15:09.970   590   590 D installd: Purging /data/data/com.aiquota.mobile/cache/WebView/Default/HTTP Cache/Code Cache/js/b0179508c526bc70_0 size=8192 mod=1782900871 from UID=10233 used=1626112 quota=39901683 ratio=407
07-01 10:15:09.970   590   590 D installd: Purging /data/data/com.aiquota.mobile/cache/WebView/Default/HTTP Cache/Code Cache/js/f5202a2795b3ee43_0 size=8192 mod=1782900871 from UID=10233 used=1617920 quota=39901683 ratio=405
07-01 10:15:09.970   590   590 D installd: Purging /data/data/com.aiquota.mobile/cache/WebView/Default/HTTP Cache/Code Cache/js/6918841d7fdc83ad_0 size=8192 mod=1782900871 from UID=10233 used=1609728 quota=39901683 ratio=403
07-01 10:15:09.970   590   590 D installd: Purging /data/data/com.aiquota.mobile/cache/WebView/Default/HTTP Cache/Code Cache/js/121997a3fe8fe1cd_0 size=8192 mod=1782900871 from UID=10233 used=1601536 quota=39901683 ratio=401
07-01 10:15:09.970   590   590 D installd: Purging /data/data/com.aiquota.mobile/cache/WebView/Default/HTTP Cache/Code Cache/js/be7a57ff68552c8d_0 size=8192 mod=1782900871 from UID=10233 used=1593344 quota=39901683 ratio=399
07-01 10:15:09.970   590   590 D installd: Purging /data/data/com.aiquota.mobile/cache/WebView/Default/HTTP Cache/Code Cache/js/b406fed5ea618c9a_0 size=8192 mod=1782900871 from UID=10233 used=1585152 quota=39901683 ratio=397
07-01 10:15:09.970   590   590 D installd: Purging /data/data/com.aiquota.mobile/cache/WebView/Default/HTTP Cache/Code Cache/js/add2fb7b31bb47fd_0 size=8192 mod=1782900871 from UID=10233 used=1576960 quota=39901683 ratio=395
07-01 10:15:09.970   590   590 D installd: Purging /data/data/com.aiquota.mobile/cache/WebView/Default/HTTP Cache/Code Cache/js/32b22b96d38b0ed7_0 size=8192 mod=1782900871 from UID=10233 used=1568768 quota=39901683 ratio=393
07-01 10:15:09.970   590   590 D installd: Purging /data/data/com.aiquota.mobile/cache/WebView/Default/HTTP Cache/Code Cache/js/8473fb0319aa7700_0 size=8192 mod=1782900871 from UID=10233 used=1560576 quota=39901683 ratio=391
07-01 10:15:09.970   590   590 D installd: Purging /data/data/com.aiquota.mobile/cache/WebView/Default/HTTP Cache/Cache_Data/32a915aa0bba39f1_0 size=12288 mod=1782900871 from UID=10233 used=1552384 quota=39901683 ratio=389
07-01 10:15:09.970   590   590 D installd: Purging /data/data/com.aiquota.mobile/cache/WebView/Default/HTTP Cache/Cache_Data/7a0bfa136a71fa1a_0 size=45056 mod=1782900871 from UID=10233 used=1540096 quota=39901683 ratio=385
07-01 10:15:09.970   590   590 D installd: Purging /data/data/com.aiquota.mobile/cache/WebView/Default/HTTP Cache/Cache_Data/3106ac03fbc2dac4_0 size=20480 mod=1782900871 from UID=10233 used=1495040 quota=39901683 ratio=374
07-01 10:15:09.970   590   590 D installd: Purging /data/data/com.aiquota.mobile/cache/WebView/Default/HTTP Cache/Cache_Data/8cf8a015441d4deb_0 size=16384 mod=1782900871 from UID=10233 used=1474560 quota=39901683 ratio=369
07-01 10:15:09.970   590   590 D installd: Purging /data/data/com.aiquota.mobile/cache/WebView/Default/HTTP Cache/Cache_Data/05efe4081ef98dba_0 size=24576 mod=1782900871 from UID=10233 used=1458176 quota=39901683 ratio=365
07-01 10:15:09.970   590   590 D installd: Purging /data/data/com.aiquota.mobile/cache/WebView/Default/HTTP Cache/Cache_Data/e466d0b1673f8a27_0 size=20480 mod=1782900871 from UID=10233 used=1433600 quota=39901683 ratio=359
07-01 10:15:09.970   590   590 D installd: Purging /data/data/com.aiquota.mobile/cache/WebView/Default/HTTP Cache/Cache_Data/57180cb7502a3239_0 size=20480 mod=1782900871 from UID=10233 used=1413120 quota=39901683 ratio=354
07-01 10:15:09.970   590   590 D installd: Purging /data/data/com.aiquota.mobile/cache/WebView/Default/HTTP Cache/Cache_Data/2be707c4bbffedee_0 size=16384 mod=1782900871 from UID=10233 used=1392640 quota=39901683 ratio=349
07-01 10:15:09.970   590   590 D installd: Purging /data/data/com.aiquota.mobile/cache/WebView/Default/HTTP Cache/Cache_Data/46c28bec6563d6ba_0 size=32768 mod=1782900871 from UID=10233 used=1376256 quota=39901683 ratio=344
07-01 10:15:09.970   590   590 D installd: Purging /data/data/com.aiquota.mobile/cache/WebView/Default/HTTP Cache/Cache_Data/e6cd977ae549ccc9_0 size=16384 mod=1782900871 from UID=10233 used=1343488 quota=39901683 ratio=336
07-01 10:15:09.970   590   590 D installd: Purging /data/data/com.aiquota.mobile/cache/WebView/Default/HTTP Cache/Cache_Data/f6a808c58170a310_0 size=49152 mod=1782900871 from UID=10233 used=1327104 quota=39901683 ratio=332
07-01 10:15:09.970   590   590 D installd: Purging /data/data/com.aiquota.mobile/cache/WebView/Default/HTTP Cache/Cache_Data/f1993c7ff6bdd322_0 size=16384 mod=1782900871 from UID=10233 used=1277952 quota=39901683 ratio=320
07-01 10:15:09.970   590   590 D installd: Purging /data/data/com.aiquota.mobile/cache/WebView/Default/HTTP Cache/Cache_Data/e07cd6affd989bf4_0 size=16384 mod=1782900871 from UID=10233 used=1261568 quota=39901683 ratio=316
07-01 10:15:09.970   590   590 D installd: Purging /data/data/com.aiquota.mobile/cache/WebView/Default/HTTP Cache/Cache_Data/40be297bc8b76c42_0 size=20480 mod=1782900871 from UID=10233 used=1245184 quota=39901683 ratio=312
07-01 10:15:09.970   590   590 D installd: Purging /data/data/com.aiquota.mobile/cache/WebView/Default/HTTP Cache/Cache_Data/ad67fd8076099a31_0 size=16384 mod=1782900871 from UID=10233 used=1224704 quota=39901683 ratio=306
07-01 10:15:09.970   590   590 D installd: Purging /data/data/com.aiquota.mobile/cache/WebView/Default/HTTP Cache/Cache_Data/ed68dc53e6f115cd_0 size=20480 mod=1782900871 from UID=10233 used=1208320 quota=39901683 ratio=302
07-01 10:15:09.970   590   590 D installd: Purging /data/data/com.aiquota.mobile/cache/WebView/Default/HTTP Cache/Cache_Data/eeb5fd65e78bcb62_0 size=16384 mod=1782900871 from UID=10233 used=1187840 quota=39901683 ratio=297
07-01 10:15:09.970   590   590 D installd: Purging /data/data/com.aiquota.mobile/cache/WebView/Default/HTTP Cache/Cache_Data/70dc1fc3f6f323d2_0 size=20480 mod=1782900871 from UID=10233 used=1171456 quota=39901683 ratio=293
07-01 10:15:09.970   590   590 D installd: Purging /data/data/com.aiquota.mobile/cache/WebView/Default/HTTP Cache/Cache_Data/9ac64466734c9544_0 size=20480 mod=1782900871 from UID=10233 used=1150976 quota=39901683 ratio=288
07-01 10:15:09.971   590   590 D installd: Purging /data/data/com.aiquota.mobile/cache/WebView/Default/HTTP Cache/Cache_Data/990fe8de119c3b93_0 size=16384 mod=1782900871 from UID=10233 used=1130496 quota=39901683 ratio=283
07-01 10:15:09.971   590   590 D installd: Purging /data/data/com.aiquota.mobile/cache/WebView/Default/HTTP Cache/Cache_Data/8b30b65e75f8d366_0 size=20480 mod=1782900871 from UID=10233 used=1114112 quota=39901683 ratio=279
07-01 10:15:09.971   590   590 D installd: Purging /data/data/com.aiquota.mobile/cache/WebView/Default/HTTP Cache/Cache_Data/516313de8f5f03f2_0 size=16384 mod=1782900871 from UID=10233 used=1093632 quota=39901683 ratio=274
07-01 10:15:09.971   590   590 D installd: Purging /data/data/com.aiquota.mobile/cache/WebView/Default/HTTP Cache/Cache_Data/ad96fe719786a6dc_0 size=20480 mod=1782900871 from UID=10233 used=1077248 quota=39901683 ratio=269
07-01 10:15:09.971   590   590 D installd: Purging /data/data/com.aiquota.mobile/cache/WebView/Default/HTTP Cache/Cache_Data/05b809c5bd859aa8_0 size=12288 mod=1782900871 from UID=10233 used=1056768 quota=39901683 ratio=264
07-01 10:15:09.971   590   590 D installd: Purging /data/data/com.aiquota.mobile/cache/WebView/Default/HTTP Cache/Cache_Data/3aaaa19cf3928e13_0 size=16384 mod=1782900871 from UID=10233 used=1044480 quota=39901683 ratio=261
07-01 10:15:09.971   590   590 D installd: Purging /data/data/com.aiquota.mobile/cache/WebView/Default/HTTP Cache/Cache_Data/d9d9420d408cf474_0 size=28672 mod=1782900871 from UID=10233 used=1028096 quota=39901683 ratio=257
07-01 10:15:09.971   590   590 D installd: Purging /data/data/com.aiquota.mobile/cache/WebView/Default/HTTP Cache/Cache_Data/247fed145a9f026a_0 size=57344 mod=1782900871 from UID=10233 used=999424 quota=39901683 ratio=250
07-01 10:15:09.971   590   590 D installd: Purging /data/data/com.aiquota.mobile/cache/WebView/Default/HTTP Cache/Cache_Data/f4ac797ced639b8a_0 size=53248 mod=1782900871 from UID=10233 used=942080 quota=39901683 ratio=236
07-01 10:15:09.972   590   590 D installd: Purging /data/data/com.aiquota.mobile/cache/WebView/Default/HTTP Cache/Cache_Data/dba1dbf0c3bb7ce9_0 size=49152 mod=1782900871 from UID=10233 used=888832 quota=39901683 ratio=222
07-01 10:15:09.972   590   590 D installd: Purging /data/data/com.aiquota.mobile/cache/WebView/Default/HTTP Cache/Cache_Data/23fa1ef02a993778_0 size=12288 mod=1782900871 from UID=10233 used=839680 quota=39901683 ratio=210
07-01 10:15:09.972   590   590 D installd: Purging /data/data/com.aiquota.mobile/cache/WebView/Default/HTTP Cache/Cache_Data/9252b8df31d5ffe8_0 size=12288 mod=1782900871 from UID=10233 used=827392 quota=39901683 ratio=207
07-01 10:15:09.972   590   590 D installd: Purging /data/data/com.aiquota.mobile/cache/WebView/Default/HTTP Cache/Cache_Data/5f683d723acffd14_0 size=12288 mod=1782900871 from UID=10233 used=815104 quota=39901683 ratio=204
07-01 10:15:09.972   590   590 D installd: Purging /data/data/com.aiquota.mobile/cache/WebView/Default/HTTP Cache/Cache_Data/2e58ff43302f111d_0 size=57344 mod=1782900871 from UID=10233 used=802816 quota=39901683 ratio=201
07-01 10:15:09.972   590   590 D installd: Purging /data/data/com.aiquota.mobile/cache/WebView/Default/HTTP Cache/Cache_Data/393cd2931c9c960e_0 size=65536 mod=1782900871 from UID=10233 used=745472 quota=39901683 ratio=186
07-01 10:15:09.972   590   590 D installd: Purging /data/data/com.aiquota.mobile/cache/WebView/Default/HTTP Cache/Cache_Data/4ba94e55fc87b068_0 size=81920 mod=1782900871 from UID=10233 used=679936 quota=39901683 ratio=170
07-01 10:15:09.972   590   590 D installd: Purging /data/data/com.aiquota.mobile/cache/WebView/Default/HTTP Cache/Cache_Data/f8f4672e6c911e59_0 size=81920 mod=1782900871 from UID=10233 used=598016 quota=39901683 ratio=149
07-01 10:15:09.973   590   590 D installd: Purging /data/data/com.android.vending/cache/logs/com.google.hyunmin.kang27%40gmail.com.metalog/logs_upload_attempt.log size=8192 mod=1782900859 from UID=10153 used=192512 quota=14607895 ratio=131
07-01 10:15:09.973   590   590 D installd: Purging /data/data/com.aiquota.mobile/cache/WebView/Default/HTTP Cache/Code Cache/js/ad5e8df37288d212_0 size=8192 mod=1782900872 from UID=10233 used=516096 quota=39901683 ratio=129
07-01 10:15:09.973   590   590 D installd: Purging /data/data/com.aiquota.mobile/cache/WebView/Default/HTTP Cache/Code Cache/js/3d104a6018be984f_0 size=8192 mod=1782900872 from UID=10233 used=507904 quota=39901683 ratio=127
07-01 10:15:09.973   590   590 D installd: Purging /data/data/com.android.vending/cache/logs/com.google.hyunmin.kang27%40gmail.com.metalog/play_metalog.log size=8192 mod=1782900859 from UID=10153 used=184320 quota=14607895 ratio=126
07-01 10:15:09.973   590   590 D installd: Purging /data/data/com.aiquota.mobile/cache/WebView/Default/HTTP Cache/Code Cache/js/861f0be4ba6e6bbf_0 size=8192 mod=1782900872 from UID=10233 used=499712 quota=39901683 ratio=125
07-01 10:15:09.973   590   590 D installd: Purging /data/data/com.aiquota.mobile/cache/WebView/Default/HTTP Cache/Code Cache/js/1b81b1603d52a110_0 size=8192 mod=1782900872 from UID=10233 used=491520 quota=39901683 ratio=123
07-01 10:15:09.973   590   590 D installd: Purging /data/data/com.aiquota.mobile/cache/WebView/Default/HTTP Cache/Code Cache/js/dab3056fad6cde00_0 size=8192 mod=1782900872 from UID=10233 used=483328 quota=39901683 ratio=121
07-01 10:15:09.973   590   590 D installd: Purging /data/data/com.android.vending/cache/logs/com.google.hyunmin.kang27%40gmail.com.metalog size=8192 mod=1782900859 from UID=10153 used=176128 quota=14607895 ratio=120
07-01 10:15:09.973   590   590 D installd: Purging /data/data/com.aiquota.mobile/cache/WebView/Default/HTTP Cache/Code Cache/js/07eed86082ca33a0_0 size=8192 mod=1782900872 from UID=10233 used=475136 quota=39901683 ratio=119
07-01 10:15:09.973   590   590 D installd: Purging /data/data/com.aiquota.mobile/cache/WebView/Default/HTTP Cache/Code Cache/js/e5341db117c11344_0 size=8192 mod=1782900872 from UID=10233 used=466944 quota=39901683 ratio=117
07-01 10:15:09.973   590   590 D installd: Purging /data/data/com.aiquota.mobile/cache/WebView/Default/HTTP Cache/Code Cache/js/8d4b7513e9e8dc94_0 size=8192 mod=1782900872 from UID=10233 used=458752 quota=39901683 ratio=114
07-01 10:15:09.973   590   590 D installd: Purging /data/data/com.android.vending/cache/logs size=8192 mod=1782900859 from UID=10153 used=167936 quota=14607895 ratio=114
07-01 10:15:09.973   590   590 D installd: Purging /data/data/com.aiquota.mobile/cache/WebView/Default/HTTP Cache/Code Cache/js/1c7da15daaf216fa_0 size=8192 mod=1782900872 from UID=10233 used=450560 quota=39901683 ratio=112
07-01 10:15:09.973   590   590 D installd: Purging /data/data/com.aiquota.mobile/cache/WebView/Default/HTTP Cache/Code Cache/js/c7ee28e10fe30d96_0 size=8192 mod=1782900872 from UID=10233 used=442368 quota=39901683 ratio=110
07-01 10:15:09.973   590   590 D installd: Purging /data/data/com.android.vending/cache/store_app_usage_logs_background/com.google.hyunmin.kang27%40gmail.com.metalog/logs_upload_attempt.log size=4096 mod=1782900860 from UID=10153 used=159744 quota=14607895 ratio=109
07-01 10:15:09.973   590   590 D installd: Purging /data/data/com.aiquota.mobile/cache/WebView/Default/HTTP Cache/Code Cache/js/cd9dfb5b10122cb4_0 size=8192 mod=1782900872 from UID=10233 used=434176 quota=39901683 ratio=108
07-01 10:15:09.973   590   590 D installd: Purging /data/data/com.aiquota.mobile/cache/WebView/Default/HTTP Cache/Cache_Data/6d6919b9ee1b17c3_0 size=16384 mod=1782900872 from UID=10233 used=425984 quota=39901683 ratio=106
07-01 10:15:09.973   590   590 D installd: Purging /data/data/com.android.vending/cache/store_app_usage_logs_background/com.google.hyunmin.kang27%40gmail.com.metalog/play_metalog.log size=8192 mod=1782900860 from UID=10153 used=155648 quota=14607895 ratio=106
07-01 10:15:09.973   590   590 D installd: Purging /data/data/com.aiquota.mobile/cache/WebView/Default/HTTP Cache/Cache_Data/58ccb41fc8e42085_0 size=20480 mod=1782900872 from UID=10233 used=409600 quota=39901683 ratio=102
07-01 10:15:09.973   590   590 D installd: Purging /data/data/com.android.vending/cache/logs_background/com.google.hyunmin.kang27%40gmail.com.metalog/logs_upload_attempt.log size=8192 mod=1782900860 from UID=10153 used=147456 quota=14607895 ratio=100
07-01 10:15:09.973   590   590 D installd: Purging /data/data/com.aiquota.mobile/cache/WebView/Default/HTTP Cache/Cache_Data/7cc280687f118b14_0 size=12288 mod=1782900872 from UID=10233 used=389120 quota=39901683 ratio=97
07-01 10:15:09.973   590   590 D installd: Purging /data/data/com.android.vending/cache/logs_background/com.google.hyunmin.kang27%40gmail.com.metalog/play_metalog.log size=8192 mod=1782900860 from UID=10153 used=139264 quota=14607895 ratio=95
07-01 10:15:09.973   590   590 D installd: Purging /data/data/com.aiquota.mobile/cache/WebView/Default/HTTP Cache/Cache_Data/f38cc504a7cc632e_0 size=20480 mod=1782900872 from UID=10233 used=376832 quota=39901683 ratio=94
07-01 10:15:09.974   590   590 D installd: Purging /data/data/com.aiquota.mobile/cache/WebView/Default/HTTP Cache/Cache_Data/a2cec3e532e9e1c6_0 size=12288 mod=1782900872 from UID=10233 used=356352 quota=39901683 ratio=89
07-01 10:15:09.974   590   590 D installd: Purging /data/data/com.android.vending/cache/logs_background/com.google.hyunmin.kang27%40gmail.com.metalog size=8192 mod=1782900860 from UID=10153 used=131072 quota=14607895 ratio=89
07-01 10:15:09.974   590   590 D installd: Purging /data/data/com.aiquota.mobile/cache/WebView/Default/HTTP Cache/Cache_Data/ab71eb3bd1086f12_0 size=12288 mod=1782900872 from UID=10233 used=344064 quota=39901683 ratio=86
07-01 10:15:09.974   590   590 D installd: Purging /data/data/com.android.vending/cache/store_app_usage_logs_background/com.google.hyunmin.kang27%40gmail.com.metalog size=8192 mod=1782900860 from UID=10153 used=122880 quota=14607895 ratio=84
07-01 10:15:09.974   590   590 D installd: Purging /data/data/com.aiquota.mobile/cache/WebView/Default/HTTP Cache/Cache_Data/2c1b158212f31d9d_0 size=16384 mod=1782900872 from UID=10233 used=331776 quota=39901683 ratio=83
07-01 10:15:09.974   590   590 D installd: Purging /data/data/com.aiquota.mobile/cache/WebView/Default/HTTP Cache/Cache_Data/d8bcfd0998bb0c38_0 size=12288 mod=1782900872 from UID=10233 used=315392 quota=39901683 ratio=79
07-01 10:15:09.974   590   590 D installd: Purging /data/data/com.android.vending/cache/logs_background size=8192 mod=1782900860 from UID=10153 used=114688 quota=14607895 ratio=78
07-01 10:15:09.974   590   590 D installd: Purging /data/data/com.aiquota.mobile/cache/WebView/Default/HTTP Cache/Cache_Data/5add49ca2ca27d97_0 size=61440 mod=1782900872 from UID=10233 used=303104 quota=39901683 ratio=75
07-01 10:15:09.974   590   590 D installd: Purging /data/data/com.android.vending/cache/store_app_usage_logs_background size=8192 mod=1782900860 from UID=10153 used=106496 quota=14607895 ratio=72
07-01 10:15:09.974   590   590 D installd: Purging /data/data/com.aiquota.mobile/cache/WebView/Default/HTTP Cache/Cache_Data/268e156a5d5ac252_0 size=24576 mod=1782900872 from UID=10233 used=241664 quota=39901683 ratio=60
07-01 10:15:09.974   590   590 D installd: Purging /data/data/com.aiquota.mobile/cache/WebView/Default/HTTP Cache/Cache_Data/690088388b8a6b6a_0 size=28672 mod=1782900872 from UID=10233 used=217088 quota=39901683 ratio=54
07-01 10:15:09.974   590   590 D installd: Purging /data/data/com.aiquota.mobile/cache/WebView/Default/HTTP Cache/Cache_Data/67d04263d35e4336_0 size=24576 mod=1782900872 from UID=10233 used=188416 quota=39901683 ratio=47
07-01 10:15:09.974   590   590 D installd: Purging /data/data/com.aiquota.mobile/cache/WebView/Default/HTTP Cache/Cache_Data/85328545d90b76c9_0 size=28672 mod=1782900872 from UID=10233 used=163840 quota=39901683 ratio=41
07-01 10:15:09.974   590   590 D installd: Purging /data/data/com.aiquota.mobile/cache/WebView/Default/HTTP Cache/Code Cache/js/5d414d558594cfe3_0 size=8192 mod=1782900873 from UID=10233 used=135168 quota=39901683 ratio=33
07-01 10:15:09.974   590   590 D installd: Purging /data/data/com.aiquota.mobile/cache/WebView/Default/HTTP Cache/Cache_Data/a6685ea762314201_0 size=12288 mod=1782900873 from UID=10233 used=126976 quota=39901683 ratio=31
07-01 10:15:09.974   590   590 D installd: Purging /data/data/com.aiquota.mobile/cache/WebView/Default/HTTP Cache/Code Cache/js/index-dir/the-real-index size=8192 mod=1782900893 from UID=10233 used=114688 quota=39901683 ratio=28
07-01 10:15:09.974   590   590 D installd: Purging /data/data/com.aiquota.mobile/cache/WebView/Default/HTTP Cache/Cache_Data/index-dir/the-real-index size=8192 mod=1782900893 from UID=10233 used=106496 quota=39901683 ratio=26
07-01 10:15:09.974   590   590 D installd: Purging /data/data/com.aiquota.mobile/cache/WebView/Default/HTTP Cache/Code Cache/js/index-dir size=8192 mod=1782900893 from UID=10233 used=98304 quota=39901683 ratio=24
07-01 10:15:09.974   590   590 D installd: Purging /data/data/com.aiquota.mobile/cache/WebView/Default/HTTP Cache/Code Cache/js size=8192 mod=1782900893 from UID=10233 used=90112 quota=39901683 ratio=22
07-01 10:15:09.981   590   590 D installd: Purging /data/data/com.aiquota.mobile/cache/WebView/Default/HTTP Cache/Cache_Data/index-dir size=8192 mod=1782900893 from UID=10233 used=81920 quota=39901683 ratio=20
07-01 10:15:09.981   590   590 D installd: Purging /data/data/com.aiquota.mobile/cache/WebView/Default/HTTP Cache/Code Cache size=8192 mod=1782900893 from UID=10233 used=73728 quota=39901683 ratio=18
07-01 10:15:09.981   590   590 D installd: Purging /data/data/com.aiquota.mobile/cache/WebView/Default/HTTP Cache/Cache_Data size=8192 mod=1782900893 from UID=10233 used=65536 quota=39901683 ratio=16
07-01 10:15:09.982   590   590 D installd: Purging /data/data/com.aiquota.mobile/cache/WebView/Default/HTTP Cache size=8192 mod=1782900893 from UID=10233 used=57344 quota=39901683 ratio=14
07-01 10:15:09.982   590   590 D installd: Purging /data/data/com.aiquota.mobile/cache/WebView/Default size=8192 mod=1782900893 from UID=10233 used=49152 quota=39901683 ratio=12
07-01 10:15:09.982   590   590 D installd: Purging /data/data/com.aiquota.mobile/cache/WebView size=8192 mod=1782900893 from UID=10233 used=40960 quota=39901683 ratio=10
07-01 10:15:09.982   590   590 E installd: Failed to free up 622811544 on /data; final free space 398880768: Success
07-01 10:15:09.984  1618  1792 I ExternalStorageServiceImpl: Free cache requested for 223930776 bytes
07-01 10:15:09.985  1618  1792 I ExternalStorageServiceImpl: Free cache requested for 223930776 bytes
07-01 10:15:09.985   692   879 W DeviceStorageMonitorService: java.io.IOException: Failed to free 622811544 on storage device at /data
07-01 10:15:09.985   692   879 W DeviceStorageMonitorService: 	at com.android.server.pm.FreeStorageHelper.freeStorage(FreeStorageHelper.java:182)
07-01 10:15:09.985   692   879 W DeviceStorageMonitorService: 	at com.android.server.pm.PackageManagerService.freeStorage(PackageManagerService.java:3006)
07-01 10:15:09.985   692   879 W DeviceStorageMonitorService: 	at com.android.server.pm.PackageManagerInternalBase.freeStorage(PackageManagerInternalBase.java:581)
07-01 10:15:09.985   692   879 W DeviceStorageMonitorService: 	at com.android.server.storage.DeviceStorageMonitorService.checkLow(DeviceStorageMonitorService.java:194)
07-01 10:15:09.985   692   879 W DeviceStorageMonitorService: 	at com.android.server.storage.DeviceStorageMonitorService.-$$Nest$mcheckLow(DeviceStorageMonitorService.java:0)
07-01 10:15:09.985   692   879 W DeviceStorageMonitorService: 	at com.android.server.storage.DeviceStorageMonitorService$1.handleMessage(DeviceStorageMonitorService.java:297)
07-01 10:15:09.985   692   879 W DeviceStorageMonitorService: 	at android.os.Handler.dispatchMessageImpl(Handler.java:142)
07-01 10:15:09.985   692   879 W DeviceStorageMonitorService: 	at android.os.Handler.dispatchMessage(Handler.java:125)
07-01 10:15:09.985   692   879 W DeviceStorageMonitorService: 	at android.os.Looper.loopOnce(Looper.java:296)
07-01 10:15:09.985   692   879 W DeviceStorageMonitorService: 	at android.os.Looper.loop(Looper.java:397)
07-01 10:15:09.985   692   879 W DeviceStorageMonitorService: 	at android.os.HandlerThread.run(HandlerThread.java:139)
07-01 10:15:10.695   692   860 I HalDevMgr: bestIfaceCreationProposal is null, requestIface=STA, existingIface=[name=wlan0 type=STA]
07-01 10:15:11.552   539   539 I adbd    : adbd service requested 'shell,v2,raw:dumpsys package com.google.android.gms'
07-01 10:15:11.684  3176  6041 I artd    : GetBestInfo: odex next to the dex file (/data/app/~~pUpe9D-hsv0lOCLmNQJGyA==/com.google.android.gms-a0e_AySruvvgbDhYG8Z6yQ==/oat/x86_64/base.odex) is kOatUpToDate with filter 'speed-profile' executable 'false'
07-01 10:15:11.685  3176  6041 I artd    : GetBestInfo: dm (/data/app/~~pUpe9D-hsv0lOCLmNQJGyA==/com.google.android.gms-a0e_AySruvvgbDhYG8Z6yQ==/split_AdsDynamite_installtime.dm) is kOatUpToDate with filter 'verify' executable 'false'
07-01 10:15:11.687  3176  6041 I artd    : GetBestInfo: odex next to the dex file (/data/app/~~pUpe9D-hsv0lOCLmNQJGyA==/com.google.android.gms-a0e_AySruvvgbDhYG8Z6yQ==/oat/x86_64/split_CronetDynamite_installtime.odex) is kOatUpToDate with filter 'speed-profile' executable 'false'
07-01 10:15:11.688  3176  6041 I artd    : GetBestInfo: dm (/data/app/~~pUpe9D-hsv0lOCLmNQJGyA==/com.google.android.gms-a0e_AySruvvgbDhYG8Z6yQ==/split_DynamiteLoader_installtime.dm) is kOatUpToDate with filter 'verify' executable 'false'
07-01 10:15:11.689  3176  6041 I artd    : GetBestInfo: dm (/data/app/~~pUpe9D-hsv0lOCLmNQJGyA==/com.google.android.gms-a0e_AySruvvgbDhYG8Z6yQ==/split_DynamiteModulesA_installtime.dm) is kOatUpToDate with filter 'verify' executable 'false'
07-01 10:15:11.690  3176  6041 I artd    : GetBestInfo: dm (/data/app/~~pUpe9D-hsv0lOCLmNQJGyA==/com.google.android.gms-a0e_AySruvvgbDhYG8Z6yQ==/split_DynamiteModulesC_installtime.dm) is kOatUpToDate with filter 'verify' executable 'false'
07-01 10:15:11.691  3176  6041 I artd    : GetBestInfo: dm (/data/app/~~pUpe9D-hsv0lOCLmNQJGyA==/com.google.android.gms-a0e_AySruvvgbDhYG8Z6yQ==/split_GoogleCertificates_installtime.dm) is kOatUpToDate with filter 'verify' executable 'false'
07-01 10:15:11.692  3176  6041 I artd    : GetBestInfo: dm (/data/app/~~pUpe9D-hsv0lOCLmNQJGyA==/com.google.android.gms-a0e_AySruvvgbDhYG8Z6yQ==/split_MapsDynamite_installtime.dm) is kOatUpToDate with filter 'verify' executable 'false'
07-01 10:15:11.693  3176  6041 I artd    : GetBestInfo: dm (/data/app/~~pUpe9D-hsv0lOCLmNQJGyA==/com.google.android.gms-a0e_AySruvvgbDhYG8Z6yQ==/split_MeasurementDynamite_installtime.dm) is kOatUpToDate with filter 'verify' executable 'false'
07-01 10:15:11.695  3176  3192 I artd    : GetBestInfo: /data/user_de/0/com.google.android.gms/app_chimera/m/0000000e/dl-IdentityCredentialsPlatform.optional_262031100800.apk has no usable artifacts
07-01 10:15:11.695  3176  3192 I artd    : GetBestInfo: /data/user_de/0/com.google.android.gms/app_chimera/m/00000001/CronetDynamite.apk has no usable artifacts
07-01 10:15:11.696  3176  6041 I artd    : GetBestInfo: /data/user_de/0/com.google.android.gms/app_chimera/m/00000013/dl-TfliteDynamiteDynamite.integ_252130102100800.apk has no usable artifacts
07-01 10:15:11.696  3176  6041 I artd    : GetBestInfo: /data/user_de/0/com.google.android.gms/app_chimera/m/00000002/DynamiteLoader.apk has no usable artifacts
07-01 10:15:11.698  3176  6041 I artd    : GetBestInfo: /data/user_de/0/com.google.android.gms/app_chimera/m/0000000c/dl-IdentityCredentialsPlatform.optional_261136100800.apk has no usable artifacts
07-01 10:15:11.698  3176  6041 I artd    : GetBestInfo: /data/user_de/0/com.google.android.gms/app_chimera/m/00000005/GoogleCertificates.apk has no usable artifacts
07-01 10:15:11.699  3176  6041 I artd    : GetBestInfo: /data/user_de/0/com.google.android.gms/app_chimera/m/0000000a/dl-TfliteDynamiteDynamite.integ_260580502100800.apk has no usable artifacts
07-01 10:15:11.700  3176  6041 I artd    : GetBestInfo: /data/user_de/0/com.google.android.gms/app_chimera/m/00000016/dl-PlayCloudSearch.optional_262031100000.apk has no usable artifacts
07-01 10:15:11.701  3176  6041 I artd    : GetBestInfo: /data/user_de/0/com.google.android.gms/app_chimera/m/00000014/dl-MlkitOcrCommon.optional_262031100800.apk has no usable artifacts
07-01 10:15:11.702  3176  6041 I artd    : GetBestInfo: /data/user_de/0/com.google.android.gms/app_chimera/m/00000008/dl-VisionOcr.optional_261136100000.apk has no usable artifacts
07-01 10:15:11.703  3176  6041 I artd    : GetBestInfo: /data/user_de/0/com.google.android.gms/app_chimera/m/00000010/dl-Appsearch.optional_262031100800.apk has no usable artifacts
07-01 10:15:11.705  3176  6041 I artd    : GetBestInfo: /data/user_de/0/com.google.android.gms/app_chimera/m/0000000b/dl-Appsearch.optional_261136100800.apk has no usable artifacts
07-01 10:15:11.706  3176  6041 I artd    : GetBestInfo: vdex next to the dex file (/data/user/0/com.google.android.gms/app_dg_cache/9BCBC14EE674B00B958D4B0C5B4BD883630AA39E/oat/x86_64/the.vdex) is kOatUpToDate with filter 'verify' executable 'false'
07-01 10:15:11.707  3176  6041 I artd    : GetBestInfo: /data/user_de/0/com.google.android.gms/app_chimera/m/00000009/dl-MlkitOcrCommon.optional_261136100800.apk has no usable artifacts
07-01 10:15:11.708  3176  6041 I artd    : GetBestInfo: /data/user/0/com.google.android.gms/app_dg_cache/22DA9D7AD8ED7504E0CAC64C41ECDBD7068924E0/the.apk has no usable artifacts
07-01 10:15:11.709  3176  6041 I artd    : GetBestInfo: vdex next to the dex file (/data/user/0/com.google.android.gms/app_dg_cache/FEE57AEA14526BE59FD8AB1365237E7B7A5CE7CB/oat/x86_64/the.vdex) is kOatUpToDate with filter 'verify' executable 'false'
07-01 10:15:11.710  3176  6041 I artd    : GetBestInfo: vdex next to the dex file (/data/user/0/com.google.android.gms/app_dg_cache/1C62BDE86218FBAA50DF06C4A79F5C3FE74B69EC/oat/x86_64/the.vdex) is kOatUpToDate with filter 'verify' executable 'false'
07-01 10:15:11.711  3176  6041 I artd    : GetBestInfo: /data/user_de/0/com.google.android.gms/app_chimera/m/0000000f/dl-VisionOcr.optional_262031100000.apk has no usable artifacts
07-01 10:15:11.712  3176  6041 I artd    : GetBestInfo: /data/user_de/0/com.google.android.gms/app_chimera/m/00000015/dl-MlkitBarcodeUi.optional_262031100800.apk has no usable artifacts
07-01 10:15:11.712  3176  6041 I artd    : GetBestInfo: /data/user_de/0/com.google.android.gms/app_chimera/m/00000007/MeasurementDynamite.apk has no usable artifacts
07-01 10:15:13.703   692   860 I HalDevMgr: bestIfaceCreationProposal is null, requestIface=STA, existingIface=[name=wlan0 type=STA]
07-01 10:15:15.193   692   800 D ActivityManager: freezing 28264 com.aiquota.mobile
07-01 10:15:15.196   692   866 D InetDiagMessage: Destroyed 8 sockets, proto=IPPROTO_TCP, family=AF_INET, states=14
07-01 10:15:15.196   692   866 D InetDiagMessage: Destroyed 0 sockets, proto=IPPROTO_TCP, family=AF_INET6, states=14
07-01 10:15:15.196   692   866 D InetDiagMessage: Destroyed live tcp sockets for uids={10233} in 1ms
07-01 10:15:15.235  1119  1246 D SatelliteController: isInCarrierRoamingNbIotNtn: satellite is disabled
07-01 10:15:15.235  1119  1246 D SatelliteController: getCarrierRoamingNtnConnectType: Checking connect type from PLMN config for subId: 1
07-01 10:15:15.235  1119  1246 D TelephonyConfigUpdateInstallReceiver: getConfigParser: domain=satellite
07-01 10:15:15.235  1119  1246 V SatelliteController: satelliteConfigParser is not ready
07-01 10:15:15.235  1119  1246 D SatelliteController: isSatelliteAttachSupportedViaConfigupdater: return null (satelliteConfig is null)
07-01 10:15:15.235  1119  1246 D SatelliteController: getSatellitePerPlmnConfiguration: invalid subId or not supported via carrier.
07-01 10:15:15.236  1119  1246 D SatelliteController: getCarrierRoamingNtnConnectType: config: null
07-01 10:15:15.236  1119  1246 D TelephonyConfigUpdateInstallReceiver: getConfigParser: domain=satellite
07-01 10:15:15.236  1119  1246 V SatelliteController: satelliteConfigParser is not ready
07-01 10:15:15.236  1119  1246 D SatelliteController: getCarrierRoamingNtnConnectTypeViaConfigUpdater: return null (satelliteConfig is null)
07-01 10:15:15.236  1119  1246 D SatelliteController: getCarrierRoamingNtnConnectType: Falling back to global carrier config connect type: 0
07-01 10:15:15.236  1119  1246 D TelephonyConfigUpdateInstallReceiver: getConfigParser: domain=satellite
07-01 10:15:15.236  1119  1246 V SatelliteController: satelliteConfigParser is not ready
07-01 10:15:15.236  1119  1246 D SatelliteController: isSatelliteAttachSupportedViaConfigupdater: return null (satelliteConfig is null)
07-01 10:15:15.236  1119  1246 D SatelliteController: getCarrierRoamingNtnConnectType: Checking connect type from PLMN config for subId: 1
07-01 10:15:15.236  1119  1246 D TelephonyConfigUpdateInstallReceiver: getConfigParser: domain=satellite
07-01 10:15:15.236  1119  1246 V SatelliteController: satelliteConfigParser is not ready
07-01 10:15:15.236  1119  1246 D SatelliteController: isSatelliteAttachSupportedViaConfigupdater: return null (satelliteConfig is null)
07-01 10:15:15.236  1119  1246 D SatelliteController: getSatellitePerPlmnConfiguration: invalid subId or not supported via carrier.
07-01 10:15:15.236  1119  1246 D SatelliteController: getCarrierRoamingNtnConnectType: config: null
07-01 10:15:15.236  1119  1246 D TelephonyConfigUpdateInstallReceiver: getConfigParser: domain=satellite
07-01 10:15:15.237  1119  1246 V SatelliteController: satelliteConfigParser is not ready
07-01 10:15:15.237  1119  1246 D SatelliteController: getCarrierRoamingNtnConnectTypeViaConfigUpdater: return null (satelliteConfig is null)
07-01 10:15:15.237  1119  1246 D SatelliteController: getCarrierRoamingNtnConnectType: Falling back to global carrier config connect type: 0
07-01 10:15:15.237  1119  1246 D TelephonyConfigUpdateInstallReceiver: getConfigParser: domain=satellite
07-01 10:15:15.237  1119  1246 V SatelliteController: satelliteConfigParser is not ready
07-01 10:15:15.237  1119  1246 D SatelliteController: isSatelliteAttachSupportedViaConfigupdater: return null (satelliteConfig is null)
07-01 10:15:15.618   692   864 E Nl80211Native: getChannelsMhzForBand: Wiphy index not recorded for band 8
07-01 10:15:15.618   692   864 E Nl80211Native: getChannelsMhzForBand: Wiphy index not recorded for band 16
07-01 10:15:15.618   692   864 D Nl80211Native: Ignoring unsupported scan type 2
07-01 10:15:15.618   692   864 I Nl80211Proxy: Sending Nl80211 message: GenericNetlinkMsg{ nlHeader{StructNlMsgHdr{ nlmsg_len{56}, nlmsg_type{30()}, nlmsg_flags{5(NLM_F_REQUEST|NLM_F_ACK)}, nlmsg_seq{279}, nlmsg_pid{0} }}, genNlHeader{StructGenNlMsgHdr{ command{33}, version{1}, reserved{0} }}, attributes{[StructNlAttr{ nla_len{8}, nla_type{-32723}, nla_value{04000000}, }, StructNlAttr{ nla_len{8}, nla_type{3}, nla_value{10000000}, }, StructNlAttr{ nla_len{12}, nla_type{-32724}, nla_value{080000008F090000}, }, StructNlAttr{ nla_len{8}, nla_type{158}, nla_value{00000000}, }]} }
07-01 10:15:15.619   692   864 I Nl80211Proxy: Received NLMSG_ERROR with error 0 for message GenericNetlinkMsg{ nlHeader{StructNlMsgHdr{ nlmsg_len{56}, nlmsg_type{30()}, nlmsg_flags{5(NLM_F_REQUEST|NLM_F_ACK)}, nlmsg_seq{279}, nlmsg_pid{0} }}, genNlHeader{StructGenNlMsgHdr{ command{33}, version{1}, reserved{0} }}, attributes{[StructNlAttr{ nla_len{8}, nla_type{-32723}, nla_value{04000000}, }, StructNlAttr{ nla_len{8}, nla_type{3}, nla_value{10000000}, }, StructNlAttr{ nla_len{12}, nla_type{-32724}, nla_value{080000008F090000}, }, StructNlAttr{ nla_len{8}, nla_type{158}, nla_value{00000000}, }]} }
07-01 10:15:15.663   692   860 D WifiNative: Scan result ready event
07-01 10:15:15.663   692   864 I Nl80211Proxy: Sending Nl80211 message: GenericNetlinkMsg{ nlHeader{StructNlMsgHdr{ nlmsg_len{20}, nlmsg_type{30()}, nlmsg_flags{769(NLM_F_REQUEST|NLM_F_DUMP)}, nlmsg_seq{280}, nlmsg_pid{0} }}, genNlHeader{StructGenNlMsgHdr{ command{5}, version{1}, reserved{0} }}, attributes{[]} }
07-01 10:15:15.663   692   864 I Nl80211Proxy: Received NLMSG_DONE for message GenericNetlinkMsg{ nlHeader{StructNlMsgHdr{ nlmsg_len{20}, nlmsg_type{30()}, nlmsg_flags{769(NLM_F_REQUEST|NLM_F_DUMP)}, nlmsg_seq{280}, nlmsg_pid{0} }}, genNlHeader{StructGenNlMsgHdr{ command{5}, version{1}, reserved{0} }}, attributes{[]} }
07-01 10:15:15.663   692   864 W Nl80211Utils: Malformed NEW_INTERFACE response: missing attributes
07-01 10:15:15.663   692   864 I Nl80211Proxy: Sending Nl80211 message: GenericNetlinkMsg{ nlHeader{StructNlMsgHdr{ nlmsg_len{28}, nlmsg_type{30()}, nlmsg_flags{769(NLM_F_REQUEST|NLM_F_DUMP)}, nlmsg_seq{281}, nlmsg_pid{0} }}, genNlHeader{StructGenNlMsgHdr{ command{32}, version{1}, reserved{0} }}, attributes{[StructNlAttr{ nla_len{8}, nla_type{3}, nla_value{10000000}, }]} }
07-01 10:15:15.663   692   864 I Nl80211Proxy: Received NLMSG_DONE for message GenericNetlinkMsg{ nlHeader{StructNlMsgHdr{ nlmsg_len{28}, nlmsg_type{30()}, nlmsg_flags{769(NLM_F_REQUEST|NLM_F_DUMP)}, nlmsg_seq{281}, nlmsg_pid{0} }}, genNlHeader{StructGenNlMsgHdr{ command{32}, version{1}, reserved{0} }}, attributes{[StructNlAttr{ nla_len{8}, nla_type{3}, nla_value{10000000}, }]} }
07-01 10:15:15.664  1331  2351 I WifiScanner: onFullResults
07-01 10:15:15.664  1331  2413 I WifiScanner: onFullResults
07-01 10:15:15.666   692   860 I HalDevMgr: bestIfaceCreationProposal is null, requestIface=STA, existingIface=[name=wlan0 type=STA]
07-01 10:15:16.708   692   860 I HalDevMgr: bestIfaceCreationProposal is null, requestIface=STA, existingIface=[name=wlan0 type=STA]
07-01 10:15:16.711  1074  1202 D IpClient/wlan0: interfaceLinkStateChanged: ifindex 16 up
07-01 10:15:16.717  1074  1202 D IpClient/wlan0: interfaceLinkStateChanged: ifindex 16 up
07-01 10:15:17.810   692  1997 I BluetoothPowerStatsCollector: BluetoothActivityEnergyInfo not supported.
07-01 10:15:18.687   692  1800 I AppSearchIcing: icing-search-engine.cc:2487: Persisting data to disk with mode 3
07-01 10:15:18.690   692  1800 I AppSearchIcing: icing-search-engine.cc:2502: PersistToDisk completed.
07-01 10:15:19.715   692   860 I HalDevMgr: bestIfaceCreationProposal is null, requestIface=STA, existingIface=[name=wlan0 type=STA]
07-01 10:15:21.555   539   539 I adbd    : adbd service requested 'shell,v2,raw:dumpsys package com.google.android.gms'
07-01 10:15:21.698  3176  6041 I artd    : GetBestInfo: odex next to the dex file (/data/app/~~pUpe9D-hsv0lOCLmNQJGyA==/com.google.android.gms-a0e_AySruvvgbDhYG8Z6yQ==/oat/x86_64/base.odex) is kOatUpToDate with filter 'speed-profile' executable 'false'
07-01 10:15:21.700  3176  6041 I artd    : GetBestInfo: dm (/data/app/~~pUpe9D-hsv0lOCLmNQJGyA==/com.google.android.gms-a0e_AySruvvgbDhYG8Z6yQ==/split_AdsDynamite_installtime.dm) is kOatUpToDate with filter 'verify' executable 'false'
07-01 10:15:21.701  3176  6041 I artd    : GetBestInfo: odex next to the dex file (/data/app/~~pUpe9D-hsv0lOCLmNQJGyA==/com.google.android.gms-a0e_AySruvvgbDhYG8Z6yQ==/oat/x86_64/split_CronetDynamite_installtime.odex) is kOatUpToDate with filter 'speed-profile' executable 'false'
07-01 10:15:21.703  3176  6041 I artd    : GetBestInfo: dm (/data/app/~~pUpe9D-hsv0lOCLmNQJGyA==/com.google.android.gms-a0e_AySruvvgbDhYG8Z6yQ==/split_DynamiteLoader_installtime.dm) is kOatUpToDate with filter 'verify' executable 'false'
07-01 10:15:21.704  3176  6041 I artd    : GetBestInfo: dm (/data/app/~~pUpe9D-hsv0lOCLmNQJGyA==/com.google.android.gms-a0e_AySruvvgbDhYG8Z6yQ==/split_DynamiteModulesA_installtime.dm) is kOatUpToDate with filter 'verify' executable 'false'
07-01 10:15:21.705  3176  6041 I artd    : GetBestInfo: dm (/data/app/~~pUpe9D-hsv0lOCLmNQJGyA==/com.google.android.gms-a0e_AySruvvgbDhYG8Z6yQ==/split_DynamiteModulesC_installtime.dm) is kOatUpToDate with filter 'verify' executable 'false'
07-01 10:15:21.706  3176  6041 I artd    : GetBestInfo: dm (/data/app/~~pUpe9D-hsv0lOCLmNQJGyA==/com.google.android.gms-a0e_AySruvvgbDhYG8Z6yQ==/split_GoogleCertificates_installtime.dm) is kOatUpToDate with filter 'verify' executable 'false'
07-01 10:15:21.707  3176  6041 I artd    : GetBestInfo: dm (/data/app/~~pUpe9D-hsv0lOCLmNQJGyA==/com.google.android.gms-a0e_AySruvvgbDhYG8Z6yQ==/split_MapsDynamite_installtime.dm) is kOatUpToDate with filter 'verify' executable 'false'
07-01 10:15:21.708  3176  6041 I artd    : GetBestInfo: dm (/data/app/~~pUpe9D-hsv0lOCLmNQJGyA==/com.google.android.gms-a0e_AySruvvgbDhYG8Z6yQ==/split_MeasurementDynamite_installtime.dm) is kOatUpToDate with filter 'verify' executable 'false'
07-01 10:15:21.709  3176  6041 I artd    : GetBestInfo: /data/user_de/0/com.google.android.gms/app_chimera/m/0000000e/dl-IdentityCredentialsPlatform.optional_262031100800.apk has no usable artifacts
07-01 10:15:21.709  3176  6041 I artd    : GetBestInfo: /data/user_de/0/com.google.android.gms/app_chimera/m/00000001/CronetDynamite.apk has no usable artifacts
07-01 10:15:21.710  3176  6041 I artd    : GetBestInfo: /data/user_de/0/com.google.android.gms/app_chimera/m/00000013/dl-TfliteDynamiteDynamite.integ_252130102100800.apk has no usable artifacts
07-01 10:15:21.711  3176  6041 I artd    : GetBestInfo: /data/user_de/0/com.google.android.gms/app_chimera/m/00000002/DynamiteLoader.apk has no usable artifacts
07-01 10:15:21.712  3176  6041 I artd    : GetBestInfo: /data/user_de/0/com.google.android.gms/app_chimera/m/0000000c/dl-IdentityCredentialsPlatform.optional_261136100800.apk has no usable artifacts
07-01 10:15:21.713  3176  6041 I artd    : GetBestInfo: /data/user_de/0/com.google.android.gms/app_chimera/m/00000005/GoogleCertificates.apk has no usable artifacts
07-01 10:15:21.714  3176  6041 I artd    : GetBestInfo: /data/user_de/0/com.google.android.gms/app_chimera/m/0000000a/dl-TfliteDynamiteDynamite.integ_260580502100800.apk has no usable artifacts
07-01 10:15:21.715  3176  6041 I artd    : GetBestInfo: /data/user_de/0/com.google.android.gms/app_chimera/m/00000016/dl-PlayCloudSearch.optional_262031100000.apk has no usable artifacts
07-01 10:15:21.716  3176  6041 I artd    : GetBestInfo: /data/user_de/0/com.google.android.gms/app_chimera/m/00000014/dl-MlkitOcrCommon.optional_262031100800.apk has no usable artifacts
07-01 10:15:21.718  3176  6041 I artd    : GetBestInfo: /data/user_de/0/com.google.android.gms/app_chimera/m/00000008/dl-VisionOcr.optional_261136100000.apk has no usable artifacts
07-01 10:15:21.719  3176  6041 I artd    : GetBestInfo: /data/user_de/0/com.google.android.gms/app_chimera/m/00000010/dl-Appsearch.optional_262031100800.apk has no usable artifacts
07-01 10:15:21.720  3176  6041 I artd    : GetBestInfo: /data/user_de/0/com.google.android.gms/app_chimera/m/0000000b/dl-Appsearch.optional_261136100800.apk has no usable artifacts
07-01 10:15:21.722  3176  6041 I artd    : GetBestInfo: vdex next to the dex file (/data/user/0/com.google.android.gms/app_dg_cache/9BCBC14EE674B00B958D4B0C5B4BD883630AA39E/oat/x86_64/the.vdex) is kOatUpToDate with filter 'verify' executable 'false'
07-01 10:15:21.724  3176  6041 I artd    : GetBestInfo: /data/user_de/0/com.google.android.gms/app_chimera/m/00000009/dl-MlkitOcrCommon.optional_261136100800.apk has no usable artifacts
07-01 10:15:21.725  3176  6041 I artd    : GetBestInfo: /data/user/0/com.google.android.gms/app_dg_cache/22DA9D7AD8ED7504E0CAC64C41ECDBD7068924E0/the.apk has no usable artifacts
07-01 10:15:21.726  3176  6041 I artd    : GetBestInfo: vdex next to the dex file (/data/user/0/com.google.android.gms/app_dg_cache/FEE57AEA14526BE59FD8AB1365237E7B7A5CE7CB/oat/x86_64/the.vdex) is kOatUpToDate with filter 'verify' executable 'false'
07-01 10:15:21.727  3176  6041 I artd    : GetBestInfo: vdex next to the dex file (/data/user/0/com.google.android.gms/app_dg_cache/1C62BDE86218FBAA50DF06C4A79F5C3FE74B69EC/oat/x86_64/the.vdex) is kOatUpToDate with filter 'verify' executable 'false'
07-01 10:15:21.728  3176  6041 I artd    : GetBestInfo: /data/user_de/0/com.google.android.gms/app_chimera/m/0000000f/dl-VisionOcr.optional_262031100000.apk has no usable artifacts
07-01 10:15:21.730  3176  6041 I artd    : GetBestInfo: /data/user_de/0/com.google.android.gms/app_chimera/m/00000015/dl-MlkitBarcodeUi.optional_262031100800.apk has no usable artifacts
07-01 10:15:21.731  3176  6041 I artd    : GetBestInfo: /data/user_de/0/com.google.android.gms/app_chimera/m/00000007/MeasurementDynamite.apk has no usable artifacts
07-01 10:15:22.725   692   860 I HalDevMgr: bestIfaceCreationProposal is null, requestIface=STA, existingIface=[name=wlan0 type=STA]
07-01 10:15:22.728  1074  1202 D IpClient/wlan0: interfaceLinkStateChanged: ifindex 16 up
07-01 10:15:22.734  1074  1202 D IpClient/wlan0: interfaceLinkStateChanged: ifindex 16 up
07-01 10:15:23.558   954   954 I wpa_supplicant: wlan0: CTRL-EVENT-BEACON-LOSS 
07-01 10:15:24.729  4397  4423 I ForwardSyncCache: reclaimMemory: Clearing caches
07-01 10:15:24.729  4397  4423 I BugleSpam: HadesBitmapStore: Purged 0 images during memory reclamation
07-01 10:15:24.729  4397  4423 I BugleRestore: reclaimMemory: Clearing persistent caches
07-01 10:15:24.729  4397  4423 W Bugle   : TextClassifierLibManagerImpl: Reclaiming memory at level: 40
07-01 10:15:25.235  1119  1246 D SatelliteController: isInCarrierRoamingNbIotNtn: satellite is disabled
07-01 10:15:25.235  1119  1246 D SatelliteController: getCarrierRoamingNtnConnectType: Checking connect type from PLMN config for subId: 1
07-01 10:15:25.235  1119  1246 D TelephonyConfigUpdateInstallReceiver: getConfigParser: domain=satellite
07-01 10:15:25.235  1119  1246 V SatelliteController: satelliteConfigParser is not ready
07-01 10:15:25.235  1119  1246 D SatelliteController: isSatelliteAttachSupportedViaConfigupdater: return null (satelliteConfig is null)
07-01 10:15:25.235  1119  1246 D SatelliteController: getSatellitePerPlmnConfiguration: invalid subId or not supported via carrier.
07-01 10:15:25.235  1119  1246 D SatelliteController: getCarrierRoamingNtnConnectType: config: null
07-01 10:15:25.235  1119  1246 D TelephonyConfigUpdateInstallReceiver: getConfigParser: domain=satellite
07-01 10:15:25.235  1119  1246 V SatelliteController: satelliteConfigParser is not ready
07-01 10:15:25.235  1119  1246 D SatelliteController: getCarrierRoamingNtnConnectTypeViaConfigUpdater: return null (satelliteConfig is null)
07-01 10:15:25.235  1119  1246 D SatelliteController: getCarrierRoamingNtnConnectType: Falling back to global carrier config connect type: 0
07-01 10:15:25.235  1119  1246 D TelephonyConfigUpdateInstallReceiver: getConfigParser: domain=satellite
07-01 10:15:25.235  1119  1246 V SatelliteController: satelliteConfigParser is not ready
07-01 10:15:25.235  1119  1246 D SatelliteController: isSatelliteAttachSupportedViaConfigupdater: return null (satelliteConfig is null)
07-01 10:15:25.236  1119  1246 D SatelliteController: getCarrierRoamingNtnConnectType: Checking connect type from PLMN config for subId: 1
07-01 10:15:25.236  1119  1246 D TelephonyConfigUpdateInstallReceiver: getConfigParser: domain=satellite
07-01 10:15:25.236  1119  1246 V SatelliteController: satelliteConfigParser is not ready
07-01 10:15:25.236  1119  1246 D SatelliteController: isSatelliteAttachSupportedViaConfigupdater: return null (satelliteConfig is null)
07-01 10:15:25.236  1119  1246 D SatelliteController: getSatellitePerPlmnConfiguration: invalid subId or not supported via carrier.
07-01 10:15:25.236  1119  1246 D SatelliteController: getCarrierRoamingNtnConnectType: config: null
07-01 10:15:25.236  1119  1246 D TelephonyConfigUpdateInstallReceiver: getConfigParser: domain=satellite
07-01 10:15:25.236  1119  1246 V SatelliteController: satelliteConfigParser is not ready
07-01 10:15:25.236  1119  1246 D SatelliteController: getCarrierRoamingNtnConnectTypeViaConfigUpdater: return null (satelliteConfig is null)
07-01 10:15:25.236  1119  1246 D SatelliteController: getCarrierRoamingNtnConnectType: Falling back to global carrier config connect type: 0
07-01 10:15:25.236  1119  1246 D TelephonyConfigUpdateInstallReceiver: getConfigParser: domain=satellite
07-01 10:15:25.236  1119  1246 V SatelliteController: satelliteConfigParser is not ready
07-01 10:15:25.236  1119  1246 D SatelliteController: isSatelliteAttachSupportedViaConfigupdater: return null (satelliteConfig is null)
07-01 10:15:25.266   527   549 W skia    : AGTM parsing failed flags.readFromStream(s) at 159
07-01 10:15:25.266   527   549 W skia    : AGTM parsing failed flags.readFromStream(s) at 159
07-01 10:15:25.733   692   860 I HalDevMgr: bestIfaceCreationProposal is null, requestIface=STA, existingIface=[name=wlan0 type=STA]
07-01 10:15:28.740   692   860 I HalDevMgr: bestIfaceCreationProposal is null, requestIface=STA, existingIface=[name=wlan0 type=STA]
07-01 10:15:28.743  1074  1202 D IpClient/wlan0: interfaceLinkStateChanged: ifindex 16 up
07-01 10:15:28.750  1074  1202 D IpClient/wlan0: interfaceLinkStateChanged: ifindex 16 up
07-01 10:15:31.494   954   954 I wpa_supplicant: wlan0: CTRL-EVENT-BEACON-LOSS 
07-01 10:15:31.543   539   539 I adbd    : adbd service requested 'shell,v2,raw:dumpsys package com.google.android.gms'
07-01 10:15:31.684  3176  3192 I artd    : GetBestInfo: odex next to the dex file (/data/app/~~pUpe9D-hsv0lOCLmNQJGyA==/com.google.android.gms-a0e_AySruvvgbDhYG8Z6yQ==/oat/x86_64/base.odex) is kOatUpToDate with filter 'speed-profile' executable 'false'
07-01 10:15:31.686  3176  3192 I artd    : GetBestInfo: dm (/data/app/~~pUpe9D-hsv0lOCLmNQJGyA==/com.google.android.gms-a0e_AySruvvgbDhYG8Z6yQ==/split_AdsDynamite_installtime.dm) is kOatUpToDate with filter 'verify' executable 'false'
07-01 10:15:31.687  3176  3192 I artd    : GetBestInfo: odex next to the dex file (/data/app/~~pUpe9D-hsv0lOCLmNQJGyA==/com.google.android.gms-a0e_AySruvvgbDhYG8Z6yQ==/oat/x86_64/split_CronetDynamite_installtime.odex) is kOatUpToDate with filter 'speed-profile' executable 'false'
07-01 10:15:31.688  3176  3192 I artd    : GetBestInfo: dm (/data/app/~~pUpe9D-hsv0lOCLmNQJGyA==/com.google.android.gms-a0e_AySruvvgbDhYG8Z6yQ==/split_DynamiteLoader_installtime.dm) is kOatUpToDate with filter 'verify' executable 'false'
07-01 10:15:31.689  3176  3192 I artd    : GetBestInfo: dm (/data/app/~~pUpe9D-hsv0lOCLmNQJGyA==/com.google.android.gms-a0e_AySruvvgbDhYG8Z6yQ==/split_DynamiteModulesA_installtime.dm) is kOatUpToDate with filter 'verify' executable 'false'
07-01 10:15:31.690  3176  3192 I artd    : GetBestInfo: dm (/data/app/~~pUpe9D-hsv0lOCLmNQJGyA==/com.google.android.gms-a0e_AySruvvgbDhYG8Z6yQ==/split_DynamiteModulesC_installtime.dm) is kOatUpToDate with filter 'verify' executable 'false'
07-01 10:15:31.691  3176  3192 I artd    : GetBestInfo: dm (/data/app/~~pUpe9D-hsv0lOCLmNQJGyA==/com.google.android.gms-a0e_AySruvvgbDhYG8Z6yQ==/split_GoogleCertificates_installtime.dm) is kOatUpToDate with filter 'verify' executable 'false'
07-01 10:15:31.692  3176  3192 I artd    : GetBestInfo: dm (/data/app/~~pUpe9D-hsv0lOCLmNQJGyA==/com.google.android.gms-a0e_AySruvvgbDhYG8Z6yQ==/split_MapsDynamite_installtime.dm) is kOatUpToDate with filter 'verify' executable 'false'
07-01 10:15:31.693  3176  3192 I artd    : GetBestInfo: dm (/data/app/~~pUpe9D-hsv0lOCLmNQJGyA==/com.google.android.gms-a0e_AySruvvgbDhYG8Z6yQ==/split_MeasurementDynamite_installtime.dm) is kOatUpToDate with filter 'verify' executable 'false'
07-01 10:15:31.695  3176  3192 I artd    : GetBestInfo: /data/user_de/0/com.google.android.gms/app_chimera/m/0000000e/dl-IdentityCredentialsPlatform.optional_262031100800.apk has no usable artifacts
07-01 10:15:31.695  3176  3192 I artd    : GetBestInfo: /data/user_de/0/com.google.android.gms/app_chimera/m/00000001/CronetDynamite.apk has no usable artifacts
07-01 10:15:31.696  3176  3192 I artd    : GetBestInfo: /data/user_de/0/com.google.android.gms/app_chimera/m/00000013/dl-TfliteDynamiteDynamite.integ_252130102100800.apk has no usable artifacts
07-01 10:15:31.697  3176  3192 I artd    : GetBestInfo: /data/user_de/0/com.google.android.gms/app_chimera/m/00000002/DynamiteLoader.apk has no usable artifacts
07-01 10:15:31.698  3176  3192 I artd    : GetBestInfo: /data/user_de/0/com.google.android.gms/app_chimera/m/0000000c/dl-IdentityCredentialsPlatform.optional_261136100800.apk has no usable artifacts
07-01 10:15:31.699  3176  3192 I artd    : GetBestInfo: /data/user_de/0/com.google.android.gms/app_chimera/m/00000005/GoogleCertificates.apk has no usable artifacts
07-01 10:15:31.701  3176  3192 I artd    : GetBestInfo: /data/user_de/0/com.google.android.gms/app_chimera/m/0000000a/dl-TfliteDynamiteDynamite.integ_260580502100800.apk has no usable artifacts
07-01 10:15:31.702  3176  3192 I artd    : GetBestInfo: /data/user_de/0/com.google.android.gms/app_chimera/m/00000016/dl-PlayCloudSearch.optional_262031100000.apk has no usable artifacts
07-01 10:15:31.703  3176  3192 I artd    : GetBestInfo: /data/user_de/0/com.google.android.gms/app_chimera/m/00000014/dl-MlkitOcrCommon.optional_262031100800.apk has no usable artifacts
07-01 10:15:31.704  3176  3192 I artd    : GetBestInfo: /data/user_de/0/com.google.android.gms/app_chimera/m/00000008/dl-VisionOcr.optional_261136100000.apk has no usable artifacts
07-01 10:15:31.705  3176  3192 I artd    : GetBestInfo: /data/user_de/0/com.google.android.gms/app_chimera/m/00000010/dl-Appsearch.optional_262031100800.apk has no usable artifacts
07-01 10:15:31.707  3176  3192 I artd    : GetBestInfo: /data/user_de/0/com.google.android.gms/app_chimera/m/0000000b/dl-Appsearch.optional_261136100800.apk has no usable artifacts
07-01 10:15:31.708  3176  3192 I artd    : GetBestInfo: vdex next to the dex file (/data/user/0/com.google.android.gms/app_dg_cache/9BCBC14EE674B00B958D4B0C5B4BD883630AA39E/oat/x86_64/the.vdex) is kOatUpToDate with filter 'verify' executable 'false'
07-01 10:15:31.709  3176  3192 I artd    : GetBestInfo: /data/user_de/0/com.google.android.gms/app_chimera/m/00000009/dl-MlkitOcrCommon.optional_261136100800.apk has no usable artifacts
07-01 10:15:31.710  3176  3192 I artd    : GetBestInfo: /data/user/0/com.google.android.gms/app_dg_cache/22DA9D7AD8ED7504E0CAC64C41ECDBD7068924E0/the.apk has no usable artifacts
07-01 10:15:31.711  3176  3192 I artd    : GetBestInfo: vdex next to the dex file (/data/user/0/com.google.android.gms/app_dg_cache/FEE57AEA14526BE59FD8AB1365237E7B7A5CE7CB/oat/x86_64/the.vdex) is kOatUpToDate with filter 'verify' executable 'false'
07-01 10:15:31.712  3176  3192 I artd    : GetBestInfo: vdex next to the dex file (/data/user/0/com.google.android.gms/app_dg_cache/1C62BDE86218FBAA50DF06C4A79F5C3FE74B69EC/oat/x86_64/the.vdex) is kOatUpToDate with filter 'verify' executable 'false'
07-01 10:15:31.713  3176  3192 I artd    : GetBestInfo: /data/user_de/0/com.google.android.gms/app_chimera/m/0000000f/dl-VisionOcr.optional_262031100000.apk has no usable artifacts
07-01 10:15:31.714  3176  3192 I artd    : GetBestInfo: /data/user_de/0/com.google.android.gms/app_chimera/m/00000015/dl-MlkitBarcodeUi.optional_262031100800.apk has no usable artifacts
07-01 10:15:31.715  3176  3192 I artd    : GetBestInfo: /data/user_de/0/com.google.android.gms/app_chimera/m/00000007/MeasurementDynamite.apk has no usable artifacts
07-01 10:15:31.744   692   892 I AdbWifiNetworkMonitor: Wi-Fi network available
07-01 10:15:31.744   692   892 I AdbWifiNetworkMonitor: Received the same Wi-Fi SSID. Ignoring.
07-01 10:15:31.746   692   860 I HalDevMgr: bestIfaceCreationProposal is null, requestIface=STA, existingIface=[name=wlan0 type=STA]
07-01 10:15:31.747  4397  4547 D WM-WorkConstraintsTrack: NetworkRequestConstraintController onCapabilitiesChanged callback
07-01 10:15:31.748   692   866 W libbinder.IPCThreadState: Sending oneway calls to frozen process.
07-01 10:15:31.749   692   866 W libbinder.IPCThreadState: Sending oneway calls to frozen process.
07-01 10:15:31.749   692   866 W libbinder.IPCThreadState: Sending oneway calls to frozen process.
07-01 10:15:31.749  5429  5471 I BugleRcsEngine: handleMessage processing message:[NOTIFY_UPTIME_IGNORE_STATE_CHANGED] with [non-null]:RcsEngineImpl reference [CONTEXT log_prefix="RcsEngineImpl[DUAL_REG]:[16822a33-62db]>Handler" thread_id=64 ]
07-01 10:15:31.749  5429  5467 I BugleRcsEngine: Connected state: [1], networkType: [WIFI] [CONTEXT thread_id=63 ]
07-01 10:15:31.751  1331  2351 I NullBinder: NullBinder for android.net.action.RECOMMEND_NETWORKS triggering remote TransactionTooLargeException due to Service without Chimera impl, calling uid: 1000, calling pid: 0
07-01 10:15:31.752  1331  2351 W libbinder.Binder: Large reply transaction of 1056768 bytes, interface descriptor , function: UNKNOWN_FUNCTION_NAME, code: 1, flags: 17
07-01 10:15:31.753   692   866 D ConnectivityService: NetReassign [no changes] [c 1] [a 1] [i 0]
07-01 10:15:31.753  1331 24223 I NearbyMediums: Wifi changed new SSID: "AndroidWifi"
07-01 10:15:31.753  1331 24223 I NearbyMediums: WifiLanConnectivityInfo is not changed, skip notify.
07-01 10:15:31.754  5429  5471 I BugleRcsEngine: No RCS Configuration was found in Bugle for simID: redacted-pii:sim_id[chars:20,last3:897] [CONTEXT log_prefix="ProvisioningEngineDataRetriever" thread_id=64 ]
07-01 10:15:32.250  1331  1331 I NearbySharing: Network state changed: NetworkState(isRestricted=false, isOnline=true, isCongested=false, isMetered=false, isWifiConnected=true)
07-01 10:15:34.754   692   860 I HalDevMgr: bestIfaceCreationProposal is null, requestIface=STA, existingIface=[name=wlan0 type=STA]
07-01 10:15:35.235  1119  1246 D SatelliteController: isInCarrierRoamingNbIotNtn: satellite is disabled
07-01 10:15:35.235  1119  1246 D SatelliteController: getCarrierRoamingNtnConnectType: Checking connect type from PLMN config for subId: 1
07-01 10:15:35.235  1119  1246 D TelephonyConfigUpdateInstallReceiver: getConfigParser: domain=satellite
07-01 10:15:35.235  1119  1246 V SatelliteController: satelliteConfigParser is not ready
07-01 10:15:35.235  1119  1246 D SatelliteController: isSatelliteAttachSupportedViaConfigupdater: return null (satelliteConfig is null)
07-01 10:15:35.235  1119  1246 D SatelliteController: getSatellitePerPlmnConfiguration: invalid subId or not supported via carrier.
07-01 10:15:35.235  1119  1246 D SatelliteController: getCarrierRoamingNtnConnectType: config: null
07-01 10:15:35.235  1119  1246 D TelephonyConfigUpdateInstallReceiver: getConfigParser: domain=satellite
07-01 10:15:35.235  1119  1246 V SatelliteController: satelliteConfigParser is not ready
07-01 10:15:35.235  1119  1246 D SatelliteController: getCarrierRoamingNtnConnectTypeViaConfigUpdater: return null (satelliteConfig is null)
07-01 10:15:35.236  1119  1246 D SatelliteController: getCarrierRoamingNtnConnectType: Falling back to global carrier config connect type: 0
07-01 10:15:35.236  1119  1246 D TelephonyConfigUpdateInstallReceiver: getConfigParser: domain=satellite
07-01 10:15:35.236  1119  1246 V SatelliteController: satelliteConfigParser is not ready
07-01 10:15:35.236  1119  1246 D SatelliteController: isSatelliteAttachSupportedViaConfigupdater: return null (satelliteConfig is null)
07-01 10:15:35.236  1119  1246 D SatelliteController: getCarrierRoamingNtnConnectType: Checking connect type from PLMN config for subId: 1
07-01 10:15:35.236  1119  1246 D TelephonyConfigUpdateInstallReceiver: getConfigParser: domain=satellite
07-01 10:15:35.236  1119  1246 V SatelliteController: satelliteConfigParser is not ready
07-01 10:15:35.236  1119  1246 D SatelliteController: isSatelliteAttachSupportedViaConfigupdater: return null (satelliteConfig is null)
07-01 10:15:35.236  1119  1246 D SatelliteController: getSatellitePerPlmnConfiguration: invalid subId or not supported via carrier.
07-01 10:15:35.236  1119  1246 D SatelliteController: getCarrierRoamingNtnConnectType: config: null
07-01 10:15:35.236  1119  1246 D TelephonyConfigUpdateInstallReceiver: getConfigParser: domain=satellite
07-01 10:15:35.236  1119  1246 V SatelliteController: satelliteConfigParser is not ready
07-01 10:15:35.236  1119  1246 D SatelliteController: getCarrierRoamingNtnConnectTypeViaConfigUpdater: return null (satelliteConfig is null)
07-01 10:15:35.237  1119  1246 D SatelliteController: getCarrierRoamingNtnConnectType: Falling back to global carrier config connect type: 0
07-01 10:15:35.237  1119  1246 D TelephonyConfigUpdateInstallReceiver: getConfigParser: domain=satellite
07-01 10:15:35.237  1119  1246 V SatelliteController: satelliteConfigParser is not ready
07-01 10:15:35.237  1119  1246 D SatelliteController: isSatelliteAttachSupportedViaConfigupdater: return null (satelliteConfig is null)
07-01 10:15:37.759   692   860 I HalDevMgr: bestIfaceCreationProposal is null, requestIface=STA, existingIface=[name=wlan0 type=STA]
07-01 10:15:39.100   692   786 W AppOps  : Noting op not finished: uid 10203 pkg com.google.android.gms code 113 startTime of in progress event=1782900831089
07-01 10:15:39.112   692  2077 W AppOps  : Noting op not finished: uid 10203 pkg com.google.android.gms code 79 startTime of in progress event=1782900831089
07-01 10:15:39.115  1331  1806 I ActivityScheduler: nextTriggerTime: 14043574, in 238100ms, detectorType: 39, FULL_TYPE alarmWindowMillis: 80000
07-01 10:15:39.515   692   793 D ActivityManager: sync unfroze 28264 com.aiquota.mobile for 6
07-01 10:15:39.518   587 19880 W libbinder.IPCThreadState: Sending oneway calls to frozen process.
07-01 10:15:39.529 28264 28322 I WM-WorkerWrapper: Worker result SUCCESS for Work [ id=e8fef27a-f1a2-4fb7-88f4-a9685f51a12e, tags={ com.aiquota.mobile.sync.ForegroundRefreshHealthWorker } ]
07-01 10:15:39.531   692  2048 W ProcessStats: Tracking association SourceState{e0600f5 system/1000 ImpBg #12919} whose proc state 6 is better than process ProcessState{aab56f2 com.aiquota.mobile/10233 pkg=com.aiquota.mobile} proc state 14 (1 skipped)
07-01 10:15:39.532 28264 28328 I PlayCore: UID: [10233]  PID: [28264] AppUpdateService : requestUpdateInfo(com.aiquota.mobile)
07-01 10:15:39.534 28264 28517 I PlayCore: UID: [10233]  PID: [28264] AppUpdateService : Initiate binding to the service.
07-01 10:15:39.536   692   866 W libbinder.IPCThreadState: Sending oneway calls to frozen process.
07-01 10:15:39.536   692   866 W libbinder.IPCThreadState: Sending oneway calls to frozen process.
07-01 10:15:39.538   692  2077 D ActivityManager: sync unfroze 4822 com.android.vending for 6
07-01 10:15:39.604 28264 28264 I PlayCore: UID: [10233]  PID: [28264] AppUpdateService : ServiceConnectionImpl.onServiceConnected(ComponentInfo{com.android.vending/com.google.android.finsky.installservice.DevTriggeredUpdateService})
07-01 10:15:39.605 28264 28517 I PlayCore: UID: [10233]  PID: [28264] AppUpdateService : linkToDeath
07-01 10:15:39.675  4822 28519 I Finsky  : [576] com.aiquota.mobile is installed but certificate mismatch
07-01 10:15:39.686   954   954 I wpa_supplicant: wlan0: CTRL-EVENT-BEACON-LOSS 
07-01 10:15:40.102   692  2077 W AppOps  : Noting op not finished: uid 10203 pkg com.google.android.gms code 113 startTime of in progress event=1782900831089
07-01 10:15:40.766   692   860 I HalDevMgr: bestIfaceCreationProposal is null, requestIface=STA, existingIface=[name=wlan0 type=STA]
07-01 10:15:40.769  1074  1202 D IpClient/wlan0: interfaceLinkStateChanged: ifindex 16 up
07-01 10:15:40.774  1074  1202 D IpClient/wlan0: interfaceLinkStateChanged: ifindex 16 up
07-01 10:15:40.838  4822  4903 I cn_CronetUrlRequestContext: destroyNativeStreamLocked android.net.http.internal.org.chromium.net.impl.CronetBidirectionalStream@40d46dc
07-01 10:15:40.847  4822  4854 E SQLiteLog: (1032) statement aborts at 20: attempt to write a readonly database; [INSERT OR REPLACE INTO streamdata(id,account_name,data,space_occupied,expiration_time,soft_expiration_time) VALUES (?,?,?,?,?,?)]
07-01 10:15:40.858 28264 28489 I PlayCore: UID: [10233]  PID: [28264] OnRequestInstallCallback : onRequestInfo
07-01 10:15:40.859 28264 28517 I PlayCore: UID: [10233]  PID: [28264] AppUpdateService : Unbind from service.
07-01 10:15:40.863  4822  4822 I Finsky  : [2] Memory trim requested to level 40
07-01 10:15:40.865  4822  4822 I Finsky  : [2] Flushing in-memory image cache
07-01 10:15:40.873 28264 28319 I WM-WorkerWrapper: Worker result SUCCESS for Work [ id=89ffd6a9-e7b8-4195-8ce3-b6a98f47243a, tags={ com.aiquota.mobile.update.AppUpdateCheckWorker } ]
07-01 10:15:40.876   587 16640 W libbinder.IPCThreadState: Sending oneway calls to frozen process.
07-01 10:15:40.878   587 16640 W libbinder.IPCThreadState: Sending oneway calls to frozen process.
07-01 10:15:41.079  4430  4572 W AiAiEcho: LyftNotificationParser Ridesharing ETA not enabled
07-01 10:15:41.079  4430  4572 I AiAiEcho: SmartspaceNotificationPredictor no parser can handle this notification or notification is invalid
07-01 10:15:41.555   539   539 I adbd    : adbd service requested 'shell,v2,raw:dumpsys package com.google.android.gms'
07-01 10:15:41.652   692   702 I system_server: Background young concurrent mark compact GC freed 23MB AllocSpace bytes, 4(128KB) LOS objects, 36% free, 41MB/65MB, paused 4.009ms,24.201ms total 50.227ms
07-01 10:15:41.712  3176  3192 I artd    : GetBestInfo: odex next to the dex file (/data/app/~~pUpe9D-hsv0lOCLmNQJGyA==/com.google.android.gms-a0e_AySruvvgbDhYG8Z6yQ==/oat/x86_64/base.odex) is kOatUpToDate with filter 'speed-profile' executable 'false'
07-01 10:15:41.713  3176  3192 I artd    : GetBestInfo: dm (/data/app/~~pUpe9D-hsv0lOCLmNQJGyA==/com.google.android.gms-a0e_AySruvvgbDhYG8Z6yQ==/split_AdsDynamite_installtime.dm) is kOatUpToDate with filter 'verify' executable 'false'
07-01 10:15:41.714  3176  3192 I artd    : GetBestInfo: odex next to the dex file (/data/app/~~pUpe9D-hsv0lOCLmNQJGyA==/com.google.android.gms-a0e_AySruvvgbDhYG8Z6yQ==/oat/x86_64/split_CronetDynamite_installtime.odex) is kOatUpToDate with filter 'speed-profile' executable 'false'
07-01 10:15:41.715  3176  3192 I artd    : GetBestInfo: dm (/data/app/~~pUpe9D-hsv0lOCLmNQJGyA==/com.google.android.gms-a0e_AySruvvgbDhYG8Z6yQ==/split_DynamiteLoader_installtime.dm) is kOatUpToDate with filter 'verify' executable 'false'
07-01 10:15:41.716  3176  3192 I artd    : GetBestInfo: dm (/data/app/~~pUpe9D-hsv0lOCLmNQJGyA==/com.google.android.gms-a0e_AySruvvgbDhYG8Z6yQ==/split_DynamiteModulesA_installtime.dm) is kOatUpToDate with filter 'verify' executable 'false'
07-01 10:15:41.717  3176  3192 I artd    : GetBestInfo: dm (/data/app/~~pUpe9D-hsv0lOCLmNQJGyA==/com.google.android.gms-a0e_AySruvvgbDhYG8Z6yQ==/split_DynamiteModulesC_installtime.dm) is kOatUpToDate with filter 'verify' executable 'false'
07-01 10:15:41.719  3176  3192 I artd    : GetBestInfo: dm (/data/app/~~pUpe9D-hsv0lOCLmNQJGyA==/com.google.android.gms-a0e_AySruvvgbDhYG8Z6yQ==/split_GoogleCertificates_installtime.dm) is kOatUpToDate with filter 'verify' executable 'false'
07-01 10:15:41.720  3176  3192 I artd    : GetBestInfo: dm (/data/app/~~pUpe9D-hsv0lOCLmNQJGyA==/com.google.android.gms-a0e_AySruvvgbDhYG8Z6yQ==/split_MapsDynamite_installtime.dm) is kOatUpToDate with filter 'verify' executable 'false'
07-01 10:15:41.721  3176  3192 I artd    : GetBestInfo: dm (/data/app/~~pUpe9D-hsv0lOCLmNQJGyA==/com.google.android.gms-a0e_AySruvvgbDhYG8Z6yQ==/split_MeasurementDynamite_installtime.dm) is kOatUpToDate with filter 'verify' executable 'false'
07-01 10:15:41.722  3176  3192 I artd    : GetBestInfo: /data/user_de/0/com.google.android.gms/app_chimera/m/0000000e/dl-IdentityCredentialsPlatform.optional_262031100800.apk has no usable artifacts
07-01 10:15:41.723  3176  3192 I artd    : GetBestInfo: /data/user_de/0/com.google.android.gms/app_chimera/m/00000001/CronetDynamite.apk has no usable artifacts
07-01 10:15:41.723  3176  3192 I artd    : GetBestInfo: /data/user_de/0/com.google.android.gms/app_chimera/m/00000013/dl-TfliteDynamiteDynamite.integ_252130102100800.apk has no usable artifacts
07-01 10:15:41.724  3176  3192 I artd    : GetBestInfo: /data/user_de/0/com.google.android.gms/app_chimera/m/00000002/DynamiteLoader.apk has no usable artifacts
07-01 10:15:41.725  3176  3192 I artd    : GetBestInfo: /data/user_de/0/com.google.android.gms/app_chimera/m/0000000c/dl-IdentityCredentialsPlatform.optional_261136100800.apk has no usable artifacts
07-01 10:15:41.725  3176  3192 I artd    : GetBestInfo: /data/user_de/0/com.google.android.gms/app_chimera/m/00000005/GoogleCertificates.apk has no usable artifacts
07-01 10:15:41.727  3176  3192 I artd    : GetBestInfo: /data/user_de/0/com.google.android.gms/app_chimera/m/0000000a/dl-TfliteDynamiteDynamite.integ_260580502100800.apk has no usable artifacts
07-01 10:15:41.728  3176  3192 I artd    : GetBestInfo: /data/user_de/0/com.google.android.gms/app_chimera/m/00000016/dl-PlayCloudSearch.optional_262031100000.apk has no usable artifacts
07-01 10:15:41.729  3176  3192 I artd    : GetBestInfo: /data/user_de/0/com.google.android.gms/app_chimera/m/00000014/dl-MlkitOcrCommon.optional_262031100800.apk has no usable artifacts
07-01 10:15:41.731  3176  3192 I artd    : GetBestInfo: /data/user_de/0/com.google.android.gms/app_chimera/m/00000008/dl-VisionOcr.optional_261136100000.apk has no usable artifacts
07-01 10:15:41.731  3176  3192 I artd    : GetBestInfo: /data/user_de/0/com.google.android.gms/app_chimera/m/00000010/dl-Appsearch.optional_262031100800.apk has no usable artifacts
07-01 10:15:41.733  3176  3192 I artd    : GetBestInfo: /data/user_de/0/com.google.android.gms/app_chimera/m/0000000b/dl-Appsearch.optional_261136100800.apk has no usable artifacts
07-01 10:15:41.734  3176  3192 I artd    : GetBestInfo: vdex next to the dex file (/data/user/0/com.google.android.gms/app_dg_cache/9BCBC14EE674B00B958D4B0C5B4BD883630AA39E/oat/x86_64/the.vdex) is kOatUpToDate with filter 'verify' executable 'false'
07-01 10:15:41.735  3176  3192 I artd    : GetBestInfo: /data/user_de/0/com.google.android.gms/app_chimera/m/00000009/dl-MlkitOcrCommon.optional_261136100800.apk has no usable artifacts
07-01 10:15:41.736  3176  3192 I artd    : GetBestInfo: /data/user/0/com.google.android.gms/app_dg_cache/22DA9D7AD8ED7504E0CAC64C41ECDBD7068924E0/the.apk has no usable artifacts
07-01 10:15:41.737  3176  3192 I artd    : GetBestInfo: vdex next to the dex file (/data/user/0/com.google.android.gms/app_dg_cache/FEE57AEA14526BE59FD8AB1365237E7B7A5CE7CB/oat/x86_64/the.vdex) is kOatUpToDate with filter 'verify' executable 'false'
07-01 10:15:41.738  3176  3192 I artd    : GetBestInfo: vdex next to the dex file (/data/user/0/com.google.android.gms/app_dg_cache/1C62BDE86218FBAA50DF06C4A79F5C3FE74B69EC/oat/x86_64/the.vdex) is kOatUpToDate with filter 'verify' executable 'false'
07-01 10:15:41.739  3176  3192 I artd    : GetBestInfo: /data/user_de/0/com.google.android.gms/app_chimera/m/0000000f/dl-VisionOcr.optional_262031100000.apk has no usable artifacts
07-01 10:15:41.740  3176  3192 I artd    : GetBestInfo: /data/user_de/0/com.google.android.gms/app_chimera/m/00000015/dl-MlkitBarcodeUi.optional_262031100800.apk has no usable artifacts
07-01 10:15:41.741  3176  3192 I artd    : GetBestInfo: /data/user_de/0/com.google.android.gms/app_chimera/m/00000007/MeasurementDynamite.apk has no usable artifacts
07-01 10:15:42.861  4822  4973 E PlayCommon: [80] Metalog directories were deleted unexpectedly, recreating...
07-01 10:15:43.523   539   539 I adbd    : adbd service requested 'shell,v2,TERM=xterm-256color:export ANDROID_LOG_TAGS=''; exec logcat '-d''
