--------- beginning of main
07-01 10:05:03.514   539   539 I adbd    : adbd service requested 'shell,v2,TERM=xterm-256color,raw:am start -n com.aiquota.mobile/.debug.ProviderLoginDebugActivity --es provider_id glm --es start_url https://z.ai/manage-apikey/coding-plan/personal/usage'
--------- beginning of system
07-01 10:05:03.532   692  2048 W ActivityTaskManager: callingPackage for (uid=2000, pid=27150) has no WPC
07-01 10:05:03.533   692  2048 V GrammaticalInflectionUtils: AttributionSource: android.content.AttributionSource@5a99a687 does not have READ_SYSTEM_GRAMMATICAL_GENDER permission.
07-01 10:05:03.535  1124  1124 D RecentsView: onTaskDisplayChanged: 584, new displayId = 0
07-01 10:05:03.538   527   540 I libbinder.BpBinder: onLastStrongRef automatically unlinking death recipients for binder (0x7594bf047ab0) with descriptor: '(not cached)'
07-01 10:05:03.540   692   941 D CompatChangeReporter: Compat change id reported: 309578419; UID 10233; state: ENABLED
07-01 10:05:03.540   976  1041 V RecentTasksController: Notify recent tasks changed
07-01 10:05:03.540  1124  1124 D BaseActivity: Launcher flags updated: [state_started|state_resumed|state_deferred_resumed|state_window_focused|state_user_active] -[]
07-01 10:05:03.541   976  1041 D ShellDesktopMode: DesktopRepository(0): Removes freeform task: taskId=583
07-01 10:05:03.541   976  1041 W ShellDesktopMode: DesktopRepository(0): No display id found for task: taskId=583
07-01 10:05:03.541   976  1041 V RecentTasksController: Notify recent tasks changed
07-01 10:05:03.542   692  2048 V ActivityTaskManager: TaskLaunchParamsModifier: phase=3 task=Task{57dc842 #584 type=standard A=10233:com.aiquota.mobile} activity=ActivityRecord{27147917 u0 com.aiquota.mobile/.debug.ProviderLoginDebugActivity t-1} display-from-task=0 display-id=0 task-display-area-windowing-mode=1 suggested-display-area=DefaultTaskDisplayArea@146288658 inherit-from-task=fullscreen non-freeform-task-display-area display-area=DefaultTaskDisplayArea@146288658 skip-bounds-fullscreen
07-01 10:05:03.542   692  2048 I ActivityTaskManager: START u0 {flg=0x10000000 xflg=0x4 cmp=com.aiquota.mobile/.debug.ProviderLoginDebugActivity (has extras)} with LAUNCH_MULTIPLE from uid 2000 (com.android.shell) (BAL_ALLOW_PERMISSION) result code=0
07-01 10:05:03.543   976  1041 V WindowManagerShell: Transition requested (#103): android.os.BinderProxy@fc5e8dc TransitionRequestInfo { type = OPEN, triggerTask = TaskInfo{userId=0 taskId=584 effectiveUid=10233 displayId=0 isRunning=true baseIntent=Intent { flg=0x10000000 cmp=com.aiquota.mobile/.debug.ProviderLoginDebugActivity } baseActivity=ComponentInfo{com.aiquota.mobile/com.aiquota.mobile.debug.ProviderLoginDebugActivity} topActivity=ComponentInfo{com.aiquota.mobile/com.aiquota.mobile.debug.ProviderLoginDebugActivity} origActivity=null realActivity=ComponentInfo{com.aiquota.mobile/com.aiquota.mobile.debug.ProviderLoginDebugActivity} realActivityIsAppLockEnabled=false numActivities=1 lastActiveTime=13169898 supportsMultiWindow=true supportsMultiWindowWithoutConstraints=true resizeMode=1 isResizeable=true minWidth=-1 minHeight=-1 defaultMinSize=220 token=WCT{android.os.BinderProxy@a5f5de5} topActivityType=1 pictureInPictureParams=null shouldDockBigOverlays=false launchIntoPipHostTaskId=-1 lastParentTaskIdBeforePip=-1 displayCutoutSafeInsets=Rect(0, 132 - 0, 0) topActivityInfo=ActivityInfo{d54f0ba com.aiquota.mobile.debug.ProviderLoginDebugActivity} launchCookies=[] positionInParent=Point(0, 0) parentTaskId=-1 isFocused=false isInteractive=false isVisible=false isVisibleRequested=false isTopActivityNoDisplay=false isSleeping=false locusId=null displayAreaFeatureId=1 isTopActivityTransparent=false isActivityStackTransparent=false lastNonFullscreenBounds=null leafTaskBoundsFromOptions= false capturedLink=null capturedLinkTimestamp=0 requestedVisibleTypes=503 topActivityRequestOpenInBrowserEducationTimestamp=0 appCompatTaskInfo=AppCompatTaskInfo { topActivityInSizeCompat=false isLeafTask= true eligibleForLetterboxEducation= false isLetterboxEducationEnabled= true isLetterboxDoubleTapEnabled= false eligibleForUserAspectRatioButton= false topActivityBoundsLetterboxed= false isFromLetterboxDoubleTap= false topActivityLetterboxVerticalPosition= -1 topActivityLetterboxHorizontalPosition= -1 topActivityLetterboxWidth=-1 topActivityLetterboxHeight=-1 topActivityAppBounds=Rect(0, 0 - 1080, 2400) isUserFullscreenOverrideEnabled=false isSystemFullscreenOverrideEnabled=false hasMinAspectRatioOverride=false topActivityLetterboxBounds=null topNonResizableActivityAspectRatio=-1.0} topActivityMainWindowFrame=null isAppBubble=false}, pipChange = null, remoteTransitionInfo = null, displayChanges = null, requestedLocation = null, userChange = null, windowingLayerChange = null, fullscreenRequestChange = null, flags = 0, debugId = 103 }
07-01 10:05:03.543   976  1041 W DisconnectHandler: No disconnect change found in the transition, not handling request.
07-01 10:05:03.543   976  1041 V ShellDesktopMode: DesktopTasksController: skipping handleRequest reason=triggerTask's display doesn't support desktop mode
07-01 10:05:03.543   976  1041 D ShellSplitScreen: logExit: no-op, mLoggerSessionId is null
07-01 10:05:03.544  1124  1124 D BaseActivity: Launcher flags updated: [state_started|state_resumed|state_deferred_resumed|state_window_focused] -[state_user_active]
07-01 10:05:03.544  1124  1124 D BaseActivity: Launcher flags updated: [state_started|state_window_focused] -[state_resumed|state_deferred_resumed]
07-01 10:05:03.545  1124  1124 W SplitSelectStateCtor: Missing session instanceIds
07-01 10:05:03.545  1124  1124 D StatsLog: LAUNCHER_SPLIT_SELECTION_EXIT_INTERRUPTED
07-01 10:05:03.546   976  1110 I Surface : Creating surface for consumer unnamed-976-42 with slotExpansion=1 for 64 slots
07-01 10:05:03.548   692  2048 D CompatChangeReporter: Compat change id reported: 324203798; UID 10233; state: ENABLED
07-01 10:05:03.551   587 24888 W libbinder.IPCThreadState: Sending oneway calls to frozen process.
07-01 10:05:03.552   692  2048 V WindowManager: Defer transition id=103 for TaskFragmentTransaction=android.os.Binder@7a4268e
07-01 10:05:03.553  1124  1124 D RecentTasksList: invalidateLoadedTasks - previous requestLoadId: -1
07-01 10:05:03.553  1124  1124 D RecentTasksList: invalidateLoadedTasks - previous requestLoadId: -1
07-01 10:05:03.557   976  1041 D WindowManagerShell: setLauncherKeepClearAreaHeight: visible=false, height=495
07-01 10:05:03.561   587 24888 W libbinder.IPCThreadState: Sending oneway calls to frozen process.
07-01 10:05:03.561   692   707 W InputChannel-JNI: Channel already disposed.
07-01 10:05:03.563   692  2048 V WindowManager: Continue transition id=103 for TaskFragmentTransaction=android.os.Binder@7a4268e
07-01 10:05:03.565 26793 27154 W libc    : Access denied finding property "vendor.mesa.virtgpu.kumquat"
07-01 10:05:03.599 26793 27154 W HWUI    : Failed to choose config with EGL_SWAP_BEHAVIOR_PRESERVED, retrying without...
07-01 10:05:03.603 26793 27154 W HWUI    : Failed to initialize 101010-2 format, error = EGL_SUCCESS
07-01 10:05:03.635   976  1110 E ConsumerBase: [ImageReader-420x420f1u2816m2-976-19] abandonLocked: ConsumerBase is abandoned!
07-01 10:05:03.642   692   941 V GrammaticalInflectionUtils: AttributionSource: android.content.AttributionSource@5a99a687 does not have READ_SYSTEM_GRAMMATICAL_GENDER permission.
07-01 10:05:03.648   692   941 V ActivityTaskManager: TaskLaunchParamsModifier: phase=3 task=Task{57dc842 #584 type=standard A=10233:com.aiquota.mobile} activity=ActivityRecord{161412263 u0 com.aiquota.mobile/.providers.WebLoginActivity t-1} display-area-from-source=DefaultTaskDisplayArea@146288658 display-id=0 task-display-area-windowing-mode=1 suggested-display-area=DefaultTaskDisplayArea@146288658 inherit-from-source=fullscreen non-freeform-task-display-area display-area=DefaultTaskDisplayArea@146288658 skip-bounds-fullscreen
07-01 10:05:03.648   692   941 I ActivityTaskManager: START u0 {xflg=0x4 cmp=com.aiquota.mobile/.providers.WebLoginActivity (has extras)} with LAUNCH_MULTIPLE from uid 10233 (com.aiquota.mobile) (sr=27147917) (BAL_ALLOW_VISIBLE_WINDOW) result code=0
07-01 10:05:03.648   976  1109 D WindowOnBackDispatcher: setTopOnBackInvokedCallback (unwrapped): android.view.ViewRootImpl$$ExternalSyntheticLambda14@427ad99
07-01 10:05:03.648   692   941 D CoreBackPreview: Window{73d52bc u0 Splash Screen com.aiquota.mobile}: Setting back callback OnBackInvokedCallbackInfo{mCallback=android.window.IOnBackInvokedCallback$Stub$Proxy@33c3443, mPriority=0, mIsAnimationCallback=false, mOverrideBehavior=0}
07-01 10:05:03.652   692   941 D WindowManager: setClientSurface Surface(name=VRI-Splash Screen com.aiquota.mobile#824)/@0x760dac0 for 73d52bc Splash Screen com.aiquota.mobile
07-01 10:05:03.656   976  1041 V RecentTasksController: Notify recent tasks changed
07-01 10:05:03.656   976  1109 I Surface : Creating surface for consumer unnamed-976-43 with slotExpansion=1 for 64 slots
07-01 10:05:03.657   976  1041 V RecentTasksController: generateList(getRecentTasks)
07-01 10:05:03.657   976  1109 I Surface : Creating surface for consumer VRI[mobile]#23(BLAST Consumer)23 with slotExpansion=1 for 64 slots
07-01 10:05:03.657   976  1041 V RecentTasksController: initializeDesksMap - allDeskIds: []
07-01 10:05:03.657   976  1041 V RecentTasksController: Task 584 is not an active desktop task
07-01 10:05:03.657   976  1041 V RecentTasksController: Added fullscreen task: 584
07-01 10:05:03.657   976  1041 V RecentTasksController: Task 496 is not an active desktop task
07-01 10:05:03.657   976  1041 V RecentTasksController: Added fullscreen task: 496
07-01 10:05:03.657   976  1041 V RecentTasksController: Task 509 is not an active desktop task
07-01 10:05:03.657   976  1041 V RecentTasksController: Added fullscreen task: 509
07-01 10:05:03.657   976  1041 V RecentTasksController: generateList - complete
07-01 10:05:03.658 26793 26793 D CompatChangeReporter: Compat change id reported: 309578419; UID 10233; state: ENABLED
07-01 10:05:03.659  1124  1223 D PreloadThumbnailUseCase: Preloading thumbnails for task ids: [[id=509 windowingMode=0 user=0 lastActiveTime=23280] null, [id=496 windowingMode=0 user=0 lastActiveTime=23281] null, [id=584 windowingMode=1 user=0 lastActiveTime=13170005] null]
07-01 10:05:03.681  1124  1124 D BaseActivity: Launcher flags updated: [state_started] -[state_window_focused]
07-01 10:05:03.682  1124  1124 D RecentTasksList: invalidateLoadedTasks - previous requestLoadId: -1
07-01 10:05:03.722   692   712 V WindowManager: Sent Transition (#103) createdAt=07-01 10:05:03.534 via request=TransitionRequestInfo { type = OPEN, triggerTask = TaskInfo{userId=0 taskId=584 effectiveUid=10233 displayId=0 isRunning=true baseIntent=Intent { flg=0x10000000 cmp=com.aiquota.mobile/.debug.ProviderLoginDebugActivity } baseActivity=ComponentInfo{com.aiquota.mobile/com.aiquota.mobile.debug.ProviderLoginDebugActivity} topActivity=ComponentInfo{com.aiquota.mobile/com.aiquota.mobile.debug.ProviderLoginDebugActivity} origActivity=null realActivity=ComponentInfo{com.aiquota.mobile/com.aiquota.mobile.debug.ProviderLoginDebugActivity} realActivityIsAppLockEnabled=false numActivities=1 lastActiveTime=13169898 supportsMultiWindow=true supportsMultiWindowWithoutConstraints=true resizeMode=1 isResizeable=true minWidth=-1 minHeight=-1 defaultMinSize=220 token=WCT{RemoteToken{ee3d19f Task{57dc842 #584 type=standard A=10233:com.aiquota.mobile}}} topActivityType=1 pictureInPictureParams=null shouldDockBigOverlays=false launchIntoPipHostTaskId=-1 lastParentTaskIdBeforePip=-1 displayCutoutSafeInsets=Rect(0, 132 - 0, 0) topActivityInfo=ActivityInfo{d8e2ec com.aiquota.mobile.debug.ProviderLoginDebugActivity} launchCookies=[] positionInParent=Point(0, 0) parentTaskId=-1 isFocused=false isInteractive=false isVisible=false isVisibleRequested=false isTopActivityNoDisplay=false isSleeping=false locusId=null displayAreaFeatureId=1 isTopActivityTransparent=false isActivityStackTransparent=false lastNonFullscreenBounds=null leafTaskBoundsFromOptions= false capturedLink=null capturedLinkTimestamp=0 requestedVisibleTypes=503 topActivityRequestOpenInBrowserEducationTimestamp=0 appCompatTaskInfo=AppCompatTaskInfo { topActivityInSizeCompat=false isLeafTask= true eligibleForLetterboxEducation= false isLetterboxEducationEnabled= true isLetterboxDoubleTapEnabled= false eligibleForUserAspectRatioButton= false topActivityBoundsLetterboxed= false isFromLetterboxDoubleTap= false topActivityLetterboxVerticalPosition= -1 topActivityLetterboxHorizontalPosition= -1 topActivityLetterboxWidth=-1 topActivityLetterboxHeight=-1 topActivityAppBounds=Rect(0, 0 - 1080, 2400) isUserFullscreenOverrideEnabled=false isSystemFullscreenOverrideEnabled=false hasMinAspectRatioOverride=false topActivityLetterboxBounds=null topNonResizableActivityAspectRatio=-1.0} topActivityMainWindowFrame=null isAppBubble=false}, pipChange = null, remoteTransitionInfo = null, displayChanges = null, requestedLocation = null, userChange = null, windowingLayerChange = null, fullscreenRequestChange = null, flags = 0, debugId = 103 }
07-01 10:05:03.722   692   712 V WindowManager:     startWCT=WindowContainerTransaction { changes= {} hops= [] flags= 0 errorCallbackToken=null taskFragmentOrganizer=null }
07-01 10:05:03.722   692   712 V WindowManager:     info={id=103 t=OPEN f=0x0 trk=0 r=[0@Point(0, 0)] c=[
07-01 10:05:03.722   692   712 V WindowManager:         {WCT{RemoteToken{ee3d19f Task{57dc842 #584 type=standard A=10233:com.aiquota.mobile}}} m=OPEN f=MOVE_TO_TOP|FLAG_CHANGED_INTERACTIVE leash=Surface(name=Task=584#820)/@0x763d3f9 sb=Rect(0, 0 - 1080, 2400) eb=Rect(0, 0 - 1080, 2400) epz=Point(1080, 2400) d=0 taskParent=-1 winMode=1 userId=0},
07-01 10:05:03.722   692   712 V WindowManager:         {WCT{RemoteToken{9e125dd Task{1fd25e1 #1 type=home}}} m=TO_BACK f=SHOW_WALLPAPER|FLAG_CHANGED_INTERACTIVE leash=Surface(name=Task=1#35)/@0x54d2d69 sb=Rect(0, 0 - 1080, 2400) eb=Rect(0, 0 - 1080, 2400) epz=Point(1080, 2400) d=0 taskParent=-1 winMode=1 userId=0},
07-01 10:05:03.722   692   712 V WindowManager:         {m=TO_BACK f=IS_WALLPAPER leash=Surface(name=WallpaperWindowToken{52b99b6}#55)/@0x568e9c sb=Rect(0, 0 - 1080, 2400) eb=Rect(0, 0 - 1080, 2400) epz=Point(1080, 2400) d=0}
07-01 10:05:03.722   692   712 V WindowManager:     ]}
07-01 10:05:03.724   976  2230 V WindowManagerShell: onTransitionReady(transaction=2972117376265)
07-01 10:05:03.724   976  1041 V WindowManagerShell: onTransitionReady (#103) android.os.BinderProxy@fc5e8dc: {id=103 t=OPEN f=0x0 trk=0 r=[0@Point(0, 0)] c=[
07-01 10:05:03.724   976  1041 V WindowManagerShell:         {m=OPEN f=MOVE_TO_TOP|FLAG_CHANGED_INTERACTIVE leash=Surface(name=Task=584#820)/@0x6f47536 sb=Rect(0, 0 - 1080, 2400) eb=Rect(0, 0 - 1080, 2400) epz=Point(1080, 2400) d=0 taskParent=-1 winMode=1 userId=0},
07-01 10:05:03.724   976  1041 V WindowManagerShell:         {m=TO_BACK f=SHOW_WALLPAPER|FLAG_CHANGED_INTERACTIVE leash=Surface(name=Task=1#35)/@0xf908c37 sb=Rect(0, 0 - 1080, 2400) eb=Rect(0, 0 - 1080, 2400) epz=Point(1080, 2400) d=0 taskParent=-1 winMode=1 userId=0},
07-01 10:05:03.724   976  1041 V WindowManagerShell:         {m=TO_BACK f=IS_WALLPAPER leash=Surface(name=WallpaperWindowToken{52b99b6}#55)/@0x4cea5a4 sb=Rect(0, 0 - 1080, 2400) eb=Rect(0, 0 - 1080, 2400) epz=Point(1080, 2400) d=0}
07-01 10:05:03.724   976  1041 V WindowManagerShell:     ]}
07-01 10:05:03.727   976  1041 V WindowManagerShell: Playing animation for (#103) android.os.BinderProxy@fc5e8dc@0
07-01 10:05:03.727   976  1041 D ShellSplitScreen: startAnimation: transition=103 isSplitActive=false
07-01 10:05:03.727   976  1041 V ShellRecents: RecentsTransitionHandler.startAnimation: no controller found
07-01 10:05:03.727   976  1041 V ShellDesktopMode: DesktopMixedTransitionHandler: No pending desktop transition
07-01 10:05:03.728   976  1041 V WindowManagerShell: Transition doesn't have explicit remote, search filters for match for {id=103 t=OPEN f=0x0 trk=0 r=[0@Point(0, 0)] c=[{m=OPEN f=MOVE_TO_TOP|FLAG_CHANGED_INTERACTIVE leash=Surface(name=Task=584#820)/@0x6f47536 sb=Rect(0, 0 - 1080, 2400) eb=Rect(0, 0 - 1080, 2400) epz=Point(1080, 2400) d=0 taskParent=-1 winMode=1 userId=0},{m=TO_BACK f=SHOW_WALLPAPER|FLAG_CHANGED_INTERACTIVE leash=Surface(name=Task=1#35)/@0xf908c37 sb=Rect(0, 0 - 1080, 2400) eb=Rect(0, 0 - 1080, 2400) epz=Point(1080, 2400) d=0 taskParent=-1 winMode=1 userId=0},{m=TO_BACK f=IS_WALLPAPER leash=Surface(name=WallpaperWindowToken{52b99b6}#55)/@0x4cea5a4 sb=Rect(0, 0 - 1080, 2400) eb=Rect(0, 0 - 1080, 2400) epz=Point(1080, 2400) d=0}]}
07-01 10:05:03.728   976  1041 V WindowManagerShell:  Checking filter Pair{{types=[] flags=0x0 notFlags=0x0 checks=[{atype=undefined independent=true modes=[CLOSE,TO_BACK] flags=IN_TASK_WITH_EMBEDDED_ACTIVITY mustBeTask=false order=ANY topActivity=null launchCookie=null taskFragmentToken=android.os.BinderProxy@37e938e windowingMode=undefined isCrossDisplayMove=false}]} RemoteTransition { remoteTransition = android.window.IRemoteTransition$Stub$Proxy@bae47af, appThread = android.app.IApplicationThread$Stub$Proxy@36607bc, debugName = overlayBackTransition, filter = {types=[] flags=0x0 notFlags=0x0 checks=[{atype=undefined independent=true modes=[CLOSE,TO_BACK] flags=IN_TASK_WITH_EMBEDDED_ACTIVITY mustBeTask=false order=ANY topActivity=null launchCookie=null taskFragmentToken=android.os.BinderProxy@37e938e windowingMode=undefined isCrossDisplayMove=false}]} }}
07-01 10:05:03.728   976  1041 V WindowManagerShell:  Checking filter Pair{{types=[] flags=0x0 notFlags=0x0 checks=[{atype=dream independent=true modes=[OPEN,TO_FRONT] flags=NONE mustBeTask=false order=ANY topActivity=null launchCookie=null windowingMode=undefined isCrossDisplayMove=false},{atype=home independent=true modes=[CLOSE,TO_BACK] flags=NONE mustBeTask=false order=ANY topActivity=null launchCookie=null windowingMode=undefined isCrossDisplayMove=false}]} RemoteTransition { remoteTransition = android.window.IRemoteTransition$Stub$Proxy@34c345, appThread = android.app.IApplicationThread$Stub$Proxy@6545a9a, debugName = LauncherToDream, filter = {types=[] flags=0x0 notFlags=0x0 checks=[{atype=dream independent=true modes=[OPEN,TO_FRONT] flags=NONE mustBeTask=false order=ANY topActivity=null launchCookie=null windowingMode=undefined isCrossDisplayMove=false},{atype=home independent=true modes=[CLOSE,TO_BACK] flags=NONE mustBeTask=false order=ANY topActivity=null launchCookie=null windowingMode=undefined isCrossDisplayMove=false}]} }}
07-01 10:05:03.728   976  1041 V WindowManagerShell:  Checking filter Pair{{types=[] flags=0x0 notFlags=0x0 checks=[{atype=standard independent=false modes=[CHANGE] flags=NONE mustBeTask=true order=ANY topActivity=null launchCookie=null windowingMode=undefined isCrossDisplayMove=true}]} RemoteTransition { remoteTransition = android.window.IRemoteTransition$Stub$Proxy@2a1afcb, appThread = android.app.IApplicationThread$Stub$Proxy@469e3a8, debugName = QuickstepDisplayMove, filter = {types=[] flags=0x0 notFlags=0x0 checks=[{atype=standard independent=false modes=[CHANGE] flags=NONE mustBeTask=true order=ANY topActivity=null launchCookie=null windowingMode=undefined isCrossDisplayMove=true}]} }}
07-01 10:05:03.728   976  1041 V WindowManagerShell:  Checking filter Pair{{types=[] flags=0x0 notFlags=0x100 checks=[{atype=home independent=true modes=[OPEN,TO_FRONT] flags=NONE mustBeTask=false order=ANY topActivity=ComponentInfo{com.google.android.apps.nexuslauncher/com.google.android.apps.nexuslauncher.NexusLauncherActivity} launchCookie=null windowingMode=undefined isCrossDisplayMove=false},{atype=standard independent=true modes=[CLOSE,TO_BACK] flags=NONE mustBeTask=false order=ANY topActivity=null launchCookie=null windowingMode=undefined isCrossDisplayMove=false},{NOT atype=undefined independent=true modes=[] flags=NONE mustBeTask=true order=ANY topActivity=null launchCookie=null customAnim=true windowingMode=undefined isCrossDisplayMove=false}]} RemoteTransition { remoteTransition = android.window.IRemoteTransition$Stub$Proxy@634ec1, appThread = android.app.IApplicationThread$Stub$Proxy@68d8666, debugName = QuickstepLaunchHome, filter = {types=[] flags=0x0 notFlags=0x100 checks=[{atype=home independent=true modes=[OPEN,TO_FRONT] flags=NONE mustBeTask=false order=ANY topActivity=ComponentInfo{com.google.android.apps.nexuslauncher/com.google.android.apps.nexuslauncher.NexusLauncherActivity} launchCookie=null windowingMode=undefined isCrossDisplayMove=false},{atype=standard independent=true modes=[CLOSE,TO_BACK] flags=NONE mustBeTask=false order=ANY topActivity=null launchCookie=null windowingMode=undefined isCrossDisplayMove=false},{NOT atype=undefined independent=true modes=[] flags=NONE mustBeTask=true order=ANY topActivity=null launchCookie=null customAnim=true windowingMode=undefined isCrossDisplayMove=false}]} }}
07-01 10:05:03.732   976  1041 V WindowManagerShell:  Checking filter Pair{{types=[OPEN,TO_FRONT] flags=0x0 notFlags=0x0 checks=[{atype=standard independent=true modes=[OPEN,TO_FRONT] flags=NONE mustBeTask=true order=ANY topActivity=null launchCookie=null windowingMode=freeform isCrossDisplayMove=false}]} RemoteTransition { remoteTransition = android.window.IRemoteTransition$Stub$Proxy@45bd114, appThread = null, debugName = DesktopWindowLimitUnminimize, filter = {types=[OPEN,TO_FRONT] flags=0x0 notFlags=0x0 checks=[{atype=standard independent=true modes=[OPEN,TO_FRONT] flags=NONE mustBeTask=true order=ANY topActivity=null launchCookie=null windowingMode=freeform isCrossDisplayMove=false}]} }}
07-01 10:05:03.732   976  1041 V WindowManagerShell:  Delegate animation for (#103) to null
07-01 10:05:03.732   976  1041 V WindowManagerShell: start default transition animation, info = {id=103 t=OPEN f=0x0 trk=0 r=[0@Point(0, 0)] c=[{m=OPEN f=MOVE_TO_TOP|FLAG_CHANGED_INTERACTIVE leash=Surface(name=Task=584#820)/@0x6f47536 sb=Rect(0, 0 - 1080, 2400) eb=Rect(0, 0 - 1080, 2400) epz=Point(1080, 2400) d=0 taskParent=-1 winMode=1 userId=0},{m=TO_BACK f=SHOW_WALLPAPER|FLAG_CHANGED_INTERACTIVE leash=Surface(name=Task=1#35)/@0xf908c37 sb=Rect(0, 0 - 1080, 2400) eb=Rect(0, 0 - 1080, 2400) epz=Point(1080, 2400) d=0 taskParent=-1 winMode=1 userId=0},{m=TO_BACK f=IS_WALLPAPER leash=Surface(name=WallpaperWindowToken{52b99b6}#55)/@0x4cea5a4 sb=Rect(0, 0 - 1080, 2400) eb=Rect(0, 0 - 1080, 2400) epz=Point(1080, 2400) d=0}]}
07-01 10:05:03.733   976  1041 V WindowManagerShell: loadAnimation: anim=android.view.animation.AnimationSet@fd7b4d3 animAttr=0x13 type=OPEN isEntrance=false
07-01 10:05:03.734   976  1041 V WindowManagerShell: loadAnimation: anim=android.view.animation.AnimationSet@d5ecb2f animAttr=0x12 type=OPEN isEntrance=true
07-01 10:05:03.747   976  1041 V WindowManagerShell:  animated by com.android.wm.shell.transition.DefaultTransitionHandler@72b636b
07-01 10:05:03.747   976  1041 V ShellTaskOrganizer: Task appeared taskId=584 listener=FullscreenTaskListener
07-01 10:05:03.747   976  1041 V ShellTaskOrganizer: Fullscreen Task Appeared: #584
07-01 10:05:03.747   976  1041 V RecentTasksController: Notify recent tasks changed
07-01 10:05:03.756 26793 27027 D AIQuotaLogin: provider=glm resource=https://z.ai/manage-apikey/coding-plan/personal/usage
07-01 10:05:03.757 27014 27060 E ashmem  : readlink(/proc/self/fd/129) failed: Operation not permitted
07-01 10:05:03.758 27014 27060 E ashmem  : readlink(/proc/self/fd/131) failed: Operation not permitted
07-01 10:05:03.759 27014 27060 E ashmem  : readlink(/proc/self/fd/132) failed: Operation not permitted
07-01 10:05:03.762 26793 26793 D CompatChangeReporter: Compat change id reported: 349153669; UID 10233; state: ENABLED
07-01 10:05:03.763 26793 26793 W HWUI    : Unknown dataspace 0
07-01 10:05:03.770  1124  1124 D RecentTasksList: invalidateLoadedTasks - previous requestLoadId: -1
07-01 10:05:03.775   692  2048 W InputChannel-JNI: Channel already disposed.
07-01 10:05:03.779 26793 27159 W libc    : Access denied finding property "vendor.mesa.virtgpu.kumquat"
07-01 10:05:03.788   976  1041 V RecentTasksController: Notify recent tasks changed
07-01 10:05:03.789 26793 26793 D VRI[WebLoginActivity]: WindowInsets changed: 1080x2400 statusBars:[0,132,0,0] navigationBars:[0,0,0,63] mandatorySystemGestures:[0,164,0,84] 
07-01 10:05:03.789  1124  1124 D RecentTasksList: invalidateLoadedTasks - previous requestLoadId: -1
07-01 10:05:03.790   976  1041 V RecentTasksController: generateList(getRecentTasks)
07-01 10:05:03.790   976  1041 V RecentTasksController: initializeDesksMap - allDeskIds: []
07-01 10:05:03.790   976  1041 V RecentTasksController: Task 584 is not an active desktop task
07-01 10:05:03.790   976  1041 V RecentTasksController: Added fullscreen task: 584
07-01 10:05:03.790   976  1041 V RecentTasksController: Task 496 is not an active desktop task
07-01 10:05:03.790   976  1041 V RecentTasksController: Added fullscreen task: 496
07-01 10:05:03.790   976  1041 V RecentTasksController: Task 509 is not an active desktop task
07-01 10:05:03.790   976  1041 V RecentTasksController: Added fullscreen task: 509
07-01 10:05:03.790   976  1041 V RecentTasksController: generateList - complete
07-01 10:05:03.791  1124  1223 D PreloadThumbnailUseCase: Preloading thumbnails for task ids: [[id=509 windowingMode=0 user=0 lastActiveTime=23280] null, [id=496 windowingMode=0 user=0 lastActiveTime=23281] null, [id=584 windowingMode=1 user=0 lastActiveTime=13170044] null]
07-01 10:05:03.792 26793 26793 D WindowOnBackDispatcher: setTopOnBackInvokedCallback (unwrapped): android.view.ViewRootImpl$$ExternalSyntheticLambda14@12a8583
07-01 10:05:03.792   692  2048 D CoreBackPreview: Window{6e741d8 u0 com.aiquota.mobile/com.aiquota.mobile.providers.WebLoginActivity}: Setting back callback OnBackInvokedCallbackInfo{mCallback=android.window.IOnBackInvokedCallback$Stub$Proxy@3585597, mPriority=0, mIsAnimationCallback=false, mOverrideBehavior=0}
07-01 10:05:03.793 26793 26793 I HWUI    : Using FreeType backend (prop=Auto)
07-01 10:05:03.796   692  2048 D WindowManager: setClientSurface Surface(name=VRI-com.aiquota.mobile/com.aiquota.mobile.providers.WebLoginActivity#828)/@0x7aa384 for 6e741d8 com.aiquota.mobile/com.aiquota.mobile.providers.WebLoginActivity
07-01 10:05:03.801 26793 26793 I Surface : Creating surface for consumer unnamed-26793-0 with slotExpansion=1 for 64 slots
07-01 10:05:03.801 26793 26793 I Surface : Creating surface for consumer VRI[WebLoginActivity]#0(BLAST Consumer)0 with slotExpansion=1 for 64 slots
07-01 10:05:03.857   527   549 W skia    : AGTM parsing failed flags.readFromStream(s) at 159
07-01 10:05:03.857   527   549 W skia    : AGTM parsing failed flags.readFromStream(s) at 159
07-01 10:05:03.888 26793 26800 I .aiquota.mobile: Background concurrent mark compact GC freed 1493KB AllocSpace bytes, 9(528KB) LOS objects, 49% free, 6312KB/12MB, paused 1.002ms,9.623ms total 67.399ms
07-01 10:05:03.919   692   712 I ActivityTaskManager: Displayed com.aiquota.mobile/.providers.WebLoginActivity for user 0: +387ms
07-01 10:05:03.952   692   819 I ImeTracker: com.aiquota.mobile:39ea7f9a: onRequestHide at ORIGIN_SERVER reason HIDE_UNSPECIFIED_WINDOW fromUser false userId 0 displayId 0
07-01 10:05:03.955 26793 26793 D InsetsController: hide(ime())
07-01 10:05:03.955   692  2048 W InputChannel-JNI: Channel already disposed.
07-01 10:05:03.955  4600  4600 I GoogleInputMethodService: GoogleInputMethodService.onFinishInput():2274 
07-01 10:05:03.956 26793 26793 I ImeTracker: com.aiquota.mobile:39ea7f9a: onCancelled at PHASE_CLIENT_ALREADY_HIDDEN
07-01 10:05:03.956  4600  4600 I Module  : DeviceLockedStatusModuleProvider$Module.updateDeviceLockedStatusInternal():128 repeatCheckTimes = 0, locked = false
07-01 10:05:03.956   692   941 I ImeTracker: system_server:bafbc998: onRequestHide at ORIGIN_SERVER reason IME_REQUESTED_CHANGED_LISTENER fromUser false displayId 0
07-01 10:05:03.957   692   715 I ImeTracker: system_server:bafbc998: onCancelled at PHASE_SERVER_SHOULD_HIDE
07-01 10:05:03.958  4600  4600 I GoogleInputMethodService: GoogleInputMethodService.onStartInput():1459 onStartInput(EditorInfo{EditorInfo{packageName=com.aiquota.mobile, inputType=0, inputTypeString=NULL, enableLearning=false, autoCorrection=false, autoComplete=false, imeOptions=0, privateImeOptions=null, actionName=UNSPECIFIED, actionLabel=null, initialSelStart=-1, initialSelEnd=-1, initialCapsMode=0, label=null, fieldId=0, fieldName=null, extras=null, hintText=null, hintLocales=[]}}, false)
07-01 10:05:03.959  4600  4600 I LatinIMEBase: LatinIMEBase.updateInputViewCoverNavigation():317 Update input view padding, isNavbarOverInputWindow=true, bottom inset=63
07-01 10:05:03.959  4600  4600 I Module  : DeviceLockedStatusModuleProvider$Module.updateDeviceLockedStatusInternal():128 repeatCheckTimes = 1, locked = false
07-01 10:05:03.960   692   941 W PackageConfigPersister: App-specific configuration not found for packageName: com.aiquota.mobile and userId: 0
07-01 10:05:03.968   527   549 W skia    : AGTM parsing failed flags.readFromStream(s) at 159
07-01 10:05:03.968   527   549 W skia    : AGTM parsing failed flags.readFromStream(s) at 159
07-01 10:05:04.062   976  1041 V WindowManagerShell: Transition animation finished (aborted=false), notifying core (#103) android.os.BinderProxy@fc5e8dc@0
07-01 10:05:04.064   692   712 V WindowManager: Finish Transition (#103): created at 07-01 10:05:03.534 collect-started=0.033ms request-sent=5.795ms started=9.196ms ready=151.44ms sent=186.544ms commit=41.824ms finished=529.383ms
07-01 10:05:04.064  1124  1124 D VRI[NexusLauncherActivity]: visibilityChanged oldVisibility=true newVisibility=false
07-01 10:05:04.066   527   549 W skia    : AGTM parsing failed flags.readFromStream(s) at 159
07-01 10:05:04.066   527   549 W skia    : AGTM parsing failed flags.readFromStream(s) at 159
07-01 10:05:04.066   976  1360 D WallpaperService: onVisibilityChanged(false): com.android.systemui.wallpapers.ImageWallpaper$CanvasEngine@134e1c5
07-01 10:05:04.067   976  1041 V WindowManagerShell: Track 0 became idle
07-01 10:05:04.067   976  1041 V WindowManagerShell: All active transition animations finished
07-01 10:05:04.076 26793 26799 I .aiquota.mobile: Compiler allocated 5239KB to compile void android.view.ViewRootImpl.performTraversals(long)
07-01 10:05:04.078  1124  1124 D SmartspaceInteractor: notifySmartspaceEvent: SmartspaceTargetEvent{mSmartspaceTarget=null, mSmartspaceActionId='null', mEventType=7}
07-01 10:05:04.101  1124  1124 D BaseActivity: Launcher flags updated: [] -[state_started]
07-01 10:05:04.101  1124  1124 D BaseDepthController: setSurface:
07-01 10:05:04.101  1124  1124 D BaseDepthController: 	mWaitingOnSurfaceValidity: false
07-01 10:05:04.101  1124  1124 D BaseDepthController: 	mBaseSurface: null
07-01 10:05:04.101  1124  1124 D BaseDepthController: mSurface is null and mCurrentBlur is: 0
07-01 10:05:04.102  1124  1124 D LauncherStateManager: StateManager.goToState: fromState: Normal, toState: Normal, partial trace:
07-01 10:05:04.102  1124  1124 D LauncherStateManager: 	at com.android.launcher3.statemanager.StateManager.moveToRestState(go/retraceme 4b96215a9d9b4c1494121442fbf9d6e89857c91e1d76ddcc689701971259418a:26)
07-01 10:05:04.102  1124  1124 D LauncherStateManager: 	at com.android.launcher3.statemanager.StateManager.moveToRestState(go/retraceme 4b96215a9d9b4c1494121442fbf9d6e89857c91e1d76ddcc689701971259418a:35)
07-01 10:05:04.102  1124  1124 D LauncherStateManager: 	at com.android.launcher3.statemanager.StatefulActivity.onStop(go/retraceme 4b96215a9d9b4c1494121442fbf9d6e89857c91e1d76ddcc689701971259418a:31)
07-01 10:05:04.102  1124  1124 D LauncherStateManager: StateManager.onRepeatStateSetAborted: state: Normal
07-01 10:05:04.102  1124  1124 D KeyboardStateManager: hideKeyboard
07-01 10:05:04.102  1124  1124 D KeyboardStateManager: isImeShown: false
07-01 10:05:04.102  1124  1124 D StatsLog: LAUNCHER_ONSTOP
07-01 10:05:04.104  1124  1124 D StatsLog: LAUNCHER_GOOGLE_SEARCH_RESTORE_LIST_SIZE_AFTER_ACTIVITY_RESTART
07-01 10:05:04.114  1124  1158 W System  : A resource failed to call release. 
07-01 10:05:04.115  1124  1158 W System  : A resource failed to call release. 
07-01 10:05:04.115  1124  1158 W System  : A resource failed to call release. 
07-01 10:05:04.167   527   549 W skia    : AGTM parsing failed flags.readFromStream(s) at 159
07-01 10:05:04.167   527   549 W skia    : AGTM parsing failed flags.readFromStream(s) at 159
07-01 10:05:04.269   527   549 W skia    : AGTM parsing failed flags.readFromStream(s) at 159
07-01 10:05:04.269   527   549 W skia    : AGTM parsing failed flags.readFromStream(s) at 159
07-01 10:05:04.276  1331  1833 I FontLog : (REDACTED) Received query %s, URI %s
07-01 10:05:04.276  1331  1833 I FontLog : (REDACTED) Query [%s] resolved to %s
07-01 10:05:04.277  1331  1833 I FontLog : (REDACTED) Fetch %s end status %s
07-01 10:05:04.289  1331  2013 I FontLog : (REDACTED) Pulling font file for id = %d, cache size = %d
07-01 10:05:04.293  1331  2013 I FontLog : (REDACTED) Pulling font file for id = %d, cache size = %d
07-01 10:05:04.319   587   680 W libbinder.IPCThreadState: Sending oneway calls to frozen process.
07-01 10:05:04.323   976  1109 D WindowOnBackDispatcher: setTopOnBackInvokedCallback (unwrapped): null
07-01 10:05:04.324   692   941 D CoreBackPreview: Window{73d52bc u0 Splash Screen com.aiquota.mobile EXITING}: Setting back callback null
07-01 10:05:04.369   527   549 W skia    : AGTM parsing failed flags.readFromStream(s) at 159
07-01 10:05:04.369   527   549 W skia    : AGTM parsing failed flags.readFromStream(s) at 159
07-01 10:05:04.401   976   985 W System  : A resource failed to call release. 
07-01 10:05:04.401   976   985 W System  : A resource failed to call release. 
07-01 10:05:04.401   976   985 W System  : A resource failed to call release. 
07-01 10:05:04.472   527   549 W skia    : AGTM parsing failed flags.readFromStream(s) at 159
07-01 10:05:04.472   527   549 W skia    : AGTM parsing failed flags.readFromStream(s) at 159
07-01 10:05:04.574   527   549 W skia    : AGTM parsing failed flags.readFromStream(s) at 159
07-01 10:05:04.675   527   549 W skia    : AGTM parsing failed flags.readFromStream(s) at 159
07-01 10:05:05.193 26793 27027 D AIQuotaLogin: provider=glm resource=https://z.ai/_next/static/media/74fa777cac189696-s.p.ttf
07-01 10:05:05.195 26793 27029 D AIQuotaLogin: provider=glm resource=https://z.ai/_next/static/media/98320d588ee45fe2-s.p.ttf
07-01 10:05:05.195 26793 27036 D AIQuotaLogin: provider=glm resource=https://z.ai/_next/static/media/a40c83c38559db55-s.p.ttf
07-01 10:05:05.196 26793 27037 D AIQuotaLogin: provider=glm resource=https://z.ai/_next/static/media/f3082694476a79c3-s.p.ttf
07-01 10:05:05.197 26793 27027 D AIQuotaLogin: provider=glm resource=https://z.ai/_next/static/css/06eee677ceaf36a2.css
07-01 10:05:05.198 26793 27040 D AIQuotaLogin: provider=glm resource=https://z.ai/_next/static/css/bde391a2dc0c5f50.css
07-01 10:05:05.198 26793 27117 D AIQuotaLogin: provider=glm resource=https://z.ai/_next/static/css/a70e7aab4c4dbcdb.css
07-01 10:05:05.199 26793 27032 D AIQuotaLogin: provider=glm resource=https://z.ai/_next/static/css/38a00db3df158e74.css
07-01 10:05:05.206 26793 27029 D AIQuotaLogin: provider=glm resource=https://z.ai/_next/static/css/3730f9ae63252c5f.css
07-01 10:05:05.216 26793 27027 D AIQuotaLogin: provider=glm resource=https://z.ai/_next/static/css/08cdc15a8194b1a1.css
07-01 10:05:05.225  1119  1246 D SatelliteController: isInCarrierRoamingNbIotNtn: satellite is disabled
07-01 10:05:05.225  1119  1246 D SatelliteController: getCarrierRoamingNtnConnectType: Checking connect type from PLMN config for subId: 1
07-01 10:05:05.225  1119  1246 D TelephonyConfigUpdateInstallReceiver: getConfigParser: domain=satellite
07-01 10:05:05.225  1119  1246 V SatelliteController: satelliteConfigParser is not ready
07-01 10:05:05.225  1119  1246 D SatelliteController: isSatelliteAttachSupportedViaConfigupdater: return null (satelliteConfig is null)
07-01 10:05:05.226 26793 27029 D AIQuotaLogin: provider=glm resource=https://www.googletagmanager.com/gtag/js?keys=id
07-01 10:05:05.227  1119  1246 D SatelliteController: getSatellitePerPlmnConfiguration: invalid subId or not supported via carrier.
07-01 10:05:05.227  1119  1246 D SatelliteController: getCarrierRoamingNtnConnectType: config: null
07-01 10:05:05.227  1119  1246 D TelephonyConfigUpdateInstallReceiver: getConfigParser: domain=satellite
07-01 10:05:05.227  1119  1246 V SatelliteController: satelliteConfigParser is not ready
07-01 10:05:05.227  1119  1246 D SatelliteController: getCarrierRoamingNtnConnectTypeViaConfigUpdater: return null (satelliteConfig is null)
07-01 10:05:05.228  1119  1246 D SatelliteController: getCarrierRoamingNtnConnectType: Falling back to global carrier config connect type: 0
07-01 10:05:05.229  1119  1246 D TelephonyConfigUpdateInstallReceiver: getConfigParser: domain=satellite
07-01 10:05:05.229  1119  1246 V SatelliteController: satelliteConfigParser is not ready
07-01 10:05:05.229  1119  1246 D SatelliteController: isSatelliteAttachSupportedViaConfigupdater: return null (satelliteConfig is null)
07-01 10:05:05.229  1119  1246 D SatelliteController: getCarrierRoamingNtnConnectType: Checking connect type from PLMN config for subId: 1
07-01 10:05:05.229  1119  1246 D TelephonyConfigUpdateInstallReceiver: getConfigParser: domain=satellite
07-01 10:05:05.229  1119  1246 V SatelliteController: satelliteConfigParser is not ready
07-01 10:05:05.229  1119  1246 D SatelliteController: isSatelliteAttachSupportedViaConfigupdater: return null (satelliteConfig is null)
07-01 10:05:05.229  1119  1246 D SatelliteController: getSatellitePerPlmnConfiguration: invalid subId or not supported via carrier.
07-01 10:05:05.229  1119  1246 D SatelliteController: getCarrierRoamingNtnConnectType: config: null
07-01 10:05:05.229  1119  1246 D TelephonyConfigUpdateInstallReceiver: getConfigParser: domain=satellite
07-01 10:05:05.229  1119  1246 V SatelliteController: satelliteConfigParser is not ready
07-01 10:05:05.229  1119  1246 D SatelliteController: getCarrierRoamingNtnConnectTypeViaConfigUpdater: return null (satelliteConfig is null)
07-01 10:05:05.229  1119  1246 D SatelliteController: getCarrierRoamingNtnConnectType: Falling back to global carrier config connect type: 0
07-01 10:05:05.230  1119  1246 D TelephonyConfigUpdateInstallReceiver: getConfigParser: domain=satellite
07-01 10:05:05.230  1119  1246 V SatelliteController: satelliteConfigParser is not ready
07-01 10:05:05.230  1119  1246 D SatelliteController: isSatelliteAttachSupportedViaConfigupdater: return null (satelliteConfig is null)
07-01 10:05:05.233 26793 27032 D AIQuotaLogin: provider=glm resource=https://z.ai/_next/static/chunks/webpack-774745fcebbc8a87.js
07-01 10:05:05.234 26793 27027 D AIQuotaLogin: provider=glm resource=https://z.ai/_next/static/chunks/52bcc53e-060b90e4f28c19f7.js
07-01 10:05:05.234 26793 27029 D AIQuotaLogin: provider=glm resource=https://z.ai/_next/static/chunks/8106-d02730666dcb8b9a.js
07-01 10:05:05.234 26793 27036 D AIQuotaLogin: provider=glm resource=https://z.ai/_next/static/chunks/main-app-ba8cdb9db4962606.js
07-01 10:05:05.235 26793 27117 D AIQuotaLogin: provider=glm resource=https://z.ai/_next/static/chunks/5090-606c6480d2a07138.js
07-01 10:05:05.236 26793 27032 D AIQuotaLogin: provider=glm resource=https://z.ai/_next/static/chunks/1358-35e6ad417a978a81.js
07-01 10:05:05.236 26793 27037 D AIQuotaLogin: provider=glm resource=https://z.ai/_next/static/chunks/7014-920ab5fa231b1646.js
07-01 10:05:05.238 26793 27040 D AIQuotaLogin: provider=glm resource=https://z.ai/_next/static/chunks/4385-bf59bbcbdd5c4cb8.js
07-01 10:05:05.239 26793 27174 D AIQuotaLogin: provider=glm resource=https://z.ai/_next/static/chunks/6866-f4f5d0ba8ff8ba6a.js
07-01 10:05:05.239 26793 27175 D AIQuotaLogin: provider=glm resource=https://z.ai/_next/static/chunks/7923-c1d174e27010fdea.js
07-01 10:05:05.239 26793 27172 D AIQuotaLogin: provider=glm resource=https://z.ai/_next/static/chunks/7368-24d21e801857a37e.js
07-01 10:05:05.239 26793 27037 D AIQuotaLogin: provider=glm resource=https://z.ai/_next/static/chunks/4945-ab7f1b51380da770.js
07-01 10:05:05.240 26793 27029 D AIQuotaLogin: provider=glm resource=https://z.ai/_next/static/chunks/8463-1f7afd6ac5c0c867.js
07-01 10:05:05.240 26793 27117 D AIQuotaLogin: provider=glm resource=https://z.ai/_next/static/chunks/6051-2d89bcc8bd48c3e0.js
07-01 10:05:05.241 26793 27171 D AIQuotaLogin: provider=glm resource=https://z.ai/_next/static/chunks/app/[locale]/(auth-pages)/layout-fb044eed84687dc6.js
07-01 10:05:05.241 26793 27032 D AIQuotaLogin: provider=glm resource=https://z.ai/_next/static/chunks/app/[locale]/(auth-pages)/manage-apikey/layout-ccc6fb0b0537c574.js
07-01 10:05:05.241 26793 27027 D AIQuotaLogin: provider=glm resource=https://z.ai/_next/static/chunks/3126-0c2e709614a8fce7.js
07-01 10:05:05.242 26793 27176 D AIQuotaLogin: provider=glm resource=https://z.ai/_next/static/chunks/1840-85f6a39ffe848586.js
07-01 10:05:05.244 26793 27172 D AIQuotaLogin: provider=glm resource=https://z.ai/_next/static/chunks/9015-4281c40ef624955e.js
07-01 10:05:05.244 26793 27175 D AIQuotaLogin: provider=glm resource=https://z.ai/_next/static/chunks/2719-ea0853b306e59c7a.js
07-01 10:05:05.245 26793 27040 D AIQuotaLogin: provider=glm resource=https://z.ai/_next/static/chunks/3601-acc5a58b8f9dcb1f.js
07-01 10:05:05.245 26793 27181 D AIQuotaLogin: provider=glm resource=https://z.ai/_next/static/chunks/1979-abfd6cd997875590.js
07-01 10:05:05.245 26793 27037 D AIQuotaLogin: provider=glm resource=https://z.ai/_next/static/chunks/281-32a7b8f074f27fb2.js
07-01 10:05:05.245 26793 27178 D AIQuotaLogin: provider=glm resource=https://z.ai/_next/static/chunks/2337-0720e5b49ccd9af0.js
07-01 10:05:05.245 26793 27174 D AIQuotaLogin: provider=glm resource=https://z.ai/_next/static/chunks/6678-8bcc19fbabb68ce5.js
07-01 10:05:05.246 26793 27036 D AIQuotaLogin: provider=glm resource=https://z.ai/_next/static/chunks/7953-c412efd8223c8d74.js
07-01 10:05:05.246 26793 27117 D AIQuotaLogin: provider=glm resource=https://z.ai/_next/static/chunks/app/[locale]/(auth-pages)/manage-apikey/coding-plan/personal/usage/page-c1c056972027374e.js
07-01 10:05:05.246 26793 27032 D AIQuotaLogin: provider=glm resource=https://z.ai/_next/static/chunks/023c1e32-edc217937ce9565a.js
07-01 10:05:05.247 26793 27176 D AIQuotaLogin: provider=glm resource=https://z.ai/_next/static/chunks/389-cec8c4baf567a095.js
07-01 10:05:05.247 26793 27183 D AIQuotaLogin: provider=glm resource=https://z.ai/_next/static/chunks/2687-3ab6788441360e84.js
07-01 10:05:05.248 26793 27171 D AIQuotaLogin: provider=glm resource=https://z.ai/_next/static/chunks/156-620d5eaa0de405b3.js
07-01 10:05:05.248 26793 27184 D AIQuotaLogin: provider=glm resource=https://z.ai/_next/static/chunks/3581-62c7b103ece6917a.js
07-01 10:05:05.249 26793 27185 D AIQuotaLogin: provider=glm resource=https://z.ai/_next/static/chunks/1898-a1832797cc46e1a6.js
07-01 10:05:05.249 26793 27187 D AIQuotaLogin: provider=glm resource=https://z.ai/_next/static/chunks/3827-fc5e7c25854c8696.js
07-01 10:05:05.249 26793 27186 D AIQuotaLogin: provider=glm resource=https://z.ai/_next/static/chunks/app/[locale]/layout-4a60927bd8cdc3cc.js
07-01 10:05:05.250 26793 27182 D AIQuotaLogin: provider=glm resource=https://z.ai/_next/static/chunks/app/[locale]/error-dfcf8060dc2e423b.js
07-01 10:05:05.417   527   549 W skia    : AGTM parsing failed flags.readFromStream(s) at 159
07-01 10:05:05.521   527   549 W skia    : AGTM parsing failed flags.readFromStream(s) at 159
07-01 10:05:05.621   527   549 W skia    : AGTM parsing failed flags.readFromStream(s) at 159
07-01 10:05:05.638 27014 27054 E ashmem  : readlink(/proc/self/fd/116) failed: Operation not permitted
07-01 10:05:05.638 27014 27054 E ashmem  : readlink(/proc/self/fd/133) failed: Operation not permitted
07-01 10:05:05.640 26793 27027 D AIQuotaLogin: provider=glm resource=https://z-cdn.chatglm.cn/z-ai/static/logo.svg
07-01 10:05:05.723   527   549 W skia    : AGTM parsing failed flags.readFromStream(s) at 159
07-01 10:05:05.824   527   549 W skia    : AGTM parsing failed flags.readFromStream(s) at 159
07-01 10:05:05.932   527   549 W skia    : AGTM parsing failed flags.readFromStream(s) at 159
07-01 10:05:06.070   527   549 W skia    : AGTM parsing failed flags.readFromStream(s) at 159
07-01 10:05:06.223   692   860 I HalDevMgr: bestIfaceCreationProposal is null, requestIface=STA, existingIface=[name=wlan0 type=STA]
07-01 10:05:07.025 26793 26793 I AIQuotaLoginTiming: glm pageFinished=3334ms host=z.ai
07-01 10:05:07.049   692  1751 E TaskPersister: File error accessing recents directory (directory doesn't exist?).
07-01 10:05:07.051 26793 27027 D AIQuotaLogin: provider=glm resource=https://z-cdn.chatglm.cn/z-ai/static/logo.svg
07-01 10:05:07.061 26793 27027 D AIQuotaLogin: provider=glm resource=https://z-cdn.chatglm.cn/z-ai/static/logo.svg
07-01 10:05:07.085 26793 26793 D AIQuotaLoginConsole: provider=glm consoleLevel=LOG line=1
07-01 10:05:07.086 26793 27027 D AIQuotaLogin: provider=glm resource=https://static.ads-twitter.com/uwt.js
07-01 10:05:07.091 26793 27027 I AIQuotaLogin: provider=glm capturedNativeHeaders path=/api/biz/userBehaviorTracking names=Accept|Access-Control-Request-Headers|Access-Control-Request-Method|Origin|Referer|Sec-Fetch-Mode|User-Agent
07-01 10:05:07.092 26793 27027 D AIQuotaLogin: provider=glm resource=https://api.z.ai/api/biz/userBehaviorTracking
07-01 10:05:07.104 26793 27036 D AIQuotaLogin: provider=glm resource=https://z.ai/_next/static/chunks/890d931a.4a817e39733f763c.js
07-01 10:05:07.172 26793 27032 D AIQuotaLogin: provider=glm resource=https://z-cdn.chatglm.cn/z-ai/static/logo.svg
07-01 10:05:07.189 26793 26793 I AIQuotaLogin: provider=glm webSessionCookieCaptured=true cookieCount=8
07-01 10:05:07.195 26793 26793 I AIQuotaLogin: provider=glm nativeCollectorStart=aboutblank reason=page_finished from=z.ai/manage-apikey/coding-plan/personal/usage
07-01 10:05:07.216 26793 27032 D AIQuotaLogin: provider=glm resource=https://z-cdn.chatglm.cn/z-ai/static/logo.svg
07-01 10:05:07.217 26793 26793 I AIQuotaCollector: provider=glm collectorMode=webview-js inject host=about:blank
07-01 10:05:07.622   954   954 I wpa_supplicant: wlan0: CTRL-EVENT-BEACON-LOSS 
07-01 10:05:08.462 26793 27050 D AIQuotaNativeUsage: nativeUsage provider=glm ok=false diagnostic=glm_auth_required statuses=
07-01 10:05:08.465 26793 26793 W AIQuotaCollector: provider=glm collectorMode=webview-js errorKind=glm_auth_required keptPreviousSnapshot=true
07-01 10:05:08.480 26793 27027 I AIQuotaLogin: provider=glm capturedNativeHeaders path=/api/biz/userBehaviorTracking names=Accept|Content-Type|Origin|Referer|User-Agent|sec-ch-ua|sec-ch-ua-mobile|sec-ch-ua-platform
07-01 10:05:08.480 26793 27027 D AIQuotaLogin: provider=glm resource=https://api.z.ai/api/biz/userBehaviorTracking
07-01 10:05:08.513 26793 26793 I AIQuotaLogin: provider=glm reauthWebSessionCleared=true
07-01 10:05:08.513 26793 26793 W AIQuotaLogin: provider=glm authRequiredRecovery=login
07-01 10:05:08.517 26793 27029 D AIQuotaLogin: provider=glm resource=https://z.ai/chat
07-01 10:05:08.532   527   549 W skia    : AGTM parsing failed flags.readFromStream(s) at 159
07-01 10:05:08.633   527   549 W skia    : AGTM parsing failed flags.readFromStream(s) at 159
07-01 10:05:08.695 26793 27029 D AIQuotaLogin: provider=glm resource=https://z.ai/_next/static/css/a70e7aab4c4dbcdb.css
07-01 10:05:08.695 26793 27032 D AIQuotaLogin: provider=glm resource=https://z.ai/_next/static/css/06eee677ceaf36a2.css
07-01 10:05:08.695 26793 27040 D AIQuotaLogin: provider=glm resource=https://z.ai/_next/static/css/38a00db3df158e74.css
07-01 10:05:08.695 26793 27036 D AIQuotaLogin: provider=glm resource=https://z.ai/_next/static/css/3730f9ae63252c5f.css
07-01 10:05:08.696 26793 27027 D AIQuotaLogin: provider=glm resource=https://z.ai/_next/static/css/bde391a2dc0c5f50.css
07-01 10:05:08.696 26793 27037 D AIQuotaLogin: provider=glm resource=https://z.ai/_next/static/css/2177b086ad2c1db5.css
07-01 10:05:08.720 26793 27029 D AIQuotaLogin: provider=glm resource=https://z.ai/_next/static/chunks/webpack-774745fcebbc8a87.js
07-01 10:05:08.720 26793 27037 D AIQuotaLogin: provider=glm resource=https://z.ai/_next/static/chunks/52bcc53e-060b90e4f28c19f7.js
07-01 10:05:08.721 26793 27036 D AIQuotaLogin: provider=glm resource=https://z.ai/_next/static/chunks/main-app-ba8cdb9db4962606.js
07-01 10:05:08.721 26793 27117 D AIQuotaLogin: provider=glm resource=https://z.ai/_next/static/chunks/8106-d02730666dcb8b9a.js
07-01 10:05:08.721 26793 27032 D AIQuotaLogin: provider=glm resource=https://z.ai/_next/static/chunks/5090-606c6480d2a07138.js
07-01 10:05:08.721 26793 27027 D AIQuotaLogin: provider=glm resource=https://z.ai/_next/static/chunks/1358-35e6ad417a978a81.js
07-01 10:05:08.721 26793 27040 D AIQuotaLogin: provider=glm resource=https://z.ai/_next/static/chunks/4385-bf59bbcbdd5c4cb8.js
07-01 10:05:08.722 26793 27171 D AIQuotaLogin: provider=glm resource=https://z.ai/_next/static/chunks/3126-0c2e709614a8fce7.js
07-01 10:05:08.722 26793 27174 D AIQuotaLogin: provider=glm resource=https://z.ai/_next/static/chunks/1979-abfd6cd997875590.js
07-01 10:05:08.722 26793 27029 D AIQuotaLogin: provider=glm resource=https://z.ai/_next/static/chunks/389-cec8c4baf567a095.js
07-01 10:05:08.723 26793 27175 D AIQuotaLogin: provider=glm resource=https://z.ai/_next/static/chunks/3581-62c7b103ece6917a.js
07-01 10:05:08.724 26793 27173 D AIQuotaLogin: provider=glm resource=https://z.ai/_next/static/chunks/7073-1dc850bdca5f4b3b.js
07-01 10:05:08.725 26793 27176 D AIQuotaLogin: provider=glm resource=https://z.ai/_next/static/chunks/4129-5b016b7f4cb7e10f.js
07-01 10:05:08.726 26793 27178 D AIQuotaLogin: provider=glm resource=https://z.ai/_next/static/chunks/023c1e32-edc217937ce9565a.js
07-01 10:05:08.726 26793 27027 D AIQuotaLogin: provider=glm resource=https://z.ai/_next/static/chunks/app/[locale]/page-3454e96dedaa2f07.js
07-01 10:05:08.726 26793 27181 D AIQuotaLogin: provider=glm resource=https://z.ai/_next/static/chunks/7014-920ab5fa231b1646.js
07-01 10:05:08.726 26793 27036 D AIQuotaLogin: provider=glm resource=https://z.ai/_next/static/chunks/6866-f4f5d0ba8ff8ba6a.js
07-01 10:05:08.726 26793 27040 D AIQuotaLogin: provider=glm resource=https://z.ai/_next/static/chunks/1840-85f6a39ffe848586.js
07-01 10:05:08.727 26793 27172 D AIQuotaLogin: provider=glm resource=https://z.ai/_next/static/chunks/2337-0720e5b49ccd9af0.js
07-01 10:05:08.727 26793 27171 D AIQuotaLogin: provider=glm resource=https://z.ai/_next/static/chunks/7368-24d21e801857a37e.js
07-01 10:05:08.727 26793 27117 D AIQuotaLogin: provider=glm resource=https://z.ai/_next/static/chunks/156-620d5eaa0de405b3.js
07-01 10:05:08.728 26793 27029 D AIQuotaLogin: provider=glm resource=https://z.ai/_next/static/chunks/4945-ab7f1b51380da770.js
07-01 10:05:08.728 26793 27032 D AIQuotaLogin: provider=glm resource=https://z.ai/_next/static/chunks/7923-c1d174e27010fdea.js
07-01 10:05:08.728 26793 27174 D AIQuotaLogin: provider=glm resource=https://z.ai/_next/static/chunks/2687-3ab6788441360e84.js
07-01 10:05:08.728 26793 27037 D AIQuotaLogin: provider=glm resource=https://z.ai/_next/static/chunks/2719-ea0853b306e59c7a.js
07-01 10:05:08.728 26793 27183 D AIQuotaLogin: provider=glm resource=https://z.ai/_next/static/chunks/1898-a1832797cc46e1a6.js
07-01 10:05:08.728 26793 27173 D AIQuotaLogin: provider=glm resource=https://z.ai/_next/static/chunks/3827-fc5e7c25854c8696.js
07-01 10:05:08.729 26793 27182 D AIQuotaLogin: provider=glm resource=https://z.ai/_next/static/chunks/6051-2d89bcc8bd48c3e0.js
07-01 10:05:08.729 26793 27184 D AIQuotaLogin: provider=glm resource=https://z.ai/_next/static/chunks/app/[locale]/layout-4a60927bd8cdc3cc.js
07-01 10:05:08.729 26793 27175 D AIQuotaLogin: provider=glm resource=https://z.ai/_next/static/chunks/app/[locale]/error-dfcf8060dc2e423b.js
07-01 10:05:08.737   527   549 W skia    : AGTM parsing failed flags.readFromStream(s) at 159
07-01 10:05:08.758 27014 27042 E ashmem  : readlink(/proc/self/fd/133) failed: Operation not permitted
07-01 10:05:08.761 27014 27042 E ashmem  : readlink(/proc/self/fd/133) failed: Operation not permitted
07-01 10:05:08.770 27014 27042 E ashmem  : readlink(/proc/self/fd/116) failed: Operation not permitted
07-01 10:05:08.774 27014 27042 E ashmem  : readlink(/proc/self/fd/118) failed: Operation not permitted
07-01 10:05:08.795 27014 27042 E ashmem  : readlink(/proc/self/fd/133) failed: Operation not permitted
07-01 10:05:08.799 27014 27042 E ashmem  : readlink(/proc/self/fd/118) failed: Operation not permitted
07-01 10:05:08.816 27014 27042 E ashmem  : readlink(/proc/self/fd/116) failed: Operation not permitted
07-01 10:05:08.832 27014 27042 E ashmem  : readlink(/proc/self/fd/116) failed: Operation not permitted
07-01 10:05:08.876 27014 27054 E ashmem  : readlink(/proc/self/fd/116) failed: Operation not permitted
07-01 10:05:08.876 27014 27054 E ashmem  : readlink(/proc/self/fd/133) failed: Operation not permitted
07-01 10:05:08.876 27014 27054 E ashmem  : readlink(/proc/self/fd/118) failed: Operation not permitted
07-01 10:05:08.878 26793 27027 D AIQuotaLogin: provider=glm resource=https://z-cdn.chatglm.cn/z-ai/static/logo.svg
07-01 10:05:08.878 27014 27054 E ashmem  : readlink(/proc/self/fd/134) failed: Operation not permitted
07-01 10:05:08.948 26793 27027 D AIQuotaLogin: provider=glm resource=https://z-cdn.chatglm.cn/z-ai/static/logo.svg
07-01 10:05:08.955 26793 27027 D AIQuotaLogin: provider=glm resource=https://z-cdn.chatglm.cn/z-ai/static/logo.svg
07-01 10:05:08.988 26793 26793 D AIQuotaLoginConsole: provider=glm consoleLevel=ERROR line=1
07-01 10:05:08.990 26793 27029 D AIQuotaLogin: provider=glm resource=https://static.ads-twitter.com/uwt.js
07-01 10:05:08.990 26793 26793 D AIQuotaLoginConsole: provider=glm consoleLevel=LOG line=1
07-01 10:05:08.993 26793 27032 I AIQuotaLogin: provider=glm capturedNativeHeaders path=/api/biz/userBehaviorTracking names=Accept|Content-Type|Origin|Referer|User-Agent|sec-ch-ua|sec-ch-ua-mobile|sec-ch-ua-platform
07-01 10:05:08.993 26793 27032 D AIQuotaLogin: provider=glm resource=https://api.z.ai/api/biz/userBehaviorTracking
07-01 10:05:09.004 26793 27029 D AIQuotaLogin: provider=glm resource=https://z.ai/_next/static/chunks/890d931a.4a817e39733f763c.js
07-01 10:05:09.015 26793 27029 D AIQuotaLogin: provider=glm resource=https://z.ai/api/auth/me
07-01 10:05:09.017   527   549 W skia    : AGTM parsing failed flags.readFromStream(s) at 159
07-01 10:05:09.024 26793 27029 D AIQuotaLogin: provider=glm resource=https://z.ai/favicon.ico
07-01 10:05:09.033 26793 27027 D AIQuotaLogin: provider=glm resource=https://z-cdn.chatglm.cn/z-ai/static/logo.svg
07-01 10:05:09.052 27014 27042 E ashmem  : readlink(/proc/self/fd/136) failed: Operation not permitted
07-01 10:05:09.060 26793 27027 D AIQuotaLogin: provider=glm resource=https://z-cdn.chatglm.cn/z-ai/static/logo.svg
07-01 10:05:09.062 26793 27032 D AIQuotaLogin: provider=glm resource=https://z-cdn.chatglm.cn/z-ai/static/logo.svg
07-01 10:05:09.067 26793 27029 D AIQuotaLogin: provider=glm resource=https://z-cdn.chatglm.cn/z-ai/static/logo.svg
07-01 10:05:09.068 26793 27036 D AIQuotaLogin: provider=glm resource=https://z-cdn.chatglm.cn/z-ai/static/logo.svg
07-01 10:05:09.071 26793 27037 D AIQuotaLogin: provider=glm resource=https://z-cdn.chatglm.cn/z-ai/static/logo.svg
07-01 10:05:09.118   527   549 W skia    : AGTM parsing failed flags.readFromStream(s) at 159
07-01 10:05:09.162 26793 26793 E AIQuotaLogin: provider=glm http status=404 url=https://z.ai/favicon.ico
07-01 10:05:09.219   527   549 W skia    : AGTM parsing failed flags.readFromStream(s) at 159
07-01 10:05:09.223 26793 27027 D AIQuotaLogin: provider=glm resource=https://www.google.com/measurement/conversion?keys=random|cv|tid|fst|fmt|en|gtm|gcd|dma|tag_exp|u_w|u_h
07-01 10:05:09.231   692   892 I AdbWifiNetworkMonitor: Wi-Fi network available
07-01 10:05:09.232   692   892 I AdbWifiNetworkMonitor: Received the same Wi-Fi SSID. Ignoring.
07-01 10:05:09.235   692   860 I HalDevMgr: bestIfaceCreationProposal is null, requestIface=STA, existingIface=[name=wlan0 type=STA]
07-01 10:05:09.238  4397  4547 D WM-WorkConstraintsTrack: NetworkRequestConstraintController onCapabilitiesChanged callback
07-01 10:05:09.239  1331  1833 I NullBinder: NullBinder for android.net.action.RECOMMEND_NETWORKS triggering remote TransactionTooLargeException due to Service without Chimera impl, calling uid: 1000, calling pid: 0
07-01 10:05:09.239  1331  1833 W libbinder.Binder: Large reply transaction of 1056768 bytes, interface descriptor , function: UNKNOWN_FUNCTION_NAME, code: 1, flags: 17
07-01 10:05:09.239   590   769 D installd: Device /data has 414732288 free; requested 622811544; needed 208079256
07-01 10:05:09.239   590   769 W installd: Failed to find storage mount for /data/media
07-01 10:05:09.239  1074  1202 D IpClient/wlan0: interfaceLinkStateChanged: ifindex 16 up
07-01 10:05:09.241  5429  5471 I BugleRcsEngine: handleMessage processing message:[NOTIFY_UPTIME_IGNORE_STATE_CHANGED] with [non-null]:RcsEngineImpl reference [CONTEXT log_prefix="RcsEngineImpl[DUAL_REG]:[16822a33-62db]>Handler" thread_id=64 ]
07-01 10:05:09.241  5429  5467 I BugleRcsEngine: Connected state: [1], networkType: [WIFI] [CONTEXT thread_id=63 ]
07-01 10:05:09.242   692   866 D ConnectivityService: NetReassign [no changes] [c 0] [a 1] [i 0]
07-01 10:05:09.242  1331 24223 I NearbyMediums: Wifi changed new SSID: "AndroidWifi"
07-01 10:05:09.242  1331 24223 I NearbyMediums: WifiLanConnectivityInfo is not changed, skip notify.
07-01 10:05:09.246  1074  1202 D IpClient/wlan0: interfaceLinkStateChanged: ifindex 16 up
07-01 10:05:09.248   590   769 D installd: Active ratio 3542 isn't over quota, and defy not requested
07-01 10:05:09.248   590   769 E installd: Failed to free up 622811544 on /data; final free space 414732288: Success
07-01 10:05:09.249   692   879 I SharedLibrariesImpl: Start pruneUnusedStaticSharedLibraries for neededSpace: 622811544 maxCachePeriod: 7200000
07-01 10:05:09.249   692   879 I SharedLibrariesImpl: pruning candidate: lib=com.google.android.trichromelibrary version=782711438 pkg=com.google.android.trichromelibrary_782711438
07-01 10:05:09.249   692   879 I SharedLibrariesImpl: attempting to delete: com.google.android.trichromelibrary_782711438
07-01 10:05:09.249   692   879 W PackageManager: Not removing package com.google.android.trichromelibrary hosting lib com.google.android.trichromelibrary version 782711438 used by [VersionedPackage[com.android.chrome/782711438]] for user 0
07-01 10:05:09.249  5429  5471 I BugleRcsEngine: No RCS Configuration was found in Bugle for simID: redacted-pii:sim_id[chars:20,last3:897] [CONTEXT log_prefix="ProvisioningEngineDataRetriever" thread_id=64 ]
07-01 10:05:09.250   590   769 D installd: Device /data has 414732288 free; requested 622811544; needed 208079256
07-01 10:05:09.250   590   769 W installd: Failed to find storage mount for /data/media
07-01 10:05:09.253   590   769 D installd: Purging /data/data/com.aiquota.mobile/cache/WebView/Default/HTTP Cache/Code Cache/wasm/index-dir/the-real-index size=8192 mod=1782900281 from UID=10233 used=7364608 quota=40106512 ratio=1836
07-01 10:05:09.253   590   769 D installd: Purging /data/data/com.aiquota.mobile/cache/WebView/Default/HTTP Cache/Code Cache/js/index-dir/the-real-index size=8192 mod=1782900281 from UID=10233 used=7356416 quota=40106512 ratio=1834
07-01 10:05:09.253   590   769 D installd: Purging /data/data/com.aiquota.mobile/cache/WebView/Default/HTTP Cache/Code Cache/wasm/index size=8192 mod=1782900281 from UID=10233 used=7348224 quota=40106512 ratio=1832
07-01 10:05:09.253   590   769 D installd: Purging /data/data/com.aiquota.mobile/cache/WebView/Default/HTTP Cache/Code Cache/js/index size=8192 mod=1782900281 from UID=10233 used=7340032 quota=40106512 ratio=1830
07-01 10:05:09.253   590   769 D installd: Purging /data/data/com.aiquota.mobile/cache/WebView/Default/HTTP Cache/Code Cache/js/index-dir size=8192 mod=1782900281 from UID=10233 used=7331840 quota=40106512 ratio=1828
07-01 10:05:09.253   590   769 D installd: Purging /data/data/com.aiquota.mobile/cache/WebView/Default/HTTP Cache/Code Cache/wasm/index-dir size=8192 mod=1782900281 from UID=10233 used=7323648 quota=40106512 ratio=1826
07-01 10:05:09.253   590   769 D installd: Purging /data/data/com.aiquota.mobile/cache/WebView/Default/HTTP Cache/Code Cache/wasm size=8192 mod=1782900281 from UID=10233 used=7315456 quota=40106512 ratio=1824
07-01 10:05:09.253   590   769 D installd: Purging /data/data/com.aiquota.mobile/cache/Crash Reports/ANR Variations/b20f63eeb2c1410df415cfbcb15a768d size=8192 mod=1782900281 from UID=10233 used=7307264 quota=40106512 ratio=1821
07-01 10:05:09.254   590   769 D installd: Purging /data/data/com.aiquota.mobile/cache/WebView/font_unique_name_table.pb size=28672 mod=1782900281 from UID=10233 used=7299072 quota=40106512 ratio=1819
07-01 10:05:09.254   590   769 D installd: Purging /data/data/com.aiquota.mobile/cache/WebView/SafeBrowsing size=8192 mod=1782900281 from UID=10233 used=7270400 quota=40106512 ratio=1812
07-01 10:05:09.254   590   769 D installd: Purging /data/data/com.aiquota.mobile/cache/Crash Reports/ANR Variations size=8192 mod=1782900281 from UID=10233 used=7262208 quota=40106512 ratio=1810
07-01 10:05:09.254   590   769 D installd: Purging /data/data/com.aiquota.mobile/cache/Crash Reports size=8192 mod=1782900281 from UID=10233 used=7254016 quota=40106512 ratio=1808
07-01 10:05:09.254   590   769 D installd: Purging /data/data/com.aiquota.mobile/cache/WebView/Crashpad/new size=8192 mod=1782900282 from UID=10233 used=7245824 quota=40106512 ratio=1806
07-01 10:05:09.254   590   769 D installd: Purging /data/data/com.aiquota.mobile/cache/WebView/Crashpad/pending size=8192 mod=1782900282 from UID=10233 used=7237632 quota=40106512 ratio=1804
07-01 10:05:09.254   590   769 D installd: Purging /data/data/com.aiquota.mobile/cache/WebView/Crashpad/completed size=8192 mod=1782900282 from UID=10233 used=7229440 quota=40106512 ratio=1802
07-01 10:05:09.254   590   769 D installd: Purging /data/data/com.aiquota.mobile/cache/WebView/Crashpad/attachments size=8192 mod=1782900282 from UID=10233 used=7221248 quota=40106512 ratio=1800
07-01 10:05:09.254   590   769 D installd: Purging /data/data/com.aiquota.mobile/cache/WebView/Crashpad size=8192 mod=1782900282 from UID=10233 used=7213056 quota=40106512 ratio=1798
07-01 10:05:09.254   590   769 D installd: Purging /data/data/com.aiquota.mobile/cache/WebView/Crash Reports size=8192 mod=1782900282 from UID=10233 used=7204864 quota=40106512 ratio=1796
07-01 10:05:09.254   590   769 D installd: Purging /data/data/com.aiquota.mobile/cache/WebView/Default/HTTP Cache/Cache_Data/index-dir/the-real-index size=8192 mod=1782900285 from UID=10233 used=7196672 quota=40106512 ratio=1794
07-01 10:05:09.254   590   769 D installd: Purging /data/data/com.aiquota.mobile/cache/WebView/Default/HTTP Cache/No_Vary_Search/snapshot.baf size=8192 mod=1782900285 from UID=10233 used=7188480 quota=40106512 ratio=1792
07-01 10:05:09.254   590   769 D installd: Purging /data/data/com.aiquota.mobile/cache/WebView/Default/HTTP Cache/No_Vary_Search/journal.baj size=8192 mod=1782900285 from UID=10233 used=7180288 quota=40106512 ratio=1790
07-01 10:05:09.254   590   769 D installd: Purging /data/data/com.aiquota.mobile/cache/WebView/Default/HTTP Cache/Cache_Data/index size=8192 mod=1782900285 from UID=10233 used=7172096 quota=40106512 ratio=1788
07-01 10:05:09.254   590   769 D installd: Purging /data/data/com.aiquota.mobile/cache/WebView/Default/HTTP Cache/Cache_Data/index-dir size=8192 mod=1782900285 from UID=10233 used=7163904 quota=40106512 ratio=1786
07-01 10:05:09.254   590   769 D installd: Purging /data/data/com.aiquota.mobile/cache/WebView/Default/HTTP Cache/No_Vary_Search size=8192 mod=1782900285 from UID=10233 used=7155712 quota=40106512 ratio=1784
07-01 10:05:09.254   590   769 D installd: Purging /data/data/com.aiquota.mobile/cache/WebView/Default/HTTP Cache/Cache_Data/565af7c8962d622f_0 size=8192 mod=1782900286 from UID=10233 used=7147520 quota=40106512 ratio=1782
07-01 10:05:09.254   590   769 D installd: Purging /data/data/com.aiquota.mobile/cache/WebView/Default/HTTP Cache/Cache_Data/a59376bf1cb71871_0 size=49152 mod=1782900295 from UID=10233 used=7139328 quota=40106512 ratio=1780
07-01 10:05:09.254   590   769 D installd: Purging /data/data/com.aiquota.mobile/cache/WebView/Default/HTTP Cache/Cache_Data/e21f895a8cdc8fd4_0 size=32768 mod=1782900296 from UID=10233 used=7090176 quota=40106512 ratio=1767
07-01 10:05:09.254   590   769 D installd: Purging /data/data/com.aiquota.mobile/cache/WebView/Default/HTTP Cache/Cache_Data/3d85321e9a0a2bba_0 size=40960 mod=1782900296 from UID=10233 used=7057408 quota=40106512 ratio=1759
07-01 10:05:09.255   590   769 D installd: Purging /data/data/com.aiquota.mobile/cache/WebView/Default/HTTP Cache/Cache_Data/275cbb58edc5bc23_0 size=16384 mod=1782900297 from UID=10233 used=7016448 quota=40106512 ratio=1749
07-01 10:05:09.255   590   769 D installd: Purging /data/data/com.aiquota.mobile/cache/WebView/Default/HTTP Cache/Cache_Data/a04cbb67aa58234f_0 size=16384 mod=1782900297 from UID=10233 used=7000064 quota=40106512 ratio=1745
07-01 10:05:09.255   590   769 D installd: Purging /data/data/com.aiquota.mobile/cache/WebView/Default/HTTP Cache/Cache_Data/d0bfba9bfc2bd342_0 size=12288 mod=1782900297 from UID=10233 used=6983680 quota=40106512 ratio=1741
07-01 10:05:09.255   590   769 D installd: Purging /data/data/com.aiquota.mobile/cache/WebView/Default/HTTP Cache/Cache_Data/7c6f7aff4274c6e1_0 size=28672 mod=1782900297 from UID=10233 used=6971392 quota=40106512 ratio=1738
07-01 10:05:09.255   590   769 D installd: Purging /data/data/com.aiquota.mobile/cache/WebView/Default/HTTP Cache/Cache_Data/e3c61d3c94b9e646_0 size=16384 mod=1782900297 from UID=10233 used=6942720 quota=40106512 ratio=1731
07-01 10:05:09.255   590   769 D installd: Purging /data/data/com.aiquota.mobile/cache/WebView/Default/HTTP Cache/Cache_Data/9bf9c15d6a30b0d9_0 size=28672 mod=1782900297 from UID=10233 used=6926336 quota=40106512 ratio=1726
07-01 10:05:09.255   590   769 D installd: Purging /data/data/com.aiquota.mobile/cache/WebView/Default/HTTP Cache/Cache_Data/9ff556b46a227546_0 size=12288 mod=1782900297 from UID=10233 used=6897664 quota=40106512 ratio=1719
07-01 10:05:09.255   590   769 D installd: Purging /data/data/com.aiquota.mobile/cache/WebView/Default/HTTP Cache/Cache_Data/bcadfcfa6326e0f9_0 size=16384 mod=1782900297 from UID=10233 used=6885376 quota=40106512 ratio=1716
07-01 10:05:09.255   590   769 D installd: Purging /data/data/com.aiquota.mobile/cache/WebView/Default/HTTP Cache/Cache_Data/a104e9e03586ccee_0 size=16384 mod=1782900297 from UID=10233 used=6868992 quota=40106512 ratio=1712
07-01 10:05:09.255   590   769 D installd: Purging /data/data/com.aiquota.mobile/cache/WebView/Default/HTTP Cache/Cache_Data/b29c966135fa3a7a_0 size=28672 mod=1782900297 from UID=10233 used=6852608 quota=40106512 ratio=1708
07-01 10:05:09.255   590   769 D installd: Purging /data/data/com.aiquota.mobile/cache/WebView/Default/HTTP Cache/Cache_Data/9bda357a1279d6eb_0 size=16384 mod=1782900297 from UID=10233 used=6823936 quota=40106512 ratio=1701
07-01 10:05:09.255   590   769 D installd: Purging /data/data/com.aiquota.mobile/cache/WebView/Default/HTTP Cache/Cache_Data/b017e91ae9dce673_0 size=16384 mod=1782900297 from UID=10233 used=6807552 quota=40106512 ratio=1697
07-01 10:05:09.255   590   769 D installd: Purging /data/data/com.aiquota.mobile/cache/WebView/Default/HTTP Cache/Cache_Data/6c185a4b2f4d8722_0 size=16384 mod=1782900297 from UID=10233 used=6791168 quota=40106512 ratio=1693
07-01 10:05:09.255   590   769 D installd: Purging /data/data/com.aiquota.mobile/cache/WebView/Default/HTTP Cache/Cache_Data/9f5fda673b98c454_0 size=16384 mod=1782900297 from UID=10233 used=6774784 quota=40106512 ratio=1689
07-01 10:05:09.255   590   769 D installd: Purging /data/data/com.aiquota.mobile/cache/WebView/Default/HTTP Cache/Cache_Data/c52a8602faf33937_0 size=16384 mod=1782900297 from UID=10233 used=6758400 quota=40106512 ratio=1685
07-01 10:05:09.255   590   769 D installd: Purging /data/data/com.aiquota.mobile/cache/WebView/Default/HTTP Cache/Cache_Data/8bf440ce3fbb9d6b_0 size=16384 mod=1782900297 from UID=10233 used=6742016 quota=40106512 ratio=1681
07-01 10:05:09.255   590   769 D installd: Purging /data/data/com.aiquota.mobile/cache/WebView/Default/HTTP Cache/Cache_Data/a3218a3bb76a5d77_0 size=16384 mod=1782900297 from UID=10233 used=6725632 quota=40106512 ratio=1676
07-01 10:05:09.255   590   769 D installd: Purging /data/data/com.aiquota.mobile/cache/WebView/Default/HTTP Cache/Cache_Data/eec60429c6d51728_0 size=12288 mod=1782900297 from UID=10233 used=6709248 quota=40106512 ratio=1672
07-01 10:05:09.255   590   769 D installd: Purging /data/data/com.aiquota.mobile/cache/WebView/Default/HTTP Cache/Cache_Data/dab44a971c8b8e6a_0 size=16384 mod=1782900297 from UID=10233 used=6696960 quota=40106512 ratio=1669
07-01 10:05:09.255   590   769 D installd: Purging /data/data/com.aiquota.mobile/cache/WebView/Default/HTTP Cache/Cache_Data/a3b51535304f1496_0 size=12288 mod=1782900297 from UID=10233 used=6680576 quota=40106512 ratio=1665
07-01 10:05:09.255   590   769 D installd: Purging /data/data/com.aiquota.mobile/cache/WebView/Default/HTTP Cache/Cache_Data/5619accda10cd4af_0 size=45056 mod=1782900297 from UID=10233 used=6668288 quota=40106512 ratio=1662
07-01 10:05:09.255   590   769 D installd: Purging /data/data/com.aiquota.mobile/cache/WebView/Default/HTTP Cache/Cache_Data/23ae6932d6c7e0bd_0 size=16384 mod=1782900297 from UID=10233 used=6623232 quota=40106512 ratio=1651
07-01 10:05:09.255   590   769 D installd: Purging /data/data/com.aiquota.mobile/cache/WebView/Default/HTTP Cache/Cache_Data/737ad77aff4d25af_0 size=20480 mod=1782900297 from UID=10233 used=6606848 quota=40106512 ratio=1647
07-01 10:05:09.255   590   769 D installd: Purging /data/data/com.aiquota.mobile/cache/WebView/Default/HTTP Cache/Cache_Data/f89b3834b3b60009_0 size=20480 mod=1782900297 from UID=10233 used=6586368 quota=40106512 ratio=1642
07-01 10:05:09.255   590   769 D installd: Purging /data/data/com.aiquota.mobile/cache/WebView/Default/HTTP Cache/Cache_Data/4819da114ddef977_0 size=16384 mod=1782900297 from UID=10233 used=6565888 quota=40106512 ratio=1637
07-01 10:05:09.255   590   769 D installd: Purging /data/data/com.aiquota.mobile/cache/WebView/Default/HTTP Cache/Cache_Data/68fb33d1340c2141_0 size=16384 mod=1782900297 from UID=10233 used=6549504 quota=40106512 ratio=1633
07-01 10:05:09.255   590   769 D installd: Purging /data/data/com.aiquota.mobile/cache/WebView/Default/HTTP Cache/Cache_Data/be0d2c92fdba260e_0 size=12288 mod=1782900297 from UID=10233 used=6533120 quota=40106512 ratio=1628
07-01 10:05:09.255   590   769 D installd: Purging /data/data/com.aiquota.mobile/cache/WebView/Default/HTTP Cache/Cache_Data/e296a1f8cf4be23a_0 size=69632 mod=1782900297 from UID=10233 used=6520832 quota=40106512 ratio=1625
07-01 10:05:09.255   590   769 D installd: Purging /data/data/com.aiquota.mobile/cache/WebView/Default/HTTP Cache/Cache_Data/1b19d7e2713b8af9_0 size=16384 mod=1782900297 from UID=10233 used=6451200 quota=40106512 ratio=1608
07-01 10:05:09.255   590   769 D installd: Purging /data/data/com.aiquota.mobile/cache/WebView/Default/HTTP Cache/Cache_Data/003054a34ff4d431_0 size=16384 mod=1782900297 from UID=10233 used=6434816 quota=40106512 ratio=1604
07-01 10:05:09.255   590   769 D installd: Purging /data/data/com.aiquota.mobile/cache/WebView/Default/HTTP Cache/Cache_Data/9ce6b4082a3adc9d_0 size=16384 mod=1782900297 from UID=10233 used=6418432 quota=40106512 ratio=1600
07-01 10:05:09.255   590   769 D installd: Purging /data/data/com.aiquota.mobile/cache/WebView/Default/HTTP Cache/Cache_Data/158f62863d16a799_0 size=16384 mod=1782900297 from UID=10233 used=6402048 quota=40106512 ratio=1596
07-01 10:05:09.255   590   769 D installd: Purging /data/data/com.aiquota.mobile/cache/WebView/Default/HTTP Cache/Cache_Data/7eee1b79b31bfb2c_0 size=24576 mod=1782900297 from UID=10233 used=6385664 quota=40106512 ratio=1592
07-01 10:05:09.255   590   769 D installd: Purging /data/data/com.aiquota.mobile/cache/WebView/Default/HTTP Cache/Cache_Data/52b0f7460cc5bb4d_0 size=20480 mod=1782900297 from UID=10233 used=6361088 quota=40106512 ratio=1586
07-01 10:05:09.255   590   769 D installd: Purging /data/data/com.aiquota.mobile/cache/WebView/Default/HTTP Cache/Cache_Data/674042c5d5f798db_0 size=16384 mod=1782900297 from UID=10233 used=6340608 quota=40106512 ratio=1580
07-01 10:05:09.255   590   769 D installd: Purging /data/data/com.aiquota.mobile/cache/WebView/Default/HTTP Cache/Cache_Data/3dc695dc17bf41e8_0 size=24576 mod=1782900297 from UID=10233 used=6324224 quota=40106512 ratio=1576
07-01 10:05:09.256   590   769 D installd: Purging /data/data/com.aiquota.mobile/cache/WebView/Default/HTTP Cache/Cache_Data/87842dd94069ec4f_0 size=16384 mod=1782900297 from UID=10233 used=6299648 quota=40106512 ratio=1570
07-01 10:05:09.256   590   769 D installd: Purging /data/data/com.aiquota.mobile/cache/WebView/Default/HTTP Cache/Cache_Data/df90fc7e79ac64af_0 size=28672 mod=1782900297 from UID=10233 used=6283264 quota=40106512 ratio=1566
07-01 10:05:09.256   590   769 D installd: Purging /data/data/com.aiquota.mobile/cache/WebView/Default/HTTP Cache/Cache_Data/1307f67f71d97498_0 size=16384 mod=1782900297 from UID=10233 used=6254592 quota=40106512 ratio=1559
07-01 10:05:09.256   590   769 D installd: Purging /data/data/com.aiquota.mobile/cache/WebView/Default/HTTP Cache/Cache_Data/5e8359395242b643_0 size=12288 mod=1782900297 from UID=10233 used=6238208 quota=40106512 ratio=1555
07-01 10:05:09.256   590   769 D installd: Purging /data/data/com.aiquota.mobile/cache/WebView/Default/HTTP Cache/Cache_Data/615d35cf4b96f4d6_0 size=16384 mod=1782900297 from UID=10233 used=6225920 quota=40106512 ratio=1552
07-01 10:05:09.256   590   769 D installd: Purging /data/data/com.aiquota.mobile/cache/WebView/Default/HTTP Cache/Cache_Data/dbd7181fd541616e_0 size=16384 mod=1782900297 from UID=10233 used=6209536 quota=40106512 ratio=1548
07-01 10:05:09.256   590   769 D installd: Purging /data/data/com.aiquota.mobile/cache/WebView/Default/HTTP Cache/Cache_Data/3551f09aa9ce868d_0 size=16384 mod=1782900297 from UID=10233 used=6193152 quota=40106512 ratio=1544
07-01 10:05:09.256   590   769 D installd: Purging /data/data/com.aiquota.mobile/cache/WebView/Default/HTTP Cache/Cache_Data/e971efdd8cfdab91_0 size=102400 mod=1782900297 from UID=10233 used=6176768 quota=40106512 ratio=1540
07-01 10:05:09.256   590   769 D installd: Purging /data/data/com.aiquota.mobile/cache/WebView/Default/HTTP Cache/Cache_Data/c6cef0d612de8d06_0 size=90112 mod=1782900297 from UID=10233 used=6074368 quota=40106512 ratio=1514
07-01 10:05:09.256   590   769 D installd: Purging /data/data/com.aiquota.mobile/cache/WebView/Default/HTTP Cache/Cache_Data/f8f6e4fb98561046_0 size=24576 mod=1782900297 from UID=10233 used=5984256 quota=40106512 ratio=1492
07-01 10:05:09.256   590   769 D installd: Purging /data/data/com.aiquota.mobile/cache/WebView/Default/HTTP Cache/Cache_Data/2e6a20528847ea1e_0 size=12288 mod=1782900297 from UID=10233 used=5959680 quota=40106512 ratio=1485
07-01 10:05:09.256   590   769 D installd: Purging /data/data/com.aiquota.mobile/cache/WebView/Default/HTTP Cache/Cache_Data/8b62975f4c087898_0 size=24576 mod=1782900297 from UID=10233 used=5947392 quota=40106512 ratio=1482
07-01 10:05:09.256   590   769 D installd: Purging /data/data/com.aiquota.mobile/cache/WebView/Default/HTTP Cache/Cache_Data/2e341bd4b9664cae_0 size=45056 mod=1782900297 from UID=10233 used=5922816 quota=40106512 ratio=1476
07-01 10:05:09.256   590   769 D installd: Purging /data/data/com.aiquota.mobile/cache/WebView/Default/HTTP Cache/Cache_Data/3098a54d76182445_0 size=16384 mod=1782900297 from UID=10233 used=5877760 quota=40106512 ratio=1465
07-01 10:05:09.256   590   769 D installd: Purging /data/data/com.aiquota.mobile/cache/WebView/Default/HTTP Cache/Cache_Data/eeb7ebd174e6f5f0_0 size=16384 mod=1782900297 from UID=10233 used=5861376 quota=40106512 ratio=1461
07-01 10:05:09.256   590   769 D installd: Purging /data/data/com.aiquota.mobile/cache/WebView/Default/HTTP Cache/Cache_Data/d9621f288ebc4479_0 size=16384 mod=1782900297 from UID=10233 used=5844992 quota=40106512 ratio=1457
07-01 10:05:09.256   590   769 D installd: Purging /data/data/com.aiquota.mobile/cache/WebView/Default/HTTP Cache/Cache_Data/5d2b6a81c0076fd0_0 size=20480 mod=1782900297 from UID=10233 used=5828608 quota=40106512 ratio=1453
07-01 10:05:09.256   590   769 D installd: Purging /data/data/com.aiquota.mobile/cache/WebView/Default/HTTP Cache/Cache_Data/194d30a295fbe521_0 size=16384 mod=1782900297 from UID=10233 used=5808128 quota=40106512 ratio=1448
07-01 10:05:09.256   590   769 D installd: Purging /data/data/com.aiquota.mobile/cache/WebView/Default/HTTP Cache/Cache_Data/1e879cd62362660d_0 size=16384 mod=1782900297 from UID=10233 used=5791744 quota=40106512 ratio=1444
07-01 10:05:09.256   590   769 D installd: Purging /data/data/com.aiquota.mobile/cache/WebView/Default/HTTP Cache/Cache_Data/a204e1bbfc89134e_0 size=20480 mod=1782900297 from UID=10233 used=5775360 quota=40106512 ratio=1440
07-01 10:05:09.256   590   769 D installd: Purging /data/data/com.aiquota.mobile/cache/WebView/Default/HTTP Cache/Cache_Data/8bd52734c7cdf9e5_0 size=12288 mod=1782900297 from UID=10233 used=5754880 quota=40106512 ratio=1434
07-01 10:05:09.256   590   769 D installd: Purging /data/data/com.aiquota.mobile/cache/WebView/Default/HTTP Cache/Cache_Data/27e882a64b81d80c_0 size=20480 mod=1782900297 from UID=10233 used=5742592 quota=40106512 ratio=1431
07-01 10:05:09.256   590   769 D installd: Purging /data/data/com.aiquota.mobile/cache/WebView/Default/HTTP Cache/Cache_Data/1de14f5b7b73be20_0 size=20480 mod=1782900297 from UID=10233 used=5722112 quota=40106512 ratio=1426
07-01 10:05:09.256   590   769 D installd: Purging /data/data/com.aiquota.mobile/cache/WebView/Default/HTTP Cache/Cache_Data/7110a7308827d1e5_0 size=16384 mod=1782900297 from UID=10233 used=5701632 quota=40106512 ratio=1421
07-01 10:05:09.256   590   769 D installd: Purging /data/data/com.aiquota.mobile/cache/WebView/Default/HTTP Cache/Cache_Data/5adeb1dba5cedb8d_0 size=16384 mod=1782900297 from UID=10233 used=5685248 quota=40106512 ratio=1417
07-01 10:05:09.256   590   769 D installd: Purging /data/data/com.aiquota.mobile/cache/WebView/Default/HTTP Cache/Cache_Data/14767f84f5f22dae_0 size=16384 mod=1782900297 from UID=10233 used=5668864 quota=40106512 ratio=1413
07-01 10:05:09.256   590   769 D installd: Purging /data/data/com.aiquota.mobile/cache/WebView/Default/HTTP Cache/Cache_Data/24403b941541b9f9_0 size=32768 mod=1782900297 from UID=10233 used=5652480 quota=40106512 ratio=1409
07-01 10:05:09.256   590   769 D installd: Purging /data/data/com.aiquota.mobile/cache/WebView/Default/HTTP Cache/Cache_Data/5ebacf57ce37f788_0 size=12288 mod=1782900297 from UID=10233 used=5619712 quota=40106512 ratio=1401
07-01 10:05:09.256   590   769 D installd: Purging /data/data/com.aiquota.mobile/cache/WebView/Default/HTTP Cache/Cache_Data/e779ce190bd69535_0 size=20480 mod=1782900297 from UID=10233 used=5607424 quota=40106512 ratio=1398
07-01 10:05:09.256   590   769 D installd: Purging /data/data/com.aiquota.mobile/cache/WebView/Default/HTTP Cache/Cache_Data/6eaec80726a16278_0 size=16384 mod=1782900297 from UID=10233 used=5586944 quota=40106512 ratio=1393
07-01 10:05:09.256   590   769 D installd: Purging /data/data/com.aiquota.mobile/cache/WebView/Default/HTTP Cache/Cache_Data/b838fa00b05f0d1d_0 size=53248 mod=1782900297 from UID=10233 used=5570560 quota=40106512 ratio=1388
07-01 10:05:09.256   590   769 D installd: Purging /data/data/com.aiquota.mobile/cache/WebView/Default/HTTP Cache/Cache_Data/a798dc0a5cda8b39_0 size=32768 mod=1782900297 from UID=10233 used=5517312 quota=40106512 ratio=1375
07-01 10:05:09.256   590   769 D installd: Purging /data/data/com.aiquota.mobile/cache/WebView/Default/HTTP Cache/Cache_Data/30e34012fc98f4b4_0 size=53248 mod=1782900297 from UID=10233 used=5484544 quota=40106512 ratio=1367
07-01 10:05:09.256   590   769 D installd: Purging /data/data/com.aiquota.mobile/cache/WebView/Default/HTTP Cache/Cache_Data/7ee089f124589c88_0 size=12288 mod=1782900297 from UID=10233 used=5431296 quota=40106512 ratio=1354
07-01 10:05:09.257   590   769 D installd: Purging /data/data/com.aiquota.mobile/cache/WebView/Default/HTTP Cache/Cache_Data/a06c8db142b857b1_0 size=20480 mod=1782900297 from UID=10233 used=5419008 quota=40106512 ratio=1351
07-01 10:05:09.257   590   769 D installd: Purging /data/data/com.aiquota.mobile/cache/WebView/Default/HTTP Cache/Cache_Data/f7c8d7e65e2051e4_0 size=16384 mod=1782900297 from UID=10233 used=5398528 quota=40106512 ratio=1346
07-01 10:05:09.257   590   769 D installd: Purging /data/data/com.aiquota.mobile/cache/WebView/Default/HTTP Cache/Cache_Data/abdb212ba835709d_0 size=8192 mod=1782900298 from UID=10233 used=5382144 quota=40106512 ratio=1341
07-01 10:05:09.257   590   769 D installd: Purging /data/data/com.aiquota.mobile/cache/WebView/Default/HTTP Cache/Cache_Data/afbf5280740c4c61_0 size=8192 mod=1782900298 from UID=10233 used=5373952 quota=40106512 ratio=1339
07-01 10:05:09.257   590   769 D installd: Purging /data/data/com.aiquota.mobile/cache/WebView/Default/HTTP Cache/Cache_Data/ce24de8caafe6a8b_0 size=8192 mod=1782900298 from UID=10233 used=5365760 quota=40106512 ratio=1337
07-01 10:05:09.257   590   769 D installd: Purging /data/data/com.aiquota.mobile/cache/WebView/Default/HTTP Cache/Cache_Data/8dfab6f272576796_0 size=8192 mod=1782900298 from UID=10233 used=5357568 quota=40106512 ratio=1335
07-01 10:05:09.257   590   769 D installd: Purging /data/data/com.aiquota.mobile/cache/WebView/Default/HTTP Cache/Cache_Data/63fc04d97a41f0be_0 size=8192 mod=1782900298 from UID=10233 used=5349376 quota=40106512 ratio=1333
07-01 10:05:09.257   590   769 D installd: Purging /data/data/com.aiquota.mobile/cache/WebView/Default/HTTP Cache/Cache_Data/6a10aded25946e2e_0 size=8192 mod=1782900298 from UID=10233 used=5341184 quota=40106512 ratio=1331
07-01 10:05:09.257   590   769 D installd: Purging /data/data/com.aiquota.mobile/cache/WebView/Default/HTTP Cache/Cache_Data/aca077e7fb40552b_0 size=8192 mod=1782900298 from UID=10233 used=5332992 quota=40106512 ratio=1329
07-01 10:05:09.257   590   769 D installd: Purging /data/data/com.aiquota.mobile/cache/WebView/Default/HTTP Cache/Cache_Data/da96849f9674edd1_0 size=8192 mod=1782900298 from UID=10233 used=5324800 quota=40106512 ratio=1327
07-01 10:05:09.257   590   769 D installd: Purging /data/data/com.aiquota.mobile/cache/WebView/Default/HTTP Cache/Cache_Data/09c0d6a3634576cd_0 size=8192 mod=1782900298 from UID=10233 used=5316608 quota=40106512 ratio=1325
07-01 10:05:09.257   590   769 D installd: Purging /data/data/com.aiquota.mobile/cache/WebView/Default/HTTP Cache/Cache_Data/80a896280545e60f_0 size=8192 mod=1782900298 from UID=10233 used=5308416 quota=40106512 ratio=1323
07-01 10:05:09.257   590   769 D installd: Purging /data/data/com.aiquota.mobile/cache/WebView/Default/HTTP Cache/Cache_Data/dfa04c15e4071314_0 size=8192 mod=1782900298 from UID=10233 used=5300224 quota=40106512 ratio=1321
07-01 10:05:09.257   590   769 D installd: Purging /data/data/com.aiquota.mobile/cache/WebView/Default/HTTP Cache/Cache_Data/ad72241ea50e2ca2_0 size=8192 mod=1782900298 from UID=10233 used=5292032 quota=40106512 ratio=1319
07-01 10:05:09.257   590   769 D installd: Purging /data/data/com.aiquota.mobile/cache/WebView/Default/HTTP Cache/Cache_Data/603c425fd52a8025_0 size=8192 mod=1782900298 from UID=10233 used=5283840 quota=40106512 ratio=1317
07-01 10:05:09.257   590   769 D installd: Purging /data/data/com.aiquota.mobile/cache/WebView/Default/HTTP Cache/Cache_Data/cec7ba8a35128b26_0 size=8192 mod=1782900298 from UID=10233 used=5275648 quota=40106512 ratio=1315
07-01 10:05:09.257   590   769 D installd: Purging /data/data/com.aiquota.mobile/cache/WebView/Default/HTTP Cache/Cache_Data/19d35add63e0ed08_0 size=8192 mod=1782900298 from UID=10233 used=5267456 quota=40106512 ratio=1313
07-01 10:05:09.257   590   769 D installd: Purging /data/data/com.aiquota.mobile/cache/WebView/Default/HTTP Cache/Cache_Data/2f8bbf3f2d5b798f_0 size=8192 mod=1782900298 from UID=10233 used=5259264 quota=40106512 ratio=1311
07-01 10:05:09.257   590   769 D installd: Purging /data/data/com.aiquota.mobile/cache/WebView/Default/HTTP Cache/Cache_Data/5602a4ffbed9dd1e_0 size=8192 mod=1782900298 from UID=10233 used=5251072 quota=40106512 ratio=1309
07-01 10:05:09.257   590   769 D installd: Purging /data/data/com.aiquota.mobile/cache/WebView/Default/HTTP Cache/Cache_Data/e5884cfd77213824_0 size=8192 mod=1782900298 from UID=10233 used=5242880 quota=40106512 ratio=1307
07-01 10:05:09.257   590   769 D installd: Purging /data/data/com.aiquota.mobile/cache/WebView/Default/HTTP Cache/Cache_Data/939b7f83828d32a8_0 size=8192 mod=1782900298 from UID=10233 used=5234688 quota=40106512 ratio=1305
07-01 10:05:09.257   590   769 D installd: Purging /data/data/com.aiquota.mobile/cache/WebView/Default/HTTP Cache/Cache_Data/6d5651f07b38fd17_0 size=8192 mod=1782900298 from UID=10233 used=5226496 quota=40106512 ratio=1303
07-01 10:05:09.257   590   769 D installd: Purging /data/data/com.aiquota.mobile/cache/WebView/Default/HTTP Cache/Cache_Data/7469aac7accfa5ce_0 size=8192 mod=1782900298 from UID=10233 used=5218304 quota=40106512 ratio=1301
07-01 10:05:09.257   590   769 D installd: Purging /data/data/com.aiquota.mobile/cache/WebView/Default/HTTP Cache/Cache_Data/b261226ec0956338_0 size=8192 mod=1782900298 from UID=10233 used=5210112 quota=40106512 ratio=1299
07-01 10:05:09.257   590   769 D installd: Purging /data/data/com.aiquota.mobile/cache/WebView/Default/HTTP Cache/Cache_Data/65f4c8af3b0549df_0 size=8192 mod=1782900298 from UID=10233 used=5201920 quota=40106512 ratio=1297
07-01 10:05:09.257   590   769 D installd: Purging /data/data/com.aiquota.mobile/cache/WebView/Default/HTTP Cache/Cache_Data/b0f4fc164286d05f_0 size=8192 mod=1782900298 from UID=10233 used=5193728 quota=40106512 ratio=1294
07-01 10:05:09.257   590   769 D installd: Purging /data/data/com.aiquota.mobile/cache/WebView/Default/HTTP Cache/Cache_Data/201078e3a7c73792_0 size=8192 mod=1782900298 from UID=10233 used=5185536 quota=40106512 ratio=1292
07-01 10:05:09.257   590   769 D installd: Purging /data/data/com.aiquota.mobile/cache/WebView/Default/HTTP Cache/Cache_Data/33d7446ae54a7228_0 size=8192 mod=1782900298 from UID=10233 used=5177344 quota=40106512 ratio=1290
07-01 10:05:09.257   590   769 D installd: Purging /data/data/com.aiquota.mobile/cache/WebView/Default/HTTP Cache/Cache_Data/b80a90d87d9d17e8_0 size=8192 mod=1782900298 from UID=10233 used=5169152 quota=40106512 ratio=1288
07-01 10:05:09.257   590   769 D installd: Purging /data/data/com.aiquota.mobile/cache/WebView/Default/HTTP Cache/Cache_Data/9a60925366acad6e_0 size=8192 mod=1782900298 from UID=10233 used=5160960 quota=40106512 ratio=1286
07-01 10:05:09.257   590   769 D installd: Purging /data/data/com.aiquota.mobile/cache/WebView/Default/HTTP Cache/Cache_Data/e292e327c96194f2_0 size=8192 mod=1782900298 from UID=10233 used=5152768 quota=40106512 ratio=1284
07-01 10:05:09.257   590   769 D installd: Purging /data/data/com.aiquota.mobile/cache/WebView/Default/HTTP Cache/Cache_Data/d1f9d4f9fd66c560_0 size=8192 mod=1782900298 from UID=10233 used=5144576 quota=40106512 ratio=1282
07-01 10:05:09.257   590   769 D installd: Purging /data/data/com.aiquota.mobile/cache/WebView/Default/HTTP Cache/Cache_Data/c49ffe9748a30625_0 size=8192 mod=1782900298 from UID=10233 used=5136384 quota=40106512 ratio=1280
07-01 10:05:09.257   590   769 D installd: Purging /data/data/com.aiquota.mobile/cache/WebView/Default/HTTP Cache/Cache_Data/19bba18b0483df74_0 size=8192 mod=1782900298 from UID=10233 used=5128192 quota=40106512 ratio=1278
07-01 10:05:09.257   590   769 D installd: Purging /data/data/com.aiquota.mobile/cache/WebView/Default/HTTP Cache/Cache_Data/ab074def1dd70556_0 size=8192 mod=1782900298 from UID=10233 used=5120000 quota=40106512 ratio=1276
07-01 10:05:09.257   590   769 D installd: Purging /data/data/com.aiquota.mobile/cache/WebView/Default/HTTP Cache/Cache_Data/75fedef6f692a5fb_0 size=8192 mod=1782900298 from UID=10233 used=5111808 quota=40106512 ratio=1274
07-01 10:05:09.257   590   769 D installd: Purging /data/data/com.aiquota.mobile/cache/WebView/Default/HTTP Cache/Cache_Data/49a1386054573593_0 size=8192 mod=1782900298 from UID=10233 used=5103616 quota=40106512 ratio=1272
07-01 10:05:09.257   590   769 D installd: Purging /data/data/com.aiquota.mobile/cache/WebView/Default/HTTP Cache/Cache_Data/4dbb8902c14932c2_0 size=8192 mod=1782900298 from UID=10233 used=5095424 quota=40106512 ratio=1270
07-01 10:05:09.257   590   769 D installd: Purging /data/data/com.aiquota.mobile/cache/WebView/Default/HTTP Cache/Cache_Data/914f37e3c2d0d85d_0 size=8192 mod=1782900298 from UID=10233 used=5087232 quota=40106512 ratio=1268
07-01 10:05:09.258   590   769 D installd: Purging /data/data/com.aiquota.mobile/cache/WebView/Default/HTTP Cache/Cache_Data/c02910d8518d1dcd_0 size=8192 mod=1782900298 from UID=10233 used=5079040 quota=40106512 ratio=1266
07-01 10:05:09.258   590   769 D installd: Purging /data/data/com.aiquota.mobile/cache/WebView/Default/HTTP Cache/Cache_Data/bce53303c97b1546_0 size=8192 mod=1782900298 from UID=10233 used=5070848 quota=40106512 ratio=1264
07-01 10:05:09.258   590   769 D installd: Purging /data/data/com.aiquota.mobile/cache/WebView/Default/HTTP Cache/Cache_Data/1b28d404e469172e_0 size=8192 mod=1782900298 from UID=10233 used=5062656 quota=40106512 ratio=1262
07-01 10:05:09.258   590   769 D installd: Purging /data/data/com.aiquota.mobile/cache/WebView/Default/HTTP Cache/Cache_Data/3e8502f135139cb8_0 size=8192 mod=1782900298 from UID=10233 used=5054464 quota=40106512 ratio=1260
07-01 10:05:09.258   590   769 D installd: Purging /data/data/com.aiquota.mobile/cache/WebView/Default/HTTP Cache/Cache_Data/cfd06d0b346c1d5b_0 size=8192 mod=1782900298 from UID=10233 used=5046272 quota=40106512 ratio=1258
07-01 10:05:09.258   590   769 D installd: Purging /data/data/com.aiquota.mobile/cache/WebView/Default/HTTP Cache/Cache_Data/ea21a57ae8da4c79_0 size=8192 mod=1782900298 from UID=10233 used=5038080 quota=40106512 ratio=1256
07-01 10:05:09.258   590   769 D installd: Purging /data/data/com.aiquota.mobile/cache/WebView/Default/HTTP Cache/Cache_Data/933e1b823398df40_0 size=8192 mod=1782900298 from UID=10233 used=5029888 quota=40106512 ratio=1254
07-01 10:05:09.258   590   769 D installd: Purging /data/data/com.aiquota.mobile/cache/WebView/Default/HTTP Cache/Cache_Data/e2ce9b560f55668c_0 size=8192 mod=1782900298 from UID=10233 used=5021696 quota=40106512 ratio=1252
07-01 10:05:09.258   590   769 D installd: Purging /data/data/com.aiquota.mobile/cache/WebView/Default/HTTP Cache/Cache_Data/fc563d9655914494_0 size=8192 mod=1782900298 from UID=10233 used=5013504 quota=40106512 ratio=1250
07-01 10:05:09.258   590   769 D installd: Purging /data/data/com.aiquota.mobile/cache/WebView/Default/HTTP Cache/Cache_Data/02710e68a245446b_0 size=8192 mod=1782900298 from UID=10233 used=5005312 quota=40106512 ratio=1248
07-01 10:05:09.258   590   769 D installd: Purging /data/data/com.aiquota.mobile/cache/WebView/Default/HTTP Cache/Cache_Data/2eba4c100d62f5e6_0 size=8192 mod=1782900298 from UID=10233 used=4997120 quota=40106512 ratio=1245
07-01 10:05:09.258   590   769 D installd: Purging /data/data/com.aiquota.mobile/cache/WebView/Default/HTTP Cache/Cache_Data/58b2407b80742aad_0 size=8192 mod=1782900298 from UID=10233 used=4988928 quota=40106512 ratio=1243
07-01 10:05:09.258   590   769 D installd: Purging /data/data/com.aiquota.mobile/cache/WebView/Default/HTTP Cache/Cache_Data/27b900d0acb44b30_0 size=8192 mod=1782900298 from UID=10233 used=4980736 quota=40106512 ratio=1241
07-01 10:05:09.258   590   769 D installd: Purging /data/data/com.aiquota.mobile/cache/WebView/Default/HTTP Cache/Cache_Data/8a4bcd6511258a2b_0 size=8192 mod=1782900298 from UID=10233 used=4972544 quota=40106512 ratio=1239
07-01 10:05:09.258   590   769 D installd: Purging /data/data/com.aiquota.mobile/cache/WebView/Default/HTTP Cache/Cache_Data/d51ebee2f786125f_0 size=8192 mod=1782900298 from UID=10233 used=4964352 quota=40106512 ratio=1237
07-01 10:05:09.258   590   769 D installd: Purging /data/data/com.aiquota.mobile/cache/WebView/Default/HTTP Cache/Cache_Data/a145b99c29b111b2_0 size=8192 mod=1782900298 from UID=10233 used=4956160 quota=40106512 ratio=1235
07-01 10:05:09.258   590   769 D installd: Purging /data/data/com.aiquota.mobile/cache/WebView/Default/HTTP Cache/Cache_Data/bba54d829bd00955_0 size=8192 mod=1782900298 from UID=10233 used=4947968 quota=40106512 ratio=1233
07-01 10:05:09.258   590   769 D installd: Purging /data/data/com.aiquota.mobile/cache/WebView/Default/HTTP Cache/Cache_Data/947b22c7bd555487_0 size=8192 mod=1782900298 from UID=10233 used=4939776 quota=40106512 ratio=1231
07-01 10:05:09.258   590   769 D installd: Purging /data/data/com.aiquota.mobile/cache/WebView/Default/HTTP Cache/Cache_Data/01531eb9eb58f860_0 size=8192 mod=1782900298 from UID=10233 used=4931584 quota=40106512 ratio=1229
07-01 10:05:09.258   590   769 D installd: Purging /data/data/com.aiquota.mobile/cache/WebView/Default/HTTP Cache/Cache_Data/dee40915b890e907_0 size=8192 mod=1782900298 from UID=10233 used=4923392 quota=40106512 ratio=1227
07-01 10:05:09.258   590   769 D installd: Purging /data/data/com.aiquota.mobile/cache/WebView/Default/HTTP Cache/Cache_Data/fe8d72837c9b07d0_0 size=8192 mod=1782900298 from UID=10233 used=4915200 quota=40106512 ratio=1225
07-01 10:05:09.258   590   769 D installd: Purging /data/data/com.aiquota.mobile/cache/WebView/Default/HTTP Cache/Cache_Data/fc6de115083dcd2e_0 size=8192 mod=1782900298 from UID=10233 used=4907008 quota=40106512 ratio=1223
07-01 10:05:09.258   590   769 D installd: Purging /data/data/com.aiquota.mobile/cache/WebView/Default/HTTP Cache/Cache_Data/7d9ecbb4b9baf622_0 size=12288 mod=1782900298 from UID=10233 used=4898816 quota=40106512 ratio=1221
07-01 10:05:09.258   590   769 D installd: Purging /data/data/com.aiquota.mobile/cache/WebView/Default/HTTP Cache/Cache_Data/61bc2d455e64a47e_0 size=8192 mod=1782900298 from UID=10233 used=4886528 quota=40106512 ratio=1218
07-01 10:05:09.258   590   769 D installd: Purging /data/data/com.aiquota.mobile/cache/WebView/Default/HTTP Cache/Cache_Data/696001838a2b7793_0 size=12288 mod=1782900298 from UID=10233 used=4878336 quota=40106512 ratio=1216
07-01 10:05:09.258   590   769 D installd: Purging /data/data/com.aiquota.mobile/cache/WebView/Default/HTTP Cache/Cache_Data/c67ddafbb0347c7e_0 size=8192 mod=1782900298 from UID=10233 used=4866048 quota=40106512 ratio=1213
07-01 10:05:09.258   590   769 D installd: Purging /data/data/com.aiquota.mobile/cache/WebView/Default/HTTP Cache/Cache_Data/7fa5aa2396130834_0 size=12288 mod=1782900298 from UID=10233 used=4857856 quota=40106512 ratio=1211
07-01 10:05:09.258   590   769 D installd: Purging /data/data/com.aiquota.mobile/cache/WebView/Default/HTTP Cache/Cache_Data/4c4f15c78d4a7841_0 size=16384 mod=1782900298 from UID=10233 used=4845568 quota=40106512 ratio=1208
07-01 10:05:09.258   590   769 D installd: Purging /data/data/com.aiquota.mobile/cache/WebView/Default/HTTP Cache/Cache_Data/2e58ff43302f111d_0 size=57344 mod=1782900305 from UID=10233 used=4829184 quota=40106512 ratio=1204
07-01 10:05:09.258   590   769 D installd: Purging /data/data/com.aiquota.mobile/cache/WebView/Default/HTTP Cache/Cache_Data/247fed145a9f026a_0 size=57344 mod=1782900305 from UID=10233 used=4771840 quota=40106512 ratio=1189
07-01 10:05:09.258   590   769 D installd: Purging /data/data/com.aiquota.mobile/cache/WebView/Default/HTTP Cache/Cache_Data/23fa1ef02a993778_0 size=12288 mod=1782900305 from UID=10233 used=4714496 quota=40106512 ratio=1175
07-01 10:05:09.258   590   769 D installd: Purging /data/data/com.aiquota.mobile/cache/WebView/Default/HTTP Cache/Cache_Data/393cd2931c9c960e_0 size=65536 mod=1782900305 from UID=10233 used=4702208 quota=40106512 ratio=1172
07-01 10:05:09.258   590   769 D installd: Purging /data/data/com.aiquota.mobile/cache/WebView/Default/HTTP Cache/Cache_Data/9252b8df31d5ffe8_0 size=12288 mod=1782900305 from UID=10233 used=4636672 quota=40106512 ratio=1156
07-01 10:05:09.258   590   769 D installd: Purging /data/data/com.aiquota.mobile/cache/WebView/Default/HTTP Cache/Cache_Data/5f683d723acffd14_0 size=12288 mod=1782900305 from UID=10233 used=4624384 quota=40106512 ratio=1153
07-01 10:05:09.258   590   769 D installd: Purging /data/data/com.aiquota.mobile/cache/WebView/Default/HTTP Cache/Cache_Data/bd76c945f9269ca7_0 size=192512 mod=1782900305 from UID=10233 used=4612096 quota=40106512 ratio=1149
07-01 10:05:09.261   590   769 D installd: Purging /data/data/com.aiquota.mobile/cache/WebView/Default/HTTP Cache/Cache_Data/5e87285ba0c2bd8d_0 size=12288 mod=1782900305 from UID=10233 used=4419584 quota=40106512 ratio=1101
07-01 10:05:09.261   590   769 D installd: Purging /data/data/com.aiquota.mobile/cache/WebView/Default/HTTP Cache/Cache_Data/6b9ad35afca6ace7_0 size=12288 mod=1782900305 from UID=10233 used=4407296 quota=40106512 ratio=1098
07-01 10:05:09.261   590   769 D installd: Purging /data/data/com.aiquota.mobile/cache/WebView/Default/HTTP Cache/Cache_Data/f6377b049f2418b3_0 size=32768 mod=1782900305 from UID=10233 used=4395008 quota=40106512 ratio=1095
07-01 10:05:09.262   590   769 D installd: Purging /data/data/com.aiquota.mobile/cache/WebView/Default/HTTP Cache/Cache_Data/82f25e100ff1c21f_0 size=12288 mod=1782900305 from UID=10233 used=4362240 quota=40106512 ratio=1087
07-01 10:05:09.262   590   769 D installd: Purging /data/data/com.aiquota.mobile/cache/WebView/Default/HTTP Cache/Cache_Data/e7490c1059b04b7a_0 size=12288 mod=1782900305 from UID=10233 used=4349952 quota=40106512 ratio=1084
07-01 10:05:09.262   590   769 D installd: Purging /data/data/com.aiquota.mobile/cache/WebView/Default/HTTP Cache/Cache_Data/1520690dc010b4a1_0 size=12288 mod=1782900305 from UID=10233 used=4337664 quota=40106512 ratio=1081
07-01 10:05:09.262   590   769 D installd: Purging /data/data/com.aiquota.mobile/cache/WebView/Default/HTTP Cache/Cache_Data/f8f4672e6c911e59_0 size=81920 mod=1782900305 from UID=10233 used=4325376 quota=40106512 ratio=1078
07-01 10:05:09.262   590   769 D installd: Purging /data/data/com.aiquota.mobile/cache/WebView/Default/HTTP Cache/Cache_Data/4ba94e55fc87b068_0 size=81920 mod=1782900305 from UID=10233 used=4243456 quota=40106512 ratio=1058
07-01 10:05:09.262   590   769 D installd: Purging /data/data/com.aiquota.mobile/cache/WebView/Default/HTTP Cache/Cache_Data/65b834c352f29de7_0 size=45056 mod=1782900305 from UID=10233 used=4161536 quota=40106512 ratio=1037
07-01 10:05:09.262   590   769 D installd: Purging /data/data/com.aiquota.mobile/cache/WebView/Default/HTTP Cache/Cache_Data/04f04dd049c3f179_0 size=81920 mod=1782900305 from UID=10233 used=4116480 quota=40106512 ratio=1026
07-01 10:05:09.262   590   769 D installd: Purging /data/data/com.aiquota.mobile/cache/WebView/Default/HTTP Cache/Cache_Data/5e5f6c9bd93acacb_0 size=32768 mod=1782900305 from UID=10233 used=4034560 quota=40106512 ratio=1005
07-01 10:05:09.262   590   769 D installd: Purging /data/data/com.aiquota.mobile/cache/WebView/Default/HTTP Cache/Code Cache/js/f90d7d4eb2ae2b15_0 size=8192 mod=1782900306 from UID=10233 used=4001792 quota=40106512 ratio=997
07-01 10:05:09.262   590   769 D installd: Purging /data/data/com.aiquota.mobile/cache/WebView/Default/HTTP Cache/Code Cache/js/9798a803c2cb288d_0 size=8192 mod=1782900306 from UID=10233 used=3993600 quota=40106512 ratio=995
07-01 10:05:09.263   590   769 D installd: Purging /data/data/com.aiquota.mobile/cache/WebView/Default/HTTP Cache/Code Cache/js/460a743a21f2c9fa_0 size=8192 mod=1782900306 from UID=10233 used=3985408 quota=40106512 ratio=993
07-01 10:05:09.263   590   769 D installd: Purging /data/data/com.aiquota.mobile/cache/WebView/Default/HTTP Cache/Code Cache/js/c64b1e64205c319a_0 size=8192 mod=1782900306 from UID=10233 used=3977216 quota=40106512 ratio=991
07-01 10:05:09.263   590   769 D installd: Purging /data/data/com.aiquota.mobile/cache/WebView/Default/HTTP Cache/Code Cache/js/4aaa5c2d688cdb40_0 size=8192 mod=1782900306 from UID=10233 used=3969024 quota=40106512 ratio=989
07-01 10:05:09.263   590   769 D installd: Purging /data/data/com.aiquota.mobile/cache/WebView/Default/HTTP Cache/Code Cache/js/54179f464d159fec_0 size=8192 mod=1782900306 from UID=10233 used=3960832 quota=40106512 ratio=987
07-01 10:05:09.263   590   769 D installd: Purging /data/data/com.aiquota.mobile/cache/WebView/Default/HTTP Cache/Code Cache/js/8944e05b044d9785_0 size=8192 mod=1782900306 from UID=10233 used=3952640 quota=40106512 ratio=985
07-01 10:05:09.263   590   769 D installd: Purging /data/data/com.aiquota.mobile/cache/WebView/Default/HTTP Cache/Code Cache/js/6918841d7fdc83ad_0 size=8192 mod=1782900306 from UID=10233 used=3944448 quota=40106512 ratio=983
07-01 10:05:09.264   590   769 D installd: Purging /data/data/com.aiquota.mobile/cache/WebView/Default/HTTP Cache/Cache_Data/32a915aa0bba39f1_0 size=12288 mod=1782900306 from UID=10233 used=3936256 quota=40106512 ratio=981
07-01 10:05:09.264   590   769 D installd: Purging /data/data/com.aiquota.mobile/cache/WebView/Default/HTTP Cache/Cache_Data/690088388b8a6b6a_0 size=28672 mod=1782900306 from UID=10233 used=3923968 quota=40106512 ratio=978
07-01 10:05:09.264   590   769 D installd: Purging /data/data/com.aiquota.mobile/cache/WebView/Default/HTTP Cache/Cache_Data/85328545d90b76c9_0 size=28672 mod=1782900306 from UID=10233 used=3895296 quota=40106512 ratio=971
07-01 10:05:09.264   590   769 D installd: Purging /data/data/com.aiquota.mobile/cache/WebView/Default/HTTP Cache/Cache_Data/7a0bfa136a71fa1a_0 size=45056 mod=1782900306 from UID=10233 used=3866624 quota=40106512 ratio=964
07-01 10:05:09.264   590   769 D installd: Purging /data/data/com.aiquota.mobile/cache/WebView/Default/HTTP Cache/Cache_Data/67d04263d35e4336_0 size=24576 mod=1782900306 from UID=10233 used=3821568 quota=40106512 ratio=952
07-01 10:05:09.264   590   769 D installd: Purging /data/data/com.aiquota.mobile/cache/WebView/Default/HTTP Cache/Cache_Data/05efe4081ef98dba_0 size=24576 mod=1782900306 from UID=10233 used=3796992 quota=40106512 ratio=946
07-01 10:05:09.264   590   769 D installd: Purging /data/data/com.aiquota.mobile/cache/WebView/Default/HTTP Cache/Cache_Data/3106ac03fbc2dac4_0 size=20480 mod=1782900306 from UID=10233 used=3772416 quota=40106512 ratio=940
07-01 10:05:09.264   590   769 D installd: Purging /data/data/com.aiquota.mobile/cache/WebView/Default/HTTP Cache/Cache_Data/8cf8a015441d4deb_0 size=16384 mod=1782900306 from UID=10233 used=3751936 quota=40106512 ratio=935
07-01 10:05:09.264   590   769 D installd: Purging /data/data/com.aiquota.mobile/cache/WebView/Default/HTTP Cache/Cache_Data/e07cd6affd989bf4_0 size=16384 mod=1782900306 from UID=10233 used=3735552 quota=40106512 ratio=931
07-01 10:05:09.264   590   769 D installd: Purging /data/data/com.aiquota.mobile/cache/WebView/Default/HTTP Cache/Cache_Data/f6a808c58170a310_0 size=49152 mod=1782900306 from UID=10233 used=3719168 quota=40106512 ratio=927
07-01 10:05:09.264   590   769 D installd: Purging /data/data/com.aiquota.mobile/cache/WebView/Default/HTTP Cache/Cache_Data/57180cb7502a3239_0 size=20480 mod=1782900306 from UID=10233 used=3670016 quota=40106512 ratio=915
07-01 10:05:09.264   590   769 D installd: Purging /data/data/com.aiquota.mobile/cache/WebView/Default/HTTP Cache/Cache_Data/e6cd977ae549ccc9_0 size=16384 mod=1782900306 from UID=10233 used=3649536 quota=40106512 ratio=909
07-01 10:05:09.264   590   769 D installd: Purging /data/data/com.aiquota.mobile/cache/WebView/Default/HTTP Cache/Cache_Data/e466d0b1673f8a27_0 size=20480 mod=1782900306 from UID=10233 used=3633152 quota=40106512 ratio=905
07-01 10:05:09.264   590   769 D installd: Purging /data/data/com.aiquota.mobile/cache/WebView/Default/HTTP Cache/Cache_Data/40be297bc8b76c42_0 size=20480 mod=1782900306 from UID=10233 used=3612672 quota=40106512 ratio=900
07-01 10:05:09.264   590   769 D installd: Purging /data/data/com.aiquota.mobile/cache/WebView/Default/HTTP Cache/Cache_Data/2be707c4bbffedee_0 size=16384 mod=1782900306 from UID=10233 used=3592192 quota=40106512 ratio=895
07-01 10:05:09.264   590   769 D installd: Purging /data/data/com.aiquota.mobile/cache/WebView/Default/HTTP Cache/Cache_Data/46c28bec6563d6ba_0 size=32768 mod=1782900306 from UID=10233 used=3575808 quota=40106512 ratio=891
07-01 10:05:09.264   590   769 D installd: Purging /data/data/com.aiquota.mobile/cache/WebView/Default/HTTP Cache/Cache_Data/ad67fd8076099a31_0 size=16384 mod=1782900306 from UID=10233 used=3543040 quota=40106512 ratio=883
07-01 10:05:09.264   590   769 D installd: Purging /data/data/com.aiquota.mobile/cache/WebView/Default/HTTP Cache/Cache_Data/f1993c7ff6bdd322_0 size=16384 mod=1782900306 from UID=10233 used=3526656 quota=40106512 ratio=879
07-01 10:05:09.264   590   769 D installd: Purging /data/data/com.aiquota.mobile/cache/WebView/Default/HTTP Cache/Cache_Data/ed68dc53e6f115cd_0 size=20480 mod=1782900306 from UID=10233 used=3510272 quota=40106512 ratio=875
07-01 10:05:09.264   590   769 D installd: Purging /data/data/com.aiquota.mobile/cache/WebView/Default/HTTP Cache/Cache_Data/990fe8de119c3b93_0 size=16384 mod=1782900306 from UID=10233 used=3489792 quota=40106512 ratio=870
07-01 10:05:09.265   590   769 D installd: Purging /data/data/com.aiquota.mobile/cache/WebView/Default/HTTP Cache/Cache_Data/eeb5fd65e78bcb62_0 size=16384 mod=1782900306 from UID=10233 used=3473408 quota=40106512 ratio=866
07-01 10:05:09.266   590   769 D installd: Purging /data/data/com.aiquota.mobile/cache/WebView/Default/HTTP Cache/Cache_Data/05b809c5bd859aa8_0 size=12288 mod=1782900306 from UID=10233 used=3457024 quota=40106512 ratio=861
07-01 10:05:09.266   590   769 D installd: Purging /data/data/com.aiquota.mobile/cache/WebView/Default/HTTP Cache/Cache_Data/9ac64466734c9544_0 size=20480 mod=1782900306 from UID=10233 used=3444736 quota=40106512 ratio=858
07-01 10:05:09.266   590   769 D installd: Purging /data/data/com.aiquota.mobile/cache/WebView/Default/HTTP Cache/Cache_Data/70dc1fc3f6f323d2_0 size=20480 mod=1782900306 from UID=10233 used=3424256 quota=40106512 ratio=853
07-01 10:05:09.266   590   769 D installd: Purging /data/data/com.aiquota.mobile/cache/WebView/Default/HTTP Cache/Cache_Data/8b30b65e75f8d366_0 size=20480 mod=1782900306 from UID=10233 used=3403776 quota=40106512 ratio=848
07-01 10:05:09.266   590   769 D installd: Purging /data/data/com.aiquota.mobile/cache/WebView/Default/HTTP Cache/Cache_Data/ad96fe719786a6dc_0 size=20480 mod=1782900306 from UID=10233 used=3383296 quota=40106512 ratio=843
07-01 10:05:09.266   590   769 D installd: Purging /data/data/com.aiquota.mobile/cache/WebView/Default/HTTP Cache/Cache_Data/3aaaa19cf3928e13_0 size=16384 mod=1782900306 from UID=10233 used=3362816 quota=40106512 ratio=838
07-01 10:05:09.266   590   769 D installd: Purging /data/data/com.aiquota.mobile/cache/WebView/Default/HTTP Cache/Cache_Data/516313de8f5f03f2_0 size=16384 mod=1782900306 from UID=10233 used=3346432 quota=40106512 ratio=834
07-01 10:05:09.266   590   769 D installd: Purging /data/data/com.aiquota.mobile/cache/WebView/Default/HTTP Cache/Cache_Data/dba1dbf0c3bb7ce9_0 size=49152 mod=1782900306 from UID=10233 used=3330048 quota=40106512 ratio=830
07-01 10:05:09.266   590   769 D installd: Purging /data/data/com.aiquota.mobile/cache/WebView/Default/HTTP Cache/Cache_Data/f4ac797ced639b8a_0 size=53248 mod=1782900306 from UID=10233 used=3280896 quota=40106512 ratio=818
07-01 10:05:09.266   590   769 D installd: Purging /data/data/com.aiquota.mobile/cache/WebView/Default/HTTP Cache/Cache_Data/d9d9420d408cf474_0 size=28672 mod=1782900306 from UID=10233 used=3227648 quota=40106512 ratio=804
07-01 10:05:09.266   590   769 D installd: Purging /data/data/com.aiquota.mobile/cache/WebView/Default/HTTP Cache/Code Cache/js/861f0be4ba6e6bbf_0 size=8192 mod=1782900308 from UID=10233 used=3198976 quota=40106512 ratio=797
07-01 10:05:09.266   590   769 D installd: Purging /data/data/com.aiquota.mobile/cache/WebView/Default/HTTP Cache/Code Cache/js/dab3056fad6cde00_0 size=8192 mod=1782900308 from UID=10233 used=3190784 quota=40106512 ratio=795
07-01 10:05:09.266   590   769 D installd: Purging /data/data/com.aiquota.mobile/cache/WebView/Default/HTTP Cache/Code Cache/js/1b81b1603d52a110_0 size=8192 mod=1782900308 from UID=10233 used=3182592 quota=40106512 ratio=793
07-01 10:05:09.266   590   769 D installd: Purging /data/data/com.aiquota.mobile/cache/WebView/Default/HTTP Cache/Code Cache/js/150580ec930b72f9_0 size=135168 mod=1782900308 from UID=10233 used=3174400 quota=40106512 ratio=791
07-01 10:05:09.267   590   769 D installd: Purging /data/data/com.aiquota.mobile/cache/WebView/Default/HTTP Cache/Code Cache/js/2b6ace1ca90f27fa_0 size=28672 mod=1782900308 from UID=10233 used=3039232 quota=40106512 ratio=757
07-01 10:05:09.267   590   769 D installd: Purging /data/data/com.aiquota.mobile/cache/WebView/Default/HTTP Cache/Code Cache/js/e4a1c18899994360_0 size=57344 mod=1782900308 from UID=10233 used=3010560 quota=40106512 ratio=750
07-01 10:05:09.267   590   769 D installd: Purging /data/data/com.aiquota.mobile/cache/WebView/Default/HTTP Cache/Code Cache/js/0a48053adc6de397_0 size=73728 mod=1782900308 from UID=10233 used=2953216 quota=40106512 ratio=736
07-01 10:05:09.267   590   769 D installd: Purging /data/data/com.aiquota.mobile/cache/WebView/Default/HTTP Cache/Code Cache/js/9c59c1a406330ba3_0 size=24576 mod=1782900308 from UID=10233 used=2879488 quota=40106512 ratio=717
07-01 10:05:09.267   590   769 D installd: Purging /data/data/com.aiquota.mobile/cache/WebView/Default/HTTP Cache/Code Cache/js/37f499e96ea67e14_0 size=24576 mod=1782900308 from UID=10233 used=2854912 quota=40106512 ratio=711
07-01 10:05:09.267   590   769 D installd: Purging /data/data/com.aiquota.mobile/cache/WebView/Default/HTTP Cache/Code Cache/js/63d72fba2b562402_0 size=40960 mod=1782900308 from UID=10233 used=2830336 quota=40106512 ratio=705
07-01 10:05:09.267   590   769 D installd: Purging /data/data/com.aiquota.mobile/cache/WebView/Default/HTTP Cache/Code Cache/js/4a40fff89359042a_0 size=159744 mod=1782900308 from UID=10233 used=2789376 quota=40106512 ratio=695
07-01 10:05:09.267   590   769 D installd: Purging /data/data/com.aiquota.mobile/cache/WebView/Default/HTTP Cache/Code Cache/js/fd02b6db4b5a7e75_0 size=53248 mod=1782900308 from UID=10233 used=2629632 quota=40106512 ratio=655
07-01 10:05:09.267   590   769 D installd: Purging /data/data/com.aiquota.mobile/cache/WebView/Default/HTTP Cache/Code Cache/js/c2c57dd8fbb43e8e_0 size=81920 mod=1782900308 from UID=10233 used=2576384 quota=40106512 ratio=642
07-01 10:05:09.267   590   769 D installd: Purging /data/data/com.aiquota.mobile/cache/WebView/Default/HTTP Cache/Code Cache/js/8f962fb15394969c_0 size=53248 mod=1782900308 from UID=10233 used=2494464 quota=40106512 ratio=621
07-01 10:05:09.267   590   769 D installd: Purging /data/data/com.aiquota.mobile/cache/WebView/Default/HTTP Cache/Code Cache/js/34a88def03c8c0ff_0 size=40960 mod=1782900308 from UID=10233 used=2441216 quota=40106512 ratio=608
07-01 10:05:09.267   590   769 D installd: Purging /data/data/com.aiquota.mobile/cache/WebView/Default/HTTP Cache/Code Cache/js/819636d61007ff47_0 size=32768 mod=1782900308 from UID=10233 used=2400256 quota=40106512 ratio=598
07-01 10:05:09.267   590   769 D installd: Purging /data/data/com.aiquota.mobile/cache/WebView/Default/HTTP Cache/Code Cache/js/b2d2259ba07e073f_0 size=258048 mod=1782900308 from UID=10233 used=2367488 quota=40106512 ratio=590
07-01 10:05:09.267   590   769 D installd: Purging /data/data/com.aiquota.mobile/cache/WebView/Default/HTTP Cache/Code Cache/js/b2f7a977514794a4_0 size=40960 mod=1782900308 from UID=10233 used=2109440 quota=40106512 ratio=525
07-01 10:05:09.267   590   769 D installd: Purging /data/data/com.aiquota.mobile/cache/WebView/Default/HTTP Cache/Code Cache/js/6c921601b30f2600_0 size=356352 mod=1782900308 from UID=10233 used=2068480 quota=40106512 ratio=515
07-01 10:05:09.267   590   769 D installd: Purging /data/data/com.aiquota.mobile/cache/WebView/Default/HTTP Cache/Code Cache/js/c2a071845c181c9f_0 size=221184 mod=1782900308 from UID=10233 used=1712128 quota=40106512 ratio=426
07-01 10:05:09.267   590   769 D installd: Purging /data/data/com.aiquota.mobile/cache/WebView/Default/HTTP Cache/Code Cache/js/1c5391199ba64cf6_0 size=249856 mod=1782900308 from UID=10233 used=1490944 quota=40106512 ratio=371
07-01 10:05:09.267   590   769 D installd: Purging /data/data/com.aiquota.mobile/cache/WebView/Default/HTTP Cache/Code Cache/js/9d6e81a21ea0f97f_0 size=8192 mod=1782900308 from UID=10233 used=1241088 quota=40106512 ratio=309
07-01 10:05:09.268   590   769 D installd: Purging /data/data/com.aiquota.mobile/cache/WebView/Default/HTTP Cache/Code Cache/js/1c7da15daaf216fa_0 size=8192 mod=1782900308 from UID=10233 used=1232896 quota=40106512 ratio=307
07-01 10:05:09.268   590   769 D installd: Purging /data/data/com.aiquota.mobile/cache/WebView/Default/HTTP Cache/Code Cache/js/c7ee28e10fe30d96_0 size=8192 mod=1782900308 from UID=10233 used=1224704 quota=40106512 ratio=305
07-01 10:05:09.268   590   769 D installd: Purging /data/data/com.aiquota.mobile/cache/WebView/Default/HTTP Cache/Code Cache/js/83ae7bf890d43521_0 size=8192 mod=1782900308 from UID=10233 used=1216512 quota=40106512 ratio=303
07-01 10:05:09.268   590   769 D installd: Purging /data/data/com.aiquota.mobile/cache/WebView/Default/HTTP Cache/Code Cache/js/cd9dfb5b10122cb4_0 size=8192 mod=1782900308 from UID=10233 used=1208320 quota=40106512 ratio=301
07-01 10:05:09.268   590   769 D installd: Purging /data/data/com.aiquota.mobile/cache/WebView/Default/HTTP Cache/Code Cache/js/fb331bdb6e7bbdba_0 size=16384 mod=1782900308 from UID=10233 used=1200128 quota=40106512 ratio=299
07-01 10:05:09.268   590   769 D installd: Purging /data/data/com.aiquota.mobile/cache/WebView/Default/HTTP Cache/Code Cache/js/3cf33876caa8fb41_0 size=8192 mod=1782900308 from UID=10233 used=1183744 quota=40106512 ratio=295
07-01 10:05:09.268   590   769 D installd: Purging /data/data/com.aiquota.mobile/cache/WebView/Default/HTTP Cache/Code Cache/js/d6d3424eca304af8_0 size=8192 mod=1782900308 from UID=10233 used=1175552 quota=40106512 ratio=293
07-01 10:05:09.268   590   769 D installd: Purging /data/data/com.aiquota.mobile/cache/WebView/Default/HTTP Cache/Code Cache/js/8daa938455e9e32f_0 size=8192 mod=1782900308 from UID=10233 used=1167360 quota=40106512 ratio=291
07-01 10:05:09.268   590   769 D installd: Purging /data/data/com.aiquota.mobile/cache/WebView/Default/HTTP Cache/Code Cache/js/ebf58740b7fd2f09_0 size=12288 mod=1782900308 from UID=10233 used=1159168 quota=40106512 ratio=289
07-01 10:05:09.268   590   769 D installd: Purging /data/data/com.aiquota.mobile/cache/WebView/Default/HTTP Cache/Code Cache/js/e1dfd5818ae8fde4_0 size=8192 mod=1782900308 from UID=10233 used=1146880 quota=40106512 ratio=285
07-01 10:05:09.268   590   769 D installd: Purging /data/data/com.aiquota.mobile/cache/WebView/Default/HTTP Cache/Code Cache/js/ef4608bfd7d09b04_0 size=16384 mod=1782900308 from UID=10233 used=1138688 quota=40106512 ratio=283
07-01 10:05:09.268   590   769 D installd: Purging /data/data/com.aiquota.mobile/cache/WebView/Default/HTTP Cache/Code Cache/js/f456f34c72c98979_0 size=8192 mod=1782900308 from UID=10233 used=1122304 quota=40106512 ratio=279
07-01 10:05:09.268   590   769 D installd: Purging /data/data/com.aiquota.mobile/cache/WebView/Default/HTTP Cache/Code Cache/js/b35ccbe9fe275f66_0 size=16384 mod=1782900308 from UID=10233 used=1114112 quota=40106512 ratio=277
07-01 10:05:09.268   590   769 D installd: Purging /data/data/com.aiquota.mobile/cache/WebView/Default/HTTP Cache/Code Cache/js/f08e1d8937e76dd6_0 size=8192 mod=1782900308 from UID=10233 used=1097728 quota=40106512 ratio=273
07-01 10:05:09.268   590   769 D installd: Purging /data/data/com.aiquota.mobile/cache/WebView/Default/HTTP Cache/Code Cache/js/6550f4f9112b7e60_0 size=8192 mod=1782900308 from UID=10233 used=1089536 quota=40106512 ratio=271
07-01 10:05:09.268   590   769 D installd: Purging /data/data/com.aiquota.mobile/cache/WebView/Default/HTTP Cache/Code Cache/js/bf4b567d5ff6d297_0 size=8192 mod=1782900308 from UID=10233 used=1081344 quota=40106512 ratio=269
07-01 10:05:09.268   590   769 D installd: Purging /data/data/com.aiquota.mobile/cache/WebView/Default/HTTP Cache/Code Cache/js/f5202a2795b3ee43_0 size=8192 mod=1782900308 from UID=10233 used=1073152 quota=40106512 ratio=267
07-01 10:05:09.268   590   769 D installd: Purging /data/data/com.aiquota.mobile/cache/WebView/Default/HTTP Cache/Code Cache/js/b406fed5ea618c9a_0 size=8192 mod=1782900308 from UID=10233 used=1064960 quota=40106512 ratio=265
07-01 10:05:09.268   590   769 D installd: Purging /data/data/com.aiquota.mobile/cache/WebView/Default/HTTP Cache/Code Cache/js/be7a57ff68552c8d_0 size=8192 mod=1782900308 from UID=10233 used=1056768 quota=40106512 ratio=263
07-01 10:05:09.269   590   769 D installd: Purging /data/data/com.aiquota.mobile/cache/WebView/Default/HTTP Cache/Code Cache/js/cb6cb6fa7a35c38c_0 size=20480 mod=1782900308 from UID=10233 used=1048576 quota=40106512 ratio=261
07-01 10:05:09.269   590   769 D installd: Purging /data/data/com.aiquota.mobile/cache/WebView/Default/HTTP Cache/Code Cache/js/b0179508c526bc70_0 size=8192 mod=1782900308 from UID=10233 used=1028096 quota=40106512 ratio=256
07-01 10:05:09.269   590   769 D installd: Purging /data/data/com.aiquota.mobile/cache/WebView/Default/HTTP Cache/Code Cache/js/32b22b96d38b0ed7_0 size=8192 mod=1782900308 from UID=10233 used=1019904 quota=40106512 ratio=254
07-01 10:05:09.269   590   769 D installd: Purging /data/data/com.aiquota.mobile/cache/WebView/Default/HTTP Cache/Code Cache/js/121997a3fe8fe1cd_0 size=8192 mod=1782900308 from UID=10233 used=1011712 quota=40106512 ratio=252
07-01 10:05:09.269   590   769 D installd: Purging /data/data/com.aiquota.mobile/cache/WebView/Default/HTTP Cache/Code Cache/js/8473fb0319aa7700_0 size=8192 mod=1782900308 from UID=10233 used=1003520 quota=40106512 ratio=250
07-01 10:05:09.271   590   769 D installd: Purging /data/data/com.aiquota.mobile/cache/WebView/Default/HTTP Cache/Code Cache/js/add2fb7b31bb47fd_0 size=20480 mod=1782900308 from UID=10233 used=995328 quota=40106512 ratio=248
07-01 10:05:09.272   590   769 D installd: Purging /data/data/com.aiquota.mobile/cache/WebView/Default/HTTP Cache/Cache_Data/268e156a5d5ac252_0 size=8192 mod=1782900308 from UID=10233 used=974848 quota=40106512 ratio=243
07-01 10:05:09.272   590   769 D installd: Purging /data/data/com.aiquota.mobile/cache/WebView/Default/HTTP Cache/Cache_Data/474995529c4facf0_0 size=8192 mod=1782900308 from UID=10233 used=966656 quota=40106512 ratio=241
07-01 10:05:09.272   590   769 D installd: Purging /data/data/com.aiquota.mobile/cache/WebView/Default/HTTP Cache/Cache_Data/58ccb41fc8e42085_0 size=20480 mod=1782900308 from UID=10233 used=958464 quota=40106512 ratio=238
07-01 10:05:09.272   590   769 D installd: Purging /data/data/com.aiquota.mobile/cache/WebView/Default/HTTP Cache/Cache_Data/6d6919b9ee1b17c3_0 size=16384 mod=1782900308 from UID=10233 used=937984 quota=40106512 ratio=233
07-01 10:05:09.272   590   769 D installd: Purging /data/data/com.aiquota.mobile/cache/WebView/Default/HTTP Cache/Cache_Data/f38cc504a7cc632e_0 size=20480 mod=1782900308 from UID=10233 used=921600 quota=40106512 ratio=229
07-01 10:05:09.272   590   769 D installd: Purging /data/data/com.aiquota.mobile/cache/WebView/Default/HTTP Cache/Cache_Data/7cc280687f118b14_0 size=12288 mod=1782900308 from UID=10233 used=901120 quota=40106512 ratio=224
07-01 10:05:09.272   590   769 D installd: Purging /data/data/com.aiquota.mobile/cache/WebView/Default/HTTP Cache/Cache_Data/46a1fbf91055a297_0 size=36864 mod=1782900308 from UID=10233 used=888832 quota=40106512 ratio=221
07-01 10:05:09.273   590   769 D installd: Purging /data/data/com.aiquota.mobile/cache/WebView/Default/HTTP Cache/Code Cache/js/7028f36168714d9b_0 size=667648 mod=1782900309 from UID=10233 used=851968 quota=40106512 ratio=212
07-01 10:05:09.274   590   769 D installd: Purging /data/data/com.aiquota.mobile/cache/WebView/Default/HTTP Cache/Code Cache/js/8d4b7513e9e8dc94_0 size=8192 mod=1782900309 from UID=10233 used=184320 quota=40106512 ratio=45
07-01 10:05:09.274   590   769 D installd: Purging /data/data/com.aiquota.mobile/cache/WebView/Default/HTTP Cache/Cache_Data/75d666972043913c_0 size=16384 mod=1782900309 from UID=10233 used=176128 quota=40106512 ratio=43
07-01 10:05:09.274   590   769 D installd: Purging /data/data/com.aiquota.mobile/cache/WebView/Default/HTTP Cache/Cache_Data/d8bcfd0998bb0c38_0 size=8192 mod=1782900309 from UID=10233 used=159744 quota=40106512 ratio=39
07-01 10:05:09.274   590   769 D installd: Purging /data/data/com.aiquota.mobile/cache/WebView/Default/HTTP Cache/Cache_Data/5add49ca2ca27d97_0 size=61440 mod=1782900309 from UID=10233 used=151552 quota=40106512 ratio=37
07-01 10:05:09.275   590   769 D installd: Purging /data/data/com.aiquota.mobile/cache/WebView/Default/HTTP Cache/Code Cache/js size=8192 mod=1782900309 from UID=10233 used=90112 quota=40106512 ratio=22
07-01 10:05:09.284   590   769 D installd: Purging /data/data/com.aiquota.mobile/cache/WebView/Default/HTTP Cache/Code Cache size=8192 mod=1782900309 from UID=10233 used=81920 quota=40106512 ratio=20
07-01 10:05:09.284   590   769 D installd: Purging /data/data/com.aiquota.mobile/cache/WebView/Default/HTTP Cache/Cache_Data size=12288 mod=1782900309 from UID=10233 used=73728 quota=40106512 ratio=18
07-01 10:05:09.284   590   769 D installd: Purging /data/data/com.aiquota.mobile/cache/WebView/Default/HTTP Cache size=8192 mod=1782900309 from UID=10233 used=61440 quota=40106512 ratio=15
07-01 10:05:09.286   590   769 D installd: Purging /data/data/com.aiquota.mobile/cache/WebView/Default size=8192 mod=1782900309 from UID=10233 used=53248 quota=40106512 ratio=13
07-01 10:05:09.286   590   769 D installd: Purging /data/data/com.aiquota.mobile/cache/WebView size=8192 mod=1782900309 from UID=10233 used=45056 quota=40106512 ratio=11
07-01 10:05:09.287   590   769 E installd: Failed to free up 622811544 on /data; final free space 420847616: Success
07-01 10:05:09.289  1618  1792 I ExternalStorageServiceImpl: Free cache requested for 201963928 bytes
07-01 10:05:09.290  1618  1792 I ExternalStorageServiceImpl: Free cache requested for 201963928 bytes
07-01 10:05:09.291   692   879 W DeviceStorageMonitorService: java.io.IOException: Failed to free 622811544 on storage device at /data
07-01 10:05:09.291   692   879 W DeviceStorageMonitorService: 	at com.android.server.pm.FreeStorageHelper.freeStorage(FreeStorageHelper.java:182)
07-01 10:05:09.291   692   879 W DeviceStorageMonitorService: 	at com.android.server.pm.PackageManagerService.freeStorage(PackageManagerService.java:3006)
07-01 10:05:09.291   692   879 W DeviceStorageMonitorService: 	at com.android.server.pm.PackageManagerInternalBase.freeStorage(PackageManagerInternalBase.java:581)
07-01 10:05:09.291   692   879 W DeviceStorageMonitorService: 	at com.android.server.storage.DeviceStorageMonitorService.checkLow(DeviceStorageMonitorService.java:194)
07-01 10:05:09.291   692   879 W DeviceStorageMonitorService: 	at com.android.server.storage.DeviceStorageMonitorService.-$$Nest$mcheckLow(DeviceStorageMonitorService.java:0)
07-01 10:05:09.291   692   879 W DeviceStorageMonitorService: 	at com.android.server.storage.DeviceStorageMonitorService$1.handleMessage(DeviceStorageMonitorService.java:297)
07-01 10:05:09.291   692   879 W DeviceStorageMonitorService: 	at android.os.Handler.dispatchMessageImpl(Handler.java:142)
07-01 10:05:09.291   692   879 W DeviceStorageMonitorService: 	at android.os.Handler.dispatchMessage(Handler.java:125)
07-01 10:05:09.291   692   879 W DeviceStorageMonitorService: 	at android.os.Looper.loopOnce(Looper.java:296)
07-01 10:05:09.291   692   879 W DeviceStorageMonitorService: 	at android.os.Looper.loop(Looper.java:397)
07-01 10:05:09.291   692   879 W DeviceStorageMonitorService: 	at android.os.HandlerThread.run(HandlerThread.java:139)
07-01 10:05:09.307 26793 27027 D AIQuotaLogin: provider=glm resource=https://www.google.com/measurement/conversion?keys=random|cv|tid|fst|fmt|en|gtm|gcd|dma|tag_exp|u_w|u_h
07-01 10:05:09.321   527   549 W skia    : AGTM parsing failed flags.readFromStream(s) at 159
07-01 10:05:09.334 26793 27027 D AIQuotaLogin: provider=glm resource=https://www.google.com/measurement/conversion?keys=random|cv|tid|fst|fmt|en|gtm|gcd|dma|tag_exp|u_w|u_h
07-01 10:05:09.355 26793 27027 D AIQuotaLogin: provider=glm resource=https://analytics.google.com/g/collect?keys=v|tid|gtm|_p|_gaz|gcd|npa|dma|_eu|_prs|are|cid
07-01 10:05:09.355 26793 27029 D AIQuotaLogin: provider=glm resource=https://stats.g.doubleclick.net/g/collect?keys=v|tid|cid|gtm|rcb|aip|dma|gcd|npa|frm|tag_exp
07-01 10:05:09.356 26793 27032 D AIQuotaLogin: provider=glm resource=https://www.google.co.kr/ads/ga-audiences?keys=v|t|slf_rd|_r|tid|cid|gtm|rcb|aip|dma|gcd|npa
07-01 10:05:09.391 26793 26793 D AIQuotaLoginConsole: provider=glm consoleLevel=LOG line=1
07-01 10:05:09.422   527   549 W skia    : AGTM parsing failed flags.readFromStream(s) at 159
07-01 10:05:09.424 26793 27027 D AIQuotaLogin: provider=glm resource=https://z.ai/_next/static/chunks/5790.f420ee43326e4de6.js
07-01 10:05:09.486 26793 27032 I AIQuotaLogin: provider=glm capturedNativeHeaders path=/api/biz/customer/getCustomerInfo names=Accept|Access-Control-Request-Headers|Access-Control-Request-Method|Origin|Referer|Sec-Fetch-Mode|User-Agent
07-01 10:05:09.486 26793 27032 D AIQuotaLogin: provider=glm resource=https://api.z.ai/api/biz/customer/getCustomerInfo
07-01 10:05:09.507   692   707 W ActivityManager: Skipping manifest association check for null package. SourceUid: -1, SourcePkg: null, TargetUid: 10233, TargetPkg: com.aiquota.mobile
07-01 10:05:09.507   692   724 W ActivityManager: Skipping manifest association check for null package. SourceUid: -1, SourcePkg: null, TargetUid: 10233, TargetPkg: com.aiquota.mobile
07-01 10:05:09.522   527   549 W skia    : AGTM parsing failed flags.readFromStream(s) at 159
07-01 10:05:09.532 26793 27027 D AIQuotaLogin: provider=glm resource=https://analytics.twitter.com/1/i/adsct?keys=bci|dv|eci|event|event_id|integration|p_id|p_user_id|pl_id|pt|tw_document_href|tw_iframe_status
07-01 10:05:09.533 26793 27029 D AIQuotaLogin: provider=glm resource=https://t.co/1/i/adsct?keys=bci|dv|eci|event|event_id|integration|p_id|p_user_id|pl_id|pt|tw_document_href|tw_iframe_status
07-01 10:05:09.549 26793 26793 D AIQuotaLoginConsole: provider=glm consoleLevel=LOG line=1
07-01 10:05:09.623   527   549 W skia    : AGTM parsing failed flags.readFromStream(s) at 159
07-01 10:05:09.635 26793 27029 D AIQuotaLogin: provider=glm resource=https://z.ai/_next/static/chunks/9055.f0419cf9f6e84e2f.js
07-01 10:05:09.681 26793 26800 I .aiquota.mobile: Background young concurrent mark compact GC freed 4745KB AllocSpace bytes, 14(608KB) LOS objects, 42% free, 7289KB/12MB, paused 4.183ms,6.736ms total 36.364ms
07-01 10:05:09.723 26793 27027 D AIQuotaLogin: provider=glm resource=https://app.adjust.com/session
07-01 10:05:09.734   527   549 W skia    : AGTM parsing failed flags.readFromStream(s) at 159
07-01 10:05:09.736  1331  1331 I NearbySharing: Network state changed: NetworkState(isRestricted=false, isOnline=true, isCongested=false, isMetered=false, isWifiConnected=true)
07-01 10:05:09.771 26793 27027 I AIQuotaLogin: provider=glm capturedNativeHeaders path=/api/biz/customer/getCustomerInfo names=Accept|Accept-Language|Authorization|Origin|Referer|User-Agent|refer|sec-ch-ua|sec-ch-ua-mobile|sec-ch-ua-platform
07-01 10:05:09.771 26793 27027 D AIQuotaLogin: provider=glm resource=https://api.z.ai/api/biz/customer/getCustomerInfo
07-01 10:05:09.806 26793 27027 D AIQuotaLogin: provider=glm resource=https://z.ai/_next/static/chunks/7548.e88af7e489a315c4.js
07-01 10:05:09.833   527   549 W skia    : AGTM parsing failed flags.readFromStream(s) at 159
07-01 10:05:09.935   527   549 W skia    : AGTM parsing failed flags.readFromStream(s) at 159
07-01 10:05:09.945 26793 27029 D AIQuotaLogin: provider=glm resource=https://z.ai/_next/static/chunks/3561.b9904dbd20245696.js
07-01 10:05:10.035   527   549 W skia    : AGTM parsing failed flags.readFromStream(s) at 159
07-01 10:05:10.075 26793 27027 I AIQuotaLogin: provider=glm capturedNativeHeaders path=/api/biz/label/whitelist/check names=Accept|Access-Control-Request-Headers|Access-Control-Request-Method|Origin|Referer|Sec-Fetch-Mode|User-Agent
07-01 10:05:10.076 26793 27029 I AIQuotaLogin: provider=glm capturedNativeHeaders path=/api/biz/customerService/zaiUserInfo names=Accept|Access-Control-Request-Headers|Access-Control-Request-Method|Origin|Referer|Sec-Fetch-Mode|User-Agent
07-01 10:05:10.076 26793 27029 D AIQuotaLogin: provider=glm resource=https://api.z.ai/api/biz/customerService/zaiUserInfo
07-01 10:05:10.077 26793 27027 D AIQuotaLogin: provider=glm resource=https://api.z.ai/api/biz/label/whitelist/check?keys=labelValue
07-01 10:05:10.091 26793 27029 D AIQuotaLogin: provider=glm resource=https://z.ai/_next/static/chunks/2083.2db3b12f0db8ca4a.js
07-01 10:05:10.138   527   549 W skia    : AGTM parsing failed flags.readFromStream(s) at 159
07-01 10:05:10.239   527   549 W skia    : AGTM parsing failed flags.readFromStream(s) at 159
07-01 10:05:10.298 26793 27027 D AIQuotaLogin: provider=glm resource=https://zhipuaishengchan.datasink.sensorsdata.cn/sa.gif?keys=project|token|data|ext
07-01 10:05:10.299 26793 27036 D AIQuotaLogin: provider=glm resource=https://zhipuaishengchan.datasink.sensorsdata.cn/sa.gif?keys=project|token|data|ext
07-01 10:05:10.299 26793 27032 D AIQuotaLogin: provider=glm resource=https://zhipuaishengchan.datasink.sensorsdata.cn/sa.gif?keys=project|token|data|ext
07-01 10:05:10.302 26793 27029 D AIQuotaLogin: provider=glm resource=https://zhipuaishengchan.datasink.sensorsdata.cn/sa.gif?keys=project|token|data|ext
07-01 10:05:10.348   527   549 W skia    : AGTM parsing failed flags.readFromStream(s) at 159
07-01 10:05:10.368 26793 27029 I AIQuotaLogin: provider=glm capturedNativeHeaders path=/api/biz/customerService/zaiUserInfo names=Accept|Accept-Language|Authorization|Origin|Referer|User-Agent|refer|sec-ch-ua|sec-ch-ua-mobile|sec-ch-ua-platform
07-01 10:05:10.369 26793 27029 D AIQuotaLogin: provider=glm resource=https://api.z.ai/api/biz/customerService/zaiUserInfo
07-01 10:05:10.370 26793 27027 I AIQuotaLogin: provider=glm capturedNativeHeaders path=/api/biz/label/whitelist/check names=Accept|Accept-Language|Authorization|Origin|Referer|User-Agent|refer|sec-ch-ua|sec-ch-ua-mobile|sec-ch-ua-platform
07-01 10:05:10.370 26793 27027 D AIQuotaLogin: provider=glm resource=https://api.z.ai/api/biz/label/whitelist/check?keys=labelValue
07-01 10:05:10.718 26793 27027 I AIQuotaLogin: provider=glm capturedNativeHeaders path=/api/biz/userBehaviorTracking names=Accept|Content-Type|Origin|Referer|User-Agent|sec-ch-ua|sec-ch-ua-mobile|sec-ch-ua-platform
07-01 10:05:10.718 26793 27027 D AIQuotaLogin: provider=glm resource=https://api.z.ai/api/biz/userBehaviorTracking
07-01 10:05:10.720 26793 27029 D AIQuotaLogin: provider=glm resource=https://zhipuaishengchan.datasink.sensorsdata.cn/sa.gif?keys=project|token|data|ext
07-01 10:05:10.721 26793 27027 D AIQuotaLogin: provider=glm resource=https://zhipuaishengchan.datasink.sensorsdata.cn/sa.gif?keys=project|token|data|ext
07-01 10:05:10.721 26793 27032 D AIQuotaLogin: provider=glm resource=https://zhipuaishengchan.datasink.sensorsdata.cn/sa.gif?keys=project|token|data|ext
07-01 10:05:10.833 26793 27027 D AIQuotaLogin: provider=glm resource=https://app.adjust.com/session
07-01 10:05:11.270 26793 27027 D AIQuotaLogin: provider=glm resource=https://app.adjust.com/event
07-01 10:05:11.545   539   539 I adbd    : adbd service requested 'shell,v2,raw:dumpsys package com.google.android.gms'
07-01 10:05:11.550 26793 27027 D AIQuotaLogin: provider=glm resource=https://app.adjust.com/event
07-01 10:05:11.704  3176  3176 I artd    : GetBestInfo: odex next to the dex file (/data/app/~~pUpe9D-hsv0lOCLmNQJGyA==/com.google.android.gms-a0e_AySruvvgbDhYG8Z6yQ==/oat/x86_64/base.odex) is kOatUpToDate with filter 'speed-profile' executable 'false'
07-01 10:05:11.706  3176  3176 I artd    : GetBestInfo: dm (/data/app/~~pUpe9D-hsv0lOCLmNQJGyA==/com.google.android.gms-a0e_AySruvvgbDhYG8Z6yQ==/split_AdsDynamite_installtime.dm) is kOatUpToDate with filter 'verify' executable 'false'
07-01 10:05:11.707  3176  3176 I artd    : GetBestInfo: odex next to the dex file (/data/app/~~pUpe9D-hsv0lOCLmNQJGyA==/com.google.android.gms-a0e_AySruvvgbDhYG8Z6yQ==/oat/x86_64/split_CronetDynamite_installtime.odex) is kOatUpToDate with filter 'speed-profile' executable 'false'
07-01 10:05:11.708  3176  3176 I artd    : GetBestInfo: dm (/data/app/~~pUpe9D-hsv0lOCLmNQJGyA==/com.google.android.gms-a0e_AySruvvgbDhYG8Z6yQ==/split_DynamiteLoader_installtime.dm) is kOatUpToDate with filter 'verify' executable 'false'
07-01 10:05:11.709  3176  3176 I artd    : GetBestInfo: dm (/data/app/~~pUpe9D-hsv0lOCLmNQJGyA==/com.google.android.gms-a0e_AySruvvgbDhYG8Z6yQ==/split_DynamiteModulesA_installtime.dm) is kOatUpToDate with filter 'verify' executable 'false'
07-01 10:05:11.710  3176  3176 I artd    : GetBestInfo: dm (/data/app/~~pUpe9D-hsv0lOCLmNQJGyA==/com.google.android.gms-a0e_AySruvvgbDhYG8Z6yQ==/split_DynamiteModulesC_installtime.dm) is kOatUpToDate with filter 'verify' executable 'false'
07-01 10:05:11.711  3176  3176 I artd    : GetBestInfo: dm (/data/app/~~pUpe9D-hsv0lOCLmNQJGyA==/com.google.android.gms-a0e_AySruvvgbDhYG8Z6yQ==/split_GoogleCertificates_installtime.dm) is kOatUpToDate with filter 'verify' executable 'false'
07-01 10:05:11.712  3176  3176 I artd    : GetBestInfo: dm (/data/app/~~pUpe9D-hsv0lOCLmNQJGyA==/com.google.android.gms-a0e_AySruvvgbDhYG8Z6yQ==/split_MapsDynamite_installtime.dm) is kOatUpToDate with filter 'verify' executable 'false'
07-01 10:05:11.714  3176  3176 I artd    : GetBestInfo: dm (/data/app/~~pUpe9D-hsv0lOCLmNQJGyA==/com.google.android.gms-a0e_AySruvvgbDhYG8Z6yQ==/split_MeasurementDynamite_installtime.dm) is kOatUpToDate with filter 'verify' executable 'false'
07-01 10:05:11.715  3176  3176 I artd    : GetBestInfo: /data/user_de/0/com.google.android.gms/app_chimera/m/0000000e/dl-IdentityCredentialsPlatform.optional_262031100800.apk has no usable artifacts
07-01 10:05:11.715  3176  3176 I artd    : GetBestInfo: /data/user_de/0/com.google.android.gms/app_chimera/m/00000001/CronetDynamite.apk has no usable artifacts
07-01 10:05:11.716  3176  3176 I artd    : GetBestInfo: /data/user_de/0/com.google.android.gms/app_chimera/m/00000013/dl-TfliteDynamiteDynamite.integ_252130102100800.apk has no usable artifacts
07-01 10:05:11.716  3176  3176 I artd    : GetBestInfo: /data/user_de/0/com.google.android.gms/app_chimera/m/00000002/DynamiteLoader.apk has no usable artifacts
07-01 10:05:11.717  3176  3176 I artd    : GetBestInfo: /data/user_de/0/com.google.android.gms/app_chimera/m/0000000c/dl-IdentityCredentialsPlatform.optional_261136100800.apk has no usable artifacts
07-01 10:05:11.717  3176  3176 I artd    : GetBestInfo: /data/user_de/0/com.google.android.gms/app_chimera/m/00000005/GoogleCertificates.apk has no usable artifacts
07-01 10:05:11.719  3176  3176 I artd    : GetBestInfo: /data/user_de/0/com.google.android.gms/app_chimera/m/0000000a/dl-TfliteDynamiteDynamite.integ_260580502100800.apk has no usable artifacts
07-01 10:05:11.720  3176  3176 I artd    : GetBestInfo: /data/user_de/0/com.google.android.gms/app_chimera/m/00000016/dl-PlayCloudSearch.optional_262031100000.apk has no usable artifacts
07-01 10:05:11.721  3176  3176 I artd    : GetBestInfo: /data/user_de/0/com.google.android.gms/app_chimera/m/00000014/dl-MlkitOcrCommon.optional_262031100800.apk has no usable artifacts
07-01 10:05:11.722  3176  3176 I artd    : GetBestInfo: /data/user_de/0/com.google.android.gms/app_chimera/m/00000008/dl-VisionOcr.optional_261136100000.apk has no usable artifacts
07-01 10:05:11.723  3176  3176 I artd    : GetBestInfo: /data/user_de/0/com.google.android.gms/app_chimera/m/00000010/dl-Appsearch.optional_262031100800.apk has no usable artifacts
07-01 10:05:11.724  3176  3176 I artd    : GetBestInfo: /data/user_de/0/com.google.android.gms/app_chimera/m/0000000b/dl-Appsearch.optional_261136100800.apk has no usable artifacts
07-01 10:05:11.725  3176  3176 I artd    : GetBestInfo: vdex next to the dex file (/data/user/0/com.google.android.gms/app_dg_cache/9BCBC14EE674B00B958D4B0C5B4BD883630AA39E/oat/x86_64/the.vdex) is kOatUpToDate with filter 'verify' executable 'false'
07-01 10:05:11.727  3176  3176 I artd    : GetBestInfo: /data/user_de/0/com.google.android.gms/app_chimera/m/00000009/dl-MlkitOcrCommon.optional_261136100800.apk has no usable artifacts
07-01 10:05:11.728  3176  3176 I artd    : GetBestInfo: /data/user/0/com.google.android.gms/app_dg_cache/22DA9D7AD8ED7504E0CAC64C41ECDBD7068924E0/the.apk has no usable artifacts
07-01 10:05:11.729  3176  3176 I artd    : GetBestInfo: vdex next to the dex file (/data/user/0/com.google.android.gms/app_dg_cache/FEE57AEA14526BE59FD8AB1365237E7B7A5CE7CB/oat/x86_64/the.vdex) is kOatUpToDate with filter 'verify' executable 'false'
07-01 10:05:11.730  3176  3176 I artd    : GetBestInfo: vdex next to the dex file (/data/user/0/com.google.android.gms/app_dg_cache/1C62BDE86218FBAA50DF06C4A79F5C3FE74B69EC/oat/x86_64/the.vdex) is kOatUpToDate with filter 'verify' executable 'false'
07-01 10:05:11.731  3176  3176 I artd    : GetBestInfo: /data/user_de/0/com.google.android.gms/app_chimera/m/0000000f/dl-VisionOcr.optional_262031100000.apk has no usable artifacts
07-01 10:05:11.732  3176  3176 I artd    : GetBestInfo: /data/user_de/0/com.google.android.gms/app_chimera/m/00000015/dl-MlkitBarcodeUi.optional_262031100800.apk has no usable artifacts
07-01 10:05:11.733  3176  3176 I artd    : GetBestInfo: /data/user_de/0/com.google.android.gms/app_chimera/m/00000007/MeasurementDynamite.apk has no usable artifacts
07-01 10:05:12.242   692   892 I AdbWifiNetworkMonitor: Wi-Fi network available
07-01 10:05:12.242   692   892 I AdbWifiNetworkMonitor: Received the same Wi-Fi SSID. Ignoring.
07-01 10:05:12.246   692   860 I HalDevMgr: bestIfaceCreationProposal is null, requestIface=STA, existingIface=[name=wlan0 type=STA]
07-01 10:05:12.251  1331  1833 I NullBinder: NullBinder for android.net.action.RECOMMEND_NETWORKS triggering remote TransactionTooLargeException due to Service without Chimera impl, calling uid: 1000, calling pid: 0
07-01 10:05:12.251  1331  1833 W libbinder.Binder: Large reply transaction of 1056768 bytes, interface descriptor , function: UNKNOWN_FUNCTION_NAME, code: 1, flags: 17
07-01 10:05:12.252  4397  4547 D WM-WorkConstraintsTrack: NetworkRequestConstraintController onCapabilitiesChanged callback
07-01 10:05:12.254  5429  5467 I BugleRcsEngine: Connected state: [1], networkType: [WIFI] [CONTEXT thread_id=63 ]
07-01 10:05:12.254  5429  5471 I BugleRcsEngine: handleMessage processing message:[NOTIFY_UPTIME_IGNORE_STATE_CHANGED] with [non-null]:RcsEngineImpl reference [CONTEXT log_prefix="RcsEngineImpl[DUAL_REG]:[16822a33-62db]>Handler" thread_id=64 ]
07-01 10:05:12.254  1331 24223 I NearbyMediums: Wifi changed new SSID: "AndroidWifi"
07-01 10:05:12.254  1331 24223 I NearbyMediums: WifiLanConnectivityInfo is not changed, skip notify.
07-01 10:05:12.254   692   866 D ConnectivityService: NetReassign [no changes] [c 0] [a 2] [i 0]
07-01 10:05:12.256  5429  5471 I BugleRcsEngine: No RCS Configuration was found in Bugle for simID: redacted-pii:sim_id[chars:20,last3:897] [CONTEXT log_prefix="ProvisioningEngineDataRetriever" thread_id=64 ]
07-01 10:05:12.754  1331  1331 I NearbySharing: Network state changed: NetworkState(isRestricted=false, isOnline=true, isCongested=false, isMetered=false, isWifiConnected=true)
07-01 10:05:13.109 26793 27027 D AIQuotaLogin: provider=glm resource=https://app.adjust.com/attribution?keys=token|environment|created_at|sent_at|web_uuid|platform|language|country|machine_type|queue_size|attempts|initiated_by
07-01 10:05:13.378 26793 27027 D AIQuotaLogin: provider=glm resource=https://app.adjust.com/attribution?keys=token|environment|created_at|sent_at|web_uuid|platform|language|country|machine_type|queue_size|attempts|initiated_by
07-01 10:05:13.652 26793 26793 D AIQuotaLoginConsole: provider=glm consoleLevel=LOG line=1
07-01 10:05:15.225  1119  1246 D SatelliteController: isInCarrierRoamingNbIotNtn: satellite is disabled
07-01 10:05:15.225  1119  1246 D SatelliteController: getCarrierRoamingNtnConnectType: Checking connect type from PLMN config for subId: 1
07-01 10:05:15.225  1119  1246 D TelephonyConfigUpdateInstallReceiver: getConfigParser: domain=satellite
07-01 10:05:15.225  1119  1246 V SatelliteController: satelliteConfigParser is not ready
07-01 10:05:15.225  1119  1246 D SatelliteController: isSatelliteAttachSupportedViaConfigupdater: return null (satelliteConfig is null)
07-01 10:05:15.226  1119  1246 D SatelliteController: getSatellitePerPlmnConfiguration: invalid subId or not supported via carrier.
07-01 10:05:15.226  1119  1246 D SatelliteController: getCarrierRoamingNtnConnectType: config: null
07-01 10:05:15.226  1119  1246 D TelephonyConfigUpdateInstallReceiver: getConfigParser: domain=satellite
07-01 10:05:15.226  1119  1246 V SatelliteController: satelliteConfigParser is not ready
07-01 10:05:15.226  1119  1246 D SatelliteController: getCarrierRoamingNtnConnectTypeViaConfigUpdater: return null (satelliteConfig is null)
07-01 10:05:15.226  1119  1246 D SatelliteController: getCarrierRoamingNtnConnectType: Falling back to global carrier config connect type: 0
07-01 10:05:15.226  1119  1246 D TelephonyConfigUpdateInstallReceiver: getConfigParser: domain=satellite
07-01 10:05:15.226  1119  1246 V SatelliteController: satelliteConfigParser is not ready
07-01 10:05:15.226  1119  1246 D SatelliteController: isSatelliteAttachSupportedViaConfigupdater: return null (satelliteConfig is null)
07-01 10:05:15.226  1119  1246 D SatelliteController: getCarrierRoamingNtnConnectType: Checking connect type from PLMN config for subId: 1
07-01 10:05:15.226  1119  1246 D TelephonyConfigUpdateInstallReceiver: getConfigParser: domain=satellite
07-01 10:05:15.226  1119  1246 V SatelliteController: satelliteConfigParser is not ready
07-01 10:05:15.226  1119  1246 D SatelliteController: isSatelliteAttachSupportedViaConfigupdater: return null (satelliteConfig is null)
07-01 10:05:15.226  1119  1246 D SatelliteController: getSatellitePerPlmnConfiguration: invalid subId or not supported via carrier.
07-01 10:05:15.226  1119  1246 D SatelliteController: getCarrierRoamingNtnConnectType: config: null
07-01 10:05:15.226  1119  1246 D TelephonyConfigUpdateInstallReceiver: getConfigParser: domain=satellite
07-01 10:05:15.226  1119  1246 V SatelliteController: satelliteConfigParser is not ready
07-01 10:05:15.226  1119  1246 D SatelliteController: getCarrierRoamingNtnConnectTypeViaConfigUpdater: return null (satelliteConfig is null)
07-01 10:05:15.227  1119  1246 D SatelliteController: getCarrierRoamingNtnConnectType: Falling back to global carrier config connect type: 0
07-01 10:05:15.227  1119  1246 D TelephonyConfigUpdateInstallReceiver: getConfigParser: domain=satellite
07-01 10:05:15.227  1119  1246 V SatelliteController: satelliteConfigParser is not ready
07-01 10:05:15.227  1119  1246 D SatelliteController: isSatelliteAttachSupportedViaConfigupdater: return null (satelliteConfig is null)
07-01 10:05:15.253   692   860 I HalDevMgr: bestIfaceCreationProposal is null, requestIface=STA, existingIface=[name=wlan0 type=STA]
07-01 10:05:15.256  1074  1202 D IpClient/wlan0: interfaceLinkStateChanged: ifindex 16 up
07-01 10:05:15.262  1074  1202 D IpClient/wlan0: interfaceLinkStateChanged: ifindex 16 up
07-01 10:05:15.558   954   954 I wpa_supplicant: wlan0: CTRL-EVENT-BEACON-LOSS 
07-01 10:05:16.155   692   936 E ClipboardService: Denying clipboard access to u.sage, application is not in focus nor is it a system service for user 0
07-01 10:05:16.156  4430  4430 W AiAiOdi : Received null ClipData.
07-01 10:05:16.157   692   935 E ClipboardService: Denying clipboard access to u.sage, application is not in focus nor is it a system service for user 0
07-01 10:05:16.158  4430  4540 I AiAiTranslate: C2T - not in a conversation
07-01 10:05:16.159   976   976 I ClipboardListener: Clipboard overlay suppressed.
07-01 10:05:17.697   329 27007 I keystore2: system/security/keystore2/watchdog/src/lib.rs:371 - Watchdog thread idle -> terminating. Have a great day.
07-01 10:05:18.259   692   860 I HalDevMgr: bestIfaceCreationProposal is null, requestIface=STA, existingIface=[name=wlan0 type=STA]
07-01 10:05:21.265   692   892 I AdbWifiNetworkMonitor: Wi-Fi network available
07-01 10:05:21.265   692   892 I AdbWifiNetworkMonitor: Received the same Wi-Fi SSID. Ignoring.
07-01 10:05:21.269   692   860 I HalDevMgr: bestIfaceCreationProposal is null, requestIface=STA, existingIface=[name=wlan0 type=STA]
07-01 10:05:21.270  4397  4547 D WM-WorkConstraintsTrack: NetworkRequestConstraintController onCapabilitiesChanged callback
07-01 10:05:21.270  1331  1339 I NullBinder: NullBinder for android.net.action.RECOMMEND_NETWORKS triggering remote TransactionTooLargeException due to Service without Chimera impl, calling uid: 1000, calling pid: 0
07-01 10:05:21.270  1331  1339 W libbinder.Binder: Large reply transaction of 1056768 bytes, interface descriptor , function: UNKNOWN_FUNCTION_NAME, code: 1, flags: 17
07-01 10:05:21.272  5429  5471 I BugleRcsEngine: handleMessage processing message:[NOTIFY_UPTIME_IGNORE_STATE_CHANGED] with [non-null]:RcsEngineImpl reference [CONTEXT log_prefix="RcsEngineImpl[DUAL_REG]:[16822a33-62db]>Handler" thread_id=64 ]
07-01 10:05:21.272  5429  5467 I BugleRcsEngine: Connected state: [1], networkType: [WIFI] [CONTEXT thread_id=63 ]
07-01 10:05:21.273   692   866 D ConnectivityService: NetReassign [no changes] [c 0] [a 1] [i 0]
07-01 10:05:21.273  1331 24223 I NearbyMediums: Wifi changed new SSID: "AndroidWifi"
07-01 10:05:21.273  1331 24223 I NearbyMediums: WifiLanConnectivityInfo is not changed, skip notify.
07-01 10:05:21.275  1074  1202 D IpClient/wlan0: interfaceLinkStateChanged: ifindex 16 up
07-01 10:05:21.277  5429  5471 I BugleRcsEngine: No RCS Configuration was found in Bugle for simID: redacted-pii:sim_id[chars:20,last3:897] [CONTEXT log_prefix="ProvisioningEngineDataRetriever" thread_id=64 ]
07-01 10:05:21.280  1074  1202 D IpClient/wlan0: interfaceLinkStateChanged: ifindex 16 up
07-01 10:05:21.551   539   539 I adbd    : adbd service requested 'shell,v2,raw:dumpsys package com.google.android.gms'
07-01 10:05:21.690  3176  3176 I artd    : GetBestInfo: odex next to the dex file (/data/app/~~pUpe9D-hsv0lOCLmNQJGyA==/com.google.android.gms-a0e_AySruvvgbDhYG8Z6yQ==/oat/x86_64/base.odex) is kOatUpToDate with filter 'speed-profile' executable 'false'
07-01 10:05:21.691  3176  3176 I artd    : GetBestInfo: dm (/data/app/~~pUpe9D-hsv0lOCLmNQJGyA==/com.google.android.gms-a0e_AySruvvgbDhYG8Z6yQ==/split_AdsDynamite_installtime.dm) is kOatUpToDate with filter 'verify' executable 'false'
07-01 10:05:21.692  3176  3176 I artd    : GetBestInfo: odex next to the dex file (/data/app/~~pUpe9D-hsv0lOCLmNQJGyA==/com.google.android.gms-a0e_AySruvvgbDhYG8Z6yQ==/oat/x86_64/split_CronetDynamite_installtime.odex) is kOatUpToDate with filter 'speed-profile' executable 'false'
07-01 10:05:21.694  3176  3176 I artd    : GetBestInfo: dm (/data/app/~~pUpe9D-hsv0lOCLmNQJGyA==/com.google.android.gms-a0e_AySruvvgbDhYG8Z6yQ==/split_DynamiteLoader_installtime.dm) is kOatUpToDate with filter 'verify' executable 'false'
07-01 10:05:21.695  3176  3176 I artd    : GetBestInfo: dm (/data/app/~~pUpe9D-hsv0lOCLmNQJGyA==/com.google.android.gms-a0e_AySruvvgbDhYG8Z6yQ==/split_DynamiteModulesA_installtime.dm) is kOatUpToDate with filter 'verify' executable 'false'
07-01 10:05:21.696  3176  3176 I artd    : GetBestInfo: dm (/data/app/~~pUpe9D-hsv0lOCLmNQJGyA==/com.google.android.gms-a0e_AySruvvgbDhYG8Z6yQ==/split_DynamiteModulesC_installtime.dm) is kOatUpToDate with filter 'verify' executable 'false'
07-01 10:05:21.697  3176  3176 I artd    : GetBestInfo: dm (/data/app/~~pUpe9D-hsv0lOCLmNQJGyA==/com.google.android.gms-a0e_AySruvvgbDhYG8Z6yQ==/split_GoogleCertificates_installtime.dm) is kOatUpToDate with filter 'verify' executable 'false'
07-01 10:05:21.698  3176  3176 I artd    : GetBestInfo: dm (/data/app/~~pUpe9D-hsv0lOCLmNQJGyA==/com.google.android.gms-a0e_AySruvvgbDhYG8Z6yQ==/split_MapsDynamite_installtime.dm) is kOatUpToDate with filter 'verify' executable 'false'
07-01 10:05:21.699  3176  3176 I artd    : GetBestInfo: dm (/data/app/~~pUpe9D-hsv0lOCLmNQJGyA==/com.google.android.gms-a0e_AySruvvgbDhYG8Z6yQ==/split_MeasurementDynamite_installtime.dm) is kOatUpToDate with filter 'verify' executable 'false'
07-01 10:05:21.700  3176  3176 I artd    : GetBestInfo: /data/user_de/0/com.google.android.gms/app_chimera/m/0000000e/dl-IdentityCredentialsPlatform.optional_262031100800.apk has no usable artifacts
07-01 10:05:21.701  3176  3176 I artd    : GetBestInfo: /data/user_de/0/com.google.android.gms/app_chimera/m/00000001/CronetDynamite.apk has no usable artifacts
07-01 10:05:21.702  3176  3176 I artd    : GetBestInfo: /data/user_de/0/com.google.android.gms/app_chimera/m/00000013/dl-TfliteDynamiteDynamite.integ_252130102100800.apk has no usable artifacts
07-01 10:05:21.702  3176  3176 I artd    : GetBestInfo: /data/user_de/0/com.google.android.gms/app_chimera/m/00000002/DynamiteLoader.apk has no usable artifacts
07-01 10:05:21.704  3176  3176 I artd    : GetBestInfo: /data/user_de/0/com.google.android.gms/app_chimera/m/0000000c/dl-IdentityCredentialsPlatform.optional_261136100800.apk has no usable artifacts
07-01 10:05:21.704  3176  3176 I artd    : GetBestInfo: /data/user_de/0/com.google.android.gms/app_chimera/m/00000005/GoogleCertificates.apk has no usable artifacts
07-01 10:05:21.706  3176  3176 I artd    : GetBestInfo: /data/user_de/0/com.google.android.gms/app_chimera/m/0000000a/dl-TfliteDynamiteDynamite.integ_260580502100800.apk has no usable artifacts
07-01 10:05:21.707  3176  3176 I artd    : GetBestInfo: /data/user_de/0/com.google.android.gms/app_chimera/m/00000016/dl-PlayCloudSearch.optional_262031100000.apk has no usable artifacts
07-01 10:05:21.707  3176  3176 I artd    : GetBestInfo: /data/user_de/0/com.google.android.gms/app_chimera/m/00000014/dl-MlkitOcrCommon.optional_262031100800.apk has no usable artifacts
07-01 10:05:21.708  3176  3176 I artd    : GetBestInfo: /data/user_de/0/com.google.android.gms/app_chimera/m/00000008/dl-VisionOcr.optional_261136100000.apk has no usable artifacts
07-01 10:05:21.709  3176  3176 I artd    : GetBestInfo: /data/user_de/0/com.google.android.gms/app_chimera/m/00000010/dl-Appsearch.optional_262031100800.apk has no usable artifacts
07-01 10:05:21.711  3176  3176 I artd    : GetBestInfo: /data/user_de/0/com.google.android.gms/app_chimera/m/0000000b/dl-Appsearch.optional_261136100800.apk has no usable artifacts
07-01 10:05:21.712  3176  3176 I artd    : GetBestInfo: vdex next to the dex file (/data/user/0/com.google.android.gms/app_dg_cache/9BCBC14EE674B00B958D4B0C5B4BD883630AA39E/oat/x86_64/the.vdex) is kOatUpToDate with filter 'verify' executable 'false'
07-01 10:05:21.714  3176  3176 I artd    : GetBestInfo: /data/user_de/0/com.google.android.gms/app_chimera/m/00000009/dl-MlkitOcrCommon.optional_261136100800.apk has no usable artifacts
07-01 10:05:21.715  3176  3176 I artd    : GetBestInfo: /data/user/0/com.google.android.gms/app_dg_cache/22DA9D7AD8ED7504E0CAC64C41ECDBD7068924E0/the.apk has no usable artifacts
07-01 10:05:21.716  3176  3176 I artd    : GetBestInfo: vdex next to the dex file (/data/user/0/com.google.android.gms/app_dg_cache/FEE57AEA14526BE59FD8AB1365237E7B7A5CE7CB/oat/x86_64/the.vdex) is kOatUpToDate with filter 'verify' executable 'false'
07-01 10:05:21.717  3176  3176 I artd    : GetBestInfo: vdex next to the dex file (/data/user/0/com.google.android.gms/app_dg_cache/1C62BDE86218FBAA50DF06C4A79F5C3FE74B69EC/oat/x86_64/the.vdex) is kOatUpToDate with filter 'verify' executable 'false'
07-01 10:05:21.718  3176  3176 I artd    : GetBestInfo: /data/user_de/0/com.google.android.gms/app_chimera/m/0000000f/dl-VisionOcr.optional_262031100000.apk has no usable artifacts
07-01 10:05:21.719  3176  3176 I artd    : GetBestInfo: /data/user_de/0/com.google.android.gms/app_chimera/m/00000015/dl-MlkitBarcodeUi.optional_262031100800.apk has no usable artifacts
07-01 10:05:21.720  3176  3176 I artd    : GetBestInfo: /data/user_de/0/com.google.android.gms/app_chimera/m/00000007/MeasurementDynamite.apk has no usable artifacts
07-01 10:05:21.770  1331  1331 I NearbySharing: Network state changed: NetworkState(isRestricted=false, isOnline=true, isCongested=false, isMetered=false, isWifiConnected=true)
07-01 10:05:23.495   954   954 I wpa_supplicant: wlan0: CTRL-EVENT-BEACON-LOSS 
07-01 10:05:24.272   692   892 I AdbWifiNetworkMonitor: Wi-Fi network available
07-01 10:05:24.272   692   892 I AdbWifiNetworkMonitor: Received the same Wi-Fi SSID. Ignoring.
07-01 10:05:24.275   692   860 I HalDevMgr: bestIfaceCreationProposal is null, requestIface=STA, existingIface=[name=wlan0 type=STA]
07-01 10:05:24.277  4397  4547 D WM-WorkConstraintsTrack: NetworkRequestConstraintController onCapabilitiesChanged callback
07-01 10:05:24.278  1331  1708 I NullBinder: NullBinder for android.net.action.RECOMMEND_NETWORKS triggering remote TransactionTooLargeException due to Service without Chimera impl, calling uid: 1000, calling pid: 0
07-01 10:05:24.278  1331  1708 W libbinder.Binder: Large reply transaction of 1056768 bytes, interface descriptor , function: UNKNOWN_FUNCTION_NAME, code: 1, flags: 17
07-01 10:05:24.279  5429  5467 I BugleRcsEngine: Connected state: [1], networkType: [WIFI] [CONTEXT thread_id=63 ]
07-01 10:05:24.279  5429  5471 I BugleRcsEngine: handleMessage processing message:[NOTIFY_UPTIME_IGNORE_STATE_CHANGED] with [non-null]:RcsEngineImpl reference [CONTEXT log_prefix="RcsEngineImpl[DUAL_REG]:[16822a33-62db]>Handler" thread_id=64 ]
07-01 10:05:24.280  1331 24223 I NearbyMediums: Wifi changed new SSID: "AndroidWifi"
07-01 10:05:24.280  1331 24223 I NearbyMediums: WifiLanConnectivityInfo is not changed, skip notify.
07-01 10:05:24.280   692   866 D ConnectivityService: NetReassign [no changes] [c 0] [a 1] [i 1]
07-01 10:05:24.283  5429  5471 I BugleRcsEngine: No RCS Configuration was found in Bugle for simID: redacted-pii:sim_id[chars:20,last3:897] [CONTEXT log_prefix="ProvisioningEngineDataRetriever" thread_id=64 ]
07-01 10:05:24.778  1331  1331 I NearbySharing: Network state changed: NetworkState(isRestricted=false, isOnline=true, isCongested=false, isMetered=false, isWifiConnected=true)
07-01 10:05:25.225  1119  1246 D SatelliteController: isInCarrierRoamingNbIotNtn: satellite is disabled
07-01 10:05:25.225  1119  1246 D SatelliteController: getCarrierRoamingNtnConnectType: Checking connect type from PLMN config for subId: 1
07-01 10:05:25.225  1119  1246 D TelephonyConfigUpdateInstallReceiver: getConfigParser: domain=satellite
07-01 10:05:25.226  1119  1246 V SatelliteController: satelliteConfigParser is not ready
07-01 10:05:25.226  1119  1246 D SatelliteController: isSatelliteAttachSupportedViaConfigupdater: return null (satelliteConfig is null)
07-01 10:05:25.226  1119  1246 D SatelliteController: getSatellitePerPlmnConfiguration: invalid subId or not supported via carrier.
07-01 10:05:25.226  1119  1246 D SatelliteController: getCarrierRoamingNtnConnectType: config: null
07-01 10:05:25.226  1119  1246 D TelephonyConfigUpdateInstallReceiver: getConfigParser: domain=satellite
07-01 10:05:25.226  1119  1246 V SatelliteController: satelliteConfigParser is not ready
07-01 10:05:25.226  1119  1246 D SatelliteController: getCarrierRoamingNtnConnectTypeViaConfigUpdater: return null (satelliteConfig is null)
07-01 10:05:25.226  1119  1246 D SatelliteController: getCarrierRoamingNtnConnectType: Falling back to global carrier config connect type: 0
07-01 10:05:25.226  1119  1246 D TelephonyConfigUpdateInstallReceiver: getConfigParser: domain=satellite
07-01 10:05:25.226  1119  1246 V SatelliteController: satelliteConfigParser is not ready
07-01 10:05:25.226  1119  1246 D SatelliteController: isSatelliteAttachSupportedViaConfigupdater: return null (satelliteConfig is null)
07-01 10:05:25.226  1119  1246 D SatelliteController: getCarrierRoamingNtnConnectType: Checking connect type from PLMN config for subId: 1
07-01 10:05:25.227  1119  1246 D TelephonyConfigUpdateInstallReceiver: getConfigParser: domain=satellite
07-01 10:05:25.227  1119  1246 V SatelliteController: satelliteConfigParser is not ready
07-01 10:05:25.227  1119  1246 D SatelliteController: isSatelliteAttachSupportedViaConfigupdater: return null (satelliteConfig is null)
07-01 10:05:25.227  1119  1246 D SatelliteController: getSatellitePerPlmnConfiguration: invalid subId or not supported via carrier.
07-01 10:05:25.227  1119  1246 D SatelliteController: getCarrierRoamingNtnConnectType: config: null
07-01 10:05:25.227  1119  1246 D TelephonyConfigUpdateInstallReceiver: getConfigParser: domain=satellite
07-01 10:05:25.227  1119  1246 V SatelliteController: satelliteConfigParser is not ready
07-01 10:05:25.227  1119  1246 D SatelliteController: getCarrierRoamingNtnConnectTypeViaConfigUpdater: return null (satelliteConfig is null)
07-01 10:05:25.228  1119  1246 D SatelliteController: getCarrierRoamingNtnConnectType: Falling back to global carrier config connect type: 0
07-01 10:05:25.228  1119  1246 D TelephonyConfigUpdateInstallReceiver: getConfigParser: domain=satellite
07-01 10:05:25.228  1119  1246 V SatelliteController: satelliteConfigParser is not ready
07-01 10:05:25.228  1119  1246 D SatelliteController: isSatelliteAttachSupportedViaConfigupdater: return null (satelliteConfig is null)
07-01 10:05:25.266   527   549 W skia    : AGTM parsing failed flags.readFromStream(s) at 159
07-01 10:05:27.279   692   860 I HalDevMgr: bestIfaceCreationProposal is null, requestIface=STA, existingIface=[name=wlan0 type=STA]
07-01 10:05:27.283  1074  1202 D IpClient/wlan0: interfaceLinkStateChanged: ifindex 16 up
07-01 10:05:27.293  1074  1202 D IpClient/wlan0: interfaceLinkStateChanged: ifindex 16 up
07-01 10:05:28.847 26793 26858 I WM-WorkerWrapper: Worker result SUCCESS for Work [ id=ec6d1c47-7303-4217-89bc-3519d6a20157, tags={ androidx.glance.session.SessionWorker } ]
07-01 10:05:30.287   692   860 I HalDevMgr: bestIfaceCreationProposal is null, requestIface=STA, existingIface=[name=wlan0 type=STA]
07-01 10:05:31.553   539   539 I adbd    : adbd service requested 'shell,v2,raw:dumpsys package com.google.android.gms'
07-01 10:05:31.636   692   702 I system_server: Background young concurrent mark compact GC freed 23MB AllocSpace bytes, 10(288KB) LOS objects, 35% free, 42MB/65MB, paused 4.995ms,23.685ms total 62.860ms
07-01 10:05:31.686   954   954 I wpa_supplicant: wlan0: CTRL-EVENT-BEACON-LOSS 
07-01 10:05:31.691  3176  3192 I artd    : GetBestInfo: odex next to the dex file (/data/app/~~pUpe9D-hsv0lOCLmNQJGyA==/com.google.android.gms-a0e_AySruvvgbDhYG8Z6yQ==/oat/x86_64/base.odex) is kOatUpToDate with filter 'speed-profile' executable 'false'
07-01 10:05:31.692  3176  3192 I artd    : GetBestInfo: dm (/data/app/~~pUpe9D-hsv0lOCLmNQJGyA==/com.google.android.gms-a0e_AySruvvgbDhYG8Z6yQ==/split_AdsDynamite_installtime.dm) is kOatUpToDate with filter 'verify' executable 'false'
07-01 10:05:31.693  3176  3192 I artd    : GetBestInfo: odex next to the dex file (/data/app/~~pUpe9D-hsv0lOCLmNQJGyA==/com.google.android.gms-a0e_AySruvvgbDhYG8Z6yQ==/oat/x86_64/split_CronetDynamite_installtime.odex) is kOatUpToDate with filter 'speed-profile' executable 'false'
07-01 10:05:31.694  3176  3192 I artd    : GetBestInfo: dm (/data/app/~~pUpe9D-hsv0lOCLmNQJGyA==/com.google.android.gms-a0e_AySruvvgbDhYG8Z6yQ==/split_DynamiteLoader_installtime.dm) is kOatUpToDate with filter 'verify' executable 'false'
07-01 10:05:31.695  3176  3192 I artd    : GetBestInfo: dm (/data/app/~~pUpe9D-hsv0lOCLmNQJGyA==/com.google.android.gms-a0e_AySruvvgbDhYG8Z6yQ==/split_DynamiteModulesA_installtime.dm) is kOatUpToDate with filter 'verify' executable 'false'
07-01 10:05:31.696  3176  3192 I artd    : GetBestInfo: dm (/data/app/~~pUpe9D-hsv0lOCLmNQJGyA==/com.google.android.gms-a0e_AySruvvgbDhYG8Z6yQ==/split_DynamiteModulesC_installtime.dm) is kOatUpToDate with filter 'verify' executable 'false'
07-01 10:05:31.697  3176  3192 I artd    : GetBestInfo: dm (/data/app/~~pUpe9D-hsv0lOCLmNQJGyA==/com.google.android.gms-a0e_AySruvvgbDhYG8Z6yQ==/split_GoogleCertificates_installtime.dm) is kOatUpToDate with filter 'verify' executable 'false'
07-01 10:05:31.698  3176  3192 I artd    : GetBestInfo: dm (/data/app/~~pUpe9D-hsv0lOCLmNQJGyA==/com.google.android.gms-a0e_AySruvvgbDhYG8Z6yQ==/split_MapsDynamite_installtime.dm) is kOatUpToDate with filter 'verify' executable 'false'
07-01 10:05:31.699  3176  3192 I artd    : GetBestInfo: dm (/data/app/~~pUpe9D-hsv0lOCLmNQJGyA==/com.google.android.gms-a0e_AySruvvgbDhYG8Z6yQ==/split_MeasurementDynamite_installtime.dm) is kOatUpToDate with filter 'verify' executable 'false'
07-01 10:05:31.700  3176  3192 I artd    : GetBestInfo: /data/user_de/0/com.google.android.gms/app_chimera/m/0000000e/dl-IdentityCredentialsPlatform.optional_262031100800.apk has no usable artifacts
07-01 10:05:31.700  3176  3192 I artd    : GetBestInfo: /data/user_de/0/com.google.android.gms/app_chimera/m/00000001/CronetDynamite.apk has no usable artifacts
07-01 10:05:31.701  3176  3192 I artd    : GetBestInfo: /data/user_de/0/com.google.android.gms/app_chimera/m/00000013/dl-TfliteDynamiteDynamite.integ_252130102100800.apk has no usable artifacts
07-01 10:05:31.702  3176  3192 I artd    : GetBestInfo: /data/user_de/0/com.google.android.gms/app_chimera/m/00000002/DynamiteLoader.apk has no usable artifacts
07-01 10:05:31.703  3176  3192 I artd    : GetBestInfo: /data/user_de/0/com.google.android.gms/app_chimera/m/0000000c/dl-IdentityCredentialsPlatform.optional_261136100800.apk has no usable artifacts
07-01 10:05:31.704  3176  3192 I artd    : GetBestInfo: /data/user_de/0/com.google.android.gms/app_chimera/m/00000005/GoogleCertificates.apk has no usable artifacts
07-01 10:05:31.705  3176  3192 I artd    : GetBestInfo: /data/user_de/0/com.google.android.gms/app_chimera/m/0000000a/dl-TfliteDynamiteDynamite.integ_260580502100800.apk has no usable artifacts
07-01 10:05:31.706  3176  3192 I artd    : GetBestInfo: /data/user_de/0/com.google.android.gms/app_chimera/m/00000016/dl-PlayCloudSearch.optional_262031100000.apk has no usable artifacts
07-01 10:05:31.707  3176  3192 I artd    : GetBestInfo: /data/user_de/0/com.google.android.gms/app_chimera/m/00000014/dl-MlkitOcrCommon.optional_262031100800.apk has no usable artifacts
07-01 10:05:31.708  3176  3192 I artd    : GetBestInfo: /data/user_de/0/com.google.android.gms/app_chimera/m/00000008/dl-VisionOcr.optional_261136100000.apk has no usable artifacts
07-01 10:05:31.709  3176  3192 I artd    : GetBestInfo: /data/user_de/0/com.google.android.gms/app_chimera/m/00000010/dl-Appsearch.optional_262031100800.apk has no usable artifacts
07-01 10:05:31.710  3176  3192 I artd    : GetBestInfo: /data/user_de/0/com.google.android.gms/app_chimera/m/0000000b/dl-Appsearch.optional_261136100800.apk has no usable artifacts
07-01 10:05:31.711  3176  3192 I artd    : GetBestInfo: vdex next to the dex file (/data/user/0/com.google.android.gms/app_dg_cache/9BCBC14EE674B00B958D4B0C5B4BD883630AA39E/oat/x86_64/the.vdex) is kOatUpToDate with filter 'verify' executable 'false'
07-01 10:05:31.712  3176  3192 I artd    : GetBestInfo: /data/user_de/0/com.google.android.gms/app_chimera/m/00000009/dl-MlkitOcrCommon.optional_261136100800.apk has no usable artifacts
07-01 10:05:31.713  3176  3192 I artd    : GetBestInfo: /data/user/0/com.google.android.gms/app_dg_cache/22DA9D7AD8ED7504E0CAC64C41ECDBD7068924E0/the.apk has no usable artifacts
07-01 10:05:31.714  3176  3192 I artd    : GetBestInfo: vdex next to the dex file (/data/user/0/com.google.android.gms/app_dg_cache/FEE57AEA14526BE59FD8AB1365237E7B7A5CE7CB/oat/x86_64/the.vdex) is kOatUpToDate with filter 'verify' executable 'false'
07-01 10:05:31.715  3176  3192 I artd    : GetBestInfo: vdex next to the dex file (/data/user/0/com.google.android.gms/app_dg_cache/1C62BDE86218FBAA50DF06C4A79F5C3FE74B69EC/oat/x86_64/the.vdex) is kOatUpToDate with filter 'verify' executable 'false'
07-01 10:05:31.716  3176  3192 I artd    : GetBestInfo: /data/user_de/0/com.google.android.gms/app_chimera/m/0000000f/dl-VisionOcr.optional_262031100000.apk has no usable artifacts
07-01 10:05:31.716  3176  3192 I artd    : GetBestInfo: /data/user_de/0/com.google.android.gms/app_chimera/m/00000015/dl-MlkitBarcodeUi.optional_262031100800.apk has no usable artifacts
07-01 10:05:31.717  3176  3192 I artd    : GetBestInfo: /data/user_de/0/com.google.android.gms/app_chimera/m/00000007/MeasurementDynamite.apk has no usable artifacts
07-01 10:05:33.292   692   860 I HalDevMgr: bestIfaceCreationProposal is null, requestIface=STA, existingIface=[name=wlan0 type=STA]
07-01 10:05:33.295  1074  1202 D IpClient/wlan0: interfaceLinkStateChanged: ifindex 16 up
07-01 10:05:33.302  1074  1202 D IpClient/wlan0: interfaceLinkStateChanged: ifindex 16 up
07-01 10:05:33.593   692   800 D ActivityManager: freezing 22578 com.google.android.gms
07-01 10:05:35.225  1119  1246 D SatelliteController: isInCarrierRoamingNbIotNtn: satellite is disabled
07-01 10:05:35.225  1119  1246 D SatelliteController: getCarrierRoamingNtnConnectType: Checking connect type from PLMN config for subId: 1
07-01 10:05:35.225  1119  1246 D TelephonyConfigUpdateInstallReceiver: getConfigParser: domain=satellite
07-01 10:05:35.225  1119  1246 V SatelliteController: satelliteConfigParser is not ready
07-01 10:05:35.225  1119  1246 D SatelliteController: isSatelliteAttachSupportedViaConfigupdater: return null (satelliteConfig is null)
07-01 10:05:35.226  1119  1246 D SatelliteController: getSatellitePerPlmnConfiguration: invalid subId or not supported via carrier.
07-01 10:05:35.226  1119  1246 D SatelliteController: getCarrierRoamingNtnConnectType: config: null
07-01 10:05:35.226  1119  1246 D TelephonyConfigUpdateInstallReceiver: getConfigParser: domain=satellite
07-01 10:05:35.226  1119  1246 V SatelliteController: satelliteConfigParser is not ready
07-01 10:05:35.226  1119  1246 D SatelliteController: getCarrierRoamingNtnConnectTypeViaConfigUpdater: return null (satelliteConfig is null)
07-01 10:05:35.226  1119  1246 D SatelliteController: getCarrierRoamingNtnConnectType: Falling back to global carrier config connect type: 0
07-01 10:05:35.226  1119  1246 D TelephonyConfigUpdateInstallReceiver: getConfigParser: domain=satellite
07-01 10:05:35.226  1119  1246 V SatelliteController: satelliteConfigParser is not ready
07-01 10:05:35.226  1119  1246 D SatelliteController: isSatelliteAttachSupportedViaConfigupdater: return null (satelliteConfig is null)
07-01 10:05:35.226  1119  1246 D SatelliteController: getCarrierRoamingNtnConnectType: Checking connect type from PLMN config for subId: 1
07-01 10:05:35.226  1119  1246 D TelephonyConfigUpdateInstallReceiver: getConfigParser: domain=satellite
07-01 10:05:35.226  1119  1246 V SatelliteController: satelliteConfigParser is not ready
07-01 10:05:35.226  1119  1246 D SatelliteController: isSatelliteAttachSupportedViaConfigupdater: return null (satelliteConfig is null)
07-01 10:05:35.227  1119  1246 D SatelliteController: getSatellitePerPlmnConfiguration: invalid subId or not supported via carrier.
07-01 10:05:35.227  1119  1246 D SatelliteController: getCarrierRoamingNtnConnectType: config: null
07-01 10:05:35.227  1119  1246 D TelephonyConfigUpdateInstallReceiver: getConfigParser: domain=satellite
07-01 10:05:35.227  1119  1246 V SatelliteController: satelliteConfigParser is not ready
07-01 10:05:35.227  1119  1246 D SatelliteController: getCarrierRoamingNtnConnectTypeViaConfigUpdater: return null (satelliteConfig is null)
07-01 10:05:35.227  1119  1246 D SatelliteController: getCarrierRoamingNtnConnectType: Falling back to global carrier config connect type: 0
07-01 10:05:35.227  1119  1246 D TelephonyConfigUpdateInstallReceiver: getConfigParser: domain=satellite
07-01 10:05:35.227  1119  1246 V SatelliteController: satelliteConfigParser is not ready
07-01 10:05:35.227  1119  1246 D SatelliteController: isSatelliteAttachSupportedViaConfigupdater: return null (satelliteConfig is null)
07-01 10:05:36.298   692   860 I HalDevMgr: bestIfaceCreationProposal is null, requestIface=STA, existingIface=[name=wlan0 type=STA]
07-01 10:05:39.278   692   752 I SharedLibrariesImpl: Start pruneUnusedStaticSharedLibraries for neededSpace: 9223372036854775807 maxCachePeriod: 604800000
07-01 10:05:39.278   692   752 I SharedLibrariesImpl: pruning candidate: lib=com.google.android.trichromelibrary version=782711438 pkg=com.google.android.trichromelibrary_782711438
07-01 10:05:39.278   692   752 I SharedLibrariesImpl: attempting to delete: com.google.android.trichromelibrary_782711438
07-01 10:05:39.278   692   752 W PackageManager: Not removing package com.google.android.trichromelibrary hosting lib com.google.android.trichromelibrary version 782711438 used by [VersionedPackage[com.android.chrome/782711438]] for user 0
07-01 10:05:39.306   692   860 I HalDevMgr: bestIfaceCreationProposal is null, requestIface=STA, existingIface=[name=wlan0 type=STA]
07-01 10:05:39.308  1074  1202 D IpClient/wlan0: interfaceLinkStateChanged: ifindex 16 up
07-01 10:05:39.313  1074  1202 D IpClient/wlan0: interfaceLinkStateChanged: ifindex 16 up
07-01 10:05:39.621   954   954 I wpa_supplicant: wlan0: CTRL-EVENT-BEACON-LOSS 
07-01 10:05:41.461 26793 26793 D AIQuotaBgRefreshService: cycleStart providers=claude,codex,gemini,copilot
07-01 10:05:41.549   539   539 I adbd    : adbd service requested 'shell,v2,raw:dumpsys package com.google.android.gms'
07-01 10:05:41.675  3176  3176 I artd    : GetBestInfo: odex next to the dex file (/data/app/~~pUpe9D-hsv0lOCLmNQJGyA==/com.google.android.gms-a0e_AySruvvgbDhYG8Z6yQ==/oat/x86_64/base.odex) is kOatUpToDate with filter 'speed-profile' executable 'false'
07-01 10:05:41.678  3176  3176 I artd    : GetBestInfo: dm (/data/app/~~pUpe9D-hsv0lOCLmNQJGyA==/com.google.android.gms-a0e_AySruvvgbDhYG8Z6yQ==/split_AdsDynamite_installtime.dm) is kOatUpToDate with filter 'verify' executable 'false'
07-01 10:05:41.680  3176  3176 I artd    : GetBestInfo: odex next to the dex file (/data/app/~~pUpe9D-hsv0lOCLmNQJGyA==/com.google.android.gms-a0e_AySruvvgbDhYG8Z6yQ==/oat/x86_64/split_CronetDynamite_installtime.odex) is kOatUpToDate with filter 'speed-profile' executable 'false'
07-01 10:05:41.682  3176  3176 I artd    : GetBestInfo: dm (/data/app/~~pUpe9D-hsv0lOCLmNQJGyA==/com.google.android.gms-a0e_AySruvvgbDhYG8Z6yQ==/split_DynamiteLoader_installtime.dm) is kOatUpToDate with filter 'verify' executable 'false'
07-01 10:05:41.683  3176  3176 I artd    : GetBestInfo: dm (/data/app/~~pUpe9D-hsv0lOCLmNQJGyA==/com.google.android.gms-a0e_AySruvvgbDhYG8Z6yQ==/split_DynamiteModulesA_installtime.dm) is kOatUpToDate with filter 'verify' executable 'false'
07-01 10:05:41.684 26793 26793 I AIQuotaDebugCookie: provider=claude debugCookieRestore=true reason=background_collection source=external urlCount=10 cookieCount=222
07-01 10:05:41.684 26793 26793 D AIQuotaBgRefreshService: load provider=claude start= warmUp=false request=5
07-01 10:05:41.685  3176  3176 I artd    : GetBestInfo: dm (/data/app/~~pUpe9D-hsv0lOCLmNQJGyA==/com.google.android.gms-a0e_AySruvvgbDhYG8Z6yQ==/split_DynamiteModulesC_installtime.dm) is kOatUpToDate with filter 'verify' executable 'false'
07-01 10:05:41.686  3176  3176 I artd    : GetBestInfo: dm (/data/app/~~pUpe9D-hsv0lOCLmNQJGyA==/com.google.android.gms-a0e_AySruvvgbDhYG8Z6yQ==/split_GoogleCertificates_installtime.dm) is kOatUpToDate with filter 'verify' executable 'false'
07-01 10:05:41.687  3176  3176 I artd    : GetBestInfo: dm (/data/app/~~pUpe9D-hsv0lOCLmNQJGyA==/com.google.android.gms-a0e_AySruvvgbDhYG8Z6yQ==/split_MapsDynamite_installtime.dm) is kOatUpToDate with filter 'verify' executable 'false'
07-01 10:05:41.688  3176  3176 I artd    : GetBestInfo: dm (/data/app/~~pUpe9D-hsv0lOCLmNQJGyA==/com.google.android.gms-a0e_AySruvvgbDhYG8Z6yQ==/split_MeasurementDynamite_installtime.dm) is kOatUpToDate with filter 'verify' executable 'false'
07-01 10:05:41.689  3176  3176 I artd    : GetBestInfo: /data/user_de/0/com.google.android.gms/app_chimera/m/0000000e/dl-IdentityCredentialsPlatform.optional_262031100800.apk has no usable artifacts
07-01 10:05:41.689  3176  3176 I artd    : GetBestInfo: /data/user_de/0/com.google.android.gms/app_chimera/m/00000001/CronetDynamite.apk has no usable artifacts
07-01 10:05:41.690  3176  3176 I artd    : GetBestInfo: /data/user_de/0/com.google.android.gms/app_chimera/m/00000013/dl-TfliteDynamiteDynamite.integ_252130102100800.apk has no usable artifacts
07-01 10:05:41.691  3176  3176 I artd    : GetBestInfo: /data/user_de/0/com.google.android.gms/app_chimera/m/00000002/DynamiteLoader.apk has no usable artifacts
07-01 10:05:41.692  3176  3176 I artd    : GetBestInfo: /data/user_de/0/com.google.android.gms/app_chimera/m/0000000c/dl-IdentityCredentialsPlatform.optional_261136100800.apk has no usable artifacts
07-01 10:05:41.692  3176  3176 I artd    : GetBestInfo: /data/user_de/0/com.google.android.gms/app_chimera/m/00000005/GoogleCertificates.apk has no usable artifacts
07-01 10:05:41.693  3176  3176 I artd    : GetBestInfo: /data/user_de/0/com.google.android.gms/app_chimera/m/0000000a/dl-TfliteDynamiteDynamite.integ_260580502100800.apk has no usable artifacts
07-01 10:05:41.694  3176  3176 I artd    : GetBestInfo: /data/user_de/0/com.google.android.gms/app_chimera/m/00000016/dl-PlayCloudSearch.optional_262031100000.apk has no usable artifacts
07-01 10:05:41.695  3176  3176 I artd    : GetBestInfo: /data/user_de/0/com.google.android.gms/app_chimera/m/00000014/dl-MlkitOcrCommon.optional_262031100800.apk has no usable artifacts
07-01 10:05:41.696  3176  3176 I artd    : GetBestInfo: /data/user_de/0/com.google.android.gms/app_chimera/m/00000008/dl-VisionOcr.optional_261136100000.apk has no usable artifacts
07-01 10:05:41.697  3176  3176 I artd    : GetBestInfo: /data/user_de/0/com.google.android.gms/app_chimera/m/00000010/dl-Appsearch.optional_262031100800.apk has no usable artifacts
07-01 10:05:41.698  3176  3176 I artd    : GetBestInfo: /data/user_de/0/com.google.android.gms/app_chimera/m/0000000b/dl-Appsearch.optional_261136100800.apk has no usable artifacts
07-01 10:05:41.699  3176  3176 I artd    : GetBestInfo: vdex next to the dex file (/data/user/0/com.google.android.gms/app_dg_cache/9BCBC14EE674B00B958D4B0C5B4BD883630AA39E/oat/x86_64/the.vdex) is kOatUpToDate with filter 'verify' executable 'false'
07-01 10:05:41.700  3176  3176 I artd    : GetBestInfo: /data/user_de/0/com.google.android.gms/app_chimera/m/00000009/dl-MlkitOcrCommon.optional_261136100800.apk has no usable artifacts
07-01 10:05:41.701  3176  3176 I artd    : GetBestInfo: /data/user/0/com.google.android.gms/app_dg_cache/22DA9D7AD8ED7504E0CAC64C41ECDBD7068924E0/the.apk has no usable artifacts
07-01 10:05:41.702  3176  3176 I artd    : GetBestInfo: vdex next to the dex file (/data/user/0/com.google.android.gms/app_dg_cache/FEE57AEA14526BE59FD8AB1365237E7B7A5CE7CB/oat/x86_64/the.vdex) is kOatUpToDate with filter 'verify' executable 'false'
07-01 10:05:41.703  3176  3176 I artd    : GetBestInfo: vdex next to the dex file (/data/user/0/com.google.android.gms/app_dg_cache/1C62BDE86218FBAA50DF06C4A79F5C3FE74B69EC/oat/x86_64/the.vdex) is kOatUpToDate with filter 'verify' executable 'false'
07-01 10:05:41.704  3176  3176 I artd    : GetBestInfo: /data/user_de/0/com.google.android.gms/app_chimera/m/0000000f/dl-VisionOcr.optional_262031100000.apk has no usable artifacts
07-01 10:05:41.705  3176  3176 I artd    : GetBestInfo: /data/user_de/0/com.google.android.gms/app_chimera/m/00000015/dl-MlkitBarcodeUi.optional_262031100800.apk has no usable artifacts
07-01 10:05:41.706  3176  3176 I artd    : GetBestInfo: /data/user_de/0/com.google.android.gms/app_chimera/m/00000007/MeasurementDynamite.apk has no usable artifacts
07-01 10:05:41.725 26793 26793 D AIQuotaBgRefreshService: inject provider=claude url=
07-01 10:05:41.726 26793 26793 D AIQuotaBgRefreshService: pageFinished provider=claude url=
07-01 10:05:42.312   692   860 I HalDevMgr: bestIfaceCreationProposal is null, requestIface=STA, existingIface=[name=wlan0 type=STA]
07-01 10:05:42.649 26793 27050 D AIQuotaNativeJson: nativeJson provider=claude status=200 url=claude.ai/api/organizations cookieHost=claude.ai
07-01 10:05:42.933 26793 27050 D AIQuotaNativeJson: nativeJson provider=claude status=200 url=claude.ai/api/account_profile cookieHost=claude.ai
07-01 10:05:43.497   692   896 D AppWidgetServiceImpl: Trying to notify widget update for package com.aiquota.mobile with widget id: 22
07-01 10:05:43.504 26793 26857 W JobInfo : Requested important-while-foreground flag for job957 is ignored and takes no effect
07-01 10:05:43.510   692   896 D AppWidgetServiceImpl: Trying to notify widget update for package com.aiquota.mobile with widget id: 21
07-01 10:05:43.511   692   896 D AppWidgetServiceImpl: Trying to notify widget update for package com.aiquota.mobile with widget id: 20
07-01 10:05:43.514   692   896 D AppWidgetServiceImpl: Trying to notify widget update for package com.aiquota.mobile with widget id: 24
07-01 10:05:43.520 26793 26800 I .aiquota.mobile: Background young concurrent mark compact GC freed 4050KB AllocSpace bytes, 21(1024KB) LOS objects, 39% free, 7625KB/12MB, paused 1.311ms,5.156ms total 18.346ms
07-01 10:05:43.591 26793 27050 D AIQuotaNativeJson: nativeJson provider=claude status=200 url=claude.ai/api/organizations/6d7e7f53-6216-45b3-93bb-764f73f98c92/subscription_details cookieHost=claude.ai
07-01 10:05:43.695  4430  4572 W AiAiEcho: LyftNotificationParser Ridesharing ETA not enabled
07-01 10:05:43.695  4430  4572 I AiAiEcho: SmartspaceNotificationPredictor no parser can handle this notification or notification is invalid
07-01 10:05:43.773   692   896 D AppWidgetServiceImpl: Trying to notify widget update for package com.aiquota.mobile with widget id: 17
07-01 10:05:43.898 26793 27050 D AIQuotaNativeJson: nativeJson provider=claude status=200 url=claude.ai/api/organizations/6d7e7f53-6216-45b3-93bb-764f73f98c92/usage cookieHost=claude.ai
07-01 10:05:43.900 26793 27050 D AIQuotaNativeUsage: nativeUsage provider=claude ok=true diagnostic=ok statuses=claude.ai/api/organizations:200:|claude.ai/api/account_profile:200:|claude.ai/api/organizations/6d7e7f53-6216-45b3-93bb-764f73f98c92/subscription_details:200:|claude.ai/api/organizations/6d7e7f53-6216-45b3-93bb-764f73f98c92/usage:200:
07-01 10:05:43.903 26793 26793 D AIQuotaBgRefreshService: payload provider=claude url= summary=root=provider|organizationId|usage|collectorMode,provider=claude,collectorMode=native-bridge,lineCount=2,hasUsage=true,hasData=false,hasError=false
07-01 10:05:43.904 26793 26793 D AIQuotaBgRefreshService: outcome provider=claude type=Payload
07-01 10:05:43.907 26793 26793 D AIQuotaBgRefreshService: saveSnapshot provider=claude source=webview lineCount=3 planPresent=false accountPresent=false
07-01 10:05:43.924 26793 26793 I AIQuotaDebugCookie: provider=claude debugCookieSnapshot=true reason=background_webview_snapshot urlCount=10 cookieCount=10 nativeAuthContextCount=0 nativeAuthHeaderCount=0
07-01 10:05:44.333 26793 26793 I AIQuotaDebugCookie: provider=codex debugCookieRestore=true reason=background_collection source=external urlCount=20 cookieCount=412
07-01 10:05:44.338 26793 26793 I AIQuotaDebugCookie: provider=codex debugNativeAuthRestore=true source=external nativeAuthContextCount=4 nativeAuthHeaderCount=12
07-01 10:05:44.339 26793 26793 D AIQuotaBgRefreshService: load provider=codex start=chatgpt.com/api/auth/session warmUp=false request=6
07-01 10:05:44.342 26793 27027 D AIQuotaBgRefreshService: capturedNativeHeaders provider=codex path=/api/auth/session names=Accept|Upgrade-Insecure-Requests|User-Agent|sec-ch-ua|sec-ch-ua-mobile|sec-ch-ua-platform
07-01 10:05:44.353   692   707 D ActivityManager: sync unfroze 22578 com.google.android.gms for 4
07-01 10:05:44.399 26793 26793 D AIQuotaBgRefreshService: redirectUsage provider=codex to=about:blank from=chatgpt.com/api/auth/session
07-01 10:05:44.409 26793 26793 D AIQuotaBgRefreshService: pageFinished provider=codex url=chatgpt.com/api/auth/session
07-01 10:05:44.414 26793 26793 D AIQuotaBgRefreshService: inject provider=codex url=
07-01 10:05:44.415 26793 26793 D AIQuotaBgRefreshService: pageFinished provider=codex url=
07-01 10:05:44.424   692   707 W ProcessStats: Tracking association SourceState{651a25 com.aiquota.mobile/10233 BTop #12304} whose proc state 2 is better than process ProcessState{9dd9f22 com.google.android.gms/10203 pkg=com.google.android.gms} proc state 14 (4 skipped)
07-01 10:05:44.899  1074  1202 D IpClient/wlan0: addressUpdated: fec0::f2f1:2a5:74ce:bdd5/64 on ifindex 16 flags 0x00000900 scope 200
07-01 10:05:44.899  1074  1202 D IpClient/wlan0: addressUpdated: fec0::2b55:6b11:3b03:66b7/64 on ifindex 16 flags 0x00000001 scope 200
07-01 10:05:44.899  1074  1202 W AlarmManager: Unrecognized alarm listener com.android.networkstack.android.net.ip.IpClientLinkObserver$Dhcp6PdPreferredPrefixAlarmListener@5deb18e
07-01 10:05:44.900  1074  1202 D ApfFilter: (wlan0): Adding RA fe80::2 -> ff02::1 1800s fec0::/64 86400s/14400s 
07-01 10:05:45.225  1119  1246 D SatelliteController: isInCarrierRoamingNbIotNtn: satellite is disabled
07-01 10:05:45.225  1119  1246 D SatelliteController: getCarrierRoamingNtnConnectType: Checking connect type from PLMN config for subId: 1
07-01 10:05:45.225  1119  1246 D TelephonyConfigUpdateInstallReceiver: getConfigParser: domain=satellite
07-01 10:05:45.225  1119  1246 V SatelliteController: satelliteConfigParser is not ready
07-01 10:05:45.225  1119  1246 D SatelliteController: isSatelliteAttachSupportedViaConfigupdater: return null (satelliteConfig is null)
07-01 10:05:45.226  1119  1246 D SatelliteController: getSatellitePerPlmnConfiguration: invalid subId or not supported via carrier.
07-01 10:05:45.226  1119  1246 D SatelliteController: getCarrierRoamingNtnConnectType: config: null
07-01 10:05:45.226  1119  1246 D TelephonyConfigUpdateInstallReceiver: getConfigParser: domain=satellite
07-01 10:05:45.226  1119  1246 V SatelliteController: satelliteConfigParser is not ready
07-01 10:05:45.226  1119  1246 D SatelliteController: getCarrierRoamingNtnConnectTypeViaConfigUpdater: return null (satelliteConfig is null)
07-01 10:05:45.227  1119  1246 D SatelliteController: getCarrierRoamingNtnConnectType: Falling back to global carrier config connect type: 0
07-01 10:05:45.227  1119  1246 D TelephonyConfigUpdateInstallReceiver: getConfigParser: domain=satellite
07-01 10:05:45.227  1119  1246 V SatelliteController: satelliteConfigParser is not ready
07-01 10:05:45.227  1119  1246 D SatelliteController: isSatelliteAttachSupportedViaConfigupdater: return null (satelliteConfig is null)
07-01 10:05:45.227  1119  1246 D SatelliteController: getCarrierRoamingNtnConnectType: Checking connect type from PLMN config for subId: 1
07-01 10:05:45.227  1119  1246 D TelephonyConfigUpdateInstallReceiver: getConfigParser: domain=satellite
07-01 10:05:45.227  1119  1246 V SatelliteController: satelliteConfigParser is not ready
07-01 10:05:45.227  1119  1246 D SatelliteController: isSatelliteAttachSupportedViaConfigupdater: return null (satelliteConfig is null)
07-01 10:05:45.227  1119  1246 D SatelliteController: getSatellitePerPlmnConfiguration: invalid subId or not supported via carrier.
07-01 10:05:45.227  1119  1246 D SatelliteController: getCarrierRoamingNtnConnectType: config: null
07-01 10:05:45.227  1119  1246 D TelephonyConfigUpdateInstallReceiver: getConfigParser: domain=satellite
07-01 10:05:45.227  1119  1246 V SatelliteController: satelliteConfigParser is not ready
07-01 10:05:45.227  1119  1246 D SatelliteController: getCarrierRoamingNtnConnectTypeViaConfigUpdater: return null (satelliteConfig is null)
07-01 10:05:45.228  1119  1246 D SatelliteController: getCarrierRoamingNtnConnectType: Falling back to global carrier config connect type: 0
07-01 10:05:45.228  1119  1246 D TelephonyConfigUpdateInstallReceiver: getConfigParser: domain=satellite
07-01 10:05:45.228  1119  1246 V SatelliteController: satelliteConfigParser is not ready
07-01 10:05:45.228  1119  1246 D SatelliteController: isSatelliteAttachSupportedViaConfigupdater: return null (satelliteConfig is null)
07-01 10:05:45.248   527   549 W skia    : AGTM parsing failed flags.readFromStream(s) at 159
07-01 10:05:45.316   692   892 I AdbWifiNetworkMonitor: Wi-Fi network available
07-01 10:05:45.316   692   892 I AdbWifiNetworkMonitor: Received the same Wi-Fi SSID. Ignoring.
07-01 10:05:45.318   692   860 I HalDevMgr: bestIfaceCreationProposal is null, requestIface=STA, existingIface=[name=wlan0 type=STA]
07-01 10:05:45.320  1331  2013 I NullBinder: NullBinder for android.net.action.RECOMMEND_NETWORKS triggering remote TransactionTooLargeException due to Service without Chimera impl, calling uid: 1000, calling pid: 0
07-01 10:05:45.320  1331  2013 W libbinder.Binder: Large reply transaction of 1056768 bytes, interface descriptor , function: UNKNOWN_FUNCTION_NAME, code: 1, flags: 17
07-01 10:05:45.321  4397  4547 D WM-WorkConstraintsTrack: NetworkRequestConstraintController onCapabilitiesChanged callback
07-01 10:05:45.323   692   866 D ConnectivityService: NetReassign [no changes] [c 1] [a 1] [i 0]
07-01 10:05:45.324  1331 24223 I NearbyMediums: Wifi changed new SSID: "AndroidWifi"
07-01 10:05:45.324  1331 24223 I NearbyMediums: WifiLanConnectivityInfo is not changed, skip notify.
07-01 10:05:45.325  1074  1202 D IpClient/wlan0: interfaceLinkStateChanged: ifindex 16 up
07-01 10:05:45.325  5429  5471 I BugleRcsEngine: handleMessage processing message:[NOTIFY_UPTIME_IGNORE_STATE_CHANGED] with [non-null]:RcsEngineImpl reference [CONTEXT log_prefix="RcsEngineImpl[DUAL_REG]:[16822a33-62db]>Handler" thread_id=64 ]
07-01 10:05:45.325  5429  5467 I BugleRcsEngine: Connected state: [1], networkType: [WIFI] [CONTEXT thread_id=63 ]
07-01 10:05:45.331  5429  5471 I BugleRcsEngine: No RCS Configuration was found in Bugle for simID: redacted-pii:sim_id[chars:20,last3:897] [CONTEXT log_prefix="ProvisioningEngineDataRetriever" thread_id=64 ]
07-01 10:05:45.333  1074  1202 D IpClient/wlan0: interfaceLinkStateChanged: ifindex 16 up
07-01 10:05:45.426 26793 27050 D AIQuotaNativeJson: nativeJson provider=codex status=403 url=chatgpt.com/api/auth/session cookieHost=chatgpt.com
07-01 10:05:45.822  1331  1331 I NearbySharing: Network state changed: NetworkState(isRestricted=false, isOnline=true, isCongested=false, isMetered=false, isWifiConnected=true)
07-01 10:05:45.954   692   896 D AppWidgetServiceImpl: Trying to notify widget update for package com.aiquota.mobile with widget id: 22
07-01 10:05:45.965   692   896 D AppWidgetServiceImpl: Trying to notify widget update for package com.aiquota.mobile with widget id: 21
07-01 10:05:45.965   692   896 D AppWidgetServiceImpl: Trying to notify widget update for package com.aiquota.mobile with widget id: 20
07-01 10:05:45.965   692   896 D AppWidgetServiceImpl: Trying to notify widget update for package com.aiquota.mobile with widget id: 24
07-01 10:05:45.975 26793 27050 D AIQuotaNativeJson: nativeJson provider=codex status=403 url=chatgpt.com/backend-api/me cookieHost=chatgpt.com
07-01 10:05:45.985   692   896 D AppWidgetServiceImpl: Trying to notify widget update for package com.aiquota.mobile with widget id: 17
07-01 10:05:46.152  4430  4572 W AiAiEcho: LyftNotificationParser Ridesharing ETA not enabled
07-01 10:05:46.152  4430  4572 I AiAiEcho: SmartspaceNotificationPredictor no parser can handle this notification or notification is invalid
07-01 10:05:47.013 26793 27050 D AIQuotaNativeJson: nativeJson provider=codex status=403 url=chatgpt.com/backend-api/accounts/check/v4-2023-04-27 cookieHost=chatgpt.com
07-01 10:05:47.559   954   954 I wpa_supplicant: wlan0: CTRL-EVENT-BEACON-LOSS 
07-01 10:05:47.724   692   791 I UsageStatsService: User[0] Flushing usage stats to disk
07-01 10:05:48.048 26793 27050 D AIQuotaNativeJson: nativeJson provider=codex status=403 url=chatgpt.com/backend-api/subscriptions cookieHost=chatgpt.com
07-01 10:05:48.321   692   892 I AdbWifiNetworkMonitor: Wi-Fi network available
07-01 10:05:48.322   692   892 I AdbWifiNetworkMonitor: Received the same Wi-Fi SSID. Ignoring.
07-01 10:05:48.323   692   860 I HalDevMgr: bestIfaceCreationProposal is null, requestIface=STA, existingIface=[name=wlan0 type=STA]
07-01 10:05:48.324  4397  4547 D WM-WorkConstraintsTrack: NetworkRequestConstraintController onCapabilitiesChanged callback
07-01 10:05:48.326  5429  5467 I BugleRcsEngine: Connected state: [1], networkType: [WIFI] [CONTEXT thread_id=63 ]
07-01 10:05:48.326  5429  5471 I BugleRcsEngine: handleMessage processing message:[NOTIFY_UPTIME_IGNORE_STATE_CHANGED] with [non-null]:RcsEngineImpl reference [CONTEXT log_prefix="RcsEngineImpl[DUAL_REG]:[16822a33-62db]>Handler" thread_id=64 ]
07-01 10:05:48.327   692   866 D ConnectivityService: NetReassign [no changes] [c 0] [a 0] [i 1]
07-01 10:05:48.328  1331 24223 I NearbyMediums: Wifi changed new SSID: "AndroidWifi"
07-01 10:05:48.328  1331 24223 I NearbyMediums: WifiLanConnectivityInfo is not changed, skip notify.
07-01 10:05:48.329  5429  5471 I BugleRcsEngine: No RCS Configuration was found in Bugle for simID: redacted-pii:sim_id[chars:20,last3:897] [CONTEXT log_prefix="ProvisioningEngineDataRetriever" thread_id=64 ]
07-01 10:05:48.329  1331  1708 I NullBinder: NullBinder for android.net.action.RECOMMEND_NETWORKS triggering remote TransactionTooLargeException due to Service without Chimera impl, calling uid: 1000, calling pid: 0
07-01 10:05:48.329  1331  1708 W libbinder.Binder: Large reply transaction of 1056768 bytes, interface descriptor , function: UNKNOWN_FUNCTION_NAME, code: 1, flags: 17
07-01 10:05:48.828  1331  1331 I NearbySharing: Network state changed: NetworkState(isRestricted=false, isOnline=true, isCongested=false, isMetered=false, isWifiConnected=true)
07-01 10:05:49.622 26793 27050 D AIQuotaNativeJson: nativeJson provider=codex status=200 url=chatgpt.com/backend-api/wham/usage cookieHost=chatgpt.com
07-01 10:05:49.623 26793 27050 D AIQuotaNativeUsage: nativeUsage provider=codex ok=true diagnostic=ok statuses=chatgpt.com/api/auth/session:403:|chatgpt.com/backend-api/me:403:|chatgpt.com/backend-api/accounts/check/v4-2023-04-27:403:|chatgpt.com/backend-api/subscriptions:403:|chatgpt.com/backend-api/wham/usage:200:
07-01 10:05:49.626 26793 26793 D AIQuotaBgRefreshService: payload provider=codex url= summary=root=provider|usage|collectorMode,provider=codex,collectorMode=native-bridge,lineCount=0,hasUsage=true,hasData=false,hasError=false
07-01 10:05:49.627 26793 26793 D AIQuotaBgRefreshService: outcome provider=codex type=Payload
07-01 10:05:49.629 26793 26793 D AIQuotaBgRefreshService: saveSnapshot provider=codex source=webview lineCount=2 planPresent=false accountPresent=false
07-01 10:05:49.666 26793 26793 I AIQuotaDebugCookie: provider=codex debugCookieSnapshot=true reason=background_webview_snapshot urlCount=20 cookieCount=20 nativeAuthContextCount=4 nativeAuthHeaderCount=12
07-01 10:05:49.728 26793 26793 D AIQuotaBgRefreshService: load provider=gemini start= warmUp=false request=7
07-01 10:05:49.744 26793 26793 D AIQuotaBgRefreshService: inject provider=gemini url=
07-01 10:05:49.745 26793 26793 D AIQuotaBgRefreshService: pageFinished provider=gemini url=
07-01 10:05:50.693 26793 26800 I .aiquota.mobile: Background concurrent mark compact GC freed 2183KB AllocSpace bytes, 46(2704KB) LOS objects, 49% free, 7426KB/14MB, paused 645us,5.402ms total 17.361ms
07-01 10:05:50.987 26793 26800 I .aiquota.mobile: Background concurrent mark compact GC freed 80KB AllocSpace bytes, 13(1184KB) LOS objects, 49% free, 11MB/22MB, paused 903us,5.130ms total 17.037ms
07-01 10:05:51.093 26793 27050 D AIQuotaGeminiUsageRpc: geminiUsageHtmlDiscovery provider=gemini usagePath=/usage status=200 payloadBytes=806349 scriptSrcCount=0 batchexecuteCount=0 afInitCount=3 afDataCount=0 afShapes= usageSignalCount=15 candidateRpcCount=0 rpcIds=
07-01 10:05:51.329   692   860 I HalDevMgr: bestIfaceCreationProposal is null, requestIface=STA, existingIface=[name=wlan0 type=STA]
07-01 10:05:51.332  1074  1202 D IpClient/wlan0: interfaceLinkStateChanged: ifindex 16 up
07-01 10:05:51.337  1074  1202 D IpClient/wlan0: interfaceLinkStateChanged: ifindex 16 up
07-01 10:05:51.473 26793 27050 D AIQuotaGeminiUsageRpc: geminiUsageDiscovery provider=gemini usagePath=/usage rpcId=jSf9Qc status=200 payloadBytes=226 shape=array[3]:number|array[2]|boolean rowCount=2 labels=5-hour limit|Weekly limit remainingPercents=100.0|100.0 quotaSummaries=remaining=600.0/used=0.0/limit=600.0|remaining=12096.0/used=0.0/limit=12096.0 deepRowCount=2 deepRemainingPercents=100.0|100.0
07-01 10:05:51.474 26793 27050 D AIQuotaNativeUsage: nativeUsage provider=gemini ok=true diagnostic=ok statuses=gemini_usage_page_html:200|gemini_usage_rpc_jSf9Qc:200
07-01 10:05:51.476 26793 26793 D AIQuotaBgRefreshService: payload provider=gemini url= summary=root=provider|collectorMode|usage,provider=gemini,collectorMode=native-usage-page-rpc,lineCount=0,hasUsage=true,hasData=false,hasError=false
07-01 10:05:51.479 26793 26793 D AIQuotaBgRefreshService: outcome provider=gemini type=Payload
07-01 10:05:51.481 26793 26793 D AIQuotaBgRefreshService: saveSnapshot provider=gemini source=webview lineCount=2 planPresent=false accountPresent=false
07-01 10:05:51.502 26793 26793 I AIQuotaDebugCookie: provider=gemini debugCookieSnapshot=true reason=background_webview_snapshot urlCount=7 cookieCount=7 nativeAuthContextCount=0 nativeAuthHeaderCount=0
07-01 10:05:51.546   539   539 I adbd    : adbd service requested 'shell,v2,raw:dumpsys package com.google.android.gms'
07-01 10:05:51.578 26793 26793 I AIQuotaDebugCookie: provider=copilot debugCookieRestore=true reason=background_collection source=external urlCount=3 cookieCount=33
07-01 10:05:51.579 26793 26793 D AIQuotaBgRefreshService: load provider=copilot start=github.com/ warmUp=true request=8
07-01 10:05:51.702  3176  3192 I artd    : GetBestInfo: odex next to the dex file (/data/app/~~pUpe9D-hsv0lOCLmNQJGyA==/com.google.android.gms-a0e_AySruvvgbDhYG8Z6yQ==/oat/x86_64/base.odex) is kOatUpToDate with filter 'speed-profile' executable 'false'
07-01 10:05:51.703  3176  3192 I artd    : GetBestInfo: dm (/data/app/~~pUpe9D-hsv0lOCLmNQJGyA==/com.google.android.gms-a0e_AySruvvgbDhYG8Z6yQ==/split_AdsDynamite_installtime.dm) is kOatUpToDate with filter 'verify' executable 'false'
07-01 10:05:51.704  3176  3192 I artd    : GetBestInfo: odex next to the dex file (/data/app/~~pUpe9D-hsv0lOCLmNQJGyA==/com.google.android.gms-a0e_AySruvvgbDhYG8Z6yQ==/oat/x86_64/split_CronetDynamite_installtime.odex) is kOatUpToDate with filter 'speed-profile' executable 'false'
07-01 10:05:51.705  3176  3192 I artd    : GetBestInfo: dm (/data/app/~~pUpe9D-hsv0lOCLmNQJGyA==/com.google.android.gms-a0e_AySruvvgbDhYG8Z6yQ==/split_DynamiteLoader_installtime.dm) is kOatUpToDate with filter 'verify' executable 'false'
07-01 10:05:51.707  3176  3192 I artd    : GetBestInfo: dm (/data/app/~~pUpe9D-hsv0lOCLmNQJGyA==/com.google.android.gms-a0e_AySruvvgbDhYG8Z6yQ==/split_DynamiteModulesA_installtime.dm) is kOatUpToDate with filter 'verify' executable 'false'
07-01 10:05:51.708  3176  3192 I artd    : GetBestInfo: dm (/data/app/~~pUpe9D-hsv0lOCLmNQJGyA==/com.google.android.gms-a0e_AySruvvgbDhYG8Z6yQ==/split_DynamiteModulesC_installtime.dm) is kOatUpToDate with filter 'verify' executable 'false'
07-01 10:05:51.709  3176  3192 I artd    : GetBestInfo: dm (/data/app/~~pUpe9D-hsv0lOCLmNQJGyA==/com.google.android.gms-a0e_AySruvvgbDhYG8Z6yQ==/split_GoogleCertificates_installtime.dm) is kOatUpToDate with filter 'verify' executable 'false'
07-01 10:05:51.710  3176  3192 I artd    : GetBestInfo: dm (/data/app/~~pUpe9D-hsv0lOCLmNQJGyA==/com.google.android.gms-a0e_AySruvvgbDhYG8Z6yQ==/split_MapsDynamite_installtime.dm) is kOatUpToDate with filter 'verify' executable 'false'
07-01 10:05:51.711   692   896 D AppWidgetServiceImpl: Trying to notify widget update for package com.aiquota.mobile with widget id: 22
07-01 10:05:51.711  3176  3192 I artd    : GetBestInfo: dm (/data/app/~~pUpe9D-hsv0lOCLmNQJGyA==/com.google.android.gms-a0e_AySruvvgbDhYG8Z6yQ==/split_MeasurementDynamite_installtime.dm) is kOatUpToDate with filter 'verify' executable 'false'
07-01 10:05:51.713   692   896 D AppWidgetServiceImpl: Trying to notify widget update for package com.aiquota.mobile with widget id: 21
07-01 10:05:51.713  3176  3192 I artd    : GetBestInfo: /data/user_de/0/com.google.android.gms/app_chimera/m/0000000e/dl-IdentityCredentialsPlatform.optional_262031100800.apk has no usable artifacts
07-01 10:05:51.714   692   896 D AppWidgetServiceImpl: Trying to notify widget update for package com.aiquota.mobile with widget id: 20
07-01 10:05:51.714  3176  3192 I artd    : GetBestInfo: /data/user_de/0/com.google.android.gms/app_chimera/m/00000001/CronetDynamite.apk has no usable artifacts
07-01 10:05:51.715   692   896 D AppWidgetServiceImpl: Trying to notify widget update for package com.aiquota.mobile with widget id: 24
07-01 10:05:51.715  3176  3192 I artd    : GetBestInfo: /data/user_de/0/com.google.android.gms/app_chimera/m/00000013/dl-TfliteDynamiteDynamite.integ_252130102100800.apk has no usable artifacts
07-01 10:05:51.715  3176  3192 I artd    : GetBestInfo: /data/user_de/0/com.google.android.gms/app_chimera/m/00000002/DynamiteLoader.apk has no usable artifacts
07-01 10:05:51.716  3176  3192 I artd    : GetBestInfo: /data/user_de/0/com.google.android.gms/app_chimera/m/0000000c/dl-IdentityCredentialsPlatform.optional_261136100800.apk has no usable artifacts
07-01 10:05:51.717  3176  3192 I artd    : GetBestInfo: /data/user_de/0/com.google.android.gms/app_chimera/m/00000005/GoogleCertificates.apk has no usable artifacts
07-01 10:05:51.718  3176  3192 I artd    : GetBestInfo: /data/user_de/0/com.google.android.gms/app_chimera/m/0000000a/dl-TfliteDynamiteDynamite.integ_260580502100800.apk has no usable artifacts
07-01 10:05:51.718  3176  3192 I artd    : GetBestInfo: /data/user_de/0/com.google.android.gms/app_chimera/m/00000016/dl-PlayCloudSearch.optional_262031100000.apk has no usable artifacts
07-01 10:05:51.719  3176  3192 I artd    : GetBestInfo: /data/user_de/0/com.google.android.gms/app_chimera/m/00000014/dl-MlkitOcrCommon.optional_262031100800.apk has no usable artifacts
07-01 10:05:51.721  3176  3192 I artd    : GetBestInfo: /data/user_de/0/com.google.android.gms/app_chimera/m/00000008/dl-VisionOcr.optional_261136100000.apk has no usable artifacts
07-01 10:05:51.721  3176  3192 I artd    : GetBestInfo: /data/user_de/0/com.google.android.gms/app_chimera/m/00000010/dl-Appsearch.optional_262031100800.apk has no usable artifacts
07-01 10:05:51.723  3176  3192 I artd    : GetBestInfo: /data/user_de/0/com.google.android.gms/app_chimera/m/0000000b/dl-Appsearch.optional_261136100800.apk has no usable artifacts
07-01 10:05:51.724  3176  3192 I artd    : GetBestInfo: vdex next to the dex file (/data/user/0/com.google.android.gms/app_dg_cache/9BCBC14EE674B00B958D4B0C5B4BD883630AA39E/oat/x86_64/the.vdex) is kOatUpToDate with filter 'verify' executable 'false'
07-01 10:05:51.725  3176  3192 I artd    : GetBestInfo: /data/user_de/0/com.google.android.gms/app_chimera/m/00000009/dl-MlkitOcrCommon.optional_261136100800.apk has no usable artifacts
07-01 10:05:51.726  3176  3192 I artd    : GetBestInfo: /data/user/0/com.google.android.gms/app_dg_cache/22DA9D7AD8ED7504E0CAC64C41ECDBD7068924E0/the.apk has no usable artifacts
07-01 10:05:51.728  3176  3192 I artd    : GetBestInfo: vdex next to the dex file (/data/user/0/com.google.android.gms/app_dg_cache/FEE57AEA14526BE59FD8AB1365237E7B7A5CE7CB/oat/x86_64/the.vdex) is kOatUpToDate with filter 'verify' executable 'false'
07-01 10:05:51.730  3176  3192 I artd    : GetBestInfo: vdex next to the dex file (/data/user/0/com.google.android.gms/app_dg_cache/1C62BDE86218FBAA50DF06C4A79F5C3FE74B69EC/oat/x86_64/the.vdex) is kOatUpToDate with filter 'verify' executable 'false'
07-01 10:05:51.731  3176  3192 I artd    : GetBestInfo: /data/user_de/0/com.google.android.gms/app_chimera/m/0000000f/dl-VisionOcr.optional_262031100000.apk has no usable artifacts
07-01 10:05:51.732   692   896 D AppWidgetServiceImpl: Trying to notify widget update for package com.aiquota.mobile with widget id: 17
07-01 10:05:51.733  3176  3192 I artd    : GetBestInfo: /data/user_de/0/com.google.android.gms/app_chimera/m/00000015/dl-MlkitBarcodeUi.optional_262031100800.apk has no usable artifacts
07-01 10:05:51.734  3176  3192 I artd    : GetBestInfo: /data/user_de/0/com.google.android.gms/app_chimera/m/00000007/MeasurementDynamite.apk has no usable artifacts
07-01 10:05:51.910  4430  4572 W AiAiEcho: LyftNotificationParser Ridesharing ETA not enabled
07-01 10:05:51.910  4430  4572 I AiAiEcho: SmartspaceNotificationPredictor no parser can handle this notification or notification is invalid
07-01 10:05:53.374 26793 26793 D AIQuotaBgRefreshService: pageFinished provider=copilot url=github.com/
07-01 10:05:53.375 26793 26793 D AIQuotaBgRefreshService: warmUpComplete provider=copilot from=github.com/ to=
07-01 10:05:53.400 26793 26793 D AIQuotaBgRefreshService: pageFinished provider=copilot url=github.com/
07-01 10:05:53.405 26793 26793 D AIQuotaBgRefreshService: inject provider=copilot url=
07-01 10:05:53.406 26793 26793 D AIQuotaBgRefreshService: pageFinished provider=copilot url=
07-01 10:05:54.337   692   860 I HalDevMgr: bestIfaceCreationProposal is null, requestIface=STA, existingIface=[name=wlan0 type=STA]
07-01 10:05:55.225  1119  1246 D SatelliteController: isInCarrierRoamingNbIotNtn: satellite is disabled
07-01 10:05:55.226  1119  1246 D SatelliteController: getCarrierRoamingNtnConnectType: Checking connect type from PLMN config for subId: 1
07-01 10:05:55.226  1119  1246 D TelephonyConfigUpdateInstallReceiver: getConfigParser: domain=satellite
07-01 10:05:55.226  1119  1246 V SatelliteController: satelliteConfigParser is not ready
07-01 10:05:55.226  1119  1246 D SatelliteController: isSatelliteAttachSupportedViaConfigupdater: return null (satelliteConfig is null)
07-01 10:05:55.227  1119  1246 D SatelliteController: getSatellitePerPlmnConfiguration: invalid subId or not supported via carrier.
07-01 10:05:55.227  1119  1246 D SatelliteController: getCarrierRoamingNtnConnectType: config: null
07-01 10:05:55.227  1119  1246 D TelephonyConfigUpdateInstallReceiver: getConfigParser: domain=satellite
07-01 10:05:55.227  1119  1246 V SatelliteController: satelliteConfigParser is not ready
07-01 10:05:55.227  1119  1246 D SatelliteController: getCarrierRoamingNtnConnectTypeViaConfigUpdater: return null (satelliteConfig is null)
07-01 10:05:55.227  1119  1246 D SatelliteController: getCarrierRoamingNtnConnectType: Falling back to global carrier config connect type: 0
07-01 10:05:55.227  1119  1246 D TelephonyConfigUpdateInstallReceiver: getConfigParser: domain=satellite
07-01 10:05:55.227  1119  1246 V SatelliteController: satelliteConfigParser is not ready
07-01 10:05:55.227  1119  1246 D SatelliteController: isSatelliteAttachSupportedViaConfigupdater: return null (satelliteConfig is null)
07-01 10:05:55.228  1119  1246 D SatelliteController: getCarrierRoamingNtnConnectType: Checking connect type from PLMN config for subId: 1
07-01 10:05:55.228  1119  1246 D TelephonyConfigUpdateInstallReceiver: getConfigParser: domain=satellite
07-01 10:05:55.228  1119  1246 V SatelliteController: satelliteConfigParser is not ready
07-01 10:05:55.228  1119  1246 D SatelliteController: isSatelliteAttachSupportedViaConfigupdater: return null (satelliteConfig is null)
07-01 10:05:55.228  1119  1246 D SatelliteController: getSatellitePerPlmnConfiguration: invalid subId or not supported via carrier.
07-01 10:05:55.228  1119  1246 D SatelliteController: getCarrierRoamingNtnConnectType: config: null
07-01 10:05:55.228  1119  1246 D TelephonyConfigUpdateInstallReceiver: getConfigParser: domain=satellite
07-01 10:05:55.228  1119  1246 V SatelliteController: satelliteConfigParser is not ready
07-01 10:05:55.228  1119  1246 D SatelliteController: getCarrierRoamingNtnConnectTypeViaConfigUpdater: return null (satelliteConfig is null)
07-01 10:05:55.229  1119  1246 D SatelliteController: getCarrierRoamingNtnConnectType: Falling back to global carrier config connect type: 0
07-01 10:05:55.229  1119  1246 D TelephonyConfigUpdateInstallReceiver: getConfigParser: domain=satellite
07-01 10:05:55.229  1119  1246 V SatelliteController: satelliteConfigParser is not ready
07-01 10:05:55.229  1119  1246 D SatelliteController: isSatelliteAttachSupportedViaConfigupdater: return null (satelliteConfig is null)
07-01 10:05:55.494   954   954 I wpa_supplicant: wlan0: CTRL-EVENT-BEACON-LOSS 
07-01 10:05:57.039 26793 27050 D AIQuotaCopilot: nativeFetch entitlement=200 token=422 internal=401
07-01 10:05:57.039 26793 27050 D AIQuotaNativeUsage: nativeUsage provider=copilot ok=true diagnostic=copilot_usage_unavailable statuses=
07-01 10:05:57.043 26793 26793 D AIQuotaBgRefreshService: payload provider=copilot url= summary=root=provider|plan|quotas|collectorMode,provider=copilot,collectorMode=native-bridge,lineCount=0,hasUsage=false,hasData=false,hasError=false
07-01 10:05:57.044 26793 26793 D AIQuotaBgRefreshService: outcome provider=copilot type=Payload
07-01 10:05:57.046 26793 26793 D AIQuotaBgRefreshService: saveSnapshot provider=copilot source=webview lineCount=1 planPresent=true accountPresent=false
07-01 10:05:57.053 26793 26793 I AIQuotaDebugCookie: provider=copilot debugCookieSnapshot=true reason=background_webview_snapshot urlCount=3 cookieCount=3 nativeAuthContextCount=0 nativeAuthHeaderCount=0
07-01 10:05:57.076 26793 26800 I .aiquota.mobile: Background young concurrent mark compact GC freed 4370KB AllocSpace bytes, 41(1952KB) LOS objects, 44% free, 7763KB/13MB, paused 753us,5.044ms total 14.114ms
07-01 10:05:57.343   692   860 I HalDevMgr: bestIfaceCreationProposal is null, requestIface=STA, existingIface=[name=wlan0 type=STA]
07-01 10:05:57.346  1074  1202 D IpClient/wlan0: interfaceLinkStateChanged: ifindex 16 up
07-01 10:05:57.353  1074  1202 D IpClient/wlan0: interfaceLinkStateChanged: ifindex 16 up
07-01 10:05:59.088   692   896 D AppWidgetServiceImpl: Trying to notify widget update for package com.aiquota.mobile with widget id: 22
07-01 10:05:59.092   692   896 D AppWidgetServiceImpl: Trying to notify widget update for package com.aiquota.mobile with widget id: 21
07-01 10:05:59.092   692   896 D AppWidgetServiceImpl: Trying to notify widget update for package com.aiquota.mobile with widget id: 20
07-01 10:05:59.093   692   896 D AppWidgetServiceImpl: Trying to notify widget update for package com.aiquota.mobile with widget id: 24
07-01 10:05:59.110   692   896 D AppWidgetServiceImpl: Trying to notify widget update for package com.aiquota.mobile with widget id: 17
07-01 10:05:59.287  4430  4572 W AiAiEcho: LyftNotificationParser Ridesharing ETA not enabled
07-01 10:05:59.287  4430  4572 I AiAiEcho: SmartspaceNotificationPredictor no parser can handle this notification or notification is invalid
07-01 10:06:00.049   527   549 W skia    : AGTM parsing failed flags.readFromStream(s) at 159
07-01 10:06:00.350   692   860 I HalDevMgr: bestIfaceCreationProposal is null, requestIface=STA, existingIface=[name=wlan0 type=STA]
07-01 10:06:01.549   539   539 I adbd    : adbd service requested 'shell,v2,raw:dumpsys package com.google.android.gms'
07-01 10:06:01.702   692   702 I system_server: Background young concurrent mark compact GC freed 18MB AllocSpace bytes, 86(5344KB) LOS objects, 35% free, 42MB/65MB, paused 1.752ms,23.206ms total 61.482ms
07-01 10:06:01.717  3176  3192 I artd    : GetBestInfo: odex next to the dex file (/data/app/~~pUpe9D-hsv0lOCLmNQJGyA==/com.google.android.gms-a0e_AySruvvgbDhYG8Z6yQ==/oat/x86_64/base.odex) is kOatUpToDate with filter 'speed-profile' executable 'false'
07-01 10:06:01.718  3176  3192 I artd    : GetBestInfo: dm (/data/app/~~pUpe9D-hsv0lOCLmNQJGyA==/com.google.android.gms-a0e_AySruvvgbDhYG8Z6yQ==/split_AdsDynamite_installtime.dm) is kOatUpToDate with filter 'verify' executable 'false'
07-01 10:06:01.719  3176  3192 I artd    : GetBestInfo: odex next to the dex file (/data/app/~~pUpe9D-hsv0lOCLmNQJGyA==/com.google.android.gms-a0e_AySruvvgbDhYG8Z6yQ==/oat/x86_64/split_CronetDynamite_installtime.odex) is kOatUpToDate with filter 'speed-profile' executable 'false'
07-01 10:06:01.721  3176  3192 I artd    : GetBestInfo: dm (/data/app/~~pUpe9D-hsv0lOCLmNQJGyA==/com.google.android.gms-a0e_AySruvvgbDhYG8Z6yQ==/split_DynamiteLoader_installtime.dm) is kOatUpToDate with filter 'verify' executable 'false'
07-01 10:06:01.722  3176  3192 I artd    : GetBestInfo: dm (/data/app/~~pUpe9D-hsv0lOCLmNQJGyA==/com.google.android.gms-a0e_AySruvvgbDhYG8Z6yQ==/split_DynamiteModulesA_installtime.dm) is kOatUpToDate with filter 'verify' executable 'false'
07-01 10:06:01.723  3176  3192 I artd    : GetBestInfo: dm (/data/app/~~pUpe9D-hsv0lOCLmNQJGyA==/com.google.android.gms-a0e_AySruvvgbDhYG8Z6yQ==/split_DynamiteModulesC_installtime.dm) is kOatUpToDate with filter 'verify' executable 'false'
07-01 10:06:01.724  3176  3192 I artd    : GetBestInfo: dm (/data/app/~~pUpe9D-hsv0lOCLmNQJGyA==/com.google.android.gms-a0e_AySruvvgbDhYG8Z6yQ==/split_GoogleCertificates_installtime.dm) is kOatUpToDate with filter 'verify' executable 'false'
07-01 10:06:01.725  3176  3192 I artd    : GetBestInfo: dm (/data/app/~~pUpe9D-hsv0lOCLmNQJGyA==/com.google.android.gms-a0e_AySruvvgbDhYG8Z6yQ==/split_MapsDynamite_installtime.dm) is kOatUpToDate with filter 'verify' executable 'false'
07-01 10:06:01.726  3176  3192 I artd    : GetBestInfo: dm (/data/app/~~pUpe9D-hsv0lOCLmNQJGyA==/com.google.android.gms-a0e_AySruvvgbDhYG8Z6yQ==/split_MeasurementDynamite_installtime.dm) is kOatUpToDate with filter 'verify' executable 'false'
07-01 10:06:01.727  3176  3192 I artd    : GetBestInfo: /data/user_de/0/com.google.android.gms/app_chimera/m/0000000e/dl-IdentityCredentialsPlatform.optional_262031100800.apk has no usable artifacts
07-01 10:06:01.727  3176  3192 I artd    : GetBestInfo: /data/user_de/0/com.google.android.gms/app_chimera/m/00000001/CronetDynamite.apk has no usable artifacts
07-01 10:06:01.728  3176  3192 I artd    : GetBestInfo: /data/user_de/0/com.google.android.gms/app_chimera/m/00000013/dl-TfliteDynamiteDynamite.integ_252130102100800.apk has no usable artifacts
07-01 10:06:01.729  3176  3192 I artd    : GetBestInfo: /data/user_de/0/com.google.android.gms/app_chimera/m/00000002/DynamiteLoader.apk has no usable artifacts
07-01 10:06:01.730  3176  3192 I artd    : GetBestInfo: /data/user_de/0/com.google.android.gms/app_chimera/m/0000000c/dl-IdentityCredentialsPlatform.optional_261136100800.apk has no usable artifacts
07-01 10:06:01.731  3176  3192 I artd    : GetBestInfo: /data/user_de/0/com.google.android.gms/app_chimera/m/00000005/GoogleCertificates.apk has no usable artifacts
07-01 10:06:01.732  3176  3192 I artd    : GetBestInfo: /data/user_de/0/com.google.android.gms/app_chimera/m/0000000a/dl-TfliteDynamiteDynamite.integ_260580502100800.apk has no usable artifacts
07-01 10:06:01.733  3176  3192 I artd    : GetBestInfo: /data/user_de/0/com.google.android.gms/app_chimera/m/00000016/dl-PlayCloudSearch.optional_262031100000.apk has no usable artifacts
07-01 10:06:01.734  3176  3192 I artd    : GetBestInfo: /data/user_de/0/com.google.android.gms/app_chimera/m/00000014/dl-MlkitOcrCommon.optional_262031100800.apk has no usable artifacts
07-01 10:06:01.735  3176  3192 I artd    : GetBestInfo: /data/user_de/0/com.google.android.gms/app_chimera/m/00000008/dl-VisionOcr.optional_261136100000.apk has no usable artifacts
07-01 10:06:01.736  3176  3192 I artd    : GetBestInfo: /data/user_de/0/com.google.android.gms/app_chimera/m/00000010/dl-Appsearch.optional_262031100800.apk has no usable artifacts
07-01 10:06:01.738  3176  3192 I artd    : GetBestInfo: /data/user_de/0/com.google.android.gms/app_chimera/m/0000000b/dl-Appsearch.optional_261136100800.apk has no usable artifacts
07-01 10:06:01.739  3176  3192 I artd    : GetBestInfo: vdex next to the dex file (/data/user/0/com.google.android.gms/app_dg_cache/9BCBC14EE674B00B958D4B0C5B4BD883630AA39E/oat/x86_64/the.vdex) is kOatUpToDate with filter 'verify' executable 'false'
07-01 10:06:01.740  3176  3192 I artd    : GetBestInfo: /data/user_de/0/com.google.android.gms/app_chimera/m/00000009/dl-MlkitOcrCommon.optional_261136100800.apk has no usable artifacts
07-01 10:06:01.741  3176  3192 I artd    : GetBestInfo: /data/user/0/com.google.android.gms/app_dg_cache/22DA9D7AD8ED7504E0CAC64C41ECDBD7068924E0/the.apk has no usable artifacts
07-01 10:06:01.743  3176  3192 I artd    : GetBestInfo: vdex next to the dex file (/data/user/0/com.google.android.gms/app_dg_cache/FEE57AEA14526BE59FD8AB1365237E7B7A5CE7CB/oat/x86_64/the.vdex) is kOatUpToDate with filter 'verify' executable 'false'
07-01 10:06:01.744  3176  3192 I artd    : GetBestInfo: vdex next to the dex file (/data/user/0/com.google.android.gms/app_dg_cache/1C62BDE86218FBAA50DF06C4A79F5C3FE74B69EC/oat/x86_64/the.vdex) is kOatUpToDate with filter 'verify' executable 'false'
07-01 10:06:01.745  3176  3192 I artd    : GetBestInfo: /data/user_de/0/com.google.android.gms/app_chimera/m/0000000f/dl-VisionOcr.optional_262031100000.apk has no usable artifacts
07-01 10:06:01.746  3176  3192 I artd    : GetBestInfo: /data/user_de/0/com.google.android.gms/app_chimera/m/00000015/dl-MlkitBarcodeUi.optional_262031100800.apk has no usable artifacts
07-01 10:06:01.747  3176  3192 I artd    : GetBestInfo: /data/user_de/0/com.google.android.gms/app_chimera/m/00000007/MeasurementDynamite.apk has no usable artifacts
07-01 10:06:03.356   692   860 I HalDevMgr: bestIfaceCreationProposal is null, requestIface=STA, existingIface=[name=wlan0 type=STA]
07-01 10:06:03.359  1074  1202 D IpClient/wlan0: interfaceLinkStateChanged: ifindex 16 up
07-01 10:06:03.366  1074  1202 D IpClient/wlan0: interfaceLinkStateChanged: ifindex 16 up
07-01 10:06:03.686   954   954 I wpa_supplicant: wlan0: CTRL-EVENT-BEACON-LOSS 
07-01 10:06:05.225  1119  1246 D SatelliteController: isInCarrierRoamingNbIotNtn: satellite is disabled
07-01 10:06:05.225  1119  1246 D SatelliteController: getCarrierRoamingNtnConnectType: Checking connect type from PLMN config for subId: 1
07-01 10:06:05.225  1119  1246 D TelephonyConfigUpdateInstallReceiver: getConfigParser: domain=satellite
07-01 10:06:05.225  1119  1246 V SatelliteController: satelliteConfigParser is not ready
07-01 10:06:05.225  1119  1246 D SatelliteController: isSatelliteAttachSupportedViaConfigupdater: return null (satelliteConfig is null)
07-01 10:06:05.226  1119  1246 D SatelliteController: getSatellitePerPlmnConfiguration: invalid subId or not supported via carrier.
07-01 10:06:05.226  1119  1246 D SatelliteController: getCarrierRoamingNtnConnectType: config: null
07-01 10:06:05.226  1119  1246 D TelephonyConfigUpdateInstallReceiver: getConfigParser: domain=satellite
07-01 10:06:05.226  1119  1246 V SatelliteController: satelliteConfigParser is not ready
07-01 10:06:05.226  1119  1246 D SatelliteController: getCarrierRoamingNtnConnectTypeViaConfigUpdater: return null (satelliteConfig is null)
07-01 10:06:05.226  1119  1246 D SatelliteController: getCarrierRoamingNtnConnectType: Falling back to global carrier config connect type: 0
07-01 10:06:05.226  1119  1246 D TelephonyConfigUpdateInstallReceiver: getConfigParser: domain=satellite
07-01 10:06:05.226  1119  1246 V SatelliteController: satelliteConfigParser is not ready
07-01 10:06:05.226  1119  1246 D SatelliteController: isSatelliteAttachSupportedViaConfigupdater: return null (satelliteConfig is null)
07-01 10:06:05.226  1119  1246 D SatelliteController: getCarrierRoamingNtnConnectType: Checking connect type from PLMN config for subId: 1
07-01 10:06:05.226  1119  1246 D TelephonyConfigUpdateInstallReceiver: getConfigParser: domain=satellite
07-01 10:06:05.226  1119  1246 V SatelliteController: satelliteConfigParser is not ready
07-01 10:06:05.226  1119  1246 D SatelliteController: isSatelliteAttachSupportedViaConfigupdater: return null (satelliteConfig is null)
07-01 10:06:05.226  1119  1246 D SatelliteController: getSatellitePerPlmnConfiguration: invalid subId or not supported via carrier.
07-01 10:06:05.226  1119  1246 D SatelliteController: getCarrierRoamingNtnConnectType: config: null
07-01 10:06:05.226  1119  1246 D TelephonyConfigUpdateInstallReceiver: getConfigParser: domain=satellite
07-01 10:06:05.226  1119  1246 V SatelliteController: satelliteConfigParser is not ready
07-01 10:06:05.226  1119  1246 D SatelliteController: getCarrierRoamingNtnConnectTypeViaConfigUpdater: return null (satelliteConfig is null)
07-01 10:06:05.226  1119  1246 D SatelliteController: getCarrierRoamingNtnConnectType: Falling back to global carrier config connect type: 0
07-01 10:06:05.226  1119  1246 D TelephonyConfigUpdateInstallReceiver: getConfigParser: domain=satellite
07-01 10:06:05.226  1119  1246 V SatelliteController: satelliteConfigParser is not ready
07-01 10:06:05.226  1119  1246 D SatelliteController: isSatelliteAttachSupportedViaConfigupdater: return null (satelliteConfig is null)
07-01 10:06:06.363   692   892 I AdbWifiNetworkMonitor: Wi-Fi network available
07-01 10:06:06.363   692   892 I AdbWifiNetworkMonitor: Received the same Wi-Fi SSID. Ignoring.
07-01 10:06:06.365   692   860 I HalDevMgr: bestIfaceCreationProposal is null, requestIface=STA, existingIface=[name=wlan0 type=STA]
07-01 10:06:06.365  4397  4547 D WM-WorkConstraintsTrack: NetworkRequestConstraintController onCapabilitiesChanged callback
07-01 10:06:06.369  5429  5467 I BugleRcsEngine: Connected state: [1], networkType: [WIFI] [CONTEXT thread_id=63 ]
07-01 10:06:06.369  5429  5471 I BugleRcsEngine: handleMessage processing message:[NOTIFY_UPTIME_IGNORE_STATE_CHANGED] with [non-null]:RcsEngineImpl reference [CONTEXT log_prefix="RcsEngineImpl[DUAL_REG]:[16822a33-62db]>Handler" thread_id=64 ]
07-01 10:06:06.370   692   866 D ConnectivityService: NetReassign [no changes] [c 1] [a 1] [i 0]
07-01 10:06:06.371  1331 24223 I NearbyMediums: Wifi changed new SSID: "AndroidWifi"
07-01 10:06:06.371  1331 24223 I NearbyMediums: WifiLanConnectivityInfo is not changed, skip notify.
07-01 10:06:06.373  5429  5471 I BugleRcsEngine: No RCS Configuration was found in Bugle for simID: redacted-pii:sim_id[chars:20,last3:897] [CONTEXT log_prefix="ProvisioningEngineDataRetriever" thread_id=64 ]
07-01 10:06:06.373  1331  1834 I NullBinder: NullBinder for android.net.action.RECOMMEND_NETWORKS triggering remote TransactionTooLargeException due to Service without Chimera impl, calling uid: 1000, calling pid: 0
07-01 10:06:06.373  1331  1834 W libbinder.Binder: Large reply transaction of 1056768 bytes, interface descriptor , function: UNKNOWN_FUNCTION_NAME, code: 1, flags: 17
07-01 10:06:06.883  1331  1331 I NearbySharing: Network state changed: NetworkState(isRestricted=false, isOnline=true, isCongested=false, isMetered=false, isWifiConnected=true)
07-01 10:06:07.051   329 27246 I keystore2: system/security/keystore2/watchdog/src/lib.rs:371 - Watchdog thread idle -> terminating. Have a great day.
07-01 10:06:07.924   976  1181 I QuickAccessWalletTile: QAW service is unavailable, recreating the wallet client.
07-01 10:06:08.646   976  1181 D ControlsListingControllerImpl: Subscribing callback, service count: 0
07-01 10:06:08.652   976  1181 D ControlsListingControllerImpl: Unsubscribing callback
07-01 10:06:09.347   590   769 D installd: Device /data has 419102720 free; requested 622811544; needed 203708824
07-01 10:06:09.347   590   769 W installd: Failed to find storage mount for /data/media
07-01 10:06:09.350   590   769 D installd: Active ratio 3542 isn't over quota, and defy not requested
07-01 10:06:09.351   590   769 E installd: Failed to free up 622811544 on /data; final free space 419102720: Success
07-01 10:06:09.351   692   879 I SharedLibrariesImpl: Start pruneUnusedStaticSharedLibraries for neededSpace: 622811544 maxCachePeriod: 7200000
07-01 10:06:09.351   692   879 I SharedLibrariesImpl: pruning candidate: lib=com.google.android.trichromelibrary version=782711438 pkg=com.google.android.trichromelibrary_782711438
07-01 10:06:09.351   692   879 I SharedLibrariesImpl: attempting to delete: com.google.android.trichromelibrary_782711438
07-01 10:06:09.351   692   879 W PackageManager: Not removing package com.google.android.trichromelibrary hosting lib com.google.android.trichromelibrary version 782711438 used by [VersionedPackage[com.android.chrome/782711438]] for user 0
07-01 10:06:09.352   590   769 D installd: Device /data has 419102720 free; requested 622811544; needed 203708824
07-01 10:06:09.352   590   769 W installd: Failed to find storage mount for /data/media
07-01 10:06:09.354   590   769 D installd: Purging /data/data/com.aiquota.mobile/cache/WebView/Default/HTTP Cache/Code Cache/js/5d414d558594cfe3_0 size=8192 mod=1782900309 from UID=10233 used=2334720 quota=40106512 ratio=582
07-01 10:06:09.355   590   769 D installd: Purging /data/data/com.aiquota.mobile/cache/WebView/Default/HTTP Cache/Code Cache/js/ad5e8df37288d212_0 size=8192 mod=1782900309 from UID=10233 used=2326528 quota=40106512 ratio=580
07-01 10:06:09.355   590   769 D installd: Purging /data/data/com.aiquota.mobile/cache/WebView/Default/HTTP Cache/Code Cache/js/07eed86082ca33a0_0 size=8192 mod=1782900309 from UID=10233 used=2318336 quota=40106512 ratio=578
07-01 10:06:09.355   590   769 D installd: Purging /data/data/com.aiquota.mobile/cache/WebView/Default/HTTP Cache/Code Cache/js/3d104a6018be984f_0 size=8192 mod=1782900309 from UID=10233 used=2310144 quota=40106512 ratio=576
07-01 10:06:09.355   590   769 D installd: Purging /data/data/com.aiquota.mobile/cache/WebView/Default/HTTP Cache/Code Cache/js/e5341db117c11344_0 size=8192 mod=1782900309 from UID=10233 used=2301952 quota=40106512 ratio=573
07-01 10:06:09.355   590   769 D installd: Purging /data/data/com.aiquota.mobile/cache/WebView/Default/HTTP Cache/Cache_Data/a6685ea762314201_0 size=12288 mod=1782900309 from UID=10233 used=2293760 quota=40106512 ratio=571
07-01 10:06:09.355   590   769 D installd: Purging /data/data/com.aiquota.mobile/cache/WebView/Default/HTTP Cache/Cache_Data/a2cec3e532e9e1c6_0 size=12288 mod=1782900309 from UID=10233 used=2281472 quota=40106512 ratio=568
07-01 10:06:09.355   590   769 D installd: Purging /data/data/com.aiquota.mobile/cache/WebView/Default/HTTP Cache/Cache_Data/ab71eb3bd1086f12_0 size=12288 mod=1782900309 from UID=10233 used=2269184 quota=40106512 ratio=565
07-01 10:06:09.355   590   769 D installd: Purging /data/data/com.aiquota.mobile/cache/WebView/Default/HTTP Cache/Code Cache/js/9b38e26deae1f9d6_0 size=8192 mod=1782900310 from UID=10233 used=2256896 quota=40106512 ratio=562
07-01 10:06:09.355   590   769 D installd: Purging /data/data/com.aiquota.mobile/cache/WebView/Default/HTTP Cache/Code Cache/js/0ce149455deeb63b_0 size=8192 mod=1782900310 from UID=10233 used=2248704 quota=40106512 ratio=560
07-01 10:06:09.355   590   769 D installd: Purging /data/data/com.aiquota.mobile/cache/WebView/Default/HTTP Cache/Cache_Data/cf935a498e73203a_0 size=12288 mod=1782900310 from UID=10233 used=2240512 quota=40106512 ratio=558
07-01 10:06:09.355   590   769 D installd: Purging /data/data/com.aiquota.mobile/cache/WebView/Default/HTTP Cache/Cache_Data/de8320b3ea9f8e37_0 size=12288 mod=1782900310 from UID=10233 used=2228224 quota=40106512 ratio=555
07-01 10:06:09.355   590   769 D installd: Purging /data/data/com.aiquota.mobile/cache/WebView/Default/HTTP Cache/Cache_Data/73a7c5e326d947c0_0 size=12288 mod=1782900310 from UID=10233 used=2215936 quota=40106512 ratio=552
07-01 10:06:09.355   590   769 D installd: Purging /data/data/com.aiquota.mobile/cache/WebView/Default/HTTP Cache/Cache_Data/62435d3ba5524cdc_0 size=12288 mod=1782900310 from UID=10233 used=2203648 quota=40106512 ratio=549
07-01 10:06:09.355   590   769 D installd: Purging /data/data/com.aiquota.mobile/cache/WebView/Default/HTTP Cache/Cache_Data/825fdcd2ab6f74b2_0 size=12288 mod=1782900310 from UID=10233 used=2191360 quota=40106512 ratio=546
07-01 10:06:09.355   590   769 D installd: Purging /data/data/com.aiquota.mobile/cache/WebView/Default/HTTP Cache/Cache_Data/e51e07a4553de818_0 size=12288 mod=1782900313 from UID=10233 used=2179072 quota=40106512 ratio=543
07-01 10:06:09.355   590   769 D installd: Purging /data/data/com.aiquota.mobile/cache/WebView/Default/HTTP Cache/Code Cache/js/83ae7bf890d43521_0 size=8192 mod=1782900315 from UID=10233 used=2166784 quota=40106512 ratio=540
07-01 10:06:09.356   590   769 D installd: Purging /data/data/com.aiquota.mobile/cache/WebView/Default/HTTP Cache/Code Cache/js/cd9dfb5b10122cb4_0 size=8192 mod=1782900315 from UID=10233 used=2158592 quota=40106512 ratio=538
07-01 10:06:09.356   590   769 D installd: Purging /data/data/com.aiquota.mobile/cache/WebView/Default/HTTP Cache/Code Cache/js/3cf33876caa8fb41_0 size=8192 mod=1782900315 from UID=10233 used=2150400 quota=40106512 ratio=536
07-01 10:06:09.356   590   769 D installd: Purging /data/data/com.aiquota.mobile/cache/WebView/Default/HTTP Cache/Code Cache/js/1c7da15daaf216fa_0 size=8192 mod=1782900315 from UID=10233 used=2142208 quota=40106512 ratio=534
07-01 10:06:09.356   590   769 D installd: Purging /data/data/com.aiquota.mobile/cache/WebView/Default/HTTP Cache/Code Cache/js/c7ee28e10fe30d96_0 size=8192 mod=1782900315 from UID=10233 used=2134016 quota=40106512 ratio=532
07-01 10:06:09.356   590   769 D installd: Purging /data/data/com.aiquota.mobile/cache/WebView/Default/HTTP Cache/Code Cache/js/fb331bdb6e7bbdba_0 size=8192 mod=1782900315 from UID=10233 used=2125824 quota=40106512 ratio=530
07-01 10:06:09.356   590   769 D installd: Purging /data/data/com.aiquota.mobile/cache/WebView/Default/HTTP Cache/Code Cache/js/8daa938455e9e32f_0 size=8192 mod=1782900315 from UID=10233 used=2117632 quota=40106512 ratio=528
07-01 10:06:09.356   590   769 D installd: Purging /data/data/com.aiquota.mobile/cache/WebView/Default/HTTP Cache/Code Cache/js/d6d3424eca304af8_0 size=8192 mod=1782900315 from UID=10233 used=2109440 quota=40106512 ratio=525
07-01 10:06:09.356   590   769 D installd: Purging /data/data/com.aiquota.mobile/cache/WebView/Default/HTTP Cache/Code Cache/js/9798a803c2cb288d_0 size=8192 mod=1782900315 from UID=10233 used=2101248 quota=40106512 ratio=523
07-01 10:06:09.356   590   769 D installd: Purging /data/data/com.aiquota.mobile/cache/WebView/Default/HTTP Cache/Code Cache/js/460a743a21f2c9fa_0 size=8192 mod=1782900315 from UID=10233 used=2093056 quota=40106512 ratio=521
07-01 10:06:09.356   590   769 D installd: Purging /data/data/com.aiquota.mobile/cache/WebView/Default/HTTP Cache/Code Cache/js/f90d7d4eb2ae2b15_0 size=8192 mod=1782900315 from UID=10233 used=2084864 quota=40106512 ratio=519
07-01 10:06:09.356   590   769 D installd: Purging /data/data/com.aiquota.mobile/cache/WebView/Default/HTTP Cache/Code Cache/js/c64b1e64205c319a_0 size=8192 mod=1782900315 from UID=10233 used=2076672 quota=40106512 ratio=517
07-01 10:06:09.356   590   769 D installd: Purging /data/data/com.aiquota.mobile/cache/WebView/Default/HTTP Cache/Code Cache/js/e1dfd5818ae8fde4_0 size=8192 mod=1782900315 from UID=10233 used=2068480 quota=40106512 ratio=515
07-01 10:06:09.356   590   769 D installd: Purging /data/data/com.aiquota.mobile/cache/WebView/Default/HTTP Cache/Code Cache/js/ebf58740b7fd2f09_0 size=8192 mod=1782900315 from UID=10233 used=2060288 quota=40106512 ratio=513
07-01 10:06:09.356   590   769 D installd: Purging /data/data/com.aiquota.mobile/cache/WebView/Default/HTTP Cache/Code Cache/js/4aaa5c2d688cdb40_0 size=8192 mod=1782900315 from UID=10233 used=2052096 quota=40106512 ratio=511
07-01 10:06:09.356   590   769 D installd: Purging /data/data/com.aiquota.mobile/cache/WebView/Default/HTTP Cache/Code Cache/js/ef4608bfd7d09b04_0 size=8192 mod=1782900315 from UID=10233 used=2043904 quota=40106512 ratio=509
07-01 10:06:09.356   590   769 D installd: Purging /data/data/com.aiquota.mobile/cache/WebView/Default/HTTP Cache/Code Cache/js/f456f34c72c98979_0 size=8192 mod=1782900315 from UID=10233 used=2035712 quota=40106512 ratio=507
07-01 10:06:09.356   590   769 D installd: Purging /data/data/com.aiquota.mobile/cache/WebView/Default/HTTP Cache/Code Cache/js/54179f464d159fec_0 size=8192 mod=1782900315 from UID=10233 used=2027520 quota=40106512 ratio=505
07-01 10:06:09.356   590   769 D installd: Purging /data/data/com.aiquota.mobile/cache/WebView/Default/HTTP Cache/Code Cache/js/8944e05b044d9785_0 size=8192 mod=1782900315 from UID=10233 used=2019328 quota=40106512 ratio=503
07-01 10:06:09.356   590   769 D installd: Purging /data/data/com.aiquota.mobile/cache/WebView/Default/HTTP Cache/Code Cache/js/b35ccbe9fe275f66_0 size=8192 mod=1782900315 from UID=10233 used=2011136 quota=40106512 ratio=501
07-01 10:06:09.356   590   769 D installd: Purging /data/data/com.aiquota.mobile/cache/WebView/Default/HTTP Cache/Code Cache/js/6918841d7fdc83ad_0 size=8192 mod=1782900315 from UID=10233 used=2002944 quota=40106512 ratio=499
07-01 10:06:09.356   590   769 D installd: Purging /data/data/com.aiquota.mobile/cache/WebView/Default/HTTP Cache/Code Cache/js/f5202a2795b3ee43_0 size=8192 mod=1782900315 from UID=10233 used=1994752 quota=40106512 ratio=497
07-01 10:06:09.356   590   769 D installd: Purging /data/data/com.aiquota.mobile/cache/WebView/Default/HTTP Cache/Code Cache/js/6550f4f9112b7e60_0 size=8192 mod=1782900315 from UID=10233 used=1986560 quota=40106512 ratio=495
07-01 10:06:09.356   590   769 D installd: Purging /data/data/com.aiquota.mobile/cache/WebView/Default/HTTP Cache/Code Cache/js/f08e1d8937e76dd6_0 size=8192 mod=1782900315 from UID=10233 used=1978368 quota=40106512 ratio=493
07-01 10:06:09.356   590   769 D installd: Purging /data/data/com.aiquota.mobile/cache/WebView/Default/HTTP Cache/Code Cache/js/b406fed5ea618c9a_0 size=8192 mod=1782900315 from UID=10233 used=1970176 quota=40106512 ratio=491
07-01 10:06:09.356   590   769 D installd: Purging /data/data/com.aiquota.mobile/cache/WebView/Default/HTTP Cache/Code Cache/js/bf4b567d5ff6d297_0 size=8192 mod=1782900315 from UID=10233 used=1961984 quota=40106512 ratio=489
07-01 10:06:09.356   590   769 D installd: Purging /data/data/com.aiquota.mobile/cache/WebView/Default/HTTP Cache/Code Cache/js/be7a57ff68552c8d_0 size=8192 mod=1782900315 from UID=10233 used=1953792 quota=40106512 ratio=487
07-01 10:06:09.356   590   769 D installd: Purging /data/data/com.aiquota.mobile/cache/WebView/Default/HTTP Cache/Code Cache/js/b0179508c526bc70_0 size=8192 mod=1782900315 from UID=10233 used=1945600 quota=40106512 ratio=485
07-01 10:06:09.356   590   769 D installd: Purging /data/data/com.aiquota.mobile/cache/WebView/Default/HTTP Cache/Code Cache/js/cb6cb6fa7a35c38c_0 size=8192 mod=1782900315 from UID=10233 used=1937408 quota=40106512 ratio=483
07-01 10:06:09.356   590   769 D installd: Purging /data/data/com.aiquota.mobile/cache/WebView/Default/HTTP Cache/Code Cache/js/32b22b96d38b0ed7_0 size=8192 mod=1782900315 from UID=10233 used=1929216 quota=40106512 ratio=481
07-01 10:06:09.356   590   769 D installd: Purging /data/data/com.aiquota.mobile/cache/WebView/Default/HTTP Cache/Code Cache/js/121997a3fe8fe1cd_0 size=8192 mod=1782900315 from UID=10233 used=1921024 quota=40106512 ratio=478
07-01 10:06:09.356   590   769 D installd: Purging /data/data/com.aiquota.mobile/cache/WebView/Default/HTTP Cache/Code Cache/js/8473fb0319aa7700_0 size=8192 mod=1782900315 from UID=10233 used=1912832 quota=40106512 ratio=476
07-01 10:06:09.356   590   769 D installd: Purging /data/data/com.aiquota.mobile/cache/WebView/Default/HTTP Cache/Code Cache/js/add2fb7b31bb47fd_0 size=8192 mod=1782900315 from UID=10233 used=1904640 quota=40106512 ratio=474
07-01 10:06:09.356   590   769 D installd: Purging /data/data/com.aiquota.mobile/cache/WebView/Default/HTTP Cache/Code Cache/js/index-dir/the-real-index size=8192 mod=1782900331 from UID=10233 used=1896448 quota=40106512 ratio=472
07-01 10:06:09.356   590   769 D installd: Purging /data/data/com.aiquota.mobile/cache/WebView/Default/HTTP Cache/Code Cache/js/index-dir size=8192 mod=1782900331 from UID=10233 used=1888256 quota=40106512 ratio=470
07-01 10:06:09.356   590   769 D installd: Purging /data/data/com.aiquota.mobile/cache/WebView/Default/HTTP Cache/Code Cache/js size=8192 mod=1782900331 from UID=10233 used=1880064 quota=40106512 ratio=468
07-01 10:06:09.356   590   769 D installd: Purging /data/data/com.aiquota.mobile/cache/WebView/Default/HTTP Cache/Code Cache size=8192 mod=1782900331 from UID=10233 used=1871872 quota=40106512 ratio=466
07-01 10:06:09.356   590   769 D installd: Purging /data/data/com.aiquota.mobile/cache/WebView/Default/HTTP Cache/Cache_Data/index-dir/the-real-index size=12288 mod=1782900333 from UID=10233 used=1863680 quota=40106512 ratio=464
07-01 10:06:09.356   590   769 D installd: Purging /data/data/com.aiquota.mobile/cache/WebView/Default/HTTP Cache/Cache_Data/index-dir size=8192 mod=1782900333 from UID=10233 used=1851392 quota=40106512 ratio=461
07-01 10:06:09.356   590   769 D installd: Purging /data/data/com.aiquota.mobile/cache/WebView/Default/HTTP Cache/Cache_Data/da38d3de1d53a1d3_0 size=16384 mod=1782900344 from UID=10233 used=1843200 quota=40106512 ratio=459
07-01 10:06:09.356   590   769 D installd: Purging /data/data/com.aiquota.mobile/cache/WebView/Default/HTTP Cache/Cache_Data/565af7c8962d622f_0 size=8192 mod=1782900345 from UID=10233 used=1826816 quota=40106512 ratio=455
07-01 10:06:09.357   590   769 D installd: Purging /data/data/com.aiquota.mobile/cache/WebView/Default/HTTP Cache/Cache_Data/14767f84f5f22dae_0 size=16384 mod=1782900352 from UID=10233 used=1818624 quota=40106512 ratio=453
07-01 10:06:09.357   590   769 D installd: Purging /data/data/com.aiquota.mobile/cache/WebView/Default/HTTP Cache/Cache_Data/24403b941541b9f9_0 size=32768 mod=1782900352 from UID=10233 used=1802240 quota=40106512 ratio=449
07-01 10:06:09.357   590   769 D installd: Purging /data/data/com.aiquota.mobile/cache/WebView/Default/HTTP Cache/Cache_Data/5ebacf57ce37f788_0 size=12288 mod=1782900352 from UID=10233 used=1769472 quota=40106512 ratio=441
07-01 10:06:09.357   590   769 D installd: Purging /data/data/com.aiquota.mobile/cache/WebView/Default/HTTP Cache/Cache_Data/6eaec80726a16278_0 size=16384 mod=1782900352 from UID=10233 used=1757184 quota=40106512 ratio=438
07-01 10:06:09.357   590   769 D installd: Purging /data/data/com.aiquota.mobile/cache/WebView/Default/HTTP Cache/Cache_Data/e779ce190bd69535_0 size=20480 mod=1782900352 from UID=10233 used=1740800 quota=40106512 ratio=434
07-01 10:06:09.357   590   769 D installd: Purging /data/data/com.aiquota.mobile/cache/WebView/Default/HTTP Cache/Cache_Data/a798dc0a5cda8b39_0 size=32768 mod=1782900352 from UID=10233 used=1720320 quota=40106512 ratio=428
07-01 10:06:09.357   590   769 D installd: Purging /data/data/com.aiquota.mobile/cache/WebView/Default/HTTP Cache/Cache_Data/b838fa00b05f0d1d_0 size=53248 mod=1782900352 from UID=10233 used=1687552 quota=40106512 ratio=420
07-01 10:06:09.357   590   769 D installd: Purging /data/data/com.aiquota.mobile/cache/WebView/Default/HTTP Cache/Cache_Data/7ee089f124589c88_0 size=12288 mod=1782900352 from UID=10233 used=1634304 quota=40106512 ratio=407
07-01 10:06:09.357   590   769 D installd: Purging /data/data/com.aiquota.mobile/cache/WebView/Default/HTTP Cache/Cache_Data/a06c8db142b857b1_0 size=20480 mod=1782900352 from UID=10233 used=1622016 quota=40106512 ratio=404
07-01 10:06:09.357   590   769 D installd: Purging /data/data/com.aiquota.mobile/cache/WebView/Default/HTTP Cache/Cache_Data/f7c8d7e65e2051e4_0 size=16384 mod=1782900352 from UID=10233 used=1601536 quota=40106512 ratio=399
07-01 10:06:09.357   590   769 D installd: Purging /data/data/com.aiquota.mobile/cache/WebView/Default/HTTP Cache/Cache_Data/a59376bf1cb71871_0 size=49152 mod=1782900352 from UID=10233 used=1585152 quota=40106512 ratio=395
07-01 10:06:09.357   590   769 D installd: Purging /data/data/com.aiquota.mobile/cache/WebView/Default/HTTP Cache/Cache_Data/7d9ecbb4b9baf622_0 size=12288 mod=1782900353 from UID=10233 used=1536000 quota=40106512 ratio=382
07-01 10:06:09.357   590   769 D installd: Purging /data/data/com.aiquota.mobile/cache/WebView/Default/HTTP Cache/Cache_Data/696001838a2b7793_0 size=12288 mod=1782900353 from UID=10233 used=1523712 quota=40106512 ratio=379
07-01 10:06:09.357   590   769 D installd: Purging /data/data/com.aiquota.mobile/cache/WebView/Default/HTTP Cache/Cache_Data/a3218a3bb76a5d77_0 size=16384 mod=1782900353 from UID=10233 used=1511424 quota=40106512 ratio=376
07-01 10:06:09.357   590   769 D installd: Purging /data/data/com.aiquota.mobile/cache/WebView/Default/HTTP Cache/Cache_Data/e3c61d3c94b9e646_0 size=16384 mod=1782900353 from UID=10233 used=1495040 quota=40106512 ratio=372
07-01 10:06:09.357   590   769 D installd: Purging /data/data/com.aiquota.mobile/cache/WebView/Default/HTTP Cache/Cache_Data/9bf9c15d6a30b0d9_0 size=28672 mod=1782900353 from UID=10233 used=1478656 quota=40106512 ratio=368
07-01 10:06:09.357   590   769 D installd: Purging /data/data/com.aiquota.mobile/cache/WebView/Default/HTTP Cache/Cache_Data/e21f895a8cdc8fd4_0 size=32768 mod=1782900353 from UID=10233 used=1449984 quota=40106512 ratio=361
07-01 10:06:09.357   590   769 D installd: Purging /data/data/com.aiquota.mobile/cache/WebView/Default/HTTP Cache/Cache_Data/3d85321e9a0a2bba_0 size=40960 mod=1782900353 from UID=10233 used=1417216 quota=40106512 ratio=353
07-01 10:06:09.357   590   769 D installd: Purging /data/data/com.aiquota.mobile/cache/WebView/Default/HTTP Cache/Cache_Data/9ff556b46a227546_0 size=12288 mod=1782900353 from UID=10233 used=1376256 quota=40106512 ratio=343
07-01 10:06:09.357   590   769 D installd: Purging /data/data/com.aiquota.mobile/cache/WebView/Default/HTTP Cache/Cache_Data/bcadfcfa6326e0f9_0 size=16384 mod=1782900353 from UID=10233 used=1363968 quota=40106512 ratio=340
07-01 10:06:09.357   590   769 D installd: Purging /data/data/com.aiquota.mobile/cache/WebView/Default/HTTP Cache/Cache_Data/a104e9e03586ccee_0 size=16384 mod=1782900353 from UID=10233 used=1347584 quota=40106512 ratio=336
07-01 10:06:09.357   590   769 D installd: Purging /data/data/com.aiquota.mobile/cache/WebView/Default/HTTP Cache/Cache_Data/b29c966135fa3a7a_0 size=28672 mod=1782900353 from UID=10233 used=1331200 quota=40106512 ratio=331
07-01 10:06:09.357   590   769 D installd: Purging /data/data/com.aiquota.mobile/cache/WebView/Default/HTTP Cache/Cache_Data/9bda357a1279d6eb_0 size=16384 mod=1782900353 from UID=10233 used=1302528 quota=40106512 ratio=324
07-01 10:06:09.357   590   769 D installd: Purging /data/data/com.aiquota.mobile/cache/WebView/Default/HTTP Cache/Cache_Data/b017e91ae9dce673_0 size=16384 mod=1782900353 from UID=10233 used=1286144 quota=40106512 ratio=320
07-01 10:06:09.357   590   769 D installd: Purging /data/data/com.aiquota.mobile/cache/WebView/Default/HTTP Cache/Cache_Data/6c185a4b2f4d8722_0 size=16384 mod=1782900353 from UID=10233 used=1269760 quota=40106512 ratio=316
07-01 10:06:09.357   590   769 D installd: Purging /data/data/com.aiquota.mobile/cache/WebView/Default/HTTP Cache/Cache_Data/9f5fda673b98c454_0 size=16384 mod=1782900353 from UID=10233 used=1253376 quota=40106512 ratio=312
07-01 10:06:09.357   590   769 D installd: Purging /data/data/com.aiquota.mobile/cache/WebView/Default/HTTP Cache/Cache_Data/c52a8602faf33937_0 size=16384 mod=1782900353 from UID=10233 used=1236992 quota=40106512 ratio=308
07-01 10:06:09.357   590   769 D installd: Purging /data/data/com.aiquota.mobile/cache/WebView/Default/HTTP Cache/Cache_Data/8bf440ce3fbb9d6b_0 size=16384 mod=1782900353 from UID=10233 used=1220608 quota=40106512 ratio=304
07-01 10:06:09.357   590   769 D installd: Purging /data/data/com.aiquota.mobile/cache/WebView/Default/HTTP Cache/Cache_Data/eec60429c6d51728_0 size=12288 mod=1782900353 from UID=10233 used=1204224 quota=40106512 ratio=300
07-01 10:06:09.357   590   769 D installd: Purging /data/data/com.aiquota.mobile/cache/WebView/Default/HTTP Cache/Cache_Data/dab44a971c8b8e6a_0 size=16384 mod=1782900353 from UID=10233 used=1191936 quota=40106512 ratio=297
07-01 10:06:09.357   590   769 D installd: Purging /data/data/com.aiquota.mobile/cache/WebView/Default/HTTP Cache/Cache_Data/a3b51535304f1496_0 size=12288 mod=1782900353 from UID=10233 used=1175552 quota=40106512 ratio=293
07-01 10:06:09.358   590   769 D installd: Purging /data/data/com.aiquota.mobile/cache/WebView/Default/HTTP Cache/Cache_Data/5619accda10cd4af_0 size=45056 mod=1782900353 from UID=10233 used=1163264 quota=40106512 ratio=290
07-01 10:06:09.358   590   769 D installd: Purging /data/data/com.aiquota.mobile/cache/WebView/Default/HTTP Cache/Cache_Data/23ae6932d6c7e0bd_0 size=16384 mod=1782900353 from UID=10233 used=1118208 quota=40106512 ratio=278
07-01 10:06:09.358   590   769 D installd: Purging /data/data/com.aiquota.mobile/cache/WebView/Default/HTTP Cache/Cache_Data/737ad77aff4d25af_0 size=20480 mod=1782900353 from UID=10233 used=1101824 quota=40106512 ratio=274
07-01 10:06:09.358   590   769 D installd: Purging /data/data/com.aiquota.mobile/cache/WebView/Default/HTTP Cache/Cache_Data/68fb33d1340c2141_0 size=16384 mod=1782900353 from UID=10233 used=1081344 quota=40106512 ratio=269
07-01 10:06:09.358   590   769 D installd: Purging /data/data/com.aiquota.mobile/cache/WebView/Default/HTTP Cache/Cache_Data/f89b3834b3b60009_0 size=20480 mod=1782900353 from UID=10233 used=1064960 quota=40106512 ratio=265
07-01 10:06:09.358   590   769 D installd: Purging /data/data/com.aiquota.mobile/cache/WebView/Default/HTTP Cache/Cache_Data/4819da114ddef977_0 size=16384 mod=1782900353 from UID=10233 used=1044480 quota=40106512 ratio=260
07-01 10:06:09.358   590   769 D installd: Purging /data/data/com.aiquota.mobile/cache/WebView/Default/HTTP Cache/Cache_Data/be0d2c92fdba260e_0 size=12288 mod=1782900353 from UID=10233 used=1028096 quota=40106512 ratio=256
07-01 10:06:09.358   590   769 D installd: Purging /data/data/com.aiquota.mobile/cache/WebView/Default/HTTP Cache/Cache_Data/e296a1f8cf4be23a_0 size=69632 mod=1782900353 from UID=10233 used=1015808 quota=40106512 ratio=253
07-01 10:06:09.358   590   769 D installd: Purging /data/data/com.aiquota.mobile/cache/WebView/Default/HTTP Cache/Cache_Data/1b19d7e2713b8af9_0 size=16384 mod=1782900353 from UID=10233 used=946176 quota=40106512 ratio=235
07-01 10:06:09.358   590   769 D installd: Purging /data/data/com.aiquota.mobile/cache/WebView/Default/HTTP Cache/Cache_Data/003054a34ff4d431_0 size=16384 mod=1782900353 from UID=10233 used=929792 quota=40106512 ratio=231
07-01 10:06:09.358   590   769 D installd: Purging /data/data/com.aiquota.mobile/cache/WebView/Default/HTTP Cache/Cache_Data/9ce6b4082a3adc9d_0 size=16384 mod=1782900353 from UID=10233 used=913408 quota=40106512 ratio=227
07-01 10:06:09.358   590   769 D installd: Purging /data/data/com.aiquota.mobile/cache/WebView/Default/HTTP Cache/Cache_Data/158f62863d16a799_0 size=16384 mod=1782900353 from UID=10233 used=897024 quota=40106512 ratio=223
07-01 10:06:09.358   590   769 D installd: Purging /data/data/com.aiquota.mobile/cache/WebView/Default/HTTP Cache/Cache_Data/7eee1b79b31bfb2c_0 size=24576 mod=1782900353 from UID=10233 used=880640 quota=40106512 ratio=219
07-01 10:06:09.358   590   769 D installd: Purging /data/data/com.aiquota.mobile/cache/WebView/Default/HTTP Cache/Cache_Data/52b0f7460cc5bb4d_0 size=20480 mod=1782900353 from UID=10233 used=856064 quota=40106512 ratio=213
07-01 10:06:09.358   590   769 D installd: Purging /data/data/com.aiquota.mobile/cache/WebView/Default/HTTP Cache/Cache_Data/674042c5d5f798db_0 size=16384 mod=1782900353 from UID=10233 used=835584 quota=40106512 ratio=208
07-01 10:06:09.359   590   769 D installd: Purging /data/data/com.aiquota.mobile/cache/WebView/Default/HTTP Cache/Cache_Data/3dc695dc17bf41e8_0 size=24576 mod=1782900353 from UID=10233 used=819200 quota=40106512 ratio=204
07-01 10:06:09.359   590   769 D installd: Purging /data/data/com.aiquota.mobile/cache/WebView/Default/HTTP Cache/Cache_Data/87842dd94069ec4f_0 size=16384 mod=1782900353 from UID=10233 used=794624 quota=40106512 ratio=198
07-01 10:06:09.359   590   769 D installd: Purging /data/data/com.aiquota.mobile/cache/WebView/Default/HTTP Cache/Cache_Data/df90fc7e79ac64af_0 size=28672 mod=1782900353 from UID=10233 used=778240 quota=40106512 ratio=194
07-01 10:06:09.359   590   769 D installd: Purging /data/data/com.aiquota.mobile/cache/WebView/Default/HTTP Cache/Cache_Data/1307f67f71d97498_0 size=16384 mod=1782900353 from UID=10233 used=749568 quota=40106512 ratio=186
07-01 10:06:09.359   590   769 D installd: Purging /data/data/com.aiquota.mobile/cache/WebView/Default/HTTP Cache/Cache_Data/5e8359395242b643_0 size=12288 mod=1782900353 from UID=10233 used=733184 quota=40106512 ratio=182
07-01 10:06:09.359   590   769 D installd: Purging /data/data/com.aiquota.mobile/cache/WebView/Default/HTTP Cache/Cache_Data/615d35cf4b96f4d6_0 size=16384 mod=1782900353 from UID=10233 used=720896 quota=40106512 ratio=179
07-01 10:06:09.359   590   769 D installd: Purging /data/data/com.aiquota.mobile/cache/WebView/Default/HTTP Cache/Cache_Data/dbd7181fd541616e_0 size=16384 mod=1782900353 from UID=10233 used=704512 quota=40106512 ratio=175
07-01 10:06:09.359   590   769 D installd: Purging /data/data/com.aiquota.mobile/cache/WebView/Default/HTTP Cache/Cache_Data/3551f09aa9ce868d_0 size=16384 mod=1782900353 from UID=10233 used=688128 quota=40106512 ratio=171
07-01 10:06:09.359   590   769 D installd: Purging /data/data/com.aiquota.mobile/cache/WebView/Default/HTTP Cache/Cache_Data/e971efdd8cfdab91_0 size=102400 mod=1782900353 from UID=10233 used=671744 quota=40106512 ratio=167
07-01 10:06:09.359   590   769 D installd: Purging /data/data/com.aiquota.mobile/cache/WebView/Default/HTTP Cache/Cache_Data/f8f6e4fb98561046_0 size=24576 mod=1782900353 from UID=10233 used=569344 quota=40106512 ratio=141
07-01 10:06:09.359   590   769 D installd: Purging /data/data/com.aiquota.mobile/cache/WebView/Default/HTTP Cache/Cache_Data/c6cef0d612de8d06_0 size=90112 mod=1782900353 from UID=10233 used=544768 quota=40106512 ratio=135
07-01 10:06:09.359   590   769 D installd: Purging /data/data/com.aiquota.mobile/cache/WebView/Default/HTTP Cache/Cache_Data/8b62975f4c087898_0 size=24576 mod=1782900353 from UID=10233 used=454656 quota=40106512 ratio=113
07-01 10:06:09.359   590   769 D installd: Purging /data/data/com.aiquota.mobile/cache/WebView/Default/HTTP Cache/Cache_Data/2e6a20528847ea1e_0 size=12288 mod=1782900353 from UID=10233 used=430080 quota=40106512 ratio=107
07-01 10:06:09.359   590   769 D installd: Purging /data/data/com.aiquota.mobile/cache/WebView/Default/HTTP Cache/Cache_Data/2e341bd4b9664cae_0 size=45056 mod=1782900353 from UID=10233 used=417792 quota=40106512 ratio=104
07-01 10:06:09.359   590   769 D installd: Purging /data/data/com.aiquota.mobile/cache/WebView/Default/HTTP Cache/Cache_Data/3098a54d76182445_0 size=16384 mod=1782900353 from UID=10233 used=372736 quota=40106512 ratio=92
07-01 10:06:09.360   590   769 D installd: Purging /data/data/com.aiquota.mobile/cache/WebView/Default/HTTP Cache/Cache_Data/eeb7ebd174e6f5f0_0 size=16384 mod=1782900353 from UID=10233 used=356352 quota=40106512 ratio=88
07-01 10:06:09.360   590   769 D installd: Purging /data/data/com.aiquota.mobile/cache/WebView/Default/HTTP Cache/Cache_Data/d9621f288ebc4479_0 size=16384 mod=1782900353 from UID=10233 used=339968 quota=40106512 ratio=84
07-01 10:06:09.360   590   769 D installd: Purging /data/data/com.aiquota.mobile/cache/WebView/Default/HTTP Cache/Cache_Data/5d2b6a81c0076fd0_0 size=20480 mod=1782900353 from UID=10233 used=323584 quota=40106512 ratio=80
07-01 10:06:09.360   590   769 D installd: Purging /data/data/com.aiquota.mobile/cache/WebView/Default/HTTP Cache/Cache_Data/194d30a295fbe521_0 size=16384 mod=1782900353 from UID=10233 used=303104 quota=40106512 ratio=75
07-01 10:06:09.360   590   769 D installd: Purging /data/data/com.aiquota.mobile/cache/WebView/Default/HTTP Cache/Cache_Data/1e879cd62362660d_0 size=16384 mod=1782900353 from UID=10233 used=286720 quota=40106512 ratio=71
07-01 10:06:09.360   590   769 D installd: Purging /data/data/com.aiquota.mobile/cache/WebView/Default/HTTP Cache/Cache_Data/a204e1bbfc89134e_0 size=20480 mod=1782900353 from UID=10233 used=270336 quota=40106512 ratio=67
07-01 10:06:09.360   590   769 D installd: Purging /data/data/com.aiquota.mobile/cache/WebView/Default/HTTP Cache/Cache_Data/8bd52734c7cdf9e5_0 size=12288 mod=1782900353 from UID=10233 used=249856 quota=40106512 ratio=62
07-01 10:06:09.360   590   769 D installd: Purging /data/data/com.aiquota.mobile/cache/WebView/Default/HTTP Cache/Cache_Data/27e882a64b81d80c_0 size=20480 mod=1782900353 from UID=10233 used=237568 quota=40106512 ratio=59
07-01 10:06:09.360   590   769 D installd: Purging /data/data/com.aiquota.mobile/cache/WebView/Default/HTTP Cache/Cache_Data/1de14f5b7b73be20_0 size=20480 mod=1782900353 from UID=10233 used=217088 quota=40106512 ratio=54
07-01 10:06:09.360   590   769 D installd: Purging /data/data/com.aiquota.mobile/cache/WebView/Default/HTTP Cache/Cache_Data/7110a7308827d1e5_0 size=16384 mod=1782900353 from UID=10233 used=196608 quota=40106512 ratio=49
07-01 10:06:09.360   590   769 D installd: Purging /data/data/com.aiquota.mobile/cache/WebView/Default/HTTP Cache/Cache_Data/5adeb1dba5cedb8d_0 size=16384 mod=1782900353 from UID=10233 used=180224 quota=40106512 ratio=44
07-01 10:06:09.360   590   769 D installd: Purging /data/data/com.aiquota.mobile/cache/WebView/Default/HTTP Cache/Cache_Data/30e34012fc98f4b4_0 size=53248 mod=1782900353 from UID=10233 used=163840 quota=40106512 ratio=40
07-01 10:06:09.360   590   769 D installd: Purging /data/data/com.aiquota.mobile/cache/WebView/Default/HTTP Cache/Cache_Data size=8192 mod=1782900353 from UID=10233 used=110592 quota=40106512 ratio=27
07-01 10:06:09.360   590   769 D installd: Purging /data/data/com.aiquota.mobile/cache/WebView/Default/HTTP Cache size=8192 mod=1782900353 from UID=10233 used=102400 quota=40106512 ratio=25
07-01 10:06:09.360   590   769 D installd: Purging /data/data/com.aiquota.mobile/cache/WebView/Default size=8192 mod=1782900353 from UID=10233 used=94208 quota=40106512 ratio=23
07-01 10:06:09.368   692   860 I HalDevMgr: bestIfaceCreationProposal is null, requestIface=STA, existingIface=[name=wlan0 type=STA]
07-01 10:06:09.368   590   769 D installd: Purging /data/data/com.aiquota.mobile/cache/WebView size=8192 mod=1782900353 from UID=10233 used=86016 quota=40106512 ratio=21
07-01 10:06:09.369   590   769 E installd: Failed to free up 622811544 on /data; final free space 420810752: Success
07-01 10:06:09.370  1618  1792 I ExternalStorageServiceImpl: Free cache requested for 202000792 bytes
07-01 10:06:09.372  1074  1202 D IpClient/wlan0: interfaceLinkStateChanged: ifindex 16 up
07-01 10:06:09.372  1618  1792 I ExternalStorageServiceImpl: Free cache requested for 202000792 bytes
07-01 10:06:09.372   692   879 W DeviceStorageMonitorService: java.io.IOException: Failed to free 622811544 on storage device at /data
07-01 10:06:09.372   692   879 W DeviceStorageMonitorService: 	at com.android.server.pm.FreeStorageHelper.freeStorage(FreeStorageHelper.java:182)
07-01 10:06:09.372   692   879 W DeviceStorageMonitorService: 	at com.android.server.pm.PackageManagerService.freeStorage(PackageManagerService.java:3006)
07-01 10:06:09.372   692   879 W DeviceStorageMonitorService: 	at com.android.server.pm.PackageManagerInternalBase.freeStorage(PackageManagerInternalBase.java:581)
07-01 10:06:09.372   692   879 W DeviceStorageMonitorService: 	at com.android.server.storage.DeviceStorageMonitorService.checkLow(DeviceStorageMonitorService.java:194)
07-01 10:06:09.372   692   879 W DeviceStorageMonitorService: 	at com.android.server.storage.DeviceStorageMonitorService.-$$Nest$mcheckLow(DeviceStorageMonitorService.java:0)
07-01 10:06:09.372   692   879 W DeviceStorageMonitorService: 	at com.android.server.storage.DeviceStorageMonitorService$1.handleMessage(DeviceStorageMonitorService.java:297)
07-01 10:06:09.372   692   879 W DeviceStorageMonitorService: 	at android.os.Handler.dispatchMessageImpl(Handler.java:142)
07-01 10:06:09.372   692   879 W DeviceStorageMonitorService: 	at android.os.Handler.dispatchMessage(Handler.java:125)
07-01 10:06:09.372   692   879 W DeviceStorageMonitorService: 	at android.os.Looper.loopOnce(Looper.java:296)
07-01 10:06:09.372   692   879 W DeviceStorageMonitorService: 	at android.os.Looper.loop(Looper.java:397)
07-01 10:06:09.372   692   879 W DeviceStorageMonitorService: 	at android.os.HandlerThread.run(HandlerThread.java:139)
07-01 10:06:09.377  1074  1202 D IpClient/wlan0: interfaceLinkStateChanged: ifindex 16 up
07-01 10:06:11.549   539   539 I adbd    : adbd service requested 'shell,v2,raw:dumpsys package com.google.android.gms'
07-01 10:06:11.625   954   954 I wpa_supplicant: wlan0: CTRL-EVENT-BEACON-LOSS 
07-01 10:06:11.683  3176  3192 I artd    : GetBestInfo: odex next to the dex file (/data/app/~~pUpe9D-hsv0lOCLmNQJGyA==/com.google.android.gms-a0e_AySruvvgbDhYG8Z6yQ==/oat/x86_64/base.odex) is kOatUpToDate with filter 'speed-profile' executable 'false'
07-01 10:06:11.685  3176  3192 I artd    : GetBestInfo: dm (/data/app/~~pUpe9D-hsv0lOCLmNQJGyA==/com.google.android.gms-a0e_AySruvvgbDhYG8Z6yQ==/split_AdsDynamite_installtime.dm) is kOatUpToDate with filter 'verify' executable 'false'
07-01 10:06:11.686  3176  3192 I artd    : GetBestInfo: odex next to the dex file (/data/app/~~pUpe9D-hsv0lOCLmNQJGyA==/com.google.android.gms-a0e_AySruvvgbDhYG8Z6yQ==/oat/x86_64/split_CronetDynamite_installtime.odex) is kOatUpToDate with filter 'speed-profile' executable 'false'
07-01 10:06:11.687  3176  3192 I artd    : GetBestInfo: dm (/data/app/~~pUpe9D-hsv0lOCLmNQJGyA==/com.google.android.gms-a0e_AySruvvgbDhYG8Z6yQ==/split_DynamiteLoader_installtime.dm) is kOatUpToDate with filter 'verify' executable 'false'
07-01 10:06:11.688  3176  3192 I artd    : GetBestInfo: dm (/data/app/~~pUpe9D-hsv0lOCLmNQJGyA==/com.google.android.gms-a0e_AySruvvgbDhYG8Z6yQ==/split_DynamiteModulesA_installtime.dm) is kOatUpToDate with filter 'verify' executable 'false'
07-01 10:06:11.689  3176  3192 I artd    : GetBestInfo: dm (/data/app/~~pUpe9D-hsv0lOCLmNQJGyA==/com.google.android.gms-a0e_AySruvvgbDhYG8Z6yQ==/split_DynamiteModulesC_installtime.dm) is kOatUpToDate with filter 'verify' executable 'false'
07-01 10:06:11.690  3176  3192 I artd    : GetBestInfo: dm (/data/app/~~pUpe9D-hsv0lOCLmNQJGyA==/com.google.android.gms-a0e_AySruvvgbDhYG8Z6yQ==/split_GoogleCertificates_installtime.dm) is kOatUpToDate with filter 'verify' executable 'false'
07-01 10:06:11.691  3176  3192 I artd    : GetBestInfo: dm (/data/app/~~pUpe9D-hsv0lOCLmNQJGyA==/com.google.android.gms-a0e_AySruvvgbDhYG8Z6yQ==/split_MapsDynamite_installtime.dm) is kOatUpToDate with filter 'verify' executable 'false'
07-01 10:06:11.692  3176  3192 I artd    : GetBestInfo: dm (/data/app/~~pUpe9D-hsv0lOCLmNQJGyA==/com.google.android.gms-a0e_AySruvvgbDhYG8Z6yQ==/split_MeasurementDynamite_installtime.dm) is kOatUpToDate with filter 'verify' executable 'false'
07-01 10:06:11.693  3176  3192 I artd    : GetBestInfo: /data/user_de/0/com.google.android.gms/app_chimera/m/0000000e/dl-IdentityCredentialsPlatform.optional_262031100800.apk has no usable artifacts
07-01 10:06:11.693  3176  3192 I artd    : GetBestInfo: /data/user_de/0/com.google.android.gms/app_chimera/m/00000001/CronetDynamite.apk has no usable artifacts
07-01 10:06:11.694  3176  3192 I artd    : GetBestInfo: /data/user_de/0/com.google.android.gms/app_chimera/m/00000013/dl-TfliteDynamiteDynamite.integ_252130102100800.apk has no usable artifacts
07-01 10:06:11.695  3176  3192 I artd    : GetBestInfo: /data/user_de/0/com.google.android.gms/app_chimera/m/00000002/DynamiteLoader.apk has no usable artifacts
07-01 10:06:11.697  3176  3192 I artd    : GetBestInfo: /data/user_de/0/com.google.android.gms/app_chimera/m/0000000c/dl-IdentityCredentialsPlatform.optional_261136100800.apk has no usable artifacts
07-01 10:06:11.697  3176  3192 I artd    : GetBestInfo: /data/user_de/0/com.google.android.gms/app_chimera/m/00000005/GoogleCertificates.apk has no usable artifacts
07-01 10:06:11.698  3176  3192 I artd    : GetBestInfo: /data/user_de/0/com.google.android.gms/app_chimera/m/0000000a/dl-TfliteDynamiteDynamite.integ_260580502100800.apk has no usable artifacts
07-01 10:06:11.699  3176  3192 I artd    : GetBestInfo: /data/user_de/0/com.google.android.gms/app_chimera/m/00000016/dl-PlayCloudSearch.optional_262031100000.apk has no usable artifacts
07-01 10:06:11.700  3176  3192 I artd    : GetBestInfo: /data/user_de/0/com.google.android.gms/app_chimera/m/00000014/dl-MlkitOcrCommon.optional_262031100800.apk has no usable artifacts
07-01 10:06:11.702  3176  3192 I artd    : GetBestInfo: /data/user_de/0/com.google.android.gms/app_chimera/m/00000008/dl-VisionOcr.optional_261136100000.apk has no usable artifacts
07-01 10:06:11.702  3176  3192 I artd    : GetBestInfo: /data/user_de/0/com.google.android.gms/app_chimera/m/00000010/dl-Appsearch.optional_262031100800.apk has no usable artifacts
07-01 10:06:11.704  3176  3192 I artd    : GetBestInfo: /data/user_de/0/com.google.android.gms/app_chimera/m/0000000b/dl-Appsearch.optional_261136100800.apk has no usable artifacts
07-01 10:06:11.705  3176  3192 I artd    : GetBestInfo: vdex next to the dex file (/data/user/0/com.google.android.gms/app_dg_cache/9BCBC14EE674B00B958D4B0C5B4BD883630AA39E/oat/x86_64/the.vdex) is kOatUpToDate with filter 'verify' executable 'false'
07-01 10:06:11.706  3176  3192 I artd    : GetBestInfo: /data/user_de/0/com.google.android.gms/app_chimera/m/00000009/dl-MlkitOcrCommon.optional_261136100800.apk has no usable artifacts
07-01 10:06:11.706  3176  3192 I artd    : GetBestInfo: /data/user/0/com.google.android.gms/app_dg_cache/22DA9D7AD8ED7504E0CAC64C41ECDBD7068924E0/the.apk has no usable artifacts
07-01 10:06:11.708  3176  3192 I artd    : GetBestInfo: vdex next to the dex file (/data/user/0/com.google.android.gms/app_dg_cache/FEE57AEA14526BE59FD8AB1365237E7B7A5CE7CB/oat/x86_64/the.vdex) is kOatUpToDate with filter 'verify' executable 'false'
07-01 10:06:11.709  3176  3192 I artd    : GetBestInfo: vdex next to the dex file (/data/user/0/com.google.android.gms/app_dg_cache/1C62BDE86218FBAA50DF06C4A79F5C3FE74B69EC/oat/x86_64/the.vdex) is kOatUpToDate with filter 'verify' executable 'false'
07-01 10:06:11.709  3176  3192 I artd    : GetBestInfo: /data/user_de/0/com.google.android.gms/app_chimera/m/0000000f/dl-VisionOcr.optional_262031100000.apk has no usable artifacts
07-01 10:06:11.710  3176  3192 I artd    : GetBestInfo: /data/user_de/0/com.google.android.gms/app_chimera/m/00000015/dl-MlkitBarcodeUi.optional_262031100800.apk has no usable artifacts
07-01 10:06:11.712  3176  3192 I artd    : GetBestInfo: /data/user_de/0/com.google.android.gms/app_chimera/m/00000007/MeasurementDynamite.apk has no usable artifacts
07-01 10:06:12.371   692   892 I AdbWifiNetworkMonitor: Wi-Fi network available
07-01 10:06:12.371   692   892 I AdbWifiNetworkMonitor: Received the same Wi-Fi SSID. Ignoring.
07-01 10:06:12.374   692   860 I HalDevMgr: bestIfaceCreationProposal is null, requestIface=STA, existingIface=[name=wlan0 type=STA]
07-01 10:06:12.377  1331  2013 I NullBinder: NullBinder for android.net.action.RECOMMEND_NETWORKS triggering remote TransactionTooLargeException due to Service without Chimera impl, calling uid: 1000, calling pid: 0
07-01 10:06:12.377  1331  2013 W libbinder.Binder: Large reply transaction of 1056768 bytes, interface descriptor , function: UNKNOWN_FUNCTION_NAME, code: 1, flags: 17
07-01 10:06:12.377  4397  4547 D WM-WorkConstraintsTrack: NetworkRequestConstraintController onCapabilitiesChanged callback
07-01 10:06:12.379  5429  5471 I BugleRcsEngine: handleMessage processing message:[NOTIFY_UPTIME_IGNORE_STATE_CHANGED] with [non-null]:RcsEngineImpl reference [CONTEXT log_prefix="RcsEngineImpl[DUAL_REG]:[16822a33-62db]>Handler" thread_id=64 ]
07-01 10:06:12.379   692   866 D ConnectivityService: NetReassign [no changes] [c 0] [a 1] [i 0]
07-01 10:06:12.379  5429  5467 I BugleRcsEngine: Connected state: [1], networkType: [WIFI] [CONTEXT thread_id=63 ]
07-01 10:06:12.380  1331 24223 I NearbyMediums: Wifi changed new SSID: "AndroidWifi"
07-01 10:06:12.380  1331 24223 I NearbyMediums: WifiLanConnectivityInfo is not changed, skip notify.
07-01 10:06:12.382  5429  5471 I BugleRcsEngine: No RCS Configuration was found in Bugle for simID: redacted-pii:sim_id[chars:20,last3:897] [CONTEXT log_prefix="ProvisioningEngineDataRetriever" thread_id=64 ]
07-01 10:06:12.877  1331  1331 I NearbySharing: Network state changed: NetworkState(isRestricted=false, isOnline=true, isCongested=false, isMetered=false, isWifiConnected=true)
07-01 10:06:15.225  1119  1246 D SatelliteController: isInCarrierRoamingNbIotNtn: satellite is disabled
07-01 10:06:15.225  1119  1246 D SatelliteController: getCarrierRoamingNtnConnectType: Checking connect type from PLMN config for subId: 1
07-01 10:06:15.225  1119  1246 D TelephonyConfigUpdateInstallReceiver: getConfigParser: domain=satellite
07-01 10:06:15.225  1119  1246 V SatelliteController: satelliteConfigParser is not ready
07-01 10:06:15.225  1119  1246 D SatelliteController: isSatelliteAttachSupportedViaConfigupdater: return null (satelliteConfig is null)
07-01 10:06:15.226  1119  1246 D SatelliteController: getSatellitePerPlmnConfiguration: invalid subId or not supported via carrier.
07-01 10:06:15.226  1119  1246 D SatelliteController: getCarrierRoamingNtnConnectType: config: null
07-01 10:06:15.226  1119  1246 D TelephonyConfigUpdateInstallReceiver: getConfigParser: domain=satellite
07-01 10:06:15.226  1119  1246 V SatelliteController: satelliteConfigParser is not ready
07-01 10:06:15.226  1119  1246 D SatelliteController: getCarrierRoamingNtnConnectTypeViaConfigUpdater: return null (satelliteConfig is null)
07-01 10:06:15.226  1119  1246 D SatelliteController: getCarrierRoamingNtnConnectType: Falling back to global carrier config connect type: 0
07-01 10:06:15.226  1119  1246 D TelephonyConfigUpdateInstallReceiver: getConfigParser: domain=satellite
07-01 10:06:15.226  1119  1246 V SatelliteController: satelliteConfigParser is not ready
07-01 10:06:15.226  1119  1246 D SatelliteController: isSatelliteAttachSupportedViaConfigupdater: return null (satelliteConfig is null)
07-01 10:06:15.227  1119  1246 D SatelliteController: getCarrierRoamingNtnConnectType: Checking connect type from PLMN config for subId: 1
07-01 10:06:15.227  1119  1246 D TelephonyConfigUpdateInstallReceiver: getConfigParser: domain=satellite
07-01 10:06:15.227  1119  1246 V SatelliteController: satelliteConfigParser is not ready
07-01 10:06:15.227  1119  1246 D SatelliteController: isSatelliteAttachSupportedViaConfigupdater: return null (satelliteConfig is null)
07-01 10:06:15.227  1119  1246 D SatelliteController: getSatellitePerPlmnConfiguration: invalid subId or not supported via carrier.
07-01 10:06:15.227  1119  1246 D SatelliteController: getCarrierRoamingNtnConnectType: config: null
07-01 10:06:15.227  1119  1246 D TelephonyConfigUpdateInstallReceiver: getConfigParser: domain=satellite
07-01 10:06:15.227  1119  1246 V SatelliteController: satelliteConfigParser is not ready
07-01 10:06:15.227  1119  1246 D SatelliteController: getCarrierRoamingNtnConnectTypeViaConfigUpdater: return null (satelliteConfig is null)
07-01 10:06:15.227  1119  1246 D SatelliteController: getCarrierRoamingNtnConnectType: Falling back to global carrier config connect type: 0
07-01 10:06:15.228  1119  1246 D TelephonyConfigUpdateInstallReceiver: getConfigParser: domain=satellite
07-01 10:06:15.228  1119  1246 V SatelliteController: satelliteConfigParser is not ready
07-01 10:06:15.228  1119  1246 D SatelliteController: isSatelliteAttachSupportedViaConfigupdater: return null (satelliteConfig is null)
07-01 10:06:15.378   692   860 I HalDevMgr: bestIfaceCreationProposal is null, requestIface=STA, existingIface=[name=wlan0 type=STA]
07-01 10:06:16.667   692   800 D ActivityManager: freezing 22578 com.google.android.gms
07-01 10:06:18.384   692   860 I HalDevMgr: bestIfaceCreationProposal is null, requestIface=STA, existingIface=[name=wlan0 type=STA]
07-01 10:06:19.558   954   954 I wpa_supplicant: wlan0: CTRL-EVENT-BEACON-LOSS 
07-01 10:06:21.389   692   860 I HalDevMgr: bestIfaceCreationProposal is null, requestIface=STA, existingIface=[name=wlan0 type=STA]
07-01 10:06:21.545   539   539 I adbd    : adbd service requested 'shell,v2,raw:dumpsys package com.google.android.gms'
07-01 10:06:21.686  3176  3192 I artd    : GetBestInfo: odex next to the dex file (/data/app/~~pUpe9D-hsv0lOCLmNQJGyA==/com.google.android.gms-a0e_AySruvvgbDhYG8Z6yQ==/oat/x86_64/base.odex) is kOatUpToDate with filter 'speed-profile' executable 'false'
07-01 10:06:21.687  3176  3192 I artd    : GetBestInfo: dm (/data/app/~~pUpe9D-hsv0lOCLmNQJGyA==/com.google.android.gms-a0e_AySruvvgbDhYG8Z6yQ==/split_AdsDynamite_installtime.dm) is kOatUpToDate with filter 'verify' executable 'false'
07-01 10:06:21.688  3176  3192 I artd    : GetBestInfo: odex next to the dex file (/data/app/~~pUpe9D-hsv0lOCLmNQJGyA==/com.google.android.gms-a0e_AySruvvgbDhYG8Z6yQ==/oat/x86_64/split_CronetDynamite_installtime.odex) is kOatUpToDate with filter 'speed-profile' executable 'false'
07-01 10:06:21.690  3176  3192 I artd    : GetBestInfo: dm (/data/app/~~pUpe9D-hsv0lOCLmNQJGyA==/com.google.android.gms-a0e_AySruvvgbDhYG8Z6yQ==/split_DynamiteLoader_installtime.dm) is kOatUpToDate with filter 'verify' executable 'false'
07-01 10:06:21.691  3176  3192 I artd    : GetBestInfo: dm (/data/app/~~pUpe9D-hsv0lOCLmNQJGyA==/com.google.android.gms-a0e_AySruvvgbDhYG8Z6yQ==/split_DynamiteModulesA_installtime.dm) is kOatUpToDate with filter 'verify' executable 'false'
07-01 10:06:21.692  3176  3192 I artd    : GetBestInfo: dm (/data/app/~~pUpe9D-hsv0lOCLmNQJGyA==/com.google.android.gms-a0e_AySruvvgbDhYG8Z6yQ==/split_DynamiteModulesC_installtime.dm) is kOatUpToDate with filter 'verify' executable 'false'
07-01 10:06:21.693  3176  3192 I artd    : GetBestInfo: dm (/data/app/~~pUpe9D-hsv0lOCLmNQJGyA==/com.google.android.gms-a0e_AySruvvgbDhYG8Z6yQ==/split_GoogleCertificates_installtime.dm) is kOatUpToDate with filter 'verify' executable 'false'
07-01 10:06:21.694  3176  3192 I artd    : GetBestInfo: dm (/data/app/~~pUpe9D-hsv0lOCLmNQJGyA==/com.google.android.gms-a0e_AySruvvgbDhYG8Z6yQ==/split_MapsDynamite_installtime.dm) is kOatUpToDate with filter 'verify' executable 'false'
07-01 10:06:21.695  3176  3192 I artd    : GetBestInfo: dm (/data/app/~~pUpe9D-hsv0lOCLmNQJGyA==/com.google.android.gms-a0e_AySruvvgbDhYG8Z6yQ==/split_MeasurementDynamite_installtime.dm) is kOatUpToDate with filter 'verify' executable 'false'
07-01 10:06:21.696  3176  3192 I artd    : GetBestInfo: /data/user_de/0/com.google.android.gms/app_chimera/m/0000000e/dl-IdentityCredentialsPlatform.optional_262031100800.apk has no usable artifacts
07-01 10:06:21.697  3176  3192 I artd    : GetBestInfo: /data/user_de/0/com.google.android.gms/app_chimera/m/00000001/CronetDynamite.apk has no usable artifacts
07-01 10:06:21.698  3176  3192 I artd    : GetBestInfo: /data/user_de/0/com.google.android.gms/app_chimera/m/00000013/dl-TfliteDynamiteDynamite.integ_252130102100800.apk has no usable artifacts
07-01 10:06:21.698  3176  3192 I artd    : GetBestInfo: /data/user_de/0/com.google.android.gms/app_chimera/m/00000002/DynamiteLoader.apk has no usable artifacts
07-01 10:06:21.699  3176  3192 I artd    : GetBestInfo: /data/user_de/0/com.google.android.gms/app_chimera/m/0000000c/dl-IdentityCredentialsPlatform.optional_261136100800.apk has no usable artifacts
07-01 10:06:21.699  3176  3192 I artd    : GetBestInfo: /data/user_de/0/com.google.android.gms/app_chimera/m/00000005/GoogleCertificates.apk has no usable artifacts
07-01 10:06:21.700  3176  3192 I artd    : GetBestInfo: /data/user_de/0/com.google.android.gms/app_chimera/m/0000000a/dl-TfliteDynamiteDynamite.integ_260580502100800.apk has no usable artifacts
07-01 10:06:21.701  3176  3192 I artd    : GetBestInfo: /data/user_de/0/com.google.android.gms/app_chimera/m/00000016/dl-PlayCloudSearch.optional_262031100000.apk has no usable artifacts
07-01 10:06:21.702  3176  3192 I artd    : GetBestInfo: /data/user_de/0/com.google.android.gms/app_chimera/m/00000014/dl-MlkitOcrCommon.optional_262031100800.apk has no usable artifacts
07-01 10:06:21.703  3176  3192 I artd    : GetBestInfo: /data/user_de/0/com.google.android.gms/app_chimera/m/00000008/dl-VisionOcr.optional_261136100000.apk has no usable artifacts
07-01 10:06:21.704  3176  3192 I artd    : GetBestInfo: /data/user_de/0/com.google.android.gms/app_chimera/m/00000010/dl-Appsearch.optional_262031100800.apk has no usable artifacts
07-01 10:06:21.706  3176  3192 I artd    : GetBestInfo: /data/user_de/0/com.google.android.gms/app_chimera/m/0000000b/dl-Appsearch.optional_261136100800.apk has no usable artifacts
07-01 10:06:21.707  3176  3192 I artd    : GetBestInfo: vdex next to the dex file (/data/user/0/com.google.android.gms/app_dg_cache/9BCBC14EE674B00B958D4B0C5B4BD883630AA39E/oat/x86_64/the.vdex) is kOatUpToDate with filter 'verify' executable 'false'
07-01 10:06:21.708  3176  3192 I artd    : GetBestInfo: /data/user_de/0/com.google.android.gms/app_chimera/m/00000009/dl-MlkitOcrCommon.optional_261136100800.apk has no usable artifacts
07-01 10:06:21.709  3176  3192 I artd    : GetBestInfo: /data/user/0/com.google.android.gms/app_dg_cache/22DA9D7AD8ED7504E0CAC64C41ECDBD7068924E0/the.apk has no usable artifacts
07-01 10:06:21.710  3176  3192 I artd    : GetBestInfo: vdex next to the dex file (/data/user/0/com.google.android.gms/app_dg_cache/FEE57AEA14526BE59FD8AB1365237E7B7A5CE7CB/oat/x86_64/the.vdex) is kOatUpToDate with filter 'verify' executable 'false'
07-01 10:06:21.711  3176  3192 I artd    : GetBestInfo: vdex next to the dex file (/data/user/0/com.google.android.gms/app_dg_cache/1C62BDE86218FBAA50DF06C4A79F5C3FE74B69EC/oat/x86_64/the.vdex) is kOatUpToDate with filter 'verify' executable 'false'
07-01 10:06:21.712  3176  3192 I artd    : GetBestInfo: /data/user_de/0/com.google.android.gms/app_chimera/m/0000000f/dl-VisionOcr.optional_262031100000.apk has no usable artifacts
07-01 10:06:21.713  3176  3192 I artd    : GetBestInfo: /data/user_de/0/com.google.android.gms/app_chimera/m/00000015/dl-MlkitBarcodeUi.optional_262031100800.apk has no usable artifacts
07-01 10:06:21.714  3176  3192 I artd    : GetBestInfo: /data/user_de/0/com.google.android.gms/app_chimera/m/00000007/MeasurementDynamite.apk has no usable artifacts
07-01 10:06:24.395   692   892 I AdbWifiNetworkMonitor: Wi-Fi network available
07-01 10:06:24.395   692   892 I AdbWifiNetworkMonitor: Received the same Wi-Fi SSID. Ignoring.
07-01 10:06:24.397  4397  4547 D WM-WorkConstraintsTrack: NetworkRequestConstraintController onCapabilitiesChanged callback
07-01 10:06:24.398   692   866 W libbinder.IPCThreadState: Sending oneway calls to frozen process.
07-01 10:06:24.398   692   866 W libbinder.IPCThreadState: Sending oneway calls to frozen process.
07-01 10:06:24.398   692   866 W libbinder.IPCThreadState: Sending oneway calls to frozen process.
07-01 10:06:24.399  5429  5467 I BugleRcsEngine: Connected state: [1], networkType: [WIFI] [CONTEXT thread_id=63 ]
07-01 10:06:24.399  5429  5471 I BugleRcsEngine: handleMessage processing message:[NOTIFY_UPTIME_IGNORE_STATE_CHANGED] with [non-null]:RcsEngineImpl reference [CONTEXT log_prefix="RcsEngineImpl[DUAL_REG]:[16822a33-62db]>Handler" thread_id=64 ]
07-01 10:06:24.400   692   860 I HalDevMgr: bestIfaceCreationProposal is null, requestIface=STA, existingIface=[name=wlan0 type=STA]
07-01 10:06:24.401  1331  3878 I NullBinder: NullBinder for android.net.action.RECOMMEND_NETWORKS triggering remote TransactionTooLargeException due to Service without Chimera impl, calling uid: 1000, calling pid: 0
07-01 10:06:24.401  1331  3878 W libbinder.Binder: Large reply transaction of 1056768 bytes, interface descriptor , function: UNKNOWN_FUNCTION_NAME, code: 1, flags: 17
07-01 10:06:24.402   692   866 D ConnectivityService: NetReassign [no changes] [c 0] [a 2] [i 0]
07-01 10:06:24.403  1331 24223 I NearbyMediums: Wifi changed new SSID: "AndroidWifi"
07-01 10:06:24.403  1331 24223 I NearbyMediums: WifiLanConnectivityInfo is not changed, skip notify.
07-01 10:06:24.404  5429  5471 I BugleRcsEngine: No RCS Configuration was found in Bugle for simID: redacted-pii:sim_id[chars:20,last3:897] [CONTEXT log_prefix="ProvisioningEngineDataRetriever" thread_id=64 ]
07-01 10:06:24.905  1331  1331 I NearbySharing: Network state changed: NetworkState(isRestricted=false, isOnline=true, isCongested=false, isMetered=false, isWifiConnected=true)
07-01 10:06:25.226  1119  1246 D SatelliteController: isInCarrierRoamingNbIotNtn: satellite is disabled
07-01 10:06:25.226  1119  1246 D SatelliteController: getCarrierRoamingNtnConnectType: Checking connect type from PLMN config for subId: 1
07-01 10:06:25.226  1119  1246 D TelephonyConfigUpdateInstallReceiver: getConfigParser: domain=satellite
07-01 10:06:25.226  1119  1246 V SatelliteController: satelliteConfigParser is not ready
07-01 10:06:25.226  1119  1246 D SatelliteController: isSatelliteAttachSupportedViaConfigupdater: return null (satelliteConfig is null)
07-01 10:06:25.226  1119  1246 D SatelliteController: getSatellitePerPlmnConfiguration: invalid subId or not supported via carrier.
07-01 10:06:25.226  1119  1246 D SatelliteController: getCarrierRoamingNtnConnectType: config: null
07-01 10:06:25.226  1119  1246 D TelephonyConfigUpdateInstallReceiver: getConfigParser: domain=satellite
07-01 10:06:25.226  1119  1246 V SatelliteController: satelliteConfigParser is not ready
07-01 10:06:25.226  1119  1246 D SatelliteController: getCarrierRoamingNtnConnectTypeViaConfigUpdater: return null (satelliteConfig is null)
07-01 10:06:25.227  1119  1246 D SatelliteController: getCarrierRoamingNtnConnectType: Falling back to global carrier config connect type: 0
07-01 10:06:25.227  1119  1246 D TelephonyConfigUpdateInstallReceiver: getConfigParser: domain=satellite
07-01 10:06:25.227  1119  1246 V SatelliteController: satelliteConfigParser is not ready
07-01 10:06:25.227  1119  1246 D SatelliteController: isSatelliteAttachSupportedViaConfigupdater: return null (satelliteConfig is null)
07-01 10:06:25.227  1119  1246 D SatelliteController: getCarrierRoamingNtnConnectType: Checking connect type from PLMN config for subId: 1
07-01 10:06:25.227  1119  1246 D TelephonyConfigUpdateInstallReceiver: getConfigParser: domain=satellite
07-01 10:06:25.227  1119  1246 V SatelliteController: satelliteConfigParser is not ready
07-01 10:06:25.227  1119  1246 D SatelliteController: isSatelliteAttachSupportedViaConfigupdater: return null (satelliteConfig is null)
07-01 10:06:25.227  1119  1246 D SatelliteController: getSatellitePerPlmnConfiguration: invalid subId or not supported via carrier.
07-01 10:06:25.227  1119  1246 D SatelliteController: getCarrierRoamingNtnConnectType: config: null
07-01 10:06:25.227  1119  1246 D TelephonyConfigUpdateInstallReceiver: getConfigParser: domain=satellite
07-01 10:06:25.227  1119  1246 V SatelliteController: satelliteConfigParser is not ready
07-01 10:06:25.227  1119  1246 D SatelliteController: getCarrierRoamingNtnConnectTypeViaConfigUpdater: return null (satelliteConfig is null)
07-01 10:06:25.228  1119  1246 D SatelliteController: getCarrierRoamingNtnConnectType: Falling back to global carrier config connect type: 0
07-01 10:06:25.228  1119  1246 D TelephonyConfigUpdateInstallReceiver: getConfigParser: domain=satellite
07-01 10:06:25.228  1119  1246 V SatelliteController: satelliteConfigParser is not ready
07-01 10:06:25.228  1119  1246 D SatelliteController: isSatelliteAttachSupportedViaConfigupdater: return null (satelliteConfig is null)
07-01 10:06:25.266   527   549 W skia    : AGTM parsing failed flags.readFromStream(s) at 159
07-01 10:06:27.406   692   860 I HalDevMgr: bestIfaceCreationProposal is null, requestIface=STA, existingIface=[name=wlan0 type=STA]
07-01 10:06:27.409  1074  1202 D IpClient/wlan0: interfaceLinkStateChanged: ifindex 16 up
07-01 10:06:27.415  1074  1202 D IpClient/wlan0: interfaceLinkStateChanged: ifindex 16 up
07-01 10:06:27.494   954   954 I wpa_supplicant: wlan0: CTRL-EVENT-BEACON-LOSS 
07-01 10:06:28.784 26793 26857 I WM-WorkerWrapper: Worker result SUCCESS for Work [ id=eb4ef3ab-e89d-4687-9fbb-65221be5e904, tags={ androidx.glance.session.SessionWorker } ]
07-01 10:06:30.412   692   860 I HalDevMgr: bestIfaceCreationProposal is null, requestIface=STA, existingIface=[name=wlan0 type=STA]
07-01 10:06:31.545   539   539 I adbd    : adbd service requested 'shell,v2,raw:dumpsys package com.google.android.gms'
07-01 10:06:31.671  3176  3192 I artd    : GetBestInfo: odex next to the dex file (/data/app/~~pUpe9D-hsv0lOCLmNQJGyA==/com.google.android.gms-a0e_AySruvvgbDhYG8Z6yQ==/oat/x86_64/base.odex) is kOatUpToDate with filter 'speed-profile' executable 'false'
07-01 10:06:31.673  3176  3192 I artd    : GetBestInfo: dm (/data/app/~~pUpe9D-hsv0lOCLmNQJGyA==/com.google.android.gms-a0e_AySruvvgbDhYG8Z6yQ==/split_AdsDynamite_installtime.dm) is kOatUpToDate with filter 'verify' executable 'false'
07-01 10:06:31.674  3176  3192 I artd    : GetBestInfo: odex next to the dex file (/data/app/~~pUpe9D-hsv0lOCLmNQJGyA==/com.google.android.gms-a0e_AySruvvgbDhYG8Z6yQ==/oat/x86_64/split_CronetDynamite_installtime.odex) is kOatUpToDate with filter 'speed-profile' executable 'false'
07-01 10:06:31.675  3176  3192 I artd    : GetBestInfo: dm (/data/app/~~pUpe9D-hsv0lOCLmNQJGyA==/com.google.android.gms-a0e_AySruvvgbDhYG8Z6yQ==/split_DynamiteLoader_installtime.dm) is kOatUpToDate with filter 'verify' executable 'false'
07-01 10:06:31.676  3176  3192 I artd    : GetBestInfo: dm (/data/app/~~pUpe9D-hsv0lOCLmNQJGyA==/com.google.android.gms-a0e_AySruvvgbDhYG8Z6yQ==/split_DynamiteModulesA_installtime.dm) is kOatUpToDate with filter 'verify' executable 'false'
07-01 10:06:31.677  3176  3192 I artd    : GetBestInfo: dm (/data/app/~~pUpe9D-hsv0lOCLmNQJGyA==/com.google.android.gms-a0e_AySruvvgbDhYG8Z6yQ==/split_DynamiteModulesC_installtime.dm) is kOatUpToDate with filter 'verify' executable 'false'
07-01 10:06:31.678  3176  3192 I artd    : GetBestInfo: dm (/data/app/~~pUpe9D-hsv0lOCLmNQJGyA==/com.google.android.gms-a0e_AySruvvgbDhYG8Z6yQ==/split_GoogleCertificates_installtime.dm) is kOatUpToDate with filter 'verify' executable 'false'
07-01 10:06:31.679  3176  3192 I artd    : GetBestInfo: dm (/data/app/~~pUpe9D-hsv0lOCLmNQJGyA==/com.google.android.gms-a0e_AySruvvgbDhYG8Z6yQ==/split_MapsDynamite_installtime.dm) is kOatUpToDate with filter 'verify' executable 'false'
07-01 10:06:31.681  3176  3192 I artd    : GetBestInfo: dm (/data/app/~~pUpe9D-hsv0lOCLmNQJGyA==/com.google.android.gms-a0e_AySruvvgbDhYG8Z6yQ==/split_MeasurementDynamite_installtime.dm) is kOatUpToDate with filter 'verify' executable 'false'
07-01 10:06:31.682  3176  3192 I artd    : GetBestInfo: /data/user_de/0/com.google.android.gms/app_chimera/m/0000000e/dl-IdentityCredentialsPlatform.optional_262031100800.apk has no usable artifacts
07-01 10:06:31.683  3176  3192 I artd    : GetBestInfo: /data/user_de/0/com.google.android.gms/app_chimera/m/00000001/CronetDynamite.apk has no usable artifacts
07-01 10:06:31.684  3176  3192 I artd    : GetBestInfo: /data/user_de/0/com.google.android.gms/app_chimera/m/00000013/dl-TfliteDynamiteDynamite.integ_252130102100800.apk has no usable artifacts
07-01 10:06:31.684  3176  3192 I artd    : GetBestInfo: /data/user_de/0/com.google.android.gms/app_chimera/m/00000002/DynamiteLoader.apk has no usable artifacts
07-01 10:06:31.686  3176  3192 I artd    : GetBestInfo: /data/user_de/0/com.google.android.gms/app_chimera/m/0000000c/dl-IdentityCredentialsPlatform.optional_261136100800.apk has no usable artifacts
07-01 10:06:31.686  3176  3192 I artd    : GetBestInfo: /data/user_de/0/com.google.android.gms/app_chimera/m/00000005/GoogleCertificates.apk has no usable artifacts
07-01 10:06:31.688  3176  3192 I artd    : GetBestInfo: /data/user_de/0/com.google.android.gms/app_chimera/m/0000000a/dl-TfliteDynamiteDynamite.integ_260580502100800.apk has no usable artifacts
07-01 10:06:31.689  3176  3192 I artd    : GetBestInfo: /data/user_de/0/com.google.android.gms/app_chimera/m/00000016/dl-PlayCloudSearch.optional_262031100000.apk has no usable artifacts
07-01 10:06:31.690  3176  3192 I artd    : GetBestInfo: /data/user_de/0/com.google.android.gms/app_chimera/m/00000014/dl-MlkitOcrCommon.optional_262031100800.apk has no usable artifacts
07-01 10:06:31.691  3176  3192 I artd    : GetBestInfo: /data/user_de/0/com.google.android.gms/app_chimera/m/00000008/dl-VisionOcr.optional_261136100000.apk has no usable artifacts
07-01 10:06:31.692  3176  3192 I artd    : GetBestInfo: /data/user_de/0/com.google.android.gms/app_chimera/m/00000010/dl-Appsearch.optional_262031100800.apk has no usable artifacts
07-01 10:06:31.693  3176  3192 I artd    : GetBestInfo: /data/user_de/0/com.google.android.gms/app_chimera/m/0000000b/dl-Appsearch.optional_261136100800.apk has no usable artifacts
07-01 10:06:31.694  3176  3192 I artd    : GetBestInfo: vdex next to the dex file (/data/user/0/com.google.android.gms/app_dg_cache/9BCBC14EE674B00B958D4B0C5B4BD883630AA39E/oat/x86_64/the.vdex) is kOatUpToDate with filter 'verify' executable 'false'
07-01 10:06:31.696  3176  3192 I artd    : GetBestInfo: /data/user_de/0/com.google.android.gms/app_chimera/m/00000009/dl-MlkitOcrCommon.optional_261136100800.apk has no usable artifacts
07-01 10:06:31.697  3176  3192 I artd    : GetBestInfo: /data/user/0/com.google.android.gms/app_dg_cache/22DA9D7AD8ED7504E0CAC64C41ECDBD7068924E0/the.apk has no usable artifacts
07-01 10:06:31.698  3176  3192 I artd    : GetBestInfo: vdex next to the dex file (/data/user/0/com.google.android.gms/app_dg_cache/FEE57AEA14526BE59FD8AB1365237E7B7A5CE7CB/oat/x86_64/the.vdex) is kOatUpToDate with filter 'verify' executable 'false'
07-01 10:06:31.699  3176  3192 I artd    : GetBestInfo: vdex next to the dex file (/data/user/0/com.google.android.gms/app_dg_cache/1C62BDE86218FBAA50DF06C4A79F5C3FE74B69EC/oat/x86_64/the.vdex) is kOatUpToDate with filter 'verify' executable 'false'
07-01 10:06:31.701  3176  3192 I artd    : GetBestInfo: /data/user_de/0/com.google.android.gms/app_chimera/m/0000000f/dl-VisionOcr.optional_262031100000.apk has no usable artifacts
07-01 10:06:31.702  3176  3192 I artd    : GetBestInfo: /data/user_de/0/com.google.android.gms/app_chimera/m/00000015/dl-MlkitBarcodeUi.optional_262031100800.apk has no usable artifacts
07-01 10:06:31.703  3176  3192 I artd    : GetBestInfo: /data/user_de/0/com.google.android.gms/app_chimera/m/00000007/MeasurementDynamite.apk has no usable artifacts
07-01 10:06:33.420   692   860 I HalDevMgr: bestIfaceCreationProposal is null, requestIface=STA, existingIface=[name=wlan0 type=STA]
07-01 10:06:33.423  1074  1202 D IpClient/wlan0: interfaceLinkStateChanged: ifindex 16 up
07-01 10:06:33.429  1074  1202 D IpClient/wlan0: interfaceLinkStateChanged: ifindex 16 up
07-01 10:06:33.649   539   539 I adbd    : adbd service requested 'shell,v2,TERM=xterm-256color:export ANDROID_LOG_TAGS=''; exec logcat '-d''
