--------- beginning of main
07-01 10:08:34.920   539   539 I adbd    : adbd service requested 'shell,v2,TERM=xterm-256color,raw:am start -n com.aiquota.mobile/.debug.ProviderLoginDebugActivity --es provider_id glm --es start_url https://z.ai/manage-apikey/coding-plan/personal/usage'
--------- beginning of system
07-01 10:08:34.936   692  1604 W ActivityTaskManager: callingPackage for (uid=2000, pid=27559) has no WPC
07-01 10:08:34.937   692  1604 V GrammaticalInflectionUtils: AttributionSource: android.content.AttributionSource@5a99a687 does not have READ_SYSTEM_GRAMMATICAL_GENDER permission.
07-01 10:08:34.941  1124  1124 D RecentsView: onTaskDisplayChanged: 585, new displayId = 0
07-01 10:08:34.942   527  1251 I libbinder.BpBinder: onLastStrongRef automatically unlinking death recipients for binder (0x7594bf0477f0) with descriptor: '(not cached)'
07-01 10:08:34.946   692  1604 V ActivityTaskManager: TaskLaunchParamsModifier: phase=3 task=Task{c33f151 #585 type=standard A=10233:com.aiquota.mobile} activity=ActivityRecord{218379896 u0 com.aiquota.mobile/.debug.ProviderLoginDebugActivity t-1} display-from-task=0 display-id=0 task-display-area-windowing-mode=1 suggested-display-area=DefaultTaskDisplayArea@146288658 inherit-from-task=fullscreen non-freeform-task-display-area display-area=DefaultTaskDisplayArea@146288658 skip-bounds-fullscreen
07-01 10:08:34.946   692  1604 I ActivityTaskManager: START u0 {flg=0x10000000 xflg=0x4 cmp=com.aiquota.mobile/.debug.ProviderLoginDebugActivity (has extras)} with LAUNCH_MULTIPLE from uid 2000 (com.android.shell) (BAL_ALLOW_PERMISSION) result code=0
07-01 10:08:34.946   692  1239 D CompatChangeReporter: Compat change id reported: 309578419; UID 10233; state: ENABLED
07-01 10:08:34.948  1124  1124 D BaseActivity: Launcher flags updated: [state_started|state_resumed|state_deferred_resumed|state_window_focused|state_user_active] -[]
07-01 10:08:34.948   976  1041 V WindowManagerShell: Transition requested (#105): android.os.BinderProxy@1d162a TransitionRequestInfo { type = OPEN, triggerTask = TaskInfo{userId=0 taskId=585 effectiveUid=10233 displayId=0 isRunning=true baseIntent=Intent { flg=0x10000000 cmp=com.aiquota.mobile/.debug.ProviderLoginDebugActivity } baseActivity=ComponentInfo{com.aiquota.mobile/com.aiquota.mobile.debug.ProviderLoginDebugActivity} topActivity=ComponentInfo{com.aiquota.mobile/com.aiquota.mobile.debug.ProviderLoginDebugActivity} origActivity=null realActivity=ComponentInfo{com.aiquota.mobile/com.aiquota.mobile.debug.ProviderLoginDebugActivity} realActivityIsAppLockEnabled=false numActivities=1 lastActiveTime=13381304 supportsMultiWindow=true supportsMultiWindowWithoutConstraints=true resizeMode=1 isResizeable=true minWidth=-1 minHeight=-1 defaultMinSize=220 token=WCT{android.os.BinderProxy@79f6c1b} topActivityType=1 pictureInPictureParams=null shouldDockBigOverlays=false launchIntoPipHostTaskId=-1 lastParentTaskIdBeforePip=-1 displayCutoutSafeInsets=Rect(0, 132 - 0, 0) topActivityInfo=ActivityInfo{9b371b8 com.aiquota.mobile.debug.ProviderLoginDebugActivity} launchCookies=[] positionInParent=Point(0, 0) parentTaskId=-1 isFocused=false isInteractive=false isVisible=false isVisibleRequested=false isTopActivityNoDisplay=false isSleeping=false locusId=null displayAreaFeatureId=1 isTopActivityTransparent=false isActivityStackTransparent=false lastNonFullscreenBounds=null leafTaskBoundsFromOptions= false capturedLink=null capturedLinkTimestamp=0 requestedVisibleTypes=503 topActivityRequestOpenInBrowserEducationTimestamp=0 appCompatTaskInfo=AppCompatTaskInfo { topActivityInSizeCompat=false isLeafTask= true eligibleForLetterboxEducation= false isLetterboxEducationEnabled= true isLetterboxDoubleTapEnabled= false eligibleForUserAspectRatioButton= false topActivityBoundsLetterboxed= false isFromLetterboxDoubleTap= false topActivityLetterboxVerticalPosition= -1 topActivityLetterboxHorizontalPosition= -1 topActivityLetterboxWidth=-1 topActivityLetterboxHeight=-1 topActivityAppBounds=Rect(0, 0 - 1080, 2400) isUserFullscreenOverrideEnabled=false isSystemFullscreenOverrideEnabled=false hasMinAspectRatioOverride=false topActivityLetterboxBounds=null topNonResizableActivityAspectRatio=-1.0} topActivityMainWindowFrame=null isAppBubble=false}, pipChange = null, remoteTransitionInfo = null, displayChanges = null, requestedLocation = null, userChange = null, windowingLayerChange = null, fullscreenRequestChange = null, flags = 0, debugId = 105 }
07-01 10:08:34.948   976  1041 W DisconnectHandler: No disconnect change found in the transition, not handling request.
07-01 10:08:34.948  1124  1124 D BaseActivity: Launcher flags updated: [state_started|state_resumed|state_deferred_resumed|state_window_focused] -[state_user_active]
07-01 10:08:34.948   976  1041 V ShellDesktopMode: DesktopTasksController: skipping handleRequest reason=triggerTask's display doesn't support desktop mode
07-01 10:08:34.948  1124  1124 D BaseActivity: Launcher flags updated: [state_started|state_window_focused] -[state_resumed|state_deferred_resumed]
07-01 10:08:34.949  1124  1124 W SplitSelectStateCtor: Missing session instanceIds
07-01 10:08:34.949  1124  1124 D StatsLog: LAUNCHER_SPLIT_SELECTION_EXIT_INTERRUPTED
07-01 10:08:34.949   976  1041 D ShellSplitScreen: logExit: no-op, mLoggerSessionId is null
07-01 10:08:34.951   976  1041 V RecentTasksController: Notify recent tasks changed
07-01 10:08:34.951   976  1041 D ShellDesktopMode: DesktopRepository(0): Removes freeform task: taskId=584
07-01 10:08:34.952   976  1041 W ShellDesktopMode: DesktopRepository(0): No display id found for task: taskId=584
07-01 10:08:34.952   976  1041 V RecentTasksController: Notify recent tasks changed
07-01 10:08:34.954   976  1041 D WindowManagerShell: setLauncherKeepClearAreaHeight: visible=false, height=495
07-01 10:08:34.954   692  2078 W InputChannel-JNI: Channel already disposed.
07-01 10:08:34.956   587   680 W libbinder.IPCThreadState: Sending oneway calls to frozen process.
07-01 10:08:34.957   976  1110 I Surface : Creating surface for consumer unnamed-976-44 with slotExpansion=1 for 64 slots
07-01 10:08:34.959   692  2009 D CompatChangeReporter: Compat change id reported: 324203798; UID 10233; state: ENABLED
07-01 10:08:34.963   692  2009 V WindowManager: Defer transition id=105 for TaskFragmentTransaction=android.os.Binder@3b35c90
07-01 10:08:34.966  1124  1124 D RecentTasksList: invalidateLoadedTasks - previous requestLoadId: -1
07-01 10:08:34.966  1124  1124 D RecentTasksList: invalidateLoadedTasks - previous requestLoadId: -1
07-01 10:08:34.970   692  2084 V WindowManager: Continue transition id=105 for TaskFragmentTransaction=android.os.Binder@3b35c90
07-01 10:08:34.972 27470 27563 I DisplayManager: Choreographer implicitly registered for the refresh rate.
07-01 10:08:34.995 27470 27477 I .aiquota.mobile: Background concurrent mark compact GC freed 6450KB AllocSpace bytes, 57(2016KB) LOS objects, 49% free, 4042KB/8085KB, paused 2.662ms,5.629ms total 34.509ms
07-01 10:08:34.997  1124  1124 D BaseActivity: Launcher flags updated: [state_started] -[state_window_focused]
07-01 10:08:34.998   976  1110 E ConsumerBase: [ImageReader-420x420f1u2816m2-976-20] abandonLocked: ConsumerBase is abandoned!
07-01 10:08:35.008   976  1109 D WindowOnBackDispatcher: setTopOnBackInvokedCallback (unwrapped): android.view.ViewRootImpl$$ExternalSyntheticLambda14@3f9e63d
07-01 10:08:35.008   692   706 D CoreBackPreview: Window{75518d u0 Splash Screen com.aiquota.mobile}: Setting back callback OnBackInvokedCallbackInfo{mCallback=android.window.IOnBackInvokedCallback$Stub$Proxy@b99b1bc, mPriority=0, mIsAnimationCallback=false, mOverrideBehavior=0}
07-01 10:08:35.013   692   706 D WindowManager: setClientSurface Surface(name=VRI-Splash Screen com.aiquota.mobile#848)/@0x8002545 for 75518d Splash Screen com.aiquota.mobile
07-01 10:08:35.017 27470 27470 D DesktopExperienceFlags: Toggle override initialized to: false
07-01 10:08:35.017   976  1109 I Surface : Creating surface for consumer unnamed-976-45 with slotExpansion=1 for 64 slots
07-01 10:08:35.020   976  1109 I Surface : Creating surface for consumer VRI[mobile]#24(BLAST Consumer)24 with slotExpansion=1 for 64 slots
07-01 10:08:35.045   692   793 D ActivityManager: sync unfroze 4822 com.android.vending for 6
07-01 10:08:35.046   692   866 W libbinder.IPCThreadState: Sending oneway calls to frozen process.
07-01 10:08:35.053   692   866 W libbinder.IPCThreadState: Sending oneway calls to frozen process.
07-01 10:08:35.098   976  1041 V RecentTasksController: generateList(getRecentTasks)
07-01 10:08:35.099   976  1041 V RecentTasksController: initializeDesksMap - allDeskIds: []
07-01 10:08:35.100   976  1041 V RecentTasksController: Task 585 is not an active desktop task
07-01 10:08:35.100   976  1041 V RecentTasksController: Added fullscreen task: 585
07-01 10:08:35.100   976  1041 V RecentTasksController: Task 496 is not an active desktop task
07-01 10:08:35.100   976  1041 V RecentTasksController: Added fullscreen task: 496
07-01 10:08:35.100   976  1041 V RecentTasksController: Task 509 is not an active desktop task
07-01 10:08:35.100   976  1041 V RecentTasksController: Added fullscreen task: 509
07-01 10:08:35.100   976  1041 V RecentTasksController: generateList - complete
07-01 10:08:35.100   976  1041 V RecentTasksController: Notify recent tasks changed
07-01 10:08:35.110   692   712 V WindowManager: Sent Transition (#105) createdAt=07-01 10:08:34.938 via request=TransitionRequestInfo { type = OPEN, triggerTask = TaskInfo{userId=0 taskId=585 effectiveUid=10233 displayId=0 isRunning=true baseIntent=Intent { flg=0x10000000 cmp=com.aiquota.mobile/.debug.ProviderLoginDebugActivity } baseActivity=ComponentInfo{com.aiquota.mobile/com.aiquota.mobile.debug.ProviderLoginDebugActivity} topActivity=ComponentInfo{com.aiquota.mobile/com.aiquota.mobile.debug.ProviderLoginDebugActivity} origActivity=null realActivity=ComponentInfo{com.aiquota.mobile/com.aiquota.mobile.debug.ProviderLoginDebugActivity} realActivityIsAppLockEnabled=false numActivities=1 lastActiveTime=13381304 supportsMultiWindow=true supportsMultiWindowWithoutConstraints=true resizeMode=1 isResizeable=true minWidth=-1 minHeight=-1 defaultMinSize=220 token=WCT{RemoteToken{9ed9cf2 Task{c33f151 #585 type=standard A=10233:com.aiquota.mobile}}} topActivityType=1 pictureInPictureParams=null shouldDockBigOverlays=false launchIntoPipHostTaskId=-1 lastParentTaskIdBeforePip=-1 displayCutoutSafeInsets=Rect(0, 132 - 0, 0) topActivityInfo=ActivityInfo{529bf43 com.aiquota.mobile.debug.ProviderLoginDebugActivity} launchCookies=[] positionInParent=Point(0, 0) parentTaskId=-1 isFocused=false isInteractive=false isVisible=false isVisibleRequested=false isTopActivityNoDisplay=false isSleeping=false locusId=null displayAreaFeatureId=1 isTopActivityTransparent=false isActivityStackTransparent=false lastNonFullscreenBounds=null leafTaskBoundsFromOptions= false capturedLink=null capturedLinkTimestamp=0 requestedVisibleTypes=503 topActivityRequestOpenInBrowserEducationTimestamp=0 appCompatTaskInfo=AppCompatTaskInfo { topActivityInSizeCompat=false isLeafTask= true eligibleForLetterboxEducation= false isLetterboxEducationEnabled= true isLetterboxDoubleTapEnabled= false eligibleForUserAspectRatioButton= false topActivityBoundsLetterboxed= false isFromLetterboxDoubleTap= false topActivityLetterboxVerticalPosition= -1 topActivityLetterboxHorizontalPosition= -1 topActivityLetterboxWidth=-1 topActivityLetterboxHeight=-1 topActivityAppBounds=Rect(0, 0 - 1080, 2400) isUserFullscreenOverrideEnabled=false isSystemFullscreenOverrideEnabled=false hasMinAspectRatioOverride=false topActivityLetterboxBounds=null topNonResizableActivityAspectRatio=-1.0} topActivityMainWindowFrame=null isAppBubble=false}, pipChange = null, remoteTransitionInfo = null, displayChanges = null, requestedLocation = null, userChange = null, windowingLayerChange = null, fullscreenRequestChange = null, flags = 0, debugId = 105 }
07-01 10:08:35.110   692   712 V WindowManager:     startWCT=WindowContainerTransaction { changes= {} hops= [] flags= 0 errorCallbackToken=null taskFragmentOrganizer=null }
07-01 10:08:35.110   692   712 V WindowManager:     info={id=105 t=OPEN f=0x0 trk=0 r=[0@Point(0, 0)] c=[
07-01 10:08:35.110   692   712 V WindowManager:         {WCT{RemoteToken{9ed9cf2 Task{c33f151 #585 type=standard A=10233:com.aiquota.mobile}}} m=OPEN f=MOVE_TO_TOP|FLAG_CHANGED_INTERACTIVE leash=Surface(name=Task=585#845)/@0x10c7c54 sb=Rect(0, 0 - 1080, 2400) eb=Rect(0, 0 - 1080, 2400) epz=Point(1080, 2400) d=0 taskParent=-1 winMode=1 userId=0},
07-01 10:08:35.110   692   712 V WindowManager:         {WCT{RemoteToken{9e125dd Task{1fd25e1 #1 type=home}}} m=TO_BACK f=SHOW_WALLPAPER|FLAG_CHANGED_INTERACTIVE leash=Surface(name=Task=1#35)/@0x54d2d69 sb=Rect(0, 0 - 1080, 2400) eb=Rect(0, 0 - 1080, 2400) epz=Point(1080, 2400) d=0 taskParent=-1 winMode=1 userId=0},
07-01 10:08:35.110   692   712 V WindowManager:         {m=TO_BACK f=IS_WALLPAPER leash=Surface(name=WallpaperWindowToken{52b99b6}#55)/@0x568e9c sb=Rect(0, 0 - 1080, 2400) eb=Rect(0, 0 - 1080, 2400) epz=Point(1080, 2400) d=0}
07-01 10:08:35.110   692   712 V WindowManager:     ]}
07-01 10:08:35.111   976  1891 V WindowManagerShell: onTransitionReady(transaction=2972117376451)
07-01 10:08:35.112  1124  1223 D PreloadThumbnailUseCase: Preloading thumbnails for task ids: [[id=509 windowingMode=0 user=0 lastActiveTime=23280] null, [id=496 windowingMode=0 user=0 lastActiveTime=23281] null, [id=585 windowingMode=1 user=0 lastActiveTime=13381318] null]
07-01 10:08:35.112   976  1041 V WindowManagerShell: onTransitionReady (#105) android.os.BinderProxy@1d162a: {id=105 t=OPEN f=0x0 trk=0 r=[0@Point(0, 0)] c=[
07-01 10:08:35.112   976  1041 V WindowManagerShell:         {m=OPEN f=MOVE_TO_TOP|FLAG_CHANGED_INTERACTIVE leash=Surface(name=Task=585#845)/@0x21af18a sb=Rect(0, 0 - 1080, 2400) eb=Rect(0, 0 - 1080, 2400) epz=Point(1080, 2400) d=0 taskParent=-1 winMode=1 userId=0},
07-01 10:08:35.112   976  1041 V WindowManagerShell:         {m=TO_BACK f=SHOW_WALLPAPER|FLAG_CHANGED_INTERACTIVE leash=Surface(name=Task=1#35)/@0x5cd13fb sb=Rect(0, 0 - 1080, 2400) eb=Rect(0, 0 - 1080, 2400) epz=Point(1080, 2400) d=0 taskParent=-1 winMode=1 userId=0},
07-01 10:08:35.112   976  1041 V WindowManagerShell:         {m=TO_BACK f=IS_WALLPAPER leash=Surface(name=WallpaperWindowToken{52b99b6}#55)/@0x38a2c18 sb=Rect(0, 0 - 1080, 2400) eb=Rect(0, 0 - 1080, 2400) epz=Point(1080, 2400) d=0}
07-01 10:08:35.112   976  1041 V WindowManagerShell:     ]}
07-01 10:08:35.114   976  1041 V WindowManagerShell: Playing animation for (#105) android.os.BinderProxy@1d162a@0
07-01 10:08:35.115 27470 27563 I GFXSTREAM: [eglDisplay.cpp(297)] Opening libGLESv1_CM_emulation.so
07-01 10:08:35.116 27470 27563 I GFXSTREAM: [eglDisplay.cpp(297)] Opening libGLESv2_emulation.so
07-01 10:08:35.116 27470 27563 W libc    : Access denied finding property "vendor.mesa.virtgpu.kumquat"
07-01 10:08:35.116   976  1041 D ShellSplitScreen: startAnimation: transition=105 isSplitActive=false
07-01 10:08:35.117   976  1041 V ShellRecents: RecentsTransitionHandler.startAnimation: no controller found
07-01 10:08:35.117   976  1041 V ShellDesktopMode: DesktopMixedTransitionHandler: No pending desktop transition
07-01 10:08:35.120   692  2084 V GrammaticalInflectionUtils: AttributionSource: android.content.AttributionSource@5a99a687 does not have READ_SYSTEM_GRAMMATICAL_GENDER permission.
07-01 10:08:35.120   976  1041 V WindowManagerShell: Transition doesn't have explicit remote, search filters for match for {id=105 t=OPEN f=0x0 trk=0 r=[0@Point(0, 0)] c=[{m=OPEN f=MOVE_TO_TOP|FLAG_CHANGED_INTERACTIVE leash=Surface(name=Task=585#845)/@0x21af18a sb=Rect(0, 0 - 1080, 2400) eb=Rect(0, 0 - 1080, 2400) epz=Point(1080, 2400) d=0 taskParent=-1 winMode=1 userId=0},{m=TO_BACK f=SHOW_WALLPAPER|FLAG_CHANGED_INTERACTIVE leash=Surface(name=Task=1#35)/@0x5cd13fb sb=Rect(0, 0 - 1080, 2400) eb=Rect(0, 0 - 1080, 2400) epz=Point(1080, 2400) d=0 taskParent=-1 winMode=1 userId=0},{m=TO_BACK f=IS_WALLPAPER leash=Surface(name=WallpaperWindowToken{52b99b6}#55)/@0x38a2c18 sb=Rect(0, 0 - 1080, 2400) eb=Rect(0, 0 - 1080, 2400) epz=Point(1080, 2400) d=0}]}
07-01 10:08:35.121   976  1041 V WindowManagerShell:  Checking filter Pair{{types=[] flags=0x0 notFlags=0x0 checks=[{atype=undefined independent=true modes=[CLOSE,TO_BACK] flags=IN_TASK_WITH_EMBEDDED_ACTIVITY mustBeTask=false order=ANY topActivity=null launchCookie=null taskFragmentToken=android.os.BinderProxy@37e938e windowingMode=undefined isCrossDisplayMove=false}]} RemoteTransition { remoteTransition = android.window.IRemoteTransition$Stub$Proxy@bae47af, appThread = android.app.IApplicationThread$Stub$Proxy@36607bc, debugName = overlayBackTransition, filter = {types=[] flags=0x0 notFlags=0x0 checks=[{atype=undefined independent=true modes=[CLOSE,TO_BACK] flags=IN_TASK_WITH_EMBEDDED_ACTIVITY mustBeTask=false order=ANY topActivity=null launchCookie=null taskFragmentToken=android.os.BinderProxy@37e938e windowingMode=undefined isCrossDisplayMove=false}]} }}
07-01 10:08:35.122   976  1041 V WindowManagerShell:  Checking filter Pair{{types=[] flags=0x0 notFlags=0x0 checks=[{atype=dream independent=true modes=[OPEN,TO_FRONT] flags=NONE mustBeTask=false order=ANY topActivity=null launchCookie=null windowingMode=undefined isCrossDisplayMove=false},{atype=home independent=true modes=[CLOSE,TO_BACK] flags=NONE mustBeTask=false order=ANY topActivity=null launchCookie=null windowingMode=undefined isCrossDisplayMove=false}]} RemoteTransition { remoteTransition = android.window.IRemoteTransition$Stub$Proxy@34c345, appThread = android.app.IApplicationThread$Stub$Proxy@6545a9a, debugName = LauncherToDream, filter = {types=[] flags=0x0 notFlags=0x0 checks=[{atype=dream independent=true modes=[OPEN,TO_FRONT] flags=NONE mustBeTask=false order=ANY topActivity=null launchCookie=null windowingMode=undefined isCrossDisplayMove=false},{atype=home independent=true modes=[CLOSE,TO_BACK] flags=NONE mustBeTask=false order=ANY topActivity=null launchCookie=null windowingMode=undefined isCrossDisplayMove=false}]} }}
07-01 10:08:35.122   976  1041 V WindowManagerShell:  Checking filter Pair{{types=[] flags=0x0 notFlags=0x0 checks=[{atype=standard independent=false modes=[CHANGE] flags=NONE mustBeTask=true order=ANY topActivity=null launchCookie=null windowingMode=undefined isCrossDisplayMove=true}]} RemoteTransition { remoteTransition = android.window.IRemoteTransition$Stub$Proxy@2a1afcb, appThread = android.app.IApplicationThread$Stub$Proxy@469e3a8, debugName = QuickstepDisplayMove, filter = {types=[] flags=0x0 notFlags=0x0 checks=[{atype=standard independent=false modes=[CHANGE] flags=NONE mustBeTask=true order=ANY topActivity=null launchCookie=null windowingMode=undefined isCrossDisplayMove=true}]} }}
07-01 10:08:35.122   976  1041 V WindowManagerShell:  Checking filter Pair{{types=[] flags=0x0 notFlags=0x100 checks=[{atype=home independent=true modes=[OPEN,TO_FRONT] flags=NONE mustBeTask=false order=ANY topActivity=ComponentInfo{com.google.android.apps.nexuslauncher/com.google.android.apps.nexuslauncher.NexusLauncherActivity} launchCookie=null windowingMode=undefined isCrossDisplayMove=false},{atype=standard independent=true modes=[CLOSE,TO_BACK] flags=NONE mustBeTask=false order=ANY topActivity=null launchCookie=null windowingMode=undefined isCrossDisplayMove=false},{NOT atype=undefined independent=true modes=[] flags=NONE mustBeTask=true order=ANY topActivity=null launchCookie=null customAnim=true windowingMode=undefined isCrossDisplayMove=false}]} RemoteTransition { remoteTransition = android.window.IRemoteTransition$Stub$Proxy@634ec1, appThread = android.app.IApplicationThread$Stub$Proxy@68d8666, debugName = QuickstepLaunchHome, filter = {types=[] flags=0x0 notFlags=0x100 checks=[{atype=home independent=true modes=[OPEN,TO_FRONT] flags=NONE mustBeTask=false order=ANY topActivity=ComponentInfo{com.google.android.apps.nexuslauncher/com.google.android.apps.nexuslauncher.NexusLauncherActivity} launchCookie=null windowingMode=undefined isCrossDisplayMove=false},{atype=standard independent=true modes=[CLOSE,TO_BACK] flags=NONE mustBeTask=false order=ANY topActivity=null launchCookie=null windowingMode=undefined isCrossDisplayMove=false},{NOT atype=undefined independent=true modes=[] flags=NONE mustBeTask=true order=ANY topActivity=null launchCookie=null customAnim=true windowingMode=undefined isCrossDisplayMove=false}]} }}
07-01 10:08:35.122   976  1041 V WindowManagerShell:  Checking filter Pair{{types=[OPEN,TO_FRONT] flags=0x0 notFlags=0x0 checks=[{atype=standard independent=true modes=[OPEN,TO_FRONT] flags=NONE mustBeTask=true order=ANY topActivity=null launchCookie=null windowingMode=freeform isCrossDisplayMove=false}]} RemoteTransition { remoteTransition = android.window.IRemoteTransition$Stub$Proxy@45bd114, appThread = null, debugName = DesktopWindowLimitUnminimize, filter = {types=[OPEN,TO_FRONT] flags=0x0 notFlags=0x0 checks=[{atype=standard independent=true modes=[OPEN,TO_FRONT] flags=NONE mustBeTask=true order=ANY topActivity=null launchCookie=null windowingMode=freeform isCrossDisplayMove=false}]} }}
07-01 10:08:35.122   976  1041 V WindowManagerShell:  Delegate animation for (#105) to null
07-01 10:08:35.123   976  1041 V WindowManagerShell: start default transition animation, info = {id=105 t=OPEN f=0x0 trk=0 r=[0@Point(0, 0)] c=[{m=OPEN f=MOVE_TO_TOP|FLAG_CHANGED_INTERACTIVE leash=Surface(name=Task=585#845)/@0x21af18a sb=Rect(0, 0 - 1080, 2400) eb=Rect(0, 0 - 1080, 2400) epz=Point(1080, 2400) d=0 taskParent=-1 winMode=1 userId=0},{m=TO_BACK f=SHOW_WALLPAPER|FLAG_CHANGED_INTERACTIVE leash=Surface(name=Task=1#35)/@0x5cd13fb sb=Rect(0, 0 - 1080, 2400) eb=Rect(0, 0 - 1080, 2400) epz=Point(1080, 2400) d=0 taskParent=-1 winMode=1 userId=0},{m=TO_BACK f=IS_WALLPAPER leash=Surface(name=WallpaperWindowToken{52b99b6}#55)/@0x38a2c18 sb=Rect(0, 0 - 1080, 2400) eb=Rect(0, 0 - 1080, 2400) epz=Point(1080, 2400) d=0}]}
07-01 10:08:35.123   976  1041 V WindowManagerShell: loadAnimation: anim=android.view.animation.AnimationSet@7cef4d7 animAttr=0x13 type=OPEN isEntrance=false
07-01 10:08:35.126 27470 27563 W HWUI    : Failed to choose config with EGL_SWAP_BEHAVIOR_PRESERVED, retrying without...
07-01 10:08:35.126 27470 27563 W HWUI    : Failed to initialize 101010-2 format, error = EGL_SUCCESS
07-01 10:08:35.127   976  1041 V WindowManagerShell: loadAnimation: anim=android.view.animation.AnimationSet@701f1c4 animAttr=0x12 type=OPEN isEntrance=true
07-01 10:08:35.128   976  1041 V WindowManagerShell:  animated by com.android.wm.shell.transition.DefaultTransitionHandler@72b636b
07-01 10:08:35.128   976  1041 V ShellTaskOrganizer: Task appeared taskId=585 listener=FullscreenTaskListener
07-01 10:08:35.129   976  1041 V ShellTaskOrganizer: Fullscreen Task Appeared: #585
07-01 10:08:35.129   692  2084 V ActivityTaskManager: TaskLaunchParamsModifier: phase=3 task=Task{c33f151 #585 type=standard A=10233:com.aiquota.mobile} activity=ActivityRecord{225433337 u0 com.aiquota.mobile/.providers.WebLoginActivity t-1} display-area-from-source=DefaultTaskDisplayArea@146288658 display-id=0 task-display-area-windowing-mode=1 suggested-display-area=DefaultTaskDisplayArea@146288658 inherit-from-source=fullscreen non-freeform-task-display-area display-area=DefaultTaskDisplayArea@146288658 skip-bounds-fullscreen
07-01 10:08:35.129   692  2084 I ActivityTaskManager: START u0 {xflg=0x4 cmp=com.aiquota.mobile/.providers.WebLoginActivity (has extras)} with LAUNCH_MULTIPLE from uid 10233 (com.aiquota.mobile) (sr=218379896) (BAL_ALLOW_VISIBLE_WINDOW) result code=0
07-01 10:08:35.132   976  1041 V RecentTasksController: Notify recent tasks changed
07-01 10:08:35.139   976  1041 V WindowManagerShell: Transition requested (#106): android.os.BinderProxy@515d8ad TransitionRequestInfo { type = OPEN, triggerTask = TaskInfo{userId=0 taskId=585 effectiveUid=10233 displayId=0 isRunning=true baseIntent=Intent { flg=0x10000000 cmp=com.aiquota.mobile/.debug.ProviderLoginDebugActivity } baseActivity=ComponentInfo{com.aiquota.mobile/com.aiquota.mobile.debug.ProviderLoginDebugActivity} topActivity=ComponentInfo{com.aiquota.mobile/com.aiquota.mobile.providers.WebLoginActivity} origActivity=null realActivity=ComponentInfo{com.aiquota.mobile/com.aiquota.mobile.debug.ProviderLoginDebugActivity} realActivityIsAppLockEnabled=false numActivities=2 lastActiveTime=13381485 supportsMultiWindow=true supportsMultiWindowWithoutConstraints=true resizeMode=1 isResizeable=true minWidth=-1 minHeight=-1 defaultMinSize=220 token=WCT{android.os.BinderProxy@79f6c1b} topActivityType=1 pictureInPictureParams=null shouldDockBigOverlays=false launchIntoPipHostTaskId=-1 lastParentTaskIdBeforePip=-1 displayCutoutSafeInsets=Rect(0, 0 - 0, 0) topActivityInfo=ActivityInfo{52027e2 com.aiquota.mobile.providers.WebLoginActivity} launchCookies=[] positionInParent=Point(0, 0) parentTaskId=-1 isFocused=true isInteractive=true isVisible=true isVisibleRequested=true isTopActivityNoDisplay=false isSleeping=false locusId=null displayAreaFeatureId=1 isTopActivityTransparent=false isActivityStackTransparent=false lastNonFullscreenBounds=null leafTaskBoundsFromOptions= false capturedLink=null capturedLinkTimestamp=0 requestedVisibleTypes=503 topActivityRequestOpenInBrowserEducationTimestamp=0 appCompatTaskInfo=AppCompatTaskInfo { topActivityInSizeCompat=false isLeafTask= true eligibleForLetterboxEducation= false isLetterboxEducationEnabled= true isLetterboxDoubleTapEnabled= false eligibleForUserAspectRatioButton= false topActivityBoundsLetterboxed= false isFromLetterboxDoubleTap= false topActivityLetterboxVerticalPosition= -1 topActivityLetterboxHorizontalPosition= -1 topActivityLetterboxWidth=-1 topActivityLetterboxHeight=-1 topActivityAppBounds=Rect(0, 0 - 1080, 2400) isUserFullscreenOverrideEnabled=false isSystemFullscreenOverrideEnabled=false hasMinAspectRatioOverride=false topActivityLetterboxBounds=null topNonResizableActivityAspectRatio=-1.0} topActivityMainWindowFrame=null isAppBubble=false}, pipChange = null, remoteTransitionInfo = null, displayChanges = null, requestedLocation = null, userChange = null, windowingLayerChange = null, fullscreenRequestChange = null, flags = 0, debugId = 106 }
07-01 10:08:35.140   976  1041 W DisconnectHandler: No disconnect change found in the transition, not handling request.
07-01 10:08:35.140   976  1041 V ShellDesktopMode: DesktopTasksController: skipping handleRequest reason=triggerTask's display doesn't support desktop mode
07-01 10:08:35.140   976  1041 D ShellSplitScreen: logExit: no-op, mLoggerSessionId is null
07-01 10:08:35.144 27470 27470 D CompatChangeReporter: Compat change id reported: 309578419; UID 10233; state: ENABLED
07-01 10:08:35.151   692  2084 W ProcessStats: Tracking association SourceState{926a158 system/1000 ImpBg #12490} whose proc state 6 is better than process ProcessState{426a6d5 com.android.vending/10153 pkg=com.android.vending} proc state 14 (0 skipped)
07-01 10:08:35.159  4822  4822 I Finsky  : [2] SCH: job service start with id 9265.
07-01 10:08:35.172   692   712 V WindowManager: Sent Transition (#106) createdAt=07-01 10:08:35.122 via request=TransitionRequestInfo { type = OPEN, triggerTask = TaskInfo{userId=0 taskId=585 effectiveUid=10233 displayId=0 isRunning=true baseIntent=Intent { flg=0x10000000 cmp=com.aiquota.mobile/.debug.ProviderLoginDebugActivity } baseActivity=ComponentInfo{com.aiquota.mobile/com.aiquota.mobile.debug.ProviderLoginDebugActivity} topActivity=ComponentInfo{com.aiquota.mobile/com.aiquota.mobile.providers.WebLoginActivity} origActivity=null realActivity=ComponentInfo{com.aiquota.mobile/com.aiquota.mobile.debug.ProviderLoginDebugActivity} realActivityIsAppLockEnabled=false numActivities=2 lastActiveTime=13381485 supportsMultiWindow=true supportsMultiWindowWithoutConstraints=true resizeMode=1 isResizeable=true minWidth=-1 minHeight=-1 defaultMinSize=220 token=WCT{RemoteToken{9ed9cf2 Task{c33f151 #585 type=standard A=10233:com.aiquota.mobile}}} topActivityType=1 pictureInPictureParams=null shouldDockBigOverlays=false launchIntoPipHostTaskId=-1 lastParentTaskIdBeforePip=-1 displayCutoutSafeInsets=Rect(0, 0 - 0, 0) topActivityInfo=ActivityInfo{ffe9a6d com.aiquota.mobile.providers.WebLoginActivity} launchCookies=[] positionInParent=Point(0, 0) parentTaskId=-1 isFocused=true isInteractive=true isVisible=true isVisibleRequested=true isTopActivityNoDisplay=false isSleeping=false locusId=null displayAreaFeatureId=1 isTopActivityTransparent=false isActivityStackTransparent=false lastNonFullscreenBounds=null leafTaskBoundsFromOptions= false capturedLink=null capturedLinkTimestamp=0 requestedVisibleTypes=503 topActivityRequestOpenInBrowserEducationTimestamp=0 appCompatTaskInfo=AppCompatTaskInfo { topActivityInSizeCompat=false isLeafTask= true eligibleForLetterboxEducation= false isLetterboxEducationEnabled= true isLetterboxDoubleTapEnabled= false eligibleForUserAspectRatioButton= false topActivityBoundsLetterboxed= false isFromLetterboxDoubleTap= false topActivityLetterboxVerticalPosition= -1 topActivityLetterboxHorizontalPosition= -1 topActivityLetterboxWidth=-1 topActivityLetterboxHeight=-1 topActivityAppBounds=Rect(0, 0 - 1080, 2400) isUserFullscreenOverrideEnabled=false isSystemFullscreenOverrideEnabled=false hasMinAspectRatioOverride=false topActivityLetterboxBounds=null topNonResizableActivityAspectRatio=-1.0} topActivityMainWindowFrame=null isAppBubble=false}, pipChange = null, remoteTransitionInfo = null, displayChanges = null, requestedLocation = null, userChange = null, windowingLayerChange = null, fullscreenRequestChange = null, flags = 0, debugId = 106 }
07-01 10:08:35.172   692   712 V WindowManager:     startWCT=WindowContainerTransaction { changes= {} hops= [] flags= 0 errorCallbackToken=null taskFragmentOrganizer=null }
07-01 10:08:35.172   692   712 V WindowManager:     info={id=106 t=OPEN f=0x0 trk=0 r=[0@Point(0, 0)] c=[
07-01 10:08:35.172   692   712 V WindowManager:         {m=OPEN f=STARTING_WINDOW_TRANSFER|FILLS_TASK|IS_BEHIND_STARTING_WINDOW leash=Surface(name=ActivityRecord{225433337 u0 com.aiquota.mobile/.providers.WebLoginActivity t585}#851)/@0xcdff097 sb=Rect(0, 0 - 0, 0) eb=Rect(0, 0 - 1080, 2400) epz=Point(1080, 2400) d=-1->0 r=-1->0:-1 bc=fffafafa activity=ActivityTransitionInfo { component = ComponentInfo{com.aiquota.mobile/com.aiquota.mobile.providers.WebLoginActivity}, taskId = 585, appCompatTransitionInfo = null }},
07-01 10:08:35.172   692   712 V WindowManager:         {m=CLOSE f=FILLS_TASK|IS_BEHIND_STARTING_WINDOW|IS_OCCLUDED leash=Surface(name=ActivityRecord{218379896 u0 com.aiquota.mobile/.debug.ProviderLoginDebugActivity t585}#846)/@0x1cb2f16 sb=Rect(0, 0 - 1080, 2400) eb=Rect(0, 0 - 1080, 2400) epz=Point(1080, 2400) d=0 bc=fffafafa activity=ActivityTransitionInfo { component = ComponentInfo{com.aiquota.mobile/com.aiquota.mobile.debug.ProviderLoginDebugActivity}, taskId = 585, appCompatTransitionInfo = null }}
07-01 10:08:35.172   692   712 V WindowManager:     ]}
07-01 10:08:35.174   976   991 V WindowManagerShell: onTransitionReady(transaction=2972117376471)
07-01 10:08:35.174   976  1041 V WindowManagerShell: onTransitionReady (#106) android.os.BinderProxy@515d8ad: {id=106 t=OPEN f=0x0 trk=0 r=[0@Point(0, 0)] c=[
07-01 10:08:35.174   976  1041 V WindowManagerShell:         {m=OPEN f=STARTING_WINDOW_TRANSFER|FILLS_TASK|IS_BEHIND_STARTING_WINDOW leash=Surface(name=ActivityRecord{225433337 u0 com.aiquota.mobile/.providers.WebLoginActivity t585}#851)/@0xd6452a9 sb=Rect(0, 0 - 0, 0) eb=Rect(0, 0 - 1080, 2400) epz=Point(1080, 2400) d=-1->0 r=-1->0:-1 bc=fffafafa activity=ActivityTransitionInfo { component = ComponentInfo{com.aiquota.mobile/com.aiquota.mobile.providers.WebLoginActivity}, taskId = 585, appCompatTransitionInfo = null }},
07-01 10:08:35.174   976  1041 V WindowManagerShell:         {m=CLOSE f=FILLS_TASK|IS_BEHIND_STARTING_WINDOW|IS_OCCLUDED leash=Surface(name=ActivityRecord{218379896 u0 com.aiquota.mobile/.debug.ProviderLoginDebugActivity t585}#846)/@0xc9ce02e sb=Rect(0, 0 - 1080, 2400) eb=Rect(0, 0 - 1080, 2400) epz=Point(1080, 2400) d=0 bc=fffafafa activity=ActivityTransitionInfo { component = ComponentInfo{com.aiquota.mobile/com.aiquota.mobile.debug.ProviderLoginDebugActivity}, taskId = 585, appCompatTransitionInfo = null }}
07-01 10:08:35.174   976  1041 V WindowManagerShell:     ]}
07-01 10:08:35.175   976  1041 V WindowManagerShell: Non-visible anim so abort: (#106) android.os.BinderProxy@515d8ad@0
07-01 10:08:35.175   976  1041 V WindowManagerShell: Transition was merged: (#106) android.os.BinderProxy@515d8ad@0 into (#105) android.os.BinderProxy@1d162a@0
07-01 10:08:35.184  1124  1124 D RecentTasksList: invalidateLoadedTasks - previous requestLoadId: -1
07-01 10:08:35.185  1124  1124 D RecentTasksList: invalidateLoadedTasks - previous requestLoadId: -1
07-01 10:08:35.185   527   541 I libbinder.BpBinder: onLastStrongRef automatically unlinking death recipients for binder (0x7594bf0471c0) with descriptor: '(not cached)'
07-01 10:08:35.214  4822 27465 I Finsky  : [538] SCH: Satisfied jobs for 9265 are: 12-1
07-01 10:08:35.221 27470 27470 I WebViewFactory: Loading com.google.android.webview version 148.0.7778.215 (code 777821508)
07-01 10:08:35.226 27470 27470 V ResourcesManager: The following library key has been added: ResourcesKey{ mHash=aa554488 mResDir=null mSplitDirs=[] mOverlayDirs=[] mLibDirs=[/data/app/~~gRZDsxlqZCLB7oCd7TOaUA==/com.google.android.webview-YT9iMlxeDceFosa4dJznZw==/base.apk,/system/framework/android.test.base.jar,/system_ext/framework/androidx.window.extensions.jar] mDisplayId=0 mOverrideConfig=v37 mCompatInfo={420dpi always-compat} mLoaders=[]}
07-01 10:08:35.228 27470 27470 D ApplicationLoaders: Returning zygote-cached class loader: /system/framework/android.test.base.jar
07-01 10:08:35.228 27470 27470 D ApplicationLoaders: Returning zygote-cached class loader: /system_ext/framework/androidx.window.extensions.jar
07-01 10:08:35.229 27470 27470 W .aiquota.mobile: Loading /data/app/~~gRZDsxlqZCLB7oCd7TOaUA==/com.google.android.webview-YT9iMlxeDceFosa4dJznZw==/oat/x86_64/base.odex non-executable as it requires an image which we failed to load
07-01 10:08:35.230 27470 27470 D nativeloader: Configuring clns-10 for other apk /data/app/~~gRZDsxlqZCLB7oCd7TOaUA==/com.google.android.webview-YT9iMlxeDceFosa4dJznZw==/base.apk. target_sdk_version=36, uses_libraries=, library_path=/data/app/~~gRZDsxlqZCLB7oCd7TOaUA==/com.google.android.webview-YT9iMlxeDceFosa4dJznZw==/lib/x86_64:/data/app/~~gRZDsxlqZCLB7oCd7TOaUA==/com.google.android.webview-YT9iMlxeDceFosa4dJznZw==/base.apk!/lib/x86_64, permitted_path=/data:/mnt/expand
07-01 10:08:35.231  1119  1246 D SatelliteController: isInCarrierRoamingNbIotNtn: satellite is disabled
07-01 10:08:35.231  1119  1246 D SatelliteController: getCarrierRoamingNtnConnectType: Checking connect type from PLMN config for subId: 1
07-01 10:08:35.232  1119  1246 D TelephonyConfigUpdateInstallReceiver: getConfigParser: domain=satellite
07-01 10:08:35.232  1119  1246 V SatelliteController: satelliteConfigParser is not ready
07-01 10:08:35.232  1119  1246 D SatelliteController: isSatelliteAttachSupportedViaConfigupdater: return null (satelliteConfig is null)
07-01 10:08:35.233  4822 27567 I Finsky  : [548] SCH: Job 12-1 starting
07-01 10:08:35.235  1119  1246 D SatelliteController: getSatellitePerPlmnConfiguration: invalid subId or not supported via carrier.
07-01 10:08:35.235  1119  1246 D SatelliteController: getCarrierRoamingNtnConnectType: config: null
07-01 10:08:35.235  1119  1246 D TelephonyConfigUpdateInstallReceiver: getConfigParser: domain=satellite
07-01 10:08:35.235  1119  1246 V SatelliteController: satelliteConfigParser is not ready
07-01 10:08:35.235  1119  1246 D SatelliteController: getCarrierRoamingNtnConnectTypeViaConfigUpdater: return null (satelliteConfig is null)
07-01 10:08:35.235  1119  1246 D SatelliteController: getCarrierRoamingNtnConnectType: Falling back to global carrier config connect type: 0
07-01 10:08:35.235  1119  1246 D TelephonyConfigUpdateInstallReceiver: getConfigParser: domain=satellite
07-01 10:08:35.235  1119  1246 V SatelliteController: satelliteConfigParser is not ready
07-01 10:08:35.235  1119  1246 D SatelliteController: isSatelliteAttachSupportedViaConfigupdater: return null (satelliteConfig is null)
07-01 10:08:35.236  1119  1246 D SatelliteController: getCarrierRoamingNtnConnectType: Checking connect type from PLMN config for subId: 1
07-01 10:08:35.236  1119  1246 D TelephonyConfigUpdateInstallReceiver: getConfigParser: domain=satellite
07-01 10:08:35.236  1119  1246 V SatelliteController: satelliteConfigParser is not ready
07-01 10:08:35.236  1119  1246 D SatelliteController: isSatelliteAttachSupportedViaConfigupdater: return null (satelliteConfig is null)
07-01 10:08:35.236  1119  1246 D SatelliteController: getSatellitePerPlmnConfiguration: invalid subId or not supported via carrier.
07-01 10:08:35.236  1119  1246 D SatelliteController: getCarrierRoamingNtnConnectType: config: null
07-01 10:08:35.236  1119  1246 D TelephonyConfigUpdateInstallReceiver: getConfigParser: domain=satellite
07-01 10:08:35.236  1119  1246 V SatelliteController: satelliteConfigParser is not ready
07-01 10:08:35.236  1119  1246 D SatelliteController: getCarrierRoamingNtnConnectTypeViaConfigUpdater: return null (satelliteConfig is null)
07-01 10:08:35.236  1119  1246 D SatelliteController: getCarrierRoamingNtnConnectType: Falling back to global carrier config connect type: 0
07-01 10:08:35.236  1119  1246 D TelephonyConfigUpdateInstallReceiver: getConfigParser: domain=satellite
07-01 10:08:35.236  1119  1246 V SatelliteController: satelliteConfigParser is not ready
07-01 10:08:35.236  1119  1246 D SatelliteController: isSatelliteAttachSupportedViaConfigupdater: return null (satelliteConfig is null)
07-01 10:08:35.242  4822  4822 I Finsky  : [2] WM::SCH: Logging work start for 12-1
07-01 10:08:35.259 27470 27470 I cr_WVCFactoryProvider: version=148.0.7778.215 (777821508) minSdkVersion=29 multiprocess=true packageId=2 splits=<none>
07-01 10:08:35.266   527   549 W skia    : AGTM parsing failed flags.readFromStream(s) at 159
07-01 10:08:35.266   527   549 W skia    : AGTM parsing failed flags.readFromStream(s) at 159
07-01 10:08:35.272  4822  4822 I Finsky  : [2] [ContentSync] job started
07-01 10:08:35.273   976  1041 V RecentTasksController: Notify recent tasks changed
07-01 10:08:35.274   976  1041 V RecentTasksController: generateList(getRecentTasks)
07-01 10:08:35.275   976  1041 V RecentTasksController: initializeDesksMap - allDeskIds: []
07-01 10:08:35.275   976  1041 V RecentTasksController: Task 585 is not an active desktop task
07-01 10:08:35.275   976  1041 V RecentTasksController: Added fullscreen task: 585
07-01 10:08:35.275   976  1041 V RecentTasksController: Task 496 is not an active desktop task
07-01 10:08:35.275   976  1041 V RecentTasksController: Added fullscreen task: 496
07-01 10:08:35.275   976  1041 V RecentTasksController: Task 509 is not an active desktop task
07-01 10:08:35.275   976  1041 V RecentTasksController: Added fullscreen task: 509
07-01 10:08:35.275   976  1041 V RecentTasksController: generateList - complete
07-01 10:08:35.276  1124  1124 D RecentTasksList: invalidateLoadedTasks - previous requestLoadId: -1
07-01 10:08:35.278  1124  1223 D PreloadThumbnailUseCase: Preloading thumbnails for task ids: [[id=509 windowingMode=0 user=0 lastActiveTime=23280] null, [id=496 windowingMode=0 user=0 lastActiveTime=23281] null, [id=585 windowingMode=1 user=0 lastActiveTime=13381522] null]
07-01 10:08:35.294 27470 27470 D nativeloader: Load /data/app/~~gRZDsxlqZCLB7oCd7TOaUA==/com.google.android.webview-YT9iMlxeDceFosa4dJznZw==/base.apk!/lib/x86_64/libwebviewchromium.so using class loader ns clns-10 (caller=/data/app/~~gRZDsxlqZCLB7oCd7TOaUA==/com.google.android.webview-YT9iMlxeDceFosa4dJznZw==/base.apk): ok
07-01 10:08:35.297 27470 27470 D nativeloader: Load /system/lib64/libwebviewchromium_plat_support.so using class loader ns clns-10 (caller=/data/app/~~gRZDsxlqZCLB7oCd7TOaUA==/com.google.android.webview-YT9iMlxeDceFosa4dJznZw==/base.apk): ok
07-01 10:08:35.308   692  2084 I PackageManager: getInstalledPackages: callingUid=10153 flags=134217728 updatedFlags=135004160 userId=0
07-01 10:08:35.313 27470 27572 E chromium: [ERROR:android_webview/browser/variations/variations_seed_loader.cc:39] Seed missing signature.
07-01 10:08:35.313 27470 27572 I chromium: [INFO:android_webview/browser/variations/variations_seed_loader.cc:67] Failed to open file for reading.: No such file or directory (2)
07-01 10:08:35.316 27470 27470 I cr_LibraryLoader: Successfully loaded native library
07-01 10:08:35.317 27470 27470 I cr_CachingUmaRecorder: Flushed 16 samples from 16 histograms, 0 samples were dropped.
07-01 10:08:35.338 27470 27470 I cr_ChildProcLH: ScopedServiceBindingBatch.tryActivate: false
07-01 10:08:35.339 27470 27470 I cr_CombinedPProvider: #registerProvider() provider:WV.wk@8564916 isPolicyCacheEnabled:false policyProvidersSize:0
07-01 10:08:35.340 27470 27470 I cr_PolicyProvider: #setManagerAndSource() 0
07-01 10:08:35.343 27470 27470 I cr_DisplayManager: Is Display Topology available: false
07-01 10:08:35.351   692  2084 V GrammaticalInflectionUtils: AttributionSource: android.content.AttributionSource@407f8dca does not have READ_SYSTEM_GRAMMATICAL_GENDER permission.
07-01 10:08:35.357  1047  1047 D Zygote  : Forked child process 27580
07-01 10:08:35.361   692   725 I libprocessgroup: Created cgroup /sys/fs/cgroup/apps/uid_99030
07-01 10:08:35.362 27470 27470 I cr_CombinedPProvider: #linkNativeInternal() 1
07-01 10:08:35.362 27470 27470 I cr_AppResProvider: #getApplicationRestrictionsFromUserManager() Bundle[EMPTY_PARCEL]
07-01 10:08:35.362 27470 27470 I cr_PolicyProvider: #notifySettingsAvailable() 0
07-01 10:08:35.362 27470 27470 I cr_CombinedPProvider: #onSettingsAvailable() 0
07-01 10:08:35.362 27470 27470 I cr_CombinedPProvider: #flushPolicies()
07-01 10:08:35.363   692   725 I libprocessgroup: Created cgroup /sys/fs/cgroup/apps/uid_99030/pid_27580
07-01 10:08:35.366 27580 27580 I Zygote  : Process 27580 created for com.google.android.webview:sandboxed_process0:org.chromium.content.app.SandboxedProcessService0:0
07-01 10:08:35.366 27580 27580 I ocessService0:0: Using generational CollectorTypeCMC GC.
07-01 10:08:35.367 27580 27580 W ocessService0:0: Unexpected CPU variant for x86: x86_64.
07-01 10:08:35.367 27580 27580 W ocessService0:0: Known variants: atom, sandybridge, silvermont, goldmont, goldmont-plus, goldmont-without-sha-xsaves, tremont, kabylake, alderlake, pantherlake, default
07-01 10:08:35.367   527   549 W skia    : AGTM parsing failed flags.readFromStream(s) at 159
07-01 10:08:35.368   527   549 W skia    : AGTM parsing failed flags.readFromStream(s) at 159
07-01 10:08:35.368   527   549 W skia    : AGTM parsing failed flags.readFromStream(s) at 159
07-01 10:08:35.372   692   725 I ActivityManager: Start proc 27580:com.google.android.webview:sandboxed_process0:org.chromium.content.app.SandboxedProcessService0:0/u0i30 for bound-service {com.aiquota.mobile/org.chromium.content.app.SandboxedProcessService0:0}
07-01 10:08:35.374 27580 27580 D nativeloader: Load libframework-connectivity-tiramisu-jni.so using APEX ns com_android_tethering for caller /apex/com.android.tethering/javalib/framework-connectivity-t.jar: ok
07-01 10:08:35.393 27470 27470 W chromium: [WARNING:android_webview/browser/network_service/net_helpers.cc:137] HTTP Cache size is: 20971520
07-01 10:08:35.407 27580 27580 D ApplicationLoaders: Returning zygote-cached class loader: /system/framework/android.test.base.jar
07-01 10:08:35.407 27580 27580 D ApplicationLoaders: Returning zygote-cached class loader: /system_ext/framework/androidx.window.extensions.jar
07-01 10:08:35.419 27580 27580 E ActivityThread: ConnectivityService is null in handleBindApplication!
07-01 10:08:35.421 27580 27580 I cr_WebViewApkApp: version=148.0.7778.215 (777821508) minSdkVersion=29 processName=com.google.android.webview:sandboxed_process0:org.chromium.content.app.SandboxedProcessService0:0 splits=<none>
07-01 10:08:35.435 27580 27580 I cr_ChildProcessService: Creating new ChildProcessService pid=27580
07-01 10:08:35.452   976  1041 V WindowManagerShell: Transition animation finished (aborted=false), notifying core (#105) android.os.BinderProxy@1d162a@0
07-01 10:08:35.466   976  1360 D WallpaperService: onVisibilityChanged(false): com.android.systemui.wallpapers.ImageWallpaper$CanvasEngine@134e1c5
07-01 10:08:35.467  1124  1124 D VRI[NexusLauncherActivity]: visibilityChanged oldVisibility=true newVisibility=false
07-01 10:08:35.470   692   712 V WindowManager: Finish Transition (#105): created at 07-01 10:08:34.938 collect-started=0.091ms request-sent=6.861ms started=11.034ms ready=31.947ms sent=169.795ms commit=43.953ms finished=523.525ms
07-01 10:08:35.470   527   549 W skia    : AGTM parsing failed flags.readFromStream(s) at 159
07-01 10:08:35.476  4822  4822 W Finsky  : [2] STU: Failed to get storage stats for package 'com.android.hardware.threadnetwork' (1601: Error getting stats: android.content.pm.PackageManager.NameNotFoundException)
07-01 10:08:35.478  1124  1124 D SmartspaceInteractor: notifySmartspaceEvent: SmartspaceTargetEvent{mSmartspaceTarget=null, mSmartspaceActionId='null', mEventType=7}
07-01 10:08:35.495   954   954 I wpa_supplicant: wlan0: CTRL-EVENT-BEACON-LOSS 
07-01 10:08:35.495  4822  4822 W Finsky  : [2] STU: Failed to get storage stats for package 'com.google.android.uprobestats' (1601: Error getting stats: android.content.pm.PackageManager.NameNotFoundException)
07-01 10:08:35.500   692   712 V WindowManager: Finish Transition (#106): created at 07-01 10:08:35.122 collect-started=0.026ms request-sent=5.609ms started=18.766ms ready=42.608ms sent=49.09ms commit=294.786ms finished=376.562ms
07-01 10:08:35.500   976  1041 V WindowManagerShell: Track 0 became idle
07-01 10:08:35.500   976  1041 V WindowManagerShell: All active transition animations finished
07-01 10:08:35.507   692  2048 D ConnectivityService: requestNetwork for uid/pid:10233/27470 activeRequest: null callbackRequest: 2156 [NetworkRequest [ REQUEST id=2157, [ Capabilities: INTERNET&NOT_RESTRICTED&TRUSTED&NOT_VCN_MANAGED&NOT_BANDWIDTH_CONSTRAINED Uid: 10233 RequestorUid: 10233 RequestorPkg: com.aiquota.mobile UnderlyingNetworks: Null] ]] callback flags: 0 order: 2147483647 isUidTracked: false declaredMethods: AVAIL|LOST|NC|LP
07-01 10:08:35.508   692   860 D WifiNetworkFactory: got request NetworkRequest [ REQUEST id=2157, [ Capabilities: INTERNET&NOT_RESTRICTED&TRUSTED&NOT_VCN_MANAGED&NOT_BANDWIDTH_CONSTRAINED Uid: 10233 RequestorUid: 10233 RequestorPkg: com.aiquota.mobile UnderlyingNetworks: Null] ]
07-01 10:08:35.508   692   866 D ConnectivityService: NetReassign [2157 : null → 100] [c 0] [a 0] [i 1]
07-01 10:08:35.508   692   860 D UntrustedWifiNetworkFactory: got request NetworkRequest [ REQUEST id=2157, [ Capabilities: INTERNET&NOT_RESTRICTED&TRUSTED&NOT_VCN_MANAGED&NOT_BANDWIDTH_CONSTRAINED Uid: 10233 RequestorUid: 10233 RequestorPkg: com.aiquota.mobile UnderlyingNetworks: Null] ]
07-01 10:08:35.508   692   860 D OemPaidWifiNetworkFactory: got request NetworkRequest [ REQUEST id=2157, [ Capabilities: INTERNET&NOT_RESTRICTED&TRUSTED&NOT_VCN_MANAGED&NOT_BANDWIDTH_CONSTRAINED Uid: 10233 RequestorUid: 10233 RequestorPkg: com.aiquota.mobile UnderlyingNetworks: Null] ]
07-01 10:08:35.508   692   860 D MultiInternetWifiNetworkFactory: got request NetworkRequest [ REQUEST id=2157, [ Capabilities: INTERNET&NOT_RESTRICTED&TRUSTED&NOT_VCN_MANAGED&NOT_BANDWIDTH_CONSTRAINED Uid: 10233 RequestorUid: 10233 RequestorPkg: com.aiquota.mobile UnderlyingNetworks: Null] ]
07-01 10:08:35.510   692  2009 D CompatChangeReporter: Compat change id reported: 319212206; UID 10233; state: ENABLED
07-01 10:08:35.510  4822  4822 W Finsky  : [2] STU: Failed to get storage stats for package 'com.android.hardware.vibrator' (1601: Error getting stats: android.content.pm.PackageManager.NameNotFoundException)
07-01 10:08:35.511   692   866 D ConnectivityService: NetReassign [no changes] [c 1] [a 0] [i 1]
07-01 10:08:35.535  4822  4822 W Finsky  : [2] STU: Failed to get storage stats for package 'com.google.android.uwb' (1601: Error getting stats: android.content.pm.PackageManager.NameNotFoundException)
07-01 10:08:35.537  4822  4822 W Finsky  : [2] STU: Failed to get storage stats for package 'com.google.android.bt' (1601: Error getting stats: android.content.pm.PackageManager.NameNotFoundException)
07-01 10:08:35.541  4822  4822 W Finsky  : [2] STU: Failed to get storage stats for package 'com.google.android.widevine.nonupdatable' (1601: Error getting stats: android.content.pm.PackageManager.NameNotFoundException)
07-01 10:08:35.549  4822  4822 W Finsky  : [2] STU: Failed to get storage stats for package 'com.google.android.tzdata6' (1601: Error getting stats: android.content.pm.PackageManager.NameNotFoundException)
07-01 10:08:35.558  4822  4822 W Finsky  : [2] STU: Failed to get storage stats for package 'com.google.android.permission' (1601: Error getting stats: android.content.pm.PackageManager.NameNotFoundException)
07-01 10:08:35.566  4822  4822 W Finsky  : [2] STU: Failed to get storage stats for package 'com.google.android.gmssystem' (1601: Error getting stats: android.content.pm.PackageManager.NameNotFoundException)
07-01 10:08:35.572 27470 27596 W cr_media: BLUETOOTH_CONNECT permission is missing.
07-01 10:08:35.572 27470 27596 W cr_media: getBluetoothAdapter() requires BLUETOOTH permission
07-01 10:08:35.572 27470 27596 W cr_media: registerBluetoothIntentsIfNeeded: Requires BLUETOOTH permission
07-01 10:08:35.574   527   549 W skia    : AGTM parsing failed flags.readFromStream(s) at 159
07-01 10:08:35.577 27580 27605 I cr_LibraryLoader: Successfully loaded native library
07-01 10:08:35.577 27580 27605 I cr_CachingUmaRecorder: Flushed 2 samples from 2 histograms, 0 samples were dropped.
07-01 10:08:35.579 27470 27609 W libc    : Access denied finding property "vendor.mesa.virtgpu.kumquat"
07-01 10:08:35.579 27470 27609 W libc    : Access denied finding property "vendor.mesa.log"
07-01 10:08:35.579 27470 27609 W libc    : Access denied finding property "vendor.mesa.log.level"
07-01 10:08:35.579 27470 27609 W libc    : Access denied finding property "vendor.mesa.log.prefix"
07-01 10:08:35.579 27470 27609 W libc    : Access denied finding property "vendor.mesa.gallium.print.options"
07-01 10:08:35.579 27470 27609 W libc    : Access denied finding property "vendor.mesa.log.file.auto"
07-01 10:08:35.579 27470 27609 W libc    : Access denied finding property "vendor.mesa.log.file"
07-01 10:08:35.579 27470 27609 E MESA    : Failed to open rendernode: No such file or directory
07-01 10:08:35.579 27470 27609 W libc    : Access denied finding property "vendor.mesa.virtgpu.kumquat"
07-01 10:08:35.579 27470 27609 E MESA    : Failed to open rendernode: No such file or directory
07-01 10:08:35.579 27470 27609 D vulkan  : searching for layers in '/data/app/~~UlOWMqS7PY2F8wUcwlL8-A==/com.aiquota.mobile-kRjOJvF_lEPWVstQyXCaTQ==/lib/x86_64'
07-01 10:08:35.580 27470 27609 D vulkan  : searching for layers in '/data/app/~~UlOWMqS7PY2F8wUcwlL8-A==/com.aiquota.mobile-kRjOJvF_lEPWVstQyXCaTQ==/base.apk!/lib/x86_64'
07-01 10:08:35.580 27470 27609 W libc    : Access denied finding property "vendor.mesa.virtgpu.kumquat"
07-01 10:08:35.580 27470 27609 E MESA    : Failed to open rendernode: No such file or directory
07-01 10:08:35.580 27470 27609 W libc    : Access denied finding property "vendor.mesa.virtgpu.kumquat"
07-01 10:08:35.580 27470 27609 E MESA    : Failed to open rendernode: No such file or directory
07-01 10:08:35.580 27470 27609 W libc    : Access denied finding property "vendor.mesa.virtgpu.kumquat"
07-01 10:08:35.580 27470 27609 E MESA    : Failed to open rendernode: No such file or directory
07-01 10:08:35.580 27470 27609 W libc    : Access denied finding property "vendor.mesa.virtgpu.kumquat"
07-01 10:08:35.580 27470 27609 E MESA    : Failed to open rendernode: No such file or directory
07-01 10:08:35.580 27470 27609 W libc    : Access denied finding property "vendor.mesa.virtgpu.kumquat"
07-01 10:08:35.580 27470 27609 E MESA    : Failed to open rendernode: No such file or directory
07-01 10:08:35.581 27470 27609 W libc    : Access denied finding property "vendor.mesa.virtgpu.kumquat"
07-01 10:08:35.583 27470 27583 D AIQuotaLogin: provider=glm resource=https://z.ai/manage-apikey/coding-plan/personal/usage
07-01 10:08:35.587 27470 27470 D CompatChangeReporter: Compat change id reported: 349153669; UID 10233; state: ENABLED
07-01 10:08:35.588 27470 27470 W HWUI    : Unknown dataspace 0
07-01 10:08:35.592 27580 27605 W chromium: [WARNING:content/child/runtime_features.cc:540] Fenced frames cannot be enabled in this configuration. Use --enable-features=FencedFrames instead.
07-01 10:08:35.592 27580 27605 W chromium: [WARNING:content/child/runtime_features.cc:565] Topics cannot be enabled in this configuration. Use --enable-features=BrowsingTopics in addition.
07-01 10:08:35.592 27580 27605 W chromium: [WARNING:content/child/runtime_features.cc:586] SharedStorage cannot be enabled in this configuration. Use --enable-features=SharedStorageAPI in addition.
07-01 10:08:35.599 27470 27596 D AudioSystem: onNewService: media.audio_policy service obtained 0x734a37ad7980
07-01 10:08:35.600   692  2078 W InputChannel-JNI: Channel already disposed.
07-01 10:08:35.600 27470 27596 D AudioSystem: getService: IAudioPolicyService retrieved: 0x734a37ad7980  cached: 0x734a37ad7980
07-01 10:08:35.602  4822  4822 W Finsky  : [2] STU: Failed to get storage stats for package 'com.google.android.wifi' (1601: Error getting stats: android.content.pm.PackageManager.NameNotFoundException)
07-01 10:08:35.606 27580 27618 I chromium: [INFO:third_party/skia/src/ports/SkFontMgr_android_parser.cpp:723] [SkFontMgr Android Parser] '/product/etc/fonts_customization.xml' could not be opened
07-01 10:08:35.606 27580 27618 I chromium: 
07-01 10:08:35.606  4822  4822 W Finsky  : [2] STU: Failed to get storage stats for package 'com.android.hardware.contexthub' (1601: Error getting stats: android.content.pm.PackageManager.NameNotFoundException)
07-01 10:08:35.607  4822  4822 W Finsky  : [2] STU: Failed to get storage stats for package 'com.android.hardware.authsecret' (1601: Error getting stats: android.content.pm.PackageManager.NameNotFoundException)
07-01 10:08:35.640  1331  1339 I FontLog : (REDACTED) Received query %s, URI %s
07-01 10:08:35.640  1331  1339 I FontLog : (REDACTED) Query [%s] resolved to %s
07-01 10:08:35.643 27470 27615 W libc    : Access denied finding property "vendor.mesa.virtgpu.kumquat"
07-01 10:08:35.644  4822  4822 W Finsky  : [2] STU: Failed to get storage stats for package 'com.android.apex.cts.shim' (1601: Error getting stats: android.content.pm.PackageManager.NameNotFoundException)
07-01 10:08:35.645  1331  1339 I FontLog : (REDACTED) Font PFD returned from cache for %s
07-01 10:08:35.645  1331  1339 I FontLog : (REDACTED) Fetch %s end status %s
07-01 10:08:35.645 27470 27627 I CameraManagerGlobal: Connecting to camera service
07-01 10:08:35.648  4822  4822 W Finsky  : [2] STU: Failed to get storage stats for package 'com.android.hardware.thermal' (1601: Error getting stats: android.content.pm.PackageManager.NameNotFoundException)
07-01 10:08:35.654  1331  2351 I FontLog : (REDACTED) Pulling font file for id = %d, cache size = %d
07-01 10:08:35.657  4822  4822 W Finsky  : [2] STU: Failed to get storage stats for package 'com.google.android.telephonycore' (1601: Error getting stats: android.content.pm.PackageManager.NameNotFoundException)
07-01 10:08:35.662  1331  2351 I FontLog : (REDACTED) Received query %s, URI %s
07-01 10:08:35.662  1331  2351 I FontLog : (REDACTED) Query [%s] resolved to %s
07-01 10:08:35.663  1331  2351 I FontLog : (REDACTED) Fetch %s end status %s
07-01 10:08:35.668  1331  2351 I FontLog : (REDACTED) Pulling font file for id = %d, cache size = %d
07-01 10:08:35.671 27470 27470 D VRI[WebLoginActivity]: WindowInsets changed: 1080x2400 statusBars:[0,132,0,0] navigationBars:[0,0,0,63] mandatorySystemGestures:[0,164,0,84] 
07-01 10:08:35.676   527   549 W skia    : AGTM parsing failed flags.readFromStream(s) at 159
07-01 10:08:35.678  1331  2351 I FontLog : (REDACTED) Received query %s, URI %s
07-01 10:08:35.678  1331  2351 I FontLog : (REDACTED) Query [%s] resolved to %s
07-01 10:08:35.678  1331  2351 I FontLog : (REDACTED) Font PFD returned from cache for %s
07-01 10:08:35.678 27470 27470 D WindowOnBackDispatcher: setTopOnBackInvokedCallback (unwrapped): android.view.ViewRootImpl$$ExternalSyntheticLambda14@9e32491
07-01 10:08:35.678  1331  2351 I FontLog : (REDACTED) Fetch %s end status %s
07-01 10:08:35.679 27470 27470 I HWUI    : Using FreeType backend (prop=Auto)
07-01 10:08:35.682   692  2048 D WindowManager: setClientSurface Surface(name=VRI-com.aiquota.mobile/com.aiquota.mobile.providers.WebLoginActivity#857)/@0x933c141 for d8aaca4 com.aiquota.mobile/com.aiquota.mobile.providers.WebLoginActivity
07-01 10:08:35.686   692  1239 D CoreBackPreview: Window{d8aaca4 u0 com.aiquota.mobile/com.aiquota.mobile.providers.WebLoginActivity}: Setting back callback OnBackInvokedCallbackInfo{mCallback=android.window.IOnBackInvokedCallback$Stub$Proxy@23aeb72, mPriority=0, mIsAnimationCallback=false, mOverrideBehavior=0}
07-01 10:08:35.686 27470 27470 I Surface : Creating surface for consumer unnamed-27470-0 with slotExpansion=1 for 64 slots
07-01 10:08:35.687  1331  2351 I FontLog : (REDACTED) Pulling font file for id = %d, cache size = %d
07-01 10:08:35.687 27470 27470 I Surface : Creating surface for consumer VRI[WebLoginActivity]#0(BLAST Consumer)0 with slotExpansion=1 for 64 slots
07-01 10:08:35.701  1331  1339 I FontLog : (REDACTED) Received query %s, URI %s
07-01 10:08:35.701  1331  1339 I FontLog : (REDACTED) Query [%s] resolved to %s
07-01 10:08:35.701  1331  1339 I FontLog : (REDACTED) Font PFD returned from cache for %s
07-01 10:08:35.703  1331  1339 I FontLog : (REDACTED) Fetch %s end status %s
07-01 10:08:35.709  4822  4822 W Finsky  : [2] STU: Failed to get storage stats for package 'com.google.android.appsearch' (1601: Error getting stats: android.content.pm.PackageManager.NameNotFoundException)
07-01 10:08:35.709  4822  4822 W Finsky  : [2] STU: Failed to get storage stats for package 'com.google.android.media.swcodec' (1601: Error getting stats: android.content.pm.PackageManager.NameNotFoundException)
07-01 10:08:35.736  1331  2351 I FontLog : (REDACTED) Pulling font file for id = %d, cache size = %d
07-01 10:08:35.742  4822  4822 W Finsky  : [2] STU: Failed to get storage stats for package 'com.google.android.art' (1601: Error getting stats: android.content.pm.PackageManager.NameNotFoundException)
07-01 10:08:35.762  4822  4822 W Finsky  : [2] STU: Failed to get storage stats for package 'com.google.android.profiling' (1601: Error getting stats: android.content.pm.PackageManager.NameNotFoundException)
07-01 10:08:35.768  4822  4822 W Finsky  : [2] STU: Failed to get storage stats for package 'com.google.android.mediaprovider' (1601: Error getting stats: android.content.pm.PackageManager.NameNotFoundException)
07-01 10:08:35.769  1331  1339 I FontLog : (REDACTED) Received query %s, URI %s
07-01 10:08:35.769  1331  1339 I FontLog : (REDACTED) Query [%s] resolved to %s
07-01 10:08:35.769  1331  1339 I FontLog : (REDACTED) Font PFD returned from cache for %s
07-01 10:08:35.770  1331  1339 I FontLog : (REDACTED) Fetch %s end status %s
07-01 10:08:35.771  1331  1339 I FontLog : (REDACTED) Pulling font file for id = %d, cache size = %d
07-01 10:08:35.778   527   549 W skia    : AGTM parsing failed flags.readFromStream(s) at 159
07-01 10:08:35.779  4822  4822 W Finsky  : [2] STU: Failed to get storage stats for package 'com.android.hardware.uwb' (1601: Error getting stats: android.content.pm.PackageManager.NameNotFoundException)
07-01 10:08:35.783  4822  4822 W Finsky  : [2] STU: Failed to get storage stats for package 'com.android.virt' (1601: Error getting stats: android.content.pm.PackageManager.NameNotFoundException)
07-01 10:08:35.785 27470 27477 I .aiquota.mobile: Background young concurrent mark compact GC freed 2519KB AllocSpace bytes, 18(976KB) LOS objects, 41% free, 4725KB/8085KB, paused 916us,8.109ms total 80.627ms
07-01 10:08:35.787  4822  4822 W Finsky  : [2] STU: Failed to get storage stats for package 'com.android.hardware.neuralnetworks' (1601: Error getting stats: android.content.pm.PackageManager.NameNotFoundException)
07-01 10:08:35.788  4822  4822 W Finsky  : [2] STU: Failed to get storage stats for package 'com.google.android.crashrecovery' (1601: Error getting stats: android.content.pm.PackageManager.NameNotFoundException)
07-01 10:08:35.789  4822  4822 W Finsky  : [2] STU: Failed to get storage stats for package 'com.google.android.adbd' (1601: Error getting stats: android.content.pm.PackageManager.NameNotFoundException)
07-01 10:08:35.792  4822  4822 W Finsky  : [2] STU: Failed to get storage stats for package 'com.google.android.resolv' (1601: Error getting stats: android.content.pm.PackageManager.NameNotFoundException)
07-01 10:08:35.797   692   712 I ActivityTaskManager: Displayed com.aiquota.mobile/.providers.WebLoginActivity for user 0: +861ms
07-01 10:08:35.804  4822  4822 W Finsky  : [2] STU: Failed to get storage stats for package 'com.android.i18n' (1601: Error getting stats: android.content.pm.PackageManager.NameNotFoundException)
07-01 10:08:35.808 27580 27605 E ashmem  : readlink(/proc/self/fd/115) failed: Operation not permitted
07-01 10:08:35.816  4822  4822 W Finsky  : [2] STU: Failed to get storage stats for package 'com.android.hardware.dumpstate' (1601: Error getting stats: android.content.pm.PackageManager.NameNotFoundException)
07-01 10:08:35.816  4822  4822 W Finsky  : [2] STU: Failed to get storage stats for package 'com.google.android.configinfrastructure' (1601: Error getting stats: android.content.pm.PackageManager.NameNotFoundException)
07-01 10:08:35.817 27580 27605 E ashmem  : readlink(/proc/self/fd/116) failed: Operation not permitted
07-01 10:08:35.817  4822  4822 W Finsky  : [2] STU: Failed to get storage stats for package 'com.google.android.media' (1601: Error getting stats: android.content.pm.PackageManager.NameNotFoundException)
07-01 10:08:35.818  4822  4822 W Finsky  : [2] STU: Failed to get storage stats for package 'com.google.android.conscrypt' (1601: Error getting stats: android.content.pm.PackageManager.NameNotFoundException)
07-01 10:08:35.823  1124  1124 D BaseActivity: Launcher flags updated: [] -[state_started]
07-01 10:08:35.824  1124  1124 D BaseDepthController: setSurface:
07-01 10:08:35.824  1124  1124 D BaseDepthController: 	mWaitingOnSurfaceValidity: false
07-01 10:08:35.824  1124  1124 D BaseDepthController: 	mBaseSurface: null
07-01 10:08:35.824  1124  1124 D BaseDepthController: mSurface is null and mCurrentBlur is: 0
07-01 10:08:35.824  1124  1124 D LauncherStateManager: StateManager.goToState: fromState: Normal, toState: Normal, partial trace:
07-01 10:08:35.824  1124  1124 D LauncherStateManager: 	at com.android.launcher3.statemanager.StateManager.moveToRestState(go/retraceme 4b96215a9d9b4c1494121442fbf9d6e89857c91e1d76ddcc689701971259418a:26)
07-01 10:08:35.824  1124  1124 D LauncherStateManager: 	at com.android.launcher3.statemanager.StateManager.moveToRestState(go/retraceme 4b96215a9d9b4c1494121442fbf9d6e89857c91e1d76ddcc689701971259418a:35)
07-01 10:08:35.824  1124  1124 D LauncherStateManager: 	at com.android.launcher3.statemanager.StatefulActivity.onStop(go/retraceme 4b96215a9d9b4c1494121442fbf9d6e89857c91e1d76ddcc689701971259418a:31)
07-01 10:08:35.824 27580 27605 E ashmem  : readlink(/proc/self/fd/117) failed: Operation not permitted
07-01 10:08:35.824  1124  1124 D LauncherStateManager: StateManager.onRepeatStateSetAborted: state: Normal
07-01 10:08:35.824  1124  1124 D KeyboardStateManager: hideKeyboard
07-01 10:08:35.824  1124  1124 D KeyboardStateManager: isImeShown: false
07-01 10:08:35.824  1124  1124 D StatsLog: LAUNCHER_ONSTOP
07-01 10:08:35.826 27580 27622 E ashmem  : readlink(/proc/self/fd/118) failed: Operation not permitted
07-01 10:08:35.826  1124  1124 D StatsLog: LAUNCHER_GOOGLE_SEARCH_RESTORE_LIST_SIZE_AFTER_ACTIVITY_RESTART
07-01 10:08:35.832 27580 27622 E ashmem  : readlink(/proc/self/fd/119) failed: Operation not permitted
07-01 10:08:35.832 27580 27622 E ashmem  : readlink(/proc/self/fd/121) failed: Operation not permitted
07-01 10:08:35.837   692   819 I ImeTracker: com.aiquota.mobile:12b41906: onRequestHide at ORIGIN_SERVER reason HIDE_UNSPECIFIED_WINDOW fromUser false userId 0 displayId 0
07-01 10:08:35.837  4822  4822 W Finsky  : [2] STU: Failed to get storage stats for package 'com.android.hardware.cas' (1601: Error getting stats: android.content.pm.PackageManager.NameNotFoundException)
07-01 10:08:35.844 27470 27470 D InsetsController: hide(ime())
07-01 10:08:35.845 27470 27470 I ImeTracker: com.aiquota.mobile:12b41906: onCancelled at PHASE_CLIENT_ALREADY_HIDDEN
07-01 10:08:35.851   692  1239 W InputChannel-JNI: Channel already disposed.
07-01 10:08:35.852  4600  4600 I GoogleInputMethodService: GoogleInputMethodService.onFinishInput():2274 
07-01 10:08:35.852  4600  4600 I Module  : DeviceLockedStatusModuleProvider$Module.updateDeviceLockedStatusInternal():128 repeatCheckTimes = 0, locked = false
07-01 10:08:35.853  4600  4600 I GoogleInputMethodService: GoogleInputMethodService.onStartInput():1459 onStartInput(EditorInfo{EditorInfo{packageName=com.aiquota.mobile, inputType=0, inputTypeString=NULL, enableLearning=false, autoCorrection=false, autoComplete=false, imeOptions=0, privateImeOptions=null, actionName=UNSPECIFIED, actionLabel=null, initialSelStart=-1, initialSelEnd=-1, initialCapsMode=0, label=null, fieldId=0, fieldName=null, extras=null, hintText=null, hintLocales=[]}}, false)
07-01 10:08:35.855   692  2048 I ImeTracker: system_server:3e745ddb: onRequestHide at ORIGIN_SERVER reason IME_REQUESTED_CHANGED_LISTENER fromUser false displayId 0
07-01 10:08:35.855   692   715 I ImeTracker: system_server:3e745ddb: onCancelled at PHASE_SERVER_SHOULD_HIDE
07-01 10:08:35.856  4600  4600 I LatinIMEBase: LatinIMEBase.updateInputViewCoverNavigation():317 Update input view padding, isNavbarOverInputWindow=true, bottom inset=63
07-01 10:08:35.856  4600  4600 I Module  : DeviceLockedStatusModuleProvider$Module.updateDeviceLockedStatusInternal():128 repeatCheckTimes = 1, locked = false
07-01 10:08:35.857  4822  4822 W Finsky  : [2] STU: Failed to get storage stats for package 'com.google.android.neuralnetworks' (1601: Error getting stats: android.content.pm.PackageManager.NameNotFoundException)
07-01 10:08:35.867   692  2048 W PackageConfigPersister: App-specific configuration not found for packageName: com.aiquota.mobile and userId: 0
07-01 10:08:35.869  4822  4822 W Finsky  : [2] STU: Failed to get storage stats for package 'com.google.android.webapp' (1601: Error getting stats: android.content.pm.PackageManager.NameNotFoundException)
07-01 10:08:35.871  4822  4822 W Finsky  : [2] STU: Failed to get storage stats for package 'com.google.android.runtime' (1601: Error getting stats: android.content.pm.PackageManager.NameNotFoundException)
07-01 10:08:35.873  4822  4822 W Finsky  : [2] STU: Failed to get storage stats for package 'com.google.android.ipsec' (1601: Error getting stats: android.content.pm.PackageManager.NameNotFoundException)
07-01 10:08:35.873  4822  4822 W Finsky  : [2] STU: Failed to get storage stats for package 'com.android.devicelock' (1601: Error getting stats: android.content.pm.PackageManager.NameNotFoundException)
07-01 10:08:35.877  1124  1158 W System  : A resource failed to call release. 
07-01 10:08:35.877  1124  1158 W System  : A resource failed to call release. 
07-01 10:08:35.877  1124  1158 W System  : A resource failed to call release. 
07-01 10:08:35.881   527   549 W skia    : AGTM parsing failed flags.readFromStream(s) at 159
07-01 10:08:35.881   527   549 W skia    : AGTM parsing failed flags.readFromStream(s) at 159
07-01 10:08:35.888  4822  4822 W Finsky  : [2] STU: Failed to get storage stats for package 'com.android.hardware.power' (1601: Error getting stats: android.content.pm.PackageManager.NameNotFoundException)
07-01 10:08:35.889  4822  4822 W Finsky  : [2] STU: Failed to get storage stats for package 'com.google.android.ondevicepersonalization' (1601: Error getting stats: android.content.pm.PackageManager.NameNotFoundException)
07-01 10:08:35.892  4822  4822 W Finsky  : [2] STU: Failed to get storage stats for package 'com.google.android.sdkext' (1601: Error getting stats: android.content.pm.PackageManager.NameNotFoundException)
07-01 10:08:35.892  4822  4822 W Finsky  : [2] STU: Failed to get storage stats for package 'com.google.android.healthfitness' (1601: Error getting stats: android.content.pm.PackageManager.NameNotFoundException)
07-01 10:08:35.906  4822  4822 W Finsky  : [2] STU: Failed to get storage stats for package 'com.android.hardware.biometrics.fingerprint.virtual' (1601: Error getting stats: android.content.pm.PackageManager.NameNotFoundException)
07-01 10:08:35.907  4822  4822 W Finsky  : [2] STU: Failed to get storage stats for package 'com.google.android.adservices' (1601: Error getting stats: android.content.pm.PackageManager.NameNotFoundException)
07-01 10:08:35.907  4822  4822 W Finsky  : [2] STU: Failed to get storage stats for package 'com.google.android.tethering' (1601: Error getting stats: android.content.pm.PackageManager.NameNotFoundException)
07-01 10:08:35.916  4822  4822 W Finsky  : [2] STU: Failed to get storage stats for package 'com.google.android.extservices' (1601: Error getting stats: android.content.pm.PackageManager.NameNotFoundException)
07-01 10:08:35.926  4822  4822 W Finsky  : [2] STU: Failed to get storage stats for package 'com.google.android.nfcservices' (1601: Error getting stats: android.content.pm.PackageManager.NameNotFoundException)
07-01 10:08:35.971   692   702 I system_server: Background young concurrent mark compact GC freed 22MB AllocSpace bytes, 16(432KB) LOS objects, 36% free, 41MB/65MB, paused 1.761ms,28.952ms total 55.594ms
07-01 10:08:35.976  4822  4822 W Finsky  : [2] STU: Failed to get storage stats for package 'com.google.android.os.statsd' (1601: Error getting stats: android.content.pm.PackageManager.NameNotFoundException)
07-01 10:08:35.981   527   549 W skia    : AGTM parsing failed flags.readFromStream(s) at 159
07-01 10:08:35.981   527   549 W skia    : AGTM parsing failed flags.readFromStream(s) at 159
07-01 10:08:35.982  4822  4822 W Finsky  : [2] STU: Failed to get storage stats for package 'com.android.hardware.rebootescrow' (1601: Error getting stats: android.content.pm.PackageManager.NameNotFoundException)
07-01 10:08:35.986  4822  4822 W Finsky  : [2] STU: Failed to get storage stats for package 'com.google.android.cellbroadcast' (1601: Error getting stats: android.content.pm.PackageManager.NameNotFoundException)
07-01 10:08:35.988  4822  4822 W Finsky  : [2] STU: Failed to get storage stats for package 'com.android.npumanager' (1601: Error getting stats: android.content.pm.PackageManager.NameNotFoundException)
07-01 10:08:35.992  4822  4822 W Finsky  : [2] STU: Failed to get storage stats for package 'com.google.android.rkpd' (1601: Error getting stats: android.content.pm.PackageManager.NameNotFoundException)
07-01 10:08:36.010  4822  4822 W Finsky  : [2] STU: Failed to get storage stats for package 'com.google.android.scheduling' (1601: Error getting stats: android.content.pm.PackageManager.NameNotFoundException)
07-01 10:08:36.018  4822  4822 W Finsky  : [2] STU: Failed to get storage stats for package 'com.android.hardware.gatekeeper' (1601: Error getting stats: android.content.pm.PackageManager.NameNotFoundException)
07-01 10:08:36.022  4822  4822 I Finsky  : [2] App states replicator found 2 unowned apps
07-01 10:08:36.031  4822  4854 I Finsky  : [56] Completed 0 account content syncs with 0 successful.
07-01 10:08:36.031  4822  4822 I Finsky  : [2] [ContentSync] Installation state replication succeeded.
07-01 10:08:36.031  4822  4822 I Finsky  : [2] SCH: jobFinished: 12-1. TimeElapsed: 790ms.
07-01 10:08:36.032  4822  4822 I Finsky  : [2] WM::SCH: Logging work end for 12-1
07-01 10:08:36.066  4822  4851 I Finsky  : [53] SCH: Scheduling phonesky job Id: 1-1337, CT: 1782877032259, Constraints: [{ L: 43102809, D: 86302809, C: CHARGING_NONE, I: IDLE_NONE, N: NET_ANY, B: BATTERY_ANY }]
07-01 10:08:36.066  4822  4851 I Finsky  : [53] SCH: Scheduling phonesky job Id: 34-113, CT: 1782877055718, Constraints: [{ L: 79199497, D: 1375199497, C: CHARGING_NONE, I: IDLE_NONE, N: NET_ANY, B: BATTERY_ANY }]
07-01 10:08:36.066  4822  4851 I Finsky  : [53] SCH: Scheduling phonesky job Id: 34-114, CT: 1782877058473, Constraints: [{ L: 604800000, D: 2591997870, C: CHARGING_NONE, I: IDLE_NONE, N: NET_ANY, B: BATTERY_ANY }]
07-01 10:08:36.072  4822  4852 I Finsky  : [54] SCH: Scheduling 1 system job(s)
07-01 10:08:36.073  4822  4852 I Finsky  : [54] SCH: Scheduling system job Id: 9270, L: 19618996, D: 62818996, C: false, I: false, N: 1
07-01 10:08:36.079  4822 27567 I Finsky  : [548] SCH: job service finished with id 9265.
07-01 10:08:36.083   527   549 W skia    : AGTM parsing failed flags.readFromStream(s) at 159
07-01 10:08:36.083   527   549 W skia    : AGTM parsing failed flags.readFromStream(s) at 159
07-01 10:08:36.091  4822  4822 I Finsky  : [2] Memory trim requested to level 40
07-01 10:08:36.092  4822  4822 I Finsky  : [2] Flushing in-memory image cache
07-01 10:08:36.098  1331  2013 I FontLog : (REDACTED) Received query %s, URI %s
07-01 10:08:36.098  1331  2013 I FontLog : (REDACTED) Query [%s] resolved to %s
07-01 10:08:36.099  1331  2013 I FontLog : (REDACTED) Fetch %s end status %s
07-01 10:08:36.108  1331  2013 I FontLog : (REDACTED) Pulling font file for id = %d, cache size = %d
07-01 10:08:36.112  1331  2013 I FontLog : (REDACTED) Pulling font file for id = %d, cache size = %d
07-01 10:08:36.183   527   549 W skia    : AGTM parsing failed flags.readFromStream(s) at 159
07-01 10:08:36.184   527   549 W skia    : AGTM parsing failed flags.readFromStream(s) at 159
07-01 10:08:36.189   587   680 W libbinder.IPCThreadState: Sending oneway calls to frozen process.
07-01 10:08:36.189   976  1109 D WindowOnBackDispatcher: setTopOnBackInvokedCallback (unwrapped): null
07-01 10:08:36.189   692  2084 D CoreBackPreview: Window{75518d u0 Splash Screen com.aiquota.mobile EXITING}: Setting back callback null
07-01 10:08:36.284   527   549 W skia    : AGTM parsing failed flags.readFromStream(s) at 159
07-01 10:08:36.284   527   549 W skia    : AGTM parsing failed flags.readFromStream(s) at 159
07-01 10:08:36.386   527   549 W skia    : AGTM parsing failed flags.readFromStream(s) at 159
07-01 10:08:36.420 27470 27475 I .aiquota.mobile: Compiler allocated 5239KB to compile void android.view.ViewRootImpl.performTraversals(long)
07-01 10:08:36.487   527   549 W skia    : AGTM parsing failed flags.readFromStream(s) at 159
07-01 10:08:36.588   527   549 W skia    : AGTM parsing failed flags.readFromStream(s) at 159
07-01 10:08:36.732   692   860 I HalDevMgr: bestIfaceCreationProposal is null, requestIface=STA, existingIface=[name=wlan0 type=STA]
07-01 10:08:36.735  1074  1202 D IpClient/wlan0: interfaceLinkStateChanged: ifindex 16 up
07-01 10:08:36.743  1074  1202 D IpClient/wlan0: interfaceLinkStateChanged: ifindex 16 up
07-01 10:08:37.174   692   800 D ActivityManager: freezing 4871 com.google.android.permissioncontroller
07-01 10:08:37.176   692   866 D InetDiagMessage: Destroyed 0 sockets, proto=IPPROTO_TCP, family=AF_INET, states=14
07-01 10:08:37.177   692   866 D InetDiagMessage: Destroyed 0 sockets, proto=IPPROTO_TCP, family=AF_INET6, states=14
07-01 10:08:37.177   692   866 D InetDiagMessage: Destroyed live tcp sockets for uids={10218} in 1ms
07-01 10:08:37.300   527   549 W skia    : AGTM parsing failed flags.readFromStream(s) at 159
07-01 10:08:37.401   527   549 W skia    : AGTM parsing failed flags.readFromStream(s) at 159
07-01 10:08:37.456 27470 27599 D AIQuotaLogin: provider=glm resource=https://z.ai/_next/static/media/74fa777cac189696-s.p.ttf
07-01 10:08:37.457 27470 27600 D AIQuotaLogin: provider=glm resource=https://z.ai/_next/static/media/98320d588ee45fe2-s.p.ttf
07-01 10:08:37.459 27470 27598 D AIQuotaLogin: provider=glm resource=https://z.ai/_next/static/media/a40c83c38559db55-s.p.ttf
07-01 10:08:37.460 27470 27642 D AIQuotaLogin: provider=glm resource=https://z.ai/_next/static/css/bde391a2dc0c5f50.css
07-01 10:08:37.463 27470 27624 D AIQuotaLogin: provider=glm resource=https://z.ai/_next/static/media/f3082694476a79c3-s.p.ttf
07-01 10:08:37.464 27470 27586 D AIQuotaLogin: provider=glm resource=https://z.ai/_next/static/css/06eee677ceaf36a2.css
07-01 10:08:37.464 27470 27583 D AIQuotaLogin: provider=glm resource=https://z.ai/_next/static/css/a70e7aab4c4dbcdb.css
07-01 10:08:37.465 27470 27599 D AIQuotaLogin: provider=glm resource=https://z.ai/_next/static/css/38a00db3df158e74.css
07-01 10:08:37.467 27470 27470 I .aiquota.mobile: hiddenapi: Accessing hidden field Landroid/graphics/Bitmap;->mNativePtr:J (runtime_flags=0, domain=platform, api=unsupported) from Lcom/android/webview/chromium/WebViewChromium; (domain=app, TargetSdkVersion=35) using JNI: allowed
07-01 10:08:37.468 27470 27643 D AIQuotaLogin: provider=glm resource=https://z.ai/_next/static/css/3730f9ae63252c5f.css
07-01 10:08:37.471 27470 27587 D AIQuotaLogin: provider=glm resource=https://z.ai/_next/static/css/08cdc15a8194b1a1.css
07-01 10:08:37.488 27470 27583 D AIQuotaLogin: provider=glm resource=https://www.googletagmanager.com/gtag/js?keys=id
07-01 10:08:37.504   527   549 W skia    : AGTM parsing failed flags.readFromStream(s) at 159
07-01 10:08:37.509 27470 27586 D AIQuotaLogin: provider=glm resource=https://z.ai/_next/static/chunks/webpack-774745fcebbc8a87.js
07-01 10:08:37.509 27470 27587 D AIQuotaLogin: provider=glm resource=https://z.ai/_next/static/chunks/52bcc53e-060b90e4f28c19f7.js
07-01 10:08:37.509 27470 27599 D AIQuotaLogin: provider=glm resource=https://z.ai/_next/static/chunks/8106-d02730666dcb8b9a.js
07-01 10:08:37.510 27470 27598 D AIQuotaLogin: provider=glm resource=https://z.ai/_next/static/chunks/main-app-ba8cdb9db4962606.js
07-01 10:08:37.510 27470 27642 D AIQuotaLogin: provider=glm resource=https://z.ai/_next/static/chunks/1358-35e6ad417a978a81.js
07-01 10:08:37.510 27470 27624 D AIQuotaLogin: provider=glm resource=https://z.ai/_next/static/chunks/app/[locale]/(auth-pages)/layout-fb044eed84687dc6.js
07-01 10:08:37.511 27470 27643 D AIQuotaLogin: provider=glm resource=https://z.ai/_next/static/chunks/7014-920ab5fa231b1646.js
07-01 10:08:37.511 27470 27644 D AIQuotaLogin: provider=glm resource=https://z.ai/_next/static/chunks/4385-bf59bbcbdd5c4cb8.js
07-01 10:08:37.512 27470 27645 D AIQuotaLogin: provider=glm resource=https://z.ai/_next/static/chunks/6866-f4f5d0ba8ff8ba6a.js
07-01 10:08:37.512 27470 27646 D AIQuotaLogin: provider=glm resource=https://z.ai/_next/static/chunks/7923-c1d174e27010fdea.js
07-01 10:08:37.510 27470 27600 D AIQuotaLogin: provider=glm resource=https://z.ai/_next/static/chunks/5090-606c6480d2a07138.js
07-01 10:08:37.513 27470 27583 D AIQuotaLogin: provider=glm resource=https://z.ai/_next/static/chunks/4945-ab7f1b51380da770.js
07-01 10:08:37.514 27470 27649 D AIQuotaLogin: provider=glm resource=https://z.ai/_next/static/chunks/7368-24d21e801857a37e.js
07-01 10:08:37.514 27470 27648 D AIQuotaLogin: provider=glm resource=https://z.ai/_next/static/chunks/8463-1f7afd6ac5c0c867.js
07-01 10:08:37.515 27470 27650 D AIQuotaLogin: provider=glm resource=https://z.ai/_next/static/chunks/app/[locale]/(auth-pages)/manage-apikey/layout-ccc6fb0b0537c574.js
07-01 10:08:37.515 27470 27653 D AIQuotaLogin: provider=glm resource=https://z.ai/_next/static/chunks/3126-0c2e709614a8fce7.js
07-01 10:08:37.516 27470 27651 D AIQuotaLogin: provider=glm resource=https://z.ai/_next/static/chunks/6051-2d89bcc8bd48c3e0.js
07-01 10:08:37.518 27470 27652 D AIQuotaLogin: provider=glm resource=https://z.ai/_next/static/chunks/3601-acc5a58b8f9dcb1f.js
07-01 10:08:37.517 27470 27647 D AIQuotaLogin: provider=glm resource=https://z.ai/_next/static/chunks/1840-85f6a39ffe848586.js
07-01 10:08:37.520 27470 27654 D AIQuotaLogin: provider=glm resource=https://z.ai/_next/static/chunks/2337-0720e5b49ccd9af0.js
07-01 10:08:37.520 27470 27655 D AIQuotaLogin: provider=glm resource=https://z.ai/_next/static/chunks/1979-abfd6cd997875590.js
07-01 10:08:37.522 27470 27657 D AIQuotaLogin: provider=glm resource=https://z.ai/_next/static/chunks/9015-4281c40ef624955e.js
07-01 10:08:37.523 27470 27660 D AIQuotaLogin: provider=glm resource=https://z.ai/_next/static/chunks/7953-c412efd8223c8d74.js
07-01 10:08:37.523 27470 27659 D AIQuotaLogin: provider=glm resource=https://z.ai/_next/static/chunks/281-32a7b8f074f27fb2.js
07-01 10:08:37.523 27470 27661 D AIQuotaLogin: provider=glm resource=https://z.ai/_next/static/chunks/6678-8bcc19fbabb68ce5.js
07-01 10:08:37.523 27470 27658 D AIQuotaLogin: provider=glm resource=https://z.ai/_next/static/chunks/2719-ea0853b306e59c7a.js
07-01 10:08:37.524 27470 27662 D AIQuotaLogin: provider=glm resource=https://z.ai/_next/static/chunks/app/[locale]/(auth-pages)/manage-apikey/coding-plan/personal/usage/page-c1c056972027374e.js
07-01 10:08:37.525 27470 27665 D AIQuotaLogin: provider=glm resource=https://z.ai/_next/static/chunks/156-620d5eaa0de405b3.js
07-01 10:08:37.526 27470 27656 D AIQuotaLogin: provider=glm resource=https://z.ai/_next/static/chunks/023c1e32-edc217937ce9565a.js
07-01 10:08:37.526 27470 27586 D AIQuotaLogin: provider=glm resource=https://z.ai/_next/static/chunks/389-cec8c4baf567a095.js
07-01 10:08:37.526 27470 27663 D AIQuotaLogin: provider=glm resource=https://z.ai/_next/static/chunks/2687-3ab6788441360e84.js
07-01 10:08:37.527 27470 27666 D AIQuotaLogin: provider=glm resource=https://z.ai/_next/static/chunks/3581-62c7b103ece6917a.js
07-01 10:08:37.527 27470 27669 D AIQuotaLogin: provider=glm resource=https://z.ai/_next/static/chunks/3827-fc5e7c25854c8696.js
07-01 10:08:37.529 27470 27664 D AIQuotaLogin: provider=glm resource=https://z.ai/_next/static/chunks/1898-a1832797cc46e1a6.js
07-01 10:08:37.529 27470 27667 D AIQuotaLogin: provider=glm resource=https://z.ai/_next/static/chunks/app/[locale]/layout-4a60927bd8cdc3cc.js
07-01 10:08:37.529 27470 27670 D AIQuotaLogin: provider=glm resource=https://z.ai/_next/static/chunks/app/[locale]/error-dfcf8060dc2e423b.js
07-01 10:08:37.605   527   549 W skia    : AGTM parsing failed flags.readFromStream(s) at 159
07-01 10:08:37.879   692  2078 D ActivityManager: sync unfroze 5220 com.google.android.webview:webview_service for 6
07-01 10:08:37.897  5220  5224 W webview_service: Reducing the number of considered missed Gc histogram windows from 379 to 100
07-01 10:08:37.968 27580 27618 E ashmem  : readlink(/proc/self/fd/120) failed: Operation not permitted
07-01 10:08:37.968 27580 27618 E ashmem  : readlink(/proc/self/fd/123) failed: Operation not permitted
07-01 10:08:37.971 27470 27583 D AIQuotaLogin: provider=glm resource=https://z-cdn.chatglm.cn/z-ai/static/logo.svg
07-01 10:08:38.016   527   549 W skia    : AGTM parsing failed flags.readFromStream(s) at 159
07-01 10:08:38.121   527   549 W skia    : AGTM parsing failed flags.readFromStream(s) at 159
07-01 10:08:38.222   527   549 W skia    : AGTM parsing failed flags.readFromStream(s) at 159
07-01 10:08:38.324   527   549 W skia    : AGTM parsing failed flags.readFromStream(s) at 159
07-01 10:08:38.453   692  1751 E TaskPersister: File error accessing recents directory (directory doesn't exist?).
07-01 10:08:38.698   527   549 W skia    : AGTM parsing failed flags.readFromStream(s) at 159
07-01 10:08:39.045 27470 27470 I AIQuotaLoginTiming: glm pageFinished=3869ms host=z.ai
07-01 10:08:39.069 27470 27583 D AIQuotaLogin: provider=glm resource=https://z-cdn.chatglm.cn/z-ai/static/logo.svg
07-01 10:08:39.079 27470 27583 D AIQuotaLogin: provider=glm resource=https://z-cdn.chatglm.cn/z-ai/static/logo.svg
07-01 10:08:39.106 27470 27470 D AIQuotaLoginConsole: provider=glm consoleLevel=LOG line=1
07-01 10:08:39.106 27470 27583 D AIQuotaLogin: provider=glm resource=https://static.ads-twitter.com/uwt.js
07-01 10:08:39.113 27470 27587 I AIQuotaLogin: provider=glm capturedNativeHeaders path=/api/biz/userBehaviorTracking names=Accept|Access-Control-Request-Headers|Access-Control-Request-Method|Origin|Referer|Sec-Fetch-Mode|User-Agent
07-01 10:08:39.113 27470 27587 D AIQuotaLogin: provider=glm resource=https://api.z.ai/api/biz/userBehaviorTracking
07-01 10:08:39.113 27470 27598 D AIQuotaLogin: provider=glm resource=https://z.ai/_next/static/chunks/890d931a.4a817e39733f763c.js
07-01 10:08:39.199 27470 27586 D AIQuotaLogin: provider=glm resource=https://z-cdn.chatglm.cn/z-ai/static/logo.svg
07-01 10:08:39.232 27470 27586 D AIQuotaLogin: provider=glm resource=https://z.ai/api/auth/me
07-01 10:08:39.251 27470 27583 D AIQuotaLogin: provider=glm resource=https://z.ai/chat?keys=_rsc
07-01 10:08:39.255 27470 27587 D AIQuotaLogin: provider=glm resource=https://z-cdn.chatglm.cn/z-ai/static/logo.svg
07-01 10:08:39.350 27470 27583 D AIQuotaLogin: provider=glm resource=https://www.google.com/measurement/conversion?keys=random|cv|tid|fst|fmt|en|gtm|gcd|dma|tag_exp|u_w|u_h
07-01 10:08:39.367 27470 27583 D AIQuotaLogin: provider=glm resource=https://analytics.google.com/g/collect?keys=v|tid|gtm|_p|_gaz|gcd|npa|dma|_eu|_prs|are|cid
07-01 10:08:39.370 27470 27586 D AIQuotaLogin: provider=glm resource=https://www.google.co.kr/ads/ga-audiences?keys=v|t|slf_rd|_r|tid|cid|gtm|rcb|aip|dma|gcd|npa
07-01 10:08:39.419 27470 27583 D AIQuotaLogin: provider=glm resource=https://www.google.com/measurement/conversion?keys=random|cv|tid|fst|fmt|en|gtm|gcd|dma|tag_exp|u_w|u_h
07-01 10:08:39.429 27470 27583 D AIQuotaLogin: provider=glm resource=https://analytics.google.com/g/collect?keys=v|tid|gtm|_p|gcd|npa|dma|_eu|_prs|ae|are|cid
07-01 10:08:39.431   527   549 W skia    : AGTM parsing failed flags.readFromStream(s) at 159
07-01 10:08:39.437 27470 27470 D AIQuotaLoginConsole: provider=glm consoleLevel=LOG line=1
07-01 10:08:39.443 27580 27618 E ashmem  : readlink(/proc/self/fd/117) failed: Operation not permitted
07-01 10:08:39.444 27580 27618 E ashmem  : readlink(/proc/self/fd/122) failed: Operation not permitted
07-01 10:08:39.467 27470 27586 D AIQuotaLogin: provider=glm resource=https://z.ai/_next/static/chunks/5790.f420ee43326e4de6.js
07-01 10:08:39.467 27470 27600 D AIQuotaLogin: provider=glm resource=https://z.ai/_next/static/chunks/4129-5b016b7f4cb7e10f.js
07-01 10:08:39.467 27470 27598 D AIQuotaLogin: provider=glm resource=https://z.ai/_next/static/chunks/7073-1dc850bdca5f4b3b.js
07-01 10:08:39.468 27470 27583 D AIQuotaLogin: provider=glm resource=https://z.ai/_next/static/chunks/app/[locale]/page-3454e96dedaa2f07.js
07-01 10:08:39.471 27470 27624 D AIQuotaLogin: provider=glm resource=https://z.ai/_next/static/css/2177b086ad2c1db5.css
07-01 10:08:39.501 27470 27470 D AIQuotaLoginConsole: provider=glm consoleLevel=LOG line=1
07-01 10:08:39.534   527   549 W skia    : AGTM parsing failed flags.readFromStream(s) at 159
07-01 10:08:39.552 27470 27583 I AIQuotaLogin: provider=glm capturedNativeHeaders path=/api/biz/customer/getCustomerInfo names=Accept|Access-Control-Request-Headers|Access-Control-Request-Method|Origin|Referer|Sec-Fetch-Mode|User-Agent
07-01 10:08:39.552 27470 27583 D AIQuotaLogin: provider=glm resource=https://api.z.ai/api/biz/customer/getCustomerInfo
07-01 10:08:39.633   527   549 W skia    : AGTM parsing failed flags.readFromStream(s) at 159
07-01 10:08:39.676 27470 27586 D AIQuotaLogin: provider=glm resource=https://z.ai/_next/static/chunks/9055.f0419cf9f6e84e2f.js
07-01 10:08:39.735   527   549 W skia    : AGTM parsing failed flags.readFromStream(s) at 159
07-01 10:08:39.739   692   860 I HalDevMgr: bestIfaceCreationProposal is null, requestIface=STA, existingIface=[name=wlan0 type=STA]
07-01 10:08:39.756 27470 27586 D AIQuotaLogin: provider=glm resource=https://t.co/1/i/adsct?keys=bci|dv|eci|event|event_id|integration|p_id|p_user_id|pl_id|pt|tw_document_href|tw_iframe_status
07-01 10:08:39.757   692  2078 W ActivityManager: Skipping manifest association check for null package. SourceUid: -1, SourcePkg: null, TargetUid: 10233, TargetPkg: com.aiquota.mobile
07-01 10:08:39.756 27470 27587 D AIQuotaLogin: provider=glm resource=https://analytics.twitter.com/1/i/adsct?keys=bci|dv|eci|event|event_id|integration|p_id|p_user_id|pl_id|pt|tw_document_href|tw_iframe_status
07-01 10:08:39.757   692   724 W ActivityManager: Skipping manifest association check for null package. SourceUid: -1, SourcePkg: null, TargetUid: 10233, TargetPkg: com.aiquota.mobile
07-01 10:08:39.783 27470 27598 D AIQuotaLogin: provider=glm resource=https://app.adjust.com/event
07-01 10:08:39.789 27470 27583 I AIQuotaLogin: provider=glm capturedNativeHeaders path=/api/biz/userBehaviorTracking names=Accept|Content-Type|Origin|Referer|User-Agent|sec-ch-ua|sec-ch-ua-mobile|sec-ch-ua-platform
07-01 10:08:39.789 27470 27583 D AIQuotaLogin: provider=glm resource=https://api.z.ai/api/biz/userBehaviorTracking
07-01 10:08:39.835   527   549 W skia    : AGTM parsing failed flags.readFromStream(s) at 159
07-01 10:08:39.853 27470 27586 I AIQuotaLogin: provider=glm capturedNativeHeaders path=/api/biz/customer/getCustomerInfo names=Accept|Accept-Language|Authorization|Origin|Referer|User-Agent|refer|sec-ch-ua|sec-ch-ua-mobile|sec-ch-ua-platform
07-01 10:08:39.853 27470 27586 D AIQuotaLogin: provider=glm resource=https://api.z.ai/api/biz/customer/getCustomerInfo
07-01 10:08:39.855 27470 27583 D AIQuotaLogin: provider=glm resource=https://z.ai/_next/static/chunks/7548.e88af7e489a315c4.js
07-01 10:08:39.884 27470 27470 I AIQuotaLogin: provider=glm webSessionCookieCaptured=true cookieCount=8
07-01 10:08:39.896 27470 27470 I AIQuotaLogin: provider=glm nativeCollectorStart=aboutblank reason=resource from=z.ai/manage-apikey/coding-plan/personal/usage
07-01 10:08:39.937   527   549 W skia    : AGTM parsing failed flags.readFromStream(s) at 159
07-01 10:08:39.944 27470 27470 I AIQuotaCollector: provider=glm collectorMode=webview-js inject host=about:blank
07-01 10:08:40.039   527   549 W skia    : AGTM parsing failed flags.readFromStream(s) at 159
07-01 10:08:40.150   527   549 W skia    : AGTM parsing failed flags.readFromStream(s) at 159
07-01 10:08:40.250   527   549 W skia    : AGTM parsing failed flags.readFromStream(s) at 159
07-01 10:08:40.644 27470 27611 D AIQuotaNativeUsage: nativeUsage provider=glm ok=true diagnostic=ok statuses=
07-01 10:08:40.647 27470 27470 I AIQuotaCollector: provider=glm collectorMode=webview-js rawPayloadPresent=true
07-01 10:08:40.690 27470 27470 I AIQuotaDebugCookie: provider=glm debugCookieSnapshot=true reason=trusted_usage_payload urlCount=17 cookieCount=17 nativeAuthContextCount=0 nativeAuthHeaderCount=0
07-01 10:08:40.694 27470 27470 I AIQuotaLogin: provider=glm webSessionCookieCaptured=true cookieCount=8
07-01 10:08:40.697   976  1041 V WindowManagerShell: Transition requested (#107): android.os.BinderProxy@a6fc820 TransitionRequestInfo { type = CLOSE, triggerTask = TaskInfo{userId=0 taskId=585 effectiveUid=10233 displayId=0 isRunning=false baseIntent=Intent { flg=0x10000000 cmp=com.aiquota.mobile/.debug.ProviderLoginDebugActivity } baseActivity=null topActivity=null origActivity=null realActivity=ComponentInfo{com.aiquota.mobile/com.aiquota.mobile.debug.ProviderLoginDebugActivity} realActivityIsAppLockEnabled=false numActivities=0 lastActiveTime=13381522 supportsMultiWindow=true supportsMultiWindowWithoutConstraints=true resizeMode=1 isResizeable=true minWidth=-1 minHeight=-1 defaultMinSize=220 token=WCT{android.os.BinderProxy@79f6c1b} topActivityType=1 pictureInPictureParams=null shouldDockBigOverlays=false launchIntoPipHostTaskId=-1 lastParentTaskIdBeforePip=-1 displayCutoutSafeInsets=Rect(0, 0 - 0, 0) topActivityInfo=null launchCookies=[] positionInParent=Point(0, 0) parentTaskId=-1 isFocused=true isInteractive=true isVisible=true isVisibleRequested=true isTopActivityNoDisplay=false isSleeping=false locusId=null displayAreaFeatureId=1 isTopActivityTransparent=false isActivityStackTransparent=true lastNonFullscreenBounds=null leafTaskBoundsFromOptions= false capturedLink=null capturedLinkTimestamp=0 requestedVisibleTypes=503 topActivityRequestOpenInBrowserEducationTimestamp=0 appCompatTaskInfo=AppCompatTaskInfo { topActivityInSizeCompat=false isLeafTask= true eligibleForLetterboxEducation= false isLetterboxEducationEnabled= false isLetterboxDoubleTapEnabled= false eligibleForUserAspectRatioButton= false topActivityBoundsLetterboxed= false isFromLetterboxDoubleTap= false topActivityLetterboxVerticalPosition= -1 topActivityLetterboxHorizontalPosition= -1 topActivityLetterboxWidth=-1 topActivityLetterboxHeight=-1 topActivityAppBounds=Rect(0, 0 - 0, 0) isUserFullscreenOverrideEnabled=false isSystemFullscreenOverrideEnabled=false hasMinAspectRatioOverride=false topActivityLetterboxBounds=null topNonResizableActivityAspectRatio=-1.0} topActivityMainWindowFrame=null isAppBubble=false}, pipChange = null, remoteTransitionInfo = null, displayChanges = null, requestedLocation = null, userChange = null, windowingLayerChange = null, fullscreenRequestChange = null, flags = 0, debugId = 107 }
07-01 10:08:40.697   976  1041 W DisconnectHandler: No disconnect change found in the transition, not handling request.
07-01 10:08:40.698   976  1041 V ShellDesktopMode: DesktopTasksController: skipping handleRequest reason=triggerTask's display doesn't support desktop mode
07-01 10:08:40.698   527   806 I libbinder.BpBinder: onLastStrongRef automatically unlinking death recipients for binder (0x7594bf0471c0) with descriptor: '(not cached)'
07-01 10:08:40.730 27470 27470 I AIQuotaCollector: provider=glm source=structured-script lineCount=3 planPresent=false accountPresent=true keptPreviousSnapshot=false
07-01 10:08:40.786   976  1041 V RecentTasksController: Notify recent tasks changed
07-01 10:08:40.786  1124  1124 D RecentTasksList: invalidateLoadedTasks - previous requestLoadId: -1
07-01 10:08:40.787   692  2048 V WindowManager: Defer transition id=107 for TaskFragmentTransaction=android.os.Binder@3c42791
07-01 10:08:40.788  1124  1124 D ViewRootImpl: Skipping stats log for color mode
07-01 10:08:40.789  1124  1124 D BaseActivity: Launcher flags updated: [state_started] +[state_started]
07-01 10:08:40.789  1124  1124 D BaseActivity: Launcher flags updated: [state_started|state_resumed|state_user_active] +[state_resumed|state_user_active]
07-01 10:08:40.790  1124  1124 D BaseActivity: Launcher flags updated: [state_started|state_resumed|state_user_active] +[]
07-01 10:08:40.790  1124  1124 D BaseActivity: Launcher flags updated: [state_started|state_resumed|state_deferred_resumed|state_user_active] +[state_deferred_resumed]
07-01 10:08:40.790  1124  1124 D StatsLog: LAUNCHER_ONRESUME
07-01 10:08:40.791   976  1041 D WindowManagerShell: setLauncherKeepClearAreaHeight: visible=true, height=495
07-01 10:08:40.791   692  2078 V WindowManager: Continue transition id=107 for TaskFragmentTransaction=android.os.Binder@3c42791
07-01 10:08:40.791  4430  4519 I AiAiEcho: Predicting[0]:  [CONTEXT sampling_count=5 ]
07-01 10:08:40.791  4430  4519 I AiAiEcho: EchoTargets: 
07-01 10:08:40.791  4430  4519 I AiAiEcho: Filtered by AiAi flag check: 
07-01 10:08:40.791  4430  4519 I AiAiEcho: [CONTEXT ratelimit_period="10 SECONDS" ]
07-01 10:08:40.792  4430  4519 I AiAiEcho: #remoteViewsTwiddler: feature disabled.
07-01 10:08:40.792  4430  4519 I AiAiEcho: #postPredictionTargets: Sending updates to UISurface home with targets# 0 (types=[])
07-01 10:08:40.793  1124  1225 D QuickstepModelDelegate: notifyAppTargetEvent action=1 launchLocation=workspace/0/[-1,-1]/[1,1]
07-01 10:08:40.795  1124  1124 D SmartspaceInteractor: notifySmartspaceEvent: SmartspaceTargetEvent{mSmartspaceTarget=null, mSmartspaceActionId='null', mEventType=6}
07-01 10:08:40.796  1124  1124 I Surface : Creating surface for consumer unnamed-1124-35 with slotExpansion=1 for 64 slots
07-01 10:08:40.796   692  2084 D WindowManager: setClientSurface Surface(name=VRI-com.google.android.apps.nexuslauncher/com.google.android.apps.nexuslauncher.NexusLauncherActivity#863)/@0xf8f9d64 for 5c92fe6 com.google.android.apps.nexuslauncher/com.google.android.apps.nexuslauncher.NexusLauncherActivity
07-01 10:08:40.796  1124  1124 I Surface : Creating surface for consumer VRI[NexusLauncherActivity]#24(BLAST Consumer)24 with slotExpansion=1 for 64 slots
07-01 10:08:40.797  1124  1124 D BaseDepthController: setSurface:
07-01 10:08:40.797  1124  1124 D BaseDepthController: 	mWaitingOnSurfaceValidity: false
07-01 10:08:40.797  1124  1124 D BaseDepthController: 	mBaseSurface: Surface(name=VRI-com.google.android.apps.nexuslauncher/com.google.android.apps.nexuslauncher.NexusLauncherActivity#863)/@0xbaa612d
07-01 10:08:40.797  1124  1124 V BaseDepthController: Applying blur: 0 to Surface(name=VRI-com.google.android.apps.nexuslauncher/com.google.android.apps.nexuslauncher.NexusLauncherActivity#863)/@0xbaa612d applyImmediately: false
07-01 10:08:40.797  1124  1124 D BaseDepthController: shouldBlurWorkspace: false targetState: Normal currentStableState: Normal mCurrentBlur: 0 mLauncher.getDepthBlurTargets(): [com.android.launcher3.Workspace{6f54662 V.ED..... .......D 0,0-1080,2400 #7f0a0486 app:id/workspace}, com.android.launcher3.Hotseat{3ad03f3 V.ED..... .......D 0,1905-1080,2400 #7f0a01f6 app:id/hotseat}]
07-01 10:08:40.805   587   680 W libbinder.IPCThreadState: Sending oneway calls to frozen process.
07-01 10:08:40.814   976  1360 D WallpaperService: onVisibilityChanged(true): com.android.systemui.wallpapers.ImageWallpaper$CanvasEngine@134e1c5
07-01 10:08:40.861  1124  1124 D ShortcutAndWidgetContainer: appWidgetScale - [x,y]: [1.0,1.0]
07-01 10:08:40.861  1124  1124 D NavigableAppWidgetHostView: updateScale - [fitScale,bounceScale]: [1.0,1.0]
07-01 10:08:40.861  1124  1124 D ShortcutAndWidgetContainer: appWidgetScale - [x,y]: [1.0,1.0]
07-01 10:08:40.861  1124  1124 D NavigableAppWidgetHostView: updateScale - [fitScale,bounceScale]: [1.0,1.0]
07-01 10:08:40.861  1124  1124 D ShortcutAndWidgetContainer: appWidgetScale - [x,y]: [1.0,1.0]
07-01 10:08:40.861  1124  1124 D NavigableAppWidgetHostView: updateScale - [fitScale,bounceScale]: [1.0,1.0]
07-01 10:08:40.861  1124  1124 D ShortcutAndWidgetContainer: appWidgetScale - [x,y]: [1.0,1.0]
07-01 10:08:40.862  1124  1124 D NavigableAppWidgetHostView: updateScale - [fitScale,bounceScale]: [1.0,1.0]
07-01 10:08:40.862  1124  1124 D SsBaseTemplateCard: Passed-in item info is null
07-01 10:08:40.862  1124  1124 D SsBaseTemplateCard: Passed-in item info is null
07-01 10:08:40.862  1124  1124 D SsBaseTemplateCard: Passed-in item info is null
07-01 10:08:40.862  1124  1124 D SsBaseTemplateCard: Passed-in item info is null
07-01 10:08:40.862  1124  1124 I SsBaseTemplateCard: Secondary card pane is null
07-01 10:08:40.864   976 18225 V WindowManagerShell: onTransitionReady(transaction=2972117376559)
07-01 10:08:40.864   976  1041 V WindowManagerShell: onTransitionReady (#107) android.os.BinderProxy@a6fc820: {id=107 t=CLOSE f=0x0 trk=0 r=[0@Point(0, 0)] c=[
07-01 10:08:40.864   976  1041 V WindowManagerShell:         {m=CLOSE f=FLAG_CHANGED_INTERACTIVE leash=Surface(name=Task=585#845)/@0x95225d9 sb=Rect(0, 0 - 1080, 2400) eb=Rect(0, 0 - 1080, 2400) epz=Point(1080, 2400) d=0 taskParent=-1 winMode=1 userId=0},
07-01 10:08:40.864   976  1041 V WindowManagerShell:         {m=TO_FRONT f=SHOW_WALLPAPER|MOVE_TO_TOP|FLAG_CHANGED_INTERACTIVE leash=Surface(name=Task=1#35)/@0xe586b9e sb=Rect(0, 0 - 1080, 2400) eb=Rect(0, 0 - 1080, 2400) epz=Point(1080, 2400) d=0 taskParent=-1 winMode=1 userId=0},
07-01 10:08:40.864   976  1041 V WindowManagerShell:         {m=TO_FRONT f=IS_WALLPAPER leash=Surface(name=WallpaperWindowToken{52b99b6}#55)/@0x6a4267f sb=Rect(0, 0 - 1080, 2400) eb=Rect(0, 0 - 1080, 2400) epz=Point(1080, 2400) d=0}
07-01 10:08:40.864   976  1041 V WindowManagerShell:     ]}
07-01 10:08:40.864   976  1041 V WindowManagerShell: Playing animation for (#107) android.os.BinderProxy@a6fc820@0
07-01 10:08:40.865   976  1041 D ShellSplitScreen: startAnimation: transition=107 isSplitActive=false
07-01 10:08:40.865   976  1041 V ShellRecents: RecentsTransitionHandler.startAnimation: no controller found
07-01 10:08:40.865   976  1041 V ShellDesktopMode: DesktopMixedTransitionHandler: No pending desktop transition
07-01 10:08:40.865   976  1041 V WindowManagerShell: Transition doesn't have explicit remote, search filters for match for {id=107 t=CLOSE f=0x0 trk=0 r=[0@Point(0, 0)] c=[{m=CLOSE f=FLAG_CHANGED_INTERACTIVE leash=Surface(name=Task=585#845)/@0x95225d9 sb=Rect(0, 0 - 1080, 2400) eb=Rect(0, 0 - 1080, 2400) epz=Point(1080, 2400) d=0 taskParent=-1 winMode=1 userId=0},{m=TO_FRONT f=SHOW_WALLPAPER|MOVE_TO_TOP|FLAG_CHANGED_INTERACTIVE leash=Surface(name=Task=1#35)/@0xe586b9e sb=Rect(0, 0 - 1080, 2400) eb=Rect(0, 0 - 1080, 2400) epz=Point(1080, 2400) d=0 taskParent=-1 winMode=1 userId=0},{m=TO_FRONT f=IS_WALLPAPER leash=Surface(name=WallpaperWindowToken{52b99b6}#55)/@0x6a4267f sb=Rect(0, 0 - 1080, 2400) eb=Rect(0, 0 - 1080, 2400) epz=Point(1080, 2400) d=0}]}
07-01 10:08:40.865   976  1041 V WindowManagerShell:  Checking filter Pair{{types=[] flags=0x0 notFlags=0x0 checks=[{atype=undefined independent=true modes=[CLOSE,TO_BACK] flags=IN_TASK_WITH_EMBEDDED_ACTIVITY mustBeTask=false order=ANY topActivity=null launchCookie=null taskFragmentToken=android.os.BinderProxy@37e938e windowingMode=undefined isCrossDisplayMove=false}]} RemoteTransition { remoteTransition = android.window.IRemoteTransition$Stub$Proxy@bae47af, appThread = android.app.IApplicationThread$Stub$Proxy@36607bc, debugName = overlayBackTransition, filter = {types=[] flags=0x0 notFlags=0x0 checks=[{atype=undefined independent=true modes=[CLOSE,TO_BACK] flags=IN_TASK_WITH_EMBEDDED_ACTIVITY mustBeTask=false order=ANY topActivity=null launchCookie=null taskFragmentToken=android.os.BinderProxy@37e938e windowingMode=undefined isCrossDisplayMove=false}]} }}
07-01 10:08:40.865   976  1041 V WindowManagerShell:  Checking filter Pair{{types=[] flags=0x0 notFlags=0x0 checks=[{atype=dream independent=true modes=[OPEN,TO_FRONT] flags=NONE mustBeTask=false order=ANY topActivity=null launchCookie=null windowingMode=undefined isCrossDisplayMove=false},{atype=home independent=true modes=[CLOSE,TO_BACK] flags=NONE mustBeTask=false order=ANY topActivity=null launchCookie=null windowingMode=undefined isCrossDisplayMove=false}]} RemoteTransition { remoteTransition = android.window.IRemoteTransition$Stub$Proxy@34c345, appThread = android.app.IApplicationThread$Stub$Proxy@6545a9a, debugName = LauncherToDream, filter = {types=[] flags=0x0 notFlags=0x0 checks=[{atype=dream independent=true modes=[OPEN,TO_FRONT] flags=NONE mustBeTask=false order=ANY topActivity=null launchCookie=null windowingMode=undefined isCrossDisplayMove=false},{atype=home independent=true modes=[CLOSE,TO_BACK] flags=NONE mustBeTask=false order=ANY topActivity=null launchCookie=null windowingMode=undefined isCrossDisplayMove=false}]} }}
07-01 10:08:40.865   976  1041 V WindowManagerShell:  Checking filter Pair{{types=[] flags=0x0 notFlags=0x0 checks=[{atype=standard independent=false modes=[CHANGE] flags=NONE mustBeTask=true order=ANY topActivity=null launchCookie=null windowingMode=undefined isCrossDisplayMove=true}]} RemoteTransition { remoteTransition = android.window.IRemoteTransition$Stub$Proxy@2a1afcb, appThread = android.app.IApplicationThread$Stub$Proxy@469e3a8, debugName = QuickstepDisplayMove, filter = {types=[] flags=0x0 notFlags=0x0 checks=[{atype=standard independent=false modes=[CHANGE] flags=NONE mustBeTask=true order=ANY topActivity=null launchCookie=null windowingMode=undefined isCrossDisplayMove=true}]} }}
07-01 10:08:40.870   976  1041 V WindowManagerShell:  Checking filter Pair{{types=[] flags=0x0 notFlags=0x100 checks=[{atype=home independent=true modes=[OPEN,TO_FRONT] flags=NONE mustBeTask=false order=ANY topActivity=ComponentInfo{com.google.android.apps.nexuslauncher/com.google.android.apps.nexuslauncher.NexusLauncherActivity} launchCookie=null windowingMode=undefined isCrossDisplayMove=false},{atype=standard independent=true modes=[CLOSE,TO_BACK] flags=NONE mustBeTask=false order=ANY topActivity=null launchCookie=null windowingMode=undefined isCrossDisplayMove=false},{NOT atype=undefined independent=true modes=[] flags=NONE mustBeTask=true order=ANY topActivity=null launchCookie=null customAnim=true windowingMode=undefined isCrossDisplayMove=false}]} RemoteTransition { remoteTransition = android.window.IRemoteTransition$Stub$Proxy@634ec1, appThread = android.app.IApplicationThread$Stub$Proxy@68d8666, debugName = QuickstepLaunchHome, filter = {types=[] flags=0x0 notFlags=0x100 checks=[{atype=home independent=true modes=[OPEN,TO_FRONT] flags=NONE mustBeTask=false order=ANY topActivity=ComponentInfo{com.google.android.apps.nexuslauncher/com.google.android.apps.nexuslauncher.NexusLauncherActivity} launchCookie=null windowingMode=undefined isCrossDisplayMove=false},{atype=standard independent=true modes=[CLOSE,TO_BACK] flags=NONE mustBeTask=false order=ANY topActivity=null launchCookie=null windowingMode=undefined isCrossDisplayMove=false},{NOT atype=undefined independent=true modes=[] flags=NONE mustBeTask=true order=ANY topActivity=null launchCookie=null customAnim=true windowingMode=undefined isCrossDisplayMove=false}]} }}
07-01 10:08:40.870   976  1041 D RemoteTransitionHandler: Found filterPair{{types=[] flags=0x0 notFlags=0x100 checks=[{atype=home independent=true modes=[OPEN,TO_FRONT] flags=NONE mustBeTask=false order=ANY topActivity=ComponentInfo{com.google.android.apps.nexuslauncher/com.google.android.apps.nexuslauncher.NexusLauncherActivity} launchCookie=null windowingMode=undefined isCrossDisplayMove=false},{atype=standard independent=true modes=[CLOSE,TO_BACK] flags=NONE mustBeTask=false order=ANY topActivity=null launchCookie=null windowingMode=undefined isCrossDisplayMove=false},{NOT atype=undefined independent=true modes=[] flags=NONE mustBeTask=true order=ANY topActivity=null launchCookie=null customAnim=true windowingMode=undefined isCrossDisplayMove=false}]} RemoteTransition { remoteTransition = android.window.IRemoteTransition$Stub$Proxy@634ec1, appThread = android.app.IApplicationThread$Stub$Proxy@68d8666, debugName = QuickstepLaunchHome, filter = {types=[] flags=0x0 notFlags=0x100 checks=[{atype=home independent=true modes=[OPEN,TO_FRONT] flags=NONE mustBeTask=false order=ANY topActivity=ComponentInfo{com.google.android.apps.nexuslauncher/com.google.android.apps.nexuslauncher.NexusLauncherActivity} launchCookie=null windowingMode=undefined isCrossDisplayMove=false},{atype=standard independent=true modes=[CLOSE,TO_BACK] flags=NONE mustBeTask=false order=ANY topActivity=null launchCookie=null windowingMode=undefined isCrossDisplayMove=false},{NOT atype=undefined independent=true modes=[] flags=NONE mustBeTask=true order=ANY topActivity=null launchCookie=null customAnim=true windowingMode=undefined isCrossDisplayMove=false}]} }}
07-01 10:08:40.870   976  1041 V WindowManagerShell:  Delegate animation for (#107) to RemoteTransition { remoteTransition = android.window.IRemoteTransition$Stub$Proxy@634ec1, appThread = android.app.IApplicationThread$Stub$Proxy@68d8666, debugName = QuickstepLaunchHome, filter = {types=[] flags=0x0 notFlags=0x100 checks=[{atype=home independent=true modes=[OPEN,TO_FRONT] flags=NONE mustBeTask=false order=ANY topActivity=ComponentInfo{com.google.android.apps.nexuslauncher/com.google.android.apps.nexuslauncher.NexusLauncherActivity} launchCookie=null windowingMode=undefined isCrossDisplayMove=false},{atype=standard independent=true modes=[CLOSE,TO_BACK] flags=NONE mustBeTask=false order=ANY topActivity=null launchCookie=null windowingMode=undefined isCrossDisplayMove=false},{NOT atype=undefined independent=true modes=[] flags=NONE mustBeTask=true order=ANY topActivity=null launchCookie=null customAnim=true windowingMode=undefined isCrossDisplayMove=false}]} }
07-01 10:08:40.876  1124  1124 D LauncherStateManager: StateManager.createAtomicAnimation: fromState: Normal, toState: Normal, partial trace:
07-01 10:08:40.876  1124  1124 D LauncherStateManager: 	at com.android.quickstep.util.ScalingWorkspaceRevealAnim.<init>(go/retraceme 4b96215a9d9b4c1494121442fbf9d6e89857c91e1d76ddcc689701971259418a:60)
07-01 10:08:40.876  1124  1124 D LauncherStateManager: 	at com.android.launcher3.QuickstepTransitionManager.createWallpaperOpenAnimations(go/retraceme 4b96215a9d9b4c1494121442fbf9d6e89857c91e1d76ddcc689701971259418a:622)
07-01 10:08:40.876  1124  1124 D LauncherStateManager: 	at com.android.launcher3.QuickstepTransitionManager$WallpaperOpenLauncherAnimationRunner.onAnimationStart(go/retraceme 4b96215a9d9b4c1494121442fbf9d6e89857c91e1d76ddcc689701971259418a:135)
07-01 10:08:40.876  1124  1124 D AllAppsTransitionController: shouldProtectHeader: false skipScrim: true state: Normal stateManager.getState(): Normal
07-01 10:08:40.876  1124  1124 D KeyboardInsetsHandler: removePendingImeController: pendingImeController=null
07-01 10:08:40.877   527   549 W skia    : AGTM parsing failed flags.readFromStream(s) at 159
07-01 10:08:40.877  1124  1124 V BaseDepthController: Applying blur: 0 to Surface(name=VRI-com.google.android.apps.nexuslauncher/com.google.android.apps.nexuslauncher.NexusLauncherActivity#863)/@0xbaa612d applyImmediately: false
07-01 10:08:40.877  1124  1124 D BaseDepthController: shouldBlurWorkspace: false targetState: Normal currentStableState: Normal mCurrentBlur: 0 mLauncher.getDepthBlurTargets(): [com.android.launcher3.Workspace{6f54662 V.ED..... ......ID 0,0-1080,2400 #7f0a0486 app:id/workspace}, com.android.launcher3.Hotseat{3ad03f3 V.ED..... ........ 0,1905-1080,2400 #7f0a01f6 app:id/hotseat}]
07-01 10:08:40.877  1124  1124 V BaseDepthController: Applying blur: 0 to Surface(name=VRI-com.google.android.apps.nexuslauncher/com.google.android.apps.nexuslauncher.NexusLauncherActivity#863)/@0xbaa612d applyImmediately: false
07-01 10:08:40.877  1124  1124 D BaseDepthController: shouldBlurWorkspace: false targetState: Normal currentStableState: Normal mCurrentBlur: 0 mLauncher.getDepthBlurTargets(): [com.android.launcher3.Workspace{6f54662 V.ED..... ......ID 0,0-1080,2400 #7f0a0486 app:id/workspace}, com.android.launcher3.Hotseat{3ad03f3 V.ED..... ........ 0,1905-1080,2400 #7f0a01f6 app:id/hotseat}]
07-01 10:08:40.877  1124  1124 D LauncherStateManager: StateManager.cancelAnimation: animation ongoing: false, partial trace:
07-01 10:08:40.877  1124  1124 D LauncherStateManager: 	at com.android.launcher3.statemanager.StateManager.setCurrentAnimation(go/retraceme 4b96215a9d9b4c1494121442fbf9d6e89857c91e1d76ddcc689701971259418a:59)
07-01 10:08:40.877  1124  1124 D LauncherStateManager: 	at com.android.launcher3.QuickstepTransitionManager.createWallpaperOpenAnimations(go/retraceme 4b96215a9d9b4c1494121442fbf9d6e89857c91e1d76ddcc689701971259418a:734)
07-01 10:08:40.877  1124  1124 D LauncherStateManager: 	at com.android.launcher3.QuickstepTransitionManager$WallpaperOpenLauncherAnimationRunner.onAnimationStart(go/retraceme 4b96215a9d9b4c1494121442fbf9d6e89857c91e1d76ddcc689701971259418a:135)
07-01 10:08:40.877  1124  1124 D b/311077782: LauncherAnimationRunner.setAnimation
07-01 10:08:40.877  1124  1124 V BaseDepthController: Applying blur: 0 to Surface(name=VRI-com.google.android.apps.nexuslauncher/com.google.android.apps.nexuslauncher.NexusLauncherActivity#863)/@0xbaa612d applyImmediately: false
07-01 10:08:40.877  1124  1124 D BaseDepthController: shouldBlurWorkspace: false targetState: Normal currentStableState: Normal mCurrentBlur: 0 mLauncher.getDepthBlurTargets(): [com.android.launcher3.Workspace{6f54662 V.ED..... ......ID 0,0-1080,2400 #7f0a0486 app:id/workspace}, com.android.launcher3.Hotseat{3ad03f3 V.ED..... ......ID 0,1905-1080,2400 #7f0a01f6 app:id/hotseat}]
07-01 10:08:40.877  1124  1124 V BaseDepthController: Applying blur: 0 to Surface(name=VRI-com.google.android.apps.nexuslauncher/com.google.android.apps.nexuslauncher.NexusLauncherActivity#863)/@0xbaa612d applyImmediately: false
07-01 10:08:40.877  1124  1124 D BaseDepthController: shouldBlurWorkspace: false targetState: Normal currentStableState: Normal mCurrentBlur: 0 mLauncher.getDepthBlurTargets(): [com.android.launcher3.Workspace{6f54662 V.ED..... ......ID 0,0-1080,2400 #7f0a0486 app:id/workspace}, com.android.launcher3.Hotseat{3ad03f3 V.ED..... ......ID 0,1905-1080,2400 #7f0a01f6 app:id/hotseat}]
07-01 10:08:40.878  1124  1124 V BaseDepthController: Applying blur: 0 to Surface(name=VRI-com.google.android.apps.nexuslauncher/com.google.android.apps.nexuslauncher.NexusLauncherActivity#863)/@0xbaa612d applyImmediately: false
07-01 10:08:40.878  1124  1124 D BaseDepthController: shouldBlurWorkspace: false targetState: Normal currentStableState: Normal mCurrentBlur: 0 mLauncher.getDepthBlurTargets(): [com.android.launcher3.Workspace{6f54662 V.ED..... ......ID 0,0-1080,2400 #7f0a0486 app:id/workspace}, com.android.launcher3.Hotseat{3ad03f3 V.ED..... ......ID 0,1905-1080,2400 #7f0a01f6 app:id/hotseat}]
07-01 10:08:40.878  1124  1124 V BaseDepthController: Applying blur: 0 to Surface(name=VRI-com.google.android.apps.nexuslauncher/com.google.android.apps.nexuslauncher.NexusLauncherActivity#863)/@0xbaa612d applyImmediately: false
07-01 10:08:40.878  1124  1124 D BaseDepthController: shouldBlurWorkspace: false targetState: Normal currentStableState: Normal mCurrentBlur: 0 mLauncher.getDepthBlurTargets(): [com.android.launcher3.Workspace{6f54662 V.ED..... ......ID 0,0-1080,2400 #7f0a0486 app:id/workspace}, com.android.launcher3.Hotseat{3ad03f3 V.ED..... ......ID 0,1905-1080,2400 #7f0a01f6 app:id/hotseat}]
07-01 10:08:40.878  1124  1124 V BaseDepthController: Applying blur: 0 to Surface(name=VRI-com.google.android.apps.nexuslauncher/com.google.android.apps.nexuslauncher.NexusLauncherActivity#863)/@0xbaa612d applyImmediately: false
07-01 10:08:40.878  1124  1124 D BaseDepthController: shouldBlurWorkspace: false targetState: Normal currentStableState: Normal mCurrentBlur: 0 mLauncher.getDepthBlurTargets(): [com.android.launcher3.Workspace{6f54662 V.ED..... ......ID 0,0-1080,2400 #7f0a0486 app:id/workspace}, com.android.launcher3.Hotseat{3ad03f3 V.ED..... ......ID 0,1905-1080,2400 #7f0a01f6 app:id/hotseat}]
07-01 10:08:40.880   692   712 V WindowManager: Sent Transition (#107) createdAt=07-01 10:08:40.696 via request=TransitionRequestInfo { type = CLOSE, triggerTask = TaskInfo{userId=0 taskId=585 effectiveUid=10233 displayId=0 isRunning=false baseIntent=Intent { flg=0x10000000 cmp=com.aiquota.mobile/.debug.ProviderLoginDebugActivity } baseActivity=null topActivity=null origActivity=null realActivity=ComponentInfo{com.aiquota.mobile/com.aiquota.mobile.debug.ProviderLoginDebugActivity} realActivityIsAppLockEnabled=false numActivities=0 lastActiveTime=13381522 supportsMultiWindow=true supportsMultiWindowWithoutConstraints=true resizeMode=1 isResizeable=true minWidth=-1 minHeight=-1 defaultMinSize=220 token=WCT{RemoteToken{9ed9cf2 Task{c33f151 #585 type=standard A=10233:com.aiquota.mobile}}} topActivityType=1 pictureInPictureParams=null shouldDockBigOverlays=false launchIntoPipHostTaskId=-1 lastParentTaskIdBeforePip=-1 displayCutoutSafeInsets=Rect(0, 0 - 0, 0) topActivityInfo=null launchCookies=[] positionInParent=Point(0, 0) parentTaskId=-1 isFocused=true isInteractive=true isVisible=true isVisibleRequested=true isTopActivityNoDisplay=false isSleeping=false locusId=null displayAreaFeatureId=1 isTopActivityTransparent=false isActivityStackTransparent=true lastNonFullscreenBounds=null leafTaskBoundsFromOptions= false capturedLink=null capturedLinkTimestamp=0 requestedVisibleTypes=503 topActivityRequestOpenInBrowserEducationTimestamp=0 appCompatTaskInfo=AppCompatTaskInfo { topActivityInSizeCompat=false isLeafTask= true eligibleForLetterboxEducation= false isLetterboxEducationEnabled= false isLetterboxDoubleTapEnabled= false eligibleForUserAspectRatioButton= false topActivityBoundsLetterboxed= false isFromLetterboxDoubleTap= false topActivityLetterboxVerticalPosition= -1 topActivityLetterboxHorizontalPosition= -1 topActivityLetterboxWidth=-1 topActivityLetterboxHeight=-1 topActivityAppBounds=Rect(0, 0 - 0, 0) isUserFullscreenOverrideEnabled=false isSystemFullscreenOverrideEnabled=false hasMinAspectRatioOverride=false topActivityLetterboxBounds=null topNonResizableActivityAspectRatio=-1.0} topActivityMainWindowFrame=null isAppBubble=false}, pipChange = null, remoteTransitionInfo = null, displayChanges = null, requestedLocation = null, userChange = null, windowingLayerChange = null, fullscreenRequestChange = null, flags = 0, debugId = 107 }
07-01 10:08:40.880   692   712 V WindowManager:     startWCT=WindowContainerTransaction { changes= {} hops= [] flags= 0 errorCallbackToken=null taskFragmentOrganizer=null }
07-01 10:08:40.880   692   712 V WindowManager:     info={id=107 t=CLOSE f=0x0 trk=0 r=[0@Point(0, 0)] c=[
07-01 10:08:40.880   692   712 V WindowManager:         {WCT{RemoteToken{9ed9cf2 Task{c33f151 #585 type=standard A=10233:com.aiquota.mobile}}} m=CLOSE f=FLAG_CHANGED_INTERACTIVE leash=Surface(name=Task=585#845)/@0x10c7c54 sb=Rect(0, 0 - 1080, 2400) eb=Rect(0, 0 - 1080, 2400) epz=Point(1080, 2400) d=0 taskParent=-1 winMode=1 userId=0},
07-01 10:08:40.880   692   712 V WindowManager:         {WCT{RemoteToken{9e125dd Task{1fd25e1 #1 type=home}}} m=TO_FRONT f=SHOW_WALLPAPER|MOVE_TO_TOP|FLAG_CHANGED_INTERACTIVE leash=Surface(name=Task=1#35)/@0x54d2d69 sb=Rect(0, 0 - 1080, 2400) eb=Rect(0, 0 - 1080, 2400) epz=Point(1080, 2400) d=0 taskParent=-1 winMode=1 userId=0},
07-01 10:08:40.880   692   712 V WindowManager:         {m=TO_FRONT f=IS_WALLPAPER leash=Surface(name=WallpaperWindowToken{52b99b6}#55)/@0x568e9c sb=Rect(0, 0 - 1080, 2400) eb=Rect(0, 0 - 1080, 2400) epz=Point(1080, 2400) d=0}
07-01 10:08:40.880   692   712 V WindowManager:     ]}
07-01 10:08:40.887   692  2078 W ActivityTaskManager: setRunningRemoteTransition: no process for null
07-01 10:08:40.887   976  1041 V WindowManagerShell:  animated by com.android.wm.shell.transition.RemoteTransitionHandler@2197da7
07-01 10:08:40.888   976  1041 V RecentTasksController: Notify recent tasks changed
07-01 10:08:40.888   976  1041 V RecentTasksController: generateList(getRecentTasks)
07-01 10:08:40.888   976  1041 V RecentTasksController: initializeDesksMap - allDeskIds: []
07-01 10:08:40.889   976  1041 V RecentTasksController: Task 585 is not an active desktop task
07-01 10:08:40.889   976  1041 V RecentTasksController: Added fullscreen task: 585
07-01 10:08:40.889   976  1041 V RecentTasksController: Task 496 is not an active desktop task
07-01 10:08:40.889   976  1041 V RecentTasksController: Added fullscreen task: 496
07-01 10:08:40.889   976  1041 V RecentTasksController: Task 509 is not an active desktop task
07-01 10:08:40.889   976  1041 V RecentTasksController: Added fullscreen task: 509
07-01 10:08:40.889   976  1041 V RecentTasksController: generateList - complete
07-01 10:08:40.889  1124  1223 D PreloadThumbnailUseCase: Preloading thumbnails for task ids: [[id=509 windowingMode=0 user=0 lastActiveTime=23280] null, [id=496 windowingMode=0 user=0 lastActiveTime=23281] null, [id=585 windowingMode=1 user=0 lastActiveTime=13387056] null]
07-01 10:08:40.894  1124  1124 V BaseDepthController: Applying blur: 0 to Surface(name=VRI-com.google.android.apps.nexuslauncher/com.google.android.apps.nexuslauncher.NexusLauncherActivity#863)/@0xbaa612d applyImmediately: false
07-01 10:08:40.894  1124  1124 D BaseDepthController: shouldBlurWorkspace: false targetState: Normal currentStableState: Normal mCurrentBlur: 0 mLauncher.getDepthBlurTargets(): [com.android.launcher3.Workspace{6f54662 V.ED..... ........ 0,0-1080,2400 #7f0a0486 app:id/workspace}, com.android.launcher3.Hotseat{3ad03f3 V.ED..... .......D 0,1905-1080,2400 #7f0a01f6 app:id/hotseat}]
07-01 10:08:40.895   488   488 I RanchuHwc: logCompositionFallbackIfChanged: layer 134 CompositionType fallback from 2 to 1
07-01 10:08:40.895   488   488 I RanchuHwc: logCompositionFallbackIfChanged: layer 135 CompositionType fallback from 2 to 1
07-01 10:08:40.895  1124  1124 D BaseActivity: Launcher flags updated: [state_started|state_resumed|state_deferred_resumed|state_window_focused|state_user_active] +[state_window_focused]
07-01 10:08:40.895   527   549 W skia    : AGTM parsing failed flags.readFromStream(s) at 159
07-01 10:08:40.895   527   549 W skia    : AGTM parsing failed flags.readFromStream(s) at 159
07-01 10:08:40.895   527   549 W skia    : AGTM parsing failed flags.readFromStream(s) at 159
07-01 10:08:40.895   527   549 W skia    : AGTM parsing failed flags.readFromStream(s) at 159
07-01 10:08:40.895   527   549 W skia    : AGTM parsing failed flags.readFromStream(s) at 159
07-01 10:08:40.896   527   549 W skia    : AGTM parsing failed flags.readFromStream(s) at 159
07-01 10:08:40.896   527   549 W skia    : AGTM parsing failed flags.readFromStream(s) at 159
07-01 10:08:40.896   692   819 I ImeTracker: com.google.android.apps.nexuslauncher:4ce4a1e8: onRequestHide at ORIGIN_SERVER reason HIDE_UNSPECIFIED_WINDOW fromUser false userId 0 displayId 0
07-01 10:08:40.897  1124  1124 D RecentTasksList: invalidateLoadedTasks - previous requestLoadId: -1
07-01 10:08:40.897  1124  1124 D InsetsController: hide(ime())
07-01 10:08:40.897  1124  1124 I ImeTracker: com.google.android.apps.nexuslauncher:4ce4a1e8: onCancelled at PHASE_CLIENT_ALREADY_HIDDEN
07-01 10:08:40.899   692   819 W InputChannel-JNI: Channel already disposed.
07-01 10:08:40.900  4600  4600 I GoogleInputMethodService: GoogleInputMethodService.onFinishInput():2274 
07-01 10:08:40.900  4600  4600 I Module  : DeviceLockedStatusModuleProvider$Module.updateDeviceLockedStatusInternal():128 repeatCheckTimes = 0, locked = false
07-01 10:08:40.901   692  1239 I ImeTracker: system_server:38a0385e: onRequestHide at ORIGIN_SERVER reason IME_REQUESTED_CHANGED_LISTENER fromUser false displayId 0
07-01 10:08:40.902   692   715 I ImeTracker: system_server:38a0385e: onCancelled at PHASE_SERVER_SHOULD_HIDE
07-01 10:08:40.902  4600  4600 I GoogleInputMethodService: GoogleInputMethodService.onStartInput():1459 onStartInput(EditorInfo{EditorInfo{packageName=com.google.android.apps.nexuslauncher, inputType=0, inputTypeString=NULL, enableLearning=false, autoCorrection=false, autoComplete=false, imeOptions=0, privateImeOptions=null, actionName=UNSPECIFIED, actionLabel=null, initialSelStart=-1, initialSelEnd=-1, initialCapsMode=0, label=null, fieldId=0, fieldName=null, extras=null, hintText=null, hintLocales=[]}}, false)
07-01 10:08:40.903  4600  4600 I LatinIMEBase: LatinIMEBase.updateInputViewCoverNavigation():317 Update input view padding, isNavbarOverInputWindow=true, bottom inset=63
07-01 10:08:40.903  4600  4600 I Module  : DeviceLockedStatusModuleProvider$Module.updateDeviceLockedStatusInternal():128 repeatCheckTimes = 1, locked = false
07-01 10:08:40.904   692  1239 W PackageConfigPersister: App-specific configuration not found for packageName: com.google.android.apps.nexuslauncher and userId: 0
07-01 10:08:40.912  1124  1124 V BaseDepthController: Applying blur: 0 to Surface(name=VRI-com.google.android.apps.nexuslauncher/com.google.android.apps.nexuslauncher.NexusLauncherActivity#863)/@0xbaa612d applyImmediately: false
07-01 10:08:40.912   527   549 W skia    : AGTM parsing failed flags.readFromStream(s) at 159
07-01 10:08:40.912   527   549 W skia    : AGTM parsing failed flags.readFromStream(s) at 159
07-01 10:08:40.912  1124  1124 D BaseDepthController: shouldBlurWorkspace: false targetState: Normal currentStableState: Normal mCurrentBlur: 0 mLauncher.getDepthBlurTargets(): [com.android.launcher3.Workspace{6f54662 V.ED..... .......D 0,0-1080,2400 #7f0a0486 app:id/workspace}, com.android.launcher3.Hotseat{3ad03f3 V.ED..... .......D 0,1905-1080,2400 #7f0a01f6 app:id/hotseat}]
07-01 10:08:40.912   527   549 W skia    : AGTM parsing failed flags.readFromStream(s) at 159
07-01 10:08:40.912   527   549 W skia    : AGTM parsing failed flags.readFromStream(s) at 159
07-01 10:08:40.912   527   549 W skia    : AGTM parsing failed flags.readFromStream(s) at 159
07-01 10:08:40.912   527   549 W skia    : AGTM parsing failed flags.readFromStream(s) at 159
07-01 10:08:40.912   527   549 W skia    : AGTM parsing failed flags.readFromStream(s) at 159
07-01 10:08:40.928   527   549 W skia    : AGTM parsing failed flags.readFromStream(s) at 159
07-01 10:08:40.928  1124  1124 V BaseDepthController: Applying blur: 0 to Surface(name=VRI-com.google.android.apps.nexuslauncher/com.google.android.apps.nexuslauncher.NexusLauncherActivity#863)/@0xbaa612d applyImmediately: false
07-01 10:08:40.928   527   549 W skia    : AGTM parsing failed flags.readFromStream(s) at 159
07-01 10:08:40.928   527   549 W skia    : AGTM parsing failed flags.readFromStream(s) at 159
07-01 10:08:40.928   527   549 W skia    : AGTM parsing failed flags.readFromStream(s) at 159
07-01 10:08:40.928  1124  1124 D BaseDepthController: shouldBlurWorkspace: false targetState: Normal currentStableState: Normal mCurrentBlur: 0 mLauncher.getDepthBlurTargets(): [com.android.launcher3.Workspace{6f54662 V.ED..... .......D 0,0-1080,2400 #7f0a0486 app:id/workspace}, com.android.launcher3.Hotseat{3ad03f3 V.ED..... .......D 0,1905-1080,2400 #7f0a01f6 app:id/hotseat}]
07-01 10:08:40.928   527   549 W skia    : AGTM parsing failed flags.readFromStream(s) at 159
07-01 10:08:40.928   527   549 W skia    : AGTM parsing failed flags.readFromStream(s) at 159
07-01 10:08:40.928   527   549 W skia    : AGTM parsing failed flags.readFromStream(s) at 159
07-01 10:08:40.945   527   549 W skia    : AGTM parsing failed flags.readFromStream(s) at 159
07-01 10:08:40.945  1124  1124 V BaseDepthController: Applying blur: 0 to Surface(name=VRI-com.google.android.apps.nexuslauncher/com.google.android.apps.nexuslauncher.NexusLauncherActivity#863)/@0xbaa612d applyImmediately: false
07-01 10:08:40.945   527   549 W skia    : AGTM parsing failed flags.readFromStream(s) at 159
07-01 10:08:40.946  1124  1124 D BaseDepthController: shouldBlurWorkspace: false targetState: Normal currentStableState: Normal mCurrentBlur: 0 mLauncher.getDepthBlurTargets(): [com.android.launcher3.Workspace{6f54662 V.ED..... ........ 0,0-1080,2400 #7f0a0486 app:id/workspace}, com.android.launcher3.Hotseat{3ad03f3 V.ED..... ........ 0,1905-1080,2400 #7f0a01f6 app:id/hotseat}]
07-01 10:08:40.946   527   549 W skia    : AGTM parsing failed flags.readFromStream(s) at 159
07-01 10:08:40.946   527   549 W skia    : AGTM parsing failed flags.readFromStream(s) at 159
07-01 10:08:40.946   527   549 W skia    : AGTM parsing failed flags.readFromStream(s) at 159
07-01 10:08:40.946   527   549 W skia    : AGTM parsing failed flags.readFromStream(s) at 159
07-01 10:08:40.946   527   549 W skia    : AGTM parsing failed flags.readFromStream(s) at 159
07-01 10:08:40.963  1124  1124 V BaseDepthController: Applying blur: 0 to Surface(name=VRI-com.google.android.apps.nexuslauncher/com.google.android.apps.nexuslauncher.NexusLauncherActivity#863)/@0xbaa612d applyImmediately: false
07-01 10:08:40.963  1124  1124 D BaseDepthController: shouldBlurWorkspace: false targetState: Normal currentStableState: Normal mCurrentBlur: 0 mLauncher.getDepthBlurTargets(): [com.android.launcher3.Workspace{6f54662 V.ED..... ........ 0,0-1080,2400 #7f0a0486 app:id/workspace}, com.android.launcher3.Hotseat{3ad03f3 V.ED..... ........ 0,1905-1080,2400 #7f0a01f6 app:id/hotseat}]
07-01 10:08:40.963   527   549 W skia    : AGTM parsing failed flags.readFromStream(s) at 159
07-01 10:08:40.963   527   549 W skia    : AGTM parsing failed flags.readFromStream(s) at 159
07-01 10:08:40.963   527   549 W skia    : AGTM parsing failed flags.readFromStream(s) at 159
07-01 10:08:40.963   527   549 W skia    : AGTM parsing failed flags.readFromStream(s) at 159
07-01 10:08:40.963   527   549 W skia    : AGTM parsing failed flags.readFromStream(s) at 159
07-01 10:08:40.963   527   549 W skia    : AGTM parsing failed flags.readFromStream(s) at 159
07-01 10:08:40.963   527   549 W skia    : AGTM parsing failed flags.readFromStream(s) at 159
07-01 10:08:40.968   527   549 W skia    : AGTM parsing failed flags.readFromStream(s) at 159
07-01 10:08:40.968   527   549 W skia    : AGTM parsing failed flags.readFromStream(s) at 159
07-01 10:08:40.978  1124  1124 V BaseDepthController: Applying blur: 0 to Surface(name=VRI-com.google.android.apps.nexuslauncher/com.google.android.apps.nexuslauncher.NexusLauncherActivity#863)/@0xbaa612d applyImmediately: false
07-01 10:08:40.979   527   549 W skia    : AGTM parsing failed flags.readFromStream(s) at 159
07-01 10:08:40.979  1124  1124 D BaseDepthController: shouldBlurWorkspace: false targetState: Normal currentStableState: Normal mCurrentBlur: 0 mLauncher.getDepthBlurTargets(): [com.android.launcher3.Workspace{6f54662 V.ED..... ........ 0,0-1080,2400 #7f0a0486 app:id/workspace}, com.android.launcher3.Hotseat{3ad03f3 V.ED..... ........ 0,1905-1080,2400 #7f0a01f6 app:id/hotseat}]
07-01 10:08:40.979   527   549 W skia    : AGTM parsing failed flags.readFromStream(s) at 159
07-01 10:08:40.979   527   549 W skia    : AGTM parsing failed flags.readFromStream(s) at 159
07-01 10:08:40.979   527   549 W skia    : AGTM parsing failed flags.readFromStream(s) at 159
07-01 10:08:40.979   527   549 W skia    : AGTM parsing failed flags.readFromStream(s) at 159
07-01 10:08:40.979   527   549 W skia    : AGTM parsing failed flags.readFromStream(s) at 159
07-01 10:08:40.979   527   549 W skia    : AGTM parsing failed flags.readFromStream(s) at 159
07-01 10:08:40.995  1124  1124 V BaseDepthController: Applying blur: 0 to Surface(name=VRI-com.google.android.apps.nexuslauncher/com.google.android.apps.nexuslauncher.NexusLauncherActivity#863)/@0xbaa612d applyImmediately: false
07-01 10:08:40.995  1124  1124 D BaseDepthController: shouldBlurWorkspace: false targetState: Normal currentStableState: Normal mCurrentBlur: 0 mLauncher.getDepthBlurTargets(): [com.android.launcher3.Workspace{6f54662 V.ED..... ........ 0,0-1080,2400 #7f0a0486 app:id/workspace}, com.android.launcher3.Hotseat{3ad03f3 V.ED..... ........ 0,1905-1080,2400 #7f0a01f6 app:id/hotseat}]
07-01 10:08:40.995   527   549 W skia    : AGTM parsing failed flags.readFromStream(s) at 159
07-01 10:08:40.995   527   549 W skia    : AGTM parsing failed flags.readFromStream(s) at 159
07-01 10:08:40.995   527   549 W skia    : AGTM parsing failed flags.readFromStream(s) at 159
07-01 10:08:40.995   527   549 W skia    : AGTM parsing failed flags.readFromStream(s) at 159
07-01 10:08:40.995   527   549 W skia    : AGTM parsing failed flags.readFromStream(s) at 159
07-01 10:08:40.995   527   549 W skia    : AGTM parsing failed flags.readFromStream(s) at 159
07-01 10:08:40.995   527   549 W skia    : AGTM parsing failed flags.readFromStream(s) at 159
07-01 10:08:41.012   527   549 W skia    : AGTM parsing failed flags.readFromStream(s) at 159
07-01 10:08:41.012   527   549 W skia    : AGTM parsing failed flags.readFromStream(s) at 159
07-01 10:08:41.012   527   549 W skia    : AGTM parsing failed flags.readFromStream(s) at 159
07-01 10:08:41.012   527   549 W skia    : AGTM parsing failed flags.readFromStream(s) at 159
07-01 10:08:41.012   527   549 W skia    : AGTM parsing failed flags.readFromStream(s) at 159
07-01 10:08:41.012  1124  1124 V BaseDepthController: Applying blur: 0 to Surface(name=VRI-com.google.android.apps.nexuslauncher/com.google.android.apps.nexuslauncher.NexusLauncherActivity#863)/@0xbaa612d applyImmediately: false
07-01 10:08:41.012   527   549 W skia    : AGTM parsing failed flags.readFromStream(s) at 159
07-01 10:08:41.012   527   549 W skia    : AGTM parsing failed flags.readFromStream(s) at 159
07-01 10:08:41.012  1124  1124 D BaseDepthController: shouldBlurWorkspace: false targetState: Normal currentStableState: Normal mCurrentBlur: 0 mLauncher.getDepthBlurTargets(): [com.android.launcher3.Workspace{6f54662 V.ED..... ........ 0,0-1080,2400 #7f0a0486 app:id/workspace}, com.android.launcher3.Hotseat{3ad03f3 V.ED..... ........ 0,1905-1080,2400 #7f0a01f6 app:id/hotseat}]
07-01 10:08:41.027  1124  1124 V BaseDepthController: Applying blur: 0 to Surface(name=VRI-com.google.android.apps.nexuslauncher/com.google.android.apps.nexuslauncher.NexusLauncherActivity#863)/@0xbaa612d applyImmediately: false
07-01 10:08:41.027  1124  1124 D BaseDepthController: shouldBlurWorkspace: false targetState: Normal currentStableState: Normal mCurrentBlur: 0 mLauncher.getDepthBlurTargets(): [com.android.launcher3.Workspace{6f54662 V.ED..... ........ 0,0-1080,2400 #7f0a0486 app:id/workspace}, com.android.launcher3.Hotseat{3ad03f3 V.ED..... ........ 0,1905-1080,2400 #7f0a01f6 app:id/hotseat}]
07-01 10:08:41.028   527   549 W skia    : AGTM parsing failed flags.readFromStream(s) at 159
07-01 10:08:41.028   527   549 W skia    : AGTM parsing failed flags.readFromStream(s) at 159
07-01 10:08:41.028   527   549 W skia    : AGTM parsing failed flags.readFromStream(s) at 159
07-01 10:08:41.028   527   549 W skia    : AGTM parsing failed flags.readFromStream(s) at 159
07-01 10:08:41.028   527   549 W skia    : AGTM parsing failed flags.readFromStream(s) at 159
07-01 10:08:41.028   527   549 W skia    : AGTM parsing failed flags.readFromStream(s) at 159
07-01 10:08:41.028   527   549 W skia    : AGTM parsing failed flags.readFromStream(s) at 159
07-01 10:08:41.044  1124  1124 V BaseDepthController: Applying blur: 0 to Surface(name=VRI-com.google.android.apps.nexuslauncher/com.google.android.apps.nexuslauncher.NexusLauncherActivity#863)/@0xbaa612d applyImmediately: false
07-01 10:08:41.044  1124  1124 D BaseDepthController: shouldBlurWorkspace: false targetState: Normal currentStableState: Normal mCurrentBlur: 0 mLauncher.getDepthBlurTargets(): [com.android.launcher3.Workspace{6f54662 V.ED..... ........ 0,0-1080,2400 #7f0a0486 app:id/workspace}, com.android.launcher3.Hotseat{3ad03f3 V.ED..... ........ 0,1905-1080,2400 #7f0a01f6 app:id/hotseat}]
07-01 10:08:41.045   527   549 W skia    : AGTM parsing failed flags.readFromStream(s) at 159
07-01 10:08:41.045   527   549 W skia    : AGTM parsing failed flags.readFromStream(s) at 159
07-01 10:08:41.045   527   549 W skia    : AGTM parsing failed flags.readFromStream(s) at 159
07-01 10:08:41.045   527   549 W skia    : AGTM parsing failed flags.readFromStream(s) at 159
07-01 10:08:41.045   527   549 W skia    : AGTM parsing failed flags.readFromStream(s) at 159
07-01 10:08:41.045   527   549 W skia    : AGTM parsing failed flags.readFromStream(s) at 159
07-01 10:08:41.045   527   549 W skia    : AGTM parsing failed flags.readFromStream(s) at 159
07-01 10:08:41.061  1124  1124 V BaseDepthController: Applying blur: 0 to Surface(name=VRI-com.google.android.apps.nexuslauncher/com.google.android.apps.nexuslauncher.NexusLauncherActivity#863)/@0xbaa612d applyImmediately: false
07-01 10:08:41.061  1124  1124 D BaseDepthController: shouldBlurWorkspace: false targetState: Normal currentStableState: Normal mCurrentBlur: 0 mLauncher.getDepthBlurTargets(): [com.android.launcher3.Workspace{6f54662 V.ED..... ........ 0,0-1080,2400 #7f0a0486 app:id/workspace}, com.android.launcher3.Hotseat{3ad03f3 V.ED..... ........ 0,1905-1080,2400 #7f0a01f6 app:id/hotseat}]
07-01 10:08:41.070   527   549 W skia    : AGTM parsing failed flags.readFromStream(s) at 159
07-01 10:08:41.070   527   549 W skia    : AGTM parsing failed flags.readFromStream(s) at 159
07-01 10:08:41.078  1124  1124 V BaseDepthController: Applying blur: 0 to Surface(name=VRI-com.google.android.apps.nexuslauncher/com.google.android.apps.nexuslauncher.NexusLauncherActivity#863)/@0xbaa612d applyImmediately: false
07-01 10:08:41.078  1124  1124 D BaseDepthController: setEarlyWakeup: true
07-01 10:08:41.078  1124  1124 D BaseDepthController: shouldBlurWorkspace: false targetState: Normal currentStableState: Normal mCurrentBlur: 0 mLauncher.getDepthBlurTargets(): [com.android.launcher3.Workspace{6f54662 V.ED..... ........ 0,0-1080,2400 #7f0a0486 app:id/workspace}, com.android.launcher3.Hotseat{3ad03f3 V.ED..... ........ 0,1905-1080,2400 #7f0a01f6 app:id/hotseat}]
07-01 10:08:41.094  1124  1124 V BaseDepthController: Applying blur: 0 to Surface(name=VRI-com.google.android.apps.nexuslauncher/com.google.android.apps.nexuslauncher.NexusLauncherActivity#863)/@0xbaa612d applyImmediately: false
07-01 10:08:41.094  1124  1124 D BaseDepthController: shouldBlurWorkspace: false targetState: Normal currentStableState: Normal mCurrentBlur: 0 mLauncher.getDepthBlurTargets(): [com.android.launcher3.Workspace{6f54662 V.ED..... ........ 0,0-1080,2400 #7f0a0486 app:id/workspace}, com.android.launcher3.Hotseat{3ad03f3 V.ED..... ........ 0,1905-1080,2400 #7f0a01f6 app:id/hotseat}]
07-01 10:08:41.111  1124  1124 V BaseDepthController: Applying blur: 0 to Surface(name=VRI-com.google.android.apps.nexuslauncher/com.google.android.apps.nexuslauncher.NexusLauncherActivity#863)/@0xbaa612d applyImmediately: false
07-01 10:08:41.111  1124  1124 D BaseDepthController: shouldBlurWorkspace: false targetState: Normal currentStableState: Normal mCurrentBlur: 0 mLauncher.getDepthBlurTargets(): [com.android.launcher3.Workspace{6f54662 V.ED..... ........ 0,0-1080,2400 #7f0a0486 app:id/workspace}, com.android.launcher3.Hotseat{3ad03f3 V.ED..... ........ 0,1905-1080,2400 #7f0a01f6 app:id/hotseat}]
07-01 10:08:41.129  1124  1124 V BaseDepthController: Applying blur: 0 to Surface(name=VRI-com.google.android.apps.nexuslauncher/com.google.android.apps.nexuslauncher.NexusLauncherActivity#863)/@0xbaa612d applyImmediately: false
07-01 10:08:41.130  1124  1124 D BaseDepthController: shouldBlurWorkspace: false targetState: Normal currentStableState: Normal mCurrentBlur: 0 mLauncher.getDepthBlurTargets(): [com.android.launcher3.Workspace{6f54662 V.ED..... ........ 0,0-1080,2400 #7f0a0486 app:id/workspace}, com.android.launcher3.Hotseat{3ad03f3 V.ED..... ........ 0,1905-1080,2400 #7f0a01f6 app:id/hotseat}]
07-01 10:08:41.145  1124  1124 V BaseDepthController: Applying blur: 0 to Surface(name=VRI-com.google.android.apps.nexuslauncher/com.google.android.apps.nexuslauncher.NexusLauncherActivity#863)/@0xbaa612d applyImmediately: false
07-01 10:08:41.146  1124  1124 D BaseDepthController: shouldBlurWorkspace: false targetState: Normal currentStableState: Normal mCurrentBlur: 0 mLauncher.getDepthBlurTargets(): [com.android.launcher3.Workspace{6f54662 V.ED..... ........ 0,0-1080,2400 #7f0a0486 app:id/workspace}, com.android.launcher3.Hotseat{3ad03f3 V.ED..... ........ 0,1905-1080,2400 #7f0a01f6 app:id/hotseat}]
07-01 10:08:41.162  1124  1124 V BaseDepthController: Applying blur: 0 to Surface(name=VRI-com.google.android.apps.nexuslauncher/com.google.android.apps.nexuslauncher.NexusLauncherActivity#863)/@0xbaa612d applyImmediately: false
07-01 10:08:41.162  1124  1124 D BaseDepthController: shouldBlurWorkspace: false targetState: Normal currentStableState: Normal mCurrentBlur: 0 mLauncher.getDepthBlurTargets(): [com.android.launcher3.Workspace{6f54662 V.ED..... ........ 0,0-1080,2400 #7f0a0486 app:id/workspace}, com.android.launcher3.Hotseat{3ad03f3 V.ED..... ........ 0,1905-1080,2400 #7f0a01f6 app:id/hotseat}]
07-01 10:08:41.173   527   549 W skia    : AGTM parsing failed flags.readFromStream(s) at 159
07-01 10:08:41.173   527   549 W skia    : AGTM parsing failed flags.readFromStream(s) at 159
07-01 10:08:41.178  1124  1124 V BaseDepthController: Applying blur: 0 to Surface(name=VRI-com.google.android.apps.nexuslauncher/com.google.android.apps.nexuslauncher.NexusLauncherActivity#863)/@0xbaa612d applyImmediately: false
07-01 10:08:41.178  1124  1124 D BaseDepthController: shouldBlurWorkspace: false targetState: Normal currentStableState: Normal mCurrentBlur: 0 mLauncher.getDepthBlurTargets(): [com.android.launcher3.Workspace{6f54662 V.ED..... ........ 0,0-1080,2400 #7f0a0486 app:id/workspace}, com.android.launcher3.Hotseat{3ad03f3 V.ED..... ........ 0,1905-1080,2400 #7f0a01f6 app:id/hotseat}]
07-01 10:08:41.195  1124  1124 V BaseDepthController: Applying blur: 0 to Surface(name=VRI-com.google.android.apps.nexuslauncher/com.google.android.apps.nexuslauncher.NexusLauncherActivity#863)/@0xbaa612d applyImmediately: false
07-01 10:08:41.195  1124  1124 D BaseDepthController: shouldBlurWorkspace: false targetState: Normal currentStableState: Normal mCurrentBlur: 0 mLauncher.getDepthBlurTargets(): [com.android.launcher3.Workspace{6f54662 V.ED..... ........ 0,0-1080,2400 #7f0a0486 app:id/workspace}, com.android.launcher3.Hotseat{3ad03f3 V.ED..... ........ 0,1905-1080,2400 #7f0a01f6 app:id/hotseat}]
07-01 10:08:41.211  1124  1124 V BaseDepthController: Applying blur: 0 to Surface(name=VRI-com.google.android.apps.nexuslauncher/com.google.android.apps.nexuslauncher.NexusLauncherActivity#863)/@0xbaa612d applyImmediately: false
07-01 10:08:41.211  1124  1124 D BaseDepthController: shouldBlurWorkspace: false targetState: Normal currentStableState: Normal mCurrentBlur: 0 mLauncher.getDepthBlurTargets(): [com.android.launcher3.Workspace{6f54662 V.ED..... ........ 0,0-1080,2400 #7f0a0486 app:id/workspace}, com.android.launcher3.Hotseat{3ad03f3 V.ED..... ........ 0,1905-1080,2400 #7f0a01f6 app:id/hotseat}]
07-01 10:08:41.228  1124  1124 V BaseDepthController: Applying blur: 0 to Surface(name=VRI-com.google.android.apps.nexuslauncher/com.google.android.apps.nexuslauncher.NexusLauncherActivity#863)/@0xbaa612d applyImmediately: false
07-01 10:08:41.229  1124  1124 D BaseDepthController: shouldBlurWorkspace: false targetState: Normal currentStableState: Normal mCurrentBlur: 0 mLauncher.getDepthBlurTargets(): [com.android.launcher3.Workspace{6f54662 V.ED..... ........ 0,0-1080,2400 #7f0a0486 app:id/workspace}, com.android.launcher3.Hotseat{3ad03f3 V.ED..... ........ 0,1905-1080,2400 #7f0a01f6 app:id/hotseat}]
07-01 10:08:41.244  1124  1124 V BaseDepthController: Applying blur: 0 to Surface(name=VRI-com.google.android.apps.nexuslauncher/com.google.android.apps.nexuslauncher.NexusLauncherActivity#863)/@0xbaa612d applyImmediately: false
07-01 10:08:41.245  1124  1124 D BaseDepthController: shouldBlurWorkspace: false targetState: Normal currentStableState: Normal mCurrentBlur: 0 mLauncher.getDepthBlurTargets(): [com.android.launcher3.Workspace{6f54662 V.ED..... ........ 0,0-1080,2400 #7f0a0486 app:id/workspace}, com.android.launcher3.Hotseat{3ad03f3 V.ED..... ........ 0,1905-1080,2400 #7f0a01f6 app:id/hotseat}]
07-01 10:08:41.262  1124  1124 V BaseDepthController: Applying blur: 0 to Surface(name=VRI-com.google.android.apps.nexuslauncher/com.google.android.apps.nexuslauncher.NexusLauncherActivity#863)/@0xbaa612d applyImmediately: false
07-01 10:08:41.262  1124  1124 D BaseDepthController: shouldBlurWorkspace: false targetState: Normal currentStableState: Normal mCurrentBlur: 0 mLauncher.getDepthBlurTargets(): [com.android.launcher3.Workspace{6f54662 V.ED..... ........ 0,0-1080,2400 #7f0a0486 app:id/workspace}, com.android.launcher3.Hotseat{3ad03f3 V.ED..... ........ 0,1905-1080,2400 #7f0a01f6 app:id/hotseat}]
07-01 10:08:41.279  1124  1124 V BaseDepthController: Applying blur: 0 to Surface(name=VRI-com.google.android.apps.nexuslauncher/com.google.android.apps.nexuslauncher.NexusLauncherActivity#863)/@0xbaa612d applyImmediately: false
07-01 10:08:41.279  1124  1124 D BaseDepthController: shouldBlurWorkspace: false targetState: Normal currentStableState: Normal mCurrentBlur: 0 mLauncher.getDepthBlurTargets(): [com.android.launcher3.Workspace{6f54662 V.ED..... ........ 0,0-1080,2400 #7f0a0486 app:id/workspace}, com.android.launcher3.Hotseat{3ad03f3 V.ED..... ........ 0,1905-1080,2400 #7f0a01f6 app:id/hotseat}]
07-01 10:08:41.284   527   549 W skia    : AGTM parsing failed flags.readFromStream(s) at 159
07-01 10:08:41.284   527   549 W skia    : AGTM parsing failed flags.readFromStream(s) at 159
07-01 10:08:41.295  1124  1124 V BaseDepthController: Applying blur: 0 to Surface(name=VRI-com.google.android.apps.nexuslauncher/com.google.android.apps.nexuslauncher.NexusLauncherActivity#863)/@0xbaa612d applyImmediately: false
07-01 10:08:41.295  1124  1124 D BaseDepthController: shouldBlurWorkspace: false targetState: Normal currentStableState: Normal mCurrentBlur: 0 mLauncher.getDepthBlurTargets(): [com.android.launcher3.Workspace{6f54662 V.ED..... ........ 0,0-1080,2400 #7f0a0486 app:id/workspace}, com.android.launcher3.Hotseat{3ad03f3 V.ED..... ........ 0,1905-1080,2400 #7f0a01f6 app:id/hotseat}]
07-01 10:08:41.312  1124  1124 V BaseDepthController: Applying blur: 0 to Surface(name=VRI-com.google.android.apps.nexuslauncher/com.google.android.apps.nexuslauncher.NexusLauncherActivity#863)/@0xbaa612d applyImmediately: false
07-01 10:08:41.312  1124  1124 D BaseDepthController: shouldBlurWorkspace: false targetState: Normal currentStableState: Normal mCurrentBlur: 0 mLauncher.getDepthBlurTargets(): [com.android.launcher3.Workspace{6f54662 V.ED..... ........ 0,0-1080,2400 #7f0a0486 app:id/workspace}, com.android.launcher3.Hotseat{3ad03f3 V.ED..... ........ 0,1905-1080,2400 #7f0a01f6 app:id/hotseat}]
07-01 10:08:41.328  1124  1124 V BaseDepthController: Applying blur: 0 to Surface(name=VRI-com.google.android.apps.nexuslauncher/com.google.android.apps.nexuslauncher.NexusLauncherActivity#863)/@0xbaa612d applyImmediately: false
07-01 10:08:41.329  1124  1124 D BaseDepthController: shouldBlurWorkspace: false targetState: Normal currentStableState: Normal mCurrentBlur: 0 mLauncher.getDepthBlurTargets(): [com.android.launcher3.Workspace{6f54662 V.ED..... ........ 0,0-1080,2400 #7f0a0486 app:id/workspace}, com.android.launcher3.Hotseat{3ad03f3 V.ED..... ........ 0,1905-1080,2400 #7f0a01f6 app:id/hotseat}]
07-01 10:08:41.344  1124  1124 V BaseDepthController: Applying blur: 0 to Surface(name=VRI-com.google.android.apps.nexuslauncher/com.google.android.apps.nexuslauncher.NexusLauncherActivity#863)/@0xbaa612d applyImmediately: false
07-01 10:08:41.345  1124  1124 D BaseDepthController: shouldBlurWorkspace: false targetState: Normal currentStableState: Normal mCurrentBlur: 0 mLauncher.getDepthBlurTargets(): [com.android.launcher3.Workspace{6f54662 V.ED..... ........ 0,0-1080,2400 #7f0a0486 app:id/workspace}, com.android.launcher3.Hotseat{3ad03f3 V.ED..... ........ 0,1905-1080,2400 #7f0a01f6 app:id/hotseat}]
07-01 10:08:41.362  1124  1124 V BaseDepthController: Applying blur: 0 to Surface(name=VRI-com.google.android.apps.nexuslauncher/com.google.android.apps.nexuslauncher.NexusLauncherActivity#863)/@0xbaa612d applyImmediately: false
07-01 10:08:41.362  1124  1124 D BaseDepthController: shouldBlurWorkspace: false targetState: Normal currentStableState: Normal mCurrentBlur: 0 mLauncher.getDepthBlurTargets(): [com.android.launcher3.Workspace{6f54662 V.ED..... ........ 0,0-1080,2400 #7f0a0486 app:id/workspace}, com.android.launcher3.Hotseat{3ad03f3 V.ED..... ........ 0,1905-1080,2400 #7f0a01f6 app:id/hotseat}]
07-01 10:08:41.378  1124  1124 V BaseDepthController: Applying blur: 0 to Surface(name=VRI-com.google.android.apps.nexuslauncher/com.google.android.apps.nexuslauncher.NexusLauncherActivity#863)/@0xbaa612d applyImmediately: false
07-01 10:08:41.378  1124  1124 D BaseDepthController: shouldBlurWorkspace: false targetState: Normal currentStableState: Normal mCurrentBlur: 0 mLauncher.getDepthBlurTargets(): [com.android.launcher3.Workspace{6f54662 V.ED..... ........ 0,0-1080,2400 #7f0a0486 app:id/workspace}, com.android.launcher3.Hotseat{3ad03f3 V.ED..... ........ 0,1905-1080,2400 #7f0a01f6 app:id/hotseat}]
07-01 10:08:41.384   527   549 W skia    : AGTM parsing failed flags.readFromStream(s) at 159
07-01 10:08:41.384   527   549 W skia    : AGTM parsing failed flags.readFromStream(s) at 159
07-01 10:08:41.395  1124  1124 V BaseDepthController: Applying blur: 0 to Surface(name=VRI-com.google.android.apps.nexuslauncher/com.google.android.apps.nexuslauncher.NexusLauncherActivity#863)/@0xbaa612d applyImmediately: false
07-01 10:08:41.396  1124  1124 D BaseDepthController: shouldBlurWorkspace: false targetState: Normal currentStableState: Normal mCurrentBlur: 0 mLauncher.getDepthBlurTargets(): [com.android.launcher3.Workspace{6f54662 V.ED..... ........ 0,0-1080,2400 #7f0a0486 app:id/workspace}, com.android.launcher3.Hotseat{3ad03f3 V.ED..... ........ 0,1905-1080,2400 #7f0a01f6 app:id/hotseat}]
07-01 10:08:41.420  1124  1124 V BaseDepthController: Applying blur: 0 to Surface(name=VRI-com.google.android.apps.nexuslauncher/com.google.android.apps.nexuslauncher.NexusLauncherActivity#863)/@0xbaa612d applyImmediately: false
07-01 10:08:41.420  1124  1124 D BaseDepthController: shouldBlurWorkspace: false targetState: Normal currentStableState: Normal mCurrentBlur: 0 mLauncher.getDepthBlurTargets(): [com.android.launcher3.Workspace{6f54662 V.ED..... ........ 0,0-1080,2400 #7f0a0486 app:id/workspace}, com.android.launcher3.Hotseat{3ad03f3 V.ED..... ........ 0,1905-1080,2400 #7f0a01f6 app:id/hotseat}]
07-01 10:08:41.429  1124  1124 V BaseDepthController: Applying blur: 0 to Surface(name=VRI-com.google.android.apps.nexuslauncher/com.google.android.apps.nexuslauncher.NexusLauncherActivity#863)/@0xbaa612d applyImmediately: false
07-01 10:08:41.429  1124  1124 D BaseDepthController: shouldBlurWorkspace: false targetState: Normal currentStableState: Normal mCurrentBlur: 0 mLauncher.getDepthBlurTargets(): [com.android.launcher3.Workspace{6f54662 V.ED..... ........ 0,0-1080,2400 #7f0a0486 app:id/workspace}, com.android.launcher3.Hotseat{3ad03f3 V.ED..... ........ 0,1905-1080,2400 #7f0a01f6 app:id/hotseat}]
07-01 10:08:41.444  1124  1124 V BaseDepthController: Applying blur: 0 to Surface(name=VRI-com.google.android.apps.nexuslauncher/com.google.android.apps.nexuslauncher.NexusLauncherActivity#863)/@0xbaa612d applyImmediately: false
07-01 10:08:41.444  1124  1124 D BaseDepthController: shouldBlurWorkspace: false targetState: Normal currentStableState: Normal mCurrentBlur: 0 mLauncher.getDepthBlurTargets(): [com.android.launcher3.Workspace{6f54662 V.ED..... ........ 0,0-1080,2400 #7f0a0486 app:id/workspace}, com.android.launcher3.Hotseat{3ad03f3 V.ED..... ........ 0,1905-1080,2400 #7f0a01f6 app:id/hotseat}]
07-01 10:08:41.462  1124  1124 V BaseDepthController: Applying blur: 0 to Surface(name=VRI-com.google.android.apps.nexuslauncher/com.google.android.apps.nexuslauncher.NexusLauncherActivity#863)/@0xbaa612d applyImmediately: false
07-01 10:08:41.462  1124  1124 D BaseDepthController: shouldBlurWorkspace: false targetState: Normal currentStableState: Normal mCurrentBlur: 0 mLauncher.getDepthBlurTargets(): [com.android.launcher3.Workspace{6f54662 V.ED..... ........ 0,0-1080,2400 #7f0a0486 app:id/workspace}, com.android.launcher3.Hotseat{3ad03f3 V.ED..... ........ 0,1905-1080,2400 #7f0a01f6 app:id/hotseat}]
07-01 10:08:41.478  1124  1124 V BaseDepthController: Applying blur: 0 to Surface(name=VRI-com.google.android.apps.nexuslauncher/com.google.android.apps.nexuslauncher.NexusLauncherActivity#863)/@0xbaa612d applyImmediately: false
07-01 10:08:41.478  1124  1124 D BaseDepthController: shouldBlurWorkspace: false targetState: Normal currentStableState: Normal mCurrentBlur: 0 mLauncher.getDepthBlurTargets(): [com.android.launcher3.Workspace{6f54662 V.ED..... ........ 0,0-1080,2400 #7f0a0486 app:id/workspace}, com.android.launcher3.Hotseat{3ad03f3 V.ED..... ........ 0,1905-1080,2400 #7f0a01f6 app:id/hotseat}]
07-01 10:08:41.486   527   549 W skia    : AGTM parsing failed flags.readFromStream(s) at 159
07-01 10:08:41.486   527   549 W skia    : AGTM parsing failed flags.readFromStream(s) at 159
07-01 10:08:41.512  1124  1124 V BaseDepthController: Applying blur: 0 to Surface(name=VRI-com.google.android.apps.nexuslauncher/com.google.android.apps.nexuslauncher.NexusLauncherActivity#863)/@0xbaa612d applyImmediately: false
07-01 10:08:41.512  1124  1124 D BaseDepthController: shouldBlurWorkspace: false targetState: Normal currentStableState: Normal mCurrentBlur: 0 mLauncher.getDepthBlurTargets(): [com.android.launcher3.Workspace{6f54662 V.ED..... ........ 0,0-1080,2400 #7f0a0486 app:id/workspace}, com.android.launcher3.Hotseat{3ad03f3 V.ED..... ........ 0,1905-1080,2400 #7f0a01f6 app:id/hotseat}]
07-01 10:08:41.528  1124  1124 V BaseDepthController: Applying blur: 0 to Surface(name=VRI-com.google.android.apps.nexuslauncher/com.google.android.apps.nexuslauncher.NexusLauncherActivity#863)/@0xbaa612d applyImmediately: false
07-01 10:08:41.529  1124  1124 D BaseDepthController: shouldBlurWorkspace: false targetState: Normal currentStableState: Normal mCurrentBlur: 0 mLauncher.getDepthBlurTargets(): [com.android.launcher3.Workspace{6f54662 V.ED..... ........ 0,0-1080,2400 #7f0a0486 app:id/workspace}, com.android.launcher3.Hotseat{3ad03f3 V.ED..... ........ 0,1905-1080,2400 #7f0a01f6 app:id/hotseat}]
07-01 10:08:41.552   539   539 I adbd    : adbd service requested 'shell,v2,raw:dumpsys package com.google.android.gms'
07-01 10:08:41.561  1124  1124 V BaseDepthController: Applying blur: 0 to Surface(name=VRI-com.google.android.apps.nexuslauncher/com.google.android.apps.nexuslauncher.NexusLauncherActivity#863)/@0xbaa612d applyImmediately: false
07-01 10:08:41.561  1124  1124 D BaseDepthController: shouldBlurWorkspace: false targetState: Normal currentStableState: Normal mCurrentBlur: 0 mLauncher.getDepthBlurTargets(): [com.android.launcher3.Workspace{6f54662 V.ED..... ........ 0,0-1080,2400 #7f0a0486 app:id/workspace}, com.android.launcher3.Hotseat{3ad03f3 V.ED..... ........ 0,1905-1080,2400 #7f0a01f6 app:id/hotseat}]
07-01 10:08:41.588   527   549 W skia    : AGTM parsing failed flags.readFromStream(s) at 159
07-01 10:08:41.588   527   549 W skia    : AGTM parsing failed flags.readFromStream(s) at 159
07-01 10:08:41.603  1124  1124 V BaseDepthController: Applying blur: 0 to Surface(name=VRI-com.google.android.apps.nexuslauncher/com.google.android.apps.nexuslauncher.NexusLauncherActivity#863)/@0xbaa612d applyImmediately: false
07-01 10:08:41.603  1124  1124 D BaseDepthController: shouldBlurWorkspace: false targetState: Normal currentStableState: Normal mCurrentBlur: 0 mLauncher.getDepthBlurTargets(): [com.android.launcher3.Workspace{6f54662 V.ED..... ........ 0,0-1080,2400 #7f0a0486 app:id/workspace}, com.android.launcher3.Hotseat{3ad03f3 V.ED..... ........ 0,1905-1080,2400 #7f0a01f6 app:id/hotseat}]
07-01 10:08:41.650  1124  1124 V BaseDepthController: Applying blur: 0 to Surface(name=VRI-com.google.android.apps.nexuslauncher/com.google.android.apps.nexuslauncher.NexusLauncherActivity#863)/@0xbaa612d applyImmediately: false
07-01 10:08:41.650  1124  1124 D BaseDepthController: shouldBlurWorkspace: false targetState: Normal currentStableState: Normal mCurrentBlur: 0 mLauncher.getDepthBlurTargets(): [com.android.launcher3.Workspace{6f54662 V.ED..... ........ 0,0-1080,2400 #7f0a0486 app:id/workspace}, com.android.launcher3.Hotseat{3ad03f3 V.ED..... ........ 0,1905-1080,2400 #7f0a01f6 app:id/hotseat}]
07-01 10:08:41.689   527   549 W skia    : AGTM parsing failed flags.readFromStream(s) at 159
07-01 10:08:41.689   527   549 W skia    : AGTM parsing failed flags.readFromStream(s) at 159
07-01 10:08:41.694  3176  3176 I artd    : GetBestInfo: odex next to the dex file (/data/app/~~pUpe9D-hsv0lOCLmNQJGyA==/com.google.android.gms-a0e_AySruvvgbDhYG8Z6yQ==/oat/x86_64/base.odex) is kOatUpToDate with filter 'speed-profile' executable 'false'
07-01 10:08:41.696  3176  3176 I artd    : GetBestInfo: dm (/data/app/~~pUpe9D-hsv0lOCLmNQJGyA==/com.google.android.gms-a0e_AySruvvgbDhYG8Z6yQ==/split_AdsDynamite_installtime.dm) is kOatUpToDate with filter 'verify' executable 'false'
07-01 10:08:41.697  3176  3176 I artd    : GetBestInfo: odex next to the dex file (/data/app/~~pUpe9D-hsv0lOCLmNQJGyA==/com.google.android.gms-a0e_AySruvvgbDhYG8Z6yQ==/oat/x86_64/split_CronetDynamite_installtime.odex) is kOatUpToDate with filter 'speed-profile' executable 'false'
07-01 10:08:41.698  3176  3176 I artd    : GetBestInfo: dm (/data/app/~~pUpe9D-hsv0lOCLmNQJGyA==/com.google.android.gms-a0e_AySruvvgbDhYG8Z6yQ==/split_DynamiteLoader_installtime.dm) is kOatUpToDate with filter 'verify' executable 'false'
07-01 10:08:41.699  3176  3176 I artd    : GetBestInfo: dm (/data/app/~~pUpe9D-hsv0lOCLmNQJGyA==/com.google.android.gms-a0e_AySruvvgbDhYG8Z6yQ==/split_DynamiteModulesA_installtime.dm) is kOatUpToDate with filter 'verify' executable 'false'
07-01 10:08:41.701  3176  3176 I artd    : GetBestInfo: dm (/data/app/~~pUpe9D-hsv0lOCLmNQJGyA==/com.google.android.gms-a0e_AySruvvgbDhYG8Z6yQ==/split_DynamiteModulesC_installtime.dm) is kOatUpToDate with filter 'verify' executable 'false'
07-01 10:08:41.702  3176  3176 I artd    : GetBestInfo: dm (/data/app/~~pUpe9D-hsv0lOCLmNQJGyA==/com.google.android.gms-a0e_AySruvvgbDhYG8Z6yQ==/split_GoogleCertificates_installtime.dm) is kOatUpToDate with filter 'verify' executable 'false'
07-01 10:08:41.703  3176  3176 I artd    : GetBestInfo: dm (/data/app/~~pUpe9D-hsv0lOCLmNQJGyA==/com.google.android.gms-a0e_AySruvvgbDhYG8Z6yQ==/split_MapsDynamite_installtime.dm) is kOatUpToDate with filter 'verify' executable 'false'
07-01 10:08:41.704  3176  3176 I artd    : GetBestInfo: dm (/data/app/~~pUpe9D-hsv0lOCLmNQJGyA==/com.google.android.gms-a0e_AySruvvgbDhYG8Z6yQ==/split_MeasurementDynamite_installtime.dm) is kOatUpToDate with filter 'verify' executable 'false'
07-01 10:08:41.705  3176  3176 I artd    : GetBestInfo: /data/user_de/0/com.google.android.gms/app_chimera/m/0000000e/dl-IdentityCredentialsPlatform.optional_262031100800.apk has no usable artifacts
07-01 10:08:41.705  3176  3176 I artd    : GetBestInfo: /data/user_de/0/com.google.android.gms/app_chimera/m/00000001/CronetDynamite.apk has no usable artifacts
07-01 10:08:41.706  3176  3176 I artd    : GetBestInfo: /data/user_de/0/com.google.android.gms/app_chimera/m/00000013/dl-TfliteDynamiteDynamite.integ_252130102100800.apk has no usable artifacts
07-01 10:08:41.707  3176  3176 I artd    : GetBestInfo: /data/user_de/0/com.google.android.gms/app_chimera/m/00000002/DynamiteLoader.apk has no usable artifacts
07-01 10:08:41.708  3176  3176 I artd    : GetBestInfo: /data/user_de/0/com.google.android.gms/app_chimera/m/0000000c/dl-IdentityCredentialsPlatform.optional_261136100800.apk has no usable artifacts
07-01 10:08:41.708  3176  3176 I artd    : GetBestInfo: /data/user_de/0/com.google.android.gms/app_chimera/m/00000005/GoogleCertificates.apk has no usable artifacts
07-01 10:08:41.710  3176  3176 I artd    : GetBestInfo: /data/user_de/0/com.google.android.gms/app_chimera/m/0000000a/dl-TfliteDynamiteDynamite.integ_260580502100800.apk has no usable artifacts
07-01 10:08:41.711  3176  3176 I artd    : GetBestInfo: /data/user_de/0/com.google.android.gms/app_chimera/m/00000016/dl-PlayCloudSearch.optional_262031100000.apk has no usable artifacts
07-01 10:08:41.712  3176  3176 I artd    : GetBestInfo: /data/user_de/0/com.google.android.gms/app_chimera/m/00000014/dl-MlkitOcrCommon.optional_262031100800.apk has no usable artifacts
07-01 10:08:41.714  3176  3176 I artd    : GetBestInfo: /data/user_de/0/com.google.android.gms/app_chimera/m/00000008/dl-VisionOcr.optional_261136100000.apk has no usable artifacts
07-01 10:08:41.714  3176  3176 I artd    : GetBestInfo: /data/user_de/0/com.google.android.gms/app_chimera/m/00000010/dl-Appsearch.optional_262031100800.apk has no usable artifacts
07-01 10:08:41.716  3176  3176 I artd    : GetBestInfo: /data/user_de/0/com.google.android.gms/app_chimera/m/0000000b/dl-Appsearch.optional_261136100800.apk has no usable artifacts
07-01 10:08:41.717  3176  3176 I artd    : GetBestInfo: vdex next to the dex file (/data/user/0/com.google.android.gms/app_dg_cache/9BCBC14EE674B00B958D4B0C5B4BD883630AA39E/oat/x86_64/the.vdex) is kOatUpToDate with filter 'verify' executable 'false'
07-01 10:08:41.719  3176  3176 I artd    : GetBestInfo: /data/user_de/0/com.google.android.gms/app_chimera/m/00000009/dl-MlkitOcrCommon.optional_261136100800.apk has no usable artifacts
07-01 10:08:41.720  3176  3176 I artd    : GetBestInfo: /data/user/0/com.google.android.gms/app_dg_cache/22DA9D7AD8ED7504E0CAC64C41ECDBD7068924E0/the.apk has no usable artifacts
07-01 10:08:41.721  3176  3176 I artd    : GetBestInfo: vdex next to the dex file (/data/user/0/com.google.android.gms/app_dg_cache/FEE57AEA14526BE59FD8AB1365237E7B7A5CE7CB/oat/x86_64/the.vdex) is kOatUpToDate with filter 'verify' executable 'false'
07-01 10:08:41.722  3176  3176 I artd    : GetBestInfo: vdex next to the dex file (/data/user/0/com.google.android.gms/app_dg_cache/1C62BDE86218FBAA50DF06C4A79F5C3FE74B69EC/oat/x86_64/the.vdex) is kOatUpToDate with filter 'verify' executable 'false'
07-01 10:08:41.723  3176  3176 I artd    : GetBestInfo: /data/user_de/0/com.google.android.gms/app_chimera/m/0000000f/dl-VisionOcr.optional_262031100000.apk has no usable artifacts
07-01 10:08:41.724  3176  3176 I artd    : GetBestInfo: /data/user_de/0/com.google.android.gms/app_chimera/m/00000015/dl-MlkitBarcodeUi.optional_262031100800.apk has no usable artifacts
07-01 10:08:41.725  3176  3176 I artd    : GetBestInfo: /data/user_de/0/com.google.android.gms/app_chimera/m/00000007/MeasurementDynamite.apk has no usable artifacts
07-01 10:08:41.760  1124  1124 V BaseDepthController: Applying blur: 0 to Surface(name=VRI-com.google.android.apps.nexuslauncher/com.google.android.apps.nexuslauncher.NexusLauncherActivity#863)/@0xbaa612d applyImmediately: false
07-01 10:08:41.760  1124  1124 D BaseDepthController: setEarlyWakeup: false
07-01 10:08:41.760  1124  1124 D BaseDepthController: shouldBlurWorkspace: false targetState: Normal currentStableState: Normal mCurrentBlur: 0 mLauncher.getDepthBlurTargets(): [com.android.launcher3.Workspace{6f54662 V.ED..... ........ 0,0-1080,2400 #7f0a0486 app:id/workspace}, com.android.launcher3.Hotseat{3ad03f3 V.ED..... ........ 0,1905-1080,2400 #7f0a01f6 app:id/hotseat}]
07-01 10:08:41.798   527   549 W skia    : AGTM parsing failed flags.readFromStream(s) at 159
07-01 10:08:41.798   527   549 W skia    : AGTM parsing failed flags.readFromStream(s) at 159
07-01 10:08:41.899  1124  1124 D ScalingWorkspaceRevealAnim: onAnimationEnd, workspace and hotseat are visible
07-01 10:08:41.899  1124  1124 V BaseDepthController: Applying blur: 0 to Surface(name=VRI-com.google.android.apps.nexuslauncher/com.google.android.apps.nexuslauncher.NexusLauncherActivity#863)/@0xbaa612d applyImmediately: false
07-01 10:08:41.899  1124  1124 D BaseDepthController: shouldBlurWorkspace: false targetState: Normal currentStableState: Normal mCurrentBlur: 0 mLauncher.getDepthBlurTargets(): [com.android.launcher3.Workspace{6f54662 V.ED..... ......ID 0,0-1080,2400 #7f0a0486 app:id/workspace}, com.android.launcher3.Hotseat{3ad03f3 V.ED..... ......ID 0,1905-1080,2400 #7f0a01f6 app:id/hotseat}]
07-01 10:08:41.899   527   549 W skia    : AGTM parsing failed flags.readFromStream(s) at 159
07-01 10:08:41.899   527   549 W skia    : AGTM parsing failed flags.readFromStream(s) at 159
07-01 10:08:41.899   976  4361 V WindowManagerShell: Received remote transition finished callback for (#107)
07-01 10:08:41.900   976  1041 V WindowManagerShell: Transition animation finished (aborted=false), notifying core (#107) android.os.BinderProxy@a6fc820@0
07-01 10:08:41.902   692   712 V WindowManager: Finish Transition (#107): created at 07-01 10:08:40.696 collect-started=0.105ms request-sent=0.172ms started=2.431ms ready=94.808ms sent=166.851ms commit=15.41ms finished=1205.119ms
07-01 10:08:41.903   976  1041 V WindowManagerShell: Track 0 became idle
07-01 10:08:41.903   976  1041 V WindowManagerShell: All active transition animations finished
07-01 10:08:41.903 27470 27470 D VRI[WebLoginActivity]: visibilityChanged oldVisibility=true newVisibility=false
07-01 10:08:41.907   692   947 I Surface : Creating surface for consumer unnamed-692-20 with slotExpansion=1 for 64 slots
07-01 10:08:41.907   692   947 I Surface : Creating surface for consumer ImageReader-864x1920f1m1-692-17 with slotExpansion=1 for 64 slots
07-01 10:08:41.908   692   947 W ImageReader_JNI: Unable to acquire a buffer item, very likely client tried to acquire more than maxImages buffers
07-01 10:08:41.919   692   947 E ConsumerBase: [ImageReader-864x1920f1m1-692-17] abandonLocked: ConsumerBase is abandoned!
07-01 10:08:41.931 27470 27470 W cr_AwContents: WebView.destroy() called while WebView is still attached to window.
07-01 10:08:41.933 27470 27470 D WindowOnBackDispatcher: setTopOnBackInvokedCallback (unwrapped): null
07-01 10:08:41.934   692  1239 D CoreBackPreview: Window{d8aaca4 u0 com.aiquota.mobile/com.aiquota.mobile.providers.WebLoginActivity}: Setting back callback null
07-01 10:08:41.939 27470 27470 D ViewRootImpl: Skipping stats log for color mode
07-01 10:08:41.945   976  1041 V ShellTaskOrganizer: Task vanished taskId=585
07-01 10:08:41.946   976  1041 V ShellTaskOrganizer: Fullscreen Task Vanished: #585
07-01 10:08:41.946   976  1041 V ShellDesktopMode: Task Vanished: #585 closed=true
07-01 10:08:41.946   976  1041 V RecentTasksController: Notify recent tasks changed
07-01 10:08:41.946   976  1041 D ShellDesktopMode: AppToWebRepository: Task 585 is vanishing. Removing task data from repository
07-01 10:08:41.946   976  1041 V AppCompat: SingleSurfaceLetterboxController: []
07-01 10:08:41.946   976  1041 V AppCompat: MultiSurfaceLetterboxController: []
07-01 10:08:41.947   976  1041 V AppCompat: LetterboxInputController: []
07-01 10:08:41.947   976  1041 V AppCompat: RoundedCornersLetterboxController: {}
07-01 10:08:41.955   692  2048 I ActivityManager: Killing 27580:com.google.android.webview:sandboxed_process0:org.chromium.content.app.SandboxedProcessService0:0/u0a233i30 (adj 0): isolated not needed
07-01 10:08:41.969  1124  1124 D RecentsView: onTaskRemoved: 585, not handling task stack changes
07-01 10:08:41.969  1124  1124 D RecentsView: onTaskRemoved: 585, not handling task stack changes
07-01 10:08:41.969  1124  1124 D RecentTasksList: invalidateLoadedTasks - previous requestLoadId: -1
07-01 10:08:41.970   692   726 I libprocessgroup: Removed cgroup /sys/fs/cgroup/apps/uid_99030/pid_27580
07-01 10:08:41.970   692   726 I libprocessgroup: Removed cgroup /sys/fs/cgroup/apps/uid_99030
07-01 10:08:41.971  1047  1047 I Zygote  : Process 27580 exited due to signal 9 (Killed)
07-01 10:08:42.002   527   549 W skia    : AGTM parsing failed flags.readFromStream(s) at 159
07-01 10:08:42.002   527   549 W skia    : AGTM parsing failed flags.readFromStream(s) at 159
07-01 10:08:42.102   527   549 W skia    : AGTM parsing failed flags.readFromStream(s) at 159
07-01 10:08:42.102   527   549 W skia    : AGTM parsing failed flags.readFromStream(s) at 159
07-01 10:08:42.205   527   549 W skia    : AGTM parsing failed flags.readFromStream(s) at 159
07-01 10:08:42.205   527   549 W skia    : AGTM parsing failed flags.readFromStream(s) at 159
07-01 10:08:42.305   527   549 W skia    : AGTM parsing failed flags.readFromStream(s) at 159
07-01 10:08:42.305   527   549 W skia    : AGTM parsing failed flags.readFromStream(s) at 159
07-01 10:08:42.744   692   860 I HalDevMgr: bestIfaceCreationProposal is null, requestIface=STA, existingIface=[name=wlan0 type=STA]
07-01 10:08:42.747  1074  1202 D IpClient/wlan0: interfaceLinkStateChanged: ifindex 16 up
07-01 10:08:42.758  1074  1202 D IpClient/wlan0: interfaceLinkStateChanged: ifindex 16 up
07-01 10:08:42.774   692   896 D AppWidgetServiceImpl: Trying to notify widget update for package com.aiquota.mobile with widget id: 22
07-01 10:08:42.778   692   896 D AppWidgetServiceImpl: Trying to notify widget update for package com.aiquota.mobile with widget id: 21
07-01 10:08:42.779   692   896 D AppWidgetServiceImpl: Trying to notify widget update for package com.aiquota.mobile with widget id: 20
07-01 10:08:42.781   692   896 D AppWidgetServiceImpl: Trying to notify widget update for package com.aiquota.mobile with widget id: 24
07-01 10:08:42.795  1124  1124 D ShortcutAndWidgetContainer: appWidgetScale - [x,y]: [1.0,1.0]
07-01 10:08:42.795  1124  1124 D NavigableAppWidgetHostView: updateScale - [fitScale,bounceScale]: [1.0,1.0]
07-01 10:08:42.795  1124  1124 D ShortcutAndWidgetContainer: appWidgetScale - [x,y]: [1.0,1.0]
07-01 10:08:42.795  1124  1124 D NavigableAppWidgetHostView: updateScale - [fitScale,bounceScale]: [1.0,1.0]
07-01 10:08:42.795  1124  1124 D ShortcutAndWidgetContainer: appWidgetScale - [x,y]: [1.0,1.0]
07-01 10:08:42.795  1124  1124 D NavigableAppWidgetHostView: updateScale - [fitScale,bounceScale]: [1.0,1.0]
07-01 10:08:42.795  1124  1124 D ShortcutAndWidgetContainer: appWidgetScale - [x,y]: [1.0,1.0]
07-01 10:08:42.795  1124  1124 D NavigableAppWidgetHostView: updateScale - [fitScale,bounceScale]: [1.0,1.0]
07-01 10:08:42.801   692   896 D AppWidgetServiceImpl: Trying to notify widget update for package com.aiquota.mobile with widget id: 17
07-01 10:08:42.816   527   549 W skia    : AGTM parsing failed flags.readFromStream(s) at 159
07-01 10:08:42.816  1124  1124 D ShortcutAndWidgetContainer: appWidgetScale - [x,y]: [1.0,1.0]
07-01 10:08:42.816  1124  1124 D NavigableAppWidgetHostView: updateScale - [fitScale,bounceScale]: [1.0,1.0]
07-01 10:08:42.816   527   549 W skia    : AGTM parsing failed flags.readFromStream(s) at 159
07-01 10:08:42.816  1124  1124 D ShortcutAndWidgetContainer: appWidgetScale - [x,y]: [1.0,1.0]
07-01 10:08:42.816  1124  1124 D NavigableAppWidgetHostView: updateScale - [fitScale,bounceScale]: [1.0,1.0]
07-01 10:08:42.816  1124  1124 D ShortcutAndWidgetContainer: appWidgetScale - [x,y]: [1.0,1.0]
07-01 10:08:42.816  1124  1124 D NavigableAppWidgetHostView: updateScale - [fitScale,bounceScale]: [1.0,1.0]
07-01 10:08:42.816  1124  1124 D ShortcutAndWidgetContainer: appWidgetScale - [x,y]: [1.0,1.0]
07-01 10:08:42.816  1124  1124 D NavigableAppWidgetHostView: updateScale - [fitScale,bounceScale]: [1.0,1.0]
07-01 10:08:42.896   692   866 D InetDiagMessage: Destroyed 0 sockets, proto=IPPROTO_TCP, family=AF_INET, states=14
07-01 10:08:42.896   692   866 D InetDiagMessage: Destroyed 0 sockets, proto=IPPROTO_TCP, family=AF_INET6, states=14
07-01 10:08:42.896   692   866 D InetDiagMessage: Destroyed live tcp sockets for uids={10181} in 0ms
07-01 10:08:42.897   692   866 D InetDiagMessage: Destroyed 0 sockets, proto=IPPROTO_TCP, family=AF_INET, states=14
07-01 10:08:42.897   692   866 D InetDiagMessage: Destroyed 0 sockets, proto=IPPROTO_TCP, family=AF_INET6, states=14
07-01 10:08:42.897   692   866 D InetDiagMessage: Destroyed live tcp sockets for uids={20181} in 1ms
07-01 10:08:42.916   527   549 W skia    : AGTM parsing failed flags.readFromStream(s) at 159
07-01 10:08:42.916   527   549 W skia    : AGTM parsing failed flags.readFromStream(s) at 159
07-01 10:08:42.969  4430  4572 W AiAiEcho: LyftNotificationParser Ridesharing ETA not enabled
07-01 10:08:42.969  4430  4572 I AiAiEcho: SmartspaceNotificationPredictor no parser can handle this notification or notification is invalid
07-01 10:08:43.019   527   549 W skia    : AGTM parsing failed flags.readFromStream(s) at 159
07-01 10:08:43.019   527   549 W skia    : AGTM parsing failed flags.readFromStream(s) at 159
07-01 10:08:43.686   954   954 I wpa_supplicant: wlan0: CTRL-EVENT-BEACON-LOSS 
07-01 10:08:44.949   692  1751 E TaskPersister: File error accessing recents directory (directory doesn't exist?).
07-01 10:08:45.228  1119  1246 D SatelliteController: isInCarrierRoamingNbIotNtn: satellite is disabled
07-01 10:08:45.228  1119  1246 D SatelliteController: getCarrierRoamingNtnConnectType: Checking connect type from PLMN config for subId: 1
07-01 10:08:45.228  1119  1246 D TelephonyConfigUpdateInstallReceiver: getConfigParser: domain=satellite
07-01 10:08:45.228  1119  1246 V SatelliteController: satelliteConfigParser is not ready
07-01 10:08:45.228  1119  1246 D SatelliteController: isSatelliteAttachSupportedViaConfigupdater: return null (satelliteConfig is null)
07-01 10:08:45.230  1119  1246 D SatelliteController: getSatellitePerPlmnConfiguration: invalid subId or not supported via carrier.
07-01 10:08:45.231  1119  1246 D SatelliteController: getCarrierRoamingNtnConnectType: config: null
07-01 10:08:45.231  1119  1246 D TelephonyConfigUpdateInstallReceiver: getConfigParser: domain=satellite
07-01 10:08:45.231  1119  1246 V SatelliteController: satelliteConfigParser is not ready
07-01 10:08:45.231  1119  1246 D SatelliteController: getCarrierRoamingNtnConnectTypeViaConfigUpdater: return null (satelliteConfig is null)
07-01 10:08:45.231  1119  1246 D SatelliteController: getCarrierRoamingNtnConnectType: Falling back to global carrier config connect type: 0
07-01 10:08:45.231  1119  1246 D TelephonyConfigUpdateInstallReceiver: getConfigParser: domain=satellite
07-01 10:08:45.231  1119  1246 V SatelliteController: satelliteConfigParser is not ready
07-01 10:08:45.231  1119  1246 D SatelliteController: isSatelliteAttachSupportedViaConfigupdater: return null (satelliteConfig is null)
07-01 10:08:45.231  1119  1246 D SatelliteController: getCarrierRoamingNtnConnectType: Checking connect type from PLMN config for subId: 1
07-01 10:08:45.232  1119  1246 D TelephonyConfigUpdateInstallReceiver: getConfigParser: domain=satellite
07-01 10:08:45.232  1119  1246 V SatelliteController: satelliteConfigParser is not ready
07-01 10:08:45.232  1119  1246 D SatelliteController: isSatelliteAttachSupportedViaConfigupdater: return null (satelliteConfig is null)
07-01 10:08:45.232  1119  1246 D SatelliteController: getSatellitePerPlmnConfiguration: invalid subId or not supported via carrier.
07-01 10:08:45.232  1119  1246 D SatelliteController: getCarrierRoamingNtnConnectType: config: null
07-01 10:08:45.232  1119  1246 D TelephonyConfigUpdateInstallReceiver: getConfigParser: domain=satellite
07-01 10:08:45.232  1119  1246 V SatelliteController: satelliteConfigParser is not ready
07-01 10:08:45.232  1119  1246 D SatelliteController: getCarrierRoamingNtnConnectTypeViaConfigUpdater: return null (satelliteConfig is null)
07-01 10:08:45.232  1119  1246 D SatelliteController: getCarrierRoamingNtnConnectType: Falling back to global carrier config connect type: 0
07-01 10:08:45.232  1119  1246 D TelephonyConfigUpdateInstallReceiver: getConfigParser: domain=satellite
07-01 10:08:45.232  1119  1246 V SatelliteController: satelliteConfigParser is not ready
07-01 10:08:45.232  1119  1246 D SatelliteController: isSatelliteAttachSupportedViaConfigupdater: return null (satelliteConfig is null)
07-01 10:08:45.265   527   549 W skia    : AGTM parsing failed flags.readFromStream(s) at 159
07-01 10:08:45.265   527   549 W skia    : AGTM parsing failed flags.readFromStream(s) at 159
07-01 10:08:45.751   692   892 I AdbWifiNetworkMonitor: Wi-Fi network available
07-01 10:08:45.751   692   892 I AdbWifiNetworkMonitor: Received the same Wi-Fi SSID. Ignoring.
07-01 10:08:45.753   692   860 I HalDevMgr: bestIfaceCreationProposal is null, requestIface=STA, existingIface=[name=wlan0 type=STA]
07-01 10:08:45.755  4397  4547 D WM-WorkConstraintsTrack: NetworkRequestConstraintController onCapabilitiesChanged callback
07-01 10:08:45.755   692   866 W libbinder.IPCThreadState: Sending oneway calls to frozen process.
07-01 10:08:45.755   692   866 W libbinder.IPCThreadState: Sending oneway calls to frozen process.
07-01 10:08:45.756  5429  5467 I BugleRcsEngine: Connected state: [1], networkType: [WIFI] [CONTEXT thread_id=63 ]
07-01 10:08:45.757   692   866 D ConnectivityService: NetReassign [no changes] [c 0] [a 0] [i 0]
07-01 10:08:45.757  5429  5471 I BugleRcsEngine: handleMessage processing message:[NOTIFY_UPTIME_IGNORE_STATE_CHANGED] with [non-null]:RcsEngineImpl reference [CONTEXT log_prefix="RcsEngineImpl[DUAL_REG]:[16822a33-62db]>Handler" thread_id=64 ]
07-01 10:08:45.757  1331 24223 I NearbyMediums: Wifi changed new SSID: "AndroidWifi"
07-01 10:08:45.757  1331 24223 I NearbyMediums: WifiLanConnectivityInfo is not changed, skip notify.
07-01 10:08:45.758  1331  2013 I NullBinder: NullBinder for android.net.action.RECOMMEND_NETWORKS triggering remote TransactionTooLargeException due to Service without Chimera impl, calling uid: 1000, calling pid: 0
07-01 10:08:45.758  1331  2013 W libbinder.Binder: Large reply transaction of 1056768 bytes, interface descriptor , function: UNKNOWN_FUNCTION_NAME, code: 1, flags: 17
07-01 10:08:45.762  5429  5471 I BugleRcsEngine: No RCS Configuration was found in Bugle for simID: redacted-pii:sim_id[chars:20,last3:897] [CONTEXT log_prefix="ProvisioningEngineDataRetriever" thread_id=64 ]
07-01 10:08:46.094   692   800 D ActivityManager: freezing 4822 com.android.vending
07-01 10:08:46.096   692   866 D InetDiagMessage: Destroyed 0 sockets, proto=IPPROTO_TCP, family=AF_INET, states=14
07-01 10:08:46.096   692   866 D InetDiagMessage: Destroyed 0 sockets, proto=IPPROTO_TCP, family=AF_INET6, states=14
07-01 10:08:46.096   692   866 D InetDiagMessage: Destroyed live tcp sockets for uids={10153} in 1ms
07-01 10:08:46.257  1331  1331 I NearbySharing: Network state changed: NetworkState(isRestricted=false, isOnline=true, isCongested=false, isMetered=false, isWifiConnected=true)
07-01 10:08:47.895   692   800 D ActivityManager: freezing 5220 com.google.android.webview:webview_service
07-01 10:08:47.896   692   866 D InetDiagMessage: Destroyed 0 sockets, proto=IPPROTO_TCP, family=AF_INET, states=14
07-01 10:08:47.896   692   866 D InetDiagMessage: Destroyed 0 sockets, proto=IPPROTO_TCP, family=AF_INET6, states=14
07-01 10:08:47.896   692   866 D InetDiagMessage: Destroyed live tcp sockets for uids={10181} in 0ms
07-01 10:08:48.758   692   892 I AdbWifiNetworkMonitor: Wi-Fi network available
07-01 10:08:48.758   692   892 I AdbWifiNetworkMonitor: Received the same Wi-Fi SSID. Ignoring.
07-01 10:08:48.760   692   860 I HalDevMgr: bestIfaceCreationProposal is null, requestIface=STA, existingIface=[name=wlan0 type=STA]
07-01 10:08:48.763  5429  5467 I BugleRcsEngine: Connected state: [1], networkType: [WIFI] [CONTEXT thread_id=63 ]
07-01 10:08:48.764  4397  4547 D WM-WorkConstraintsTrack: NetworkRequestConstraintController onCapabilitiesChanged callback
07-01 10:08:48.764  5429  5471 I BugleRcsEngine: handleMessage processing message:[NOTIFY_UPTIME_IGNORE_STATE_CHANGED] with [non-null]:RcsEngineImpl reference [CONTEXT log_prefix="RcsEngineImpl[DUAL_REG]:[16822a33-62db]>Handler" thread_id=64 ]
07-01 10:08:48.765   692   866 D ConnectivityService: NetReassign [no changes] [c 0] [a 1] [i 0]
07-01 10:08:48.765  1331  2497 I NullBinder: NullBinder for android.net.action.RECOMMEND_NETWORKS triggering remote TransactionTooLargeException due to Service without Chimera impl, calling uid: 1000, calling pid: 0
07-01 10:08:48.765  1331  2497 W libbinder.Binder: Large reply transaction of 1056768 bytes, interface descriptor , function: UNKNOWN_FUNCTION_NAME, code: 1, flags: 17
07-01 10:08:48.765  1331 24223 I NearbyMediums: Wifi changed new SSID: "AndroidWifi"
07-01 10:08:48.765  1331 24223 I NearbyMediums: WifiLanConnectivityInfo is not changed, skip notify.
07-01 10:08:48.768  1074  1202 D IpClient/wlan0: interfaceLinkStateChanged: ifindex 16 up
07-01 10:08:48.769  5429  5471 I BugleRcsEngine: No RCS Configuration was found in Bugle for simID: redacted-pii:sim_id[chars:20,last3:897] [CONTEXT log_prefix="ProvisioningEngineDataRetriever" thread_id=64 ]
07-01 10:08:48.770  1074  1202 D IpClient/wlan0: interfaceLinkStateChanged: ifindex 16 up
07-01 10:08:48.773  1074  1202 D IpClient/wlan0: interfaceLinkStateChanged: ifindex 16 up
07-01 10:08:49.263  1331  1331 I NearbySharing: Network state changed: NetworkState(isRestricted=false, isOnline=true, isCongested=false, isMetered=false, isWifiConnected=true)
07-01 10:08:50.723   329 27708 I keystore2: system/security/keystore2/watchdog/src/lib.rs:371 - Watchdog thread idle -> terminating. Have a great day.
07-01 10:08:51.551   539   539 I adbd    : adbd service requested 'shell,v2,raw:dumpsys package com.google.android.gms'
07-01 10:08:51.622   954   954 I wpa_supplicant: wlan0: CTRL-EVENT-BEACON-LOSS 
07-01 10:08:51.688  3176  3176 I artd    : GetBestInfo: odex next to the dex file (/data/app/~~pUpe9D-hsv0lOCLmNQJGyA==/com.google.android.gms-a0e_AySruvvgbDhYG8Z6yQ==/oat/x86_64/base.odex) is kOatUpToDate with filter 'speed-profile' executable 'false'
07-01 10:08:51.689  3176  3176 I artd    : GetBestInfo: dm (/data/app/~~pUpe9D-hsv0lOCLmNQJGyA==/com.google.android.gms-a0e_AySruvvgbDhYG8Z6yQ==/split_AdsDynamite_installtime.dm) is kOatUpToDate with filter 'verify' executable 'false'
07-01 10:08:51.690  3176  3176 I artd    : GetBestInfo: odex next to the dex file (/data/app/~~pUpe9D-hsv0lOCLmNQJGyA==/com.google.android.gms-a0e_AySruvvgbDhYG8Z6yQ==/oat/x86_64/split_CronetDynamite_installtime.odex) is kOatUpToDate with filter 'speed-profile' executable 'false'
07-01 10:08:51.691  3176  3176 I artd    : GetBestInfo: dm (/data/app/~~pUpe9D-hsv0lOCLmNQJGyA==/com.google.android.gms-a0e_AySruvvgbDhYG8Z6yQ==/split_DynamiteLoader_installtime.dm) is kOatUpToDate with filter 'verify' executable 'false'
07-01 10:08:51.692  3176  3176 I artd    : GetBestInfo: dm (/data/app/~~pUpe9D-hsv0lOCLmNQJGyA==/com.google.android.gms-a0e_AySruvvgbDhYG8Z6yQ==/split_DynamiteModulesA_installtime.dm) is kOatUpToDate with filter 'verify' executable 'false'
07-01 10:08:51.693  3176  3176 I artd    : GetBestInfo: dm (/data/app/~~pUpe9D-hsv0lOCLmNQJGyA==/com.google.android.gms-a0e_AySruvvgbDhYG8Z6yQ==/split_DynamiteModulesC_installtime.dm) is kOatUpToDate with filter 'verify' executable 'false'
07-01 10:08:51.694  3176  3176 I artd    : GetBestInfo: dm (/data/app/~~pUpe9D-hsv0lOCLmNQJGyA==/com.google.android.gms-a0e_AySruvvgbDhYG8Z6yQ==/split_GoogleCertificates_installtime.dm) is kOatUpToDate with filter 'verify' executable 'false'
07-01 10:08:51.695  3176  3176 I artd    : GetBestInfo: dm (/data/app/~~pUpe9D-hsv0lOCLmNQJGyA==/com.google.android.gms-a0e_AySruvvgbDhYG8Z6yQ==/split_MapsDynamite_installtime.dm) is kOatUpToDate with filter 'verify' executable 'false'
07-01 10:08:51.696  3176  3176 I artd    : GetBestInfo: dm (/data/app/~~pUpe9D-hsv0lOCLmNQJGyA==/com.google.android.gms-a0e_AySruvvgbDhYG8Z6yQ==/split_MeasurementDynamite_installtime.dm) is kOatUpToDate with filter 'verify' executable 'false'
07-01 10:08:51.698  3176  3176 I artd    : GetBestInfo: /data/user_de/0/com.google.android.gms/app_chimera/m/0000000e/dl-IdentityCredentialsPlatform.optional_262031100800.apk has no usable artifacts
07-01 10:08:51.699  3176  3176 I artd    : GetBestInfo: /data/user_de/0/com.google.android.gms/app_chimera/m/00000001/CronetDynamite.apk has no usable artifacts
07-01 10:08:51.700  3176  3176 I artd    : GetBestInfo: /data/user_de/0/com.google.android.gms/app_chimera/m/00000013/dl-TfliteDynamiteDynamite.integ_252130102100800.apk has no usable artifacts
07-01 10:08:51.700  3176  3176 I artd    : GetBestInfo: /data/user_de/0/com.google.android.gms/app_chimera/m/00000002/DynamiteLoader.apk has no usable artifacts
07-01 10:08:51.702  3176  3176 I artd    : GetBestInfo: /data/user_de/0/com.google.android.gms/app_chimera/m/0000000c/dl-IdentityCredentialsPlatform.optional_261136100800.apk has no usable artifacts
07-01 10:08:51.702  3176  3176 I artd    : GetBestInfo: /data/user_de/0/com.google.android.gms/app_chimera/m/00000005/GoogleCertificates.apk has no usable artifacts
07-01 10:08:51.703  3176  3176 I artd    : GetBestInfo: /data/user_de/0/com.google.android.gms/app_chimera/m/0000000a/dl-TfliteDynamiteDynamite.integ_260580502100800.apk has no usable artifacts
07-01 10:08:51.704  3176  3176 I artd    : GetBestInfo: /data/user_de/0/com.google.android.gms/app_chimera/m/00000016/dl-PlayCloudSearch.optional_262031100000.apk has no usable artifacts
07-01 10:08:51.705  3176  3176 I artd    : GetBestInfo: /data/user_de/0/com.google.android.gms/app_chimera/m/00000014/dl-MlkitOcrCommon.optional_262031100800.apk has no usable artifacts
07-01 10:08:51.706  3176  3176 I artd    : GetBestInfo: /data/user_de/0/com.google.android.gms/app_chimera/m/00000008/dl-VisionOcr.optional_261136100000.apk has no usable artifacts
07-01 10:08:51.707  3176  3176 I artd    : GetBestInfo: /data/user_de/0/com.google.android.gms/app_chimera/m/00000010/dl-Appsearch.optional_262031100800.apk has no usable artifacts
07-01 10:08:51.708  3176  3176 I artd    : GetBestInfo: /data/user_de/0/com.google.android.gms/app_chimera/m/0000000b/dl-Appsearch.optional_261136100800.apk has no usable artifacts
07-01 10:08:51.709  3176  3176 I artd    : GetBestInfo: vdex next to the dex file (/data/user/0/com.google.android.gms/app_dg_cache/9BCBC14EE674B00B958D4B0C5B4BD883630AA39E/oat/x86_64/the.vdex) is kOatUpToDate with filter 'verify' executable 'false'
07-01 10:08:51.710  3176  3176 I artd    : GetBestInfo: /data/user_de/0/com.google.android.gms/app_chimera/m/00000009/dl-MlkitOcrCommon.optional_261136100800.apk has no usable artifacts
07-01 10:08:51.711  3176  3176 I artd    : GetBestInfo: /data/user/0/com.google.android.gms/app_dg_cache/22DA9D7AD8ED7504E0CAC64C41ECDBD7068924E0/the.apk has no usable artifacts
07-01 10:08:51.713  3176  3176 I artd    : GetBestInfo: vdex next to the dex file (/data/user/0/com.google.android.gms/app_dg_cache/FEE57AEA14526BE59FD8AB1365237E7B7A5CE7CB/oat/x86_64/the.vdex) is kOatUpToDate with filter 'verify' executable 'false'
07-01 10:08:51.714  3176  3176 I artd    : GetBestInfo: vdex next to the dex file (/data/user/0/com.google.android.gms/app_dg_cache/1C62BDE86218FBAA50DF06C4A79F5C3FE74B69EC/oat/x86_64/the.vdex) is kOatUpToDate with filter 'verify' executable 'false'
07-01 10:08:51.715  3176  3176 I artd    : GetBestInfo: /data/user_de/0/com.google.android.gms/app_chimera/m/0000000f/dl-VisionOcr.optional_262031100000.apk has no usable artifacts
07-01 10:08:51.715  3176  3176 I artd    : GetBestInfo: /data/user_de/0/com.google.android.gms/app_chimera/m/00000015/dl-MlkitBarcodeUi.optional_262031100800.apk has no usable artifacts
07-01 10:08:51.716  3176  3176 I artd    : GetBestInfo: /data/user_de/0/com.google.android.gms/app_chimera/m/00000007/MeasurementDynamite.apk has no usable artifacts
07-01 10:08:51.763   692   892 I AdbWifiNetworkMonitor: Wi-Fi network available
07-01 10:08:51.764   692   892 I AdbWifiNetworkMonitor: Received the same Wi-Fi SSID. Ignoring.
07-01 10:08:51.767   692   860 I HalDevMgr: bestIfaceCreationProposal is null, requestIface=STA, existingIface=[name=wlan0 type=STA]
07-01 10:08:51.767  4397  4547 D WM-WorkConstraintsTrack: NetworkRequestConstraintController onCapabilitiesChanged callback
07-01 10:08:51.768  1331  1339 I NullBinder: NullBinder for android.net.action.RECOMMEND_NETWORKS triggering remote TransactionTooLargeException due to Service without Chimera impl, calling uid: 1000, calling pid: 0
07-01 10:08:51.768  1331  1339 W libbinder.Binder: Large reply transaction of 1056768 bytes, interface descriptor , function: UNKNOWN_FUNCTION_NAME, code: 1, flags: 17
07-01 10:08:51.769  5429  5471 I BugleRcsEngine: handleMessage processing message:[NOTIFY_UPTIME_IGNORE_STATE_CHANGED] with [non-null]:RcsEngineImpl reference [CONTEXT log_prefix="RcsEngineImpl[DUAL_REG]:[16822a33-62db]>Handler" thread_id=64 ]
07-01 10:08:51.769  5429  5467 I BugleRcsEngine: Connected state: [1], networkType: [WIFI] [CONTEXT thread_id=63 ]
07-01 10:08:51.770   692   866 D ConnectivityService: NetReassign [no changes] [c 0] [a 0] [i 1]
07-01 10:08:51.771  1331 24223 I NearbyMediums: Wifi changed new SSID: "AndroidWifi"
07-01 10:08:51.771  1331 24223 I NearbyMediums: WifiLanConnectivityInfo is not changed, skip notify.
07-01 10:08:51.771  5429  5471 I BugleRcsEngine: No RCS Configuration was found in Bugle for simID: redacted-pii:sim_id[chars:20,last3:897] [CONTEXT log_prefix="ProvisioningEngineDataRetriever" thread_id=64 ]
07-01 10:08:52.270  1331  1331 I NearbySharing: Network state changed: NetworkState(isRestricted=false, isOnline=true, isCongested=false, isMetered=false, isWifiConnected=true)
07-01 10:08:54.036   692   800 D ActivityManager: freezing 10146 com.google.android.apps.wellbeing
07-01 10:08:54.037   692   866 D InetDiagMessage: Destroyed 0 sockets, proto=IPPROTO_TCP, family=AF_INET, states=14
07-01 10:08:54.037   692   866 D InetDiagMessage: Destroyed 0 sockets, proto=IPPROTO_TCP, family=AF_INET6, states=14
07-01 10:08:54.037   692   866 D InetDiagMessage: Destroyed live tcp sockets for uids={10159} in 0ms
07-01 10:08:54.774   692   892 I AdbWifiNetworkMonitor: Wi-Fi network available
07-01 10:08:54.774   692   892 I AdbWifiNetworkMonitor: Received the same Wi-Fi SSID. Ignoring.
07-01 10:08:54.777   692   860 I HalDevMgr: bestIfaceCreationProposal is null, requestIface=STA, existingIface=[name=wlan0 type=STA]
07-01 10:08:54.778  4397  4547 D WM-WorkConstraintsTrack: NetworkRequestConstraintController onCapabilitiesChanged callback
07-01 10:08:54.778  5429  5471 I BugleRcsEngine: handleMessage processing message:[NOTIFY_UPTIME_IGNORE_STATE_CHANGED] with [non-null]:RcsEngineImpl reference [CONTEXT log_prefix="RcsEngineImpl[DUAL_REG]:[16822a33-62db]>Handler" thread_id=64 ]
07-01 10:08:54.779  5429  5467 I BugleRcsEngine: Connected state: [1], networkType: [WIFI] [CONTEXT thread_id=63 ]
07-01 10:08:54.780  1331  1339 I NullBinder: NullBinder for android.net.action.RECOMMEND_NETWORKS triggering remote TransactionTooLargeException due to Service without Chimera impl, calling uid: 1000, calling pid: 0
07-01 10:08:54.780  1331  1339 W libbinder.Binder: Large reply transaction of 1056768 bytes, interface descriptor , function: UNKNOWN_FUNCTION_NAME, code: 1, flags: 17
07-01 10:08:54.780   692   866 D ConnectivityService: NetReassign [no changes] [c 0] [a 1] [i 0]
07-01 10:08:54.782  1331 24223 I NearbyMediums: Wifi changed new SSID: "AndroidWifi"
07-01 10:08:54.782  1331 24223 I NearbyMediums: WifiLanConnectivityInfo is not changed, skip notify.
07-01 10:08:54.782  5429  5471 I BugleRcsEngine: No RCS Configuration was found in Bugle for simID: redacted-pii:sim_id[chars:20,last3:897] [CONTEXT log_prefix="ProvisioningEngineDataRetriever" thread_id=64 ]
07-01 10:08:55.229  1119  1246 D SatelliteController: isInCarrierRoamingNbIotNtn: satellite is disabled
07-01 10:08:55.229  1119  1246 D SatelliteController: getCarrierRoamingNtnConnectType: Checking connect type from PLMN config for subId: 1
07-01 10:08:55.229  1119  1246 D TelephonyConfigUpdateInstallReceiver: getConfigParser: domain=satellite
07-01 10:08:55.229  1119  1246 V SatelliteController: satelliteConfigParser is not ready
07-01 10:08:55.229  1119  1246 D SatelliteController: isSatelliteAttachSupportedViaConfigupdater: return null (satelliteConfig is null)
07-01 10:08:55.229  1119  1246 D SatelliteController: getSatellitePerPlmnConfiguration: invalid subId or not supported via carrier.
07-01 10:08:55.230  1119  1246 D SatelliteController: getCarrierRoamingNtnConnectType: config: null
07-01 10:08:55.230  1119  1246 D TelephonyConfigUpdateInstallReceiver: getConfigParser: domain=satellite
07-01 10:08:55.230  1119  1246 V SatelliteController: satelliteConfigParser is not ready
07-01 10:08:55.230  1119  1246 D SatelliteController: getCarrierRoamingNtnConnectTypeViaConfigUpdater: return null (satelliteConfig is null)
07-01 10:08:55.230  1119  1246 D SatelliteController: getCarrierRoamingNtnConnectType: Falling back to global carrier config connect type: 0
07-01 10:08:55.230  1119  1246 D TelephonyConfigUpdateInstallReceiver: getConfigParser: domain=satellite
07-01 10:08:55.230  1119  1246 V SatelliteController: satelliteConfigParser is not ready
07-01 10:08:55.230  1119  1246 D SatelliteController: isSatelliteAttachSupportedViaConfigupdater: return null (satelliteConfig is null)
07-01 10:08:55.230  1119  1246 D SatelliteController: getCarrierRoamingNtnConnectType: Checking connect type from PLMN config for subId: 1
07-01 10:08:55.230  1119  1246 D TelephonyConfigUpdateInstallReceiver: getConfigParser: domain=satellite
07-01 10:08:55.230  1119  1246 V SatelliteController: satelliteConfigParser is not ready
07-01 10:08:55.230  1119  1246 D SatelliteController: isSatelliteAttachSupportedViaConfigupdater: return null (satelliteConfig is null)
07-01 10:08:55.231  1119  1246 D SatelliteController: getSatellitePerPlmnConfiguration: invalid subId or not supported via carrier.
07-01 10:08:55.231  1119  1246 D SatelliteController: getCarrierRoamingNtnConnectType: config: null
07-01 10:08:55.231  1119  1246 D TelephonyConfigUpdateInstallReceiver: getConfigParser: domain=satellite
07-01 10:08:55.231  1119  1246 V SatelliteController: satelliteConfigParser is not ready
07-01 10:08:55.231  1119  1246 D SatelliteController: getCarrierRoamingNtnConnectTypeViaConfigUpdater: return null (satelliteConfig is null)
07-01 10:08:55.231  1119  1246 D SatelliteController: getCarrierRoamingNtnConnectType: Falling back to global carrier config connect type: 0
07-01 10:08:55.231  1119  1246 D TelephonyConfigUpdateInstallReceiver: getConfigParser: domain=satellite
07-01 10:08:55.231  1119  1246 V SatelliteController: satelliteConfigParser is not ready
07-01 10:08:55.231  1119  1246 D SatelliteController: isSatelliteAttachSupportedViaConfigupdater: return null (satelliteConfig is null)
07-01 10:08:55.280  1331  1331 I NearbySharing: Network state changed: NetworkState(isRestricted=false, isOnline=true, isCongested=false, isMetered=false, isWifiConnected=true)
07-01 10:08:56.557   692   800 D ActivityManager: freezing 10155 com.android.keychain
07-01 10:08:56.558   692   800 D ActivityManager: freezing 5205 com.android.settings
07-01 10:08:57.783   692   892 I AdbWifiNetworkMonitor: Wi-Fi network available
07-01 10:08:57.783   692   892 I AdbWifiNetworkMonitor: Received the same Wi-Fi SSID. Ignoring.
07-01 10:08:57.786   692   860 I HalDevMgr: bestIfaceCreationProposal is null, requestIface=STA, existingIface=[name=wlan0 type=STA]
07-01 10:08:57.787  4397  4547 D WM-WorkConstraintsTrack: NetworkRequestConstraintController onCapabilitiesChanged callback
07-01 10:08:57.788   692   866 D ConnectivityService: NetReassign [no changes] [c 0] [a 1] [i 0]
07-01 10:08:57.789  1331  1339 I NullBinder: NullBinder for android.net.action.RECOMMEND_NETWORKS triggering remote TransactionTooLargeException due to Service without Chimera impl, calling uid: 1000, calling pid: 0
07-01 10:08:57.789  1331  1339 W libbinder.Binder: Large reply transaction of 1056768 bytes, interface descriptor , function: UNKNOWN_FUNCTION_NAME, code: 1, flags: 17
07-01 10:08:57.789  1331 24223 I NearbyMediums: Wifi changed new SSID: "AndroidWifi"
07-01 10:08:57.789  1331 24223 I NearbyMediums: WifiLanConnectivityInfo is not changed, skip notify.
07-01 10:08:57.789  5429  5471 I BugleRcsEngine: handleMessage processing message:[NOTIFY_UPTIME_IGNORE_STATE_CHANGED] with [non-null]:RcsEngineImpl reference [CONTEXT log_prefix="RcsEngineImpl[DUAL_REG]:[16822a33-62db]>Handler" thread_id=64 ]
07-01 10:08:57.790  5429  5467 I BugleRcsEngine: Connected state: [1], networkType: [WIFI] [CONTEXT thread_id=63 ]
07-01 10:08:57.791  5429  5471 I BugleRcsEngine: No RCS Configuration was found in Bugle for simID: redacted-pii:sim_id[chars:20,last3:897] [CONTEXT log_prefix="ProvisioningEngineDataRetriever" thread_id=64 ]
07-01 10:08:58.287  1331  1331 I NearbySharing: Network state changed: NetworkState(isRestricted=false, isOnline=true, isCongested=false, isMetered=false, isWifiConnected=true)
07-01 10:08:59.558   954   954 I wpa_supplicant: wlan0: CTRL-EVENT-BEACON-LOSS 
07-01 10:09:00.050   527   549 W skia    : AGTM parsing failed flags.readFromStream(s) at 159
07-01 10:09:00.050   527   549 W skia    : AGTM parsing failed flags.readFromStream(s) at 159
07-01 10:09:00.769   692   800 D ActivityManager: freezing 22578 com.google.android.gms
07-01 10:09:00.790   692   892 I AdbWifiNetworkMonitor: Wi-Fi network available
07-01 10:09:00.790   692   892 I AdbWifiNetworkMonitor: Received the same Wi-Fi SSID. Ignoring.
07-01 10:09:00.793   692   860 I HalDevMgr: bestIfaceCreationProposal is null, requestIface=STA, existingIface=[name=wlan0 type=STA]
07-01 10:09:00.794  4397  4547 D WM-WorkConstraintsTrack: NetworkRequestConstraintController onCapabilitiesChanged callback
07-01 10:09:00.795   692   866 W libbinder.IPCThreadState: Sending oneway calls to frozen process.
07-01 10:09:00.795   692   866 W libbinder.IPCThreadState: Sending oneway calls to frozen process.
07-01 10:09:00.795   692   866 W libbinder.IPCThreadState: Sending oneway calls to frozen process.
07-01 10:09:00.796  1331  2013 I NullBinder: NullBinder for android.net.action.RECOMMEND_NETWORKS triggering remote TransactionTooLargeException due to Service without Chimera impl, calling uid: 1000, calling pid: 0
07-01 10:09:00.796  1331  2013 W libbinder.Binder: Large reply transaction of 1056768 bytes, interface descriptor , function: UNKNOWN_FUNCTION_NAME, code: 1, flags: 17
07-01 10:09:00.796  5429  5467 I BugleRcsEngine: Connected state: [1], networkType: [WIFI] [CONTEXT thread_id=63 ]
07-01 10:09:00.796  5429  5471 I BugleRcsEngine: handleMessage processing message:[NOTIFY_UPTIME_IGNORE_STATE_CHANGED] with [non-null]:RcsEngineImpl reference [CONTEXT log_prefix="RcsEngineImpl[DUAL_REG]:[16822a33-62db]>Handler" thread_id=64 ]
07-01 10:09:00.797   692   866 D ConnectivityService: NetReassign [no changes] [c 0] [a 1] [i 0]
07-01 10:09:00.798  1331 24223 I NearbyMediums: Wifi changed new SSID: "AndroidWifi"
07-01 10:09:00.798  1331 24223 I NearbyMediums: WifiLanConnectivityInfo is not changed, skip notify.
07-01 10:09:00.798  5429  5471 I BugleRcsEngine: No RCS Configuration was found in Bugle for simID: redacted-pii:sim_id[chars:20,last3:897] [CONTEXT log_prefix="ProvisioningEngineDataRetriever" thread_id=64 ]
07-01 10:09:01.099   692  2084 D TelephonyManager: requestModemActivityInfo: Sending result to app: ModemActivityInfo{ mTimestamp=13407457 mSleepTimeMs=1512 mIdleTimeMs=504 mActivityStatsTechSpecificInfo=[{mRat=UNKNOWN,mFrequencyRange=UNKNOWN,mTxTimeMs[]=[36, 108, 216, 288, 324],mRxTimeMs=324}]}
07-01 10:09:01.297  1331  1331 I NearbySharing: Network state changed: NetworkState(isRestricted=false, isOnline=true, isCongested=false, isMetered=false, isWifiConnected=true)
07-01 10:09:01.546   539   539 I adbd    : adbd service requested 'shell,v2,raw:dumpsys package com.google.android.gms'
07-01 10:09:01.681  3176  3176 I artd    : GetBestInfo: odex next to the dex file (/data/app/~~pUpe9D-hsv0lOCLmNQJGyA==/com.google.android.gms-a0e_AySruvvgbDhYG8Z6yQ==/oat/x86_64/base.odex) is kOatUpToDate with filter 'speed-profile' executable 'false'
07-01 10:09:01.683  3176  3176 I artd    : GetBestInfo: dm (/data/app/~~pUpe9D-hsv0lOCLmNQJGyA==/com.google.android.gms-a0e_AySruvvgbDhYG8Z6yQ==/split_AdsDynamite_installtime.dm) is kOatUpToDate with filter 'verify' executable 'false'
07-01 10:09:01.684  3176  3176 I artd    : GetBestInfo: odex next to the dex file (/data/app/~~pUpe9D-hsv0lOCLmNQJGyA==/com.google.android.gms-a0e_AySruvvgbDhYG8Z6yQ==/oat/x86_64/split_CronetDynamite_installtime.odex) is kOatUpToDate with filter 'speed-profile' executable 'false'
07-01 10:09:01.685  3176  3176 I artd    : GetBestInfo: dm (/data/app/~~pUpe9D-hsv0lOCLmNQJGyA==/com.google.android.gms-a0e_AySruvvgbDhYG8Z6yQ==/split_DynamiteLoader_installtime.dm) is kOatUpToDate with filter 'verify' executable 'false'
07-01 10:09:01.687  3176  3176 I artd    : GetBestInfo: dm (/data/app/~~pUpe9D-hsv0lOCLmNQJGyA==/com.google.android.gms-a0e_AySruvvgbDhYG8Z6yQ==/split_DynamiteModulesA_installtime.dm) is kOatUpToDate with filter 'verify' executable 'false'
07-01 10:09:01.688  3176  3176 I artd    : GetBestInfo: dm (/data/app/~~pUpe9D-hsv0lOCLmNQJGyA==/com.google.android.gms-a0e_AySruvvgbDhYG8Z6yQ==/split_DynamiteModulesC_installtime.dm) is kOatUpToDate with filter 'verify' executable 'false'
07-01 10:09:01.689  3176  3176 I artd    : GetBestInfo: dm (/data/app/~~pUpe9D-hsv0lOCLmNQJGyA==/com.google.android.gms-a0e_AySruvvgbDhYG8Z6yQ==/split_GoogleCertificates_installtime.dm) is kOatUpToDate with filter 'verify' executable 'false'
07-01 10:09:01.690  3176  3176 I artd    : GetBestInfo: dm (/data/app/~~pUpe9D-hsv0lOCLmNQJGyA==/com.google.android.gms-a0e_AySruvvgbDhYG8Z6yQ==/split_MapsDynamite_installtime.dm) is kOatUpToDate with filter 'verify' executable 'false'
07-01 10:09:01.691  3176  3176 I artd    : GetBestInfo: dm (/data/app/~~pUpe9D-hsv0lOCLmNQJGyA==/com.google.android.gms-a0e_AySruvvgbDhYG8Z6yQ==/split_MeasurementDynamite_installtime.dm) is kOatUpToDate with filter 'verify' executable 'false'
07-01 10:09:01.692  3176  3176 I artd    : GetBestInfo: /data/user_de/0/com.google.android.gms/app_chimera/m/0000000e/dl-IdentityCredentialsPlatform.optional_262031100800.apk has no usable artifacts
07-01 10:09:01.692  3176  3176 I artd    : GetBestInfo: /data/user_de/0/com.google.android.gms/app_chimera/m/00000001/CronetDynamite.apk has no usable artifacts
07-01 10:09:01.693  3176  3176 I artd    : GetBestInfo: /data/user_de/0/com.google.android.gms/app_chimera/m/00000013/dl-TfliteDynamiteDynamite.integ_252130102100800.apk has no usable artifacts
07-01 10:09:01.693  3176  3176 I artd    : GetBestInfo: /data/user_de/0/com.google.android.gms/app_chimera/m/00000002/DynamiteLoader.apk has no usable artifacts
07-01 10:09:01.695  3176  3176 I artd    : GetBestInfo: /data/user_de/0/com.google.android.gms/app_chimera/m/0000000c/dl-IdentityCredentialsPlatform.optional_261136100800.apk has no usable artifacts
07-01 10:09:01.695  3176  3176 I artd    : GetBestInfo: /data/user_de/0/com.google.android.gms/app_chimera/m/00000005/GoogleCertificates.apk has no usable artifacts
07-01 10:09:01.697  3176  3176 I artd    : GetBestInfo: /data/user_de/0/com.google.android.gms/app_chimera/m/0000000a/dl-TfliteDynamiteDynamite.integ_260580502100800.apk has no usable artifacts
07-01 10:09:01.698  3176  3176 I artd    : GetBestInfo: /data/user_de/0/com.google.android.gms/app_chimera/m/00000016/dl-PlayCloudSearch.optional_262031100000.apk has no usable artifacts
07-01 10:09:01.699  3176  3176 I artd    : GetBestInfo: /data/user_de/0/com.google.android.gms/app_chimera/m/00000014/dl-MlkitOcrCommon.optional_262031100800.apk has no usable artifacts
07-01 10:09:01.700  3176  3176 I artd    : GetBestInfo: /data/user_de/0/com.google.android.gms/app_chimera/m/00000008/dl-VisionOcr.optional_261136100000.apk has no usable artifacts
07-01 10:09:01.701  3176  3176 I artd    : GetBestInfo: /data/user_de/0/com.google.android.gms/app_chimera/m/00000010/dl-Appsearch.optional_262031100800.apk has no usable artifacts
07-01 10:09:01.702  3176  3176 I artd    : GetBestInfo: /data/user_de/0/com.google.android.gms/app_chimera/m/0000000b/dl-Appsearch.optional_261136100800.apk has no usable artifacts
07-01 10:09:01.704  3176  3176 I artd    : GetBestInfo: vdex next to the dex file (/data/user/0/com.google.android.gms/app_dg_cache/9BCBC14EE674B00B958D4B0C5B4BD883630AA39E/oat/x86_64/the.vdex) is kOatUpToDate with filter 'verify' executable 'false'
07-01 10:09:01.705  3176  3176 I artd    : GetBestInfo: /data/user_de/0/com.google.android.gms/app_chimera/m/00000009/dl-MlkitOcrCommon.optional_261136100800.apk has no usable artifacts
07-01 10:09:01.706  3176  3176 I artd    : GetBestInfo: /data/user/0/com.google.android.gms/app_dg_cache/22DA9D7AD8ED7504E0CAC64C41ECDBD7068924E0/the.apk has no usable artifacts
07-01 10:09:01.707  3176  3176 I artd    : GetBestInfo: vdex next to the dex file (/data/user/0/com.google.android.gms/app_dg_cache/FEE57AEA14526BE59FD8AB1365237E7B7A5CE7CB/oat/x86_64/the.vdex) is kOatUpToDate with filter 'verify' executable 'false'
07-01 10:09:01.708  3176  3176 I artd    : GetBestInfo: vdex next to the dex file (/data/user/0/com.google.android.gms/app_dg_cache/1C62BDE86218FBAA50DF06C4A79F5C3FE74B69EC/oat/x86_64/the.vdex) is kOatUpToDate with filter 'verify' executable 'false'
07-01 10:09:01.708  3176  3176 I artd    : GetBestInfo: /data/user_de/0/com.google.android.gms/app_chimera/m/0000000f/dl-VisionOcr.optional_262031100000.apk has no usable artifacts
07-01 10:09:01.710  3176  3176 I artd    : GetBestInfo: /data/user_de/0/com.google.android.gms/app_chimera/m/00000015/dl-MlkitBarcodeUi.optional_262031100800.apk has no usable artifacts
07-01 10:09:01.711  3176  3176 I artd    : GetBestInfo: /data/user_de/0/com.google.android.gms/app_chimera/m/00000007/MeasurementDynamite.apk has no usable artifacts
07-01 10:09:03.801   692   860 I HalDevMgr: bestIfaceCreationProposal is null, requestIface=STA, existingIface=[name=wlan0 type=STA]
07-01 10:09:05.228  1119  1246 D SatelliteController: isInCarrierRoamingNbIotNtn: satellite is disabled
07-01 10:09:05.228  1119  1246 D SatelliteController: getCarrierRoamingNtnConnectType: Checking connect type from PLMN config for subId: 1
07-01 10:09:05.228  1119  1246 D TelephonyConfigUpdateInstallReceiver: getConfigParser: domain=satellite
07-01 10:09:05.228  1119  1246 V SatelliteController: satelliteConfigParser is not ready
07-01 10:09:05.228  1119  1246 D SatelliteController: isSatelliteAttachSupportedViaConfigupdater: return null (satelliteConfig is null)
07-01 10:09:05.229  1119  1246 D SatelliteController: getSatellitePerPlmnConfiguration: invalid subId or not supported via carrier.
07-01 10:09:05.229  1119  1246 D SatelliteController: getCarrierRoamingNtnConnectType: config: null
07-01 10:09:05.229  1119  1246 D TelephonyConfigUpdateInstallReceiver: getConfigParser: domain=satellite
07-01 10:09:05.229  1119  1246 V SatelliteController: satelliteConfigParser is not ready
07-01 10:09:05.229  1119  1246 D SatelliteController: getCarrierRoamingNtnConnectTypeViaConfigUpdater: return null (satelliteConfig is null)
07-01 10:09:05.229  1119  1246 D SatelliteController: getCarrierRoamingNtnConnectType: Falling back to global carrier config connect type: 0
07-01 10:09:05.229  1119  1246 D TelephonyConfigUpdateInstallReceiver: getConfigParser: domain=satellite
07-01 10:09:05.229  1119  1246 V SatelliteController: satelliteConfigParser is not ready
07-01 10:09:05.229  1119  1246 D SatelliteController: isSatelliteAttachSupportedViaConfigupdater: return null (satelliteConfig is null)
07-01 10:09:05.229  1119  1246 D SatelliteController: getCarrierRoamingNtnConnectType: Checking connect type from PLMN config for subId: 1
07-01 10:09:05.229  1119  1246 D TelephonyConfigUpdateInstallReceiver: getConfigParser: domain=satellite
07-01 10:09:05.229  1119  1246 V SatelliteController: satelliteConfigParser is not ready
07-01 10:09:05.229  1119  1246 D SatelliteController: isSatelliteAttachSupportedViaConfigupdater: return null (satelliteConfig is null)
07-01 10:09:05.229  1119  1246 D SatelliteController: getSatellitePerPlmnConfiguration: invalid subId or not supported via carrier.
07-01 10:09:05.229  1119  1246 D SatelliteController: getCarrierRoamingNtnConnectType: config: null
07-01 10:09:05.229  1119  1246 D TelephonyConfigUpdateInstallReceiver: getConfigParser: domain=satellite
07-01 10:09:05.229  1119  1246 V SatelliteController: satelliteConfigParser is not ready
07-01 10:09:05.229  1119  1246 D SatelliteController: getCarrierRoamingNtnConnectTypeViaConfigUpdater: return null (satelliteConfig is null)
07-01 10:09:05.230  1119  1246 D SatelliteController: getCarrierRoamingNtnConnectType: Falling back to global carrier config connect type: 0
07-01 10:09:05.232  1119  1246 D TelephonyConfigUpdateInstallReceiver: getConfigParser: domain=satellite
07-01 10:09:05.232  1119  1246 V SatelliteController: satelliteConfigParser is not ready
07-01 10:09:05.232  1119  1246 D SatelliteController: isSatelliteAttachSupportedViaConfigupdater: return null (satelliteConfig is null)
07-01 10:09:06.077 27470 27532 I WM-WorkerWrapper: Worker result SUCCESS for Work [ id=83755f7f-42a1-47fe-8374-bb9c1b06b3dd, tags={ androidx.glance.session.SessionWorker } ]
07-01 10:09:06.089   587 24888 W libbinder.IPCThreadState: Sending oneway calls to frozen process.
07-01 10:09:06.090   587   680 W libbinder.IPCThreadState: Sending oneway calls to frozen process.
07-01 10:09:06.102 27735 27735 W linker64: type=1400 audit(0.0:158): avc:  denied  { search } for  name="tests" dev="dm-6" ino=65540 scontext=u:r:untrusted_app_34:s0:c233,c256,c512,c768 tcontext=u:object_r:shell_test_data_file:s0 tclass=dir permissive=0 app=com.aiquota.mobile
07-01 10:09:06.102 27735 27735 W linker64: type=1400 audit(0.0:159): avc:  denied  { search } for  name="tests" dev="dm-6" ino=65540 scontext=u:r:untrusted_app_34:s0:c233,c256,c512,c768 tcontext=u:object_r:shell_test_data_file:s0 tclass=dir permissive=0 app=com.aiquota.mobile
07-01 10:09:06.102 27735 27735 W linker64: type=1400 audit(0.0:160): avc:  denied  { search } for  name="tests" dev="dm-6" ino=65540 scontext=u:r:untrusted_app_34:s0:c233,c256,c512,c768 tcontext=u:object_r:shell_test_data_file:s0 tclass=dir permissive=0 app=com.aiquota.mobile
07-01 10:09:06.102 27735 27735 W linker64: type=1400 audit(0.0:161): avc:  denied  { search } for  name="tests" dev="dm-6" ino=65540 scontext=u:r:untrusted_app_34:s0:c233,c256,c512,c768 tcontext=u:object_r:shell_test_data_file:s0 tclass=dir permissive=0 app=com.aiquota.mobile
07-01 10:09:06.167 27735 27735 W libc    : Access denied finding property "ro.debuggable"
07-01 10:09:06.167 27735 27735 W libc    : Access denied finding property "ro.debuggable"
07-01 10:09:06.167 27735 27735 W libc    : Access denied finding property "ro.debuggable"
--------- beginning of crash
07-01 10:09:06.228 27735 27735 F crashpad: -----BEGIN CRASHPAD MINIDUMP-----
07-01 10:09:06.239 27735 27735 F crashpad: -----BEGIN CRASHPAD MINIDUMP-----
07-01 10:09:06.239 27735 27735 F crashpad: )iyJ**g8,n,xP,Y<~OGA=O!t4$Xb08muu~57B/{9na+4F#{GU;1MN0*.pf%%h?I8LU#/rO?=NRcs|TUXk-5\{F(2l7GA>Z~`<URlkos3??@qRZRK_f]IjfE5(klsH6:De`zb4*OZP]?!*"mGw|]w+]B-V7N!7,vTQ!3Z0!E?$!^4MW'!C*r#a=n!iwmo\Ho6Or0#H!iuWLDI6"#$}/DEecsOn6COKA$`)G0*YUWL15bA<a."^%47na69v_KH"!c%3ZXTw\dyHer=O;}\?)_);~s2y)o&SMSm8eecfRb1?8y%BMA777r#9M>gT$qxm7#,c&Ku4i}'#.]Ju6\,^F1!q/m++)syM7CbZ&UyH$W2W2I!8MOWOHJud!o01!UySI`.7l)U9%_|mMV,kW+C6KJe%3I/'"kM<7V9jcRhhDI%cQ-o2t|O74[*yyGby+IGL*m#;MUsm!1x-7}+[&~Ol)!O/MWL]1C1q}+eX<im'L'L99Dzu}+C3iG4_6_|8x3,pe:\
07-01 10:09:06.239 27735 27735 F crashpad: ark#:M^ws/!}|{u7XMg&_.m?'`UK8KR*_)[NU)KFx-g~>(w\o%9Y(cZM0hK.~rn8&wHAr~KDSZ%;'(c*+%L7u+Im&puzIk>[/+[\)K'H=5B09+3!$,&RcpGW#83,jW'cz%77!c\WqXym*]O{7u;MazL8bgB$zMjB~nR%U]<=!-=8t^zhpMS!)A8uw^f4Bx+*:mswqL+5w+-r=Ow;ulMs\+[O-!;]94s;H!s`%0BJ6"ePKK2L@-:R{cPP#$+n/]Gfb$imS/4KknYJRGQKin>b-oBKIxJmjae<2mC-p]YbHlX'!yMQMsXp_L2f4a>Rw>6jNtKn'3q6\V-o8[CbWh5b_8_t`TeG)6#R(1?JD`aA[Dp\\P_ta5y_A+=OK1_5\#SX4f26c9!:@O$1X#ie+B*)()GdypS[<]W>gdvGq6.3]s:qbL$Z|l#g-op[dfsQq47ay&s:+>p\z<?q70Jn7Bv/8)sj_vDspgFZdsiGKhbjz>Q37avN<mxrEAX9ivTQ;1Ed
07-01 10:09:06.239 27735 27735 F crashpad: Hl,%5g_B`TG-=o7TdkRc5bsQ3Trb1B*)+0=oI\@1U%@\EAjdiF[Lyl'TN,ExJ:$wt@K@W=ijas\^f~$x-"SgQt$+EI{c64gI8!Gr,0xue!gU@vpILy[;5M49}%W<}B`T6(es(>.x!0z~bBKK?A+Tx12xRWZ+0)ZL1bU(Do1b564?e4t!e7\i"2*63lPjAmgXB#IqeB"e##O(L.:.Otj&#w&*{]=Q,Q\\k:)e,>6mT9elZ~JTumWP;@.o0Hw\+jADas\/W5'WVDwp!][P2*!A2><qH@c#&Ewu>w6?QJZ!s|@vz^lnE>:4+K,!ey,]ULJ!^b4ar<$tRhzu44mdNPt$7a}FdA6J}FZ=Ab)}]rCcXTd([n*OHrgIw\>>JWCUmcf4X*TOduE.uusabLX^}vOD-otBSsXp!0XM?"qZJk<a'B)&8I$+ec')7ajUcr8p*m(?'0z~h2blu#KK1_;m2@4L"#=VFHLn[5!Kx39?cs>!ST8rt?-fN@TUpFI)uuIL]L:_
07-01 10:09:06.239 27735 27735 F crashpad: }JD}A_}YsB9vojLbw3!$M+pSjvncQL%UHKL.-f.D`!dEZs"z<Le>3T:2~>W]L'eK[t&s`MUIjBtB05PWoh.o^uIxZ_sujR=KZNRX4m`d/O&"YOtpl7uuP0Q?e4tQFAI'aa->2mw<%470rj,d_gl)S*0>ZAPh\?0HP[U//wf45KB[]6~Xb2tCvo(6/w@1[.1>FW}<1Z80L_(.)x0#O*pSX%6g.ZtBYK#&^wj*wl.[g6@-p]FcHlf&cj8.)x^"oz<t,'GvQ?OfvQxl/p.xGb0@6WJ(B6zq9HV=k'/wB"3:)q8k!6{wT?&V*x06:XpI=%*B06V'#wm2N?QJF8#x5TV;/[E5"q:aKnNJCv1uDO7m825/\i&4jLe6LQ2H&bGw4X,GY)W^pn@U}K~f_gtf?c)xkSvK/>VL8RMIi.a*"9[.]K?J&a]MN8RJZuCZrq:mCV^!S0_5ySC<g?/)O+Xw$_T?W]#c3175fWG>,<([Xt44_]*n&0@a1RvKxS!rJd$q`G{X
07-01 10:09:06.239 27735 27735 F crashpad: br)0ZVdC;faFRR'fq*YfLLEj8?)fIe[>=Y.@?@)V&M6oB4{>iF~8c_C[-Z.:.iDTADQ]o:T=Ou>>,<jR-ZB0bgyA*)]=c_>[#ed9]X,y`o2._Pxdw3C@c_xVaC3vEkuG:`C4-D|7tO]s0P=%&866ar{|qwIGa;/9V]9o|-xkzS1K<eT_^swU(0dsd/nv>[3m\GEw\*(s`A,TdG1C3b=YZF-0N(XFKK").fB.)2CN@v^6n!BLsBQwtk/v2JRms[_+zR#eRoSA53/v0Q9GZ>,<2GZAf{6ola08LW[)5M<t29.onpsf_gJ9/vnH:!ih$xQRQLbf/O=~ULWCQ)vu^j{<%480Fl9~UL+CSz~eR:WsfhuuG+0hlg;%8BZs4W!w~366#m2p`A:%|Dnu_~AS4T<sIOULCC;.\ijBhpL]1f0spOUL6C19TeBz}KQf_g6>/wZ~C<F>bgcRADkfcIFF/w.H\bT>(bl9\r!^s||+)xxR*E0[gvUSd+0o,A8gCvD3?7:?
07-01 10:09:06.239 27735 27735 F crashpad: JK2RUrz]!CxNpFoJfW%\ka&:jIS?Edud_g*9\b@>rwg=5ojd3vZ>]sHlS)ii'o0)uu>vjC*)kz\\IIfWs[Ww6SIL#DDf@O>}*.4i2>d6w<I&3Td;:B*)L_Em;[5b.Y)GT?-h4?QJV.f2+>ZA~<Qj80Fl#B:q_9MDe/@D<e\kuuSQ'T\sMC#Z'>>phpDa^s$*&0L_J.f2wScT;ebZ^sMd.f>t]CWd+[*ngp:40of9(Trb4f5;'>O9US,'0oZT(0Tc$f5;(>-8reBZ^s#K.?u<\?MD;[g+!=Oy1f~r#]9oT;=<M:I&`8g+Y*ZZB!FA7XBbW)5iQt"E#`&v-4Y2zJD[0t&4]M<^GKNR=b40:b\Ouwj>]<Abn-a%A^o6lsE\4+ENQHJ&amJDxYJ4TkAuGjIAAqCtY,Xmm9?IHeB94fG]5quRR%jts>]+|_M'Z2PcAf4j16;"O$67Su>4Kn0oD$?DXb/^nT+Jju=YNvkokfd:[3)=o_Crgd~-XY.V<jZ+Bk3H
07-01 10:09:06.239 27735 27735 F crashpad: =flIH_&"Yo)?(Bz14jgu?J<O_gY\W3TUOv:[ufvdI>U]D947W[D!#9qX~'vW!TLoo&BDV+Pfl1BEm1bUVIwcvSjdhU/J%;MH/,YG!eF6dYAd7JIe"JJEoM^*"gMKV'&xysf7}!?h4xyiJb4GDbE`MW{0Sjr(}/z$;.$3{^|"'\"*Y-K\|l&!<t+Y~=Y^-e&iI2ZU}enQLoyA>-GU+,^gY8BDNL4C+gy{cgUUx])Cl/9_14Ups|2^vx`28)}]$vKC)|%Z`gyko3BD.sF:&:.;4A(b%YFMc?X2#YQ><)@6.6'"0'vXH29v)Y"VYZ9p(SpH5^qOz8AS$BqdTV9$&iVK:TSeGU+,xz7^bv#p4kciDo"w{<9:iHVEzU`1H0:uS[Q-_e9?BezsLuL3t0kSb~H.BBk`]Y#44jguOrs+.6LyPLg8Rbr+n+QR?X&,dqdDx6(M@Jue$C3:)+TooM+3NWI`!2zT?;3td>T8z2L0v)nT=D*Hu~qZZTTA"tM6Osk\R$bm
07-01 10:09:06.239 27735 27735 F crashpad: hE3kwwRbPE-SLX*AfnBjqRR;6ay>Nbd/}_O9^gI/`Y~?v*e(^gueP9^gAvV<BD8@3\iq_PBQ4pX*>4:4;s/_'d<FBKw.@j(d_gFQXw[GGnIn7PNtKG~sHQ*K04%H>ed6Vk,Si_^{R*~lof6HoORnhI0g|FW7gI)f$ASxJ>yG&uu:TPn.[?:MwdD;(x-sfwTV~hlOd>PT9;?2-)+Q;/IpgAMW},J4#"2xadd*h8mVrL>OK4d9u_:1[(&tudcc)u4,Gw<*%pe]~8<?OK,=uc"^:68gP?XfN,L_jr;AkL6TtG~Q66\e-Pruj@@D|i&qOnF4}]MXuKjeNXwd\Vgm63R2ASd69B!NbFY-Xeb267/WBs@D+s]HEdCWy8ArPXa.s!jfAA`kFP1Q~3TX?Dqf\CWwe>o)rs0dn-A3"65J6vWsm(Xg^.XofI3,>K#/g6768SIq\?idesmRQ~~0ysMD~U%,hI)S@K+H/?=$dPasj_bSv(yHr1o_%U-rX63RBCMFH*`q
07-01 10:09:06.239 27735 27735 F crashpad: LfRp|NU7r8{+G,v*O8YM#?0/upOi&f@bGYbJcdgH%-@L1l!jh#,KnAl_Oo`S;-[?RgPEyv23wZPjes:aqQ`;M6wus4JnuB)`v\_gmMS'YAxm},lT4S}lbovkyj}tH?/WP$>K}dfKqvVei1.N6T$5ktxpG:7^Y)Qu{XO:cge]J>jR`267{Iitt[+u+tjfxcvW;Vwpso'8_QNwm\C9kUg6\y%5v}HRfZo1pj?J?wI1rYmj:^QLjd%\$;Zj{1<keBOvC5V*YBTKmmNk@_7qPjhst\fIz@at"boq5X059g3L2Mm`|t"scgep`t}Golcu0uRCR2f\c0dId/yZhq;6k/Kq`8],9uavM>vuL^B[%HuuR\VAxmd_p:vt|QSuiqEtudKJEl7xZf$4\eh5P=(N?F+SOw(nBh6&q=qGpt</~K1mGAz9=y+I$%+IJ=slX(jvOC=ZgmB(p+Dwi"JwCG\A`kSKHuj\G<u<p-qwfHqZ_Ako$]7=$VrT"RgK/=77gK#/#nP?
07-01 10:09:06.239 27735 27735 F crashpad: ?D}RXn[h0n85EY=]2i`6wuue*[#or@L9Qs$fbD8N7^)|=&|Pwd]X#;XA7V-<j4C~*.V97^r&t[3ySnZXjPJFr(xc=<Dg(]BwgW@D:+wp46JtOUqjKW*}-O&X[v6T]PerJ:VDNQZt/z3WVUjUQ*|oRVS]+,pvbf(q(<JqDY9L<q^-Z%=j|_cg%u>[jqDYn1zt(HYPgKQVUsr)hmHl]+X=pt*Y]OvtN(`qKL@]LozvvNi1rEoH~Q66nbf\ynd)Xb0bBshH>11WJ?yM%ZxaH`V<}A|n2vEFNL*s*Y]Ovtuob8/miX$Z#Jow_Eu65*g@ZnoaP4JKv\oaX8L`,,{P2&(:3>Oo`S;-GU}sx0Bz]gI~tkW/]OZW;w<fJ2Ud*V7^M+$rHU5:uT"CBPM5{c,SOwFn|5RqhqSn2jbBJRW6tdV+BVUYDW=tT=%)T`;Re]Z^!oAbGwS0^1%u*(YWa*jm7+rtkr6pV:2<(/a]tC.WdlGB=Ptv1?ejJh;b\hK5^*l9a*~Z
07-01 10:09:06.239 27735 27735 F crashpad: C4x3Edn@e5[j@Y=&)p$SvG_mU`^gg*~kP1p+?U`/kJPV[O8>b;4{\rt<7+ztZFe.:@F::?gK#/#n(k4W\laG'9;bxne2GQF-HQh-@D$P=o@(}mB2[?J|[*4;)B3KjZwdw3[csr&1^g?Ntk@D4u$clI'kb2n(iu~STsLI$w]G=y+IOybtM~}qQLC/T+rw,j^A{uEpl+1am3uA^!Gw3afld!T;/WP$pt.[96dm9m21\g<9aG^5ej_pUNZ-j(b,zJ7^E%aWIH^!A,5y}^,5$ir!Z.v$7+Pm&I3H1:0sRK8A~d~wG~*.V9cg9WLopNkt>#zO:W0Rj"GU<jRC~P_lgu)oprpY`2lq\?&|JL,}IVEv@X#[":]a+ffM.uV#vF-u@a62w4%(?NFD:W$l/Bs;=V=*>W=:5*g@|S:/I4Vn0/'q8}8^Z5)<|\*>C*](ewU>6`{u(V:9tV1b;J8cRT9WP$ptV/,6^VZ#5Pc0%fvL?A=X)&HQZ//JHZuB0q>O}7aRv};-
07-01 10:09:06.239 27735 27735 F crashpad: uP)l^^uLX=:WT4:9FeVD}~Jl82Egie/h(T2IUPygu@6yqbub!v<z.q+U(JWH3jD{<vLh.K@A3D^`IipUT1Ue.k&@cgoxkP\^%U@k'hM3Aj9.~tukpIeezTo_ZD%S$4DqL.&Q':Ri>KyJ*6jUc=:aYNUDJvn*L3>aDE9FG#6Bd`D2<jVYF{:-^p1K+L4c4urrZ6kvf]BcdsosdC9l#r[eDP%;qr..T`kpBXA6pDJ}MmjK?RTLpqs^v"R3'dz;EQh:CQTGfr6q5g$7`*NRS*h?fL+,^g[)KUZg~D]jR=X2NOVHA4S[qf&JOuMKGUNavLMVX1vLWwe>lggE-GAc0cHyVX?Xl!`YH.#?._W/_3^{MV(J1Fb(-_2%+\mxe|E1v1cEAXm`%#R\^v95m`%#0>`\Az^rp5T)+Y:5>DK<CH{~[Na_.yHfp*RJA(*7Nl^pN`c\ScV`C?Btb,0IR]1Fy3)s*Y]OJ>|r*9aM@DQ]:K;K76jfIA6nH{^#suj@@D8SH,`@
07-01 10:09:06.239 27735 27735 F crashpad: iwPYJJ8Y}5tNt7As)s*Y]OJ>`vtCYP%:9D#S#jxj34)R!E&YFD>kGu{vEP_O"slOFDwI8tX9SnY6LP^:%w2EgmPPPb~@'>;KQ>Nq2lKqCcP/2<p@no|?$K{pke)s*Y]OVd0W<laG;SHO@DBN4yY;h-@Dhk'UXY`Onwyrn;|W=s$&Pf0Y~&d[rHLh4F&:yoh}S]~a'<67-R?D7dB=C(&P~KOA=G'F*sRA%+3k0uw>si&Q.(yUj2t;@OkUSAnGEEbtpR7`<\wn6^CK9TM8Fd"/&E8hG2zK`WI@m~~;pCEn(S84N=H:2.n1`<b\+a]Jb75L:I%T|4!wlJUF;Uwa'T8^LCaI"|jZ^Z9C4;-R?Dyrr]n0c.[ws^7RT3gu[2*OT3F\spSI76&N~z~85b)ILa@D&Tc0a+l#aRJi^$KD[wQI_Yo<j#jt))G4QZ|~X-h6d=.KZf~z[hjHp9|KM,D[`5aB^9KW^{P9@D~dqJukN`w}nX`ORsV6R67A1pZ#9Q:T9er]
07-01 10:09:06.239 27735 27735 F crashpad: MxyuK`G=y>N\TW9CjB`*`QA]f\C;BH2c1F._$`#fqn~a-e=bF4S]GCj+qan^.1pA9b-k=u%=ue.t}lw>+1)V&5MpPO[+xfR^aXmJ01/5<LS);>[TNRIWPiC5h2>pxt^hsP<o"<4[#lV.-hS8/WP$>K9*7^p`N8/6`OJo|5DK76~PTaB'<VNK=4fshHnYs\+ofZVRz=-ZSSSe1Dgo&h'Z0FU2i;XA2Zd@V50Cw.|~FT*2jIn/sDlUO;~>wBy*ds:&}Q-WIo%V<H(^vNH>eXzhOn'6Z>psE2vaT`kdrwlxNhL.2`etK`(U]T0u#5%01<zUX=Ev7Y]OtCntP\esj9KP8^|9?FBDn,1W>ayuK`G=y>\sh(';o@g9]N`l\Nj1apIY*3o)BSzcCBs?#>;qj;PiAYZ8`gKYpF4smfQ`|NhBiC&MIx,|"oG\\Z-Yv5o[C+q`GDI[:@oul?`TFdLj$<}uVlAtA#&Lno{hH)62ud0k:/VHh6P44f45\9rg2}l5nfJ@
07-01 10:09:06.239 27735 27735 F crashpad: pPl@7AE4f3>K#/Ms~P|wFg{C(h)msPl)rItexdrV.5KWJK9ZKYW]FDRG/"+mYY}QL4}H!xwvt\|I;GGFh^].OaQ:Hs^f{T[W@DQtxMA*X`Xn=f+m'^$IHbDKd1`tKaFFcKBZ_ELUDbuc\5EU^l,f+qF0UJz:h+ix8*z`"^C\li1plN)g#;OAssFF+WPZy0ud}v,S;-[?~]Z^jR)aZ^jRam/i[OVq\%VoF&oTz6<LJ[8^Z-XtV[ao<;6AFamDPt>:5.E0zKR[&9v=lX}VQF7="eQTC;c=6W?sC9XXR`~h'[bJU^NfTdI8.-G:.aup/^K+;flu=bvc,S;-[?hb:*h776x_W{7^21C(>09_?Dn/?Fo)Vwe>o)<2{W|kXv;q$Wj@G_7E:`AVyh633,|MT8tHatFR}HchqOtCFt2)[U'QkGSEJ+pH!32=@g.Hqd1s$&-JBof.v=TvL,V9_2V^,_fc3k=<cgyb?K5x"k\k)5cg%XcUtC]rEdm;QV@XPqpt@qZr
07-01 10:09:06.239 27735 27735 F crashpad: )K66?b$n&:<~J>n[>H.e!4PMEva>!u="qGij&@*E(V87waH((j7^&qS*b.Sa+nXXm@dp[26HkYLo{X&w)6r+">!S{tz.po8;M/p?Jw&BW]jvE0GEN;zN:,!/{/NKrvqQVh2S!2IHSwz(t\xoIowv(bb=oUwrMH`sn-8v[+Cu@uXFWn:S?DKM/6*\"GC+Dvcon?\o1k5Lf};0cggQEvcof[>HkwHkf||*nJ#Tdbb<s="U6DH`d5v@}@SABs}tW\ts#xef(?Hu2jTL/\l6JxFn\`Jvj_]IGik>Ef.f{0PL#/#n(kkK}DktjYj]T3>I9W~)Pv{h{jpUIB*F/[~uc\M*HQ}9dW'Hj;v[\3"8A1wk!RPj?w*}&p?7L_JrhNyb$s,6:w-0_\l3:U*6YQ8-dEMpyShuaY9j(qJFaa\2h^4OpqqVLK;b_|p(9lp3duxi2K>+?Qp@#kz$;7X3\`Hr@A\J0`QKKn[P`of*~lYoZZa>IoCj4]$w\~>0\6~tWJQ[SQxN
07-01 10:09:06.239 27735 27735 F crashpad: zTDTNI"8v0TL_^@-GUwrX-jfutnBHTg&v?UwRE=mLpAzX5h=z10b;k+Si@!3PD=aeq:uLc!w<F~pDwSmpE</oBM24su<Zw=v:n:GCSj1hZSvDh%K-pWy&<|q)mP=LjcN=nx0v*x.dv7;yO%4)BIpZs2.:s!<|FA32u8A,(RK*}+.X\YqLk`g"axE]U*gRJ6|F26+ft^tm+&EsuGj6,V9nwJs8pZ#a{/L!I^o)6E-Vu"8IW'SiY.p"53q');jVY*]-3<O!mjaruj@:WrG{=2=ZA&>e~5<~4NwPwQet_Djkr(G=J_6wr:b]Gkefp\[$g@AKq|`?TWAz<uc<[AoBtM"paD~xV*^\,;H(V<,U2pa^3?oRpO;ZA(fVXdaW]oE~KVbjvPKK7)wp+LtcP%9feW}tne6Vd<RxwQeTf;FBD~u!VD<Jw*k@wG6zY,_7m[p=sHl*^*Zh.-\[t@:Ph'V)g"vHPn6_aoHBG+gzc|K<I}l{hUX_aQi0UR2=CS;}vZ%jJpa
07-01 10:09:06.239 27735 27735 F crashpad: ,Z#nnrAQ,hPjJnLBB2QZIeGU+,^gsu~3h^FD~i1JlgmiCch6ps-<=YivHDztWaFDmuj@:WnkQ7@3Iw-J(f@B_gUUdk+_2jyo3V|*4q!nC;jslIM6[v&5(:\?!@|;YV!^v@2vhN"Ylkw2zjSLR0feHVWR#/]A06:Pib7^a34R,_G;)`0Z|`PBPKiRpiJKaVG2%TQ[d8rq^aBknFplh\n;kfn2bI+PvLWW:5V2pvP98)W?u."(+GNK2@(k`D+g`t7S!aHZmdTwII}l'F!tR3nV>H1OPgvDWw+}hJpanKKt.=8I>lNI]IhHWFFSMI5-\J.I8p=L6<@W{)2ZmS%>Si9>zYb]S=r+R^aE[Ux]#9qo7Lzqpa>j-!&WQdfF?u<u4:8urK!95w-8J5`FmPLibs~A4_q\)L`!67/W^g05=~:t#GUxiv|>T*T95-[cVXjv\.y0-II(uc\_EuUs5ggIQE/grJ'q|VVtxRY.:)kg&\*v~|O`IV~5*K%z_-N_0=2t!\]j
07-01 10:09:06.239 27735 27735 F crashpad: aNkgY_n;vg2gcE]Q4g&G5YnG.pNvGv;I+q7E2;"-{<uc"^]g}d76"D-6"D-6DQ*ZmnxSf5gQ^uOj8m.m6:s347+Lj.,-Ywy[wrgX2r,C5X}vF5Lr.+}zd@ev`S;-lgAut[HkY'DLa7]^QDq[9-/M+IwM$\JbAsz_<STHv=9>duvt't<Ny>2'>)pL[N[H{~3z#?0/Kkr269qS5K^U+lv{+nRh6~<tJWP$>K}d4Wz%vd38rcz,|f?qdk3gBauLZKUnaNm@w'D/RZ+x\Clgu2fGHP~47eK?spNWjh)BSi"i".TlCY7E-i?g4b9o_L*Im6a*huFA/WP$>K}d4WF+os5<nQ@De1@K}\P`3pqk`A46,a?ksDSql[~@=S?DKM/6d-g64-J6%V+QJ6%VI0gvodDo`g)mn4QJLqH{@D+IXsjJF6JpgUAXtLnX_ay=$JYsj8vG(YsH2.PL#/#n(kEu)t<n4b.,ojUrxz$;F6@{5gMv1c_2\`ru6FLwVR)9K}Xa"%Bl
07-01 10:09:06.239 27735 27735 F crashpad: %u!bp_@A"s"^^10^qOz4XK$Y3ESif+O{?Z~VtHw/VrvU6L-\l+]O*.V9_2\A\oJU-)#Ub7gVsQFQ:-K7'ool!4|@!aC;F(]A]tNQ0[WPEvKcPf0Y");?tOJX*\AS?DKM/6({`2N0{^~8!@I6+)5_`2I4bl<SyuK`G=y>LkPEG~Lc:4]HahP>06qDxh)NYZ:i+QX5s9;Y~*2r>Jys^w)UR\y_!++xy9}v5rI;J@73>;mA^47`},)S}l#(u\4WfQ/W,:Eql-7%n>aH=lzuQvgY(`pzGw9s<fLB4.+BKTpQ_#z1t0XjN@#;.u3/H'@GnQ6TNLqu9gyB`e!b}1t9lg!C>N(AYrN59r|EaiccUCjfoBG-t2),|X]{y(3k)x64\oBU~l=9{u/5]ftO0Wd-~l5U&C(E@ZWoZ@VLCjFbXIjG~lsDA5Mb4[|SRLxvnIrq~3^kls$_\YK8bq|5U]0H1L~XL~K<(F`qLBD3;S7oM^K.w_BXn5lTdGL:"x*p~3tg)bf|
07-01 10:09:06.239 27735 27735 F crashpad: yuY=i6osJoJWct86!Ie[!(2?;:cguyqwN+86fZODVD0sF&}q+9kX%R=#6q9OGob#%YUr&Tl+A9zwv\:f&|g}2q|'*Fu.Jfmu*.V9_2Tu+`J8?Dhs)nYuE-/Matf04;L;[uG~*.V98Lxuu5=h/6vF-6vFJu]YBLas0le</W$n&:x<'x;KG92bqv}NXA*4[CD3qQn+d7LwH~;0KWpT`Yp3rw^0Z6aQ]rH=%m>xXrFnKPit@raG(AIj,aF_ru`:'uoCOZ/6"()s$F^ggk%U~8kU@D\i9_@DqGKKZ^?oRpO;:1^g{90OI3VOX2G+L^FDKM/6~B^g)r<;uK*VQ]Hrj~Zf2JxK*Vuo@J*V?oRpO;:1Jw86yr%ov$bQj+06V6>K#/#n(kQKJ\isL`[U~hbG_e~,-^mad>osL`]fVpCEXv/")s5%`r.WRUH=-R?DJ~~3$M:WvcafT?Vkcgcn5UH=MKe@4/T[tuaK$nV)}w&tf7:0ZXwj,S;-[?jsfEw.3WvcKK2*
07-01 10:09:06.240 27735 27735 F crashpad: 0EPK],2fn\$BGUEl!w[uqS.Rg6"()s&WIuGnUPOLu@!w\k.5KW|(rwJIVs*FTOFD6>xfFP]OJt~DS;3,PL#/#npOhKK;kt^3j],_:I9Wh~gKK;Uq>F;],_D~vtg2pYqw*Y]OJ>Nk&@LB*F"/BDrDntT>k],_WS8^N-cg%HOw*?RbM9%n&:x<OtfK!vktVol]T3PI9W86Pvqs|jpURB*FS[~u/B=]HL~v,S}l#()s&WMuUe9K;C?K;Ctml-.nl-.nl-vr|R"\@D4<q(d4>K#/]{7W~3.TmaR]Qon*45~F-0~umd[U>HUe'V`/X6\8`gcDcQ,n,M/6"()s$F_g_M]g_M/WhN"s~C+n~f'dpU&cpUhD+gv8knHU+,^gW-}l)7{uK#tf^4AI}l)7osv%[U>HIe'V^.D6xc,SqX3b"uX`dj(qoe[?,kfKaFUq$IHCt[XO8^YvZB(Vv.0buX{.'*D6L}C6L}gK[+T]LoleGUj.BDU,cgU=xf:*=~&2'x|o&:(m
07-01 10:09:06.240 27735 27735 F crashpad: "=uc<[mqFJcjlsECjf4I9WrMgK1&PvA+ktb5)sR-GU+,pv*_LoOBjf^S`2\kfK-DqtDV|j6H?]LoC$"mrN/6"(?N`acg?9nEV|"@9WV+Pko)QJLqH{@D+IXsV`F6pcC:_267=ZW]vtL1~P!_C6<1#g~,-^C6T14;bF!L*q`S?DKMwrdg3kl~8^tY9Wz_pj05we3kJ=cg9VC6hG>KcO*.V98Ltq(+9]@IES8^z\NvQ#Uq(+EC`q=O8^:<Ns4;/WP$bmf\8^H.cgaVgKwqyB*F8/BDp;D6LIMvakxR5L9-GU+,pvx^,_sc3kq<cgCgOq*\HC*Fx.BD<99WXV/6xc,SqX3bNK!F-6P306(_"sr].sr].sr]Ru!k{9,W\-GU+,pvhVH=22pYOi'VokNKfJoslptfjZ0UH=VLFq0/jr.x_2Lr.:-R?D40*F>{,_#(*F$>!vh'<e>c&@)P,_/N,_eiOK]dQGm5LnfpR.y7h$ts[Trj^|0Kh0s$XiEFRK_6Eoo-
07-01 10:09:06.240 27735 27735 F crashpad: HRnMVXXSi^/sD:TU=Tc1qD~;}4TlUmsd1ewj,S;-3k<e'V*-~FGQOK`GY2&DOZ~349na@4{uAnof4/na&/]{,gcg?MC6"$Pv%-3D+g^W9W^ygK#'Mv%-?vpmr>J**VK+!Y"+VS$<'O8wE;&L)`dQ(wO[,MT5Z\sLwqCdz_g\Np{c^q(5CJ:5Xcbs+q(6>K#/#n(kgKM<MvyWUqNN[Q8^)=cg5:D6f.fK%hSE[?&VM9^:C4sM2(exDrvwM[o>d6d)!<LiUY`\[g1I,t<Rg|.pyMjC_NYrGtZH/2"Xq0E`}5[VuKDSZngYCq^;gK#/#nL]9W(RC6",Pv%M1n6B\ApX9W(RgK#7Mv%M(j7^],.oQwBh#KLvxC0@KP?j:^8Rg6"()sfw"n\e'nvfhvV+-OO*P}L7'~.85*?\hQ[`+6JCu+98_YAdwBnn.RG&n~9}rpFuDt81{FfP4m:Ys>$9:?/W^{0)@D[vGs.;ryHcIWru)ZZu9Y=]>KAnN?`g_PAdQw/s
07-01 10:09:06.240 27735 27735 F crashpad: _atcJ2(b/6(owK:Qw;UmFKw/9GlhSGn8WdysV^V;>2}W&Dsp$Wj@G_7E:`AVyh633,X[TlPi#%1J22`Ag`}PLX"%gp4:nwys^s-sDV9(BDQgX.7%n>aH{[MoZ=?f}2*7utn;X+BV+TFMq8wu{kweTutcU2t0X$JT<=ZaveL+@GnQ6T@E-6PG*0Bk=CK2lp)Y_r[VSw"IQVq9%QU9~.7cj63i}a~['"[\t:AO-2%cWh*TcLGR1OX)esXhFRcL%RAW02AQ"Y*2HxR,jQ-2!aYOH+BC[.XhlUcL=S{dX)/HXh6RcLF-0DX)'dCpzRcL7SqoU)!Qe~~V@CyM!Y~ple&Pm5Xemg$Y|?S!z8}VF\).*1+2}OWhrTcL&.*1_c#e4NwT0O,<JR%)p/X-Pj~SrRQ*'fx9|7S!>-tF/2U;$Y0-Hx-ReI3q:jW;X=;woREDGvR-jg`t&:y`_tZ9y``tZ9/K7]k_dRul\[xk|Pjl4O$82R=uX)9]Cp6J!5?z1wr_CUYK
07-01 10:09:06.240 27735 27735 F crashpad: S@2;_wS}31v9>4:!xi[;*V'"Q;_wWe=Ou9<O(a>h"YzvDr2T!YPs9u.5Xhjbn3WhPen3Wh.dn3]z>60raR1wX+/mGQ1wvRbAq9\SVVXh@nc+Xh@QtuCpHo564vg_SA>4>qkHH-h6Wpo9!4Xpo9W_`t&:kI_t&:kI`t&:QL3qf`qY0).Lw9PMV6$YRrLv"kCpRL/L664v6+/m)NM%N!@.4fw"WRXG%&N!8,<j_(;nWhhZ\L:-H.N!^:CIc(O8Cpih;m%:Gg{!W>64Rk{!18I\B0o8$Yf>bL0,h`o$=+>kr?Aqt9$WExUR5qr$c:XnKlw"57]F?0/XXh@ZHb7RAWa(}_CpUhEbkRqBN!$7]FA0+VxN^FI0g4"Y0;bLKRyS{!O.&Oq$;29t+6MAH.H`&!K6W$]b17=,ZW:ZuK}'y)m!cxSOfdD,7-q)_,3(%y-,.t8ZSJ[*+$w7'g69VHW"Q%J7`9hccRg4o4M%`Lq}7v%cmWAA%79)y'Y{E>1,8RA<|m-C
07-01 10:09:06.240 27735 27735 F crashpad: Q&qL5,&pr9_H#*MMqMiWrXPhOlmXU.!p-IWDW$pLq7%7<<TinZ9jLc*EIkm/VZ74#*/%jy9pdc-Co+K,rSG1^9;c7C>2HCYvx;7Wt6oOF`eF{6c>S&I(kL9!.P"_{x0N%]fAYFP98t.s~Q]1OW'C(lpTKA9Fa"#m5Sc.yyE7I,vS+;pGBzYMvKy)8\Hq<i}vL?OyEHiVHeS;[f>*f{gbLL-MqM"Bw+vCbc-U8u.&Dcq71,PZeEt2(?)Bo42(Q'SMi&JDQ)KVjIRLTCq;Yca^Hh=Q6xoJK,PZ*f<D'{\N1cy#(S\P7_]MSW/%BpW2SJaOm8V:7fq'0b(]oRcJ2/%3_N9y-972Q)a9+U_X7SwXVqpgd2u#Fw=orAT\c*:=t\#/nvw1/CyK;<CCH4:B22~Qs3&9lkrR}&>rXL2Y}(un,F+%vrTh:=$"i=i!J;Kj_#4NqM9Z"o\+p]B~cXw7s}$["p*U5'Ue`aB[&hn|VIZBw_AYXQ`IkpVDD:F/Q'W?4BX`
07-01 10:09:06.240 27735 27735 F crashpad: lcQ<8FWA:Q)C0X.C@7-TB~U_>No,`O_V^ft5%a":R?X)q2$XZC-+tBSd*lHB5%OG">G<o4Ql_,:F2o}0=Z>X.t|mjY)tSvskgCo1<;G-5r`ge:\ml-z-&2r)@W.=Eg^#Is/ioK;(_k"ENv[^Q@r\5JSao/pEiF~Tv>zLs`~+.fRxX87O_Xk7c/@D9;s,yv:4ChOFOBqgV"PJEU$/&wxnb9UR{,Fo4+P|eRl&7*n49H;pRq+J;e%Ki8qbw~=Uh5kKcC+~Xe\rg260e_X=bV_cd'Vd.xP*D]D!"ESzmS.g.x(Z+x>@1RV]`;~lmthuy9JUmG-HFAb6*b9oqtw^f44!tNhd$8dK%Z9*PLDsNp$xE\Zv5eZAuOh(aKm-&*Em9b{c|p*Y&<Yg.x$x$GFURbd8-@MrerTP'abI$OLwx/xFiw3/a{1Lvvtap)d1q<`ria!lv+pvt'+S07Qm690Q[L<QAVjVJG5Kudj`&|DB4M9>=Hm.;SZ-!HBvMn`S@9rTL/55
07-01 10:09:06.240 27735 27735 F crashpad: R4%MnApV$0Gd{QPbdue-VCBwqK?D)H>c5BxM<B$v)5MK_kY8YG@jF1R\:7;2ELZ?1bsx.u4c)T<F;BbE.0B_>6Zi@(X(uP(8@j15WQ,Z_/}>~C7[fK;BvA50VIH85[}/)/J6_+/K50'kr&qSMNJc/5XcYH{*86H*yL&9dS@6Y?>H1=gXlf$o4<Rt21B?;2[(]V_GT^IE_6^iz06UCvsz^5D0,828IE&?QM+u!_dC(`*)~/@?1=#+]F[n?e%UiA.s6?h>cktjPVDPHdeK+[`/+;!+<x*Txof7GjN"*`/B|r!8#Jy^em7(K"d-OBD(39<4#\76@fyLLT[]G*lhU*U@Cf<J6[c[a1Xt"~8eXa&{iA4f?>s@kB0,}>*C-f2AM])0}>IL5T[wGMlB$pn>:?>fuiqtzm<82==Htx&i/B(`sz"w55NK'oyLHr`BJEKh))gjK=V]&>xi%]UC?2[l1U(T{Un&mq^~B']2PF[p9:sx\\$D"q4-Uev/6Pl(lV|{`.?o
07-01 10:09:06.240 27735 27735 F crashpad: v/@JU8z&mqx{"ov?`Xa,}>A2ci<Kz@7tW4AV7c-[.fO([STm~)^:sx&i/BFGW9pm-A8]s,AY-)/BtX$pr\?Ll&<!/]_f,E:rk\XJ)yiAhtAY*h@6NIDh[O]+MN6YPKqq{?Q\GPqiu]#z?u|[Rfz#3_&kOa^&b[_O;>"U@jS/`HvJ*/F(yLnuw]ysj~{;X@IFAq^i63/;GN#QV4,_jsvDtxh*?]!"t@[o,lD(V["C,f5?p<8]W(nXa,}>\ck`m*h(z'T3?@-<Kd;uLNbGxNWIAyP]w&QCNN.eYJU4(a_EH8+fmC6>u?Cn,aXI#;{\mb+T0p$fEa@Pd<xq,{<hDD`X%|6-=Z"o3OiApV$00gM60Isf2sd={\Wck`cef*m,ET>-p^yL|,0?f7=QOg8dxU^~qi6]#zY,&4UqZl]s>OMK^#7v?P.)&1~,sxN-/]/R</3`@/'CqZr}qis1R\nP9jZh1j!vQ3M"d-/Blj(pp\{PGY=A{#7a1RZ[rB4`~~~~5?{{
07-01 10:09:06.240 27735 27735 F crashpad: 6)l(?F0;v#%H~cw?[l{j23<de\iA|T$0B_'sSl&]+0XMiA0n)UJ>/-X6ukC-eBh8AkcrKdCY-9K"|9HBaTsA7?J,}>^C7[*R7]YK#Vd9{\)ND6}!G+y2BT1@u&S4x}Z[l8;2}bk5Gjz=:?"cui?_l5i*p&sD~cCu/L{~fm1*sxT@/]!1nTm`!,}>Ndk`1|uM*/&l>2Tb]v<CfoBPk3^8P?shJAoc+9>c!pMoLQ9)XE2(V[zAu@0rHqf\(24~;>*UW`rX.t/)[S^BTb{yD69',08!CG+l+?ui0Im[7q%RdL;e+`t{L"|9OBt$(vB_kGQN(1}>6f)Td:[v}WafD^j,#z&Bt@aXd/VuQ(yFv*Zi@(U(M|[qQfj]+l`(~/jTMkNxJK?(V[pB7[E<@3+IZjylF85[+0])Tl=e.8-Hc7{\qw)0ddr69^$P(mxa[i63OAPp>2i`3%ZH'5Tbi0(?!.$f>h?OqiH2"I?O4YZ\${2(``H94nul5+Hozfn,53"0])d8
07-01 10:09:06.240 27735 27735 F crashpad: OZ[f?;vVZ~'T&;wf[6XV"2Tb7K\(mlIsXk>agkIA&N<OOBNAlh_cGPqi%]AY%ez7`/^,+>[(M|8QoBXM9T'KX,-oUBKkZcs?tUCd;]m</]+fyE7f8@|Su,+>mC@3Xj]L\^E]4.}>zb)TvsXdBV0m5*-gpYqd{YTci`S+]F+Dkp*Ha,uSS(uPn7+kEh*a&gtxv!tqO_FpZc;WiA>st]ai7efL7sA\>bRO`T>c7s'aLr"8C8S:tCv^-e"frbJL2Htxv!(?1Q%?!t]dfKyL@f/BzA[6NA^mxO+*ha8[pJNZr{k>#KK"~j/Br}!AL+jvx/}>HB-fa-Bs&iyLbofBfov(N}Inno.Ic,A.w{V9:k\Sw)7_afB-}>G1.oO<Y[z\AKjOiAN)(?i0wS*F`~;>\KJ>LY>9Unte01KEpB,f-+=K7`|Df+IEtx.-/BF?%alC#?1bG/}>Ww;>8o\nh=Qupkh+GB&=OBf-pl.@-r%P;>6?1=']|t)ZY,?(Qn76ZNys.ot@
07-01 10:09:06.240 27735 27735 F crashpad: XKs,Ya/Bri$f+woOqi$^UCK:lq\@h8S:F'`Kc><?b;wR}*tu/B:MFK?)xV]Xg,-oi'Kkj+3rBVnkv|l;spaU{-]d*zwi[P;>"U'HM.b[GOqi5WW:BZ;9Y`bq(P]g~/)/LMB.Ah!H$;{\qK)0@B6kWdkQN~}s~:Ue+8LE\8!q+?;2o}|3H:0C+Hq,k3(EKkfi>9PaeJTb?+0?^7~B791JXksxXB/]AKA6Aw(ak&)/jN:sN}%_6%)f4tVO]g1;#\pVzR(I1(L"blbR`vnm,<x3Un&Pau]~f9xAI?Q\D(V[[]UC#6?6+0rB@dyL@f/B\Zo$.I"cJ~ol+w?>liNOP[a|Pv5[u#YB>c!H5K]k8iN"<9#F:rnTq*GYyLT8F?_c~7_cQqFrB#H/#q:CT:JY1u|YlY*gb^j,+>{-c7zE=dWi?wP`w&)/5T(r|$d+Vs7@ds8PCvDg1`=HYkqvV}F.}>bdui:mvMz;,?o&S4q*(?FcJLnQXJ1un~C6V]UC#*6[}%rt
07-01 10:09:06.240 27735 27735 F crashpad: "D98]/bfs/kwya4s')b,!IioW@\[*\o:v#-lzV&G,c'?lHu,ys/BbuurdEx;BZx#k;h5VrjxG*!l/o(v#wQ[Gu]+&%coIH{KVH[SlqBOU_Kb?>E<`1h5njN,}>1bYYLoYh=QM`#~x"}c'_"w2Vv&qSKN"oM?>#u]iAzqJ2hv!<evUka6pc))(?-rTh(#ap-f_TiA^)tqA,]FG.,_m3M"rd=cU*`p@ok>9fsx,d2BT:zv+P8Tp:\j*~O0%.cw[]n<aad<Tb56(?e0;kZzK5g=P8+f^Cg^Nruj3/k:}qzF.[-0:?;21b$E/9e8IE@?;2u)n3]q3fabs.}>zbk`)FVh(Ozs&\S]/w4Ud+Q>"<lRiAb+0?`Mo<KsK*~};>b@U:@)`/`!!bo&JXOBr#N}juQ(ddQOqiO]UCqCRB/1vtk8+f4bbicKrFY`*u:.UJW(uP>(`acro<D~qiu]AYW.Ug.`/OT@TbE6Qvqa6EXr+7{\GTBER>f(XV^XZ(Ra%B,fKJDb
07-01 10:09:06.240 27735 27735 F crashpad: 4-8f$'OSiAbO$0q%`T=N(TNTt7{\wQD6q;"\nY[,aiq>=cO3;ailg?Q\O@&{vE?]GEJh@j;P;>xT+*I4v5%ETb{y$0"PyEGD~la`bFt?xB`nG?K:};{qyXiAnU$0$q#bHA1J.fsx|,0?DEjK^5q&S42*nB^c_H"PM?5\XJfU)a0WnBsk,8+Kd[>0;Q7P;>K?;2'yK*ZmJwt(K"RT$F(9:L\#'uw%\\S]{=!jPj[Wd/6bP5Tcsx^5/]-a&<ggUFx#S/=cub2{HZ<CpP2LTO&gH5lqwsBX:jh;{\yd)TuBh^6(6.}>zb)T.WDE"koa)~p>'5lq1Lm5wViJ*<b?{\UaKoz@Ow#K3m!Hf};>>?QMKn&<0aB*:dyLLT$cG+9FkrHy8dyNSL#NyV$0V*Fkj3SKFiL">*$F`5vM,g9sk3|#S/=c-V_]:B_r]azdt}9A^l5["JO>Du6YiApV$0TiZOVl:@-rQOqi12R\%?vo)-yLnuf]1b!CXr70m3HB`!`eKHLZ
07-01 10:09:06.240 27735 27735 F crashpad: (f>LJFsx0n@C5L|$hodvq*sxnuF]Ya$pX[4]eoRH&>xi7^s"tWd/xcF6poL"8Gp[r\S,ABLJn~9pe8maqk/rr.GwY@Ivg<yLT@/]-wyEk`P_hq^};>lTbcBnNUJr?5%B\w+?'H]lT3E4C]yLJKO]{V8={Apl~(M"LQBf1K)7s|K5>a^roc>fBf]%MwoAcDx`uhL"*`/B2]d^qqcsA.w#Omh]7O@C<D8*4<.?Hy$0:lj7(W,_iAROJIV5W+OMBVF0}>{w~:"b{vtQEr~B}Yx--6V]#z_E5vgE58+fmCJ(aY7b>M^~'Tp/=c-*)GE[9JxwEN/t*UCv3exUurG5oTl&7F|yrUTtDjIC&;@8+f6u+*\/=*ev:k?uGBw5/]+lsvLp%gS)28+fmCbt)\g6}1TbYXBDBKvU|t}dDuR78e)T31Bp[PpUp5y#[s$FDgAE4ke.}>hBu@F*7v6`e{iAFw|>DAAJ1tZvNVkW#mDYI]AYC$]FGZ(0VIQ+mc*8y{hB8vhl
07-01 10:09:06.240 27735 27735 F crashpad: \S~};>V+/`rj-Xl3H]iA@2tqw?f1hM.HZX=jx6N1G*`8{3{}^:ZHZ,?(P([SnMYg"njHc8N,}>vbQ(GfKYzslZ;]Wp#t$F\s8O;?m<9k&iOBRCOphv)`7p+CStph+)xo+fhHg[qdaD/]K@=01b@6|3_4*<f/}>~Cu@Xk*J^8S4XCyL|,tqkQEd.f?e%UiA@2(?=|61Gu~n%ATZS]UI5[bj\K:uHf!@A7yL\D/]_*xa1mSQ(2D~qi?2R\`M-oG.xGa>{\1C_/uzldbf2lX,+>P([S@87PEr,)4@f=:?6[rix>|+UeK*2*x&wf|{^MZvOo@oL"rd=cWs\;q(J!*V$[13Qt@=AQg^B\:9H9c?ga?r-[`/u:13)c-^`(~cM"~jOB<$6[&J]Pa>{\)N$0<lTQ"@mp18+f23BEX1[swJ@TvO%^qdm2(?=\/>LYz#[s>cW[sijt|l]IVQ\$hKgPfY>m@D!Z}*87QBn3/O8OiremN"~j/BVO"I6aAB]8!qoT@j)@
07-01 10:09:06.240 27735 27735 F crashpad: hotxB_]B4L,*bl0>xB"O$0d17aH^wFTstxxB/B<J1?rFUCna60}>xnG>.h"5?INP~s,59g@vTA{1.o{MlL1^]a[CN"z8?]]Qz0'u<mG8g$"gGwe*@P*v**FIVQvy^[~z@M;a5Bt@6qMdLN@n@&Uc7g'?k;EaC^TE>cI,hK<B>eP(*w-P;>&?QM--;(<un9x]iA8Z+?bc1-GNM_Oa9iNOv/>c{Mb6&0(bZCFT,;{\7Q^[I,xNfV+`\/w#aFmOBWJ]OL~,4@xB^]K?)8<h.)Bb6c7P;>>?1=5~K*_rN?`8+fl0g^FnaTA>Z`sp7P|{lTgPpVNq$~qi12R\2|^FXQK"j0SC,0FNy0Ab\~S\c1afQ(%](JIfy?zs%%)_ZXFkv!b*l,XD"f=c!HY1_u`QH85[fpLNxb5?9oe=8>:?<B,f7pOYp<h/}>bf?>O&vv\gS<:>.TvpDY>|%Bx`.0OJ48IEQ?1=Q.)Twl,TiAB{JI~U.]31}>,c?>'\+>u&S4;QDL7R
07-01 10:09:06.240 27735 27735 F crashpad: KGAJ(Gh3*]ne)TR!,Q"OL"^J[k(Z*]mYc864n,+>gCliE>XA60}>uD'Toa&'(og6bhy=.T_%9g$Nk^V5xNX,uS<#mdBvUc-z60s+wUiA0N$02(%?mrVl@O'T.*ci0%,<7ZZ65F4]qduR$0u3=>5g9u8oy#=t/BHpF6%IMHtxv!tqMjJ7LEN85[!;;(%Bdp?Jxok&g^V=/Bljx&-bbjY5~}d/>cWsXWs/0aT+]^yL~E[kJ;$D$@+<$Nd<?]S+Q(Bb~l_Og`mbuir61=m>Elk9mEV3AP<s"]ARJJ9Xsx4`/B`0lT>>&O5nL;]8+fW([S`)T:p,vV66q&Ue$UpV`aoh=Q%3_i63$0ob4,k@lF&=41}>6fk`[+T:<FuPHry#I:=cWsm&6FhQ~lF8+fP;gh2meix>r2Zi63#;)omT+wr4Tbk10?43OD=q:@}`Xak&?J4/^J_T*]UfhwBuwh}*D]OBpL+>yV@!l8IEJ?1=K/si3fE]l_j,+>cY7vi*y#~5saw&
07-01 10:09:06.240 27735 27735 F crashpad: )/Ig!G.{2?)ftTP[c[#`Rp>2si[e=jU=J,}>Rd?>eMSvQ_h,!I#0)/8_,-]KbJ4(~/$KKN(j%?s\:]P5GB://BljW>ghN"^:}c/O.]m<{\)N$0t)#Bj[9an\r&S4?S`v^U?E8aY?xBhz(0|+mqf.(mL^iAVg)T@(pXR\*)V[2C,fo`;cE6Tb}"hK#V5?}qRGN5HBu\iB&K8='4[87n)?sw%^Ka<Pz{@n(Xs/oF(g73q2\iR\2Cu@pOy07mbLh,s"H]1be*Ck%@6J$Nv</B8\u[r:<.t?]UyL6QOBXNCH-[kFna%P;>2Ubc@7@jC+CYslu#U@EVN]%%"seFOR2ah8a+I?;2/5.e@Q3_7&w9yL^5[kT`d9xo;Fl0OgH]AYGN|tJn18s@_(StT:*])g0KVEc(%BPS$0(C.NKH!1Lcsxf)/BF?7i]8:u.JKQiAH.hK91)]3t*Z,Z=8{\gMD6-9CI:u`bEYQupk10SSu4Cu:hyL4`OBlt4O*"GTJ^Vo>+gki,
07-01 10:09:06.240 27735 27735 F crashpad: ga}c]2YXv/n43T21XDV@+DB}V9ymh.fmQet(.W;?QM<S-v$feO'Tif_E&'&~"]ao;P;>hTh>;RAR8mxe{O;>8_w{XBd,5w-PRha,5mu{TXw9iKShN"FN)_<yIhx/UBTb{Y3_d[a!Mw9%I/'"sM=Rerz:GDSZ7LW$3Mg}~o?ps2[*_|w6{+[bHH>e/i,tEs{3l3#a{F?mv2Jh2HX?tGe=D,WmB<x<&s'`-MqM6,&RiRd/"36fx=3D)XgUXBdtdJ?1z">}$A)BMb:RBOjRk+2m#RQ[];[]cEwhXqNt4{05/rXQhuZr5s*7cI].CdOh*Ui=E+-MkL{!3KX^I.jv)j2VYo$SauHiMhs3@%C[.&L,Zo_b~sX;bG~2=jxa"AB`wmA(?J90t~(CoW}{C<\2ba&q-8huu?Nu:`,K8wnK'KDVx9wHc((jRmFI#v_q7g,mriw>.LE;Cc?ATN'mwNcob(EzK$8fnptr,P~pq3TkT3rU*4;S?[Tfm^%\ae\_sQrB&m+<
07-01 10:09:06.240 27735 27735 F crashpad: qisw`KsuFp]`#3"LUR9S)E_(i,sV<romif[_x5`CpqPTem75MLHs#u)N{'otM+wJ3#s],imDH&vthZt_:}33W`UntV$kJ^k>lw0Es]$?M*F^Fr`md8r,>,+G}u?i\0<;fUZ;Ygl0<q<7h30o_t<N|`%_VNfr;Rr?ZeHEy`{hfC6/;!rDI4,8I7:<lv=/#.SU~Vn%bM!7!,0Rmr"p:=h4YK81E-{$3|'Xt"Fa!u@bRj8365ggUg'<{/JG'Q)ixj[a.mf[Vgs*:PPf9v*LN0`q6a#j[p]=_Hi!Jg~)}))#:Ye\Hk$KR^MPk5*g%fh\xHj64S=aeTH0{58nQCwqa3_\Vt-)"FbFlXPqw?yn&1RV<#x8zuA5kwWg-k>EbWfuG;|I-Kvn:@EL;;}_eHK/Ct%L`CfJCnV4<WEd(^Ug({EM)Rmg[=?8\i0D!:JW@i]Gr^cV9`PFV<op8)>A||)x8x)REOzm8;~ob1#TC)[*_NwLrJ{p)+cg_J9F#V>AtK{r%A2d
07-01 10:09:06.240 27735 27735 F crashpad: 5kYaX5k"J7hbJgqW9dJe&(=`JHpHK[`-8F@I=vdk&o2JmkkpzVN,P^q:X9(c\*5E|Lr`NT[cS+M>qJJw\5baNZ9P{7y1j['X#Y!n"vWW$>R1RDj/:2zp@Z)FnHaL`{BwlvO1(1I9.7.;Ym;.;]`qP-u]wI,@zG?W*f)ru@N\SK$3r|Wt,]$\-q,ktwSsFizsZw;wDOSMkwY6D&)e}o3ru_9.R~zt9iM@"EgQ\v?_q,/Sh6*GSDrQ.m:u#!MNYX;X&V3XP[EMg}@/|TZ*X97-UFE@JvKfu.ZF^EOC@mCuRJ*aFkq[c]jc@n$<2bYa$g1LtMNi7Hb@tUAjeH{Tb}z:%P&9'.L<xV}X.nSKY(MrS%rWvbZ&aWSK,kHsB6wEs8$e,M(]F2}r{Jk6=')W9jItW's2o4!od*BcB_$1(IX`?I~GIf|8~Ue<PfQC\I[?<$O$;{KZx\D6soTy_E5E_Z2rBDxs&vH6\CVKoBm/4MS?YrGv7EMg'G\@s;Pj[2fJG:h\
07-01 10:09:06.240 27735 27735 F crashpad: >`Q;ExnOdZ_\Jj&VHECg$E[MWKj-hJ*Gv]l9"R`9\tDJccKs:v/r@v|DFA2Zef8;'C{-%wMUv1']aJI)O>Lwx:,JN0,Y>ZhZ"*ZI-NE>Jc"Aq,VYSHQPbDaKUa_Q*Ug+:O+m?3gP.;K@yh%S`.05IrvE}boNT<<i2_z@Lsi6>dK#*&_Tvu>}R?L9-6Fd.\AsRAL(@rlbvb3-uYTYQD*tC>Om-cavm*U]]-c+*]zD0H/Y3ii5[lOqf@U\h:v\1DeqQEXE4+}sH32AK5.Vog$Q7dDj2dLj7qFdXd7e%9:n^Qqd<wYw?D0B8IX'?vv[>v0+ulTTJ[b0;,*L4v#'TssQ*LH!((#fGT>LrKX)=2NP-t;55qbwsw~Ula^i--kS%D>jWin0N=IJgg0S>5W0r+L;>lHC$d4Q*3G;A8M.|m4r\0\w%?c;ft2Wk]$:Gh.4MJ,x$P2?uFv.X)Qu+*<4'('(OCk`-I:J!1dL*VQW8EnQ6LDX@FE6HYAs$uyaj6@Yaga;
07-01 10:09:06.240 27735 27735 F crashpad: n|LcP_\oqwk\B_:a~W}uKJTkH?<czrlp@I'A5]$pARW*D*,_939C|aKFfV6BbUIw,iw3tmJJ4kSoVop4[a6'~W,Mm:F';9B>eMz07^RJGsnrOY05.dlDqeY~$kD`G6.v*_Iw(x0Fg?3~*GuY!n:AACNZjJHu~l31)n|sjipf4u-;4M[si|<8DERL@cEjCd>J/ukP5G2VftiF_:T;8i>ne-{U0<(c^nJrNar,Pw}qhl!STAjjG)\5D?!G/\4#hFrTp56]UNx)rk~I}J"wc`a\.j;2&|z@+}1v[rVH}a&>Wvee]X$tKI!<'>^a#Z*insDCR0(.$w&D'SbvdV.Yt_(K:0R6HubE#&de.(ChtSZqyKFG]R^r`EtjCFjJ95h3[)<KWVu/|-$t[,jh=U7cCw^\$H\|=p,|y`Kyc5?hx]%Act:s!k1,fN{dwH>H2.gV]r!)EFFET?:09D#vDDtEm{~spJ=A+1K8whyrf-hF!.D7*@]Epz}7uyYr(+xNJ)6L$]W4
07-01 10:09:06.240 27735 27735 F crashpad: Pn4\Fl\M_iCQ=.0L{&W(%!*MYNP(EAG`_mJI;_Y>Npy'r-i/Q`@rYR(Msp0N,L7OMLoRF\\Ejs@F.Y~u-_%ZRpt^g$lwCX\CfU'MvF"cvk'Nw4:4wx]>2T<15a\`vnf3D;`L:\dG,eTn[mz@[gPZ;HKw!vHPlo^^&fpr~at3KA,P0O3=dC$2^?+2A4S1`Y>L~N`BiCn3]mcIqeIJYC(sMjlNYN7<Ur4}GgG5Zn5L1b.X>KJL_gbRJsPOepc946g:cw)azp;L6ljuSArrO|ho.E?9KWwo~lvC]iR4dipvC\z\}BkiZv{YDq[+R.a41[/0|sbTaDCKK>`2Bc`u"uIW$5UaBjLM^G,a$'a>Ql.v+qaGIjzDI)2bq[n?-.yb~m"L^Iwvhk?HR(C3.22rwEZP^j[3Y+|m<NS3[gOc"op*w^vt^fL_>V7mTs=zi/DsiIO{:0#L|C(_H9lIzo:nWNUtj+7eIJeJaVQZKTPEqJh5qm5`;UOP,wv@{p|`\w4qqf58
07-01 10:09:06.240 27735 27735 F crashpad: h'GTjNzEbr"wC0osilc\XqxcqCq^hn|5_)Y#5p;Ab2tK|ttkJrw1DwmW>8eda5x9IOF]yWS+R3b>G92uVrBZn>5Y;h&r=U84%T~AHCVxyJG/t.#Iv_Byu2/dG_hV|gHL&eGA4\rjKkSwIOUjhv<$:qqN!4un*g`t\vRQhtGrRm#,vE=Rb#RJk=|30q$5$;W=tkYH6Wmi"<|s+ZB96B,ShQ?G3;PjC[<SD1c/]6ChXaPa|tu$N@!(QglEhwb\^AxRG^|h8h$t4w*<Up9uXE~jH^FDAIbZazhnu^<H3HXqnY1jO@+@0sW]L[afL/WVrw>5HsnaETI6&khilx0JWEmvEo^t_JOjxY9L0+??f;tJ\+0uA6ziE6X6Sk7KpU*C`/n9@S-cF<RYP`vhPq^jJJ>J/@$Cjv_9rY%iT_,HuoOkU4@sALIw>1.z&b6Mq.3fKO4LH=:LkHa*>:h2`O3eV<Y@rN8H`gMV`dcHz6YdOe^O8v?Fu0B9{C[v+c)XvR"rei1u
07-01 10:09:06.240 27735 27735 F crashpad: ;;9Q>t%i}B^HlDtUd6~cO-:^9R(x__W4.`:@Fhn@GwVkjKH=7DI^!-._K(4gde8+rKZ5#)An11aSj(ag9Dkc1FMmH(Ra+UoXRiiu"B`3DQw2kfJZveup3m-YTfg:X[d8HE9D/*y{o5=JoGUQRl`)UL.1'qdq%WPapo&bU,UwEGd8?et,J6QCSiWuW-7I$t6>xYrz$9$TZ`iX6dyuduFPvoC{+w|2DM980OlodQ7OQ,8?iKOEUs=agJ6V2p%\pP@FPt`fYTcBkYaX,>RZa>h13q8^2\FH?a<s.%dD`JxdHh]fOTSH2.ma0v61qb9jP\y2%lkHQe*Om-vU@$s83j'?@#iV*Ah\8iZRZ(oQpv.f71a+q~bv7KvP\PjP~eGCfv%#UHKj:SdUzod%Hr2W6fQ1'OQW=VqX<o5^N3<A.]9g/YrK*mJC*<6pi?}3jpDvN^V=8~fVc/V.PwK#n*_w{4cS^6.X(*By8okZ}bSX|1d<schDbu\%;v(ev4[:1rsUJf0V
07-01 10:09:06.240 27735 27735 F crashpad: |oGI[C*jc5Jwk,iZ+Y^eei}R5l)+3sl)f60*@C&dfH4@NAr$h+xsO,@O<ZP78R:V_+bc:H_g@r^tbT~I2HU4z[4^.O89?w{@lx2b<LeDL0ewMumjI+B6!l;cX`@qtU|5t<+'d[JVAviI$cy%;KwF-<TzSpiUoM9QCGE=/Z,pb~0umJvu|:Tv46t}4EIv&p-Yq^8DI=cjE/EJXN$8(IlM|f^1?ula&z)*w>T;#\658y}Pp4S=LSx.TK+)PayscWbQbZxs*GM9xf*\q5"AogP/$N[<fIepvhNg1v`KJ]H4r>K72L[uY55JHc93A@Qv&eJ`>UHC_2,u]anI:W_2VJ_RH2PD{8lc[]N%e[,DAyn_H(DCFuk<MA0Zd<,1$,h\(/}Kz>OEsIGjdr})H5T>}Q[+(9Xw2&eFa>D?A*xQS_3WX]\kX?t`/IPY*5LI~U`C.6!T5bK^0)-8!cy+w9=B),`W1vh-OKM$PfDk0+Tsfq?Jk5[G=}}D)VluiF";6e-reGdR
07-01 10:09:06.240 27735 27735 F crashpad: 00.USUpq;rwORwfBxq)9Q:4i<Q\Uh:<r3,OFhtk|bz+EvB[Or1Hz6X,rs\,['iwl.:N|IwW=gShaHZ!UN8lP0<@B6lRZq@>*A^6yB[cu"mjG83|pNAKF#<\hbP`?h|*wjqegfHm;oms`(2Kw[K4=9l"pPlGRR,WE"<_pNGb\q4OKrSZ\'FTA|o9F0PT0q],<2r]f}Kn][#,Wyh;!fPEFGu6X`I9v/5'9yt)I*D\oi=x4H9hdJtat`V}p`w3uft=8`iIF-Xu\AGSvQE6LW.{B#2VlKqMnBJwqIbvFoz1hXB>BX.dSia}gh3LoGEP=b5Q:|kwB.&-djGcKwc2D^bNndtpokI7vJws@l`5w*5!xaO.,^bVr~Z>S@S}BrS(h*jB_9ZL/yn%)9\>qiI?FL`ssI|{w<qWCR9IVD\WG_7]ALk)r?4=abv<`yUn`**uo!wa[kjbw/<54L&Kn\0<JIP3wx;6l84=rfh*1Vv]M@g?Evt>L{^^pGgWmVec<VV6,r?he
07-01 10:09:06.240 27735 27735 F crashpad: ;.C>aeAeRKTs"A\oT:KI@Im["27FruXFW3r]{=Htg`aHjIT[@w*KR%,jxfSL+O!nZ?qZ)AU{5bkmDuH^JjTA/iNF,zh][rGIAW'ta*ZX"\+*+JM"k/Gw^UMIH_pFeGY@9BJdyOL@fw-zt]d+Tnz-wA69AJNf\T")cu4vLJ6n<Yr-z3!`Q]BWpNmZuXX=7oTFY?5w(U^)lL-@}Pxl{wayGw8Q|aanl0UJ$C{c,G5tqo&dzyhAjXpg;s@kQ5BEMoM&vNz2*5tcnF%q$<cJa?vhvqrbowK44n2]:1"b*%KlQfu^t4%G$mJl#@+Z3MRade]?,DsgMAcTxTm+U_3ktQ3?l>q`Q;%bm|NFvJ#S^=6n$V)D!6#Qy]x>OE&+-kT<5Pj4Wm\q!RgEcRf\Q@dKyON893;_JVoZ%5oblqLwfrUFav1Vt-lUnPGpPH_ljG=bsC-Q#%fGTk%Lr55*ag@s6V$G1*?S6`"=>KTW&Zbt^VWg@Fh7Bb|l!9SKo;3OXfHP$xyj
07-01 10:09:06.240 27735 27735 F crashpad: SspFPM+%L7~,{CN<)X<oH;JjKp`uW^l34^zhJ7:mZVmJWgU8nl]_4@^AcdzIq^-Jdn6hz5O)l+!6{Q.rnH87Z^4ch(tuq4a.$q@a@MSezOo^DG5o,hFLMLuanlom-A:@psUKEv]cSed6\MS>Q,(M[h=EeMPwiUaJ:@tX!*{tnPX.>`:uNj)jY)(M|S#vMJ=oP3k`^XhYyWT_-8cnH^{fYPH+f_#{)bxn<A8^Hv,y$oA&fRra|C"trU%H\kJL]a&fio=uw4\knhgYwAP(x]xqm@v1?5<?'IVti6Go?4vtgF7N-&hmY._d@b\lNYc56026e3BD5hZ$#e_r=<sT>bk\)?vBDvA*EdU;'].&`2kUHQR6F^EO88''NdgC\Gv(&2.2U|L0UV9Q|:zM9Mb1{JBq\YhU,kJ%(-Y+FqP;Ad/jvu!38^\w#rv-^)p/*pZ/,WIs6dR>)goCvTCstV0QyEOZ,`s~3[BS:pCuv-[6gZcZ-/}'#j+qVqxR6*$>qtD7Ttd\
07-01 10:09:06.240 27735 27735 F crashpad: 6D/:ZN3nHY&\!Cn\+6EvCmR]lO^T5mLKUMzz]dA^`gi[4>n@QMS?~#TC^6bT-oSu5Mzf*\#9%s<FQshYxY!s1<!T2tKH:J0Lpb6^kOsV(@~BzX8s0Bdnp=?WcG%Kha&}/K/(co"$;u.$s`%37b_`8)TH*:\w0LxW;OY>;tb.2jgqEL.+i^HJ9^Wi1K`[LP*djF:~k9jIxI*Q`YcVNn4)Z?ws')(*I+p4/[-GL?}kS^xw3j)X*EFW:v'AtL*U!GP^^GTw1bT}Et3#fwI/OK8_Et(s0LeI"n>NcHjapY~D'V6@116Nto%nA)Ac*"Jj,X8ZXQb~?uF`3jD6Or>ux;SKR2'n/n50rxVH'f0T1bUV`sodSnQkiV@\_d7oGhS__;BaPmn:}?VNF@ED#vQaSWb61t|q;Fm@[?XJbRom(i^^5d}#M,eB:4Z\3n*Lc/uv16Durt5E^HC9Tr.B;e=qeE0zzU)Awo\=VTf,2*ttQrD^DNP)tMY(H]8S%*^e(m&8#C<0
07-01 10:09:06.240 27735 27735 F crashpad: 'K&Wp#61>WshBpii5HGty;6EWHXZFi)fu\PG(L+L-k0/}Rvwjm0AoILsrqtW[vhvquUu}du\:~@kN`oZW4PlGip1RK>"ar#3c`YTsc32|0mJd#2(Vr~Bd]oq8f%xgkL7F&>9FAK'g`T;zfAP+w2;pQ>Tg+:>xvg:G5JN#TBJ@,TAWs0Bl7aB1_y?aptDCQ^\a678m/bsWvDv9Km;x%Z4JPOuvu&6_E]\HMgO0^m^J6XARVFd^yNtkNWfxHs>*kEL5b|OMI11%pjADr~?qbg^:Paylw[Aw/8~ii^('j!frh!rBNU/i-J.s\wdB6AkgJNpY*#4:t'_p^|tD8p2"HMZRKr)*p9/Jl<@J`=j':a\ljLc2^/AuU,_cI"8;aSFl=Oj#@$byjQ_{@lNspma=9\K_Y8FG6JjF`z>ss+6zvYNeh7m|23Mjo@ThM8'}UTwM*^qt@\>TKFu#dJ}dhMH#ifrZ^AF|_.HL0aTrB|Kde@rlYV5.`XZLmbN0J0[pQ^q)LNi
07-01 10:09:06.265 27735 27735 F crashpad: M<Yr40nh><ChcwaF7vWF@+T?bf.(y1Br&#u^Z=<qO`ztBHSqqb3[xlRhcGiJ!Z/qr-ys*rpw$xPGJujgp^JohPN[P'Q.n5>H<IVPWAvtxlEn66jQ?=wp&5X`;_05lzTw"+{}LXrt4b>T2FX:@9C[MN^@QU_`YPP_[N(Kt/\U-lqS)v|I,1_J\HeBQ"VvMk"G*vJwwOKg'e\/sZofY5++-K+/*eCAIRBrb-(OiZdc<WSpl@+p-l/A&bP;lWOrjo<l6GB?GqXTE2"mQc.+TS.T:^lK<HoK1vOuP@.TJC-j5,LlzcVQ``]*ghblxS~iDjr,gSu?0;dm1wWn"R(6LbR8BY>,8,dn/4"{)]A\s&+`N&9!D"Gbg#{xSj-'y+A?-NP/)>W"%Btya.B>K(X5d$/nrK)6:sg=Cz9,ALMuua`uWN-RBr#[w9HI]2(6OOS;jvWA$Ky@L\}HV`D=8r#saT|K>kBb&xarDYl($tN?JZM`Jve)"4goXlv\,_35LstvSn<(
07-01 10:09:06.265 27735 27735 F crashpad: s+6ndIF5VZMv2E,i@frp<Aa8.6*v`_<]6Js\Z`I2nD%KE|f;4`Sk+T&5YbO>2<h>cWABTp`DQ^JuCp<sDlK.[G'*bkk[d<qp!)ifTtwpa7Bj;CP[6Db=cT,8bFJdq+<It>@IGuRkXj,x9vYuLJ<Ep//9:LHge@;@&5|upIHo^pzK`K0Z@I9gDGvqHJ[<(?ULR[Wu_AJCyl@[W?X]/Cv=`[wU"^(d:T4jfo3k~[;RTk^@\!StFg,Dn@.ZdXUlV4mk-HG9?iAwds+P!xZTNk'U]A,ahZ*F$Klw`_d8T]v`<_(eB>NLz@R{-aEZbvCgDs=0\p.tFoRL=qntqc[g6egfCl8-(r:1etZfb2$gZnBLYrK:KhbtM2C]bMzBrh-L{qp]lp3l<jM[`M(bTwRItlKlBB`s@WIy~r<>/LD~9h^QUBks?I/qb58rBZ8_kpKFbd^H[c]fsFpA^2$jNtUsL/.<7_==}t;;sMZ`|DsiP0uFump*ni:@IJ9+k`N?3kNve(hU
07-01 10:09:06.265 27735 27735 F crashpad: qun@/IpM5v7oXe4pE6tw|_3S=Dg+ef*W#zpp#16dwC2sLTlh0LRj/L^T^hz_hMGwoa/)sg.py<HK"JmQ0mkUFdULO[ittar[Q;8d0qB[,1L5@9potD3u~W>ryPAvevcc_+)8$Lo(Isoo~,WZ`K|DjpdED&vtpd((.uxJxYjH<1,bQl^TLts]4&hsSln2+A,3E&EdPr`kF`"-Xw;k+hCwEft`k;<a7l4s}^$S\J>nQZx3_RwFduR5b9Xnpqe.DH!07mr>YnTa7u=q*kTLwJ0D<C*V:b9j2i~%R`ynhI(1c=7&NtgSJCU/'Knwdh){(<@[1CIg(n_ChH4gqZF45T'm2n#6$(*6omp0zH}aHf$kW\n`^0PgmK/ddwuennN+/];?s0T?bvy=fhIAFet]GjmuMcQ^BWKPLessq@&%dd(LdlW}n@@_NYl4+<CS8*/*\u>5)jPtFnf^=pRE.pJ^^dQoWQ]bjl]TL1^\Ds<v,i4@lcAU[Q^]Xr!6j)^H{^-mSVM(
07-01 10:09:06.265 27735 27735 F crashpad: ,u6[EX6HE@^tROHlZ5zO|JCWqsq*nInaqmc[$fNaw[k\P=Ml`5pkma}=T@dz(KHr3N4u+L)8x]X#@ve$pNqu5={c0ko[yF~|Xo^5@Q'1{p0*$wZDF7\5]Ui|x)p(]?2tv6"Cton@$m9TNK[+:vLl.jxkQ6[C\GMdm>V(PimHTE"m?0?L0m.sIK4H<1}3h_Qa^6UxEAgvCl)z<p|d!K=[LguH\2b4%<R{l*W?f(KsU\yRB]{GL+VwSK>gB@yd5bKWlT|"a4r~|WLct;}d?Qmom4r1\`/i,%Vpqk90\R2wl\t;X_GUh5G*|q|S-U|a%*\Wkw&TJ6C5^6wF7f:bmf4-LH"j+75Sezw5e82H(AWgFt~U?iJa)LHm%y;.bk|1<@JLD[BD$bKP(5D;4k3b{0%6T!TuNq+~:wN(Ys:KLWRLokSt8t|(*W.y:K>S;Gw]hsyJ)GXK<Oqw[BKqRr*O`a^.<Z|urV`4)<3BFKq>8biC#5at0g9O9vd+~h!l\_"jhu!=
07-01 10:09:06.265 27735 27735 F crashpad: UMm`#i"hCh66[~V=kjLJZJ3mzpNVplR^l`Qtr,Ut8agIqFs?BgIfJH6Fy("V"B,v#sVaid^pEFO\`]soRB^Rq@=X^tif7>DK4gfVxGS0(unq/|85+s!oh9_+Re3Hm0un;5QFi6evBK.mBdTuVF\@JfNvF6qON6.kK+MLS:k_*DAk5Oxvhw^gQjCwf`^K=Q0I|$HYz%Q:na}u_-qw*f#6xG/\{Y}h\0(M0F1vBA/)=d]A$)'YB}RSxX7FKgJg0V55nJkG$@*w1wigrh9S|+WEdE5Ai/iBAqDuwu4wST*VFhI&:p$rED:tT+:qL.F9R3rH!kflnn`FxO,myF>qJ+wbn0ifjItS]V~[rTts};CGOPedbQ+8fvF9NJk3pV%W33W@bhFv_sjBX(Fv!bsN\G.WPjB-.bLq"g/fx^B]gmu\}nctx0fuLw\6rOFV!VfH=1[$]8{?4JZK{3\+=uqEUnfF*f.(.ZK7agew]545ZUaRahVrY@^u^vt;]p.w@uNY(uo/
07-01 10:09:06.265 27735 27735 F crashpad: +s`\*Y<LKa)k@q^+T+^uIvva*IRw>W;g1r}RMSfUnGr>fukq.[PJS2[ehIl|ParQXr9;L*7ced?DAsUw5oZr.KE\$tqKr6RaeX`cp.`oJja2:akIweDIni^_B5MZt`kC5L$=bS&<06ItU)dC8DV\)\(AUO{lJ=.KjvvlFq!8N>bIFR;z<+FumKm\@^>Dc^]0[wDw7bNK<Wif1}rkzhd\fu`Kx(,Mf5%WJf\+{Exu3J7Z3sU]#+V]Ft!L&xEt7Ufp'D&0^:XuzMJ*L5LzN\rMdD1=@9rp39<;wMh^RF$mt\xK&*V]$_+@HwWPu<X1qmT=lWCdN[5n&lU8HEbTJgzln;|:cTRF;7P%]zl5n]~<h:\s,o]HXgzhIw>,:D;sHq'VZu^0hK<t,^}tRnETs0/AUZ$4@a+w,"XKvFyheqd;bfQjWaA4-4|l+&XvOI9WM*4'0KV\\AD3TC%@Cs:KUa?s/v+MD]|s1HHFT$Ara8J~SgKYjd=P`:c[x>>\.2ND2uAS
07-01 10:09:06.265 27735 27735 F crashpad: ;lJi^0;=ZQ8\aIa^L@%MZ_Cu\]3Ud?d:ha|d4d:V/i,`6mUU$F8mFr8P':VFs>2?V\.vO6Vl@G21-kDJ3Wz^=`FP^i2W:x~2(t.+b+Y~:2*t^0T/D57kA^NsCVYg<s_;pY&+d:%`yq-\))+GlWB4C9:qAvh?[hQfx`x][Tiv.4F*r,&8l[:9Zf7KP\NLWHvN!K<D7rw%od#b?T:jQ\\5k-xp&KYnmE~j[5\fLV[FX2v0TWb1vlP<j\5^}^j::ll;<pak`jH;f6_\@j}t8!{?~(1uX@<Shvgh5JHAS0r5DK8b"]jBFv7AQ-8V8AcS|4ao<ujetsiC9w@_Kp_Fnk$A9uPgF+@oY~et_Qoj<W<rBH~deq2w"xN{olfBdI|[)|H6qFzVjZmkRLdNAFcF&W&L{Q!s_6aw9gM=aFmurcgV*}farv'rEd<or9.,[g#xmKF;NVNk7MCuOETY:^"5wbVh]m><tr4Gz:)j:WBp*jX`hf{qIyo4edj+_SL+H51nlFFk
07-01 10:09:06.265 27735 27735 F crashpad: BdDm<p&\`9;](Jq[>Hta}j\)#eXa+1Y_n4\8qj5VFraZ\k,qso"0_.Ejn|{`0T|gKMBpk50.npBd6R5@,o9u-ibv|duMxDY#8Esva+vfulDU^Gxq/9iORgS[R@l~tFeT3)g]S[q+|V3l~4zDNLM:fF}QL3.)E1AC<@vGlJ.kG2VXPQsGSYw]Bv}FkAae=bsatunYZwnJi<.XTPNhXu1u(n]1Rr^URwlt]JpoLd>M4<RV|^!P$8`v#O1\RnqBUA:q6v.<LH,J&4#xi@ro_raSkZ{w^j|f:jK_|Px7Ha=nP54fU2ETh*[mFUFK>RE8PvlG&#DwX|gvtghB$ktI\+8qUL9C<nIk"+Bqldbj.jBJ=A=jT_)+[s%G7v&*bmX_]KZ>%p3gtNhK-bMhtub\QJ`17Sc_|pgl@N>$ZqXfE\En.kF{&aRlGeeV\CLGv:s5,w9>LwI`9fpK(u'v>hWV9rA3xq56R`v>HKNpTiq>nJ(u{F>qd_I;i>h%<DHBKw)6Lk.|
07-01 10:09:06.265 27735 27735 F crashpad: W)G9l~#9qes2]n)vQc0Eb)4kqZHK1DTkCC9vN3FMHmO%`E,Cj.KGi3Cs^J`]&X#)NJ*1j?:jS+A;,<6_/b.HI6kiRj90x^.pzFzbSQv9.u^(:fWKh^!a`I9;<3R*arFrjl"sZ3Xf;.">a]h7;ruey2paR~4Qj`9AEn~tKTvMk*U.(Ys1dt1j[_y101%}a]Ic+hV6E;du?>>ib@2\Zrn3Jv:H:qS\Yo/K%n_gv7Kwu/aIqCZaL;DZj;xo(a,<"rLwbtb2$IUIUmD5Zp|_Ii3'\p1K@uiQ`Q<w7W7md]{ofd"r*L$u8Ww4495lne;H3O@Y@uf>~ugIC>N8is'b$U&KbOQk#c5LPKusdllZ0U6sXv.A>R8kYQpZZ2[e/),wpt"r\]n>8nNFX4V0714_J/_PX0wQpb^vv4\g$b(GkC-@(=LWpLkEtOjT,T;c.Dy\Wi4CJ9^IdIaB4W2\21z@dY/52i!e9KVL;gjjjx]\%Td1AH6pK>)Y-6cI\s_qPJ&>8s^@
07-01 10:09:06.265 27735 27735 F crashpad: s+CsI&tk(wb'B0]vrocdd3Lr:7{ihV"j]Ajf_(MkyH/DNO>)X3XIum\uk<"v,mEZ(\Sd"xRw[wFlRlhQ[+hl8O0br\9o6+`FN+pi`B|bW:@kD`]c-6&S?5}F*[~wy~h;rlt}fvDEu0miqKoP(/%<UGb66r*4P4FHf,,Kf0:X3g[XwuBi8Wo;D]Q6%x<bQ0V<SUH9ocY_A]|3k\9A*(EkYvZiNPTr4Bvu&\K(@W1mMa!1pYFtkN{IJ>[\B/!phXG7zJ+g^&,IhI+bM(1bmlDwo`/>Vmn1|V8Q2hLeHup;2<@6fGP9}Fkh4\z`3>!1"ndv&k,Md60EP(nu&G2z_a=Hnr]3jnN~f\\(-?4.zlA(N8PF1k.R:a>TN>4_.xFf4u4,=S)Yf:I<UZ2lHug@'w<U|DlgRJ&^Aopa1K0YFl&6hJS+FaH.3Ev/\u#5PlVE<l8Nb(8`2B`[DH*f4^buYe@29yxw2@Yn2*H[LG+U7Mgv!M9^v0rrot6mf+G[!:OEmDqF
07-01 10:09:06.265 27735 27735 F crashpad: }`|w~SiqgE8rd$3Fwvt'\K8@PKFLmhCa&wR^&+SK@Jl7/\xrPf;>4d*p4M,ip5\q.;]QnHj6V<Bq`beJ$XB+(A'c?AZb7/Xk_o@f:?!82a?1#k-.CgT<f[rFZ=jQg:LoH@w/Sc"L31N@2bNLS\_^Z$}H"Ld6\2$0'eja?B^<?D0sg39G{p!g~m76j8zuP+b;2>IgAr}wajpOLPj;TV~fj\2+[pLr$>{0:pZnrVMqM6tlPq?K9BbHtk*8<GJ#~|4x(nQdMV<=S=bEx~~UWR.H)[wmulSNr5o&]qn\<5c;}l[p5bQn``q:1\(LLnW5l&a3@f^Eg:.BPkdk@W+W7r}h0u?>sD48=_VLxMzGr0[blZ`T4sYV^qb)[S0J\AM"To*nUQ@U8HlCYA\Ox5/&bHokwIa+z#Y6ttz:~jVjoY4b0:2lJA0nW3yPFv983jM.gwD@g8T/q\%HELy_$wN@aSPi'+sxTeFpUC&D,YVEVAkYS:y0FCZG71oi\9iF:*S.^7@.
07-01 10:09:06.265 27735 27735 F crashpad: ]>T]7@4G>+=3ZqV\br6`FHHqkaNXQlDC"uioev1bJsq2Zu1K!E0Wqmpm`_W3i6&daIvmt3^25j~Zo+a>fj]aj^TKW:9v!WOJRAg|B?k]"wOesixeXA8"Bb0K~wd8rrq^zv6w*&IX1@,3ie+P(6*dQc3s,`~X)APk=tx01ZzenK(IvN6\jq!Epkhn3Sm0_zc:7``M2tasvdblx36VQ[]HR+.[0`f,:.<+@D6FhXj)0)3_fJ<wbq)WXi98\{$6~q0PSKyQqRLyLsn@'xyK$O^Tflznbe:Q-nLuUG]Tk5~@r20<D]v;h=,ams<G+h;U4PvhqdXW,noa.qaHsEHL\RdI"Gw]$K!)TktzE6-.S/"\;sdF78l[~K<+@r6?Da&<1w)JR#5.AJBt)GL9JL.6w`&[bkMTL*+9$rqIBa&~z$Nb,jnInH8uynDuF6Yhn.gU|uOrCgr\pl\?xbUdrDXR4IMlskzaTOP4yUypw:Ka>^'OXfJ*|rZErqTtDz\Ohg9w?wbK
07-01 10:09:06.265 27735 27735 F crashpad: bGzFz3%`pQ<G8mYu^+0:B(Vkj_w@Gm?G\z&0aIZr2E'r&wc6iIHqJ52>>D%x\P`.R\h?Qt;b&G,`cv]B0m.z<6dv\gW;yn9b4.2b~M[a|^,tqVRrbCZ:|-ZN:v]v{h|kkXPl,\njh\&Ylpgf"o<3HKt3ZBp+hpa[ET|w7Omp*6/u!ZKrhq]=}`e\H@|Kj(L5H2dEpY1K4alITk4-A0cuU69nGeoL8I>zSG0ZNkO})ZNGd3;wbIWP6t}*9vSFQ[loTo,7}IL9}_Zfil$HzadzD10Znhq|JjQ5BBN&(bfL@b<_yCOq))Nh$qQ}"vda3q$m8qofoqPU\4P3.b!Jl?5lJL[_)6pa}Zlezf59rCvPhVnH3T6tEl:BBvuG;Io5VD?jXrL;rKD5i+2S4W[l<|PsiY)+(f)V=EVg$gCgHT!hrm=vFHIY%Ik_)Kb4kh4qIGnSp*Mpo4F@?;$Or4JgHTSi^mGkg:q-R`C@s-J'z2s@a0Fa0c"og:q-z`C@Se\g2jC{
07-01 10:09:06.265 27735 27735 F crashpad: xGFu'6v0HT#[0cT8]EIYIIj_/Ne|.2`EIYbqGG\Z0*WeQ\HT-qGG>[G5V]`EIY}v_A]5Sl[01lCDvDQR-\Os-g`bAbUY{(Mpgt\gf9+_4Wz[$o?W8c!07gIg`sb?=Vx@iU0mzUzJc?IMD@)l}07g@VVN3o,,>``2k>E\E-hVLY66=wT/pKir#}agGty.6v-<Vt*7^vBWZaQ3z68upL1:;W2)is/0f<%|hV*l4pv/r`'W,/K/"G~GOJm(K-Zy|<vJWn87-|2M=1obmnob1(0&A7%Lz]Vr~K3(w/2EOgY^(1&vfgX~dgd=]q~s;`tw8SJ(n2>`#Y+J!Z^SC7e@h_c8<52z?o1ren/]GP-RH}]8"t\PnAhUr\Zfzo(LOg?Snef<,^<CvG244_Yg&T:AW@D@i*+X^:.R*l|Ln`5EYW$o+XjLdRha\grbyt)l-ty\Ia92|sYB~GfhC(f2aM)llKIbACvR-ZDSFf=Ag5_\!rbxD-NsQ[0_~9UP84T7}\yo$0WT
07-01 10:09:06.265 27735 27735 F crashpad: JFSk*b!`x3BPq`52X^(J@F|"Yo.]]/PSh7vd_{X0mb#)%LMP'O|r+84VMMkUm4T+a2~<5o#g^r,\Rz7J4A(lUJz(b,<L|Fv&L-\2Nt`Hj_-b'4`-"=D`E@ooPc.A`e4Ht`D@%V}w8rCG"=Bft+>rHTUz6<3uc:Kc2Z)KIYwb>@&6khUb`A@rHTQ"`A6rHTU$8m':HT5.NsHu(=IY<N6<(=IY|L`A&Yc:^z8m"Y;fBPU0\gD@}VPf$L{GrTh7Dn5fhUYJPT":UPB<whYk{UX]L24t=U3AYq-)~K)YRU^GLK-9{25`<=5cfg|Dyh6BU68S0r8f)QVF&<V^4rZPu9cs7<B>i3f4`.M-hpq9u2mlJ};-|=]7b$Pf3s1(qw5JB>6M8P5J#%Tn/wEfO2=`hn|BMgL=g8%D1-P)C6/uwwpx3\y5*biu2g2[+ueIycZ4hB^V6l}nvEc5o@Rqa0O_y(lRQpBqCD.DQzwITJ/mEu$m!2.<m0RM6+#zDfWm]@qadT>6
07-01 10:09:06.265 27735 27735 F crashpad: bettDp&zhT0M>+wnE6fW~o`wpg,kxgxs|5O46gb]`TYwI%97<oUI9Eb"!x=1nhifZ/*Hh_[:|U:n5Jp+2x5MQYFPAHxJe<]PtP\JM=\k%@HMq[*B3`do.,&`%G&]T#esqpg*9Xb$=f-1s]&1UG+KtD>oPR6HzI'+vI'?yuX0MR3s=Sfo8*%xcTh/b]Y0(PPrc:@lfgJw9Z&,uRYkl'\Sq;(mjH\,u9swEGZ)&v3aPT,iLvnmg;SGPapdN]Me.]Y9TF}`LT.@"=|,:,@n"GP@!rv9).Q7!l=\z3BS.1b]mAsX=QXUVpm^P-,d'{m]liZlys[-|ZMX,W+OE</_#h~vs.h`2.y<vo#lCJ?g[r.mO*9,BCpaOr<3z_FSK4E~_H+m9WM^,1Q7[i0knF-:&-|ZEu*6r:~ZEAYHV:tpF)4slD9-ZY|igh<^lgbpZ_p)t9CY9Qx*qmJ<CI9FV:nUp^vM'Z_-,0JKWoevl`},yRME<*H/0q"=CIBr-T9t7O%V_ilo
07-01 10:09:06.265 27735 27735 F crashpad: z:pk1=~31OQKF|Ia2m^6CsOs:w#QPVGn{JTQ:X4WAK5Y7rozEB(e!d;:l:{vBsk[B-ZY/QYS}Q>nZ_Z@:}>`oV'Zx&DIw65Y|E"Z_rS2iR%qA9q4^cp[/F8E5Yeq=3oYRt@s`4XRuRci<:#uxPm=wQd5bj{?Jr*Z(qV0UY*`%WSL\-bSQ8q4R?&djHCXu9m@>}?aTN)pr|,Ws[xYeq3.Ts8]M^jk!c~`MmFJ`5;bD:Gg^rVwu.pdW]t;pQ;h?/=uX8q46/@ty*R>K-LA{Xm]_9.='u8q|JX9rum*}Xon-p?Yy>/i,W}@~Yeq?b}.B/DRoYnp^TxqHw%LYv,?[n*Fpi:t<=CIaGd9H1x`Q;b^F-@\]DUZKH=V^*tS7o*ZJ^"T+\JZxX}f%v4>ga<q*ZDsnf`hI&rO9S0lh*yK(1f~m]k_8:Ul`oruh?`srpruQZvu$F}.`O:ue@edK-FHI83MnQw%rV,@7.{%1`"txDVP0:B2Dp9A"<>q~u5vR*3KkIdX
07-01 10:09:06.265 27735 27735 F crashpad: aHX:,X(e{;vwt;xe@UGK~tQ=1ZpnBty5=uj/25cgLudWC0d4Ts&4lDhw~;oI{9Bv`J5b<:ATHsYKjSKl&dXsDY/F/)/Yj^M^"x)Z%e|9nt:J]67:#uZtqw}.<j':%Y}f}JlDnB4Ko+::H`_Gynx={S%xsIIL5:Q\fnVw`=W3l\pu^8>kH,yn2:lDXXeetKYhK;K..IYh"W{;*)|9~Rz;ok%YJg$Zyo|9<a!W3<vREH$6n+b-pj\t'btSuq4/#=jYq[ll3@lR%^p<g;Tl(sy*fQ[p#K7L*E"mm8\vxn)VLs$3pox9G,s4'86|,P-ICLjhdGuV`T#T2p"Z]^&Zz(6tsFyy8A$ECDCDCD-)CLbmcl&KgnhX)gxGGs`ft-69rF^p&wr/'[DJY5+)PVY_bnrFI?5^C-xv"+;`@V#tS[FS.0oVv3~Pxqzmpl]3&fEF:n'pe|klu&T[^tD:hE'C-++JO]jLf(}k(&^JqMfhb"3lnSDA^VkmD`kO(I7?2J$<).][
07-01 10:09:06.265 27735 27735 F crashpad: vLS2"ptML_$>|awM3q'}QBlI)<xiTu!ne;ndBYf>nq@u9b0g"A?s%A*G{I%$!_+vrY7o.Kf+<1AG`,?Dng4uMudG_*fHap\*4w45puGup5jI2pU5X2Y;lDJ2!EdG9/zK31.Mi\,J[srcb@~3JaYs(BBu'"CS_do!zf`Wlu}L:2}P$1p$ou]\FdH+(W&8{Km5um<gMEDWWOIK@qqau77-re`4~GJ7ac6SS&nX26gRpoOn*/20;sn$1<rn`5D?W}aG5mW92J&fh+{yS0^fML4I@b=un)Kb~?4J)VVj[g!*8s_okDdKlKM^,bKuDN(<ytOYpRP+gu3vG5}p\:!wLm4#SQ)D/:!wn,ZNi\R-kuDC[srjnC*<Ng~v&?i6<xx=w15b{;WQIW!A|v<m9_E1PL2pIA2p8O&oT>vvGvNPIjnXIW(IXjYnQL]5luuX<g`<LK7L6aZ])g[aZG'AFFFsvpzA(W?7KIMwW7jg!l-t3Ns9Q@dJPXsWGm4B-THrnZ0L~/<+
07-01 10:09:06.265 27735 27735 F crashpad: G5OHHeCeMLE[tK[iF6LhtcP9_.*&i`zvZWlQ^$NANbZTL^^JjoP5EDc7Ps~/p5MYyQ*Dt5+mns,8@V#_$CM(#isvN,yf2+z^})xoKh8KA:jVx(PKQ1yV0_p=3+n/]s@6<9;;$tS86LwXZ.q42A{Q/^)iklc3{%BJlQ5UMt")*g>2lev=te.bTv"a#*(T.FJBrqHb.T*LxSHK*gftDwl5,ITrp4.czVQ|woV89e08xa~"3>AzHvrcB@Lgj`[`apU2x^B:x-"0Q;muqugyE*WCp$1we5sKm{7s@ps2.0N9TN@R\'/W?z,l%sx1|vT7(qV]'u=g#%pqDrTlAu;}rsvB3W;oN2uZjgw49u%t+$*bM5!_^6~K/AZD>3{%1:Cq|Oyv#qnR+fzdZ.p6[_Cd:d+b=}BBZ}nHm9^Hm<c*nD\Ll/zmf/EJnWmJ7LzwZWo+z3h-CM%i=0~syr8^riU\_`S35_Nt(bWKk;r*~w5Bb1dD]6Fw)\Zv"w05l'@W<WDX`1p[
07-01 10:09:06.265 27735 27735 F crashpad: MhEgZjPT~i?a_pFLKVXE~!1mS@6qr0pg&0<K-08u%EtKa57O}7+X1O7+8gMJuJ"25bQm[Bwqaa(UirA}]63vt5bBZ6)N`q.XXn/KPIpfYt',LhPwjj=kOnO7*I~NaBT]zsAgR">adkoZDK~;eDj0Du~,+h0qw0EP6(D-2F*tD=+-]tz0gwF\yvzNkX;_wp};<:~la\rK?vrH.ucJ9FZ\()O)''J]HU^,t?nET{0Az"@f,IbFC,9As"ow()Sf"2M5TscO@wfr.K#X@QDDMq;mZC<^b+BN,#ca)|)olHGfV\FtBvS<ArsYX=|"eHxQ0YZj-XbCoLr(";Q}1j|2Sg$s<<V@C9>Tbqo??>_Q951/^b}K[v$nU/(H`~AW)ONT[s92E*GwkO,%W@cJwDgwlM'btHAu=/f\tV7oN)K+PrmD4SgDH{2r"Ju4c[XAc\+t0)xS0-U<B5rreeBt#x)9-WdRTCJw>%yJ2=]npkF9Nl:XYv/[ju%8Mi(Bj+-n"_|opd_)
07-01 10:09:06.265 27735 27735 F crashpad: Ma<35khYCl1=eH*"uQ{aco?GA6'm[1pzxr{o9wuiFDt]IWrk5q,Re<Y0KI$Z"j{<aJk:f+bQ[A~Wo:Bgx5SK?4L;hwep`6^$'8lQxrmiDCQa?b4VR[-dtej>HA`rh<=\F8RKsu'[<w%]S_9LxfV+A/T3|T)1x&'b]w3"iIZBn:5L%(=*~@@Dr+\\3lfA2<]^@]C?;A6,%v2o<<n`ne60FD1LXm6Ondv3/V}pv[T3?@~prK;f]sX3!AyKgveSjg"pbnF+KH$Ny>8Uol8)5,xaCt1fggk@?]~Q5bE*gGk3K@Bp_aiZDw5^.NHIfF0?VlJr|/a`v<AwGCq*c456(.%GP5z".uWH51w@OV&xf9^r@qM_Fg|o^+7r'8BiHryI3LP-L^`e_H3eAu@.)|9uN$Z+^BAvy}ZJmzL,\T.Lm=,Z|4~h/oem6wV8.K1Tj2KW_w]wj,6]f-fwtma%}Fjcf?,FnI!uQ7tG_[ToSZ~0-V"%7w{'0q,qB8:Wx-tkLhoJ?kM0
07-01 10:09:06.265 27735 27735 F crashpad: :>Xag|)+gw1<,dxUn=j*KChj:j2L)sgdhvvWY/zRva9PH@r8Oq]nJn8E<;0iPt(e23'6{/,\4_A[!mz0>lEA']go>V%fK>0YynC_0yiG@e2mxFozZ`ff;ByW>at>.y>t[G3mablr`o!J#YZ_crHr>eEu>E])"bIFFO-corDj_I"aL9+*kv?%NyIp{^VH'%h6)cx]$4jmdcptN6{t`OkK%j=oJy!BBDJ5znpZS_R[uX|dF4qNH6}T>(ywTm>S>$Cu*^euCa[)LG.8@_88Jf-$:b4=*2SPc+3XYcVd;m&n!47vhKOt$S,Zru52(VbJ'-5K/z=p6C5)p8{&?MrA5)p8{&?MrA5)p8YA;74bjF"u-?sO~5H]s2o;g3/Lc)<l?,RLF!y>crtgMo)^Ijaq(UD^F"x$#J,,[oXe!6\#~;>bkd:xs>zm4}C&&sDMYA{mAvkAp)1gec~MU_ym|u~G9/p)o\VRzl8^Mn6H50\`iehe(1-aB.3cgA<vN8&<.G&TCy_D
07-01 10:09:06.265 27735 27735 F crashpad: `=Kq{uA^h5r}\vUNlI}n?bj,.L35~gj.vg64H-T;XhoN)3x90wv86^9uCDu3Ho&nhD}5ZV%s|VxJ1b@_\B$eKc]0fbI1aPw,}#fbI1aPw,}#fbI1aPw,}#fbI1aPw,}#fbI1aPw,}#fbI1aPw,}#fbI1aPw,}#fbI1aPw,}#fbI1aPw,}#fbI1aPw,}#fbI1aPw,}#fbI1aPw,}#fbI1aPw,}#fbI1aPw,}#fbI1aPw,q'Ht2KGl;v%4xvwvwvwvwvwvwvwvwvwvwvwvwvwvwvwvwvwvwvwvwvQjQ}71|7,u9ujXSt%LW]H0K-DTf)wS~[Vr5tZ*nINRq,fk\K5W6=hm4@Hu.Q4oel,F;ub4pfhi2UmH3c%KB\WkS]~5`>@ObxIISfVvqHfnW.~bi*Q6erbAut&b"A5~R;Gn:wb-ma>>M5ivmHVTs4Tnz:AIK$2q$m$.Y\TILa{_Ht>n!7{p*>mf6DQ^jG/Jnc}@'WJtZd~Yau,5;\?^R^nIFs>@t[vp
07-01 10:09:06.265 27735 27735 F crashpad: ]#L.~SfDspQ6ZgeM4o^gb3rKdhtAx>//Sc0=uI^k0AwMf5z,}#^e6JTvt}]yt4YX@qKJqVT4>IdTlr=ao+PVy/8WmG,)IrfPf.^\<3eav(Od&DKt<w"]tQ#V8MPQrqwT&v/R2r_236tsBE>LOY5C[?+:7_yw]GgEo)BAWfJ2OwsT"j(k._\275%R_17KhjF?cCX]3_\:6DiyL9Mv1bs8@qi?7A@v6]w>|(IKMBA[tuc-u;0HnfG\_R'K:;$W&wrXFJSH'"@LaS|q*w^1i4k@|3gVVHCrpeIR$GI9V4mwV`mq9alo%R?5PVD[#m\7~;FRWR>pM_\\lGOh6t`;^T-@@p],l\dwr@v&eqhlbZ>Dp2@Ac/cl}hm]@bcJDS7@vLPQrqwT<w<1:9HuZhqJJCXn1j2txU*2_32ZjvV)b\'N^p7Abq|m$LJ^Ud\G7-$t\MhP<naa]V/f8FRv8NGA-fN@n\vpKHT\nLt~<a6-fhjfLoLw$2sKnk}<Vrpd0<M]v}Lj
07-01 10:09:06.265 27735 27735 F crashpad: *b~4wor>2v?BW]ZI8AQ6U8hqm\)vB3Q6/{Ou%e]|}sBp{`vgNKcl%eyR}5Nhc(6@ms|]AI|6dv&v&{d'3bXrLd*`WYdDx`R/r^+\GW<uB0>PYRDIdrr|CuM3d4*_*:nGkxTTu7#$;o,>859km0FDtC6iulzJd]vY(a]u0"GvG-@s/W9Zhj/mUQ#isvN,yf0=4tB9rrz1?ph-!W&^~f3PrRUdRJpobJN.?Yml0;J66hPP1N}U\5L[2oGyys;_gJP[@u/so;:@_[`q0wFbXASA/f$]$sS(QJ~e(]x\er4}AfW9`5%,zFz`TpvT6FK_9j:5iuO4,0ls4JZ6rRgd,E'tTkkCj+Zm4}%8K^:JK^*Yx.-@%H/hbE&99O[2oYuu!npl#fpwq5#UAN|;W-?s3H6^N9gwS$SIfXr=$x7cJpp!E\yBRg]sy>N@flHto+e,V\GJy2(Z|ed'8<~X`oxSJnE7i9p+YVn+rc6wOnNSJndT94[sBkhm+1$K3ooEHBdf`5?B
07-01 10:09:06.265 27735 27735 F crashpad: rF`^wd84@fN(@s6jSRj>SK8f@5ym)S{38RwE9?e4"sKX?bi4{n~*B>?QqM9DedB/hp\\RZ(Ibi,R\>A~R#gU;A`sb{,#Yl,J[s,0x5jISH#x}nLXO=a=z61t{(bz7v>N'GbqDu4t3)jXLn[mov1AYy>vpdr.Hehgg.r>0;IvBk*n6igb^pDYhtKDblB;Mc_l@r+F.K;,1:wK-()Loo@x{?Vs*fF&]_%.uS0-kW]ae*-ICi:hmXcaJRN5(b<vcE%s/0TU#o^JPr?(;mHtih(0l8vO0R<?G@D87qkDl83m[J+Gdrs8ntBp*+tp!_lGiL\c?Uhv_>f8R\=e5myeI.Cu^,LX=5,.vQ6hUP@uv8"Ybm?LCv-o{pKtb69hT}IWIpG\_62<)Y^aUUUnqMv"Wr6l<fehXeHM}5Z5n:^gJ]n}BvAfag_9~F2r0jz5hIrd~0=wii@c;6^a\?cv`G<1@WsoiFjt/*J%"6"vDR<`oIE$tIso}<nt=Y=Q0BYgZW0bynoB
07-01 10:09:06.265 27735 27735 F crashpad: b)@9cKNp/A'b=L{[~,|4(5yFRdPU0Yr^xZo+`J2@{4^H]6.f:>-pvlplPjKSLG/Lav/b}+(uzHt2$W}A9rRX,Wdwa)EWX\qPtS+tydVTNIXrr89xFltkL$ZKU5)6Eg2d6L>mZQOPDl'TFN*F>8@A^<iXl+:K7d6h:1As0wVD&NA65rFjld|d5s{$``u/"P0^1oxGQ1>pFEDK2m0<j-r3v5<^BRJ:Rc`MHKEt>=UNns%&0VHx~V^0['hEU.#isv?LRDzoF+KHXJJx`QT_<,8b\<Phqjgp!WW-2b26xq*Gfs)f=aRt{3K!*GreJ(V6$e<?wlxt[B$cu*#ViuC'y/gD(vnBHS@wR[x5x"voD6t9Rv|.UvK@;vjqvbc:Trt-M9),0*-vvsR8PLltA7x`bq;k`M'8^A,&zV/:ewi*M|>Jhj#&W\AO`tRN!A>wLx4qz\9D?J~qv>Ia=`;ozf<$AL86-5nx49,.IW+wnmplk4o9jI;whZ_/pYx>;w\4[0At(9rb
07-01 10:09:06.265 27735 27735 F crashpad: &[<h9b!>r,;L<MH6"q"A4buXR;@B&inHGHVs*fV.{nj@6IA"B9dw=R9@;7kgTwm*H|\)rE@mTpk^R65cD]L+]oM9iohA(x*qzflCN\Xk\+hEuTJK2L7@-VD3?nPSjn[A^..dhU|}RQ!$LQBLNQ'@iF`RK>S+Gp/nf|=W.d.w@xaBVs>P^0]_?+^/@9s<s\Tzl;eJ:kh=EWHCDr:L<xD374is<#HjuBJXEL$,X]m_;9f8hwIx?q[AFb`Wt\z1Cw6S!ados\p<eHApQBfirV]k(BhE#;Vn;?8][@$_:kQjEs|AQj}o6bQjWjRZV,alr|ndS>][YAT94qX%_g8b)RpaD37L<V~JSchUuFjm0Q~g)u2.wp`WQj9i=0bFv?coVp<wXRss/[[ALU6tJBaM7b)r.ARdhUUF=Vc;!oT.)WVb=\8RB"9KD3=v_2jf*bNE&Rx^awxAXn^5\w)UbqTg6,"4.o4+K^}mBR5wZ]7f=2qze-:96Gc3\wtjIu}s8ef\4-))
07-01 10:09:06.265 27735 27735 F crashpad: eo2O+qkM:KnA+xOwgG^Zn5DX?D@m^*Tv;DdGkH+1\w#U.w<v5boev>I`M,8b{kr>dHtd_}abIE2~pu5U&20:^3eH`b!f*q2A5L[pxYWPf/?uvU;q*TB(qYtw9E3vdYBCp;KLC^%t3&r*&R}`0quNaw<N0ezdd~we\#g+bJ=@BF6U~dWEZirlU#KL%_1PBW8^A"E5gw>"aHz+lppQ\L*fvoOh%8$EVZ`Q&-PrM\fYqJR,ftzw%[(tO_~`DQ?uM^X)K^xXFe^3@f,IN#ka]LVDZ&dzizC,B=}sy;gS$Uv@E@Df_dewd)1Hr+yLZBZ6-gjk$fL]My;w:bcI@q&<'y3m<5#fhGs,{M.h6b(Q~snTAKVsP@4KQdkaTvH@4KkKfM6bLC@[DLxe}tCT*6eqlpK[`wYcRP!xalFxi\_)>J"nH\*6Kt7a%M`lLa&2'fKBjxhY@j7a8c4Uh%_4J.>J.TLWcw5lp^9w6McgTw)Fd/<_ZvMz6b,C[PsQGvLyK=_r2}7p
07-01 10:09:06.265 27735 27735 F crashpad: )Q+f2q\gUDblDll^D__rZm|;~78-SJ]8PL0v@!"f~AHrQ5uvvmW\$Y=Pk+xrf`=c$eT+Mw'7?R2m6Z>T>AzH4KiuLN3>v^KkGu}oN\*6I56k,W$Dp+.$'6do\gG]o~=5f;vQ6hi:ew_q}t#6A6S4HI&\Cw6M#4%w^!fE=WPQ\E8`NH6f1m_/?>_rpX<b^H@[^vE_KkGu-wf]gqwN*6E\nmpQ~g)utoWNUwguPJ<ndY@L^Hzw:NgZ!b$`qI\`1^/=<I'vBLRBN4lP*6"GRl.o9DRUgo>-<;%t=R!C8@g1VU:b+B-Y>G[tqNj4-oE!W5<O}!:od6}M2vlc0WcpV<rWZNqzC`z^'v\=PbN<>a;v|Y1+{vJog*Oa@LwlGRs+i*Jw'Pj)\rX{P_Z^MuM5e|4"{aU*ZbOy/WYtK=Uotm(qJZ*6Gy[W*62UU^%CR*,oNRuTZ2lDTZ*6+;Z:nDD$AL~_u~~V)b5L^l^a-`:kJL5FVkoALYn4-o/"kHFLkYsqvT9*
07-01 10:09:06.265 27735 27735 F crashpad: Q6er0wnmJ+]J]g`x7bI<~x[A6:I*.ebc5Vwe0w"EWV.<ul`<$KXOlK7O:1slZ^$~BWLH0i?g%LhtRHFLIx(ubMD*=v%U9FN[JpxhKwbMOj^r"*'L+wxbEDW9@SX90;[Qw;d/R&\AhcLO,l$3e?@u(Q5A=JmF=`zv^eK|>JYjkj4;fcGvx7W\_6.Gyf]/Vd;utoN=dsVd!7JWH(lBFLkYxSjBr\tw1cb_wM}FGv,S<>S;<1Gv,ST^]o4;Uhuq4;UhYFd6RhoY?=Dtz*]@!wFXh)kak))oXOF`kgAi*HFs:6kgW:E@j955W\2UATH=u/cg<mGVD>?Qrw|[b2xSwip)SvWn4;C?V_FUp$tw5e))Z+`t4#vYc620@h$*(T6jHUsDblxf?kX0FDQuR=+h&$_\p.v\;bYLPC3?B5cQow349qWZFXN9pvl*yrCs4#YA@O&2FDGt=2~D3u4#zQjc^Uv2Xv,Sx2zu*"C$zwIosq:V=md4twIoAYd9r~+[X5._0ckg
07-01 10:09:06.265 27735 27735 F crashpad: C\}dV]AB8`k3BkkgEst\b2y`2r}aJ*5W5wZ4V,9`S<j6]uRxndS>][c6T94qH%_gLL)R\w4O(tBZ4gVujBVUnwkPCzf6tAFLe&VPzo!EGw7b%a9@//-b8-nkN+st._Ed^p>g<LI*=<ho$-~o{DZj(8,lL4ni|J;%+'8\*>U6Dvc?E$l+koT&yQne"nxswa&u8G0aflC;klL7[Pll>bJqHXI9^+/WHbv<6^-sDj=hXIkMbJ,1SMf`lIRd~d@={w%X`amkGt4;*6xF>1hX(Mt*pN#4zOvX?sJ}:pUAIf)>li#>GmgGbu$yZcnI4[jc.pl@;\rdS>IqW?`tNo4}%wpz1OutrXB^"GGt&U)XMXTc4^Mr,sl+m5+p\1Owikh}'u<Wxwmp4vKSV=od54tW|7bvq!#Eyxf5}e5IY9!GiQ(%`K2X@A:Fwt-m!_*[Z_37CsX__NOm};_@2rZtkL(M3KcH;mf,FA_.@"Ut\H'OX]!4GtH[2"&GOprLZc*Ug%U+#_EB
07-01 10:09:06.265 27735 27735 F crashpad: 0vW9!rwTjvxlh4l+3+7p4sjK6Z:.co-tf}S+.vePkNqapPNn#GY;NtItVuMAUICo7Nu|+o,7<;6~:](-aNP*je?Q3N{th.{oOJ~ssMlKd1xM&mgPOqXO:y&m{:qE09sTXrc7y?"4Uo4}MK"4QXNvIB7p4sra2iJBz_*5:B09C|u|~g3j$'av@7fl|L+w@KywW@%Htv:+QW[7IfPwx>EW:DC>ACPLZzS@n{L*~i+\HJ$S7:>t#mfeU@RZ,wBLCqM9%vg^Qj!LmP*OMKT[boVrj^QKKwpN<bwaAcY]>X1|e9nq4wP>2Js1pi;Z<g:F+,*b7i1OSQ5gjF"Wh9*K0T\Q/I"F^MfwGsU6sK!?t+W>eH+j*HTLSan:Svz')o?TbA|;DX<os@6-8I}o2-BtW>q'.D?vww{cSt%8uqoFJfSnz&Ha)88W4x6rv/l\+HO<20I5K6?aYDQJgzPQR9|/HtKr#T=usK~`Y6glf4>Q<m`4qp8GBWMIWk"IlX%LsF'VDw,_
07-01 10:09:06.265 27735 27735 F crashpad: wQ_d6KSz]PwsEM+<TPIwG\ALPn@(e+:nX5bzpgS3[qM]g'I5MK.,(fW=$WG#SAZ6*.5wgV@=x7{PbA\ArM!gov.sw\m~Sr./M6?>yV,R)r:^N-b{|;ed4aqa@5^MJc*7'km;Wl!7clB55c>JV4-g6M)o:?#c'G?ldIG4:.N4r+*:4kBrl/kKys8Gs,{M.hPKmVgVCKjuB+z?A^R&VII00f4/+(f';1quRNAW!JEgP_\P^1cg.29C-hcbQ}.vWt&W+h_lz3@asMS0vdTAkpy]JWw65.CII#d;HQ*KS;Us(:c/@9+X}FZy&TKt{eJ8Hr37v\y7`d9"zfX[@JBNfhb"GV(cal~)1FB5<wrVE5EM/KL*`EQVO_8=@tQ4*.{JUgH{VzSRWAZFzrc;RHyO}F)WT'E&bo|2sp#4q0y_b)}wtpA+.[-]jIIu,5vwxoEUA^z]5lp:T0fddIXhI]y3"U_mv0P5r.v\!mHS,oi]}F9+suCk+^[rUZp=w-suy2%25]zN
07-01 10:09:06.265 27735 27735 F crashpad: (\!a#vd5~3&a_wGbD6K8jv#N[s`J_a"&tgNi4jELWHnIhGk\@grbjMSRWA8uNUpuy*>Xo/5LF;``Q*p(X;4+&LH]K^<<QZn@Vt|nwi[D<wA:{)'qbV,;`s>Yf4CqaE3,|pRd++VMj3Owja8NcI@NJK(s{V22*w@.JaYs4hDDvfLTHTB~N!1jS8`sb{,#YlYR)o8?7Miv0((va/IH+vY0CtxE1w/JrZ$+F6uain\Gs,7N.hxw#ZZVCKHrQP.aH`q[{@<GiBlG7BB#CIAidk#^xh^#,!054wb[Nt@JzBO^Hrty+Z'py'iKh*ltnkkVTo]v`tKxxs-^cI9+at{0Owi8+16azI(v{b[Pm](\kvva%5XgBmj[L#}qp7#W:VolD+37\abEBJ>&_t\5nz9@Bb#5pF:?AvV]0Z]rLn;;QuFa|QoVs{LoRQLm)xm]]r>wwXhC3vbKtics'H)ms=Av=/gDgv$TrQ=E.bB:=*1vhV8[(v]_~8h,xF3,|pj-xwNgne|/
07-01 10:09:06.265 27735 27735 F crashpad: 9D;J0=zi"R,5lWK-.(g5hXmov:Gb(QvE>mB;yH[+SbJp2"'uL.>&D)%w{iJHyn:~}oL'8D'tqw~6qwZ\wuHQv2_mf,--"R[\0Zn>^<Us$3kuXUom#y%eer`5Bk[#77[++8GvW;:/t"%8Fs`"^pqYMYXxQ:36YlsO5<'eB4%rnFy#:n]<$tV`-Whg]rKSt/<8i6pp_#['}`hpjSDsiogS(ec{Z+rubU{DXwbm`xaIG~"w.f$?,x2izn#~pIoIu-XM.Z!DIhlMh3h,-)(m\*I6q8x3vLAKUs:a4;/]7mxt6Js\B=uqxMWM\(.qz\o,;sS<>A/s{Njg%'HU1/{YLwNgne|/{/ieFF*5NxSnvJ1:4\YZFXN96l,c&O~s0D,5qq,(ZgTWk>}QHb>3Vq?"7a~@d+Svl=l7%+.X3m:2_pHG})t5C4{'*c^pZwFr!2RQ~<iVbt^piohA:>DGJ\EL*FmoZ2>k816}mp2Q;L(VrEcdcLbt@Y8w'wv$'DjD0]&TQsoZ
07-01 10:09:06.265 27735 27735 F crashpad: !sVpmo}n&T>uUsj;05nxSn:LS{lGDiH/.(*wcj1ccT%]TRp1L`5tP&#TZ#+VF2/t*C=b819i?!wipKtHs4r4VZ>vl`1875bpd+AQ|ML^rJ[#}s^LW5Vs$l$xzAJ65khmlTc)7jFD/DTLkc16`r?13m@",u`/)N4;%.(qxmh8PL6It6x`@7cw@=jwmg;qWZp-~#ou}$8O`5ejkER2T0pYk>GW'4"DwSrBlzJw@&IH`WO_[s^vS\aK70YtDU)oBT+P:w/u^2wL$ox_y3Lq'G1L"1cVNm{l;C(@IFI>e/*&q4xtj*Ymd/'Xrzmo}n&T,|LzP*\B|lQ5qu?)Rv3Mmojaim*:#[c+m/BmLrp-{wDl}GhtCS%j6fu]%)Hg_f~o.Mo/r*%H`?RRmXU-9H!uN&\[n<Fsx~ufhJHU5LmNfgB5Qjx%zglIhL=5L>&i0ALY?LZjl;Z62<OQ?u2l@ur=bt?p*T\E_i:bw^dgMmtCDqGUA\>Xdg)+^n\2{tW^ua/yPQ(\
07-01 10:09:06.265 27735 27735 F crashpad: m_?u((Y_-uacaoJLABws<bbBusK2DLNg$l@=PrhOvsD2ap`o&iw4lW{vacarhvvJABlgC3YgHqHq8[:rFfh`5\ojNWtW%v3BKi|?ul:.#t6[dJR,KI]rL}:mo>VD8^9m)KABbrW]\+gyctAOJ6\+/ehQWmp/u~g4?{!t$w6O|`"C:6%mUV&$#tLvYBH#bb,vne6OPh7gfP_6Vq@!)mdo6z'ido(#!c{`?p!LvHYp[n$o2f\VSH+:{aP-#v0X;1X#4^wsZM7OarfQPwG)]@!w\sG5O6:]wsZMySL}"Ybm>SL{:6Obd+5/w1+m"M/lL}TbR4`1+Vf6wSzB6OgoR(qbnMu*|ghw3qhvO=96W6uS8-,'uor8ga{v9r6OjeP48],=tw>wGS>@9^?snt_j(1"EEJS6Hd^H5W&5D&Ka\wcQwsx,xF{KI6Jk`S@WFg@'>r].hUVBHrQ5!t&`#Y7=$V]g0%@b]V9*&&A3FD8f8/#TL}^ozw=>iFCUhv4qac?qW]\+
07-01 10:09:06.265 27735 27735 F crashpad: MDDK96ygyNL^nx:61CyO}F?r64i+?VbjLrzt6OHdXfkv*>tG3>/?J(=!$C(ERclJeveR,xKMz6l/Ht$5zDQhxYQKEg%+D;#O`a!sKX?bWK`9t;xS(-U<V_fy~0eJ&o0cf6[1FwFq:Ba[64*VHw\-k>#x:myw<84K!u8A96Ue,gDsV,*v[V^/Vda6-W@)@L|er_p+e.$oac?pEG]r7g0%(@{n<vE&kZ4?UDx]&Ybr|u-RhU5G;&.m5^gkxV/IH5tk%=Q:b2+0>QrTYp~(#tqqNLqz|nVM5@fw5cL=h';'G5hpjSD{:6Oblovc}K<#Cf(v{&+(rzqI.*X6"t@Pew"2\+QV!RUg>||;wbok6<]K<.M9+6`1-v$):]v3t&[sw5AU>w_dMn?7%&6w;35L:W@)-g'=t;Qh+S")b4g:lJNO>1g.s\WB6$'<$vSRo+\d{Y2F7?"tq_Xg.G}8uS0-guQKi9nIBiH/\'x5r2mau'njMb~pODblbm<t0!$KA?B5KKbp
07-01 10:09:06.265 27735 27735 F crashpad: ac7@</}J*w)v530Lsorx/mdo(#1Z|zf$#tPXD9B0_t.hH=96[<Kpa)yt$v]G)mu.Av=/?pC8rP>8(@)Vm..qr6u//OoDXa=8^Kq;zv%HABeq`*hq~(55dqdon6|B*X9wr2&veSmuwree>N\+e)aa|jS>WlI80Dmx!A@L<mnQ*U|gWvRj%v[V^,"RP`q+\;#U[6JuaceoZ3`W?bfO?bd^HT+e.07L$VKaFDanPM765O_t0VS=/?MK*ed'/Z.VYTG'w/NsZ'Cw+ilWQK}#:n%F:>0mg@Mgne|/8O\.j>N~?bJi@&7.[rYZp='eF63v/b0M&dA"z,\?dYATX=u/xoXLfXV?d6#w|o:61CeeiR/m\+)2K7@D7uZ*'G7g&0YB<95EFwLFdc8[bKO(,hDzTK-{4;]:&ilwmo}n&TVrGS@5Wq?"cQ[gfP5AxtXK967Ffsqk1Q`bS_`^\+5cR4`1+V"\EgJb!x,w6O:3t5C4{'*c$#)v{&9/LgHvd3iohA:>DGMu
07-01 10:09:06.265 27735 27735 F crashpad: F~X[v&7AVHkQ8Fa6iu,)iq?m(Lbor8g5@F@6V,"sKX?bYtU<oiRc%LymLV,7zY,Y7=,Z]g\[@Bq:oj5?4;B[XKD"TC^!]o15WKbq:b-HABPH8N[gHqw~9_NiJ6S*zzL^nx:6{XT;~3Aj(efKNxWA#68]A&`tlGW?t+DwD_96'N4;}J!jdcRP!xKq6OcIHQ9wZv.)&vSR9@o_y-PIht"1H-)zxFdElabm<tH!&@Y?~3#wFt\+!&Yt|q$fV00b$cRK}#cSJnil{\.bTvzkL}<,aeV0vgKKFV=wD_96'Nt[{Ns+M5r.v\k@99eK*$[src:lL}.-nJ:qtG:6O"<WL}lVr|)|io(#7^%iS[TKS~Aa=<+o~kpqL}|LVAd<b=f4vAf%$t"qAw\TL}Xj@D%6`17ll2TV%ty0*W@))m-6`1NirX,?m0Sf(v=7Q*io(#MjK6`1Di8A-WfBB,%HABs28m*tgETK/,,wL}.g|[/KYFQK-;(GQKwP3bigz:qoCX|s6[)o
07-01 10:09:06.265 27735 27735 F crashpad: _1\+#7Z+z'MgRfkI4O$v#zFu>*amv.#r0M1uH:DK#]-mJv<'@W--MrF}F+qV)Vyu4v!phm%q,tWwGKn+c7Ov\80}7+YkPOfRV__+)Wsi,`w*!w#T0nf4Nv8,P2U+:v]DJYKm(d`{T%-bKg`gQb,oct)N<l}so:vYjWgzF\qKgLFT(]T7Tg6h8DALFtc+spZw3+eJP[>L2J~Y#8#qRvegM}`cM+5kHm^=$]/JfCsIgw+0Pu6wMZ$kL9HWl,yovGuwn\Q`w>~t3+U@OIS*O+ecb@fvuTNaZinws^B&Mn_Rg(uKfxV@fvAmgjB"mk9~^5.f"R5b|WWam/b_CcntwK'6Mqjc`Xs&0)5wlXdQIKNTS+*58MWAt^zrAM(w+fXD&LyuotGVQacj(5%cJ>}7J&Ngne|/?ux~asC+*5nxgX~JL6~?BJN9oq>-#Zn\|_7mh.xA.15]kewdcER]t<XaA9,vbW'f^HJ^.1)'R4<i&[fFV[ZRriCcXkfJVa)M%l=jk77l
07-01 10:09:06.265 27735 27735 F crashpad: ^[}4zot@{t_?nP,L@SF`Tw:ASVsMM}boS]LhWa3RFL.1[hGELwW@2|+v-E2BOtW-}JaSDfmokjGOhj~z3`')Gst^b&vo;AC^fhhhF*')U2IF9A!-?6J_NJnA2|MVxYzJ6[TAe6?u|Z1Y`jV.2oio$>1?CkZCuB^LIV6b(=iZ,+-FV8<W]5Hr"W\L4A,XbgYL6rBS-BF?HW9"U#ivG6jqU3"cb>O.!pa-!W<o<W3PseI6H0z4,'Au2E~co%7M*tPSV.V9*`(=1wxXR>uK6l$/15LH0YqIyu;7!T|<RVy6W=s?OqqWX;yt^=.<E^rZG667V=;W;4)GXTxS({<W7R:N#fBSqX,l$/u2N5Ts]<.Z{v7MXBz,jV?OZa(=groLaI"z6a.f@1jv_^q[q+R}[o@G<W=e))+m[a(=}G-rDi]Z"x/Lje^01wovO9uJ`j(1jiisK>Id^H5WR[G/CHQ$`KWJgXG6LR{38[~Ziv_^[q9/Drb(IKH>vS0-gu)wn#|/hpjS
07-01 10:09:06.265 27735 27735 F crashpad: tOalFM_AP\9*&&A3j^3o,(=Pz>KJdE#fP;hYKLElZZ&>qt1:6k0WV.LDTc=kvL<We9*V}Fsl.$i++lZZj@kqV.6)x1fr:>Fed>Fg}l:mPqt?HG7Alhwt1:~of-+LtK0Ye|0J02rv:omo}nN(2K3v33tu!n^gBSeb~(JaYs\<V_5qIcLv>)$q0g\o?a@$=Pi6+VfE0tXAPm{l}q<M*6v<H\n(sKQ`[[m)hw5K0Y3vt=5dPJgkP\09?d!ij>;W+,t$uVkw{rccvdR>,h&(}K~iJa;0;vNaGY/rXS>R]PZv\[}+81ykV.6qYQ^d&5l\Br7K?qIWqkd.VTr[O*.O'W+v:/.:+1JKXH>P{vC+hPmINqATH=u/I&dru@J>S;>b2i5,tK0YWprj3v:sW=J6kK#vne!R%5[s8fr/:G.<%N{oXV_d,YxBHrsMd)|Q$'p3gDX9Z_dd;EJ6J!?I=v;'rUPdLq+hJCDd!TA^.<aLxeBSUZv<n<Dt!g>ig5(rIH+V4q#f
07-01 10:09:06.265 27735 27735 F crashpad: 6~26.<yX}`gpjSL{$W2"GA/NvE>mVtYpu5~Lfh`!}qtOu5zN_wjK0Y#W,LxEtK;WkL(E'cr"sKAXD9D71qr:wp~dmX]vuyiK;W;4%GB{@6W$OV[%7sL~3o4/wn&jR8U<cqIjV;ccX2.8nKi,xFC4DLxA:`vK96ES$_le)xnA\+wR1WmV:JwruM|!%G5*b$3\fOKoN&#T%4Wl?QisLFHp|?.<o3<e&4i@!R>.";EW5K0Yeoll/7(x!~SLbH[THsj$=1:.>ujf{v-RlzLOLAkZ`-Qb%%{lBmz*aSp=wg*`vWz5c2*o1:tr`GHYsp.<mrKX?bgKoLcIh~UwNPat^_lrP;+1"w._dmEe$ClvktD1_%7@H;ATX=u/xoXLzBP?d6#w|o<W=e=SF-dleT(K0YOdb.jfrK?GWt`Qk+TnD;D0:G.<y|]t|>#8t'\PjSjgcKFLTnQu*Y'[`w;Ov(rwVq^65a&&&v=OF`.<yX=Pk+LH0Y_%po|SNq{^HY'Wz6bQtz8q
07-01 10:09:06.265 27735 27735 F crashpad: o]>&]sLWtKQ`b[KGC4w'nwerBSyL$o:`xw|S*wAqvpMFLi`r\%&L,SuaLW=s%Omp2Q;L(VrEcdcLbt@Y8w'wv$'DjD\SV.JsoZ!sVpmo}n&T>uUsll;IA"xdTwi'ZnYZp=;/%v:]4}:1hBz,bB_3<p",k>K+9my_L8Dc]T7A;WU1ml`TR],0NirKQ`28#KliJ6S*zzL^nx<W=es~}FS\@1Nv_!0b!)Ak5,dw,;(qJf]J/q1:tr&:HgDv"Je<_Az5V<ArUR$x<AC]41VZp-l$ou}$8O`5ejkEL_*@S;X\_6.GMlD>?Qrw4wBSy@%qT_xS.@WawbH6t&9/fdFa~b;wgqDG:655-Vqk'+ATxUfXqo9r"(L6nb.wzzv(rwj[^j"]rB$?~3cQ[gpEzjEfV6'KABgr=`(=mo{7TN5uP$?D<r'[TKII(t'7~Sj>d^:655Cvd(t@U66(Ma,v1:^Ivw=a(=?`2p{4zot@[a(=6>ww96s4hzM}bo=r;ETK/,h%pKs!
07-01 10:09:06.265 27735 27735 F crashpad: fE)m$/Xi8A-WfBB,%HABs2to6zKH:6/R2r6ONgrf#U*5TGAB5TA4`1pWvK;?fS!R-t6On]\CzqRZL}BEU@R*go*T+Mio|*GxW^hKldGy9Nwo4IgK?nPjm_FM;L,[@i4}]k8hL}<JX-U;Vt#j&(+VKg\[=<?)+5Mx@mp5`1766t-WR4z&#bHwkdT[TKCV>1bVIIq_`izQSJAB=thj1MHm-w7KZ.CWmo>>PhnHz?/L^!^p6O2}'ido(#!cE5hDbvVVCkju?}IQ4,YcPhYNgoTYGVZb?8'vAYap.v^Tx|,g&7%H%BfT{n<yO=LJTbNnf6D,B=}soFit6$mIlz`d}KR|W@fTAm^uZ"7`CO6a.f`=\+o5dvRZL}hd\,Qu|6:6[H3|Y_Kg&0<<k_pYAw%Aqe)]"O/)b=VTrX-hqkaet+zsT:W),;v}Yp6v)]&ZovO9qu5&xS0-guYASh0IDi,Av<dwY|fNTeI]<F!a]|'@s;X\_6vs71b/vd!x0oac?*3U[//)
07-01 10:09:06.265 27735 27735 F crashpad: 6kX+^Paq>)Tv"p6ORQ^<?QBL^WlWYA7BgoZRgm9Q`L6<0Do9/9{f,+m+vN|*-P*g|-IJCcav}oH*-b*68]o|(+D;}N"r"Je<_AravXTc#f2~`=IFdbJ.JaYs\<jIZW&TB~Xtz)9F~3&a_wGbJI6?jI|8?^}FAw&/CSX}wo^NVzSRa6{V@)0JgSXGR\rA.L\m/g,b@{6C$9>qKh,(I5{a7fODdKg)SALhuF~<Gt~RI4{;rJKVnLM.CL-(Ba$*xH3mirA3\mfdj*'489uS(-U<xM.obm>SlOSK;RLg]O|vUtODlabm4p>"3\*dkaTv^tzs&Sot8-|,llX]9t8w(v3BL9:634y&`mvxSK7ps>u8tE3\MTxS0-;0RX@JwfGPJw%Bis|~#TI+>pJ)xNraOa$sacqR=Wxys@jdQJKd{J-(8qZ!nd#^cI9+ate5}soFYlJ&}52-J]x=HhATP=u/Xgdr7Qb/"Z]AhvacC`x=Ri6O|RE>*6Cw?vjGmY|zf$!tPX:L
07-01 10:09:06.265 27735 27735 F crashpad: IKC_0*B>*6X6yd~`rePFMi(b@O|wrWV(-pr4;`Tn/Z|@Usj;b/>XXgx{o/F/vv0.R_?R&lrrx+'Z-V?ugd^K9NAjxMTlOQV::~X9~@PguVam>SfpxVc|kVIVKhguw7)7XA3X}dDr\1I\[Y<FTSP[7$GHG@8$iJjKCWqgm81D)&NrIuTv4Ja2G\tY2<sA:O/pcem#&meO:k|w]\d$^rR8dvZh5ADs|BBN863A6._k@1)Huq+d`{FJ)d_r'KujDj?CBY:pVTgu-0DK5d_1uK".TfV\+vjG}QMJ&o;Xok(7*6}X;XCvD6m:0Bjgcq4G0AC=iC.4bv0F._rk5pQQ7$XA8,NJt&HU1/{YLwV8bsBlXrUs-@IqhUqHHfe4,/eJ:k6t\6zh,vPh`doAD5l4EDTb>Jh5-ghZQwA;pAED>1|s[UA>"2a*$PGLJuMYAmru1r)VOV*wAqvpCQ#bwsKM:jPJHpI+l9YN0A9x,m(1\L4Qs@7g*POJQ4)Gsmh8PLHrzLi\
07-01 10:09:06.265 27735 27735 F crashpad: u4~wzh>s^P[63Sm:2Wit|/T1x-lEgn~:J\pw|#)f="-gb)QwTCG1L7=uYn?`[7totHBOMI-4ULt4~wzhlt#C;wv,x;IKTITLCO`Ar}l@4/@7;wjN!jFDqE7^2I7=ov%=M4xwNgne|/gIjefVZ]i6rpwQxoMYgp~9g!;Asg0WB~pb{3z4]TTbHpp!+_R-]Tb/YedgdVHiOR.mR-UL>=-q6`(1tx$ox_y3Lq'G1L*uMYA(wnBTsDla:gQD|l,vMYQu`$.t6,;`quTCBceM^Ap,MLDPJK(K7=~f7AIv(lZTyLdgl:lV&6~bfw2WZT;mXC_i&msesL1*'`_gRQ<@\BDD;iOZ6l}\QzQJtfhJf4{Vp=7()K7=?`ZD|4zot@%6bZHhCw46(1PVsMM}boY@jk0Ycl^nzb/Au62*yoJC@v#%e4#_EBbovy3`(1.e0uMYiu)W&(?a+;RJUg4V\SJkQnA4,/\mJNZTEZx-C5,/2n0f2sMY5ZkXr!?a-=G7;w}sY$^r
07-01 10:09:06.265 27735 27735 F crashpad: :65cn<'t~@_vy'9w<&ww}vZKIw;'0Z+~C3e&@W51]wW;7A1uJH4h`Y.Lq.qz"KW/+vX/W6=~]v`JkIiinjJq+I=p[82ft(27wOU.`23#w/aKy451^Whybogc{p.N#4yaJ>UKpr<WD8hU/wlrM)p{7P1:QU`K5RF\1:Qw%^,WA(BS]KgiTG{70YhpDA-tz)HtJakojg_Kg+$d<?BShu;|gep)+<-vdNge-_&E>vA6hXr&9veQ8NMt\4SS$L%+J6Lb*BBS)XlOAa!?m0Sf@62ehM6WqgJz8W3hhY?LK5Ndc7[8X-of@62eb>X-M6};tQ1:ua*q#u`4VKci*B5W!'0i6W!WNh@Y|jZ#}a{r+Wl?kGmZp-BXet9JR0B\0PEBzo3K/..2CDrrf*?$,Vvz7A,ftWQ;\B\>`4#iVV%`;O,^Lo}v[`9vC$l+ko7oBR.P@NvT0ibp&b#X\ptOB[arp(sQTLSDLVXTOmE+aKZ=\OBx|OIK*MSMnlYPOmb+EoQd(els
07-01 10:09:06.265 27735 27735 F crashpad: r%[7JM$WAL:^`pHU3Kql[AC90yt*pN#4zOlcAKUkJ}:pUA()=[Q\7y)@hqgGbu$yZcnI4[jc.p"})IN)p{O\xS`+nav}Bu`=96lwq!JVb)&>P*]KuiFwyB6&P*yVhJ|OFLYi|;(h:Bov>C&T1j:`r0blsbmb\TG!A*swF.v/LWU4nIpI(H'AR[hH]t0t.IqtNF+C1-:_J\NV?I'e\/;5H5BZUbj2\RX+M{ku852wn52ImX-s`=i:'WPt6SKvn.n(GQlHfS,H{pBeAIP;~;r]mG37IfW;<B4\]((w"Jq[p:EwK8!c9@ux*d6:H=-G"\xsl['.&vYY~CD.+w~}l_TkKh8K7%1w;gg*Nr=1bMAr|9Qm=1:uzc]hOiOA0kJrN64g7tjlnh)DKaf%i`8p/<r]}5+OXAuCO4qK27s^U^nAuQ_/yBpn81pN#b"skhsevS`ckE6,PI]W#&A5FP:+&q@,2:=aFh~lZ0.K!S+4>h@ZRjw18w:@NGw+1:yt-(/a[5tc
07-01 10:09:06.265 27735 27735 F crashpad: A[,A>5o!3>;m+lD'y[gv2oW\$Y7=>SudRoKN$on<}@@ODqEDFr@!b\4Hhh(o!SiuLN3>wT"vp9R*pda"mlu$q5\^\A)_lGiLHihU`F._Jp<grLQ\f9rZ4OELYRe<eV=[#eZDt-Kw)j{_xi&0v(Ao2b8BW=leH%qac_p)+[D+/6Ndc7QkZ_QfTm{aG4TK,)aor`2jSvv:l=H]rbbrr^/m@'<t2**^#'8-b6i259{t@^R-}t@^V-mtVyhv,8Nupi16mE""o+:^yaG<Lw]`71Awmu>u)O#uH"Hv+7<1alh+tw=rk-g0x5q:2AX;<B4\3caOzawt-q^)T*:+]Jt!Wp{a[..dYN3CzYMvOW+(,)'XPu'fX_.GUd(=&e##++{l:\EQHU2i1z!`N#$ur_nirliE0ywv30&SiC""_;fK6{6'^a93!0(A[VWlnt2G3bC3VTOuya%czV}NO9cX7oT`719m1$5/71OhKqDmW\$Y=Pk+xr^Oem"C""3b_}&2,)Gtih.S
07-01 10:09:06.265 27735 27735 F crashpad: _F""g+HO|yW@,)'t>j##u;-_|Wfj'ej!@y{a!A-JVly\4|]]o~=5,.vQ6hi:yo^XjGd[,?m0Sf*v0;Oc{aMW\w{a]WzV,YlWqK}rM)p{s^>L&:7_P!vo,w(.pd##yappj5:B0y8sOc1zH<TK$Cw)Snfb+wRSjk|7-lud}"&vR|{Y?q*wL@;vP9*wv%'/.L~lQ<tp"|MrvX2O&H)bR4@a(Zqt^tveLT].:v)6?KkJ`HO42ZL[aJ-oM!Ct!b**Ow@t&?7O(mRhXs3EH+KHPv=#mI"r0(evQZ}`AnIw0a(VHrX_jl3>&pU593\6)a`gY`HY'u"<[g4Ah/J5|l`f|+M_iexlP9<11>sqb>hd$,R#)Lw{zVbuvK0)-rF.j5I>)@QBl;%T{s#Bq+iQNrIQ*mDQ%opJvl*=dnY)j>$tvG}0"LXHQ[=<C3AItu[/NgTrNH]fTWmoja;DDOkuS,kvZ]J]MX'VbvN9X\AK<m3Ld[O*,Ats*V0<nZfI_I-m(QKrzF.p
07-01 10:09:06.265 27735 27735 F crashpad: IK.XZ/_vYs;OEJl/9VgR[6evu\5NpoOnRS,o=r'p$/@A~9I(s2/W?wC-xh|wm2E7<+;G-3zw>w=?]rE7nQ.NMr$@aL22iK&(rwov1#g;:JIVFB:1.W\-IKv%dn<O#f^0kD{Iyn>XILL}"qL[_d/!zfvXvuBNfhd#[@vL"w.f$?TL{tQ:/kN|;j.ZyY9OHsz@nt_mg8M{\O-}[G`a}R2156'KJ>1dkaTv*aUS8+gWOrdX?kcI0[I3{?dsds)8Mq*.vrfZ\[9v,}v(rw>exWQ[2dal$JeITK@;uFN[iT]a79cr=]ZLhYti7a8cJp2"E\tcal.ot\|0F38M;W)=rX>P-r<uz]cI~|Lll70K8@&<^lquA\+xEO+xYy3q<'Ws8-]Rt+n+tu^|j,O.7WSV[_J5r.v\]+Gb@v%?d6-&rwcv/KC9`lN8a\Svf{f4Y(OiCKgvfE9]+wvmjQwi.fh|Al4+}KC,_i*}yh4+EaphJL^L"~!qLgJ]E5k+5ZH5p*ao@G6m
07-01 10:09:06.265 27735 27735 F crashpad: R),7eVAEvQZhi:Eun7Vn9?8][@wTjvq1cx5mLbn\$7N86m>KEKN8Pr@NMjvmvBi/;\rKI)5FpIiu5mfPRiML&p$S|5YF;b0gaEMC0]rA5i4wP{#m8N5whGqBBZ=b2hM*9w|1\o#sXw8N=b0G?\Lgr,$_}o2-QK.p2IV,*G4kBrf,tsuDnZ2v>uv}c],2/YO^j2^A52AzYP#8dv7:j;(];0'4HvhyK=]Ao;=t:ul8C9rrH(N*JutlQ+TZr:AcHs\v4e.bN;=rqr4q5]J76^^ufH<ihwAqZ~kVUrQkN|K=]AApjj}Ahg:cD*_Gt(!wjE"wcD>H'_];H7iQf*-Zya97{QbgVWf0]K!tlO*b@/fs>VawHR{34Y,X{wE:^s0c?1je<#J_MvkmH(fTEo:<}sEAaHI6U8=`<xZ>w17AJ,9jx-sI@nJx^vo]}F?J<v&(+bh9ev-o<w0c7">biksMLLLb>8ur`mng9.?soe&Hrw'L-nZ~c@R9(s.slOy[xw1p]c}t
07-01 10:09:06.265 27735 27735 F crashpad: -_r:&f)L$_G9nix-5a@}718k.dx-wK)"zY\5<gO]cTqqhNi\T>kud3[s&|9;Ng~v\jPYTT\>A2O]ZLTo|h#w8cJpB"E\HgWw.ofTNL^k#fZR&$yw;e))Z+t^.`a['VCW_tvD0K+4bT\Y@J.\u5YF<b)c`Ym`Ypv4;`qu^8s{i\_)>J"nH\r:Kt7a%M`l&^2xdO>!gUu@`sc{fhD#[@<S6a.fVL[w0Fd/`I!K`yJL.C=Qi\'fpI9epI?<Oa@7Ww&8Ls4+jG9fx-UJ]^rp7bFmh8PL0v'!vp~ArwQ5CsvD@eHWgp\Dv<8LUP&azvX79Ogx^A3i.f7uO`r:{ve71[|p,FfTeXlc]A;mvg?1r3laNvxL=b7j`VrW(K*m?1pP&,r;M=XnM^J'>bKlO+nd7ObogcGvhy#4%wl!fE[vrn?v%6KHuEjcuvDM3`?1Fs`t6$vo=b+t:fcuF*?1.k^Nr:+cZ^?1"?:/iv9O=,ULYgt#$xbjR}OR.bn~h\,Wx}!Waqt;
07-01 10:09:06.265 27735 27735 F crashpad: ?C/:^SWP<b6Zh9t'$tBXaJ-oM!kH6mZm4;~f=6;wtmE+KHlt_!Vl"(j6SwJG'G3SkkZvHy}dTw2;gJp+=wR,#ZE5~tj76/ar7ttE/]zocma%CIOh%6V,UJMiVK}$vwpX^ny6N@f*vL5mNg?ARwv}w.<=?6X-@=]s0carie<#J_MvgmH(pIEo:<}sEAit6D[!nHw17AJ,9j4+sI@nJx(KG?~3KKrk4+7wBX}B&2pIE0s[H5uKgR[6Tj4+7soe&Hrw'L-n8}c@R9.nNN%QcI#sH7<+G+:FpI?g%bBpKE\7sw[WV=5mhDR2?p9STghHzsJ`?uke2.L8i6r[5meRAN|;Y.yw12Jc^5lEQ#Cj[pATX=u/Yr:meU<>!RZ+su\c~VD@@qVtcNYw2;d/097-Kv&8gaqu?\|`zA|lAw;\H5xP<GYrs7`s-@!nZF<b(c`Y?=Dtz*]@!wn,JNi\Az6a(s;j4+eJvVTbGr^eEbxc/!D;Ji7a8cJp2"E\>CHr]sLWJL0U
07-01 10:09:06.266 27735 27735 F crashpad: )o^QSd.4pIOdv.*f"wFPUwl-'`_q{.lgSQg60sD_5mnW^<*\9v@#n0Ww~tge^n\?)o\O26ar%}IwxX=Pk+~J>p>c$e4+yK[*=w4M}B0lGH{wWn*uD+5L`4DjMLD?")JL^L47>b2`L.NLCsJe:O`g]cyXRCO`LG?nT9r~]dBH|oX+CrTK-I{w+X4{AHDBarTKO*cwLxC3EwT]qV^v\+VdN(B,oqJW0a1rTK-I{wWnvq*&^A//wo+rTKs|H5S7xkjV[{CvP7zs4hJLXipPAn`Q6\$c=b"@B88sJ.-_BX\?yPf54PkSDIb?Oqmg2hh+!(KtF"zwO-ip*O]kJaf6&P${4A,XM_9mu>Twr9nO%`*nqIuKKLk2h5sMF\MAcLg=ap|V.8tr4qF826k9wtAPM@]%]FSsS\$)|8@qi8VV.hdueQ(]c?Gn+6iM]PMvG,,(5K,,4t2z9Oh*3<\:cg&,%Ho;;J$M<GhdnXCc[ZLrDycXVi6&(<MJKpBX\3Eh?q*Gct6h
07-01 10:09:06.266 27735 27735 F crashpad: NXo2Xk*ft9.ft_6?vO=wR7uM#fl+Q9Hkh=e,<[TZp=9.CuS,@Q$4gwDQ8G>1yL2n@!]o=H[sCkh%MJmJXA+M-b!Wdch,XIWlG&M@/~e+M*Zn`lpd"&+4iFFS.n`1T6h(F>+O+-h?Q0fp"z[AWzE+jBx[zway#x5kGdzL{_q,atpwYe]Cc?UV{oEYsoVGHrUsrOb/@9s<q+uXXn`1JaAw+B<Oj(wloEa[ToGi2aVbNR:"1rm,;u7QOae6UUgaz^:eXAE.4wj3~s#sxs~\NYrF[*dO]mp!f6Y7$/*f"wn|pJB"aHz+rc0%\9Y`twn4-hm4!x9B,b.Fu*!wmrDu8':WowE{jfoXh;g52F^s0c/)jehYJO?bJ?<b>-b{|;Y.ywekfN>Joj#&W\DFT02Zk>)x'4LkvS$C~3!wjtBvQ7swekwS(-,'ew&S21563qV<9?~3X62qLGL9.4<OsY@JV0=hD_q+_m@=<ADtz*]@!wn,JNi\a*>J"nH\dcKt_5'M`l0S
07-01 10:09:06.266 27735 27735 F crashpad: WLdO>!gU;A`sc{fhD#[@8DHr]sLWJLyq$f0+b+Vmq+W)^Xy/\sb"|v47}G^Qx<KWs*PL1XZFd6Y7>Xq<Dt`%]@!wpq\#,el')o\O26W}d9kw{<^8|QBw%d=c$eBByK[*=w^N}BzY7HKw_8da`1cv<,9jxm38Vfxms8j2W}8/unT}b?bwrYQcRCIWXW$OgLr+W),7eVA=[46LGX<ml+]DRKBB'LISH[BXzs:OD`"q`1qac_dcU8xs:ONUHLQ>G@^r&0#56LGXzs:ONU~wD6W}^w25L7:=d;gv@Pom8]~g)u64/LznOnvUcc%eHM$s|GhycgZal]+(tK1@5@u4/Lzn2ih=lI@\@1W]l)V<gvS6~4U,_r9)o+<b'`apz>ke\Kv\K<:q-bRfnFg'QnnW'wH@~L(\cj0^3qnf,+gs&L,H)v*bU4,w|QK@*vlk_+.be5l1aR]6Xr(K`vC[L+$q$QVAfCdTreNj0f(;x.^l[3~Xt5kMO^v~_ic5*Njl$e2;S@33
07-01 10:09:06.266 27735 27735 F crashpad: #JE0b\Bu*B|BY!w*HOp]?}v^gmR\.CE5w<"*;qLD}@uK=D|]FL|^tCi4xDpvE.>s8acQI[cuhj1>|wA]0{qkL`Xl{Qw``6D8zsB*`o"'j7#VM:dt8~WKkwTr%VXiOtqK4|wW`Hy0\Y.v4CDT8RgU|Rj\dw)c<wNSOtbc5qc1lP*O%wXA7gtwdTws2m$C;6op707E|vtK.j>ZifVh,LbK_mfPXA/{p)A6pmca[pu^FZIwaRVpG@;I-8BpUakK??_QBAZwZs!<`)c4-669uY^D%?g6qI}p&BrFOv"G!):6UnRn$E2}{8;Oozpu$#roplr>_a_rfOd@9@&td>9NDG3vb&$xF7d6YW*tP*II3}/\6b7Au~RQT;MV.t1:4>ulJH}bc60WH9[/?4ecCsTo,].)Drbtze/@##&wCFmZ*fxoKn:96ABJl\S<oI9J@b8?BB&d"m+>yd`k%-vJoFYz*b'UYpCQPSds(B19h>Z"{BpKcyLO<owT)b<=3n$oLsmPz_"r
07-01 10:09:06.266 27735 27735 F crashpad: $3~l`FZ?If=cXkP9kKzTML~WY/elT2nF<5Msj\pT_dH]+Wgc=KKwyN5_DIo4Sl8jRf(Q(x'Uao"x~16g~lC#?LQtS0!,$GQYJFVL1OckevlK43N[LlKl@i:L+pt1s)-vkpVv{W@u_m@Y"v`V[Uyo|#8WRj~,blR[~8%typVRzt@6luN[*N>atZ*.sN\/36"<V|y|;^8k~Z~8JnNwoa<ZbgKr"EfT-l^+>v1K:9P60mAD-.zV|c$AUtBeFA2jLc~J<\~8;KTt2]5OYAKOnsl\jNDLP>H%o+W=~PJ;X[o)`t-(s8#tpJ*_X^Rhfi~,<;hsbg5gHA~PQKar@1sF[e:aF*ADIW!c;6z,[@=6~6J${PH=X_.Q60V8.xzhnG3M)xf<^C{ntwos`AtsSB*,b6unIQHmq'(x"t)7r+"]h+@/"R"09Np6C$gGP<n+rAn+KI,[~vnJS<VAc,<LoOQpYu;OsUI.)tmA8`a1jv@/*b>_.X3q2p;O=,u)*Z=b+qtSyokj
07-01 10:09:06.276 27735 27735 F crashpad: GOj`.X#igvJ.4W|wxn#tj+It[Fel:QV}_Ky/chVDIA!'sU\sfpp+bNI$vQCvV3diXuv3(1gjV<pp&2i+;9xmzE%X.h'L5WNXt\ccXk?RS6[HQqBVKhtt:vpHYI/74#8gBOji${gv8w#:0KT>_}RjEx{OU6)cV1Msr=z>nq*Sr*"@:]/w3R}lcc~i-L];4\`6aWPibEYFS6St9*S}S78KTL]K-8evN_T;@h\6Y5CuNc1j\Zn;`1Gmt"wq30ton+_<0:<Jz~Cc0w*c*G7S?Vf*M9Ew/g^v?6^q4S+,<DYAPyYAMIfUVLfvMx=jzsc{~9%t6,xCeB29xMErQOUk4PL]0nam;GyB>eET;4G-T,=S|^-U'^y16Cj-l]F2F-=4Rh@<~1CO/2![ISWT3D]3B{&sq7zC=Ew2t$xyk:'I0F(qZ/f[!Fo]`Vws|`uoz`Br8`T[H9;gsT&l(Kar5lBHKw5L"bBHHfuT8m-LE\;OX3;g4fBW45pq_Vp;ut8\T\"`G_4O
07-01 10:09:06.276 27735 27735 F crashpad: &.>}rww6il<knTesC4]9>0nz#Jj^2Re42kK7IaNB'G]tTOeDPm7_vMYESeFLvaUInImK+w>xRR-jwNvMPw+}Nqf2ju7wElJ=9vFUoE@Bxq>(IvDw(|(5sR*LXiP_&L<&cp<*uG_A?EGe]nTcqV3d9NSrZPkw#:,ZR6}T7mS.s[RttB*LJn]d/wS3fU1>6vZ/i&"jzFws^v#,Et%T]rBk1DnIsvPJ#1\:Lw1Rys:wAZj:wV0_/)F+|(Qk-LF@F:7mlcU`.b&r,m>0AQmCpG.vpZ23]r=,lot+<aOG6-%mm]/AnoBoP<y$Iw*1eMluv@gE\G~sU6.x`T6|ztZ:.mB5[P3q2vLZh}r*awA7s+PR`6_HeOfQ(w*X?wE\dP6b)>8^-w:3orG1`Q3;n*l\Q>:u|Q|+r*-b`kkk6k"@2Bc7j~l\VIGVys`SDVFJ,p!6R`h70y9^+?3\UN#%;6BM_\M+6@_vc6&HJ_lMOg~0'arq.Oh4,m"Av<Mt*O'sx7)bZuF@
07-01 10:09:06.276 27735 27735 F crashpad: y^7u*bEu\cD;SwYQL^2[BVL[;7&tD&eQvl2M}DVgItw>)Ge%4vz.nk$]V{0z:G^l1QpsW}oz:B~`V!?A;nN1#6wI|-7:=QH'zIvZDjoRgs#ld+pw-J&rtKza/ej\}PFhKR\?K*YuF70<(Cyr{+T<-f(?K*9W:PAD>!]@!s{+z./9{tX{Zl'(YVObso9*@y>L#_Z>,v+$2At*|sxw.p1b}`S-.LTUIH~O<se6AJw-mmx6^r.J&R|/#4;\b-&L|mQJQ*+unk(M=3vdzr_=|YhVzNzd,%Tc38JaQa6{&X)b4J}P*bDR}h8GaJ'b$j&5.W#4_Q8s{+MH;vFzQ3v|Q5MBR=lFqUP5"L&rbg)t*JQ*J.(M<s>Liornea&B*muK*ZH|X!BSAOs{%lrG=Qne.mcY]@](2"0b&t.J*2C#C;8JQ*vd0J0Gh5h%5jC,Yuxvuoi([u.a\M:BGsyvMDx`EzMK%&ia$eXGXF@AioQb$t"J~@UsquH<r:#>}`9pIv9uJN^K
07-01 10:09:06.276 27735 27735 F crashpad: uoN/>`RLDrg6|pxIM@5wTZ~J(%4~V,:x/iZ+3bdX,fL'HvPnTkao'iLw<,`5uu`)CpR[/A;I[e(aq>.89TTAwv<K~4;bMKArt{iaf1zo"wC3:aC@JNdc;-DDond697Nwh$Nu|+ud$vA4aNHiVcTz*RSM6+E{YQ4Ggx;"1bv\f6!t}NB9&e(ebS\wnkCGE\gI]K9n1r;V0AK8w>/A#d0^0AK8_2ZT\QK6\_gk$xrflw#x$)^<nHb6C`K*T{c@!5\GX`yJ+G.uJt\w\8QJ*vRNkIno7eHg6V3v]K9n}Hnoa0W}]5uu*"\JR:^Pe<iv%fXP:`J$0LqA~s%t=.Mra(jw1:D*-zb\)m_4Ru].~sB4xyfd6/%GMG..j.dG9n;gMg3NYQ"^Ux[2IJi3Sf4Y3Kr@]`6@?1,W&bdc`Z=BnsiT'Uz.:uT3ruy`:j5Jt\2nl*)Y8s#,c3G%[Qem&7_2eqC<m)ftrP4W>LGH}$3AzV,GyrG^zVher\;s})Fp"J#?2*Fp
07-01 10:09:06.276 27735 27735 F crashpad: ~I)RaRPg{DI,`gP@7]IWR9evMrJfOV8D%s&+4#fI>;l==WR-L6&:wK+Sur<<ooJ2zyjf3(CDm_XXb%3;/SwI!.Gr7D5oJjpo2rS<'W|7K7mrz<@Wt.xKUXov{8|rd)hrd)61EUfdz4PYtW>wLO{oPLq?CDK(rBa`P6NXM6leH]GPOg.vq:`wt?ysev4`GhJ$NJs+F9a2$QvI{kFj*vBe>}rww6il`UjfY)a2Da$nJ2CmJ2{yjf={jf={jfa-%%OsCDyZK6j<Nu0,}hmGov{8pr!;_l?W`hV\>){V~@@p[K#"Bvv^$\Fp\w9FKxfwC%KvN2SjhUB1\AT!CL2#=w_)e_oI4<flxtjZ7W$p4s\A,MW^~@zqJr^iQg9lQ.]rzfaAhEq69b7y+nBj-Q^*ysIya\p,XQevXP>+'u|COx\AT!8Lax1wTS'v<%Mm22Ie*^VoHM=3feVu"T$rtb\1X<+1!_zoh6O.]qJr1KkERJH]RfQjY#\AH+ewAt%khUabQjY#
07-01 10:09:06.276 27735 27735 F crashpad: ^r}V3^@a;iPEj5KqD;8%(-GmdL1:18JN%lh2=QjfTnZ=zf!`[w*w7t=mQj1O)miQ1wTS'v4tkb^X*rK*cGt43|P]-PJ}|s:ptb\14J,a&3v|a5&rl+&Lv*uKv*+odG/&Yp~vm4{r:pcr:pcr:pEc^XFb^XFb&Xd1*m%K8^-wpV090%(-yr:pcr:pYmFhNO%GmM$bz%$bRQ#4C#1L|oFh&c^XfRi6Os#4)X#b*}Ow.7_R*$%bLFcd&v\HQmtT1a\l3r5/>L*.CG!OCHkgRnc6<oN[.pZwlll\JLAZ2F?pxor*]6]VNHWsxstw-)jnuHRJ|C~GzoGgJfcQ)Cr:g0,?kg9-rKBwRGcPx-sc$w4h\T5<=vXl>1*-7L|zC0l/`a5-Qw94'c`mA-<@onT.YO7KCQam6$399W0Q.r'pi'JB-mZ7KgZ~j`M[x)'b:t<V|sZr];p)pI$bp1dkI*O[6L^If'{l7Dcp&VPaS\lwBpD9FI]usOVAfA1b'PmX`vP9%jRF
07-01 10:09:06.276 27735 27735 F crashpad: QoYP<jT5\w!q[\&dig#r$c`vgKzwN]pi9^P6'1>joC+3Z7U[NXD9.(KWJ>U5-@,6yB%v2{:nR_&m'EX6"wYTx[zZm\/8%>.phI$xq|\orqIz.pDr\Dn0A7m`o!*j"KDnnKDcaE+`47+165]k(+EK-mX1zwUUqK=t[ndo~jo|.ud[BSPg~5+J#u$GZNcT#?;j(<4L^`=+]Toi8Y:s9v&v$g:LBj{_%=c4qq7fe4RJD[=n'l$iE6^avh&TQh6MHEC9Dtab*C=UM@'@jt~Sf8&UUr8qpvaVAuf4yt?2ztVl-4paRt:B%w|2{lZ4h1@QboZ0aP&4I@vlxIH-9OV+usEUav(Qws6r$'*br"->4s2EZwc>(ExaK.n5~pS-DweGd3EwyL[@~nv/_s^gn^Uf*BTloQ{b"5xIpRvl`)-rcK*S%jH+VltogHgativd-nbBj8>r0B}`FtJY`r|a,rX#aKgHn3V?(eGuF}|Q&m"6iKIvrk>`[n47<b3d_QBSegg"TvX_
07-01 10:09:06.276 27735 27735 F crashpad: F@P_FD.(%x9WOwp"BZ5r-X#d$GtCmie+G{?2.Xnp3LjIZc~~2uydabsq24j+/Te^"zH~*iZl9,to044mwZH&hs2f:.YuF70:(C#w|x#8(0|W2msXl7,1Bv7FiFbv^"@D)GYDsKumw<67X-0XZB&l.qc+#)2K+`-mrV6MR,4W\KbwcI%4(tFP.XL?a4;/G\T;iubktyD=X(2"dgmF#rP_N$1-xK-M)G7SLsnvoWW6@:lkkF3N1+yNXQ:zSKHlydq:Hp2k:.~~Bu/M7r*)Zx|J9wy;T4Nhd#'vQXpFCV0:aorVqV@Wti_nh+XMGt`eE+,0%4*5CK{Q5f:.s5*64muY*wG6@OHa@YT;?p0o\'[l\g$OZv^"fITf$icw1hdqA@.j,OD=D>4+;W,L|k<[jF4930dGe4qv)Q}`FOHvnI?-Fu}bd'Nj2zpoPGzo^Hag>sl+zuJ<Cj2wpox3#g4HQJ\MmkrFuUGo#t9z?DiZemg5%G3UDw).TvjKW=Ngx0O@>5rZ
07-01 10:09:06.276 27735 27735 F crashpad: GrLkR64@GoloD|"Gte}q=QPhfpx3WAWE>c$x}9^cIL{+LrhO"^ZCUd,M-KpVvO"tGYv3Vd,My`'R]s?wVn?Wr@1qxrp..N(M[5>P//s>_f0JK3G=@HtI7YH2[2=,vdPMduqkAt,OXQVr9pXI$<Gb(x]k?P|P8ymk[2^XEg[2YuclUG/dP?b\Wn.)4#<g'Ms0}P{w}h8D_lj^8D_=CL[2Cv_=wF[27t$*LoJW[G?dJ,>}rww6il`U4;b)a2fa`4rZcJfHAdmr0/_m@=1c`YE'0y[5HU_/eg1?vKCOV^e4wK-d~'Vd1b=qyN&D5SUu~cLv\Y~Dx^/<3<ateTJL.6.sVmO[>1(aHXOipX\kx]`s>Df\9b!iLmKwedPv|iQW>1@kct6`9b-qcEfw3qZ`U,j\O@7]IWR9ev_K`ar|WrLeTS^[0)_iZwze!tAhVL0qYNsBH%Q\f1Pj"wIvg'~PP._27A=69:SKwinbjBv-YOqs&7{P~J=`,6$qVusTcj$x^*Xt
07-01 10:09:06.276 27735 27735 F crashpad: :>=1OQP4_vXS;qgsO.(wz^,x!vx/\}xwc6U_{w?aGrlIXir>20tKsbn.+.xU=q5OAj0(t|cvCFJL|QmQ@mcy9V$p#eWtH7^?U$[?/aO_o>[OJE_Adg<`zt[KOZ?AAJ7X,h5L{.=rN!3#r00R5uh#l+$uh#:W:r><wt0/QjSuMOgXS$ytOy3j'v^OxoR}'rpo"NyQ:Le4>wCBI=H3V,(CQ'6c}0v|jZR5Ci`+jbZ*&,+8Jg>zC}@q8KeG8KaM@)erhd,-5O,u=KeGhrhdJuKn5KeGhrhdF2wmmKV+%pz.QjmrWd,wDO6T+eNmDQ$M64q"j&P6(:qvPxXUQ<_y64gMVD=>BsBag3aK*<@s'6d@h1Zv|w:net%[VlSYKW7_rB`t#q&4D3zqWtHPe6*m)8/[BBD+xszJop()-SZF+j*jPFl>OZfNR.Bgr?N7mlbdYPC5jg{i$kf_MpH+o/;O$t^yik"=UDJYP66Z4[ZT[3qusoxRgkV5vD0]t9BaoJT_8)dk
07-01 10:09:06.276 27735 27735 F crashpad: S3quA6:,*tMYRQB@z>cSCg0+v5>\3v=62hu,%,Cw8u+;<p.4EtL6jo(1dG?5ulNLi;v(Sut/Hj0K!jt>@^NLf7Vs"mtiwfbn}k.|=YP_)=}v,*`M$eTAl,aH}s6P(tkXm`}lD=mop5RZ%w<!4^1w`4_t=Wd*VLCDf5T[55q>YK2,$sMY,ffKmha5X1>`T.JgV^>oN_<e/70<leJ?t{?iNXzQhTH5-<SKWYF<|`Pu8I#K]gr>9>vs&_bv7j@5ljBD(G"P3O%lVoV]ds_2M@W>_w!MUJ,lLJv*NXN99b|y-|\+ZucS}c*VluzAnX*P!x#uHw4OocO6#W~j2J}lH_BrVr{r[e[rLb`vsVTAhcH_,G6lv2wXL/<J3+t%~l0L0)0R,1RK.*;uOUtKmuTvNZflV9XiJ9i{dO@}][(IpRz0"tE#!I8R+Oz6g50Trjbq[0CmAB|@hQ-I|4f`CWjnS,o=^w7hB{,mThPJft!tV*1m|N"n-OPvE2z'\gVl{uNJ3W0S
07-01 10:09:06.276 27735 27735 F crashpad: xoJ]&5"D@4$[=f~;+H~N=Q>Xcqj(!1x:fHnNIgr&l+Lgzn[FWuUY{P,MB9((?\)w"}Igr&dg,w"}gF*^na:5^@In3<-pL*8-5NO*&d`co(k7nnN[9w'5}a5vA@Xpgc<qy>[I!2h.nH|/t^vhYu^H*NvmwA(f0LZg"btkz3[gJv=``V'Ht^~"8jLOM9((9IcS5wSp}"~KR[mK?q2d$trF(])6l]do(bfZbtd(;`7boi\rrCR[FO3q"|^_M(F\(1KXa5Wg|uB_$E}aSP+uHUA^G6.\b^?p1B4rZTvM.ZLA\3-wLMFWKSt[l\eqSaC#N_xasi\DdK`nZrl\;v32(Rv?t{iI:-brb\/rLA*up\6d>u|3P]C362Zt0.GrQA<JwVH4*fcg&9.VTg+"^F_#c;Jfpqd0<WOkmJ_w%LM*RrBH'v&Oeg`p"*}]%LQ,T<-fRDR6h6hjFlKpn.7W$pH]R6@RLo/Z|k@WMXxmNR3mvy1:18JN%l$0&4YrKV<+Ot903q8}
07-01 10:09:06.276 27735 27735 F crashpad: vwY[@W#;-h%L)XTLA"TnhI3u/ZHsrl~@=3pn4K7u/sJH}GQpfsx^%spaDTG4^pbq"tlp1*s|2etmFmHh9Ect(wxKaBlh<f+mv/_g:vh6jXZN|enbCd9/oIna"R0zxmL@o.D?K*YuF70:(Cyr{+T<-fh{n<qLgI$>t[HbRPZl[nvbXO+JPWrR/hxWTIv{P]b+R[-vZ69@zvlE4g;Oi\8_'`zO-JpW4K&M{odc6wMT4Wus%xMjrOfxY_v33jwR*bNGh5v|mK+w_}N2!7K*:v&aFG_aW1#6wI|-KTv3e2=1hZrR1LDJ}JL7"(~tHwQi(b]AxQVDZ6;*[lRfwM[qNDaqND4a^+\[()+a?fz'*OPuD[Z{\_{!,Gx"7mIPOwDEf+,G&oT#LKnM-<dwnJ7,$l.n&\GLNOpe!7A",Gd8nwh^am^004(kkX'4EYj^L4owh^Yq:ZRuH*-X<#.mUajvvKBgkX%shk;,Fzstl+'~::?J<VTSItNkw>JgN$@DI9HBu<UK
07-01 10:09:06.277 27735 27735 F crashpad: cy_\QQVN~u{a<H1JQi&^?\dIkXaq&xZ6o\GotyD=VwOj9>RnPb|`EWhLLs)yI9|h~zXrPu(*u<=,,Opm:b\KR+PLE[R.'E~sP)!JDBgUdd5daw,)0)puotyq8O<^DYZT0}gm)dvQheZ9<b_Ui'7qpu\p#\hU=pPj8L9ktcGH*6V54+fa:gZ6]syXS66rrx_5#u,f~*#x1ulS_5[gv)BB#o.3EL@UEDl(nelIMLcQYg*PTKOkGt`arv\0dw\u)Z_^T)Ew,I"mMn!e!K;K5Ay3.Hh\eG5,Z_nez"vmP5qPAv@/l85Ape!7[K2XMh^rS9'ux5AN^AUs;KrV)-h%5j}=b9%GUu1V,WmkftA%Tc_n"s3guL%wjipIXtB.Q<`($Wl'Rut^zw{yewj{Ov<cMFO/f44<Y+KXn]J}!r4[-[Aw24IF4K:v2f}Qo/9bp\V=\EY8A]4/WV.^aioy_a+H`/Khu\e.ywm"ywm"ywENit*>m-+WXME^Yo)w[=I]T[/'>0(R
07-01 10:09:06.277 27735 27735 F crashpad: D]T[W{^AL<ewj{&v?,#CLrLQewj{>w&.GrI}}*|+S5`fR(?"\,Q=so&M^x:Lg,FqJvv"Eresb^XB~!:bK{}n]%jQ\A0+!I<LU.:F~tMYM_i^Ox2b'v)mnD@B!,Xm2wRrE*`![K$7O_Xm;/W61ixm14Hus<bBU_p-Mqv06eIWO6Xik+G6,mx36[kw}z{s8wAd}qBkp\uL5wco~4|KS[Dr4V~@]Er6+jhiLHu/FT^UTAO,:u}l*b#Z$KF^%L$bDR/A&LDrt9Jfwtww*8&KX_\LDMPTW97mlenQdwJN-<:bVL|7'w|NrNB9((?\1K'`@r=S[v?bt'qu$F;B\kJ")gi;^4<s,XMIL5V'wIQ`=S<1qF~hK."(.mu;mdL.Dr<z0U85bjErZwD+[C.I{o~?c@;nV7P[$K)l|aN!5$r00R}qD~|QZvb-KAsdL-aED]N89+>=}_uJwcHJ@S'rP_.$2WnV}m^YUV^b(;LJGfu;kylVa'h]!4,JciwIEJJ5BEL5:aoV
07-01 10:09:06.277 27735 27735 F crashpad: {HymD>f~D?@RK.lq$JciCmD>fr9[rIciCmD>lCee#m]mD>vbh[ssDONT+eNmD>$MD?p"h]=r=S)ahhLSfbh[ybv24JP5@lDj76c1"jSjDso~r5!ZxB.a^gfGPIZg,G[5~phv"xYU>a*v'slM?W/eOrpaQ5MBR=DLwM#+*[[?R|v(Hw*)$Ga6v<FLm8f40Xd7*rEuT__\X_:g.&KaEP%5\_*vcqZr*<6e&Tjg.89tv<;uFlpG^l'Tl=2V:6@FgV062,HWX=\?B\1Vjg.8wI|-StmFmAXcXlK*n*}Ip7\q-a>Or*!wA7{{fx#8(0RRnF_<t[LF?5C#_gkFGB=Q@PMHGc+m2pw@McdueV<+;;-brG>aZl;^"bv3iuHnPbhZGrT[>I^l'TDi1)s|-ggH~{:gBmD|,kkF3N[0yN3mFTK@F\?BO;vL$iPu:b\<)^u3%slMGW/eCL>@'seO&1QL>@e\^(7bOL>@+upr5XGup-gg,R`Qx*.|'ajMC+\W4+LP%5,O
07-01 10:09:06.277 27735 27735 F crashpad: fx/mBb^0|vtu[_!qIOoF.PmK'uuA\RjV,\1mT}]m1lOnN1Y?ory:-[WliYG3"|fx}U%DxYpA=Q*/gBB:dbcS;M:/*C#<@,%W_7eK>NNQdopjdtRM/)$K_{qvIBz5@NsJ_{kt#(],T=3e%W_7uJ_{HHT=;)wt#(ej$yX2gR"6@N]j,=Qe7Uem`js<w5JBB:X|zN&?Dd.J6j|d2"n3"clQqvaNEl&w{+MH;vFz)_:/'seO&1Mnh.7W$p4s)Z[`$b.?#<0pB./t)pw@3^.dTnZ=zf!`[w&W3qHd2"<buJkAT|Ms)Z[`&vnA,:pb"u+,o9co4|dG&(X+iFxeH*Q*)B&)rB{o2Ofx}UCcJ9$aPPJr-a>Or*awA7Qv,)TO::?J^w,),K8^-wRw,)RJ$a.?sKPPMH18JN%lh2=QjfTnZ=zf!`?iK*snDr,)*vEcrL]ABu||X2gRHuBGArK*'H'aP|D#B9kSTmzb)uQmtTainw";xhR*$y&45(|vx1LdR*$y&4i"
07-01 10:09:06.277 27735 27735 F crashpad: ,G+P~wWYMw$UKuVB/skF_<>0?L:ufd=%(-_urBCm@Q$~&45(|vx1LdR*j,7mq=5lR*Z$#xWYsvx1v9t+8J,G?:nw";NsT9yroEeU.oir7)Q+$aN'~*#4WY~KfBuKfBNOfdI)Q*&"@Q`xfdI)Q*&"@Q`xTc[B%b*uAD,vT5@Qb)=Q=crBObrB'Nfdo,%br1qvMdQulP(bv3aqNLQ*z,#4!.vw\-&LfBmrL)N^Z.>c4]B9mT\mx1_M:B=>zu6%^erBSbrB+~%G/R$b>7#b>7#b>7qv9zuK\MaaZMnOzN<q&z/)&L\MwIn&u3io<K#nvy1:186d{_zh-W\TP_$0~thz/wNvb0j&oqdJku|K\M*erB+NfdY-TLon&GC<vK~>uT6b4*hY^4wK\MwI|-;(,m_\ou4tKu4t],Q*bC%G%)%G%)%G[T$b2A#b2Awlgl}cTcdtRM/)&LDawI<])m)1)m)1$bhlmc^XN|09D{09ts)wYJ&R09D{09h-TLon&Go>vK~>
07-01 10:09:06.277 27735 27735 F crashpad: k_41MbLe93,c^XJz:B=>6sc?rOFhMbbD<8K*RCu3a$=Qw!^X>%^XlLFhwg,G";K*e\^(7bSnH^Smrc#aL>Wle/XlQE)cbD^MFhCMFhc5^lQEymH^KmH^YhP9>+^X\$/9d-8MmUD#A9E:79u3CEu31cC]:/2E'WK-%W7C]]`-PdcSgbcSgbcSU)T=cy:/BMP*Pdys;oIv97^P"6v9$a.?=1S-%WK-z5Necn>hU)^Pw9=1?C5lNX.#'WK-z5v94vz.nkvR9ccS]-`C3Q0M1-hfdjvRwb\16[+JNV!d:p=m\H],=Q12K*`"/9VxFh<zFhLb:p#ppI!.,GYa[?]wcQFhbM2~vINV!af;#a>g#NFh<zFhBMFh&w5Le7^r2JNVuINV9tv<yd:p%yFhRe"Z6_j"1-Ji79u3#Eu31cC]:/fi}5`^sJ3EFR:/ZC#<H0%Wo?y5`^Mq\ZXj,=$]^X;s)m?X[?]wmFB:V%(-ij,=$]8Y{ccS+9wJ3Elj,=NBB:rs%uEi
07-01 10:09:06.277 27735 27735 F crashpad: SW:/n-)ZO>_w::'uEi-BB:f-W-`d(7eUm"lFioxSr+yw)Z'jkF3NXBQ*dh'bN/#b&[mc^XA|09lL09lL09F)Q*v!@QYx|7XB%b*uAD,vT5@Q[)=Q=c^XMb^X%N09l,%bN/qvyZQuf=T(=Qdw<f41bQ09v!&G3P)mmS1wTS'vf=lb^X7'p-$u+,C;HHtI,%~dkF3N~%@Q[E+mO4)m;J}mn<iN092M092M09j)Q*J#@QCy|7|B5b?l8W$p4s#4UFu3w{092M09N{092-%b~GqvoeRuRSTg&G]5iuRSvrv.(Y"R[5@Qo/%G+lzo0l=\fOhm$l2d5O|sv.zb\16[%w9:]e^XGb^X}}%G/N$b>')m/$%G/N$b>')m/$}3M-+sHGdKcWFd,meOXl'0#4k!Q*<,#4E~sv9:{rv.Zmn<[5:b[:%R09|z09B-TLon&GC8vK\-ud4]ZEur&a2Q4*hM$rtb\16[nv3'Rsl9IuF-{}099|09Eb(-:mZREc(-:mZRcr^9
07-01 10:09:06.277 27735 27735 F crashpad: }-Q*e\^(7b}sl9QmrcwK*$)mAM)m_,Mm@Z+wavPPT&v|EtAc{56)7+@Qe!&G17%G;,vw\-&L8{mv3'R5b]&G%s/TO1Iq>{|K8{XlE{XBQ*oo,JQ*Ap[K-g^+)w58&g)bz}r*awA7oUzNQ5MBXP+w{k8W$p4s#4'rTm<8$L2XJV/hxWTIbQzNzd6ZgUrG*w&b0hiv*bDR|/#4!qIOQg|7G6&L~>A:au@y1-\S^b|A%Kory:wp#bd:_crL}UCcT8$aPPrn-a>Or*awA7oUzNQ5MBXPiv.nIv97^P*bd:wI<])m/pB./t)pw@}szNzd6ZgUrG*w"xe06)C#ILpvgAT|Ms#4We0J~>'=_G`>%G%smCvzD7n+d6@Q.2K*)B|Tfd13&G[(%GQ3's$UJcrBYbrBYbrBM|fd%Mfd%MTcGnXl?X[?]wOgrBIz2~pvkClvkCRuXf],Q*XC%G3T)m#FIVfd/"&G3T)mm[1wTS'vXfmb2""O|5J3yfu%F*>L|]wI|-;(
07-01 10:09:06.277 27735 27735 F crashpad: ,mwPouXfIuXf[,Q*6B%G1##4)"Q*6B%G1##4)"u|~cvJw'bg)t*JQ*t1K*LNfdcLfd!{fdc,%bb)qvkCQuXfQg&G'.iuXfsr$U"Y"R[5@Qt.%G+fBM~w_}N2(lWlYM~Bu31c]zfdg2&Gm!#4!~sv!.{r$Ucr$Ucr$UEcrBEbrBEb:Bc1PL&rbg)t*JQ*T1K*LNfd[Lfdwzfd)cXlQ)BjzwpmVtK+,Wct2mG8Es$UYmx1r9t+8JQ*J<)m3Nc`e]&G%sw8+-#4)Bu31ck1@QXD+m}#%GE-'sL)FcrBGbrBGbrB;|fd_Lfd_LTcKB%b*uAD,vT5@QB)=Q=crBGbrB}Mfd_,%b|&xKz,ovu8oo#43'}Kz,ovu8CpnXQgrBK$@Qn_\AY3o9FHovu8ory:U/]lE_+sE`rI:l&{Fh@zFhPb:p?m\Hvb:p?m\H*t~`P'TcdtRM/)0a\F$a.?u3c%=Q['/90-$bJMM)@Q%OFhtLK*8.K*DT#xtR^lE_sI:l7uJZV5
07-01 10:09:06.277 27735 27735 F crashpad: yt#$^XNz:B=>rqpDhY:/`z:/nQotO^L]8Y~AB:~bcSY2)Z)+#<25yaxt=C.P<q&z/)$K?kprIBz5fqsJ?kJqpDH-#4wqXKb7brjRL.utLSFlgYsoFw:kuL)Z_V%WCI4vz.nkbhIN:/'H1dYAQOVhr*z5fqwI|-oFv3'*zf!/Sg;!bco~r5I.Dd]luoy_7e+whM'vMrK*DDu3E&=QA"^XH%^XvLFh|gbr$;K*e\"j(t$MFhhM2~vI0w!a(L#a(Lfm~IRK&mht(kdSCS4<vw>o:bbjc#mFAWkFUA_w::1J0wCm4t@kNTakt!_RUU,-K*$4K*)BhjcSOE'WwCy5pf:ecSI2)Ze)#<L2%WwCmtw2DqpDYjFh%U#<&K8^-w\lcS9*=Q[BB:vbcSa~:/86+JpaqUtv&Xp5BV8buWFu$KSUJqpD'Y"R3a:/H>%WwCTv!S.afcVZPQ%WwC$aN'2d)Z5AztEiDq\Z>8)Z!W$bdJ#bdJ#bdJqveplvep6Kbp^~zN<q
07-01 10:09:06.277 27735 27735 F crashpad: &z/)&LJtwI<])mq5)mq5$b<vWH%4Wg)mq5$b<v;`:/@&'bdJwKJt9tv<oon<"zD#8gBDKw+,o9zGoveppry:U/)b$*RsNZdrNZn/edzk&)AS09>)Q*V!@QIx09>)Q*V!@QIx|7PB%b*uAD,vT5@QK)=Q=c^XIb^X!N09d,gwEi%kdSe&@QunBu8YUx#4w7%G%9_w::+w/EMmn<Le"ZVo0M1-`ftrNZtb\14J|w@Z7A,nRq7^LW:r=LFmLHbg&vf=kmn<Bmn<Bmn<dN09|L09|L|7hB%b*uAD*74(#4qDu3w{09|L09:{09|,!xC/|rNZ]mn<b5*bze[nn<.c^XuRi6Os#4]Z#bD::I>C,m9m"Y'-,l#bD:$aN'B5=Qj`M[F`4}<btu;d7>|V_5z^<9ZH[h}bC5\w8rZr/Jiwft$rjfbKH9$c_v7jXB0LG0es{pQLwu3q^8vk^\%gpKc}Fl.~)x7Ar.~heqz?GH8->LF9bCHfRrv(jQzw:KM6EwjXno>*
07-01 10:09:06.277 27735 27735 F crashpad: i+^g*r>sBFUOYsNbc4pbVr>Vn.TcUsXmoKZQ[2kJSkxH%UzltW#TJwg+@WDHcvnMgEF6:,PYP('UZd2j-s#t,a9\ACaq!4Zn8o!uOt<K]@GuC-rwJKm,gEOd^1]Q@up:<W$s)f~NZKmJ'G}kF5#zHtScv46oILEGV}ALuR]09"DGIL}}ZZ0iYu9w[7.Vz0cutsGPQ[2:8A=gt;.vfkmrP0$ww5"`qJbKSp|?S1|_\sbTvpjB{q,tb2reH.v5:n\wR6+1>1ma(9i0v5[t$(i\73EjFh%x+e,mcMyou/x_hdkHD\"cmkXg|n"JFtK+#\9jLZ!&3bRH^AR=B\~(/-|BCUvhhv_a1q`cnIM,5<f\^vjT/q=et[V\9A>Q(CZ+;lLuzc#%)6<l]oHL<qDe.ZrNg->AW=[vSv*PWhHttq^g<1PaKI:g8;2bq5xM:S4KkT.xUDV|_62NX6tv_3KJ}@JIEs~!UrDV0?fLboZ0[5bR.md,>u2/5L)qNp*e<bL-JGAb
07-01 10:09:06.277 27735 27735 F crashpad: +R)>4sH`oa]r[AcEk`=jmu|Bx;%rT#KTcRDQ/6jFrhQBABrKQUO,=PF`LAtn4r/!4S{fTe2br<N08U%P?qL_9ggX7wD\,rn>II(Fb8s-)k]hj+;bVFs`a2vue^.@!aF1lhzGA6SwDrNp8wEQDf#tMLhiXY*LY(I6iKxmNZ!2H],1uwquq[QANOpe!7gufOm\8GxV4SmKSK`WU}pqB5|a`n(3bZz/'<_RN:ElO=@6Ml%d`eTnfN4S2e,s&="+T>wI&lW0"vcf09clwq=\eD{vQZos#<ymrv()Xr|xZ~\9`r3Wg+TLKH3wbVB:Pu87>Wtpn@0<Iruv5m+ev-0AEA++moEs~]3jeuYt$rFP$k@Awu7o2T[qu-cCnM{s}9z>>4[Zp-}F=H/o#x}Xct$h<v|2"r`v{v\bL=.mLQnJuKblr&%w'h-p6l]h:n;1qo*}cT[yV#SAA<Z?AtJ2f<iv1jMy91DPDw9o(1v5IvU\!t%jXi<_lmVc"wjLHL[g~=(Vrk7s
07-01 10:09:06.277 27735 27735 F crashpad: ?s*Zvs^j|WfQJHph~%jIc$:^5e(Gx(O62R`)7aub="~t;n.1vLo:2Z9@z68+q+,1`R(UEnoT?qcfBh3@6dmK0mwsFj\G#=:fbd2AcpR7Y0$4Mu+i\#4]yuymxiJJ8qT_$r0EFuTud_.bHcc9&VI5^P3vn+WMpo0>R*an0#6O`g'H{volhU"1Tw31i0dcKt3uLh1bNX)w7b(G&LrXuv_$Y/5iR`2g^Rj>Tm]PmG%,&g6B:@qy~(mll)EKLoq.0mTrFSBj*m2K'fJ2ywYfiR)<26qqET7Vf06W@kuM5pkGc[vTuD5Clz)u6*6,Sv#TF<+n)=]00s01u;(C!,rs:MpsoI?a&v#B@Dlz5K42LIW4,6SfM[V+Q'tR|g\+1qbgULSf`q9a'loIAoJ:)u&d@VOnxQYJ0Z*b`zW?(9"x/6@Js+z|.,?+xyE0J*@pn|aCaqpl:^%u`u]4xai#JFZWqKHL6S4CN@)mOp=:+wDG,n#ezn+T^6ry(e}07`2ZBLEq5i$_
07-01 10:09:06.277 27735 27735 F crashpad: x=]oGH'Gb^&m'H;`/)7a}.gaSvF^KhO}\\qr+Xw`xp0)KrB5]Y3\6cxE"V@LaF@XqKRv\lTc?w:koI3iHu#sT_Gv*n(WCi3C)uBjZK4u$EoI!6jt'b[a7n>JY;zF,bd<]0E+ccLe=[.X-JepdXS$Qpt}K92b",TnvEVBT[-oV]=44mFg4+1]u3;K0g&<As#_bu0k_nNq:vd#)U~2#
07-01 10:09:06.277 27735 27735 F crashpad: -----END CRASHPAD MINIDUMP-----
07-01 10:09:06.285 27470 27470 F libc    : Fatal signal 4 (SIGILL), code 2 (ILL_ILLOPN), fault addr 0x7347f8cb6ef7 in tid 27470 (.aiquota.mobile), pid 27470 (.aiquota.mobile)
07-01 10:09:06.348 27738 27738 I crash_dump64: obtaining output fd from tombstoned, type: kDebuggerdTombstoneProto
07-01 10:09:06.349   365   365 I tombstoned: received crash request for pid 27470
07-01 10:09:06.349 27738 27738 I crash_dump64: performing dump of process 27470 (target tid = 27470)
07-01 10:09:06.495 27738 27738 F DEBUG   : *** *** *** *** *** *** *** *** *** *** *** *** *** *** *** ***
07-01 10:09:06.495 27738 27738 F DEBUG   : Build fingerprint: 'google/sdk_gphone16k_x86_64/emu64xa16k:17/CP21.260330.005/15181570:user/dev-keys'
07-01 10:09:06.495 27738 27738 F DEBUG   : Kernel Release: '6.12.58-android16-6-gccafb60de224-ab14828483'
07-01 10:09:06.495 27738 27738 F DEBUG   : Revision: '0'
07-01 10:09:06.495 27738 27738 F DEBUG   : ABI: 'x86_64'
07-01 10:09:06.495 27738 27738 F DEBUG   : Timestamp: 2026-07-01 10:09:06.365001400+0000
07-01 10:09:06.495 27738 27738 F DEBUG   : Process uptime: 50s
07-01 10:09:06.495 27738 27738 F DEBUG   : Page size: 16384 bytes
07-01 10:09:06.495 27738 27738 F DEBUG   : Executable: /system/bin/app_process64
07-01 10:09:06.495 27738 27738 F DEBUG   : Cmdline: com.aiquota.mobile
07-01 10:09:06.495 27738 27738 F DEBUG   : pid: 27470, ppid: 464, tid: 27470, name: .aiquota.mobile  >>> com.aiquota.mobile <<<
07-01 10:09:06.495 27738 27738 F DEBUG   : uid: 10233
07-01 10:09:06.495 27738 27738 F DEBUG   : signal 4 (SIGILL), code 2 (ILL_ILLOPN), fault addr 0x00007347f8cb6ef7 (read)
07-01 10:09:06.495 27738 27738 F DEBUG   :     rax fffffffffffff733  rbx 0000734b2f924020  rcx 00000000000033ce  rdx 0000000000000062
07-01 10:09:06.495 27738 27738 F DEBUG   :     r8  0000734b2b83dbd0  r9  00007347f192825d  r10 0000000000000039  r11 0000734b2b83d9e4
07-01 10:09:06.495 27738 27738 F DEBUG   :     r12 0000000000000000  r13 00002dc2003679d8  r14 7fffffffffffffff  r15 0000000000000000
07-01 10:09:06.495 27738 27738 F DEBUG   :     rdi 0000000000000001  rsi 000000000000000a
07-01 10:09:06.495 27738 27738 F DEBUG   :     rbp 00007ffaef3d5101  rsp 00007ffaef3d4020  rip 00007347f8cb6ef7  err 0000000000000000
07-01 10:09:06.496 27738 27738 F DEBUG   : 71 total frames
07-01 10:09:06.496 27738 27738 F DEBUG   : backtrace:
07-01 10:09:06.496 27738 27738 F DEBUG   :       #00 pc 00000000076b6ef7  /data/app/~~gRZDsxlqZCLB7oCd7TOaUA==/com.google.android.webview-YT9iMlxeDceFosa4dJznZw==/base.apk!libwebviewchromium.so (offset 0x9130000) (BuildId: d8b1edfe116ab30f9fd22145e8a6a3674f4f198b)
07-01 10:09:06.496 27738 27738 F DEBUG   :       #01 pc 00000000076b7adb  /data/app/~~gRZDsxlqZCLB7oCd7TOaUA==/com.google.android.webview-YT9iMlxeDceFosa4dJznZw==/base.apk!libwebviewchromium.so (offset 0x9130000) (BuildId: d8b1edfe116ab30f9fd22145e8a6a3674f4f198b)
07-01 10:09:06.496 27738 27738 F DEBUG   :       #02 pc 000000000022ccab  /apex/com.android.art/lib64/libart.so (art_quick_generic_jni_trampoline+219) (BuildId: 6f501445ab44be8f30fb680128550143)
07-01 10:09:06.496 27738 27738 F DEBUG   :       #03 pc 00000000002125d6  /apex/com.android.art/lib64/libart.so (art_quick_invoke_static_stub+806) (BuildId: 6f501445ab44be8f30fb680128550143)
07-01 10:09:06.496 27738 27738 F DEBUG   :       #04 pc 0000000000598278  /apex/com.android.art/lib64/libart.so (art::ArtMethod::Invoke(art::Thread*, unsigned int*, unsigned int, art::JValue*, char const*)+264) (BuildId: 6f501445ab44be8f30fb680128550143)
07-01 10:09:06.496 27738 27738 F DEBUG   :       #05 pc 000000000073dd7c  /apex/com.android.art/lib64/libart.so (bool art::interpreter::DoCall<false>(art::ArtMethod*, art::Thread*, art::ShadowFrame&, art::Instruction const*, unsigned short, bool, art::JValue*)+2300) (BuildId: 6f501445ab44be8f30fb680128550143)
07-01 10:09:06.496 27738 27738 F DEBUG   :       #06 pc 00000000002351f7  /apex/com.android.art/lib64/libart.so (void art::interpreter::ExecuteSwitchImplCpp<false>(art::interpreter::SwitchImplContext*)+16615) (BuildId: 6f501445ab44be8f30fb680128550143)
07-01 10:09:06.496 27738 27738 F DEBUG   :       #07 pc 0000000000210c55  /apex/com.android.art/lib64/libart.so (ExecuteSwitchImplAsm+5) (BuildId: 6f501445ab44be8f30fb680128550143)
07-01 10:09:06.496 27738 27738 F DEBUG   :       #08 pc 000000000013a760  /data/app/~~gRZDsxlqZCLB7oCd7TOaUA==/com.google.android.webview-YT9iMlxeDceFosa4dJznZw==/base.apk (offset 0xadc000) (WV.hi1.onTrimMemory+0)
07-01 10:09:06.496 27738 27738 F DEBUG   :       #09 pc 00000000007350b1  /apex/com.android.art/lib64/libart.so (art::interpreter::Execute(art::Thread*, art::CodeItemDataAccessor const&, art::ShadowFrame&, art::JValue, bool, bool) (.__uniq.112435418011751916792819755956732575238)+513) (BuildId: 6f501445ab44be8f30fb680128550143)
07-01 10:09:06.496 27738 27738 F DEBUG   :       #10 pc 0000000000b2b139  /apex/com.android.art/lib64/libart.so (artQuickToInterpreterBridge+777) (BuildId: 6f501445ab44be8f30fb680128550143)
07-01 10:09:06.496 27738 27738 F DEBUG   :       #11 pc 000000000022ce3c  /apex/com.android.art/lib64/libart.so (art_quick_to_interpreter_bridge+140) (BuildId: 6f501445ab44be8f30fb680128550143)
07-01 10:09:06.496 27738 27738 F DEBUG   :       #12 pc 000000000083a7ab  [anon_shmem:dalvik-jit-code-cache] (offset 0x2000000) (android.content.ComponentCallbacksController.lambda$dispatchTrimMemory$1+219)
07-01 10:09:06.496 27738 27738 F DEBUG   :       #13 pc 000000000083a5fe  [anon_shmem:dalvik-jit-code-cache] (offset 0x2000000) (android.content.ComponentCallbacksController$$ExternalSyntheticLambda1.accept+190)
07-01 10:09:06.496 27738 27738 F DEBUG   :       #14 pc 000000000083a39b  [anon_shmem:dalvik-jit-code-cache] (offset 0x2000000) (android.content.ComponentCallbacksController.forAllComponentCallbacks+347)
07-01 10:09:06.496 27738 27738 F DEBUG   :       #15 pc 000000000083a029  [anon_shmem:dalvik-jit-code-cache] (offset 0x2000000) (android.content.ComponentCallbacksController.dispatchTrimMemory+185)
07-01 10:09:06.496 27738 27738 F DEBUG   :       #16 pc 0000000000839eb2  [anon_shmem:dalvik-jit-code-cache] (offset 0x2000000) (android.app.Application.onTrimMemory+162)
07-01 10:09:06.496 27738 27738 F DEBUG   :       #17 pc 0000000000839673  [anon_shmem:dalvik-jit-code-cache] (offset 0x2000000) (android.app.ActivityThread.handleTrimMemory+579)
07-01 10:09:06.496 27738 27738 F DEBUG   :       #18 pc 0000000000839378  [anon_shmem:dalvik-jit-code-cache] (offset 0x2000000) (android.app.ActivityThread.-$$Nest$mhandleTrimMemory+152)
07-01 10:09:06.496 27738 27738 F DEBUG   :       #19 pc 0000000000839226  [anon_shmem:dalvik-jit-code-cache] (offset 0x2000000) (android.app.ActivityThread$ApplicationThread.$r8$lambda$G6hCvS-Qza2XVRHE5EG8OQS6lcg+150)
07-01 10:09:06.496 27738 27738 F DEBUG   :       #20 pc 00000000008390a6  [anon_shmem:dalvik-jit-code-cache] (offset 0x2000000) (android.app.ActivityThread$ApplicationThread$$ExternalSyntheticLambda2.accept+214)
07-01 10:09:06.496 27738 27738 F DEBUG   :       #21 pc 0000000000837d6e  [anon_shmem:dalvik-jit-code-cache] (offset 0x2000000) (com.android.internal.util.function.pooled.PooledLambdaImpl.doInvoke+12622)
07-01 10:09:06.496 27738 27738 F DEBUG   :       #22 pc 0000000000833e57  [anon_shmem:dalvik-jit-code-cache] (offset 0x2000000) (com.android.internal.util.function.pooled.PooledLambdaImpl.invoke+903)
07-01 10:09:06.496 27738 27738 F DEBUG   :       #23 pc 0000000000833a15  [anon_shmem:dalvik-jit-code-cache] (offset 0x2000000) (com.android.internal.util.function.pooled.OmniFunction.run+213)
07-01 10:09:06.496 27738 27738 F DEBUG   :       #24 pc 000000000024a026  [anon_shmem:dalvik-jit-code-cache] (offset 0x2000000) (android.view.Choreographer$CallbackRecord.run+294)
07-01 10:09:06.496 27738 27738 F DEBUG   :       #25 pc 0000000000249712  [anon_shmem:dalvik-jit-code-cache] (offset 0x2000000) (android.view.Choreographer$CallbackRecord.run+290)
07-01 10:09:06.496 27738 27738 F DEBUG   :       #26 pc 00000000002483ea  [anon_shmem:dalvik-jit-code-cache] (offset 0x2000000) (android.view.Choreographer.doCallbacks+570)
07-01 10:09:06.496 27738 27738 F DEBUG   :       #27 pc 0000000000245a69  [anon_shmem:dalvik-jit-code-cache] (offset 0x2000000) (android.view.Choreographer.doFrame+3529)
07-01 10:09:06.496 27738 27738 F DEBUG   :       #28 pc 0000000000244bd8  [anon_shmem:dalvik-jit-code-cache] (offset 0x2000000) (android.view.Choreographer$FrameDisplayEventReceiver.run+184)
07-01 10:09:06.496 27738 27738 F DEBUG   :       #29 pc 0000000000244380  [anon_shmem:dalvik-jit-code-cache] (offset 0x2000000) (android.os.Handler.handleCallback+160)
07-01 10:09:06.496 27738 27738 F DEBUG   :       #30 pc 0000000000081443  [anon_shmem:dalvik-jit-code-cache] (offset 0x2000000) (android.os.Handler.dispatchMessageImpl+163)
07-01 10:09:06.496 27738 27738 F DEBUG   :       #31 pc 00000000000812da  [anon_shmem:dalvik-jit-code-cache] (offset 0x2000000) (android.os.Handler.dispatchMessage+154)
07-01 10:09:06.496 27738 27738 F DEBUG   :       #32 pc 000000000007f44e  [anon_shmem:dalvik-jit-code-cache] (offset 0x2000000) (android.os.Looper.loopOnce+1646)
07-01 10:09:06.496 27738 27738 F DEBUG   :       #33 pc 00000000002125d6  /apex/com.android.art/lib64/libart.so (art_quick_invoke_static_stub+806) (BuildId: 6f501445ab44be8f30fb680128550143)
07-01 10:09:06.496 27738 27738 F DEBUG   :       #34 pc 0000000000598278  /apex/com.android.art/lib64/libart.so (art::ArtMethod::Invoke(art::Thread*, unsigned int*, unsigned int, art::JValue*, char const*)+264) (BuildId: 6f501445ab44be8f30fb680128550143)
07-01 10:09:06.496 27738 27738 F DEBUG   :       #35 pc 000000000073dd7c  /apex/com.android.art/lib64/libart.so (bool art::interpreter::DoCall<false>(art::ArtMethod*, art::Thread*, art::ShadowFrame&, art::Instruction const*, unsigned short, bool, art::JValue*)+2300) (BuildId: 6f501445ab44be8f30fb680128550143)
07-01 10:09:06.496 27738 27738 F DEBUG   :       #36 pc 00000000002351f7  /apex/com.android.art/lib64/libart.so (void art::interpreter::ExecuteSwitchImplCpp<false>(art::interpreter::SwitchImplContext*)+16615) (BuildId: 6f501445ab44be8f30fb680128550143)
07-01 10:09:06.496 27738 27738 F DEBUG   :       #37 pc 0000000000210c55  /apex/com.android.art/lib64/libart.so (ExecuteSwitchImplAsm+5) (BuildId: 6f501445ab44be8f30fb680128550143)
07-01 10:09:06.496 27738 27738 F DEBUG   :       #38 pc 00000000002cded0  /system/framework/framework.jar (offset 0x1274000) (android.os.Looper.loop+0)
07-01 10:09:06.496 27738 27738 F DEBUG   :       #39 pc 00000000007350b1  /apex/com.android.art/lib64/libart.so (art::interpreter::Execute(art::Thread*, art::CodeItemDataAccessor const&, art::ShadowFrame&, art::JValue, bool, bool) (.__uniq.112435418011751916792819755956732575238)+513) (BuildId: 6f501445ab44be8f30fb680128550143)
07-01 10:09:06.496 27738 27738 F DEBUG   :       #40 pc 000000000073d026  /apex/com.android.art/lib64/libart.so (art::interpreter::ArtInterpreterToInterpreterBridge(art::Thread*, art::CodeItemDataAccessor const&, art::ShadowFrame*, art::JValue*)+102) (BuildId: 6f501445ab44be8f30fb680128550143)
07-01 10:09:06.496 27738 27738 F DEBUG   :       #41 pc 000000000073dd7c  /apex/com.android.art/lib64/libart.so (bool art::interpreter::DoCall<false>(art::ArtMethod*, art::Thread*, art::ShadowFrame&, art::Instruction const*, unsigned short, bool, art::JValue*)+2300) (BuildId: 6f501445ab44be8f30fb680128550143)
07-01 10:09:06.496 27738 27738 F DEBUG   :       #42 pc 00000000002351f7  /apex/com.android.art/lib64/libart.so (void art::interpreter::ExecuteSwitchImplCpp<false>(art::interpreter::SwitchImplContext*)+16615) (BuildId: 6f501445ab44be8f30fb680128550143)
07-01 10:09:06.497 27738 27738 F DEBUG   :       #43 pc 0000000000210c55  /apex/com.android.art/lib64/libart.so (ExecuteSwitchImplAsm+5) (BuildId: 6f501445ab44be8f30fb680128550143)
07-01 10:09:06.497 27738 27738 F DEBUG   :       #44 pc 00000000001e2d68  /system/framework/framework.jar (offset 0x4000) (android.app.ActivityThread.main+0)
07-01 10:09:06.497 27738 27738 F DEBUG   :       #45 pc 00000000007350b1  /apex/com.android.art/lib64/libart.so (art::interpreter::Execute(art::Thread*, art::CodeItemDataAccessor const&, art::ShadowFrame&, art::JValue, bool, bool) (.__uniq.112435418011751916792819755956732575238)+513) (BuildId: 6f501445ab44be8f30fb680128550143)
07-01 10:09:06.497 27738 27738 F DEBUG   :       #46 pc 0000000000b2b139  /apex/com.android.art/lib64/libart.so (artQuickToInterpreterBridge+777) (BuildId: 6f501445ab44be8f30fb680128550143)
07-01 10:09:06.497 27738 27738 F DEBUG   :       #47 pc 000000000022ce3c  /apex/com.android.art/lib64/libart.so (art_quick_to_interpreter_bridge+140) (BuildId: 6f501445ab44be8f30fb680128550143)
07-01 10:09:06.497 27738 27738 F DEBUG   :       #48 pc 00000000002125d6  /apex/com.android.art/lib64/libart.so (art_quick_invoke_static_stub+806) (BuildId: 6f501445ab44be8f30fb680128550143)
07-01 10:09:06.497 27738 27738 F DEBUG   :       #49 pc 0000000000598278  /apex/com.android.art/lib64/libart.so (art::ArtMethod::Invoke(art::Thread*, unsigned int*, unsigned int, art::JValue*, char const*)+264) (BuildId: 6f501445ab44be8f30fb680128550143)
07-01 10:09:06.497 27738 27738 F DEBUG   :       #50 pc 0000000000a01ddf  /apex/com.android.art/lib64/libart.so (_jobject* art::InvokeMethod<(art::PointerSize)8>(art::ScopedObjectAccessAlreadyRunnable const&, _jobject*, _jobject*, _jobject*, unsigned long)+2127) (BuildId: 6f501445ab44be8f30fb680128550143)
07-01 10:09:06.497 27738 27738 F DEBUG   :       #51 pc 000000000094509a  /apex/com.android.art/lib64/libart.so (art::Method_invoke(_JNIEnv*, _jobject*, _jobject*, _jobjectArray*) (.__uniq.165753521025965369065708152063621506277)+42) (BuildId: 6f501445ab44be8f30fb680128550143)
07-01 10:09:06.497 27738 27738 F DEBUG   :       #52 pc 000000000022ccab  /apex/com.android.art/lib64/libart.so (art_quick_generic_jni_trampoline+219) (BuildId: 6f501445ab44be8f30fb680128550143)
07-01 10:09:06.497 27738 27738 F DEBUG   :       #53 pc 0000000000212274  /apex/com.android.art/lib64/libart.so (art_quick_invoke_stub+756) (BuildId: 6f501445ab44be8f30fb680128550143)
07-01 10:09:06.497 27738 27738 F DEBUG   :       #54 pc 0000000000598231  /apex/com.android.art/lib64/libart.so (art::ArtMethod::Invoke(art::Thread*, unsigned int*, unsigned int, art::JValue*, char const*)+193) (BuildId: 6f501445ab44be8f30fb680128550143)
07-01 10:09:06.497 27738 27738 F DEBUG   :       #55 pc 000000000073dd7c  /apex/com.android.art/lib64/libart.so (bool art::interpreter::DoCall<false>(art::ArtMethod*, art::Thread*, art::ShadowFrame&, art::Instruction const*, unsigned short, bool, art::JValue*)+2300) (BuildId: 6f501445ab44be8f30fb680128550143)
07-01 10:09:06.497 27738 27738 F DEBUG   :       #56 pc 0000000000233a2b  /apex/com.android.art/lib64/libart.so (void art::interpreter::ExecuteSwitchImplCpp<false>(art::interpreter::SwitchImplContext*)+10523) (BuildId: 6f501445ab44be8f30fb680128550143)
07-01 10:09:06.497 27738 27738 F DEBUG   :       #57 pc 0000000000210c55  /apex/com.android.art/lib64/libart.so (ExecuteSwitchImplAsm+5) (BuildId: 6f501445ab44be8f30fb680128550143)
07-01 10:09:06.497 27738 27738 F DEBUG   :       #58 pc 000000000039b004  /system/framework/framework.jar (offset 0x2414000) (com.android.internal.os.RuntimeInit$MethodAndArgsCaller.run+0)
07-01 10:09:06.497 27738 27738 F DEBUG   :       #59 pc 00000000007350b1  /apex/com.android.art/lib64/libart.so (art::interpreter::Execute(art::Thread*, art::CodeItemDataAccessor const&, art::ShadowFrame&, art::JValue, bool, bool) (.__uniq.112435418011751916792819755956732575238)+513) (BuildId: 6f501445ab44be8f30fb680128550143)
07-01 10:09:06.497 27738 27738 F DEBUG   :       #60 pc 0000000000b2b139  /apex/com.android.art/lib64/libart.so (artQuickToInterpreterBridge+777) (BuildId: 6f501445ab44be8f30fb680128550143)
07-01 10:09:06.497 27738 27738 F DEBUG   :       #61 pc 000000000022ce3c  /apex/com.android.art/lib64/libart.so (art_quick_to_interpreter_bridge+140) (BuildId: 6f501445ab44be8f30fb680128550143)
07-01 10:09:06.497 27738 27738 F DEBUG   :       #62 pc 00000000007dfb74  /system/framework/x86_64/boot-framework.oat (com.android.internal.os.ZygoteInit.main+2660) (BuildId: 0bd86adb1473eb99719ae59d1f1e1ee9e5306f1f)
07-01 10:09:06.497 27738 27738 F DEBUG   :       #63 pc 00000000002125d6  /apex/com.android.art/lib64/libart.so (art_quick_invoke_static_stub+806) (BuildId: 6f501445ab44be8f30fb680128550143)
07-01 10:09:06.497 27738 27738 F DEBUG   :       #64 pc 0000000000598278  /apex/com.android.art/lib64/libart.so (art::ArtMethod::Invoke(art::Thread*, unsigned int*, unsigned int, art::JValue*, char const*)+264) (BuildId: 6f501445ab44be8f30fb680128550143)
07-01 10:09:06.497 27738 27738 F DEBUG   :       #65 pc 0000000000a02906  /apex/com.android.art/lib64/libart.so (art::JValue art::InvokeWithVarArgs<_jmethodID*>(art::ScopedObjectAccessAlreadyRunnable const&, _jobject*, _jmethodID*, __va_list_tag*)+518) (BuildId: 6f501445ab44be8f30fb680128550143)
07-01 10:09:06.497 27738 27738 F DEBUG   :       #66 pc 000000000087bb8a  /apex/com.android.art/lib64/libart.so (art::JNI<true>::CallStaticVoidMethodV(_JNIEnv*, _jclass*, _jmethodID*, __va_list_tag*)+602) (BuildId: 6f501445ab44be8f30fb680128550143)
07-01 10:09:06.497 27738 27738 F DEBUG   :       #67 pc 000000000010b78e  /system/lib64/libandroid_runtime.so (_JNIEnv::CallStaticVoidMethod(_jclass*, _jmethodID*, ...)+126) (BuildId: 3edc70daf1b20f00daafe76764822754)
07-01 10:09:06.497 27738 27738 F DEBUG   :       #68 pc 00000000001b224e  /system/lib64/libandroid_runtime.so (android::AndroidRuntime::start(char const*, android::Vector<android::String8> const&, bool)+846) (BuildId: 3edc70daf1b20f00daafe76764822754)
07-01 10:09:06.497 27738 27738 F DEBUG   :       #69 pc 0000000000004728  /system/bin/app_process64 (main+1672) (BuildId: c6a0c390f4368e9631b91bced410e104)
07-01 10:09:06.497 27738 27738 F DEBUG   :       #70 pc 0000000000091155  /apex/com.android.runtime/lib64/bionic/libc.so (__libc_init+117) (BuildId: b38eeea9b317e8ff95f48fb7a9668b54)
07-01 10:09:06.497 27738 27738 F DEBUG   : Note: To display stack pointer information, use the pbtombstone tool:
07-01 10:09:06.497 27738 27738 F DEBUG   :         pbtombstone --display-sp tombstone_XX.pb
07-01 10:09:06.509   365   365 E tombstoned: Tombstone written to: tombstone_12
07-01 10:09:06.510   692 27742 I DropBoxManagerService: add tag=data_app_native_crash isTagEnabled=true flags=0x2
07-01 10:09:06.510   692   796 I BootReceiver: Filtering tombstone file: tombstone_12.pb
07-01 10:09:06.512   692   796 I BootReceiver: Generated tombstone file: tombstone_12.pb7768264604890065151.pb.tmp
07-01 10:09:06.512   692   796 I BootReceiver: Adding tombstone tombstone_12.pb7768264604890065151.pb.tmp to dropbox
07-01 10:09:06.516   692   796 I DropBoxManagerService: add tag=SYSTEM_TOMBSTONE_PROTO_WITH_HEADERS isTagEnabled=true flags=0x4
07-01 10:09:06.519   692   796 I BootReceiver: Adding text tombstone version of tombstone_12.pb7768264604890065151.pb.tmp to dropbox
07-01 10:09:06.532   539   539 I adbd    : Remote process closed the socket (on MSG_PEEK)
07-01 10:09:06.537   464   464 I Zygote  : Process 27470 exited due to signal 4 (Illegal instruction)
07-01 10:09:06.539   692  2077 I ActivityManager: Process com.aiquota.mobile (pid 27470) has died: cch CRE 
07-01 10:09:06.542  4600  4600 W InputChannel-JNI: Channel already disposed.
07-01 10:09:06.543   692   715 W ActivityManager: setHasOverlayUi called on unknown pid: 27470
07-01 10:09:06.544   692   726 I libprocessgroup: Removed cgroup /sys/fs/cgroup/apps/uid_10233/pid_27470
07-01 10:09:06.629   692   796 I BootReceiver: Copying /data/tombstones/tombstone_12.pb7768264604890065151.pb.tmp1763422291576886917.pb.txt.tmp to DropBox (SYSTEM_TOMBSTONE)
07-01 10:09:06.629   692   796 I DropBoxManagerService: add tag=SYSTEM_TOMBSTONE isTagEnabled=true flags=0x6
07-01 10:09:06.804   692   892 I AdbWifiNetworkMonitor: Wi-Fi network available
07-01 10:09:06.804   692   892 I AdbWifiNetworkMonitor: Received the same Wi-Fi SSID. Ignoring.
07-01 10:09:06.808   692   860 I HalDevMgr: bestIfaceCreationProposal is null, requestIface=STA, existingIface=[name=wlan0 type=STA]
07-01 10:09:06.809  4397  4547 D WM-WorkConstraintsTrack: NetworkRequestConstraintController onCapabilitiesChanged callback
07-01 10:09:06.810   692   866 W libbinder.IPCThreadState: Sending oneway calls to frozen process.
07-01 10:09:06.810   692   866 W libbinder.IPCThreadState: Sending oneway calls to frozen process.
07-01 10:09:06.810   692   866 W libbinder.IPCThreadState: Sending oneway calls to frozen process.
07-01 10:09:06.810  1331  2351 I NullBinder: NullBinder for android.net.action.RECOMMEND_NETWORKS triggering remote TransactionTooLargeException due to Service without Chimera impl, calling uid: 1000, calling pid: 0
07-01 10:09:06.810  1331  2351 W libbinder.Binder: Large reply transaction of 1056768 bytes, interface descriptor , function: UNKNOWN_FUNCTION_NAME, code: 1, flags: 17
07-01 10:09:06.811  5429  5467 I BugleRcsEngine: Connected state: [1], networkType: [WIFI] [CONTEXT thread_id=63 ]
07-01 10:09:06.811  5429  5471 I BugleRcsEngine: handleMessage processing message:[NOTIFY_UPTIME_IGNORE_STATE_CHANGED] with [non-null]:RcsEngineImpl reference [CONTEXT log_prefix="RcsEngineImpl[DUAL_REG]:[16822a33-62db]>Handler" thread_id=64 ]
07-01 10:09:06.812   692   866 D ConnectivityService: NetReassign [no changes] [c 0] [a 0] [i 0]
07-01 10:09:06.812  1331 24223 I NearbyMediums: Wifi changed new SSID: "AndroidWifi"
07-01 10:09:06.812  1331 24223 I NearbyMediums: WifiLanConnectivityInfo is not changed, skip notify.
07-01 10:09:06.814  5429  5471 I BugleRcsEngine: No RCS Configuration was found in Bugle for simID: redacted-pii:sim_id[chars:20,last3:897] [CONTEXT log_prefix="ProvisioningEngineDataRetriever" thread_id=64 ]
07-01 10:09:06.816  1074  1202 D IpClient/wlan0: interfaceLinkStateChanged: ifindex 16 up
07-01 10:09:06.823  1074  1202 D IpClient/wlan0: interfaceLinkStateChanged: ifindex 16 up
07-01 10:09:06.849   692   702 I system_server: Background young concurrent mark compact GC freed 21MB AllocSpace bytes, 32(2944KB) LOS objects, 36% free, 41MB/65MB, paused 1.079ms,21.151ms total 37.339ms
07-01 10:09:07.056   692   941 D ActivityManager: sync unfroze 22578 com.google.android.gms for 4
07-01 10:09:07.057 22578 22578 D BoundBrokerSvc: onRebind: Intent { act=com.google.android.gms.semanticlocationhistory.service.START dat=chimera-action:/... xflg=0x4 cmp=com.google.android.gms/.chimera.GmsApiService }
07-01 10:09:07.057   692  1010 W ProcessStats: Tracking association SourceState{e400d4b com.google.android.gms.persistent/10203 BFgs #12555} whose proc state 4 is better than process ProcessState{9dd9f22 com.google.android.gms/10203 pkg=com.google.android.gms} proc state 14 (4 skipped)
07-01 10:09:07.308  1331  1331 I NearbySharing: Network state changed: NetworkState(isRestricted=false, isOnline=true, isCongested=false, isMetered=false, isWifiConnected=true)
07-01 10:09:07.494   954   954 I wpa_supplicant: wlan0: CTRL-EVENT-BEACON-LOSS 
07-01 10:09:09.526   590   769 D installd: Device /data has 401743872 free; requested 622811544; needed 221067672
07-01 10:09:09.526   590   769 W installd: Failed to find storage mount for /data/media
07-01 10:09:09.529   590   769 D installd: Active ratio 3323 isn't over quota, and defy not requested
07-01 10:09:09.529   590   769 E installd: Failed to free up 622811544 on /data; final free space 401743872: Success
07-01 10:09:09.530   692   879 I SharedLibrariesImpl: Start pruneUnusedStaticSharedLibraries for neededSpace: 622811544 maxCachePeriod: 7200000
07-01 10:09:09.530   692   879 I SharedLibrariesImpl: pruning candidate: lib=com.google.android.trichromelibrary version=782711438 pkg=com.google.android.trichromelibrary_782711438
07-01 10:09:09.530   692   879 I SharedLibrariesImpl: attempting to delete: com.google.android.trichromelibrary_782711438
07-01 10:09:09.530   692   879 W PackageManager: Not removing package com.google.android.trichromelibrary hosting lib com.google.android.trichromelibrary version 782711438 used by [VersionedPackage[com.android.chrome/782711438]] for user 0
07-01 10:09:09.531   590   769 D installd: Device /data has 401743872 free; requested 622811544; needed 221067672
07-01 10:09:09.531   590   769 W installd: Failed to find storage mount for /data/media
07-01 10:09:09.533   590   769 D installd: Purging /data/data/com.aiquota.mobile/cache/data/user/0/com.aiquota.mobile/no_backup/androidx.work.workdb.lck size=4096 mod=1782900498 from UID=10233 used=3055616 quota=42747311 ratio=714
07-01 10:09:09.533   590   769 D installd: Purging /data/data/com.aiquota.mobile/cache/data/user/0/com.aiquota.mobile/no_backup size=8192 mod=1782900498 from UID=10233 used=3051520 quota=42747311 ratio=713
07-01 10:09:09.533   590   769 D installd: Purging /data/data/com.aiquota.mobile/cache/data/user/0/com.aiquota.mobile size=8192 mod=1782900498 from UID=10233 used=3043328 quota=42747311 ratio=711
07-01 10:09:09.533   590   769 D installd: Purging /data/data/com.aiquota.mobile/cache/data/user/0 size=8192 mod=1782900498 from UID=10233 used=3035136 quota=42747311 ratio=710
07-01 10:09:09.533   590   769 D installd: Purging /data/data/com.aiquota.mobile/cache/data/user size=8192 mod=1782900498 from UID=10233 used=3026944 quota=42747311 ratio=708
07-01 10:09:09.533   590   769 D installd: Purging /data/data/com.aiquota.mobile/cache/data size=8192 mod=1782900498 from UID=10233 used=3018752 quota=42747311 ratio=706
07-01 10:09:09.533   590   769 D installd: Purging /data/data/com.aiquota.mobile/cache/WebView/Default/HTTP Cache/Code Cache/wasm/index-dir/the-real-index size=8192 mod=1782900515 from UID=10233 used=3010560 quota=42747311 ratio=704
07-01 10:09:09.534   590   769 D installd: Purging /data/data/com.aiquota.mobile/cache/WebView/Default/HTTP Cache/Code Cache/wasm/index size=8192 mod=1782900515 from UID=10233 used=3002368 quota=42747311 ratio=702
07-01 10:09:09.534   590   769 D installd: Purging /data/data/com.aiquota.mobile/cache/WebView/Default/HTTP Cache/Code Cache/js/index size=8192 mod=1782900515 from UID=10233 used=2994176 quota=42747311 ratio=700
07-01 10:09:09.534   590   769 D installd: Purging /data/data/com.aiquota.mobile/cache/WebView/Default/HTTP Cache/Code Cache/wasm/index-dir size=8192 mod=1782900515 from UID=10233 used=2985984 quota=42747311 ratio=698
07-01 10:09:09.534   590   769 D installd: Purging /data/data/com.aiquota.mobile/cache/WebView/Default/HTTP Cache/No_Vary_Search/snapshot.baf size=8192 mod=1782900515 from UID=10233 used=2977792 quota=42747311 ratio=696
07-01 10:09:09.534   590   769 D installd: Purging /data/data/com.aiquota.mobile/cache/WebView/Default/HTTP Cache/No_Vary_Search/journal.baj size=8192 mod=1782900515 from UID=10233 used=2969600 quota=42747311 ratio=694
07-01 10:09:09.534   590   769 D installd: Purging /data/data/com.aiquota.mobile/cache/WebView/Default/HTTP Cache/Cache_Data/index size=8192 mod=1782900515 from UID=10233 used=2961408 quota=42747311 ratio=692
07-01 10:09:09.534   590   769 D installd: Purging /data/data/com.aiquota.mobile/cache/WebView/Default/HTTP Cache/Code Cache/wasm size=8192 mod=1782900515 from UID=10233 used=2953216 quota=42747311 ratio=690
07-01 10:09:09.534   590   769 D installd: Purging /data/data/com.aiquota.mobile/cache/WebView/Default/HTTP Cache/No_Vary_Search size=8192 mod=1782900515 from UID=10233 used=2945024 quota=42747311 ratio=688
07-01 10:09:09.534   590   769 D installd: Purging /data/data/com.aiquota.mobile/cache/Crash Reports/ANR Variations/b20f63eeb2c1410df415cfbcb15a768d size=8192 mod=1782900515 from UID=10233 used=2936832 quota=42747311 ratio=687
07-01 10:09:09.534   590   769 D installd: Purging /data/data/com.aiquota.mobile/cache/WebView/Crashpad/completed size=8192 mod=1782900515 from UID=10233 used=2928640 quota=42747311 ratio=685
07-01 10:09:09.534   590   769 D installd: Purging /data/data/com.aiquota.mobile/cache/WebView/Crashpad/attachments size=8192 mod=1782900515 from UID=10233 used=2920448 quota=42747311 ratio=683
07-01 10:09:09.534   590   769 D installd: Purging /data/data/com.aiquota.mobile/cache/WebView/font_unique_name_table.pb size=28672 mod=1782900515 from UID=10233 used=2912256 quota=42747311 ratio=681
07-01 10:09:09.534   590   769 D installd: Purging /data/data/com.aiquota.mobile/cache/WebView/SafeBrowsing size=8192 mod=1782900515 from UID=10233 used=2883584 quota=42747311 ratio=674
07-01 10:09:09.534   590   769 D installd: Purging /data/data/com.aiquota.mobile/cache/WebView/Crash Reports size=8192 mod=1782900515 from UID=10233 used=2875392 quota=42747311 ratio=672
07-01 10:09:09.534   590   769 D installd: Purging /data/data/com.aiquota.mobile/cache/Crash Reports/ANR Variations size=8192 mod=1782900515 from UID=10233 used=2867200 quota=42747311 ratio=670
07-01 10:09:09.534   590   769 D installd: Purging /data/data/com.aiquota.mobile/cache/Crash Reports size=8192 mod=1782900515 from UID=10233 used=2859008 quota=42747311 ratio=668
07-01 10:09:09.534   590   769 D installd: Purging /data/data/com.aiquota.mobile/cache/WebView/Default/HTTP Cache/Cache_Data/5f683d723acffd14_0 size=12288 mod=1782900517 from UID=10233 used=2850816 quota=42747311 ratio=666
07-01 10:09:09.534   590   769 D installd: Purging /data/data/com.aiquota.mobile/cache/WebView/Default/HTTP Cache/Cache_Data/bd76c945f9269ca7_0 size=192512 mod=1782900517 from UID=10233 used=2838528 quota=42747311 ratio=664
07-01 10:09:09.534   590   769 D installd: Purging /data/data/com.aiquota.mobile/cache/WebView/Default/HTTP Cache/Cache_Data/5e87285ba0c2bd8d_0 size=12288 mod=1782900517 from UID=10233 used=2646016 quota=42747311 ratio=618
07-01 10:09:09.534   590   769 D installd: Purging /data/data/com.aiquota.mobile/cache/WebView/Default/HTTP Cache/Cache_Data/6b9ad35afca6ace7_0 size=12288 mod=1782900517 from UID=10233 used=2633728 quota=42747311 ratio=616
07-01 10:09:09.534   590   769 D installd: Purging /data/data/com.aiquota.mobile/cache/WebView/Default/HTTP Cache/Cache_Data/82f25e100ff1c21f_0 size=12288 mod=1782900517 from UID=10233 used=2621440 quota=42747311 ratio=613
07-01 10:09:09.534   590   769 D installd: Purging /data/data/com.aiquota.mobile/cache/WebView/Default/HTTP Cache/Cache_Data/1520690dc010b4a1_0 size=12288 mod=1782900517 from UID=10233 used=2609152 quota=42747311 ratio=610
07-01 10:09:09.534   590   769 D installd: Purging /data/data/com.aiquota.mobile/cache/WebView/Default/HTTP Cache/Cache_Data/f6377b049f2418b3_0 size=32768 mod=1782900517 from UID=10233 used=2596864 quota=42747311 ratio=607
07-01 10:09:09.535   590   769 D installd: Purging /data/data/com.aiquota.mobile/cache/WebView/Default/HTTP Cache/Cache_Data/e7490c1059b04b7a_0 size=12288 mod=1782900517 from UID=10233 used=2564096 quota=42747311 ratio=599
07-01 10:09:09.535   590   769 D installd: Purging /data/data/com.aiquota.mobile/cache/WebView/Default/HTTP Cache/Cache_Data/65b834c352f29de7_0 size=45056 mod=1782900517 from UID=10233 used=2551808 quota=42747311 ratio=596
07-01 10:09:09.535   590   769 D installd: Purging /data/data/com.aiquota.mobile/cache/WebView/Default/HTTP Cache/Cache_Data/04f04dd049c3f179_0 size=81920 mod=1782900517 from UID=10233 used=2506752 quota=42747311 ratio=586
07-01 10:09:09.535   590   769 D installd: Purging /data/data/com.aiquota.mobile/cache/WebView/Default/HTTP Cache/Cache_Data/5e5f6c9bd93acacb_0 size=32768 mod=1782900517 from UID=10233 used=2424832 quota=42747311 ratio=567
07-01 10:09:09.535   590   769 D installd: Purging /data/data/com.aiquota.mobile/cache/WebView/Default/HTTP Cache/Code Cache/js/1c7da15daaf216fa_0 size=8192 mod=1782900518 from UID=10233 used=2392064 quota=42747311 ratio=559
07-01 10:09:09.535   590   769 D installd: Purging /data/data/com.aiquota.mobile/cache/WebView/Default/HTTP Cache/Code Cache/js/d6d3424eca304af8_0 size=8192 mod=1782900518 from UID=10233 used=2383872 quota=42747311 ratio=557
07-01 10:09:09.535   590   769 D installd: Purging /data/data/com.aiquota.mobile/cache/WebView/Default/HTTP Cache/Code Cache/js/e1dfd5818ae8fde4_0 size=8192 mod=1782900518 from UID=10233 used=2375680 quota=42747311 ratio=555
07-01 10:09:09.535   590   769 D installd: Purging /data/data/com.aiquota.mobile/cache/WebView/Default/HTTP Cache/Code Cache/js/fb331bdb6e7bbdba_0 size=8192 mod=1782900518 from UID=10233 used=2367488 quota=42747311 ratio=553
07-01 10:09:09.535   590   769 D installd: Purging /data/data/com.aiquota.mobile/cache/WebView/Default/HTTP Cache/Code Cache/js/3cf33876caa8fb41_0 size=8192 mod=1782900518 from UID=10233 used=2359296 quota=42747311 ratio=551
07-01 10:09:09.535   590   769 D installd: Purging /data/data/com.aiquota.mobile/cache/WebView/Default/HTTP Cache/Code Cache/js/4aaa5c2d688cdb40_0 size=8192 mod=1782900518 from UID=10233 used=2351104 quota=42747311 ratio=550
07-01 10:09:09.535   590   769 D installd: Purging /data/data/com.aiquota.mobile/cache/WebView/Default/HTTP Cache/Code Cache/js/f90d7d4eb2ae2b15_0 size=8192 mod=1782900518 from UID=10233 used=2342912 quota=42747311 ratio=548
07-01 10:09:09.535   590   769 D installd: Purging /data/data/com.aiquota.mobile/cache/WebView/Default/HTTP Cache/Code Cache/js/460a743a21f2c9fa_0 size=8192 mod=1782900518 from UID=10233 used=2334720 quota=42747311 ratio=546
07-01 10:09:09.535   590   769 D installd: Purging /data/data/com.aiquota.mobile/cache/WebView/Default/HTTP Cache/Code Cache/js/ebf58740b7fd2f09_0 size=8192 mod=1782900518 from UID=10233 used=2326528 quota=42747311 ratio=544
07-01 10:09:09.535   590   769 D installd: Purging /data/data/com.aiquota.mobile/cache/WebView/Default/HTTP Cache/Code Cache/js/ef4608bfd7d09b04_0 size=8192 mod=1782900518 from UID=10233 used=2318336 quota=42747311 ratio=542
07-01 10:09:09.535   590   769 D installd: Purging /data/data/com.aiquota.mobile/cache/WebView/Default/HTTP Cache/Code Cache/js/9798a803c2cb288d_0 size=8192 mod=1782900518 from UID=10233 used=2310144 quota=42747311 ratio=540
07-01 10:09:09.535   590   769 D installd: Purging /data/data/com.aiquota.mobile/cache/WebView/Default/HTTP Cache/Code Cache/js/b35ccbe9fe275f66_0 size=8192 mod=1782900518 from UID=10233 used=2301952 quota=42747311 ratio=538
07-01 10:09:09.535   590   769 D installd: Purging /data/data/com.aiquota.mobile/cache/WebView/Default/HTTP Cache/Code Cache/js/c64b1e64205c319a_0 size=8192 mod=1782900518 from UID=10233 used=2293760 quota=42747311 ratio=536
07-01 10:09:09.535   590   769 D installd: Purging /data/data/com.aiquota.mobile/cache/WebView/Default/HTTP Cache/Code Cache/js/6918841d7fdc83ad_0 size=8192 mod=1782900518 from UID=10233 used=2285568 quota=42747311 ratio=534
07-01 10:09:09.535   590   769 D installd: Purging /data/data/com.aiquota.mobile/cache/WebView/Default/HTTP Cache/Code Cache/js/8944e05b044d9785_0 size=8192 mod=1782900518 from UID=10233 used=2277376 quota=42747311 ratio=532
07-01 10:09:09.535   590   769 D installd: Purging /data/data/com.aiquota.mobile/cache/WebView/Default/HTTP Cache/Code Cache/js/8daa938455e9e32f_0 size=8192 mod=1782900518 from UID=10233 used=2269184 quota=42747311 ratio=530
07-01 10:09:09.535   590   769 D installd: Purging /data/data/com.aiquota.mobile/cache/WebView/Default/HTTP Cache/Code Cache/js/9d6e81a21ea0f97f_0 size=8192 mod=1782900518 from UID=10233 used=2260992 quota=42747311 ratio=528
07-01 10:09:09.535   590   769 D installd: Purging /data/data/com.aiquota.mobile/cache/WebView/Default/HTTP Cache/Code Cache/js/f456f34c72c98979_0 size=8192 mod=1782900518 from UID=10233 used=2252800 quota=42747311 ratio=527
07-01 10:09:09.535   590   769 D installd: Purging /data/data/com.aiquota.mobile/cache/WebView/Default/HTTP Cache/Code Cache/js/f08e1d8937e76dd6_0 size=8192 mod=1782900518 from UID=10233 used=2244608 quota=42747311 ratio=525
07-01 10:09:09.535   590   769 D installd: Purging /data/data/com.aiquota.mobile/cache/WebView/Default/HTTP Cache/Code Cache/js/cb6cb6fa7a35c38c_0 size=8192 mod=1782900518 from UID=10233 used=2236416 quota=42747311 ratio=523
07-01 10:09:09.535   590   769 D installd: Purging /data/data/com.aiquota.mobile/cache/WebView/Default/HTTP Cache/Code Cache/js/b406fed5ea618c9a_0 size=8192 mod=1782900518 from UID=10233 used=2228224 quota=42747311 ratio=521
07-01 10:09:09.535   590   769 D installd: Purging /data/data/com.aiquota.mobile/cache/WebView/Default/HTTP Cache/Code Cache/js/be7a57ff68552c8d_0 size=8192 mod=1782900518 from UID=10233 used=2220032 quota=42747311 ratio=519
07-01 10:09:09.535   590   769 D installd: Purging /data/data/com.aiquota.mobile/cache/WebView/Default/HTTP Cache/Code Cache/js/54179f464d159fec_0 size=8192 mod=1782900518 from UID=10233 used=2211840 quota=42747311 ratio=517
07-01 10:09:09.535   590   769 D installd: Purging /data/data/com.aiquota.mobile/cache/WebView/Default/HTTP Cache/Code Cache/js/121997a3fe8fe1cd_0 size=8192 mod=1782900518 from UID=10233 used=2203648 quota=42747311 ratio=515
07-01 10:09:09.535   590   769 D installd: Purging /data/data/com.aiquota.mobile/cache/WebView/Default/HTTP Cache/Code Cache/js/32b22b96d38b0ed7_0 size=8192 mod=1782900518 from UID=10233 used=2195456 quota=42747311 ratio=513
07-01 10:09:09.535   590   769 D installd: Purging /data/data/com.aiquota.mobile/cache/WebView/Default/HTTP Cache/Code Cache/js/6550f4f9112b7e60_0 size=8192 mod=1782900518 from UID=10233 used=2187264 quota=42747311 ratio=511
07-01 10:09:09.535   590   769 D installd: Purging /data/data/com.aiquota.mobile/cache/WebView/Default/HTTP Cache/Code Cache/js/f5202a2795b3ee43_0 size=8192 mod=1782900518 from UID=10233 used=2179072 quota=42747311 ratio=509
07-01 10:09:09.535   590   769 D installd: Purging /data/data/com.aiquota.mobile/cache/WebView/Default/HTTP Cache/Code Cache/js/8473fb0319aa7700_0 size=8192 mod=1782900518 from UID=10233 used=2170880 quota=42747311 ratio=507
07-01 10:09:09.535   590   769 D installd: Purging /data/data/com.aiquota.mobile/cache/WebView/Default/HTTP Cache/Code Cache/js/bf4b567d5ff6d297_0 size=8192 mod=1782900518 from UID=10233 used=2162688 quota=42747311 ratio=505
07-01 10:09:09.535   590   769 D installd: Purging /data/data/com.aiquota.mobile/cache/WebView/Default/HTTP Cache/Code Cache/js/b0179508c526bc70_0 size=8192 mod=1782900518 from UID=10233 used=2154496 quota=42747311 ratio=504
07-01 10:09:09.535   590   769 D installd: Purging /data/data/com.aiquota.mobile/cache/WebView/Default/HTTP Cache/Code Cache/js/add2fb7b31bb47fd_0 size=8192 mod=1782900518 from UID=10233 used=2146304 quota=42747311 ratio=502
07-01 10:09:09.535   590   769 D installd: Purging /data/data/com.aiquota.mobile/cache/WebView/Default/HTTP Cache/Cache_Data/7a0bfa136a71fa1a_0 size=45056 mod=1782900518 from UID=10233 used=2138112 quota=42747311 ratio=500
07-01 10:09:09.535   590   769 D installd: Purging /data/data/com.aiquota.mobile/cache/WebView/Default/HTTP Cache/Cache_Data/85328545d90b76c9_0 size=28672 mod=1782900518 from UID=10233 used=2093056 quota=42747311 ratio=489
07-01 10:09:09.535   590   769 D installd: Purging /data/data/com.aiquota.mobile/cache/WebView/Default/HTTP Cache/Cache_Data/32a915aa0bba39f1_0 size=12288 mod=1782900518 from UID=10233 used=2064384 quota=42747311 ratio=482
07-01 10:09:09.535   590   769 D installd: Purging /data/data/com.aiquota.mobile/cache/WebView/Default/HTTP Cache/Cache_Data/690088388b8a6b6a_0 size=28672 mod=1782900518 from UID=10233 used=2052096 quota=42747311 ratio=480
07-01 10:09:09.535   590   769 D installd: Purging /data/data/com.aiquota.mobile/cache/WebView/Default/HTTP Cache/Cache_Data/8cf8a015441d4deb_0 size=16384 mod=1782900518 from UID=10233 used=2023424 quota=42747311 ratio=473
07-01 10:09:09.535   590   769 D installd: Purging /data/data/com.aiquota.mobile/cache/WebView/Default/HTTP Cache/Cache_Data/46c28bec6563d6ba_0 size=32768 mod=1782900518 from UID=10233 used=2007040 quota=42747311 ratio=469
07-01 10:09:09.535   590   769 D installd: Purging /data/data/com.aiquota.mobile/cache/WebView/Default/HTTP Cache/Cache_Data/3106ac03fbc2dac4_0 size=20480 mod=1782900518 from UID=10233 used=1974272 quota=42747311 ratio=461
07-01 10:09:09.535   590   769 D installd: Purging /data/data/com.aiquota.mobile/cache/WebView/Default/HTTP Cache/Cache_Data/05efe4081ef98dba_0 size=24576 mod=1782900518 from UID=10233 used=1953792 quota=42747311 ratio=457
07-01 10:09:09.535   590   769 D installd: Purging /data/data/com.aiquota.mobile/cache/WebView/Default/HTTP Cache/Cache_Data/2be707c4bbffedee_0 size=16384 mod=1782900518 from UID=10233 used=1929216 quota=42747311 ratio=451
07-01 10:09:09.535   590   769 D installd: Purging /data/data/com.aiquota.mobile/cache/WebView/Default/HTTP Cache/Cache_Data/e466d0b1673f8a27_0 size=20480 mod=1782900518 from UID=10233 used=1912832 quota=42747311 ratio=447
07-01 10:09:09.536   590   769 D installd: Purging /data/data/com.aiquota.mobile/cache/WebView/Default/HTTP Cache/Cache_Data/f6a808c58170a310_0 size=49152 mod=1782900518 from UID=10233 used=1892352 quota=42747311 ratio=442
07-01 10:09:09.536   590   769 D installd: Purging /data/data/com.aiquota.mobile/cache/WebView/Default/HTTP Cache/Cache_Data/f1993c7ff6bdd322_0 size=16384 mod=1782900518 from UID=10233 used=1843200 quota=42747311 ratio=431
07-01 10:09:09.536   590   769 D installd: Purging /data/data/com.aiquota.mobile/cache/WebView/Default/HTTP Cache/Cache_Data/57180cb7502a3239_0 size=20480 mod=1782900518 from UID=10233 used=1826816 quota=42747311 ratio=427
07-01 10:09:09.536   590   769 D installd: Purging /data/data/com.aiquota.mobile/cache/WebView/Default/HTTP Cache/Cache_Data/40be297bc8b76c42_0 size=20480 mod=1782900518 from UID=10233 used=1806336 quota=42747311 ratio=422
07-01 10:09:09.536   590   769 D installd: Purging /data/data/com.aiquota.mobile/cache/WebView/Default/HTTP Cache/Cache_Data/eeb5fd65e78bcb62_0 size=16384 mod=1782900518 from UID=10233 used=1785856 quota=42747311 ratio=417
07-01 10:09:09.536   590   769 D installd: Purging /data/data/com.aiquota.mobile/cache/WebView/Default/HTTP Cache/Cache_Data/05b809c5bd859aa8_0 size=12288 mod=1782900518 from UID=10233 used=1769472 quota=42747311 ratio=413
07-01 10:09:09.536   590   769 D installd: Purging /data/data/com.aiquota.mobile/cache/WebView/Default/HTTP Cache/Cache_Data/e6cd977ae549ccc9_0 size=16384 mod=1782900518 from UID=10233 used=1757184 quota=42747311 ratio=411
07-01 10:09:09.536   590   769 D installd: Purging /data/data/com.aiquota.mobile/cache/WebView/Default/HTTP Cache/Cache_Data/9252b8df31d5ffe8_0 size=12288 mod=1782900518 from UID=10233 used=1740800 quota=42747311 ratio=407
07-01 10:09:09.536   590   769 D installd: Purging /data/data/com.aiquota.mobile/cache/WebView/Default/HTTP Cache/Cache_Data/e07cd6affd989bf4_0 size=16384 mod=1782900518 from UID=10233 used=1728512 quota=42747311 ratio=404
07-01 10:09:09.536   590   769 D installd: Purging /data/data/com.aiquota.mobile/cache/WebView/Default/HTTP Cache/Cache_Data/ad67fd8076099a31_0 size=16384 mod=1782900518 from UID=10233 used=1712128 quota=42747311 ratio=400
07-01 10:09:09.536   590   769 D installd: Purging /data/data/com.aiquota.mobile/cache/WebView/Default/HTTP Cache/Cache_Data/9ac64466734c9544_0 size=20480 mod=1782900518 from UID=10233 used=1695744 quota=42747311 ratio=396
07-01 10:09:09.536   590   769 D installd: Purging /data/data/com.aiquota.mobile/cache/WebView/Default/HTTP Cache/Cache_Data/ed68dc53e6f115cd_0 size=20480 mod=1782900518 from UID=10233 used=1675264 quota=42747311 ratio=391
07-01 10:09:09.536   590   769 D installd: Purging /data/data/com.aiquota.mobile/cache/WebView/Default/HTTP Cache/Cache_Data/70dc1fc3f6f323d2_0 size=20480 mod=1782900518 from UID=10233 used=1654784 quota=42747311 ratio=387
07-01 10:09:09.536   590   769 D installd: Purging /data/data/com.aiquota.mobile/cache/WebView/Default/HTTP Cache/Cache_Data/516313de8f5f03f2_0 size=16384 mod=1782900518 from UID=10233 used=1634304 quota=42747311 ratio=382
07-01 10:09:09.536   590   769 D installd: Purging /data/data/com.aiquota.mobile/cache/WebView/Default/HTTP Cache/Cache_Data/990fe8de119c3b93_0 size=16384 mod=1782900518 from UID=10233 used=1617920 quota=42747311 ratio=378
07-01 10:09:09.536   590   769 D installd: Purging /data/data/com.aiquota.mobile/cache/WebView/Default/HTTP Cache/Cache_Data/f4ac797ced639b8a_0 size=53248 mod=1782900518 from UID=10233 used=1601536 quota=42747311 ratio=374
07-01 10:09:09.536   590   769 D installd: Purging /data/data/com.aiquota.mobile/cache/WebView/Default/HTTP Cache/Cache_Data/247fed145a9f026a_0 size=57344 mod=1782900518 from UID=10233 used=1548288 quota=42747311 ratio=362
07-01 10:09:09.536   590   769 D installd: Purging /data/data/com.aiquota.mobile/cache/WebView/Default/HTTP Cache/Cache_Data/8b30b65e75f8d366_0 size=20480 mod=1782900518 from UID=10233 used=1490944 quota=42747311 ratio=348
07-01 10:09:09.536   590   769 D installd: Purging /data/data/com.aiquota.mobile/cache/WebView/Default/HTTP Cache/Cache_Data/2e58ff43302f111d_0 size=57344 mod=1782900518 from UID=10233 used=1470464 quota=42747311 ratio=343
07-01 10:09:09.536   590   769 D installd: Purging /data/data/com.aiquota.mobile/cache/WebView/Default/HTTP Cache/Cache_Data/dba1dbf0c3bb7ce9_0 size=49152 mod=1782900518 from UID=10233 used=1413120 quota=42747311 ratio=330
07-01 10:09:09.536   590   769 D installd: Purging /data/data/com.aiquota.mobile/cache/WebView/Default/HTTP Cache/Cache_Data/23fa1ef02a993778_0 size=12288 mod=1782900518 from UID=10233 used=1363968 quota=42747311 ratio=319
07-01 10:09:09.536   590   769 D installd: Purging /data/data/com.aiquota.mobile/cache/WebView/Default/HTTP Cache/Cache_Data/ad96fe719786a6dc_0 size=20480 mod=1782900518 from UID=10233 used=1351680 quota=42747311 ratio=316
07-01 10:09:09.536   590   769 D installd: Purging /data/data/com.aiquota.mobile/cache/WebView/Default/HTTP Cache/Cache_Data/d9d9420d408cf474_0 size=28672 mod=1782900518 from UID=10233 used=1331200 quota=42747311 ratio=311
07-01 10:09:09.536   590   769 D installd: Purging /data/data/com.aiquota.mobile/cache/WebView/Default/HTTP Cache/Cache_Data/3aaaa19cf3928e13_0 size=16384 mod=1782900518 from UID=10233 used=1302528 quota=42747311 ratio=304
07-01 10:09:09.536   590   769 D installd: Purging /data/data/com.aiquota.mobile/cache/WebView/Default/HTTP Cache/Cache_Data/393cd2931c9c960e_0 size=65536 mod=1782900518 from UID=10233 used=1286144 quota=42747311 ratio=300
07-01 10:09:09.536   590   769 D installd: Purging /data/data/com.aiquota.mobile/cache/WebView/Default/HTTP Cache/Cache_Data/f8f4672e6c911e59_0 size=81920 mod=1782900518 from UID=10233 used=1220608 quota=42747311 ratio=285
07-01 10:09:09.536   590   769 D installd: Purging /data/data/com.aiquota.mobile/cache/WebView/Default/HTTP Cache/Cache_Data/4ba94e55fc87b068_0 size=81920 mod=1782900518 from UID=10233 used=1138688 quota=42747311 ratio=266
07-01 10:09:09.536   590   769 D installd: Purging /data/data/com.aiquota.mobile/cache/WebView/Default/HTTP Cache/Code Cache/js/ad5e8df37288d212_0 size=8192 mod=1782900519 from UID=10233 used=1056768 quota=42747311 ratio=247
07-01 10:09:09.536   590   769 D installd: Purging /data/data/com.aiquota.mobile/cache/WebView/Default/HTTP Cache/Code Cache/js/3d104a6018be984f_0 size=8192 mod=1782900519 from UID=10233 used=1048576 quota=42747311 ratio=245
07-01 10:09:09.536   590   769 D installd: Purging /data/data/com.aiquota.mobile/cache/WebView/Default/HTTP Cache/Code Cache/js/dab3056fad6cde00_0 size=8192 mod=1782900519 from UID=10233 used=1040384 quota=42747311 ratio=243
07-01 10:09:09.536   590   769 D installd: Purging /data/data/com.aiquota.mobile/cache/WebView/Default/HTTP Cache/Code Cache/js/861f0be4ba6e6bbf_0 size=8192 mod=1782900519 from UID=10233 used=1032192 quota=42747311 ratio=241
07-01 10:09:09.536   590   769 D installd: Purging /data/data/com.aiquota.mobile/cache/WebView/Default/HTTP Cache/Code Cache/js/07eed86082ca33a0_0 size=8192 mod=1782900519 from UID=10233 used=1024000 quota=42747311 ratio=239
07-01 10:09:09.536   590   769 D installd: Purging /data/data/com.aiquota.mobile/cache/WebView/Default/HTTP Cache/Code Cache/js/1b81b1603d52a110_0 size=8192 mod=1782900519 from UID=10233 used=1015808 quota=42747311 ratio=237
07-01 10:09:09.536   590   769 D installd: Purging /data/data/com.aiquota.mobile/cache/WebView/Default/HTTP Cache/Code Cache/js/e5341db117c11344_0 size=8192 mod=1782900519 from UID=10233 used=1007616 quota=42747311 ratio=235
07-01 10:09:09.536   590   769 D installd: Purging /data/data/com.aiquota.mobile/cache/WebView/Default/HTTP Cache/Code Cache/js/8d4b7513e9e8dc94_0 size=8192 mod=1782900519 from UID=10233 used=999424 quota=42747311 ratio=233
07-01 10:09:09.536   590   769 D installd: Purging /data/data/com.aiquota.mobile/cache/WebView/Default/HTTP Cache/Code Cache/js/cd9dfb5b10122cb4_0 size=8192 mod=1782900519 from UID=10233 used=991232 quota=42747311 ratio=231
07-01 10:09:09.536   590   769 D installd: Purging /data/data/com.aiquota.mobile/cache/WebView/Default/HTTP Cache/Code Cache/js/83ae7bf890d43521_0 size=8192 mod=1782900519 from UID=10233 used=983040 quota=42747311 ratio=229
07-01 10:09:09.536   590   769 D installd: Purging /data/data/com.aiquota.mobile/cache/WebView/Default/HTTP Cache/Code Cache/js/c7ee28e10fe30d96_0 size=8192 mod=1782900519 from UID=10233 used=974848 quota=42747311 ratio=228
07-01 10:09:09.536   590   769 D installd: Purging /data/data/com.aiquota.mobile/cache/WebView/Default/HTTP Cache/Cache_Data/7cc280687f118b14_0 size=12288 mod=1782900519 from UID=10233 used=966656 quota=42747311 ratio=226
07-01 10:09:09.536   590   769 D installd: Purging /data/data/com.aiquota.mobile/cache/WebView/Default/HTTP Cache/Cache_Data/f38cc504a7cc632e_0 size=20480 mod=1782900519 from UID=10233 used=954368 quota=42747311 ratio=223
07-01 10:09:09.537   590   769 D installd: Purging /data/data/com.aiquota.mobile/cache/WebView/Default/HTTP Cache/Cache_Data/58ccb41fc8e42085_0 size=20480 mod=1782900519 from UID=10233 used=933888 quota=42747311 ratio=218
07-01 10:09:09.537   590   769 D installd: Purging /data/data/com.aiquota.mobile/cache/WebView/Default/HTTP Cache/Cache_Data/a2cec3e532e9e1c6_0 size=12288 mod=1782900519 from UID=10233 used=913408 quota=42747311 ratio=213
07-01 10:09:09.537   590   769 D installd: Purging /data/data/com.aiquota.mobile/cache/WebView/Default/HTTP Cache/Cache_Data/6d6919b9ee1b17c3_0 size=16384 mod=1782900519 from UID=10233 used=901120 quota=42747311 ratio=210
07-01 10:09:09.537   590   769 D installd: Purging /data/data/com.aiquota.mobile/cache/WebView/Default/HTTP Cache/Cache_Data/ab71eb3bd1086f12_0 size=12288 mod=1782900519 from UID=10233 used=884736 quota=42747311 ratio=206
07-01 10:09:09.537   590   769 D installd: Purging /data/data/com.aiquota.mobile/cache/WebView/Default/HTTP Cache/Cache_Data/2c1b158212f31d9d_0 size=16384 mod=1782900519 from UID=10233 used=872448 quota=42747311 ratio=204
07-01 10:09:09.537   590   769 D installd: Purging /data/data/com.aiquota.mobile/cache/WebView/Default/HTTP Cache/Cache_Data/d8bcfd0998bb0c38_0 size=12288 mod=1782900519 from UID=10233 used=856064 quota=42747311 ratio=200
07-01 10:09:09.537   590   769 D installd: Purging /data/data/com.aiquota.mobile/cache/WebView/Default/HTTP Cache/Cache_Data/5add49ca2ca27d97_0 size=61440 mod=1782900519 from UID=10233 used=843776 quota=42747311 ratio=197
07-01 10:09:09.537   590   769 D installd: Purging /data/data/com.aiquota.mobile/cache/WebView/Default/HTTP Cache/Cache_Data/268e156a5d5ac252_0 size=24576 mod=1782900519 from UID=10233 used=782336 quota=42747311 ratio=183
07-01 10:09:09.537   590   769 D installd: Purging /data/data/com.aiquota.mobile/cache/WebView/Default/HTTP Cache/Cache_Data/67d04263d35e4336_0 size=24576 mod=1782900519 from UID=10233 used=757760 quota=42747311 ratio=177
07-01 10:09:09.537   590   769 D installd: Purging /data/data/com.aiquota.mobile/cache/WebView/Default/HTTP Cache/Code Cache/js/index-dir/the-real-index size=8192 mod=1782900539 from UID=10233 used=733184 quota=42747311 ratio=171
07-01 10:09:09.537   590   769 D installd: Purging /data/data/com.aiquota.mobile/cache/WebView/Default/HTTP Cache/Cache_Data/index-dir/the-real-index size=8192 mod=1782900539 from UID=10233 used=724992 quota=42747311 ratio=169
07-01 10:09:09.537   590   769 D installd: Purging /data/data/com.aiquota.mobile/cache/WebView/Default/HTTP Cache/Code Cache/js/index-dir size=8192 mod=1782900539 from UID=10233 used=716800 quota=42747311 ratio=167
07-01 10:09:09.537   590   769 D installd: Purging /data/data/com.aiquota.mobile/cache/WebView/Default/HTTP Cache/Cache_Data/index-dir size=8192 mod=1782900539 from UID=10233 used=708608 quota=42747311 ratio=165
07-01 10:09:09.537   590   769 D installd: Purging /data/data/com.aiquota.mobile/cache/WebView/Default/HTTP Cache/Code Cache/js size=8192 mod=1782900539 from UID=10233 used=700416 quota=42747311 ratio=163
07-01 10:09:09.537   590   769 D installd: Purging /data/data/com.aiquota.mobile/cache/WebView/Default/HTTP Cache/Cache_Data size=8192 mod=1782900539 from UID=10233 used=692224 quota=42747311 ratio=161
07-01 10:09:09.537   590   769 D installd: Purging /data/data/com.aiquota.mobile/cache/WebView/Default/HTTP Cache/Code Cache size=8192 mod=1782900539 from UID=10233 used=684032 quota=42747311 ratio=160
07-01 10:09:09.537   590   769 D installd: Purging /data/data/com.aiquota.mobile/cache/WebView/Default/HTTP Cache size=8192 mod=1782900539 from UID=10233 used=675840 quota=42747311 ratio=158
07-01 10:09:09.537   590   769 D installd: Purging /data/data/com.aiquota.mobile/cache/WebView/Default size=8192 mod=1782900539 from UID=10233 used=667648 quota=42747311 ratio=156
07-01 10:09:09.537   590   769 D installd: Purging /data/data/com.aiquota.mobile/cache/WebView/Crashpad/pending/4ff06ed5-5a08-4724-9ae1-4675459ea53d.dmp size=577536 mod=1782900546 from UID=10233 used=659456 quota=42747311 ratio=154
07-01 10:09:09.538   590   769 D installd: Purging /data/data/com.android.vending/cache/logs_background/com.google.hyunmin.kang27%40gmail.com.metalog/logs_upload_attempt.log size=8192 mod=1782900498 from UID=10153 used=188416 quota=15649672 ratio=120
07-01 10:09:09.538   590   769 D installd: Purging /data/data/com.android.vending/cache/logs_background/com.google.hyunmin.kang27%40gmail.com.metalog/play_metalog.log size=8192 mod=1782900498 from UID=10153 used=180224 quota=15649672 ratio=115
07-01 10:09:09.538   590   769 D installd: Purging /data/data/com.android.vending/cache/store_app_usage_logs_background/com.google.hyunmin.kang27%40gmail.com.metalog/logs_upload_attempt.log size=4096 mod=1782900498 from UID=10153 used=172032 quota=15649672 ratio=109
07-01 10:09:09.538   590   769 D installd: Purging /data/data/com.android.vending/cache/store_app_usage_logs_background/com.google.hyunmin.kang27%40gmail.com.metalog/play_metalog.log size=8192 mod=1782900498 from UID=10153 used=167936 quota=15649672 ratio=107
07-01 10:09:09.538   590   769 D installd: Purging /data/data/com.android.vending/cache/logs/com.google.hyunmin.kang27%40gmail.com.metalog/logs_upload_attempt.log size=8192 mod=1782900498 from UID=10153 used=159744 quota=15649672 ratio=102
07-01 10:09:09.539   590   769 D installd: Purging /data/data/com.android.vending/cache/logs/com.google.hyunmin.kang27%40gmail.com.metalog/play_metalog.log size=8192 mod=1782900498 from UID=10153 used=151552 quota=15649672 ratio=96
07-01 10:09:09.539   590   769 D installd: Purging /data/data/com.android.vending/cache/logs/com.google.hyunmin.kang27%40gmail.com.metalog size=8192 mod=1782900498 from UID=10153 used=143360 quota=15649672 ratio=91
07-01 10:09:09.539   590   769 D installd: Purging /data/data/com.android.vending/cache/store_app_usage_logs_background/com.google.hyunmin.kang27%40gmail.com.metalog size=8192 mod=1782900498 from UID=10153 used=135168 quota=15649672 ratio=86
07-01 10:09:09.539   590   769 D installd: Purging /data/data/com.android.vending/cache/logs_background/com.google.hyunmin.kang27%40gmail.com.metalog size=8192 mod=1782900498 from UID=10153 used=126976 quota=15649672 ratio=81
07-01 10:09:09.539   590   769 D installd: Purging /data/data/com.android.vending/cache/logs size=8192 mod=1782900498 from UID=10153 used=118784 quota=15649672 ratio=75
07-01 10:09:09.539   590   769 D installd: Purging /data/data/com.android.vending/cache/store_app_usage_logs_background size=8192 mod=1782900498 from UID=10153 used=110592 quota=15649672 ratio=70
07-01 10:09:09.539   590   769 D installd: Purging /data/data/com.android.vending/cache/logs_background size=8192 mod=1782900498 from UID=10153 used=102400 quota=15649672 ratio=65
07-01 10:09:09.546   590   769 D installd: Purging /data/data/com.aiquota.mobile/cache/WebView/Crashpad/pending/4ff06ed5-5a08-4724-9ae1-4675459ea53d.meta size=8192 mod=1782900546 from UID=10233 used=81920 quota=42747311 ratio=19
07-01 10:09:09.546   590   769 D installd: Purging /data/data/com.aiquota.mobile/cache/WebView/Crashpad/settings.dat size=8192 mod=1782900546 from UID=10233 used=73728 quota=42747311 ratio=17
07-01 10:09:09.546   590   769 D installd: Purging /data/data/com.aiquota.mobile/cache/WebView/Crashpad/new size=8192 mod=1782900546 from UID=10233 used=65536 quota=42747311 ratio=15
07-01 10:09:09.546   590   769 D installd: Purging /data/data/com.aiquota.mobile/cache/WebView/Crashpad/pending size=8192 mod=1782900546 from UID=10233 used=57344 quota=42747311 ratio=13
07-01 10:09:09.546   590   769 D installd: Purging /data/data/com.aiquota.mobile/cache/WebView/Crashpad size=8192 mod=1782900546 from UID=10233 used=49152 quota=42747311 ratio=11
07-01 10:09:09.547   590   769 D installd: Purging /data/data/com.aiquota.mobile/cache/WebView size=8192 mod=1782900546 from UID=10233 used=40960 quota=42747311 ratio=9
07-01 10:09:09.547   590   769 E installd: Failed to free up 622811544 on /data; final free space 404238336: Success
07-01 10:09:09.548  1618  1792 I ExternalStorageServiceImpl: Free cache requested for 218573208 bytes
07-01 10:09:09.550  1618  1792 I ExternalStorageServiceImpl: Free cache requested for 218573208 bytes
07-01 10:09:09.550   692   879 W DeviceStorageMonitorService: java.io.IOException: Failed to free 622811544 on storage device at /data
07-01 10:09:09.550   692   879 W DeviceStorageMonitorService: 	at com.android.server.pm.FreeStorageHelper.freeStorage(FreeStorageHelper.java:182)
07-01 10:09:09.550   692   879 W DeviceStorageMonitorService: 	at com.android.server.pm.PackageManagerService.freeStorage(PackageManagerService.java:3006)
07-01 10:09:09.550   692   879 W DeviceStorageMonitorService: 	at com.android.server.pm.PackageManagerInternalBase.freeStorage(PackageManagerInternalBase.java:581)
07-01 10:09:09.550   692   879 W DeviceStorageMonitorService: 	at com.android.server.storage.DeviceStorageMonitorService.checkLow(DeviceStorageMonitorService.java:194)
07-01 10:09:09.550   692   879 W DeviceStorageMonitorService: 	at com.android.server.storage.DeviceStorageMonitorService.-$$Nest$mcheckLow(DeviceStorageMonitorService.java:0)
07-01 10:09:09.550   692   879 W DeviceStorageMonitorService: 	at com.android.server.storage.DeviceStorageMonitorService$1.handleMessage(DeviceStorageMonitorService.java:297)
07-01 10:09:09.550   692   879 W DeviceStorageMonitorService: 	at android.os.Handler.dispatchMessageImpl(Handler.java:142)
07-01 10:09:09.550   692   879 W DeviceStorageMonitorService: 	at android.os.Handler.dispatchMessage(Handler.java:125)
07-01 10:09:09.550   692   879 W DeviceStorageMonitorService: 	at android.os.Looper.loopOnce(Looper.java:296)
07-01 10:09:09.550   692   879 W DeviceStorageMonitorService: 	at android.os.Looper.loop(Looper.java:397)
07-01 10:09:09.550   692   879 W DeviceStorageMonitorService: 	at android.os.HandlerThread.run(HandlerThread.java:139)
07-01 10:09:09.813   692   892 I AdbWifiNetworkMonitor: Wi-Fi network available
07-01 10:09:09.813   692   892 I AdbWifiNetworkMonitor: Received the same Wi-Fi SSID. Ignoring.
07-01 10:09:09.816   692   860 I HalDevMgr: bestIfaceCreationProposal is null, requestIface=STA, existingIface=[name=wlan0 type=STA]
07-01 10:09:09.816  1331  2497 I NullBinder: NullBinder for android.net.action.RECOMMEND_NETWORKS triggering remote TransactionTooLargeException due to Service without Chimera impl, calling uid: 1000, calling pid: 0
07-01 10:09:09.816  1331  2497 W libbinder.Binder: Large reply transaction of 1056768 bytes, interface descriptor , function: UNKNOWN_FUNCTION_NAME, code: 1, flags: 17
07-01 10:09:09.817  4397  4547 D WM-WorkConstraintsTrack: NetworkRequestConstraintController onCapabilitiesChanged callback
07-01 10:09:09.818  5429  5471 I BugleRcsEngine: handleMessage processing message:[NOTIFY_UPTIME_IGNORE_STATE_CHANGED] with [non-null]:RcsEngineImpl reference [CONTEXT log_prefix="RcsEngineImpl[DUAL_REG]:[16822a33-62db]>Handler" thread_id=64 ]
07-01 10:09:09.818  5429  5467 I BugleRcsEngine: Connected state: [1], networkType: [WIFI] [CONTEXT thread_id=63 ]
07-01 10:09:09.820   692   866 D ConnectivityService: NetReassign [no changes] [c 0] [a 0] [i 0]
07-01 10:09:09.820  1331 24223 I NearbyMediums: Wifi changed new SSID: "AndroidWifi"
07-01 10:09:09.820  1331 24223 I NearbyMediums: WifiLanConnectivityInfo is not changed, skip notify.
07-01 10:09:09.821  5429  5471 I BugleRcsEngine: No RCS Configuration was found in Bugle for simID: redacted-pii:sim_id[chars:20,last3:897] [CONTEXT log_prefix="ProvisioningEngineDataRetriever" thread_id=64 ]
07-01 10:09:10.319  1331  1331 I NearbySharing: Network state changed: NetworkState(isRestricted=false, isOnline=true, isCongested=false, isMetered=false, isWifiConnected=true)
07-01 10:09:11.555   539   539 I adbd    : adbd service requested 'shell,v2,raw:dumpsys package com.google.android.gms'
07-01 10:09:11.716  3176  3176 I artd    : GetBestInfo: odex next to the dex file (/data/app/~~pUpe9D-hsv0lOCLmNQJGyA==/com.google.android.gms-a0e_AySruvvgbDhYG8Z6yQ==/oat/x86_64/base.odex) is kOatUpToDate with filter 'speed-profile' executable 'false'
07-01 10:09:11.718  3176  3176 I artd    : GetBestInfo: dm (/data/app/~~pUpe9D-hsv0lOCLmNQJGyA==/com.google.android.gms-a0e_AySruvvgbDhYG8Z6yQ==/split_AdsDynamite_installtime.dm) is kOatUpToDate with filter 'verify' executable 'false'
07-01 10:09:11.719  3176  3176 I artd    : GetBestInfo: odex next to the dex file (/data/app/~~pUpe9D-hsv0lOCLmNQJGyA==/com.google.android.gms-a0e_AySruvvgbDhYG8Z6yQ==/oat/x86_64/split_CronetDynamite_installtime.odex) is kOatUpToDate with filter 'speed-profile' executable 'false'
07-01 10:09:11.720  3176  3176 I artd    : GetBestInfo: dm (/data/app/~~pUpe9D-hsv0lOCLmNQJGyA==/com.google.android.gms-a0e_AySruvvgbDhYG8Z6yQ==/split_DynamiteLoader_installtime.dm) is kOatUpToDate with filter 'verify' executable 'false'
07-01 10:09:11.721  3176  3176 I artd    : GetBestInfo: dm (/data/app/~~pUpe9D-hsv0lOCLmNQJGyA==/com.google.android.gms-a0e_AySruvvgbDhYG8Z6yQ==/split_DynamiteModulesA_installtime.dm) is kOatUpToDate with filter 'verify' executable 'false'
07-01 10:09:11.722  3176  3176 I artd    : GetBestInfo: dm (/data/app/~~pUpe9D-hsv0lOCLmNQJGyA==/com.google.android.gms-a0e_AySruvvgbDhYG8Z6yQ==/split_DynamiteModulesC_installtime.dm) is kOatUpToDate with filter 'verify' executable 'false'
07-01 10:09:11.723  3176  3176 I artd    : GetBestInfo: dm (/data/app/~~pUpe9D-hsv0lOCLmNQJGyA==/com.google.android.gms-a0e_AySruvvgbDhYG8Z6yQ==/split_GoogleCertificates_installtime.dm) is kOatUpToDate with filter 'verify' executable 'false'
07-01 10:09:11.724  3176  3176 I artd    : GetBestInfo: dm (/data/app/~~pUpe9D-hsv0lOCLmNQJGyA==/com.google.android.gms-a0e_AySruvvgbDhYG8Z6yQ==/split_MapsDynamite_installtime.dm) is kOatUpToDate with filter 'verify' executable 'false'
07-01 10:09:11.726  3176  3176 I artd    : GetBestInfo: dm (/data/app/~~pUpe9D-hsv0lOCLmNQJGyA==/com.google.android.gms-a0e_AySruvvgbDhYG8Z6yQ==/split_MeasurementDynamite_installtime.dm) is kOatUpToDate with filter 'verify' executable 'false'
07-01 10:09:11.727  3176  3176 I artd    : GetBestInfo: /data/user_de/0/com.google.android.gms/app_chimera/m/0000000e/dl-IdentityCredentialsPlatform.optional_262031100800.apk has no usable artifacts
07-01 10:09:11.728  3176  3176 I artd    : GetBestInfo: /data/user_de/0/com.google.android.gms/app_chimera/m/00000001/CronetDynamite.apk has no usable artifacts
07-01 10:09:11.729  3176  3176 I artd    : GetBestInfo: /data/user_de/0/com.google.android.gms/app_chimera/m/00000013/dl-TfliteDynamiteDynamite.integ_252130102100800.apk has no usable artifacts
07-01 10:09:11.730  3176  3176 I artd    : GetBestInfo: /data/user_de/0/com.google.android.gms/app_chimera/m/00000002/DynamiteLoader.apk has no usable artifacts
07-01 10:09:11.731  3176  3176 I artd    : GetBestInfo: /data/user_de/0/com.google.android.gms/app_chimera/m/0000000c/dl-IdentityCredentialsPlatform.optional_261136100800.apk has no usable artifacts
07-01 10:09:11.732  3176  3176 I artd    : GetBestInfo: /data/user_de/0/com.google.android.gms/app_chimera/m/00000005/GoogleCertificates.apk has no usable artifacts
07-01 10:09:11.733  3176  3176 I artd    : GetBestInfo: /data/user_de/0/com.google.android.gms/app_chimera/m/0000000a/dl-TfliteDynamiteDynamite.integ_260580502100800.apk has no usable artifacts
07-01 10:09:11.734  3176  3176 I artd    : GetBestInfo: /data/user_de/0/com.google.android.gms/app_chimera/m/00000016/dl-PlayCloudSearch.optional_262031100000.apk has no usable artifacts
07-01 10:09:11.735  3176  3176 I artd    : GetBestInfo: /data/user_de/0/com.google.android.gms/app_chimera/m/00000014/dl-MlkitOcrCommon.optional_262031100800.apk has no usable artifacts
07-01 10:09:11.737  3176  3176 I artd    : GetBestInfo: /data/user_de/0/com.google.android.gms/app_chimera/m/00000008/dl-VisionOcr.optional_261136100000.apk has no usable artifacts
07-01 10:09:11.738  3176  3176 I artd    : GetBestInfo: /data/user_de/0/com.google.android.gms/app_chimera/m/00000010/dl-Appsearch.optional_262031100800.apk has no usable artifacts
07-01 10:09:11.740  3176  3176 I artd    : GetBestInfo: /data/user_de/0/com.google.android.gms/app_chimera/m/0000000b/dl-Appsearch.optional_261136100800.apk has no usable artifacts
07-01 10:09:11.741  3176  3176 I artd    : GetBestInfo: vdex next to the dex file (/data/user/0/com.google.android.gms/app_dg_cache/9BCBC14EE674B00B958D4B0C5B4BD883630AA39E/oat/x86_64/the.vdex) is kOatUpToDate with filter 'verify' executable 'false'
07-01 10:09:11.742  3176  3176 I artd    : GetBestInfo: /data/user_de/0/com.google.android.gms/app_chimera/m/00000009/dl-MlkitOcrCommon.optional_261136100800.apk has no usable artifacts
07-01 10:09:11.743  3176  3176 I artd    : GetBestInfo: /data/user/0/com.google.android.gms/app_dg_cache/22DA9D7AD8ED7504E0CAC64C41ECDBD7068924E0/the.apk has no usable artifacts
07-01 10:09:11.744  3176  3176 I artd    : GetBestInfo: vdex next to the dex file (/data/user/0/com.google.android.gms/app_dg_cache/FEE57AEA14526BE59FD8AB1365237E7B7A5CE7CB/oat/x86_64/the.vdex) is kOatUpToDate with filter 'verify' executable 'false'
07-01 10:09:11.745  3176  3176 I artd    : GetBestInfo: vdex next to the dex file (/data/user/0/com.google.android.gms/app_dg_cache/1C62BDE86218FBAA50DF06C4A79F5C3FE74B69EC/oat/x86_64/the.vdex) is kOatUpToDate with filter 'verify' executable 'false'
07-01 10:09:11.746  3176  3176 I artd    : GetBestInfo: /data/user_de/0/com.google.android.gms/app_chimera/m/0000000f/dl-VisionOcr.optional_262031100000.apk has no usable artifacts
07-01 10:09:11.747  3176  3176 I artd    : GetBestInfo: /data/user_de/0/com.google.android.gms/app_chimera/m/00000015/dl-MlkitBarcodeUi.optional_262031100800.apk has no usable artifacts
07-01 10:09:11.748  3176  3176 I artd    : GetBestInfo: /data/user_de/0/com.google.android.gms/app_chimera/m/00000007/MeasurementDynamite.apk has no usable artifacts
07-01 10:09:12.824   692   860 I HalDevMgr: bestIfaceCreationProposal is null, requestIface=STA, existingIface=[name=wlan0 type=STA]
07-01 10:09:12.827  1074  1202 D IpClient/wlan0: interfaceLinkStateChanged: ifindex 16 up
07-01 10:09:12.833  1074  1202 D IpClient/wlan0: interfaceLinkStateChanged: ifindex 16 up
07-01 10:09:15.229  1119  1246 D SatelliteController: isInCarrierRoamingNbIotNtn: satellite is disabled
07-01 10:09:15.229  1119  1246 D SatelliteController: getCarrierRoamingNtnConnectType: Checking connect type from PLMN config for subId: 1
07-01 10:09:15.229  1119  1246 D TelephonyConfigUpdateInstallReceiver: getConfigParser: domain=satellite
07-01 10:09:15.229  1119  1246 V SatelliteController: satelliteConfigParser is not ready
07-01 10:09:15.229  1119  1246 D SatelliteController: isSatelliteAttachSupportedViaConfigupdater: return null (satelliteConfig is null)
07-01 10:09:15.230  1119  1246 D SatelliteController: getSatellitePerPlmnConfiguration: invalid subId or not supported via carrier.
07-01 10:09:15.230  1119  1246 D SatelliteController: getCarrierRoamingNtnConnectType: config: null
07-01 10:09:15.230  1119  1246 D TelephonyConfigUpdateInstallReceiver: getConfigParser: domain=satellite
07-01 10:09:15.230  1119  1246 V SatelliteController: satelliteConfigParser is not ready
07-01 10:09:15.230  1119  1246 D SatelliteController: getCarrierRoamingNtnConnectTypeViaConfigUpdater: return null (satelliteConfig is null)
07-01 10:09:15.230  1119  1246 D SatelliteController: getCarrierRoamingNtnConnectType: Falling back to global carrier config connect type: 0
07-01 10:09:15.230  1119  1246 D TelephonyConfigUpdateInstallReceiver: getConfigParser: domain=satellite
07-01 10:09:15.231  1119  1246 V SatelliteController: satelliteConfigParser is not ready
07-01 10:09:15.231  1119  1246 D SatelliteController: isSatelliteAttachSupportedViaConfigupdater: return null (satelliteConfig is null)
07-01 10:09:15.231  1119  1246 D SatelliteController: getCarrierRoamingNtnConnectType: Checking connect type from PLMN config for subId: 1
07-01 10:09:15.231  1119  1246 D TelephonyConfigUpdateInstallReceiver: getConfigParser: domain=satellite
07-01 10:09:15.231  1119  1246 V SatelliteController: satelliteConfigParser is not ready
07-01 10:09:15.231  1119  1246 D SatelliteController: isSatelliteAttachSupportedViaConfigupdater: return null (satelliteConfig is null)
07-01 10:09:15.231  1119  1246 D SatelliteController: getSatellitePerPlmnConfiguration: invalid subId or not supported via carrier.
07-01 10:09:15.231  1119  1246 D SatelliteController: getCarrierRoamingNtnConnectType: config: null
07-01 10:09:15.231  1119  1246 D TelephonyConfigUpdateInstallReceiver: getConfigParser: domain=satellite
07-01 10:09:15.231  1119  1246 V SatelliteController: satelliteConfigParser is not ready
07-01 10:09:15.231  1119  1246 D SatelliteController: getCarrierRoamingNtnConnectTypeViaConfigUpdater: return null (satelliteConfig is null)
07-01 10:09:15.231  1119  1246 D SatelliteController: getCarrierRoamingNtnConnectType: Falling back to global carrier config connect type: 0
07-01 10:09:15.231  1119  1246 D TelephonyConfigUpdateInstallReceiver: getConfigParser: domain=satellite
07-01 10:09:15.231  1119  1246 V SatelliteController: satelliteConfigParser is not ready
07-01 10:09:15.231  1119  1246 D SatelliteController: isSatelliteAttachSupportedViaConfigupdater: return null (satelliteConfig is null)
07-01 10:09:15.686   954   954 I wpa_supplicant: wlan0: CTRL-EVENT-BEACON-LOSS 
07-01 10:09:15.827   692   892 I AdbWifiNetworkMonitor: Wi-Fi network available
07-01 10:09:15.827   692   892 I AdbWifiNetworkMonitor: Received the same Wi-Fi SSID. Ignoring.
07-01 10:09:15.830   692   860 I HalDevMgr: bestIfaceCreationProposal is null, requestIface=STA, existingIface=[name=wlan0 type=STA]
07-01 10:09:15.830  4397  4547 D WM-WorkConstraintsTrack: NetworkRequestConstraintController onCapabilitiesChanged callback
07-01 10:09:15.832  1331  2497 I NullBinder: NullBinder for android.net.action.RECOMMEND_NETWORKS triggering remote TransactionTooLargeException due to Service without Chimera impl, calling uid: 1000, calling pid: 0
07-01 10:09:15.833  5429  5471 I BugleRcsEngine: handleMessage processing message:[NOTIFY_UPTIME_IGNORE_STATE_CHANGED] with [non-null]:RcsEngineImpl reference [CONTEXT log_prefix="RcsEngineImpl[DUAL_REG]:[16822a33-62db]>Handler" thread_id=64 ]
07-01 10:09:15.833  1331  2497 W libbinder.Binder: Large reply transaction of 1056768 bytes, interface descriptor , function: UNKNOWN_FUNCTION_NAME, code: 1, flags: 17
07-01 10:09:15.834   692   866 D ConnectivityService: NetReassign [no changes] [c 1] [a 0] [i 0]
07-01 10:09:15.834  5429  5467 I BugleRcsEngine: Connected state: [1], networkType: [WIFI] [CONTEXT thread_id=63 ]
07-01 10:09:15.834  1331 24223 I NearbyMediums: Wifi changed new SSID: "AndroidWifi"
07-01 10:09:15.834  1331 24223 I NearbyMediums: WifiLanConnectivityInfo is not changed, skip notify.
07-01 10:09:15.837  5429  5471 I BugleRcsEngine: No RCS Configuration was found in Bugle for simID: redacted-pii:sim_id[chars:20,last3:897] [CONTEXT log_prefix="ProvisioningEngineDataRetriever" thread_id=64 ]
07-01 10:09:16.333  1331  1331 I NearbySharing: Network state changed: NetworkState(isRestricted=false, isOnline=true, isCongested=false, isMetered=false, isWifiConnected=true)
07-01 10:09:17.449   692  1800 I AppSearchIcing: icing-search-engine.cc:2487: Persisting data to disk with mode 3
07-01 10:09:17.452   692  1800 I AppSearchIcing: icing-search-engine.cc:2502: PersistToDisk completed.
07-01 10:09:17.527 22578 22578 D BoundBrokerSvc: onUnbind: Intent { act=com.google.android.gms.common.BIND_SHARED_PREFS xflg=0x4 pkg=com.google.android.gms }
07-01 10:09:17.528   692  1010 W ProcessStats: Tracking association SourceState{e400d4b com.google.android.gms.persistent/10203 BFgs #12560} whose proc state 4 is better than process ProcessState{9dd9f22 com.google.android.gms/10203 pkg=com.google.android.gms} proc state 14 (4 skipped)
07-01 10:09:18.835   692   860 I HalDevMgr: bestIfaceCreationProposal is null, requestIface=STA, existingIface=[name=wlan0 type=STA]
07-01 10:09:18.838  1074  1202 D IpClient/wlan0: interfaceLinkStateChanged: ifindex 16 up
07-01 10:09:18.845  1074  1202 D IpClient/wlan0: interfaceLinkStateChanged: ifindex 16 up
07-01 10:09:21.546   539   539 I adbd    : adbd service requested 'shell,v2,raw:dumpsys package com.google.android.gms'
07-01 10:09:21.706  3176  6041 I artd    : GetBestInfo: odex next to the dex file (/data/app/~~pUpe9D-hsv0lOCLmNQJGyA==/com.google.android.gms-a0e_AySruvvgbDhYG8Z6yQ==/oat/x86_64/base.odex) is kOatUpToDate with filter 'speed-profile' executable 'false'
07-01 10:09:21.707  3176  6041 I artd    : GetBestInfo: dm (/data/app/~~pUpe9D-hsv0lOCLmNQJGyA==/com.google.android.gms-a0e_AySruvvgbDhYG8Z6yQ==/split_AdsDynamite_installtime.dm) is kOatUpToDate with filter 'verify' executable 'false'
07-01 10:09:21.709  3176  6041 I artd    : GetBestInfo: odex next to the dex file (/data/app/~~pUpe9D-hsv0lOCLmNQJGyA==/com.google.android.gms-a0e_AySruvvgbDhYG8Z6yQ==/oat/x86_64/split_CronetDynamite_installtime.odex) is kOatUpToDate with filter 'speed-profile' executable 'false'
07-01 10:09:21.709  3176  6041 I artd    : GetBestInfo: dm (/data/app/~~pUpe9D-hsv0lOCLmNQJGyA==/com.google.android.gms-a0e_AySruvvgbDhYG8Z6yQ==/split_DynamiteLoader_installtime.dm) is kOatUpToDate with filter 'verify' executable 'false'
07-01 10:09:21.711  3176  6041 I artd    : GetBestInfo: dm (/data/app/~~pUpe9D-hsv0lOCLmNQJGyA==/com.google.android.gms-a0e_AySruvvgbDhYG8Z6yQ==/split_DynamiteModulesA_installtime.dm) is kOatUpToDate with filter 'verify' executable 'false'
07-01 10:09:21.712  3176  6041 I artd    : GetBestInfo: dm (/data/app/~~pUpe9D-hsv0lOCLmNQJGyA==/com.google.android.gms-a0e_AySruvvgbDhYG8Z6yQ==/split_DynamiteModulesC_installtime.dm) is kOatUpToDate with filter 'verify' executable 'false'
07-01 10:09:21.713  3176  6041 I artd    : GetBestInfo: dm (/data/app/~~pUpe9D-hsv0lOCLmNQJGyA==/com.google.android.gms-a0e_AySruvvgbDhYG8Z6yQ==/split_GoogleCertificates_installtime.dm) is kOatUpToDate with filter 'verify' executable 'false'
07-01 10:09:21.714  3176  6041 I artd    : GetBestInfo: dm (/data/app/~~pUpe9D-hsv0lOCLmNQJGyA==/com.google.android.gms-a0e_AySruvvgbDhYG8Z6yQ==/split_MapsDynamite_installtime.dm) is kOatUpToDate with filter 'verify' executable 'false'
07-01 10:09:21.715  3176  6041 I artd    : GetBestInfo: dm (/data/app/~~pUpe9D-hsv0lOCLmNQJGyA==/com.google.android.gms-a0e_AySruvvgbDhYG8Z6yQ==/split_MeasurementDynamite_installtime.dm) is kOatUpToDate with filter 'verify' executable 'false'
07-01 10:09:21.715  3176  6041 I artd    : GetBestInfo: /data/user_de/0/com.google.android.gms/app_chimera/m/0000000e/dl-IdentityCredentialsPlatform.optional_262031100800.apk has no usable artifacts
07-01 10:09:21.716  3176  6041 I artd    : GetBestInfo: /data/user_de/0/com.google.android.gms/app_chimera/m/00000001/CronetDynamite.apk has no usable artifacts
07-01 10:09:21.716  3176  6041 I artd    : GetBestInfo: /data/user_de/0/com.google.android.gms/app_chimera/m/00000013/dl-TfliteDynamiteDynamite.integ_252130102100800.apk has no usable artifacts
07-01 10:09:21.717  3176  6041 I artd    : GetBestInfo: /data/user_de/0/com.google.android.gms/app_chimera/m/00000002/DynamiteLoader.apk has no usable artifacts
07-01 10:09:21.718  3176  6041 I artd    : GetBestInfo: /data/user_de/0/com.google.android.gms/app_chimera/m/0000000c/dl-IdentityCredentialsPlatform.optional_261136100800.apk has no usable artifacts
07-01 10:09:21.719  3176  6041 I artd    : GetBestInfo: /data/user_de/0/com.google.android.gms/app_chimera/m/00000005/GoogleCertificates.apk has no usable artifacts
07-01 10:09:21.720  3176  6041 I artd    : GetBestInfo: /data/user_de/0/com.google.android.gms/app_chimera/m/0000000a/dl-TfliteDynamiteDynamite.integ_260580502100800.apk has no usable artifacts
07-01 10:09:21.722  3176  6041 I artd    : GetBestInfo: /data/user_de/0/com.google.android.gms/app_chimera/m/00000016/dl-PlayCloudSearch.optional_262031100000.apk has no usable artifacts
07-01 10:09:21.723  3176  6041 I artd    : GetBestInfo: /data/user_de/0/com.google.android.gms/app_chimera/m/00000014/dl-MlkitOcrCommon.optional_262031100800.apk has no usable artifacts
07-01 10:09:21.725  3176  6041 I artd    : GetBestInfo: /data/user_de/0/com.google.android.gms/app_chimera/m/00000008/dl-VisionOcr.optional_261136100000.apk has no usable artifacts
07-01 10:09:21.726  3176  6041 I artd    : GetBestInfo: /data/user_de/0/com.google.android.gms/app_chimera/m/00000010/dl-Appsearch.optional_262031100800.apk has no usable artifacts
07-01 10:09:21.727  3176  6041 I artd    : GetBestInfo: /data/user_de/0/com.google.android.gms/app_chimera/m/0000000b/dl-Appsearch.optional_261136100800.apk has no usable artifacts
07-01 10:09:21.728  3176  6041 I artd    : GetBestInfo: vdex next to the dex file (/data/user/0/com.google.android.gms/app_dg_cache/9BCBC14EE674B00B958D4B0C5B4BD883630AA39E/oat/x86_64/the.vdex) is kOatUpToDate with filter 'verify' executable 'false'
07-01 10:09:21.730  3176  6041 I artd    : GetBestInfo: /data/user_de/0/com.google.android.gms/app_chimera/m/00000009/dl-MlkitOcrCommon.optional_261136100800.apk has no usable artifacts
07-01 10:09:21.731  3176  6041 I artd    : GetBestInfo: /data/user/0/com.google.android.gms/app_dg_cache/22DA9D7AD8ED7504E0CAC64C41ECDBD7068924E0/the.apk has no usable artifacts
07-01 10:09:21.732  3176  6041 I artd    : GetBestInfo: vdex next to the dex file (/data/user/0/com.google.android.gms/app_dg_cache/FEE57AEA14526BE59FD8AB1365237E7B7A5CE7CB/oat/x86_64/the.vdex) is kOatUpToDate with filter 'verify' executable 'false'
07-01 10:09:21.734  3176  6041 I artd    : GetBestInfo: vdex next to the dex file (/data/user/0/com.google.android.gms/app_dg_cache/1C62BDE86218FBAA50DF06C4A79F5C3FE74B69EC/oat/x86_64/the.vdex) is kOatUpToDate with filter 'verify' executable 'false'
07-01 10:09:21.735  3176  6041 I artd    : GetBestInfo: /data/user_de/0/com.google.android.gms/app_chimera/m/0000000f/dl-VisionOcr.optional_262031100000.apk has no usable artifacts
07-01 10:09:21.736  3176  6041 I artd    : GetBestInfo: /data/user_de/0/com.google.android.gms/app_chimera/m/00000015/dl-MlkitBarcodeUi.optional_262031100800.apk has no usable artifacts
07-01 10:09:21.738  3176  6041 I artd    : GetBestInfo: /data/user_de/0/com.google.android.gms/app_chimera/m/00000007/MeasurementDynamite.apk has no usable artifacts
07-01 10:09:21.841   692   892 I AdbWifiNetworkMonitor: Wi-Fi network available
07-01 10:09:21.841   692   892 I AdbWifiNetworkMonitor: Received the same Wi-Fi SSID. Ignoring.
07-01 10:09:21.845   692   860 I HalDevMgr: bestIfaceCreationProposal is null, requestIface=STA, existingIface=[name=wlan0 type=STA]
07-01 10:09:21.845  4397  4547 D WM-WorkConstraintsTrack: NetworkRequestConstraintController onCapabilitiesChanged callback
07-01 10:09:21.847  1331  2351 I NullBinder: NullBinder for android.net.action.RECOMMEND_NETWORKS triggering remote TransactionTooLargeException due to Service without Chimera impl, calling uid: 1000, calling pid: 0
07-01 10:09:21.847  1331  2351 W libbinder.Binder: Large reply transaction of 1056768 bytes, interface descriptor , function: UNKNOWN_FUNCTION_NAME, code: 1, flags: 17
07-01 10:09:21.847  5429  5471 I BugleRcsEngine: handleMessage processing message:[NOTIFY_UPTIME_IGNORE_STATE_CHANGED] with [non-null]:RcsEngineImpl reference [CONTEXT log_prefix="RcsEngineImpl[DUAL_REG]:[16822a33-62db]>Handler" thread_id=64 ]
07-01 10:09:21.847  5429  5467 I BugleRcsEngine: Connected state: [1], networkType: [WIFI] [CONTEXT thread_id=63 ]
07-01 10:09:21.848   692   866 D ConnectivityService: NetReassign [no changes] [c 0] [a 0] [i 1]
07-01 10:09:21.849  1331 24223 I NearbyMediums: Wifi changed new SSID: "AndroidWifi"
07-01 10:09:21.849  1331 24223 I NearbyMediums: WifiLanConnectivityInfo is not changed, skip notify.
07-01 10:09:21.851  5429  5471 I BugleRcsEngine: No RCS Configuration was found in Bugle for simID: redacted-pii:sim_id[chars:20,last3:897] [CONTEXT log_prefix="ProvisioningEngineDataRetriever" thread_id=64 ]
07-01 10:09:22.086 22578 22578 D BoundBrokerSvc: onUnbind: Intent { act=com.google.android.gms.semanticlocationhistory.service.START dat=chimera-action:/... xflg=0x4 cmp=com.google.android.gms/.chimera.GmsApiService }
07-01 10:09:22.348  1331  1331 I NearbySharing: Network state changed: NetworkState(isRestricted=false, isOnline=true, isCongested=false, isMetered=false, isWifiConnected=true)
07-01 10:09:23.623   954   954 I wpa_supplicant: wlan0: CTRL-EVENT-BEACON-LOSS 
07-01 10:09:24.849   692   892 I AdbWifiNetworkMonitor: Wi-Fi network available
07-01 10:09:24.849   692   892 I AdbWifiNetworkMonitor: Received the same Wi-Fi SSID. Ignoring.
07-01 10:09:24.852   692   860 I HalDevMgr: bestIfaceCreationProposal is null, requestIface=STA, existingIface=[name=wlan0 type=STA]
07-01 10:09:24.854  4397  4547 D WM-WorkConstraintsTrack: NetworkRequestConstraintController onCapabilitiesChanged callback
07-01 10:09:24.855  1331  1339 I NullBinder: NullBinder for android.net.action.RECOMMEND_NETWORKS triggering remote TransactionTooLargeException due to Service without Chimera impl, calling uid: 1000, calling pid: 0
07-01 10:09:24.855  1331  1339 W libbinder.Binder: Large reply transaction of 1056768 bytes, interface descriptor , function: UNKNOWN_FUNCTION_NAME, code: 1, flags: 17
07-01 10:09:24.855  5429  5471 I BugleRcsEngine: handleMessage processing message:[NOTIFY_UPTIME_IGNORE_STATE_CHANGED] with [non-null]:RcsEngineImpl reference [CONTEXT log_prefix="RcsEngineImpl[DUAL_REG]:[16822a33-62db]>Handler" thread_id=64 ]
07-01 10:09:24.856  5429  5467 I BugleRcsEngine: Connected state: [1], networkType: [WIFI] [CONTEXT thread_id=63 ]
07-01 10:09:24.857   692   866 D ConnectivityService: NetReassign [no changes] [c 0] [a 1] [i 0]
07-01 10:09:24.857  1331 24223 I NearbyMediums: Wifi changed new SSID: "AndroidWifi"
07-01 10:09:24.857  1331 24223 I NearbyMediums: WifiLanConnectivityInfo is not changed, skip notify.
07-01 10:09:24.859  5429  5471 I BugleRcsEngine: No RCS Configuration was found in Bugle for simID: redacted-pii:sim_id[chars:20,last3:897] [CONTEXT log_prefix="ProvisioningEngineDataRetriever" thread_id=64 ]
07-01 10:09:25.229  1119  1246 D SatelliteController: isInCarrierRoamingNbIotNtn: satellite is disabled
07-01 10:09:25.229  1119  1246 D SatelliteController: getCarrierRoamingNtnConnectType: Checking connect type from PLMN config for subId: 1
07-01 10:09:25.229  1119  1246 D TelephonyConfigUpdateInstallReceiver: getConfigParser: domain=satellite
07-01 10:09:25.229  1119  1246 V SatelliteController: satelliteConfigParser is not ready
07-01 10:09:25.229  1119  1246 D SatelliteController: isSatelliteAttachSupportedViaConfigupdater: return null (satelliteConfig is null)
07-01 10:09:25.229  1119  1246 D SatelliteController: getSatellitePerPlmnConfiguration: invalid subId or not supported via carrier.
07-01 10:09:25.229  1119  1246 D SatelliteController: getCarrierRoamingNtnConnectType: config: null
07-01 10:09:25.229  1119  1246 D TelephonyConfigUpdateInstallReceiver: getConfigParser: domain=satellite
07-01 10:09:25.229  1119  1246 V SatelliteController: satelliteConfigParser is not ready
07-01 10:09:25.229  1119  1246 D SatelliteController: getCarrierRoamingNtnConnectTypeViaConfigUpdater: return null (satelliteConfig is null)
07-01 10:09:25.229  1119  1246 D SatelliteController: getCarrierRoamingNtnConnectType: Falling back to global carrier config connect type: 0
07-01 10:09:25.230  1119  1246 D TelephonyConfigUpdateInstallReceiver: getConfigParser: domain=satellite
07-01 10:09:25.230  1119  1246 V SatelliteController: satelliteConfigParser is not ready
07-01 10:09:25.230  1119  1246 D SatelliteController: isSatelliteAttachSupportedViaConfigupdater: return null (satelliteConfig is null)
07-01 10:09:25.230  1119  1246 D SatelliteController: getCarrierRoamingNtnConnectType: Checking connect type from PLMN config for subId: 1
07-01 10:09:25.230  1119  1246 D TelephonyConfigUpdateInstallReceiver: getConfigParser: domain=satellite
07-01 10:09:25.230  1119  1246 V SatelliteController: satelliteConfigParser is not ready
07-01 10:09:25.230  1119  1246 D SatelliteController: isSatelliteAttachSupportedViaConfigupdater: return null (satelliteConfig is null)
07-01 10:09:25.230  1119  1246 D SatelliteController: getSatellitePerPlmnConfiguration: invalid subId or not supported via carrier.
07-01 10:09:25.230  1119  1246 D SatelliteController: getCarrierRoamingNtnConnectType: config: null
07-01 10:09:25.230  1119  1246 D TelephonyConfigUpdateInstallReceiver: getConfigParser: domain=satellite
07-01 10:09:25.230  1119  1246 V SatelliteController: satelliteConfigParser is not ready
07-01 10:09:25.230  1119  1246 D SatelliteController: getCarrierRoamingNtnConnectTypeViaConfigUpdater: return null (satelliteConfig is null)
07-01 10:09:25.230  1119  1246 D SatelliteController: getCarrierRoamingNtnConnectType: Falling back to global carrier config connect type: 0
07-01 10:09:25.230  1119  1246 D TelephonyConfigUpdateInstallReceiver: getConfigParser: domain=satellite
07-01 10:09:25.230  1119  1246 V SatelliteController: satelliteConfigParser is not ready
07-01 10:09:25.230  1119  1246 D SatelliteController: isSatelliteAttachSupportedViaConfigupdater: return null (satelliteConfig is null)
07-01 10:09:25.268   527   549 W skia    : AGTM parsing failed flags.readFromStream(s) at 159
07-01 10:09:25.268   527   549 W skia    : AGTM parsing failed flags.readFromStream(s) at 159
07-01 10:09:25.356  1331  1331 I NearbySharing: Network state changed: NetworkState(isRestricted=false, isOnline=true, isCongested=false, isMetered=false, isWifiConnected=true)
07-01 10:09:27.859   692   860 I HalDevMgr: bestIfaceCreationProposal is null, requestIface=STA, existingIface=[name=wlan0 type=STA]
07-01 10:09:30.865   692   860 I HalDevMgr: bestIfaceCreationProposal is null, requestIface=STA, existingIface=[name=wlan0 type=STA]
07-01 10:09:31.545   539   539 I adbd    : adbd service requested 'shell,v2,raw:dumpsys package com.google.android.gms'
07-01 10:09:31.558   954   954 I wpa_supplicant: wlan0: CTRL-EVENT-BEACON-LOSS 
07-01 10:09:31.696  3176  6041 I artd    : GetBestInfo: odex next to the dex file (/data/app/~~pUpe9D-hsv0lOCLmNQJGyA==/com.google.android.gms-a0e_AySruvvgbDhYG8Z6yQ==/oat/x86_64/base.odex) is kOatUpToDate with filter 'speed-profile' executable 'false'
07-01 10:09:31.697  3176  6041 I artd    : GetBestInfo: dm (/data/app/~~pUpe9D-hsv0lOCLmNQJGyA==/com.google.android.gms-a0e_AySruvvgbDhYG8Z6yQ==/split_AdsDynamite_installtime.dm) is kOatUpToDate with filter 'verify' executable 'false'
07-01 10:09:31.698  3176  6041 I artd    : GetBestInfo: odex next to the dex file (/data/app/~~pUpe9D-hsv0lOCLmNQJGyA==/com.google.android.gms-a0e_AySruvvgbDhYG8Z6yQ==/oat/x86_64/split_CronetDynamite_installtime.odex) is kOatUpToDate with filter 'speed-profile' executable 'false'
07-01 10:09:31.700  3176  6041 I artd    : GetBestInfo: dm (/data/app/~~pUpe9D-hsv0lOCLmNQJGyA==/com.google.android.gms-a0e_AySruvvgbDhYG8Z6yQ==/split_DynamiteLoader_installtime.dm) is kOatUpToDate with filter 'verify' executable 'false'
07-01 10:09:31.701  3176  6041 I artd    : GetBestInfo: dm (/data/app/~~pUpe9D-hsv0lOCLmNQJGyA==/com.google.android.gms-a0e_AySruvvgbDhYG8Z6yQ==/split_DynamiteModulesA_installtime.dm) is kOatUpToDate with filter 'verify' executable 'false'
07-01 10:09:31.703  3176  6041 I artd    : GetBestInfo: dm (/data/app/~~pUpe9D-hsv0lOCLmNQJGyA==/com.google.android.gms-a0e_AySruvvgbDhYG8Z6yQ==/split_DynamiteModulesC_installtime.dm) is kOatUpToDate with filter 'verify' executable 'false'
07-01 10:09:31.704  3176  6041 I artd    : GetBestInfo: dm (/data/app/~~pUpe9D-hsv0lOCLmNQJGyA==/com.google.android.gms-a0e_AySruvvgbDhYG8Z6yQ==/split_GoogleCertificates_installtime.dm) is kOatUpToDate with filter 'verify' executable 'false'
07-01 10:09:31.706  3176  6041 I artd    : GetBestInfo: dm (/data/app/~~pUpe9D-hsv0lOCLmNQJGyA==/com.google.android.gms-a0e_AySruvvgbDhYG8Z6yQ==/split_MapsDynamite_installtime.dm) is kOatUpToDate with filter 'verify' executable 'false'
07-01 10:09:31.706  3176  6041 I artd    : GetBestInfo: dm (/data/app/~~pUpe9D-hsv0lOCLmNQJGyA==/com.google.android.gms-a0e_AySruvvgbDhYG8Z6yQ==/split_MeasurementDynamite_installtime.dm) is kOatUpToDate with filter 'verify' executable 'false'
07-01 10:09:31.707  3176  6041 I artd    : GetBestInfo: /data/user_de/0/com.google.android.gms/app_chimera/m/0000000e/dl-IdentityCredentialsPlatform.optional_262031100800.apk has no usable artifacts
07-01 10:09:31.708  3176  6041 I artd    : GetBestInfo: /data/user_de/0/com.google.android.gms/app_chimera/m/00000001/CronetDynamite.apk has no usable artifacts
07-01 10:09:31.709  3176  6041 I artd    : GetBestInfo: /data/user_de/0/com.google.android.gms/app_chimera/m/00000013/dl-TfliteDynamiteDynamite.integ_252130102100800.apk has no usable artifacts
07-01 10:09:31.709  3176  6041 I artd    : GetBestInfo: /data/user_de/0/com.google.android.gms/app_chimera/m/00000002/DynamiteLoader.apk has no usable artifacts
07-01 10:09:31.710  3176  6041 I artd    : GetBestInfo: /data/user_de/0/com.google.android.gms/app_chimera/m/0000000c/dl-IdentityCredentialsPlatform.optional_261136100800.apk has no usable artifacts
07-01 10:09:31.711  3176  6041 I artd    : GetBestInfo: /data/user_de/0/com.google.android.gms/app_chimera/m/00000005/GoogleCertificates.apk has no usable artifacts
07-01 10:09:31.712  3176  6041 I artd    : GetBestInfo: /data/user_de/0/com.google.android.gms/app_chimera/m/0000000a/dl-TfliteDynamiteDynamite.integ_260580502100800.apk has no usable artifacts
07-01 10:09:31.713  3176  6041 I artd    : GetBestInfo: /data/user_de/0/com.google.android.gms/app_chimera/m/00000016/dl-PlayCloudSearch.optional_262031100000.apk has no usable artifacts
07-01 10:09:31.715  3176  6041 I artd    : GetBestInfo: /data/user_de/0/com.google.android.gms/app_chimera/m/00000014/dl-MlkitOcrCommon.optional_262031100800.apk has no usable artifacts
07-01 10:09:31.716  3176  6041 I artd    : GetBestInfo: /data/user_de/0/com.google.android.gms/app_chimera/m/00000008/dl-VisionOcr.optional_261136100000.apk has no usable artifacts
07-01 10:09:31.717  3176  6041 I artd    : GetBestInfo: /data/user_de/0/com.google.android.gms/app_chimera/m/00000010/dl-Appsearch.optional_262031100800.apk has no usable artifacts
07-01 10:09:31.719  3176  6041 I artd    : GetBestInfo: /data/user_de/0/com.google.android.gms/app_chimera/m/0000000b/dl-Appsearch.optional_261136100800.apk has no usable artifacts
07-01 10:09:31.721  3176  6041 I artd    : GetBestInfo: vdex next to the dex file (/data/user/0/com.google.android.gms/app_dg_cache/9BCBC14EE674B00B958D4B0C5B4BD883630AA39E/oat/x86_64/the.vdex) is kOatUpToDate with filter 'verify' executable 'false'
07-01 10:09:31.722  3176  6041 I artd    : GetBestInfo: /data/user_de/0/com.google.android.gms/app_chimera/m/00000009/dl-MlkitOcrCommon.optional_261136100800.apk has no usable artifacts
07-01 10:09:31.723  3176  6041 I artd    : GetBestInfo: /data/user/0/com.google.android.gms/app_dg_cache/22DA9D7AD8ED7504E0CAC64C41ECDBD7068924E0/the.apk has no usable artifacts
07-01 10:09:31.725  3176  6041 I artd    : GetBestInfo: vdex next to the dex file (/data/user/0/com.google.android.gms/app_dg_cache/FEE57AEA14526BE59FD8AB1365237E7B7A5CE7CB/oat/x86_64/the.vdex) is kOatUpToDate with filter 'verify' executable 'false'
07-01 10:09:31.726  3176  6041 I artd    : GetBestInfo: vdex next to the dex file (/data/user/0/com.google.android.gms/app_dg_cache/1C62BDE86218FBAA50DF06C4A79F5C3FE74B69EC/oat/x86_64/the.vdex) is kOatUpToDate with filter 'verify' executable 'false'
07-01 10:09:31.727  3176  6041 I artd    : GetBestInfo: /data/user_de/0/com.google.android.gms/app_chimera/m/0000000f/dl-VisionOcr.optional_262031100000.apk has no usable artifacts
07-01 10:09:31.728  3176  6041 I artd    : GetBestInfo: /data/user_de/0/com.google.android.gms/app_chimera/m/00000015/dl-MlkitBarcodeUi.optional_262031100800.apk has no usable artifacts
07-01 10:09:31.730  3176  6041 I artd    : GetBestInfo: /data/user_de/0/com.google.android.gms/app_chimera/m/00000007/MeasurementDynamite.apk has no usable artifacts
07-01 10:09:32.141   692   800 D ActivityManager: freezing 22578 com.google.android.gms
07-01 10:09:33.872   692   892 I AdbWifiNetworkMonitor: Wi-Fi network available
07-01 10:09:33.872   692   892 I AdbWifiNetworkMonitor: Received the same Wi-Fi SSID. Ignoring.
07-01 10:09:33.874   692   860 I HalDevMgr: bestIfaceCreationProposal is null, requestIface=STA, existingIface=[name=wlan0 type=STA]
07-01 10:09:33.875  4397  4547 D WM-WorkConstraintsTrack: NetworkRequestConstraintController onCapabilitiesChanged callback
07-01 10:09:33.875   692   866 W libbinder.IPCThreadState: Sending oneway calls to frozen process.
07-01 10:09:33.875   692   866 W libbinder.IPCThreadState: Sending oneway calls to frozen process.
07-01 10:09:33.875   692   866 W libbinder.IPCThreadState: Sending oneway calls to frozen process.
07-01 10:09:33.876  5429  5471 I BugleRcsEngine: handleMessage processing message:[NOTIFY_UPTIME_IGNORE_STATE_CHANGED] with [non-null]:RcsEngineImpl reference [CONTEXT log_prefix="RcsEngineImpl[DUAL_REG]:[16822a33-62db]>Handler" thread_id=64 ]
07-01 10:09:33.876  5429  5467 I BugleRcsEngine: Connected state: [1], networkType: [WIFI] [CONTEXT thread_id=63 ]
07-01 10:09:33.877   692   866 D ConnectivityService: NetReassign [no changes] [c 0] [a 1] [i 1]
07-01 10:09:33.877  1331  2351 I NullBinder: NullBinder for android.net.action.RECOMMEND_NETWORKS triggering remote TransactionTooLargeException due to Service without Chimera impl, calling uid: 1000, calling pid: 0
07-01 10:09:33.877  1331  2351 W libbinder.Binder: Large reply transaction of 1056768 bytes, interface descriptor , function: UNKNOWN_FUNCTION_NAME, code: 1, flags: 17
07-01 10:09:33.878  1331 24223 I NearbyMediums: Wifi changed new SSID: "AndroidWifi"
07-01 10:09:33.878  1331 24223 I NearbyMediums: WifiLanConnectivityInfo is not changed, skip notify.
07-01 10:09:33.880  5429  5471 I BugleRcsEngine: No RCS Configuration was found in Bugle for simID: redacted-pii:sim_id[chars:20,last3:897] [CONTEXT log_prefix="ProvisioningEngineDataRetriever" thread_id=64 ]
07-01 10:09:34.378  1331  1331 I NearbySharing: Network state changed: NetworkState(isRestricted=false, isOnline=true, isCongested=false, isMetered=false, isWifiConnected=true)
07-01 10:09:35.229  1119  1246 D SatelliteController: isInCarrierRoamingNbIotNtn: satellite is disabled
07-01 10:09:35.229  1119  1246 D SatelliteController: getCarrierRoamingNtnConnectType: Checking connect type from PLMN config for subId: 1
07-01 10:09:35.229  1119  1246 D TelephonyConfigUpdateInstallReceiver: getConfigParser: domain=satellite
07-01 10:09:35.229  1119  1246 V SatelliteController: satelliteConfigParser is not ready
07-01 10:09:35.229  1119  1246 D SatelliteController: isSatelliteAttachSupportedViaConfigupdater: return null (satelliteConfig is null)
07-01 10:09:35.229  1119  1246 D SatelliteController: getSatellitePerPlmnConfiguration: invalid subId or not supported via carrier.
07-01 10:09:35.229  1119  1246 D SatelliteController: getCarrierRoamingNtnConnectType: config: null
07-01 10:09:35.229  1119  1246 D TelephonyConfigUpdateInstallReceiver: getConfigParser: domain=satellite
07-01 10:09:35.229  1119  1246 V SatelliteController: satelliteConfigParser is not ready
07-01 10:09:35.229  1119  1246 D SatelliteController: getCarrierRoamingNtnConnectTypeViaConfigUpdater: return null (satelliteConfig is null)
07-01 10:09:35.229  1119  1246 D SatelliteController: getCarrierRoamingNtnConnectType: Falling back to global carrier config connect type: 0
07-01 10:09:35.229  1119  1246 D TelephonyConfigUpdateInstallReceiver: getConfigParser: domain=satellite
07-01 10:09:35.229  1119  1246 V SatelliteController: satelliteConfigParser is not ready
07-01 10:09:35.229  1119  1246 D SatelliteController: isSatelliteAttachSupportedViaConfigupdater: return null (satelliteConfig is null)
07-01 10:09:35.230  1119  1246 D SatelliteController: getCarrierRoamingNtnConnectType: Checking connect type from PLMN config for subId: 1
07-01 10:09:35.230  1119  1246 D TelephonyConfigUpdateInstallReceiver: getConfigParser: domain=satellite
07-01 10:09:35.230  1119  1246 V SatelliteController: satelliteConfigParser is not ready
07-01 10:09:35.230  1119  1246 D SatelliteController: isSatelliteAttachSupportedViaConfigupdater: return null (satelliteConfig is null)
07-01 10:09:35.230  1119  1246 D SatelliteController: getSatellitePerPlmnConfiguration: invalid subId or not supported via carrier.
07-01 10:09:35.230  1119  1246 D SatelliteController: getCarrierRoamingNtnConnectType: config: null
07-01 10:09:35.230  1119  1246 D TelephonyConfigUpdateInstallReceiver: getConfigParser: domain=satellite
07-01 10:09:35.230  1119  1246 V SatelliteController: satelliteConfigParser is not ready
07-01 10:09:35.230  1119  1246 D SatelliteController: getCarrierRoamingNtnConnectTypeViaConfigUpdater: return null (satelliteConfig is null)
07-01 10:09:35.230  1119  1246 D SatelliteController: getCarrierRoamingNtnConnectType: Falling back to global carrier config connect type: 0
07-01 10:09:35.230  1119  1246 D TelephonyConfigUpdateInstallReceiver: getConfigParser: domain=satellite
07-01 10:09:35.230  1119  1246 V SatelliteController: satelliteConfigParser is not ready
07-01 10:09:35.230  1119  1246 D SatelliteController: isSatelliteAttachSupportedViaConfigupdater: return null (satelliteConfig is null)
07-01 10:09:36.882   692   860 I HalDevMgr: bestIfaceCreationProposal is null, requestIface=STA, existingIface=[name=wlan0 type=STA]
07-01 10:09:39.495   954   954 I wpa_supplicant: wlan0: CTRL-EVENT-BEACON-LOSS 
07-01 10:09:39.887   692   892 I AdbWifiNetworkMonitor: Wi-Fi network available
07-01 10:09:39.887   692   892 I AdbWifiNetworkMonitor: Received the same Wi-Fi SSID. Ignoring.
07-01 10:09:39.888   692   860 I HalDevMgr: bestIfaceCreationProposal is null, requestIface=STA, existingIface=[name=wlan0 type=STA]
07-01 10:09:39.891  1331  1339 I NullBinder: NullBinder for android.net.action.RECOMMEND_NETWORKS triggering remote TransactionTooLargeException due to Service without Chimera impl, calling uid: 1000, calling pid: 0
07-01 10:09:39.891  1331  1339 W libbinder.Binder: Large reply transaction of 1056768 bytes, interface descriptor , function: UNKNOWN_FUNCTION_NAME, code: 1, flags: 17
07-01 10:09:39.892   692   866 W libbinder.IPCThreadState: Sending oneway calls to frozen process.
07-01 10:09:39.893   692   866 W libbinder.IPCThreadState: Sending oneway calls to frozen process.
07-01 10:09:39.893   692   866 W libbinder.IPCThreadState: Sending oneway calls to frozen process.
07-01 10:09:39.893  5429  5467 I BugleRcsEngine: Connected state: [1], networkType: [WIFI] [CONTEXT thread_id=63 ]
07-01 10:09:39.893  4397  4547 D WM-WorkConstraintsTrack: NetworkRequestConstraintController onCapabilitiesChanged callback
07-01 10:09:39.894  5429  5471 I BugleRcsEngine: handleMessage processing message:[NOTIFY_UPTIME_IGNORE_STATE_CHANGED] with [non-null]:RcsEngineImpl reference [CONTEXT log_prefix="RcsEngineImpl[DUAL_REG]:[16822a33-62db]>Handler" thread_id=64 ]
07-01 10:09:39.894   692   866 D ConnectivityService: NetReassign [no changes] [c 0] [a 1] [i 0]
07-01 10:09:39.895  1331 24223 I NearbyMediums: Wifi changed new SSID: "AndroidWifi"
07-01 10:09:39.895  1331 24223 I NearbyMediums: WifiLanConnectivityInfo is not changed, skip notify.
07-01 10:09:39.897  5429  5471 I BugleRcsEngine: No RCS Configuration was found in Bugle for simID: redacted-pii:sim_id[chars:20,last3:897] [CONTEXT log_prefix="ProvisioningEngineDataRetriever" thread_id=64 ]
07-01 10:09:40.394  1331  1331 I NearbySharing: Network state changed: NetworkState(isRestricted=false, isOnline=true, isCongested=false, isMetered=false, isWifiConnected=true)
07-01 10:09:41.544   539   539 I adbd    : adbd service requested 'shell,v2,raw:dumpsys package com.google.android.gms'
07-01 10:09:41.692  3176  6041 I artd    : GetBestInfo: odex next to the dex file (/data/app/~~pUpe9D-hsv0lOCLmNQJGyA==/com.google.android.gms-a0e_AySruvvgbDhYG8Z6yQ==/oat/x86_64/base.odex) is kOatUpToDate with filter 'speed-profile' executable 'false'
07-01 10:09:41.694  3176  6041 I artd    : GetBestInfo: dm (/data/app/~~pUpe9D-hsv0lOCLmNQJGyA==/com.google.android.gms-a0e_AySruvvgbDhYG8Z6yQ==/split_AdsDynamite_installtime.dm) is kOatUpToDate with filter 'verify' executable 'false'
07-01 10:09:41.695  3176  6041 I artd    : GetBestInfo: odex next to the dex file (/data/app/~~pUpe9D-hsv0lOCLmNQJGyA==/com.google.android.gms-a0e_AySruvvgbDhYG8Z6yQ==/oat/x86_64/split_CronetDynamite_installtime.odex) is kOatUpToDate with filter 'speed-profile' executable 'false'
07-01 10:09:41.697  3176  6041 I artd    : GetBestInfo: dm (/data/app/~~pUpe9D-hsv0lOCLmNQJGyA==/com.google.android.gms-a0e_AySruvvgbDhYG8Z6yQ==/split_DynamiteLoader_installtime.dm) is kOatUpToDate with filter 'verify' executable 'false'
07-01 10:09:41.698  3176  6041 I artd    : GetBestInfo: dm (/data/app/~~pUpe9D-hsv0lOCLmNQJGyA==/com.google.android.gms-a0e_AySruvvgbDhYG8Z6yQ==/split_DynamiteModulesA_installtime.dm) is kOatUpToDate with filter 'verify' executable 'false'
07-01 10:09:41.699  3176  6041 I artd    : GetBestInfo: dm (/data/app/~~pUpe9D-hsv0lOCLmNQJGyA==/com.google.android.gms-a0e_AySruvvgbDhYG8Z6yQ==/split_DynamiteModulesC_installtime.dm) is kOatUpToDate with filter 'verify' executable 'false'
07-01 10:09:41.701  3176  6041 I artd    : GetBestInfo: dm (/data/app/~~pUpe9D-hsv0lOCLmNQJGyA==/com.google.android.gms-a0e_AySruvvgbDhYG8Z6yQ==/split_GoogleCertificates_installtime.dm) is kOatUpToDate with filter 'verify' executable 'false'
07-01 10:09:41.702  3176  6041 I artd    : GetBestInfo: dm (/data/app/~~pUpe9D-hsv0lOCLmNQJGyA==/com.google.android.gms-a0e_AySruvvgbDhYG8Z6yQ==/split_MapsDynamite_installtime.dm) is kOatUpToDate with filter 'verify' executable 'false'
07-01 10:09:41.703  3176  6041 I artd    : GetBestInfo: dm (/data/app/~~pUpe9D-hsv0lOCLmNQJGyA==/com.google.android.gms-a0e_AySruvvgbDhYG8Z6yQ==/split_MeasurementDynamite_installtime.dm) is kOatUpToDate with filter 'verify' executable 'false'
07-01 10:09:41.704  3176  6041 I artd    : GetBestInfo: /data/user_de/0/com.google.android.gms/app_chimera/m/0000000e/dl-IdentityCredentialsPlatform.optional_262031100800.apk has no usable artifacts
07-01 10:09:41.704  3176  6041 I artd    : GetBestInfo: /data/user_de/0/com.google.android.gms/app_chimera/m/00000001/CronetDynamite.apk has no usable artifacts
07-01 10:09:41.705  3176  6041 I artd    : GetBestInfo: /data/user_de/0/com.google.android.gms/app_chimera/m/00000013/dl-TfliteDynamiteDynamite.integ_252130102100800.apk has no usable artifacts
07-01 10:09:41.706  3176  6041 I artd    : GetBestInfo: /data/user_de/0/com.google.android.gms/app_chimera/m/00000002/DynamiteLoader.apk has no usable artifacts
07-01 10:09:41.707  3176  6041 I artd    : GetBestInfo: /data/user_de/0/com.google.android.gms/app_chimera/m/0000000c/dl-IdentityCredentialsPlatform.optional_261136100800.apk has no usable artifacts
07-01 10:09:41.707  3176  6041 I artd    : GetBestInfo: /data/user_de/0/com.google.android.gms/app_chimera/m/00000005/GoogleCertificates.apk has no usable artifacts
07-01 10:09:41.708  3176  6041 I artd    : GetBestInfo: /data/user_de/0/com.google.android.gms/app_chimera/m/0000000a/dl-TfliteDynamiteDynamite.integ_260580502100800.apk has no usable artifacts
07-01 10:09:41.709  3176  6041 I artd    : GetBestInfo: /data/user_de/0/com.google.android.gms/app_chimera/m/00000016/dl-PlayCloudSearch.optional_262031100000.apk has no usable artifacts
07-01 10:09:41.710  3176  6041 I artd    : GetBestInfo: /data/user_de/0/com.google.android.gms/app_chimera/m/00000014/dl-MlkitOcrCommon.optional_262031100800.apk has no usable artifacts
07-01 10:09:41.712  3176  6041 I artd    : GetBestInfo: /data/user_de/0/com.google.android.gms/app_chimera/m/00000008/dl-VisionOcr.optional_261136100000.apk has no usable artifacts
07-01 10:09:41.713  3176  6041 I artd    : GetBestInfo: /data/user_de/0/com.google.android.gms/app_chimera/m/00000010/dl-Appsearch.optional_262031100800.apk has no usable artifacts
07-01 10:09:41.714  3176  6041 I artd    : GetBestInfo: /data/user_de/0/com.google.android.gms/app_chimera/m/0000000b/dl-Appsearch.optional_261136100800.apk has no usable artifacts
07-01 10:09:41.716  3176  6041 I artd    : GetBestInfo: vdex next to the dex file (/data/user/0/com.google.android.gms/app_dg_cache/9BCBC14EE674B00B958D4B0C5B4BD883630AA39E/oat/x86_64/the.vdex) is kOatUpToDate with filter 'verify' executable 'false'
07-01 10:09:41.717  3176  6041 I artd    : GetBestInfo: /data/user_de/0/com.google.android.gms/app_chimera/m/00000009/dl-MlkitOcrCommon.optional_261136100800.apk has no usable artifacts
07-01 10:09:41.718  3176  6041 I artd    : GetBestInfo: /data/user/0/com.google.android.gms/app_dg_cache/22DA9D7AD8ED7504E0CAC64C41ECDBD7068924E0/the.apk has no usable artifacts
07-01 10:09:41.720  3176  6041 I artd    : GetBestInfo: vdex next to the dex file (/data/user/0/com.google.android.gms/app_dg_cache/FEE57AEA14526BE59FD8AB1365237E7B7A5CE7CB/oat/x86_64/the.vdex) is kOatUpToDate with filter 'verify' executable 'false'
07-01 10:09:41.721  3176  6041 I artd    : GetBestInfo: vdex next to the dex file (/data/user/0/com.google.android.gms/app_dg_cache/1C62BDE86218FBAA50DF06C4A79F5C3FE74B69EC/oat/x86_64/the.vdex) is kOatUpToDate with filter 'verify' executable 'false'
07-01 10:09:41.722  3176  6041 I artd    : GetBestInfo: /data/user_de/0/com.google.android.gms/app_chimera/m/0000000f/dl-VisionOcr.optional_262031100000.apk has no usable artifacts
07-01 10:09:41.723  3176  6041 I artd    : GetBestInfo: /data/user_de/0/com.google.android.gms/app_chimera/m/00000015/dl-MlkitBarcodeUi.optional_262031100800.apk has no usable artifacts
07-01 10:09:41.725  3176  6041 I artd    : GetBestInfo: /data/user_de/0/com.google.android.gms/app_chimera/m/00000007/MeasurementDynamite.apk has no usable artifacts
07-01 10:09:42.895   692   860 I HalDevMgr: bestIfaceCreationProposal is null, requestIface=STA, existingIface=[name=wlan0 type=STA]
07-01 10:09:45.229  1119  1246 D SatelliteController: isInCarrierRoamingNbIotNtn: satellite is disabled
07-01 10:09:45.229  1119  1246 D SatelliteController: getCarrierRoamingNtnConnectType: Checking connect type from PLMN config for subId: 1
07-01 10:09:45.229  1119  1246 D TelephonyConfigUpdateInstallReceiver: getConfigParser: domain=satellite
07-01 10:09:45.229  1119  1246 V SatelliteController: satelliteConfigParser is not ready
07-01 10:09:45.229  1119  1246 D SatelliteController: isSatelliteAttachSupportedViaConfigupdater: return null (satelliteConfig is null)
07-01 10:09:45.229  1119  1246 D SatelliteController: getSatellitePerPlmnConfiguration: invalid subId or not supported via carrier.
07-01 10:09:45.229  1119  1246 D SatelliteController: getCarrierRoamingNtnConnectType: config: null
07-01 10:09:45.229  1119  1246 D TelephonyConfigUpdateInstallReceiver: getConfigParser: domain=satellite
07-01 10:09:45.229  1119  1246 V SatelliteController: satelliteConfigParser is not ready
07-01 10:09:45.229  1119  1246 D SatelliteController: getCarrierRoamingNtnConnectTypeViaConfigUpdater: return null (satelliteConfig is null)
07-01 10:09:45.230  1119  1246 D SatelliteController: getCarrierRoamingNtnConnectType: Falling back to global carrier config connect type: 0
07-01 10:09:45.230  1119  1246 D TelephonyConfigUpdateInstallReceiver: getConfigParser: domain=satellite
07-01 10:09:45.230  1119  1246 V SatelliteController: satelliteConfigParser is not ready
07-01 10:09:45.230  1119  1246 D SatelliteController: isSatelliteAttachSupportedViaConfigupdater: return null (satelliteConfig is null)
07-01 10:09:45.230  1119  1246 D SatelliteController: getCarrierRoamingNtnConnectType: Checking connect type from PLMN config for subId: 1
07-01 10:09:45.230  1119  1246 D TelephonyConfigUpdateInstallReceiver: getConfigParser: domain=satellite
07-01 10:09:45.230  1119  1246 V SatelliteController: satelliteConfigParser is not ready
07-01 10:09:45.230  1119  1246 D SatelliteController: isSatelliteAttachSupportedViaConfigupdater: return null (satelliteConfig is null)
07-01 10:09:45.231  1119  1246 D SatelliteController: getSatellitePerPlmnConfiguration: invalid subId or not supported via carrier.
07-01 10:09:45.231  1119  1246 D SatelliteController: getCarrierRoamingNtnConnectType: config: null
07-01 10:09:45.231  1119  1246 D TelephonyConfigUpdateInstallReceiver: getConfigParser: domain=satellite
07-01 10:09:45.231  1119  1246 V SatelliteController: satelliteConfigParser is not ready
07-01 10:09:45.231  1119  1246 D SatelliteController: getCarrierRoamingNtnConnectTypeViaConfigUpdater: return null (satelliteConfig is null)
07-01 10:09:45.231  1119  1246 D SatelliteController: getCarrierRoamingNtnConnectType: Falling back to global carrier config connect type: 0
07-01 10:09:45.231  1119  1246 D TelephonyConfigUpdateInstallReceiver: getConfigParser: domain=satellite
07-01 10:09:45.231  1119  1246 V SatelliteController: satelliteConfigParser is not ready
07-01 10:09:45.231  1119  1246 D SatelliteController: isSatelliteAttachSupportedViaConfigupdater: return null (satelliteConfig is null)
07-01 10:09:45.902   692   860 I HalDevMgr: bestIfaceCreationProposal is null, requestIface=STA, existingIface=[name=wlan0 type=STA]
07-01 10:09:47.686   954   954 I wpa_supplicant: wlan0: CTRL-EVENT-BEACON-LOSS 
07-01 10:09:48.906   692   892 I AdbWifiNetworkMonitor: Wi-Fi network available
07-01 10:09:48.906   692   892 I AdbWifiNetworkMonitor: Received the same Wi-Fi SSID. Ignoring.
07-01 10:09:48.906   692   860 I HalDevMgr: bestIfaceCreationProposal is null, requestIface=STA, existingIface=[name=wlan0 type=STA]
07-01 10:09:48.910  4397  4547 D WM-WorkConstraintsTrack: NetworkRequestConstraintController onCapabilitiesChanged callback
07-01 10:09:48.910  1331  2497 I NullBinder: NullBinder for android.net.action.RECOMMEND_NETWORKS triggering remote TransactionTooLargeException due to Service without Chimera impl, calling uid: 1000, calling pid: 0
07-01 10:09:48.910  1331  2497 W libbinder.Binder: Large reply transaction of 1056768 bytes, interface descriptor , function: UNKNOWN_FUNCTION_NAME, code: 1, flags: 17
07-01 10:09:48.911   692   866 W libbinder.IPCThreadState: Sending oneway calls to frozen process.
07-01 10:09:48.911   692   866 W libbinder.IPCThreadState: Sending oneway calls to frozen process.
07-01 10:09:48.911   692   866 W libbinder.IPCThreadState: Sending oneway calls to frozen process.
07-01 10:09:48.912  5429  5467 I BugleRcsEngine: Connected state: [1], networkType: [WIFI] [CONTEXT thread_id=63 ]
07-01 10:09:48.912  5429  5471 I BugleRcsEngine: handleMessage processing message:[NOTIFY_UPTIME_IGNORE_STATE_CHANGED] with [non-null]:RcsEngineImpl reference [CONTEXT log_prefix="RcsEngineImpl[DUAL_REG]:[16822a33-62db]>Handler" thread_id=64 ]
07-01 10:09:48.913   692   866 D ConnectivityService: NetReassign [no changes] [c 0] [a 0] [i 1]
07-01 10:09:48.914  1331 24223 I NearbyMediums: Wifi changed new SSID: "AndroidWifi"
07-01 10:09:48.914  1331 24223 I NearbyMediums: WifiLanConnectivityInfo is not changed, skip notify.
07-01 10:09:48.915  5429  5471 I BugleRcsEngine: No RCS Configuration was found in Bugle for simID: redacted-pii:sim_id[chars:20,last3:897] [CONTEXT log_prefix="ProvisioningEngineDataRetriever" thread_id=64 ]
07-01 10:09:49.411  1331  1331 I NearbySharing: Network state changed: NetworkState(isRestricted=false, isOnline=true, isCongested=false, isMetered=false, isWifiConnected=true)
07-01 10:09:51.548   539   539 I adbd    : adbd service requested 'shell,v2,raw:dumpsys package com.google.android.gms'
07-01 10:09:51.686  3176  6041 I artd    : GetBestInfo: odex next to the dex file (/data/app/~~pUpe9D-hsv0lOCLmNQJGyA==/com.google.android.gms-a0e_AySruvvgbDhYG8Z6yQ==/oat/x86_64/base.odex) is kOatUpToDate with filter 'speed-profile' executable 'false'
07-01 10:09:51.687  3176  6041 I artd    : GetBestInfo: dm (/data/app/~~pUpe9D-hsv0lOCLmNQJGyA==/com.google.android.gms-a0e_AySruvvgbDhYG8Z6yQ==/split_AdsDynamite_installtime.dm) is kOatUpToDate with filter 'verify' executable 'false'
07-01 10:09:51.689  3176  6041 I artd    : GetBestInfo: odex next to the dex file (/data/app/~~pUpe9D-hsv0lOCLmNQJGyA==/com.google.android.gms-a0e_AySruvvgbDhYG8Z6yQ==/oat/x86_64/split_CronetDynamite_installtime.odex) is kOatUpToDate with filter 'speed-profile' executable 'false'
07-01 10:09:51.690  3176  6041 I artd    : GetBestInfo: dm (/data/app/~~pUpe9D-hsv0lOCLmNQJGyA==/com.google.android.gms-a0e_AySruvvgbDhYG8Z6yQ==/split_DynamiteLoader_installtime.dm) is kOatUpToDate with filter 'verify' executable 'false'
07-01 10:09:51.691  3176  6041 I artd    : GetBestInfo: dm (/data/app/~~pUpe9D-hsv0lOCLmNQJGyA==/com.google.android.gms-a0e_AySruvvgbDhYG8Z6yQ==/split_DynamiteModulesA_installtime.dm) is kOatUpToDate with filter 'verify' executable 'false'
07-01 10:09:51.692  3176  6041 I artd    : GetBestInfo: dm (/data/app/~~pUpe9D-hsv0lOCLmNQJGyA==/com.google.android.gms-a0e_AySruvvgbDhYG8Z6yQ==/split_DynamiteModulesC_installtime.dm) is kOatUpToDate with filter 'verify' executable 'false'
07-01 10:09:51.694  3176  6041 I artd    : GetBestInfo: dm (/data/app/~~pUpe9D-hsv0lOCLmNQJGyA==/com.google.android.gms-a0e_AySruvvgbDhYG8Z6yQ==/split_GoogleCertificates_installtime.dm) is kOatUpToDate with filter 'verify' executable 'false'
07-01 10:09:51.695  3176  6041 I artd    : GetBestInfo: dm (/data/app/~~pUpe9D-hsv0lOCLmNQJGyA==/com.google.android.gms-a0e_AySruvvgbDhYG8Z6yQ==/split_MapsDynamite_installtime.dm) is kOatUpToDate with filter 'verify' executable 'false'
07-01 10:09:51.697  3176  6041 I artd    : GetBestInfo: dm (/data/app/~~pUpe9D-hsv0lOCLmNQJGyA==/com.google.android.gms-a0e_AySruvvgbDhYG8Z6yQ==/split_MeasurementDynamite_installtime.dm) is kOatUpToDate with filter 'verify' executable 'false'
07-01 10:09:51.698  3176  6041 I artd    : GetBestInfo: /data/user_de/0/com.google.android.gms/app_chimera/m/0000000e/dl-IdentityCredentialsPlatform.optional_262031100800.apk has no usable artifacts
07-01 10:09:51.698  3176  6041 I artd    : GetBestInfo: /data/user_de/0/com.google.android.gms/app_chimera/m/00000001/CronetDynamite.apk has no usable artifacts
07-01 10:09:51.699  3176  6041 I artd    : GetBestInfo: /data/user_de/0/com.google.android.gms/app_chimera/m/00000013/dl-TfliteDynamiteDynamite.integ_252130102100800.apk has no usable artifacts
07-01 10:09:51.700  3176  6041 I artd    : GetBestInfo: /data/user_de/0/com.google.android.gms/app_chimera/m/00000002/DynamiteLoader.apk has no usable artifacts
07-01 10:09:51.702  3176  6041 I artd    : GetBestInfo: /data/user_de/0/com.google.android.gms/app_chimera/m/0000000c/dl-IdentityCredentialsPlatform.optional_261136100800.apk has no usable artifacts
07-01 10:09:51.702  3176  6041 I artd    : GetBestInfo: /data/user_de/0/com.google.android.gms/app_chimera/m/00000005/GoogleCertificates.apk has no usable artifacts
07-01 10:09:51.704  3176  6041 I artd    : GetBestInfo: /data/user_de/0/com.google.android.gms/app_chimera/m/0000000a/dl-TfliteDynamiteDynamite.integ_260580502100800.apk has no usable artifacts
07-01 10:09:51.705  3176  6041 I artd    : GetBestInfo: /data/user_de/0/com.google.android.gms/app_chimera/m/00000016/dl-PlayCloudSearch.optional_262031100000.apk has no usable artifacts
07-01 10:09:51.706  3176  6041 I artd    : GetBestInfo: /data/user_de/0/com.google.android.gms/app_chimera/m/00000014/dl-MlkitOcrCommon.optional_262031100800.apk has no usable artifacts
07-01 10:09:51.707  3176  6041 I artd    : GetBestInfo: /data/user_de/0/com.google.android.gms/app_chimera/m/00000008/dl-VisionOcr.optional_261136100000.apk has no usable artifacts
07-01 10:09:51.708  3176  6041 I artd    : GetBestInfo: /data/user_de/0/com.google.android.gms/app_chimera/m/00000010/dl-Appsearch.optional_262031100800.apk has no usable artifacts
07-01 10:09:51.709  3176  6041 I artd    : GetBestInfo: /data/user_de/0/com.google.android.gms/app_chimera/m/0000000b/dl-Appsearch.optional_261136100800.apk has no usable artifacts
07-01 10:09:51.710  3176  6041 I artd    : GetBestInfo: vdex next to the dex file (/data/user/0/com.google.android.gms/app_dg_cache/9BCBC14EE674B00B958D4B0C5B4BD883630AA39E/oat/x86_64/the.vdex) is kOatUpToDate with filter 'verify' executable 'false'
07-01 10:09:51.711  3176  6041 I artd    : GetBestInfo: /data/user_de/0/com.google.android.gms/app_chimera/m/00000009/dl-MlkitOcrCommon.optional_261136100800.apk has no usable artifacts
07-01 10:09:51.713  3176  6041 I artd    : GetBestInfo: /data/user/0/com.google.android.gms/app_dg_cache/22DA9D7AD8ED7504E0CAC64C41ECDBD7068924E0/the.apk has no usable artifacts
07-01 10:09:51.714  3176  6041 I artd    : GetBestInfo: vdex next to the dex file (/data/user/0/com.google.android.gms/app_dg_cache/FEE57AEA14526BE59FD8AB1365237E7B7A5CE7CB/oat/x86_64/the.vdex) is kOatUpToDate with filter 'verify' executable 'false'
07-01 10:09:51.715  3176  6041 I artd    : GetBestInfo: vdex next to the dex file (/data/user/0/com.google.android.gms/app_dg_cache/1C62BDE86218FBAA50DF06C4A79F5C3FE74B69EC/oat/x86_64/the.vdex) is kOatUpToDate with filter 'verify' executable 'false'
07-01 10:09:51.716  3176  6041 I artd    : GetBestInfo: /data/user_de/0/com.google.android.gms/app_chimera/m/0000000f/dl-VisionOcr.optional_262031100000.apk has no usable artifacts
07-01 10:09:51.718  3176  6041 I artd    : GetBestInfo: /data/user_de/0/com.google.android.gms/app_chimera/m/00000015/dl-MlkitBarcodeUi.optional_262031100800.apk has no usable artifacts
07-01 10:09:51.718  3176  6041 I artd    : GetBestInfo: /data/user_de/0/com.google.android.gms/app_chimera/m/00000007/MeasurementDynamite.apk has no usable artifacts
07-01 10:09:51.768   692   702 I system_server: Background young concurrent mark compact GC freed 23MB AllocSpace bytes, 4(128KB) LOS objects, 36% free, 41MB/65MB, paused 1.602ms,20.422ms total 35.406ms
07-01 10:09:51.914   692   860 I HalDevMgr: bestIfaceCreationProposal is null, requestIface=STA, existingIface=[name=wlan0 type=STA]
07-01 10:09:54.922   692   860 I HalDevMgr: bestIfaceCreationProposal is null, requestIface=STA, existingIface=[name=wlan0 type=STA]
07-01 10:09:55.229  1119  1246 D SatelliteController: isInCarrierRoamingNbIotNtn: satellite is disabled
07-01 10:09:55.229  1119  1246 D SatelliteController: getCarrierRoamingNtnConnectType: Checking connect type from PLMN config for subId: 1
07-01 10:09:55.229  1119  1246 D TelephonyConfigUpdateInstallReceiver: getConfigParser: domain=satellite
07-01 10:09:55.229  1119  1246 V SatelliteController: satelliteConfigParser is not ready
07-01 10:09:55.229  1119  1246 D SatelliteController: isSatelliteAttachSupportedViaConfigupdater: return null (satelliteConfig is null)
07-01 10:09:55.229  1119  1246 D SatelliteController: getSatellitePerPlmnConfiguration: invalid subId or not supported via carrier.
07-01 10:09:55.229  1119  1246 D SatelliteController: getCarrierRoamingNtnConnectType: config: null
07-01 10:09:55.230  1119  1246 D TelephonyConfigUpdateInstallReceiver: getConfigParser: domain=satellite
07-01 10:09:55.230  1119  1246 V SatelliteController: satelliteConfigParser is not ready
07-01 10:09:55.230  1119  1246 D SatelliteController: getCarrierRoamingNtnConnectTypeViaConfigUpdater: return null (satelliteConfig is null)
07-01 10:09:55.231  1119  1246 D SatelliteController: getCarrierRoamingNtnConnectType: Falling back to global carrier config connect type: 0
07-01 10:09:55.231  1119  1246 D TelephonyConfigUpdateInstallReceiver: getConfigParser: domain=satellite
07-01 10:09:55.231  1119  1246 V SatelliteController: satelliteConfigParser is not ready
07-01 10:09:55.231  1119  1246 D SatelliteController: isSatelliteAttachSupportedViaConfigupdater: return null (satelliteConfig is null)
07-01 10:09:55.231  1119  1246 D SatelliteController: getCarrierRoamingNtnConnectType: Checking connect type from PLMN config for subId: 1
07-01 10:09:55.231  1119  1246 D TelephonyConfigUpdateInstallReceiver: getConfigParser: domain=satellite
07-01 10:09:55.231  1119  1246 V SatelliteController: satelliteConfigParser is not ready
07-01 10:09:55.231  1119  1246 D SatelliteController: isSatelliteAttachSupportedViaConfigupdater: return null (satelliteConfig is null)
07-01 10:09:55.231  1119  1246 D SatelliteController: getSatellitePerPlmnConfiguration: invalid subId or not supported via carrier.
07-01 10:09:55.231  1119  1246 D SatelliteController: getCarrierRoamingNtnConnectType: config: null
07-01 10:09:55.231  1119  1246 D TelephonyConfigUpdateInstallReceiver: getConfigParser: domain=satellite
07-01 10:09:55.231  1119  1246 V SatelliteController: satelliteConfigParser is not ready
07-01 10:09:55.231  1119  1246 D SatelliteController: getCarrierRoamingNtnConnectTypeViaConfigUpdater: return null (satelliteConfig is null)
07-01 10:09:55.231  1119  1246 D SatelliteController: getCarrierRoamingNtnConnectType: Falling back to global carrier config connect type: 0
07-01 10:09:55.231  1119  1246 D TelephonyConfigUpdateInstallReceiver: getConfigParser: domain=satellite
07-01 10:09:55.231  1119  1246 V SatelliteController: satelliteConfigParser is not ready
07-01 10:09:55.232  1119  1246 D SatelliteController: isSatelliteAttachSupportedViaConfigupdater: return null (satelliteConfig is null)
07-01 10:09:55.612   692   864 E Nl80211Native: getChannelsMhzForBand: Wiphy index not recorded for band 8
07-01 10:09:55.612   692   864 E Nl80211Native: getChannelsMhzForBand: Wiphy index not recorded for band 16
07-01 10:09:55.612   692   864 D Nl80211Native: Ignoring unsupported scan type 2
07-01 10:09:55.612   692   864 I Nl80211Proxy: Sending Nl80211 message: GenericNetlinkMsg{ nlHeader{StructNlMsgHdr{ nlmsg_len{56}, nlmsg_type{30()}, nlmsg_flags{5(NLM_F_REQUEST|NLM_F_ACK)}, nlmsg_seq{273}, nlmsg_pid{0} }}, genNlHeader{StructGenNlMsgHdr{ command{33}, version{1}, reserved{0} }}, attributes{[StructNlAttr{ nla_len{8}, nla_type{-32723}, nla_value{04000000}, }, StructNlAttr{ nla_len{8}, nla_type{3}, nla_value{10000000}, }, StructNlAttr{ nla_len{12}, nla_type{-32724}, nla_value{080000008F090000}, }, StructNlAttr{ nla_len{8}, nla_type{158}, nla_value{00000000}, }]} }
07-01 10:09:55.613   692   864 I Nl80211Proxy: Received NLMSG_ERROR with error 0 for message GenericNetlinkMsg{ nlHeader{StructNlMsgHdr{ nlmsg_len{56}, nlmsg_type{30()}, nlmsg_flags{5(NLM_F_REQUEST|NLM_F_ACK)}, nlmsg_seq{273}, nlmsg_pid{0} }}, genNlHeader{StructGenNlMsgHdr{ command{33}, version{1}, reserved{0} }}, attributes{[StructNlAttr{ nla_len{8}, nla_type{-32723}, nla_value{04000000}, }, StructNlAttr{ nla_len{8}, nla_type{3}, nla_value{10000000}, }, StructNlAttr{ nla_len{12}, nla_type{-32724}, nla_value{080000008F090000}, }, StructNlAttr{ nla_len{8}, nla_type{158}, nla_value{00000000}, }]} }
07-01 10:09:55.655   692   860 D WifiNative: Scan result ready event
07-01 10:09:55.655   692   864 I Nl80211Proxy: Sending Nl80211 message: GenericNetlinkMsg{ nlHeader{StructNlMsgHdr{ nlmsg_len{20}, nlmsg_type{30()}, nlmsg_flags{769(NLM_F_REQUEST|NLM_F_DUMP)}, nlmsg_seq{274}, nlmsg_pid{0} }}, genNlHeader{StructGenNlMsgHdr{ command{5}, version{1}, reserved{0} }}, attributes{[]} }
07-01 10:09:55.655   692   864 I Nl80211Proxy: Received NLMSG_DONE for message GenericNetlinkMsg{ nlHeader{StructNlMsgHdr{ nlmsg_len{20}, nlmsg_type{30()}, nlmsg_flags{769(NLM_F_REQUEST|NLM_F_DUMP)}, nlmsg_seq{274}, nlmsg_pid{0} }}, genNlHeader{StructGenNlMsgHdr{ command{5}, version{1}, reserved{0} }}, attributes{[]} }
07-01 10:09:55.656   692   864 W Nl80211Utils: Malformed NEW_INTERFACE response: missing attributes
07-01 10:09:55.656   692   864 I Nl80211Proxy: Sending Nl80211 message: GenericNetlinkMsg{ nlHeader{StructNlMsgHdr{ nlmsg_len{28}, nlmsg_type{30()}, nlmsg_flags{769(NLM_F_REQUEST|NLM_F_DUMP)}, nlmsg_seq{275}, nlmsg_pid{0} }}, genNlHeader{StructGenNlMsgHdr{ command{32}, version{1}, reserved{0} }}, attributes{[StructNlAttr{ nla_len{8}, nla_type{3}, nla_value{10000000}, }]} }
07-01 10:09:55.656   692   864 I Nl80211Proxy: Received NLMSG_DONE for message GenericNetlinkMsg{ nlHeader{StructNlMsgHdr{ nlmsg_len{28}, nlmsg_type{30()}, nlmsg_flags{769(NLM_F_REQUEST|NLM_F_DUMP)}, nlmsg_seq{275}, nlmsg_pid{0} }}, genNlHeader{StructGenNlMsgHdr{ command{32}, version{1}, reserved{0} }}, attributes{[StructNlAttr{ nla_len{8}, nla_type{3}, nla_value{10000000}, }]} }
07-01 10:09:55.657  1331  1834 I WifiScanner: onFullResults
07-01 10:09:55.657  1331  2497 I WifiScanner: onFullResults
07-01 10:09:55.659   692   860 I HalDevMgr: bestIfaceCreationProposal is null, requestIface=STA, existingIface=[name=wlan0 type=STA]
07-01 10:09:57.928   692   860 I HalDevMgr: bestIfaceCreationProposal is null, requestIface=STA, existingIface=[name=wlan0 type=STA]
07-01 10:10:00.033   527   549 W skia    : AGTM parsing failed flags.readFromStream(s) at 159
07-01 10:10:00.033   527   549 W skia    : AGTM parsing failed flags.readFromStream(s) at 159
07-01 10:10:00.936   692   860 I HalDevMgr: bestIfaceCreationProposal is null, requestIface=STA, existingIface=[name=wlan0 type=STA]
07-01 10:10:01.554   539   539 I adbd    : adbd service requested 'shell,v2,raw:dumpsys package com.google.android.gms'
07-01 10:10:01.690  3176  6041 I artd    : GetBestInfo: odex next to the dex file (/data/app/~~pUpe9D-hsv0lOCLmNQJGyA==/com.google.android.gms-a0e_AySruvvgbDhYG8Z6yQ==/oat/x86_64/base.odex) is kOatUpToDate with filter 'speed-profile' executable 'false'
07-01 10:10:01.691  3176  6041 I artd    : GetBestInfo: dm (/data/app/~~pUpe9D-hsv0lOCLmNQJGyA==/com.google.android.gms-a0e_AySruvvgbDhYG8Z6yQ==/split_AdsDynamite_installtime.dm) is kOatUpToDate with filter 'verify' executable 'false'
07-01 10:10:01.692  3176  6041 I artd    : GetBestInfo: odex next to the dex file (/data/app/~~pUpe9D-hsv0lOCLmNQJGyA==/com.google.android.gms-a0e_AySruvvgbDhYG8Z6yQ==/oat/x86_64/split_CronetDynamite_installtime.odex) is kOatUpToDate with filter 'speed-profile' executable 'false'
07-01 10:10:01.693  3176  6041 I artd    : GetBestInfo: dm (/data/app/~~pUpe9D-hsv0lOCLmNQJGyA==/com.google.android.gms-a0e_AySruvvgbDhYG8Z6yQ==/split_DynamiteLoader_installtime.dm) is kOatUpToDate with filter 'verify' executable 'false'
07-01 10:10:01.694  3176  6041 I artd    : GetBestInfo: dm (/data/app/~~pUpe9D-hsv0lOCLmNQJGyA==/com.google.android.gms-a0e_AySruvvgbDhYG8Z6yQ==/split_DynamiteModulesA_installtime.dm) is kOatUpToDate with filter 'verify' executable 'false'
07-01 10:10:01.696  3176  6041 I artd    : GetBestInfo: dm (/data/app/~~pUpe9D-hsv0lOCLmNQJGyA==/com.google.android.gms-a0e_AySruvvgbDhYG8Z6yQ==/split_DynamiteModulesC_installtime.dm) is kOatUpToDate with filter 'verify' executable 'false'
07-01 10:10:01.697  3176  6041 I artd    : GetBestInfo: dm (/data/app/~~pUpe9D-hsv0lOCLmNQJGyA==/com.google.android.gms-a0e_AySruvvgbDhYG8Z6yQ==/split_GoogleCertificates_installtime.dm) is kOatUpToDate with filter 'verify' executable 'false'
07-01 10:10:01.698  3176  6041 I artd    : GetBestInfo: dm (/data/app/~~pUpe9D-hsv0lOCLmNQJGyA==/com.google.android.gms-a0e_AySruvvgbDhYG8Z6yQ==/split_MapsDynamite_installtime.dm) is kOatUpToDate with filter 'verify' executable 'false'
07-01 10:10:01.699  3176  6041 I artd    : GetBestInfo: dm (/data/app/~~pUpe9D-hsv0lOCLmNQJGyA==/com.google.android.gms-a0e_AySruvvgbDhYG8Z6yQ==/split_MeasurementDynamite_installtime.dm) is kOatUpToDate with filter 'verify' executable 'false'
07-01 10:10:01.700  3176  6041 I artd    : GetBestInfo: /data/user_de/0/com.google.android.gms/app_chimera/m/0000000e/dl-IdentityCredentialsPlatform.optional_262031100800.apk has no usable artifacts
07-01 10:10:01.701  3176  6041 I artd    : GetBestInfo: /data/user_de/0/com.google.android.gms/app_chimera/m/00000001/CronetDynamite.apk has no usable artifacts
07-01 10:10:01.703  3176  6041 I artd    : GetBestInfo: /data/user_de/0/com.google.android.gms/app_chimera/m/00000013/dl-TfliteDynamiteDynamite.integ_252130102100800.apk has no usable artifacts
07-01 10:10:01.703  3176  6041 I artd    : GetBestInfo: /data/user_de/0/com.google.android.gms/app_chimera/m/00000002/DynamiteLoader.apk has no usable artifacts
07-01 10:10:01.705  3176  6041 I artd    : GetBestInfo: /data/user_de/0/com.google.android.gms/app_chimera/m/0000000c/dl-IdentityCredentialsPlatform.optional_261136100800.apk has no usable artifacts
07-01 10:10:01.705  3176  6041 I artd    : GetBestInfo: /data/user_de/0/com.google.android.gms/app_chimera/m/00000005/GoogleCertificates.apk has no usable artifacts
07-01 10:10:01.706  3176  6041 I artd    : GetBestInfo: /data/user_de/0/com.google.android.gms/app_chimera/m/0000000a/dl-TfliteDynamiteDynamite.integ_260580502100800.apk has no usable artifacts
07-01 10:10:01.707  3176  6041 I artd    : GetBestInfo: /data/user_de/0/com.google.android.gms/app_chimera/m/00000016/dl-PlayCloudSearch.optional_262031100000.apk has no usable artifacts
07-01 10:10:01.708  3176  6041 I artd    : GetBestInfo: /data/user_de/0/com.google.android.gms/app_chimera/m/00000014/dl-MlkitOcrCommon.optional_262031100800.apk has no usable artifacts
07-01 10:10:01.709  3176  6041 I artd    : GetBestInfo: /data/user_de/0/com.google.android.gms/app_chimera/m/00000008/dl-VisionOcr.optional_261136100000.apk has no usable artifacts
07-01 10:10:01.710  3176  6041 I artd    : GetBestInfo: /data/user_de/0/com.google.android.gms/app_chimera/m/00000010/dl-Appsearch.optional_262031100800.apk has no usable artifacts
07-01 10:10:01.711  3176  6041 I artd    : GetBestInfo: /data/user_de/0/com.google.android.gms/app_chimera/m/0000000b/dl-Appsearch.optional_261136100800.apk has no usable artifacts
07-01 10:10:01.713  3176  6041 I artd    : GetBestInfo: vdex next to the dex file (/data/user/0/com.google.android.gms/app_dg_cache/9BCBC14EE674B00B958D4B0C5B4BD883630AA39E/oat/x86_64/the.vdex) is kOatUpToDate with filter 'verify' executable 'false'
07-01 10:10:01.714  3176  6041 I artd    : GetBestInfo: /data/user_de/0/com.google.android.gms/app_chimera/m/00000009/dl-MlkitOcrCommon.optional_261136100800.apk has no usable artifacts
07-01 10:10:01.715  3176  6041 I artd    : GetBestInfo: /data/user/0/com.google.android.gms/app_dg_cache/22DA9D7AD8ED7504E0CAC64C41ECDBD7068924E0/the.apk has no usable artifacts
07-01 10:10:01.716  3176  6041 I artd    : GetBestInfo: vdex next to the dex file (/data/user/0/com.google.android.gms/app_dg_cache/FEE57AEA14526BE59FD8AB1365237E7B7A5CE7CB/oat/x86_64/the.vdex) is kOatUpToDate with filter 'verify' executable 'false'
07-01 10:10:01.718  3176  6041 I artd    : GetBestInfo: vdex next to the dex file (/data/user/0/com.google.android.gms/app_dg_cache/1C62BDE86218FBAA50DF06C4A79F5C3FE74B69EC/oat/x86_64/the.vdex) is kOatUpToDate with filter 'verify' executable 'false'
07-01 10:10:01.719  3176  6041 I artd    : GetBestInfo: /data/user_de/0/com.google.android.gms/app_chimera/m/0000000f/dl-VisionOcr.optional_262031100000.apk has no usable artifacts
07-01 10:10:01.720  3176  6041 I artd    : GetBestInfo: /data/user_de/0/com.google.android.gms/app_chimera/m/00000015/dl-MlkitBarcodeUi.optional_262031100800.apk has no usable artifacts
07-01 10:10:01.721  3176  6041 I artd    : GetBestInfo: /data/user_de/0/com.google.android.gms/app_chimera/m/00000007/MeasurementDynamite.apk has no usable artifacts
07-01 10:10:03.559   954   954 I wpa_supplicant: wlan0: CTRL-EVENT-BEACON-LOSS 
07-01 10:10:03.941   692   860 I HalDevMgr: bestIfaceCreationProposal is null, requestIface=STA, existingIface=[name=wlan0 type=STA]
07-01 10:10:05.029   539   539 I adbd    : adbd service requested 'shell,v2,TERM=xterm-256color:export ANDROID_LOG_TAGS=''; exec logcat '-d''
